IPN,Part Number,Description,Value,Symbol,Footprint,Manufacturer,Manufacturer Part Number,Suplier URL,Manufacturer Alternative,MPN Alternative,Manufacturer Alternative 2,MPN Alternative 2,Capacitance,Tolerance,Voltage,Dielectric,ESR,Ripple,Package,Height,Polarized,TempRange,Lifecycle,RoHS,Datasheet,Created By,Created On,Approved By,Approved On,Revision,Comments,Cost_1,Cost_10,Cost_100,Cost_500,Cost_1000,Cost_2500,Cost_5000
IPN_C-????,C0402_12nF_16V_±10%_X7R,CAP CER 0.012UF 16V X7R 0402,12nF 16V (X7R),Capacitors:C,Capacitor_SMD:C_0402_1005Metric,KEMET,C0402C123K4RACTU,https://www.digikey.es/es/products/detail/kemet/C0402C123K4RACTU/1090780,,,,,12nF,±10%,16V,X7R,,,,,,-55°C ~ 125°C,Activo,,,AMR,22/08/2026,,,,,,,,,,,
IPN_C-????,C0603_12nF_50V_±10%_X7R,CAP CER 0.012UF 50V X7R 0603,12nF 50V (X7R),Capacitors:C,Capacitor_SMD:C_0603_1608Metric,KEMET,C0603C123K5RACTU,https://www.digikey.es/es/products/detail/kemet/C0603C123K5RACTU/2199880,,,,,12nF,±10%,50V,X7R,,,,,,-55°C ~ 125°C,Activo,,,AMR,22/08/2026,,,,,,,,,,,
IPN_C-????,C0805_12nF_50V_±10%_X7R,CAP CER 0.012UF 50V X7R 0805,12nF 50V (X7R),Capacitors:C,Capacitor_SMD:C_0805_2012Metric,KEMET,C0805C123K5RACTU,https://www.digikey.es/es/products/detail/kemet/C0805C123K5RACTU/2211870,,,,,12nF,±10%,50V,X7R,,,,,,-55°C ~ 125°C,Activo,,,AMR,22/08/2026,,,,,,,,,,,
IPN_C-????,C0402_15nF_16V_±10%_X7R,CAP CER 0.015UF 16V X7R 0402,15nF 16V (X7R),Capacitors:C,Capacitor_SMD:C_0402_1005Metric,KEMET,C0402C153K4RACTU,https://www.digikey.es/es/products/detail/kemet/C0402C153K4RACTU/1090783,,,,,15nF,±10%,16V,X7R,,,,,,-55°C ~ 125°C,Activo,,,AMR,22/08/2026,,,,,,,,,,,
IPN_C-????,C0603_15nF_50V_±10%_X7R,CAP CER 0.015UF 50V X7R 0603,15nF 50V (X7R),Capacitors:C,Capacitor_SMD:C_0603_1608Metric,KEMET,C0603C153K5RACTU,https://www.digikey.es/es/products/detail/kemet/C0603C153K5RACTU/2199999,,,,,15nF,±10%,50V,X7R,,,,,,-55°C ~ 125°C,Activo,,,AMR,22/08/2026,,,,,,,,,,,
IPN_C-????,C0805_15nF_50V_±10%_X7R,CAP CER 0.015UF 50V X7R 0805,15nF 50V (X7R),Capacitors:C,Capacitor_SMD:C_0805_2012Metric,KEMET,C0805C153K5RACTU,https://www.digikey.es/es/products/detail/kemet/C0805C153K5RACTU/411160,,,,,15nF,±10%,50V,X7R,,,,,,-55°C ~ 125°C,Activo,,,AMR,22/08/2026,,,,,,,,,,,
IPN_C-????,C0805_15nF_50V_±10%_C0G,CAP CER 0805 15NF 50V C0G 10%,15nF 50V (C0G),Capacitors:C,Capacitor_SMD:C_0805_2012Metric,KEMET,C0805C153K5GECTU,https://www.digikey.es/es/products/detail/kemet/C0805C153K5GECTU/8644575,,,,,15nF,±10%,50V,C0G,,,,,,-55°C ~ 125°C,Activo,,,AMR,22/08/2026,,,,,,,,,,,
IPN_C-????,C0402_18nF_16V_±10%_X7R,CAP CER 0.018UF 16V X7R 0402,18nF 16V (X7R),Capacitors:C,Capacitor_SMD:C_0402_1005Metric,KEMET,C0402C183K4RACTU,https://www.digikey.es/es/products/detail/kemet/C0402C183K4RACTU/1090786,,,,,18nF,±10%,16V,X7R,,,,,,-55°C ~ 125°C,Activo,,,AMR,22/08/2026,,,,,,,,,,,
IPN_C-????,C0603_18nF_50V_±10%_X7R,CAP CER 0.018UF 50V X7R 0603,18nF 50V (X7R),Capacitors:C,Capacitor_SMD:C_0603_1608Metric,KEMET,C0603C183K5RACTU,https://www.digikey.es/es/products/detail/kemet/C0603C183K5RACTU/2200120,,,,,18nF,±10%,50V,X7R,,,,,,-55°C ~ 125°C,Activo,,,AMR,22/08/2026,,,,,,,,,,,
IPN_C-????,C0805_18nF_50V_±10%_X7R,CAP CER 0.018UF 50V X7R 0805,18nF 50V (X7R),Capacitors:C,Capacitor_SMD:C_0805_2012Metric,KEMET,C0805C183K5RACTU,https://www.digikey.es/es/products/detail/kemet/C0805C183K5RACTU/411161,,,,,18nF,±10%,50V,X7R,,,,,,-55°C ~ 125°C,Activo,,,AMR,22/08/2026,,,,,,,,,,,
IPN_C-????,C0402_22nF_16V_±10%_X7R,CAP CER 0.022UF 16V X7R 0402,22nF 16V (X7R),Capacitors:C,Capacitor_SMD:C_0402_1005Metric,KEMET,C0402C223K4RACTU,https://www.digikey.es/es/products/detail/kemet/C0402C223K4RACTU/789650,,,,,22nF,±10%,16V,X7R,,,,,,-55°C ~ 125°C,Activo,,,AMR,22/08/2026,,,,,,,,,,,
IPN_C-????,C0603_22nF_50V_±10%_X7R,CAP CER 0.022UF 50V X7R 0603,22nF 50V (X7R),Capacitors:C,Capacitor_SMD:C_0603_1608Metric,KEMET,C0603C223K5RACTU,https://www.digikey.es/es/products/detail/kemet/C0603C223K5RACTU/416043,,,,,22nF,±10%,50V,X7R,,,,,,-55°C ~ 125°C,Activo,,,AMR,22/08/2026,,,,,,,,,,,
IPN_C-????,C0402_22nF_6.3V_±10%_X5R,CAP CER 0.022UF 6.3V X5R 0402,22nF 6.3V (X5R),Capacitors:C,Capacitor_SMD:C_0402_1005Metric,KEMET,C0402C223K9PACTU,https://www.digikey.es/es/products/detail/kemet/C0402C223K9PACTU/447622,,,,,22nF,±10%,6.3V,X5R,,,,,,-55°C ~ 85°C,Activo,,,AMR,22/08/2026,,,,,,,,,,,
IPN_C-????,C0402_22nF_6.3V_±10%_X7R,CAP CER 0.022UF 6.3V X7R 0402,22nF 6.3V (X7R),Capacitors:C,Capacitor_SMD:C_0402_1005Metric,KEMET,C0402C223K9RACTU,https://www.digikey.es/es/products/detail/kemet/C0402C223K9RACTU/1090790,,,,,22nF,±10%,6.3V,X7R,,,,,,-55°C ~ 125°C,Activo,,,AMR,22/08/2026,,,,,,,,,,,
IPN_C-????,C0805_22nF_50V_±10%_X7R,CAP CER 0.022UF 50V X7R 0805,22nF 50V (X7R),Capacitors:C,Capacitor_SMD:C_0805_2012Metric,KEMET,C0805C223K5RACTU,https://www.digikey.es/es/products/detail/kemet/C0805C223K5RACTU/411162,,,,,22nF,±10%,50V,X7R,,,,,,-55°C ~ 125°C,Activo,,,AMR,22/08/2026,,,,,,,,,,,
IPN_C-????,C0805_22nF_50V_±10%_C0G,CAP CER 0805 22NF 50V C0G 10%,22nF 50V (C0G),Capacitors:C,Capacitor_SMD:C_0805_2012Metric,KEMET,C0805C223K5GEC7210,https://www.digikey.es/es/products/detail/kemet/C0805C223K5GEC7210/8646016,,,,,22nF,±10%,50V,C0G,,,,,,-55°C ~ 125°C,Activo,,,AMR,22/08/2026,,,,,,,,,,,
IPN_C-????,C0402_27nF_16V_±10%_X7R,CAP CER 0.027UF 16V X7R 0402,27nF 16V (X7R),Capacitors:C,Capacitor_SMD:C_0402_1005Metric,KEMET,C0402C273K4RACTU,https://www.digikey.es/es/products/detail/kemet/C0402C273K4RACTU/1090793,,,,,27nF,±10%,16V,X7R,,,,,,-55°C ~ 125°C,Activo,,,AMR,22/08/2026,,,,,,,,,,,
IPN_C-????,C0603_27nF_50V_±10%_X7R,CAP CER 0.027UF 50V X7R 0603,27nF 50V (X7R),Capacitors:C,Capacitor_SMD:C_0603_1608Metric,KEMET,C0603C273K5RACTU,https://www.digikey.es/es/products/detail/kemet/C0603C273K5RACTU/2200434,,,,,27nF,±10%,50V,X7R,,,,,,-55°C ~ 125°C,Activo,,,AMR,22/08/2026,,,,,,,,,,,
IPN_C-????,C0402_27nF_6.3V_±10%_X5R,CAP CER 0.027UF 6.3V X5R 0402,27nF 6.3V (X5R),Capacitors:C,Capacitor_SMD:C_0402_1005Metric,KEMET,C0402C273K9PACTU,https://www.digikey.es/es/products/detail/kemet/C0402C273K9PACTU/447624,,,,,27nF,±10%,6.3V,X5R,,,,,,-55°C ~ 85°C,Activo,,,AMR,22/08/2026,,,,,,,,,,,
IPN_C-????,C0402_27nF_6.3V_±10%_X7R,CAP CER 0.027UF 6.3V X7R 0402,27nF 6.3V (X7R),Capacitors:C,Capacitor_SMD:C_0402_1005Metric,KEMET,C0402C273K9RACTU,https://www.digikey.es/es/products/detail/kemet/C0402C273K9RACTU/1090795,,,,,27nF,±10%,6.3V,X7R,,,,,,-55°C ~ 125°C,Activo,,,AMR,22/08/2026,,,,,,,,,,,
IPN_C-????,C0805_27nF_50V_±10%_X7R,CAP CER 0.027UF 50V X7R 0805,27nF 50V (X7R),Capacitors:C,Capacitor_SMD:C_0805_2012Metric,KEMET,C0805S273K5RACTU,https://www.digikey.es/es/products/detail/kemet/C0805S273K5RACTU/2213364,,,,,27nF,±10%,50V,X7R,,,,,,-55°C ~ 125°C,Activo,,,AMR,22/08/2026,,,,,,,,,,,
IPN_C-????,C0402_33nF_16V_±10%_X7R,CAP CER 0.033UF 16V X7R 0402,33nF 16V (X7R),Capacitors:C,Capacitor_SMD:C_0402_1005Metric,KEMET,C0402C333K4RACTU,https://www.digikey.es/es/products/detail/kemet/C0402C333K4RACTU/1090796,,,,,33nF,±10%,16V,X7R,,,,,,-55°C ~ 125°C,Activo,,,AMR,22/08/2026,,,,,,,,,,,
IPN_C-????,C0603_33nF_50V_±10%_X7R,CAP CER 0.033UF 50V X7R 0603,33nF 50V (X7R),Capacitors:C,Capacitor_SMD:C_0603_1608Metric,KEMET,C0603C333K5RACTU,https://www.digikey.es/es/products/detail/kemet/C0603C333K5RACTU/2200581,,,,,33nF,±10%,50V,X7R,,,,,,-55°C ~ 125°C,Activo,,,AMR,22/08/2026,,,,,,,,,,,
IPN_C-????,C0402_33nF_6.3V_±10%_X5R,CAP CER 0.033UF 6.3V X5R 0402,33nF 6.3V (X5R),Capacitors:C,Capacitor_SMD:C_0402_1005Metric,KEMET,C0402C333K9PACTU,https://www.digikey.es/es/products/detail/kemet/C0402C333K9PACTU/447626,,,,,33nF,±10%,6.3V,X5R,,,,,,-55°C ~ 85°C,Activo,,,AMR,22/08/2026,,,,,,,,,,,
IPN_C-????,C0402_33nF_6.3V_±10%_X7R,CAP CER 0.033UF 6.3V X7R 0402,33nF 6.3V (X7R),Capacitors:C,Capacitor_SMD:C_0402_1005Metric,KEMET,C0402C333K9RACTU,https://www.digikey.es/es/products/detail/kemet/C0402C333K9RACTU/1090798,,,,,33nF,±10%,6.3V,X7R,,,,,,-55°C ~ 125°C,Activo,,,AMR,22/08/2026,,,,,,,,,,,
IPN_C-????,C0805_33nF_50V_±10%_X7R,CAP CER 0.033UF 50V X7R 0805,33nF 50V (X7R),Capacitors:C,Capacitor_SMD:C_0805_2012Metric,KEMET,C0805C333K5RACTU,https://www.digikey.es/es/products/detail/kemet/C0805C333K5RACTU/411164,,,,,33nF,±10%,50V,X7R,,,,,,-55°C ~ 125°C,Activo,,,AMR,22/08/2026,,,,,,,,,,,
IPN_C-????,C0402_39nF_16V_±10%_X7R,CAP CER 0.039UF 16V X7R 0402,39nF 16V (X7R),Capacitors:C,Capacitor_SMD:C_0402_1005Metric,KEMET,C0402C393K4RACTU,https://www.digikey.es/es/products/detail/kemet/C0402C393K4RACTU/1090799,,,,,39nF,±10%,16V,X7R,,,,,,-55°C ~ 125°C,Activo,,,AMR,22/08/2026,,,,,,,,,,,
IPN_C-????,C0603_39nF_50V_±10%_X7R,CAP CER 0.039UF 50V X7R 0603,39nF 50V (X7R),Capacitors:C,Capacitor_SMD:C_0603_1608Metric,KEMET,C0603C393K5RACTU,https://www.digikey.es/es/products/detail/kemet/C0603C393K5RACTU/2200710,,,,,39nF,±10%,50V,X7R,,,,,,-55°C ~ 125°C,Activo,,,AMR,22/08/2026,,,,,,,,,,,
IPN_C-????,C0603_39nF_6.3V_±10%_X7R,CAP CER 0.039UF 6.3V X7R 0402,39nF 6.3V (X7R),Capacitors:C,Capacitor_SMD:C_0603_1608Metric,KEMET,C0402C393K9RACTU,https://www.digikey.es/es/products/detail/kemet/C0402C393K9RACTU/1090801,,,,,39nF,±10%,6.3V,X7R,,,,,,-55°C ~ 125°C,Activo,,,AMR,22/08/2026,,,,,,,,,,,
IPN_C-????,C0805_39nF_50V_±10%_X7R,CAP CER 0.039UF 50V X7R 0805,39nF 50V (X7R),Capacitors:C,Capacitor_SMD:C_0805_2012Metric,KEMET,C0805C393K5RACTU,https://www.digikey.es/es/products/detail/kemet/C0805C393K5RACTU/2209743,,,,,39nF,±10%,50V,X7R,,,,,,-55°C ~ 125°C,Activo,,,AMR,22/08/2026,,,,,,,,,,,
IPN_C-????,C0402_47nF_16V_±10%_X7R,CAP CER 0.047UF 16V X7R 0402,47nF 16V (X7R),Capacitors:C,Capacitor_SMD:C_0402_1005Metric,KEMET,C0402C473K4RACTU,https://www.digikey.es/es/products/detail/kemet/C0402C473K4RACTU/789651,,,,,47nF,±10%,16V,X7R,,,,,,-55°C ~ 125°C,Activo,,,AMR,22/08/2026,,,,,,,,,,,
IPN_C-????,C0603_47nF_50V_±10%_X7R,CAP CER 0.047UF 50V X7R 0603,47nF 50V (X7R),Capacitors:C,Capacitor_SMD:C_0603_1608Metric,KEMET,C0603C473K5RACTU,https://www.digikey.es/es/products/detail/kemet/C0603C473K5RACTU/2200870,,,,,47nF,±10%,50V,X7R,,,,,,-55°C ~ 125°C,Activo,,,AMR,22/08/2026,,,,,,,,,,,
IPN_C-????,C0603_47nF_50V_±10%_X8L,CAP CER 0.047UF 50V X8L 0603,47nF 50V (X8L),Capacitors:C,Capacitor_SMD:C_0603_1608Metric,KEMET,C0603C473K5NACTU,https://www.digikey.es/es/products/detail/kemet/C0603C473K5NACTU/2209320,,,,,47nF,±10%,50V,X8L,,,,,,-55°C ~ 150°C,Activo,,,AMR,22/08/2026,,,,,,,,,,,
IPN_C-????,C0402_47nF_6.3V_±10%_X5R,CAP CER 0.047UF 6.3V X5R 0402,47nF 6.3V (X5R),Capacitors:C,Capacitor_SMD:C_0402_1005Metric,KEMET,C0402C473K9PACTU,https://www.digikey.es/es/products/detail/kemet/C0402C473K9PACTU/447628,,,,,47nF,±10%,6.3V,X5R,,,,,,-55°C ~ 85°C,Activo,,,AMR,22/08/2026,,,,,,,,,,,
IPN_C-????,C0402_47nF_6.3V_±10%_X7R,CAP CER 0.047UF 6.3V X7R 0402,47nF 6.3V (X7R),Capacitors:C,Capacitor_SMD:C_0402_1005Metric,KEMET,C0402C473K9RACTU,https://www.digikey.es/es/products/detail/kemet/C0402C473K9RACTU/1090803,,,,,47nF,±10%,6.3V,X7R,,,,,,-55°C ~ 125°C,Activo,,,AMR,22/08/2026,,,,,,,,,,,
IPN_C-????,C0805_47nF_50V_±10%_X7R,CAP CER 0.047UF 50V X7R 0805,47nF 50V (X7R),Capacitors:C,Capacitor_SMD:C_0805_2012Metric,KEMET,C0805C473K5RACTU,https://www.digikey.es/es/products/detail/kemet/C0805C473K5RACTU/411165,,,,,47nF,±10%,50V,X7R,,,,,,-55°C ~ 125°C,Activo,,,AMR,22/08/2026,,,,,,,,,,,
IPN_C-????,C0402_56nF_16V_±10%_X7R,CAP CER 0.056UF 16V X7R 0402,56nF 16V (X7R),Capacitors:C,Capacitor_SMD:C_0402_1005Metric,KEMET,C0402C563K4RACTU,https://www.digikey.es/es/products/detail/kemet/C0402C563K4RACTU/1090806,,,,,56nF,±10%,16V,X7R,,,,,,-55°C ~ 125°C,Activo,,,AMR,22/08/2026,,,,,,,,,,,
IPN_C-????,C0603_56nF_50V_±10%_X7R,CAP CER 0.056UF 50V X7R 0603,56nF 50V (X7R),Capacitors:C,Capacitor_SMD:C_0603_1608Metric,KEMET,C0603C563K5RACTU,https://www.digikey.es/es/products/detail/kemet/C0603C563K5RACTU/2201016,,,,,56nF,±10%,50V,X7R,,,,,,-55°C ~ 125°C,Activo,,,AMR,22/08/2026,,,,,,,,,,,
IPN_C-????,C0603_56nF_6.3V_±10%_X7R,CAP CER 0.056UF 6.3V X7R 0402,56nF 6.3V (X7R),Capacitors:C,Capacitor_SMD:C_0603_1608Metric,KEMET,C0402C563K9RACTU,https://www.digikey.es/es/products/detail/kemet/C0402C563K9RACTU/1090808,,,,,56nF,±10%,6.3V,X7R,,,,,,-55°C ~ 125°C,Activo,,,AMR,22/08/2026,,,,,,,,,,,
IPN_C-????,C0805_56nF_50V_±10%_X7R,CAP CER 0.056UF 50V X7R 0805,56nF 50V (X7R),Capacitors:C,Capacitor_SMD:C_0805_2012Metric,KEMET,C0805C563K5RACTU,https://www.digikey.es/es/products/detail/kemet/C0805C563K5RACTU/2213018,,,,,56nF,±10%,50V,X7R,,,,,,-55°C ~ 125°C,Activo,,,AMR,22/08/2026,,,,,,,,,,,
IPN_C-????,C0402_68nF_16V_±10%_X7R,CAP CER 0.068UF 16V X7R 0402,68nF 16V (X7R),Capacitors:C,Capacitor_SMD:C_0402_1005Metric,KEMET,C0402C683K4RACTU,https://www.digikey.es/es/products/detail/kemet/C0402C683K4RACTU/1090809,,,,,68nF,±10%,16V,X7R,,,,,,-55°C ~ 125°C,Activo,,,AMR,22/08/2026,,,,,,,,,,,
IPN_C-????,C0603_68nF_50V_±10%_X7R,CAP CER 0.068UF 50V X7R 0603,68nF 50V (X7R),Capacitors:C,Capacitor_SMD:C_0603_1608Metric,KEMET,C0603C683K5RACTU,https://www.digikey.es/es/products/detail/kemet/C0603C683K5RACTU/2201136,,,,,68nF,±10%,50V,X7R,,,,,,-55°C ~ 125°C,Activo,,,AMR,22/08/2026,,,,,,,,,,,
IPN_C-????,C0402_68nF_6.3V_±10%_X5R,CAP CER 0.068UF 6.3V X5R 0402,68nF 6.3V (X5R),Capacitors:C,Capacitor_SMD:C_0402_1005Metric,KEMET,C0402C683K9PACTU,https://www.digikey.es/es/products/detail/kemet/C0402C683K9PACTU/447630,,,,,68nF,±10%,6.3V,X5R,,,,,,-55°C ~ 85°C,Activo,,,AMR,22/08/2026,,,,,,,,,,,
IPN_C-????,C0402_68nF_6.3V_±10%_X7R,CAP CER 0.068UF 6.3V X7R 0402,68nF 6.3V (X7R),Capacitors:C,Capacitor_SMD:C_0402_1005Metric,KEMET,C0402C683K9RACTU,https://www.digikey.es/es/products/detail/kemet/C0402C683K9RACTU/1090811,,,,,68nF,±10%,6.3V,X7R,,,,,,-55°C ~ 125°C,Activo,,,AMR,22/08/2026,,,,,,,,,,,
IPN_C-????,C0805_68nF_50V_±10%_X7R,CAP CER 0.068UF 50V X7R 0805,68nF 50V (X7R),Capacitors:C,Capacitor_SMD:C_0805_2012Metric,KEMET,C0805C683K5RACTU,https://www.digikey.es/es/products/detail/kemet/C0805C683K5RACTU/1933617,,,,,68nF,±10%,50V,X7R,,,,,,-55°C ~ 125°C,Activo,,,AMR,22/08/2026,,,,,,,,,,,
IPN_C-????,C0402_82nF_16V_±10%_X7R,CAP CER 0.082UF 16V X7R 0402,82nF 16V (X7R),Capacitors:C,Capacitor_SMD:C_0402_1005Metric,KEMET,C0402C823K4RACTU,https://www.digikey.es/es/products/detail/kemet/C0402C823K4RACTU/1090812,,,,,82nF,±10%,16V,X7R,,,,,,-55°C ~ 125°C,Activo,,,AMR,22/08/2026,,,,,,,,,,,
IPN_C-????,C0603_82nF_50V_±10%_X7R,CAP CER 0.082UF 50V X7R 0603,82nF 50V (X7R),Capacitors:C,Capacitor_SMD:C_0603_1608Metric,KEMET,C0603C823K5RACTU,https://www.digikey.es/es/products/detail/kemet/C0603C823K5RACTU/2201257,,,,,82nF,±10%,50V,X7R,,,,,,-55°C ~ 125°C,Activo,,,AMR,22/08/2026,,,,,,,,,,,
IPN_C-????,C0603_82nF_6.3V_±10%_X5R,CAP CER 0.082UF 6.3V X5R 0402,82nF 6.3V (X5R),Capacitors:C,Capacitor_SMD:C_0603_1608Metric,KEMET,C0402C823K9PACTU,https://www.digikey.es/es/products/detail/kemet/C0402C823K9PACTU/2196979,,,,,82nF,±10%,6.3V,X5R,,,,,,-55°C ~ 85°C,Activo,,,AMR,22/08/2026,,,,,,,,,,,
IPN_C-????,C0603_82nF_6.3V_±10%_X7R,CAP CER 0.082UF 6.3V X7R 0402,82nF 6.3V (X7R),Capacitors:C,Capacitor_SMD:C_0603_1608Metric,KEMET,C0402C823K9RACTU,https://www.digikey.es/es/products/detail/kemet/C0402C823K9RACTU/1090814,,,,,82nF,±10%,6.3V,X7R,,,,,,-55°C ~ 125°C,Activo,,,AMR,22/08/2026,,,,,,,,,,,
IPN_C-????,C0805_82nF_50V_±10%_X7R,CAP CER 0.082UF 50V X7R 0805,82nF 50V (X7R),Capacitors:C,Capacitor_SMD:C_0805_2012Metric,KEMET,C0805C823K5RACTU,https://www.digikey.es/es/products/detail/kemet/C0805C823K5RACTU/2213254,,,,,82nF,±10%,50V,X7R,,,,,,-55°C ~ 125°C,Activo,,,AMR,22/08/2026,,,,,,,,,,,
IPN_C-????,C0402_100nF_16V_±10%_X7R,CAP CER 0.1UF 16V X7R 0402,100nF 16V (X7R),Capacitors:C,Capacitor_SMD:C_0402_1005Metric,KEMET,C0402C104K4RACTU,https://www.digikey.es/es/products/detail/kemet/C0402C104K4RACTU/789653,,,,,100nF,±10%,16V,X7R,,,,,,-55°C ~ 125°C,Activo,,,AMR,22/08/2026,,,,,,,,,,,
IPN_C-????,C0603_100nF_50V_±10%_X7R,CAP CER 0.1UF 50V X7R 0603,100nF 50V (X7R),Capacitors:C,Capacitor_SMD:C_0603_1608Metric,KEMET,C0603C104K5RACTU,https://www.digikey.es/es/products/detail/kemet/C0603C104K5RACTU/1465594,,,,,100nF,±10%,50V,X7R,,,,,,-55°C ~ 125°C,Activo,,,AMR,22/08/2026,,,,,,,,,,,
IPN_C-????,C0402_100nF_6.3V_±10%_X7R,CAP CER 0.1UF 6.3V X7R 0402,100nF 6.3V (X7R),Capacitors:C,Capacitor_SMD:C_0402_1005Metric,KEMET,C0402C104K9RACTU,https://www.digikey.es/es/products/detail/kemet/C0402C104K9RACTU/1090777,,,,,100nF,±10%,6.3V,X7R,,,,,,-55°C ~ 125°C,Activo,,,AMR,22/08/2026,,,,,,,,,,,
IPN_C-????,C0603_100nF_6.3V_±10%_X7R,CAP CER 0.1UF 6.3V X7R 0402,100nF 6.3V (X7R),Capacitors:C,Capacitor_SMD:C_0603_1608Metric,KEMET,CHA04C104K9RXL7189,https://www.digikey.es/es/products/detail/kemet/CHA04C104K9RXL7189/21807917,,,,,100nF,±10%,6.3V,X7R,,,,,,-55°C ~ 125°C,Activo,,,AMR,22/08/2026,,,,,,,,,,,
IPN_C-????,C0805_100nF_50V_±10%_X7R,CAP CER 0.1UF 50V X7R 0805,100nF 50V (X7R),Capacitors:C,Capacitor_SMD:C_0805_2012Metric,KEMET,C0805C104K5RACTU,https://www.digikey.es/es/products/detail/kemet/C0805C104K5RACTU/411169,,,,,100nF,±10%,50V,X7R,,,,,,-55°C ~ 125°C,Activo,,,AMR,22/08/2026,,,,,,,,,,,
IPN_C-????,C0603_120nF_50V_±10%_X7R,CAP CER 0.12UF 50V X7R 0603,120nF 50V (X7R),Capacitors:C,Capacitor_SMD:C_0603_1608Metric,KEMET,C0603C124K5RACTU,https://www.digikey.es/es/products/detail/kemet/C0603C124K5RACTU/3737125,,,,,120nF,±10%,50V,X7R,,,,,,-55°C ~ 125°C,Activo,,,AMR,22/08/2026,,,,,,,,,,,
IPN_C-????,C0805_120nF_50V_±10%_X7R,CAP CER 0.12UF 50V X7R 0805,120nF 50V (X7R),Capacitors:C,Capacitor_SMD:C_0805_2012Metric,KEMET,C0805C124K5RACTU,https://www.digikey.es/es/products/detail/kemet/C0805C124K5RACTU/754749,,,,,120nF,±10%,50V,X7R,,,,,,-55°C ~ 125°C,Activo,,,AMR,22/08/2026,,,,,,,,,,,
IPN_C-????,C0603_150nF_50V_±10%_X7R,CAP CER 0.15UF 50V X7R 0603,150nF 50V (X7R),Capacitors:C,Capacitor_SMD:C_0603_1608Metric,KEMET,C0603C154K5RACTU,https://www.digikey.es/es/products/detail/kemet/C0603C154K5RACTU/2200010,,,,,150nF,±10%,50V,X7R,,,,,,-55°C ~ 125°C,Activo,,,AMR,22/08/2026,,,,,,,,,,,
IPN_C-????,C0603_150nF_25V_±10%_X8L,CAP CER 0.15UF 25V X8L 0603,150nF 25V (X8L),Capacitors:C,Capacitor_SMD:C_0603_1608Metric,KEMET,C0603C154K3NACTU,https://www.digikey.es/es/products/detail/kemet/C0603C154K3NACTU/3737127,,,,,150nF,±10%,25V,X8L,,,,,,-55°C ~ 150°C,Activo,,,AMR,22/08/2026,,,,,,,,,,,
IPN_C-????,C0805_150nF_50V_±10%_X7R,CAP CER 0.15UF 50V X7R 0805,150nF 50V (X7R),Capacitors:C,Capacitor_SMD:C_0805_2012Metric,KEMET,C0805C154K5RACTU,https://www.digikey.es/es/products/detail/kemet/C0805C154K5RACTU/754751,,,,,150nF,±10%,50V,X7R,,,,,,-55°C ~ 125°C,Activo,,,AMR,22/08/2026,,,,,,,,,,,
IPN_C-????,C0805_180nF_50V_±10%_X7R,CAP CER 0.18UF 50V X7R 0805,180nF 50V (X7R),Capacitors:C,Capacitor_SMD:C_0805_2012Metric,KEMET,C0805C184K5RACTU,https://www.digikey.es/es/products/detail/kemet/C0805C184K5RACTU/754752,,,,,180nF,±10%,50V,X7R,,,,,,-55°C ~ 125°C,Activo,,,AMR,22/08/2026,,,,,,,,,,,
IPN_C-????,C0603_220nF_50V_±10%_X7R,CAP CER 0.22UF 50VDC X7R 0603,220nF 50V (X7R),Capacitors:C,Capacitor_SMD:C_0603_1608Metric,KEMET,C0603X224K5RACAUTO,https://www.digikey.es/es/products/detail/kemet/C0603X224K5RACAUTO/21556341,,,,,220nF,±10%,50V,X7R,,,,,,-55°C ~ 125°C,Activo,,,AMR,22/08/2026,,,,,,,,,,,
IPN_C-????,C0402_220nF_6.3V_±10%_X5R,CAP CER 0.22UF 6.3V X5R 0402,220nF 6.3V (X5R),Capacitors:C,Capacitor_SMD:C_0402_1005Metric,KEMET,C0402C224K9PACTU,https://www.digikey.es/es/products/detail/kemet/C0402C224K9PACTU/1090791,,,,,220nF,±10%,6.3V,X5R,,,,,,-55°C ~ 85°C,Activo,,,AMR,22/08/2026,,,,,,,,,,,
IPN_C-????,C0402_220nF_6.3V_±10%_X5R,CAP CER 0402,220nF 6.3V (X5R),Capacitors:C,Capacitor_SMD:C_0402_1005Metric,KEMET,C0402C224K9PAC7411,https://www.digikey.es/es/products/detail/kemet/C0402C224K9PAC7411/18118223,,,,,220nF,±10%,6.3V,X5R,,,,,,-55°C ~ 85°C,Activo,,,AMR,22/08/2026,,,,,,,,,,,
IPN_C-????,C0805_220nF_50V_±10%_X7R,CAP CER 0.22UF 50V X7R 0805,220nF 50V (X7R),Capacitors:C,Capacitor_SMD:C_0805_2012Metric,KEMET,C0805C224K5RACTU,https://www.digikey.es/es/products/detail/kemet/C0805C224K5RACTU/754753,,,,,220nF,±10%,50V,X7R,,,,,,-55°C ~ 125°C,Activo,,,AMR,22/08/2026,,,,,,,,,,,
IPN_C-????,C0805_270nF_50V_±10%_X7R,CAP CER 0.27UF 50V X7R 0805,270nF 50V (X7R),Capacitors:C,Capacitor_SMD:C_0805_2012Metric,KEMET,C0805C274K5RACTU,https://www.digikey.es/es/products/detail/kemet/C0805C274K5RACTU/12701290,,,,,270nF,±10%,50V,X7R,,,,,,-55°C ~ 125°C,Activo,,,AMR,22/08/2026,,,,,,,,,,,
IPN_C-????,C0805_330nF_50V_±10%_X7R,CAP CER 0.33UF 50V X7R 0805,330nF 50V (X7R),Capacitors:C,Capacitor_SMD:C_0805_2012Metric,KEMET,C0805C334K5RACTU,https://www.digikey.es/es/products/detail/kemet/C0805C334K5RACTU/2212621,,,,,330nF,±10%,50V,X7R,,,,,,-55°C ~ 125°C,Activo,,,AMR,22/08/2026,,,,,,,,,,,
IPN_C-????,C0805_390nF_50V_±10%_X7R,CAP CER 0.39UF 50V X7R 0805,390nF 50V (X7R),Capacitors:C,Capacitor_SMD:C_0805_2012Metric,KEMET,C0805C394K5RACTU,https://www.digikey.es/es/products/detail/kemet/C0805C394K5RACTU/16818665,,,,,390nF,±10%,50V,X7R,,,,,,-55°C ~ 125°C,Activo,,,AMR,22/08/2026,,,,,,,,,,,
IPN_C-????,C0402_470nF_6.3V_±10%_X5R,CAP CER 0.47UF 6.3V X5R 0402,470nF 6.3V (X5R),Capacitors:C,Capacitor_SMD:C_0402_1005Metric,KEMET,C0402C474K9PACTU,https://www.digikey.es/es/products/detail/kemet/C0402C474K9PACTU/1090804,,,,,470nF,±10%,6.3V,X5R,,,,,,-55°C ~ 85°C,Activo,,,AMR,22/08/2026,,,,,,,,,,,
IPN_C-????,C0402_470nF_6.3V_±10%_X7R,CAP CER 0.47UF 6.3V X7R 0402,470nF 6.3V (X7R),Capacitors:C,Capacitor_SMD:C_0402_1005Metric,KEMET,C0402C474K9RACTU,https://www.digikey.es/es/products/detail/kemet/C0402C474K9RACTU/14010160,,,,,470nF,±10%,6.3V,X7R,,,,,,-55°C ~ 125°C,Activo,,,AMR,22/08/2026,,,,,,,,,,,
IPN_C-????,C0805_470nF_50V_±10%_X7R,CAP CER 0.47UF 50V X7R 0805,470nF 50V (X7R),Capacitors:C,Capacitor_SMD:C_0805_2012Metric,KEMET,C0805C474K5RACTU,https://www.digikey.es/es/products/detail/kemet/C0805C474K5RACTU/2212887,,,,,470nF,±10%,50V,X7R,,,,,,-55°C ~ 125°C,Activo,,,AMR,22/08/2026,,,,,,,,,,,
IPN_C-????,C0603_0.5pF_50V_±0.1pF_X8R,CAP CER 0.5PF 50V X8R 0603,0.5pF 50V (X8R),Capacitors:C,Capacitor_SMD:C_0603_1608Metric,KEMET,C0603C508B5HACTU,https://www.digikey.es/es/products/detail/kemet/C0603C508B5HACTU/7945640,,,,,0.5pF,±0.1pF,50V,X8R,,,,,,-55°C ~ 150°C,Activo,,,AMR,22/08/2026,,,,,,,,,,,
IPN_C-????,C0805_560nF_50V_±10%_X7R,CAP CER 0.56UF 50V X7R 0805,560nF 50V (X7R),Capacitors:C,Capacitor_SMD:C_0805_2012Metric,KEMET,C0805C564K5RACTU,https://www.digikey.es/es/products/detail/kemet/C0805C564K5RACTU/2213027,,,,,560nF,±10%,50V,X7R,,,,,,-55°C ~ 125°C,Activo,,,AMR,22/08/2026,,,,,,,,,,,
IPN_C-????,C0805_680nF_50V_±10%_X7R,CAP CER 0.68UF 50V X7R 0805,680nF 50V (X7R),Capacitors:C,Capacitor_SMD:C_0805_2012Metric,KEMET,C0805C684K5RACTU,https://www.digikey.es/es/products/detail/kemet/C0805C684K5RACTU/2213137,,,,,680nF,±10%,50V,X7R,,,,,,-55°C ~ 125°C,Activo,,,AMR,22/08/2026,,,,,,,,,,,
IPN_C-????,C0402_1uF_6.3V_±10%_X5R,CAP CER 1UF 6.3V X5R 0402,1uF 6.3V (X5R),Capacitors:C,Capacitor_SMD:C_0402_1005Metric,KEMET,C0402C105K9PACTU,https://www.digikey.es/es/products/detail/kemet/C0402C105K9PACTU/1090778,,,,,1uF,±10%,6.3V,X5R,,,,,,-55°C ~ 85°C,Activo,,,AMR,22/08/2026,,,,,,,,,,,
IPN_C-????,C0805_1uF_50V_±10%_X7R,CAP CER 1UF 50V X7R 0805,1uF 50V (X7R),Capacitors:C,Capacitor_SMD:C_0805_2012Metric,KEMET,C0805C105K5RACTU,https://www.digikey.es/es/products/detail/kemet/C0805C105K5RACTU/3317615,,,,,1uF,±10%,50V,X7R,,,,,,-55°C ~ 125°C,Activo,,,AMR,22/08/2026,,,,,,,,,,,
IPN_C-????,C1206_1uF_50V_±10%_X7R,CAP CER 1UF 50V X7R 1206,1uF 50V (X7R),Capacitors:C,Capacitor_SMD:C_1206_3216Metric,KEMET,C1206C105K5RACTU,https://www.digikey.es/es/products/detail/kemet/C1206C105K5RACTU/2215096,,,,,1uF,±10%,50V,X7R,,,,,,-55°C ~ 125°C,Activo,,,AMR,22/08/2026,,,,,,,,,,,
IPN_C-????,C1210_1uF_50V_±10%_X7R,CAP CER 1UF 50V X7R 1210,1uF 50V (X7R),Capacitors:C,Capacitor_SMD:C_1210_3225Metric,KEMET,C1210C105K5RACTU,https://www.digikey.es/es/products/detail/kemet/C1210C105K5RACTU/501978,,,,,1uF,±10%,50V,X7R,,,,,,-55°C ~ 125°C,Activo,,,AMR,22/08/2026,,,,,,,,,,,
IPN_C-????,C1812_1uF_50V_±10%_X7R,CAP CER 1UF 50V X7R 1812,1uF 50V (X7R),Capacitors:C,Capacitor_SMD:C_1812_4532Metric,KEMET,C1812C105K5RACTU,https://www.digikey.es/es/products/detail/kemet/C1812C105K5RACTU/721296,,,,,1uF,±10%,50V,X7R,,,,,,-55°C ~ 125°C,Activo,,,AMR,22/08/2026,,,,,,,,,,,
IPN_C-????,C1825_1uF_50V_±10%_X7R,CAP CER 1UF 50V X7R 1825,1uF 50V (X7R),Capacitors:C,Capacitor_SMD:C_1825_4564Metric,KEMET,C1825C105K5RACTU,https://www.digikey.es/es/products/detail/kemet/C1825C105K5RACTU/721301,,,,,1uF,±10%,50V,X7R,,,,,,-55°C ~ 125°C,Activo,,,AMR,22/08/2026,,,,,,,,,,,
IPN_C-????,C2220_1uF_50V_±10%_X7R,CAP CER 1UF 50V X7R 2220,1uF 50V (X7R),Capacitors:C,Capacitor_SMD:C_2220_5750Metric,KEMET,C2220C105K5RACTU,https://www.digikey.es/es/products/detail/kemet/C2220C105K5RACTU/2236179,,,,,1uF,±10%,50V,X7R,,,,,,-55°C ~ 125°C,Activo,,,AMR,22/08/2026,,,,,,,,,,,
IPN_C-????,C2025_1uF_50V_±10%_X7R,CAP CER 1UF 50V X7R 2225,1uF 50V (X7R),Capacitors:C,C2025,KEMET,C2225C105K5RACTU,https://www.digikey.es/es/products/detail/kemet/C2225C105K5RACTU/721304,,,,,1uF,±10%,50V,X7R,,,,,,-55°C ~ 125°C,Activo,,,AMR,22/08/2026,,,,,,,,,,,
IPN_C-????,C0603_1.1pF_50V_±0.1pF_X8R,CAP CER 1.1PF 50V X8R 0603,1.1pF 50V (X8R),Capacitors:C,Capacitor_SMD:C_0603_1608Metric,KEMET,C0603C119B5HACTU,https://www.digikey.es/es/products/detail/kemet/C0603C119B5HACTU/7945643,,,,,1.1pF,±0.1pF,50V,X8R,,,,,,-55°C ~ 150°C,Activo,,,AMR,22/08/2026,,,,,,,,,,,
IPN_C-????,C0603_1.3pF_50V_±0.1pF_X8R,CAP CER 1.3PF 50V X8R 0603,1.3pF 50V (X8R),Capacitors:C,Capacitor_SMD:C_0603_1608Metric,KEMET,C0603C139B5HACTU,https://www.digikey.es/es/products/detail/kemet/C0603C139B5HACTU/7945645,,,,,1.3pF,±0.1pF,50V,X8R,,,,,,-55°C ~ 150°C,Activo,,,AMR,22/08/2026,,,,,,,,,,,
IPN_C-????,C1206_1.5uF_50V_±10%_X7R,CAP CER 1.5UF 50V X7R 1206,1.5uF 50V (X7R),Capacitors:C,Capacitor_SMD:C_1206_3216Metric,KEMET,C1206C155K5RACTU,https://www.digikey.es/es/products/detail/kemet/C1206C155K5RACTU/6097248,,,,,1.5uF,±10%,50V,X7R,,,,,,-55°C ~ 125°C,Activo,,,AMR,22/08/2026,,,,,,,,,,,
IPN_C-????,C1210_1.5uF_50V_±10%_X7R,CAP CER 1.5UF 50V X7R 1210,1.5uF 50V (X7R),Capacitors:C,Capacitor_SMD:C_1210_3225Metric,KEMET,C1210C155K5RACTU,https://www.digikey.es/es/products/detail/kemet/C1210C155K5RACTU/2216592,,,,,1.5uF,±10%,50V,X7R,,,,,,-55°C ~ 125°C,Activo,,,AMR,22/08/2026,,,,,,,,,,,
IPN_C-????,C1812_1.5uF_50V_±10%_X7R,CAP CER 1.5UF 50V X7R 1812,1.5uF 50V (X7R),Capacitors:C,Capacitor_SMD:C_1812_4532Metric,KEMET,C1812C155K5RACTU,https://www.digikey.es/es/products/detail/kemet/C1812C155K5RACTU/7382312,,,,,1.5uF,±10%,50V,X7R,,,,,,-55°C ~ 125°C,Activo,,,AMR,22/08/2026,,,,,,,,,,,
IPN_C-????,C1825_1.5uF_50V_±10%_X7R,CAP CER 1.5UF 50V X7R 1825,1.5uF 50V (X7R),Capacitors:C,Capacitor_SMD:C_1825_4564Metric,KEMET,C1825C155K5RACTU,https://www.digikey.es/es/products/detail/kemet/C1825C155K5RACTU/2236037,,,,,1.5uF,±10%,50V,X7R,,,,,,-55°C ~ 125°C,Activo,,,AMR,22/08/2026,,,,,,,,,,,
IPN_C-????,C0603_1.5pF_25V_±0.1pF_X8R,CAP CER 1.5PF 25V X8R 0603,1.5pF 25V (X8R),Capacitors:C,Capacitor_SMD:C_0603_1608Metric,KEMET,C0603C159B3HACTU,https://www.digikey.es/es/products/detail/kemet/C0603C159B3HACTU/7945620,,,,,1.5pF,±0.1pF,25V,X8R,,,,,,-55°C ~ 150°C,Activo,,,AMR,22/08/2026,,,,,,,,,,,
IPN_C-????,C0603_1.8pF_100V_±0.1pF_X8R,CAP CER 1.8PF 100V X8R 0603,1.8pF 100V (X8R),Capacitors:C,Capacitor_SMD:C_0603_1608Metric,KEMET,C0603C189B1HACTU,https://www.digikey.es/es/products/detail/kemet/C0603C189B1HACTU/7945674,,,,,1.8pF,±0.1pF,100V,X8R,,,,,,-55°C ~ 150°C,Activo,,,AMR,22/08/2026,,,,,,,,,,,
IPN_C-????,C1210_10uF_50V_±10%_X7R,CAP CER 10UF 50V X7R 1210,10uF 50V (X7R),Capacitors:C,Capacitor_SMD:C_1210_3225Metric,KEMET,C1210C106K5RACTU,https://www.digikey.es/es/products/detail/kemet/C1210C106K5RACTU/4918882,,,,,10uF,±10%,50V,X7R,,,,,,-55°C ~ 125°C,Activo,,,AMR,22/08/2026,,,,,,,,,,,
IPN_C-????,C2220_10uF_50V_±10%_X7R,CAP CER 10UF 50V X7R 2220,10uF 50V (X7R),Capacitors:C,Capacitor_SMD:C_2220_5750Metric,KEMET,C2220C106K5RACTU,https://www.digikey.es/es/products/detail/kemet/C2220C106K5RACTU/2236183,,,,,10uF,±10%,50V,X7R,,,,,,-55°C ~ 125°C,Activo,,,AMR,22/08/2026,,,,,,,,,,,
IPN_C-????,C0402_10pF_16V_±10%_C0G,CAP CER 10PF 16V C0G/NP0 0402,10pF 16V (C0G),Capacitors:C,Capacitor_SMD:C_0402_1005Metric,KEMET,C0402C100K4GACTU,https://www.digikey.es/es/products/detail/kemet/C0402C100K4GACTU/2196156,,,,,10pF,±10%,16V,C0G,,,,,,-55°C ~ 125°C,Activo,,,AMR,22/08/2026,,,,,,,,,,,
IPN_C-????,C0603_10pF_50V_±10%_C0G,CAP CER 10PF 50V C0G/NP0 0603,10pF 50V (C0G),Capacitors:C,Capacitor_SMD:C_0603_1608Metric,KEMET,C0603C100K5GACTU,https://www.digikey.es/es/products/detail/kemet/C0603C100K5GACTU/2199657,,,,,10pF,±10%,50V,C0G,,,,,,-55°C ~ 125°C,Activo,,,AMR,22/08/2026,,,,,,,,,,,
IPN_C-????,C0603_10pF_50V_±10%_X7R,CAP CER 10PF 50V X7R 0603,10pF 50V (X7R),Capacitors:C,Capacitor_SMD:C_0603_1608Metric,KEMET,C0603C100K5RACTU,https://www.digikey.es/es/products/detail/kemet/C0603C100K5RACTU/8572397,,,,,10pF,±10%,50V,X7R,,,,,,-55°C ~ 125°C,Activo,,,AMR,22/08/2026,,,,,,,,,,,
IPN_C-????,C0603_10pF_25V_±5%_X8R,CAP CER 10PF 25V X8R 0603,10pF 25V (X8R),Capacitors:C,Capacitor_SMD:C_0603_1608Metric,KEMET,C0603C100J3HACTU,https://www.digikey.es/es/products/detail/kemet/C0603C100J3HACTU/7946556,,,,,10pF,±5%,25V,X8R,,,,,,-55°C ~ 150°C,Activo,,,AMR,22/08/2026,,,,,,,,,,,
IPN_C-????,C0603_10pF_50V_±20%_X8R,CAP CER 10PF 50V X8R 0603,10pF 50V (X8R),Capacitors:C,Capacitor_SMD:C_0603_1608Metric,KEMET,C0603C100M5HACTU,https://www.digikey.es/es/products/detail/kemet/C0603C100M5HACTU/7947121,,,,,10pF,±20%,50V,X8R,,,,,,-55°C ~ 150°C,Activo,,,AMR,22/08/2026,,,,,,,,,,,
IPN_C-????,C0603_10pF_100V_±2%_X8R,CAP CER 0603 10PF 100V ULTRA STA,10pF 100V (X8R),Capacitors:C,Capacitor_SMD:C_0603_1608Metric,KEMET,C0603C100G1HACAUTO,https://www.digikey.es/es/products/detail/kemet/C0603C100G1HACAUTO/7956778,,,,,10pF,±2%,100V,X8R,,,,,,-55°C ~ 150°C,Activo,,,AMR,22/08/2026,,,,,,,,,,,
IPN_C-????,C0603_10pF_25V_±1%_X8R,CAP CER 10PF 25V X8R 0603,10pF 25V (X8R),Capacitors:C,Capacitor_SMD:C_0603_1608Metric,KEMET,C0603C100F3HACTU,https://www.digikey.es/es/products/detail/kemet/C0603C100F3HACTU/7946030,,,,,10pF,±1%,25V,X8R,,,,,,-55°C ~ 150°C,Activo,,,AMR,22/08/2026,,,,,,,,,,,
IPN_C-????,C0603_10pF_100V_±5%_X8R,CAP CER 10PF 100V X8R 0603,10pF 100V (X8R),Capacitors:C,Capacitor_SMD:C_0603_1608Metric,KEMET,C0603C100J1HACTU,https://www.digikey.es/es/products/detail/kemet/C0603C100J1HACTU/7946634,,,,,10pF,±5%,100V,X8R,,,,,,-55°C ~ 150°C,Activo,,,AMR,22/08/2026,,,,,,,,,,,
IPN_C-????,C0603_10pF_50V_±10%_X8R,CAP CER 10PF 50V X8R 0603,10pF 50V (X8R),Capacitors:C,Capacitor_SMD:C_0603_1608Metric,KEMET,C0603C100K5HACTU,https://www.digikey.es/es/products/detail/kemet/C0603C100K5HACTU/7946858,,,,,10pF,±10%,50V,X8R,,,,,,-55°C ~ 150°C,Activo,,,AMR,22/08/2026,,,,,,,,,,,
IPN_C-????,C0805_10pF_50V_±10%_C0G,CAP CER 10PF 50V C0G/NP0 0805,10pF 50V (C0G),Capacitors:C,Capacitor_SMD:C_0805_2012Metric,KEMET,C0805C100K5GACTU,https://www.digikey.es/es/products/detail/kemet/C0805C100K5GACTU/2211620,,,,,10pF,±10%,50V,C0G,,,,,,-55°C ~ 125°C,Activo,,,AMR,22/08/2026,,,,,,,,,,,
IPN_C-????,C0805_10pF_50V_±10%_X7R,CAP CER 10PF 50V X7R 0805,10pF 50V (X7R),Capacitors:C,Capacitor_SMD:C_0805_2012Metric,KEMET,C0805C100K5RACTU,https://www.digikey.es/es/products/detail/kemet/C0805C100K5RACTU/8572447,,,,,10pF,±10%,50V,X7R,,,,,,-55°C ~ 125°C,Activo,,,AMR,22/08/2026,,,,,,,,,,,
IPN_C-????,C0402_100pF_16V_±10%_X7R,CAP CER 100PF 16V X7R 0402,100pF 16V (X7R),Capacitors:C,Capacitor_SMD:C_0402_1005Metric,KEMET,C0402C101K4RACTU,https://www.digikey.es/es/products/detail/kemet/C0402C101K4RACTU/7381981,,,,,100pF,±10%,16V,X7R,,,,,,-55°C ~ 125°C,Activo,,,AMR,22/08/2026,,,,,,,,,,,
IPN_C-????,C0603_100pF_50V_±10%_X7R,CAP CER 100PF 50V X7R 0603,100pF 50V (X7R),Capacitors:C,Capacitor_SMD:C_0603_1608Metric,KEMET,C0603C101K5RACTU,https://www.digikey.es/es/products/detail/kemet/C0603C101K5RACTU/2199684,,,,,100pF,±10%,50V,X7R,,,,,,-55°C ~ 125°C,Activo,,,AMR,22/08/2026,,,,,,,,,,,
IPN_C-????,C0603_100pF_50V_±10%_C0G,CAP CER 100PF 50V C0G/NP0 0603,100pF 50V (C0G),Capacitors:C,Capacitor_SMD:C_0603_1608Metric,KEMET,C0603C101K5GACTU,https://www.digikey.es/es/products/detail/kemet/C0603C101K5GACTU/1850934,,,,,100pF,±10%,50V,C0G,,,,,,-55°C ~ 125°C,Activo,,,AMR,22/08/2026,,,,,,,,,,,
IPN_C-????,C0603_100pF_50V_±10%_X7R,CAP CER 100PF 50V X7R 0603,100pF 50V (X7R),Capacitors:C,Capacitor_SMD:C_0603_1608Metric,KEMET,C0603C101K5RACAUTO,https://www.digikey.es/es/products/detail/kemet/C0603C101K5RACAUTO/6873863,,,,,100pF,±10%,50V,X7R,,,,,,-55°C ~ 125°C,Activo,,,AMR,22/08/2026,,,,,,,,,,,
IPN_C-????,C0603_100pF_50V_±10%_C0G,CAP CER 100PF 50V C0G/NP0 0603,100pF 50V (C0G),Capacitors:C,Capacitor_SMD:C_0603_1608Metric,KEMET,C0603X101K5GACAUTO,https://www.digikey.es/es/products/detail/kemet/C0603X101K5GACAUTO/11676309,,,,,100pF,±10%,50V,C0G,,,,,,-55°C ~ 125°C,Activo,,,AMR,22/08/2026,,,,,,,,,,,
IPN_C-????,C0603_100pF_50V_±10%_X8R,CAP CER 0603 100PF 50V ULTRA STA,100pF 50V (X8R),Capacitors:C,Capacitor_SMD:C_0603_1608Metric,KEMET,C0603C101K5HACAUTO,https://www.digikey.es/es/products/detail/kemet/C0603C101K5HACAUTO/7957285,,,,,100pF,±10%,50V,X8R,,,,,,-55°C ~ 150°C,Activo,,,AMR,22/08/2026,,,,,,,,,,,
IPN_C-????,C0603_100pF_100V_±5%_X8R,CAP CER 0603 100PF 100V ULTRA ST,100pF 100V (X8R),Capacitors:C,Capacitor_SMD:C_0603_1608Metric,KEMET,C0603C101J1HACAUTO,https://www.digikey.es/es/products/detail/kemet/C0603C101J1HACAUTO/7943622,,,,,100pF,±5%,100V,X8R,,,,,,-55°C ~ 150°C,Activo,,,AMR,22/08/2026,,,,,,,,,,,
IPN_C-????,C0603_100pF_100V_±10%_X8R,CAP CER 100PF 100V X8R 0603,100pF 100V (X8R),Capacitors:C,Capacitor_SMD:C_0603_1608Metric,KEMET,C0603C101K1HACTU,https://www.digikey.es/es/products/detail/kemet/C0603C101K1HACTU/7946921,,,,,100pF,±10%,100V,X8R,,,,,,-55°C ~ 150°C,Activo,,,AMR,22/08/2026,,,,,,,,,,,
IPN_C-????,C0603_100pF_50V_±1%_X8R,CAP CER 100PF 50V X8R 0603,100pF 50V (X8R),Capacitors:C,Capacitor_SMD:C_0603_1608Metric,KEMET,C0603C101F5HACTU,https://www.digikey.es/es/products/detail/kemet/C0603C101F5HACTU/7946093,,,,,100pF,±1%,50V,X8R,,,,,,-55°C ~ 150°C,Activo,,,AMR,22/08/2026,,,,,,,,,,,
IPN_C-????,C0603_100pF_50V_±20%_X8R,CAP CER 100PF 50V X8R 0603,100pF 50V (X8R),Capacitors:C,Capacitor_SMD:C_0603_1608Metric,KEMET,C0603C101M5HACTU,https://www.digikey.es/es/products/detail/kemet/C0603C101M5HACTU/7947145,,,,,100pF,±20%,50V,X8R,,,,,,-55°C ~ 150°C,Activo,,,AMR,22/08/2026,,,,,,,,,,,
IPN_C-????,C0603_100pF_25V_±20%_X8R,CAP CER 100PF 25V X8R 0603,100pF 25V (X8R),Capacitors:C,Capacitor_SMD:C_0603_1608Metric,KEMET,C0603C101M3HACTU,https://www.digikey.es/es/products/detail/kemet/C0603C101M3HACTU/7947106,,,,,100pF,±20%,25V,X8R,,,,,,-55°C ~ 150°C,Activo,,,AMR,22/08/2026,,,,,,,,,,,
IPN_C-????,C0603_100pF_50V_±5%_X8R,CAP CER 100PF 50V X8R 0603,100pF 50V (X8R),Capacitors:C,Capacitor_SMD:C_0603_1608Metric,KEMET,C0603C101J5HACTU,https://www.digikey.es/es/products/detail/kemet/C0603C101J5HACTU/7946619,,,,,100pF,±5%,50V,X8R,,,,,,-55°C ~ 150°C,Activo,,,AMR,22/08/2026,,,,,,,,,,,
IPN_C-????,C0603_100pF_25V_±2%_X8R,CAP CER 100PF 25V X8R 0603,100pF 25V (X8R),Capacitors:C,Capacitor_SMD:C_0603_1608Metric,KEMET,C0603C101G3HACTU,https://www.digikey.es/es/products/detail/kemet/C0603C101G3HACTU/7946317,,,,,100pF,±2%,25V,X8R,,,,,,-55°C ~ 150°C,Activo,,,AMR,22/08/2026,,,,,,,,,,,
IPN_C-????,C0603_100pF_100V_±2%_X8R,CAP CER 100PF 100V X8R 0603,100pF 100V (X8R),Capacitors:C,Capacitor_SMD:C_0603_1608Metric,KEMET,C0603C101G1HACTU,https://www.digikey.es/es/products/detail/kemet/C0603C101G1HACTU/7946395,,,,,100pF,±2%,100V,X8R,,,,,,-55°C ~ 150°C,Activo,,,AMR,22/08/2026,,,,,,,,,,,
IPN_C-????,C0603_100pF_50V_±5%_X8G,CAP CER 100PF 50V X8G 0603,100pF 50V (X8G),Capacitors:C,Capacitor_SMD:C_0603_1608Metric,KEMET,C0603C101J5TACAUTO,https://www.digikey.es/es/products/detail/kemet/C0603C101J5TACAUTO/18172915,,,,,100pF,±5%,50V,X8G,,,,,,-55°C ~ 150°C,Activo,,,AMR,22/08/2026,,,,,,,,,,,
IPN_C-????,C0603_100pF_100V_±5%_X8R,CAP CER 0603 100PF 100V ULTRA ST,100pF 100V (X8R),Capacitors:C,Capacitor_SMD:C_0603_1608Metric,KEMET,C0603X101J1HACAUTO,https://www.digikey.es/es/products/detail/kemet/C0603X101J1HACAUTO/8324452,,,,,100pF,±5%,100V,X8R,,,,,,-55°C ~ 150°C,Activo,,,AMR,22/08/2026,,,,,,,,,,,
IPN_C-????,C0603_100pF_6.3V_±10%_X7R,CAP CER 100PF 6.3V X7R 0402,100pF 6.3V (X7R),Capacitors:C,Capacitor_SMD:C_0603_1608Metric,KEMET,C0402C101K9RACTU,https://www.digikey.es/es/products/detail/kemet/C0402C101K9RACTU/18175572,,,,,100pF,±10%,6.3V,X7R,,,,,,-55°C ~ 125°C,Activo,,,AMR,22/08/2026,,,,,,,,,,,
IPN_C-????,C0805_100pF_50V_±10%_C0G,CAP CER 100PF 50V C0G/NP0 0805,100pF 50V (C0G),Capacitors:C,Capacitor_SMD:C_0805_2012Metric,KEMET,C0805C101K5GACTU,https://www.digikey.es/es/products/detail/kemet/C0805C101K5GACTU/411120,,,,,100pF,±10%,50V,C0G,,,,,,-55°C ~ 125°C,Activo,,,AMR,22/08/2026,,,,,,,,,,,
IPN_C-????,C0805_100pF_50V_±10%_X7R,CAP CER 100PF 50V X7R 0805,100pF 50V (X7R),Capacitors:C,Capacitor_SMD:C_0805_2012Metric,KEMET,C0805C101K5RACTU,https://www.digikey.es/es/products/detail/kemet/C0805C101K5RACTU/2211649,,,,,100pF,±10%,50V,X7R,,,,,,-55°C ~ 125°C,Activo,,,AMR,22/08/2026,,,,,,,,,,,
IPN_C-????,C0402_1nF_16V_±10%_X7R,CAP CER 1000PF 16V X7R 0402,1nF 16V (X7R),Capacitors:C,Capacitor_SMD:C_0402_1005Metric,KEMET,C0402C102K4RACTU,https://www.digikey.es/es/products/detail/kemet/C0402C102K4RACTU/2196199,,,,,1nF,±10%,16V,X7R,,,,,,-55°C ~ 125°C,Activo,,,AMR,22/08/2026,,,,,,,,,,,
IPN_C-????,C0603_1nF_50V_±10%_X7R,CAP CER 1000PF 50V X7R 0603,1nF 50V (X7R),Capacitors:C,Capacitor_SMD:C_0603_1608Metric,KEMET,C0603C102K5RACTU,https://www.digikey.es/es/products/detail/kemet/C0603C102K5RACTU/411081,,,,,1nF,±10%,50V,X7R,,,,,,-55°C ~ 125°C,Activo,,,AMR,22/08/2026,,,,,,,,,,,
IPN_C-????,C0603_1nF_50V_±10%_C0G,CAP CER 1000PF 50V C0G/NP0 0603,1nF 50V (C0G),Capacitors:C,Capacitor_SMD:C_0603_1608Metric,KEMET,C0603C102K5GACTU,https://www.digikey.es/es/products/detail/kemet/C0603C102K5GACTU/2199723,,,,,1nF,±10%,50V,C0G,,,,,,-55°C ~ 125°C,Activo,,,AMR,22/08/2026,,,,,,,,,,,
IPN_C-????,C0603_1nF_50V_±10%_X8R,CAP CER 1000PF 50V X8R 0603,1nF 50V (X8R),Capacitors:C,Capacitor_SMD:C_0603_1608Metric,KEMET,C0603C102K5HACTU,https://www.digikey.es/es/products/detail/kemet/C0603C102K5HACTU/2209293,,,,,1nF,±10%,50V,X8R,,,,,,-55°C ~ 150°C,Activo,,,AMR,22/08/2026,,,,,,,,,,,
IPN_C-????,C0603_1nF_100V_±5%_X8R,CAP CER 1000PF 100V X8R 0603,1nF 100V (X8R),Capacitors:C,Capacitor_SMD:C_0603_1608Metric,KEMET,C0603C102J1HACAUTO,https://www.digikey.es/es/products/detail/kemet/C0603C102J1HACAUTO/7516207,,,,,1nF,±5%,100V,X8R,,,,,,-55°C ~ 150°C,Activo,,,AMR,22/08/2026,,,,,,,,,,,
IPN_C-????,C0603_1nF_50V_±5%_X8R,CAP CER 1000PF 50V X8R 0603,1nF 50V (X8R),Capacitors:C,Capacitor_SMD:C_0603_1608Metric,KEMET,C0603C102J5HACTU,https://www.digikey.es/es/products/detail/kemet/C0603C102J5HACTU/3737123,,,,,1nF,±5%,50V,X8R,,,,,,-55°C ~ 150°C,Activo,,,AMR,22/08/2026,,,,,,,,,,,
IPN_C-????,C0603_1nF_100V_±10%_X8R,CAP CER 1000PF 100V X8R 0603,1nF 100V (X8R),Capacitors:C,Capacitor_SMD:C_0603_1608Metric,KEMET,C0603C102K1HACAUTO,https://www.digikey.es/es/products/detail/kemet/C0603C102K1HACAUTO/9343283,,,,,1nF,±10%,100V,X8R,,,,,,-55°C ~ 150°C,Activo,,,AMR,22/08/2026,,,,,,,,,,,
IPN_C-????,C0603_1nF_200V_±5%_X8G,CAP CERM 1000PF 200V,1nF 200V (X8G),Capacitors:C,Capacitor_SMD:C_0603_1608Metric,KEMET,C0603C102J2TACAUTO,https://www.digikey.es/es/products/detail/kemet/C0603C102J2TACAUTO/26657618,,,,,1nF,±5%,200V,X8G,,,,,,-55°C ~ 150°C,Activo,,,AMR,22/08/2026,,,,,,,,,,,
IPN_C-????,C0402_1nF_6.3V_±10%_X7R,CAP CER 1000PF 6.3V X7R 0402,1nF 6.3V (X7R),Capacitors:C,Capacitor_SMD:C_0402_1005Metric,KEMET,C0402C102K9RACTU,https://www.digikey.es/es/products/detail/kemet/C0402C102K9RACTU/2196206,,,,,1nF,±10%,6.3V,X7R,,,,,,-55°C ~ 125°C,Activo,,,AMR,22/08/2026,,,,,,,,,,,
IPN_C-????,C0805_1nF_50V_±10%_X7R,CAP CER 1000PF 50V X7R 0805,1nF 50V (X7R),Capacitors:C,Capacitor_SMD:C_0805_2012Metric,KEMET,C0805C102K5RACTU,https://www.digikey.es/es/products/detail/kemet/C0805C102K5RACTU/411146,,,,,1nF,±10%,50V,X7R,,,,,,-55°C ~ 125°C,Activo,,,AMR,22/08/2026,,,,,,,,,,,
IPN_C-????,C0805_1nF_50V_±10%_C0G,CAP CER 1000PF 50V C0G/NP0 0805,1nF 50V (C0G),Capacitors:C,Capacitor_SMD:C_0805_2012Metric,KEMET,C0805C102K5GACTU,https://www.digikey.es/es/products/detail/kemet/C0805C102K5GACTU/2209704,,,,,1nF,±10%,50V,C0G,,,,,,-55°C ~ 125°C,Activo,,,AMR,22/08/2026,,,,,,,,,,,
IPN_C-????,C0402_10nF_16V_±10%_X7R,CAP CER 10000PF 16V X7R 0402,10nF 16V (X7R),Capacitors:C,Capacitor_SMD:C_0402_1005Metric,KEMET,C0402C103K4RACTU,https://www.digikey.es/es/products/detail/kemet/C0402C103K4RACTU/411040,,,,,10nF,±10%,16V,X7R,,,,,,-55°C ~ 125°C,Activo,,,AMR,22/08/2026,,,,,,,,,,,
IPN_C-????,C0603_10nF_50V_±10%_X7R,CAP CER 10000PF 50V X7R 0603,10nF 50V (X7R),Capacitors:C,Capacitor_SMD:C_0603_1608Metric,KEMET,C0603C103K5RACTU,https://www.digikey.es/es/products/detail/kemet/C0603C103K5RACTU/411090,,,,,10nF,±10%,50V,X7R,,,,,,-55°C ~ 125°C,Activo,,,AMR,22/08/2026,,,,,,,,,,,
IPN_C-????,C0603_10nF_25V_±10%_X8R,CAP CER 10000PF 25V X8R 0603,10nF 25V (X8R),Capacitors:C,Capacitor_SMD:C_0603_1608Metric,KEMET,C0603C103K3HACTU,https://www.digikey.es/es/products/detail/kemet/C0603C103K3HACTU/2209298,,,,,10nF,±10%,25V,X8R,,,,,,-55°C ~ 150°C,Activo,,,AMR,22/08/2026,,,,,,,,,,,
IPN_C-????,C0603_10nF_25V_±10%_X8G,CAP CER 10000PF 25V X8G 0603,10nF 25V (X8G),Capacitors:C,Capacitor_SMD:C_0603_1608Metric,KEMET,C0603C103K3TACAUTO,https://www.digikey.es/es/products/detail/kemet/C0603C103K3TACAUTO/13546784,,,,,10nF,±10%,25V,X8G,,,,,,-55°C ~ 150°C,Activo,,,AMR,22/08/2026,,,,,,,,,,,
IPN_C-????,C0603_10nF_25V_±5%_X8R,CAP CER 10000PF 25V X8R 0603,10nF 25V (X8R),Capacitors:C,Capacitor_SMD:C_0603_1608Metric,KEMET,C0603C103J3HACTU,https://www.digikey.es/es/products/detail/kemet/C0603C103J3HACTU/2209299,,,,,10nF,±5%,25V,X8R,,,,,,-55°C ~ 150°C,Activo,,,AMR,22/08/2026,,,,,,,,,,,
IPN_C-????,C0402_10nF_6.3V_±10%_X5R,CAP CER 10000PF 6.3V X5R 0402,10nF 6.3V (X5R),Capacitors:C,Capacitor_SMD:C_0402_1005Metric,KEMET,C0402C103K9PACTU,https://www.digikey.es/es/products/detail/kemet/C0402C103K9PACTU/7381986,,,,,10nF,±10%,6.3V,X5R,,,,,,-55°C ~ 85°C,Activo,,,AMR,22/08/2026,,,,,,,,,,,
IPN_C-????,C0402_10nF_6.3V_±10%_X7R,CAP CER 10000PF 6.3V X7R 0402,10nF 6.3V (X7R),Capacitors:C,Capacitor_SMD:C_0402_1005Metric,KEMET,C0402C103K9RACTU,https://www.digikey.es/es/products/detail/kemet/C0402C103K9RACTU/2196224,,,,,10nF,±10%,6.3V,X7R,,,,,,-55°C ~ 125°C,Activo,,,AMR,22/08/2026,,,,,,,,,,,
IPN_C-????,C0805_10nF_50V_±10%_X7R,CAP CER 10000PF 50V X7R 0805,10nF 50V (X7R),Capacitors:C,Capacitor_SMD:C_0805_2012Metric,KEMET,C0805C103K5RACTU,https://www.digikey.es/es/products/detail/kemet/C0805C103K5RACTU/411157,,,,,10nF,±10%,50V,X7R,,,,,,-55°C ~ 125°C,Activo,,,AMR,22/08/2026,,,,,,,,,,,
IPN_C-????,C0805_10nF_50V_±10%_C0G,CAP CER 0805 10NF 50V C0G 10%,10nF 50V (C0G),Capacitors:C,Capacitor_SMD:C_0805_2012Metric,KEMET,C0805C103K5GEC7210,https://www.digikey.es/es/products/detail/kemet/C0805C103K5GEC7210/8646014,,,,,10nF,±10%,50V,C0G,,,,,,-55°C ~ 125°C,Activo,,,AMR,22/08/2026,,,,,,,,,,,
IPN_C-????,C0402_12pF_16V_±10%_C0G,CAP CER 12PF 16V C0G/NP0 0402,12pF 16V (C0G),Capacitors:C,Capacitor_SMD:C_0402_1005Metric,KEMET,C0402C120K4GACTU,https://www.digikey.es/es/products/detail/kemet/C0402C120K4GACTU/2196271,,,,,12pF,±10%,16V,C0G,,,,,,-55°C ~ 125°C,Activo,,,AMR,22/08/2026,,,,,,,,,,,
IPN_C-????,C0603_12pF_50V_±10%_C0G,CAP CER 12PF 50V C0G/NP0 0603,12pF 50V (C0G),Capacitors:C,Capacitor_SMD:C_0603_1608Metric,KEMET,C0603C120K5GACTU,https://www.digikey.es/es/products/detail/kemet/C0603C120K5GACTU/2199838,,,,,12pF,±10%,50V,C0G,,,,,,-55°C ~ 125°C,Activo,,,AMR,22/08/2026,,,,,,,,,,,
IPN_C-????,C0603_12pF_50V_±10%_X7R,CAP CER 12PF 50V X7R 0603,12pF 50V (X7R),Capacitors:C,Capacitor_SMD:C_0603_1608Metric,KEMET,C0603C120K5RACTU,https://www.digikey.es/es/products/detail/kemet/C0603C120K5RACTU/12701315,,,,,12pF,±10%,50V,X7R,,,,,,-55°C ~ 125°C,Activo,,,AMR,22/08/2026,,,,,,,,,,,
IPN_C-????,C0603_12pF_50V_±10%_X8R,CAP CER 12PF 50V X8R 0603,12pF 50V (X8R),Capacitors:C,Capacitor_SMD:C_0603_1608Metric,KEMET,C0603C120K5HACTU,https://www.digikey.es/es/products/detail/kemet/C0603C120K5HACTU/7946860,,,,,12pF,±10%,50V,X8R,,,,,,-55°C ~ 150°C,Activo,,,AMR,22/08/2026,,,,,,,,,,,
IPN_C-????,C0402_12pF_6.3V_±10%_X7R,CAP CER 12PF 6.3V X7R 0402,12pF 6.3V (X7R),Capacitors:C,Capacitor_SMD:C_0402_1005Metric,KEMET,C0402C120K9RACTU,https://www.digikey.es/es/products/detail/kemet/C0402C120K9RACTU/18136341,,,,,12pF,±10%,6.3V,X7R,,,,,,-55°C ~ 125°C,Activo,,,AMR,22/08/2026,,,,,,,,,,,
IPN_C-????,C0805_12pF_50V_±10%_X7R,CAP CER 12PF 50V X7R 0805,12pF 50V (X7R),Capacitors:C,Capacitor_SMD:C_0805_2012Metric,KEMET,C0805C120K5RAC AUTO,https://www.digikey.es/es/products/detail/kemet/C0805C120K5RAC-AUTO/13177624,,,,,12pF,±10%,50V,X7R,,,,,,-55°C ~ 125°C,Activo,,,AMR,22/08/2026,,,,,,,,,,,
IPN_C-????,C0805_12pF_50V_±10%_C0G,CAP CER 12PF 50V C0G/NP0 0805,12pF 50V (C0G),Capacitors:C,Capacitor_SMD:C_0805_2012Metric,KEMET,C0805C120K5GACTU,https://www.digikey.es/es/products/detail/kemet/C0805C120K5GACTU/2209706,,,,,12pF,±10%,50V,C0G,,,,,,-55°C ~ 125°C,Activo,,,AMR,22/08/2026,,,,,,,,,,,
IPN_C-????,C0603_120pF_50V_±10%_X7R,CAP CER 120PF 50V X7R 0603,120pF 50V (X7R),Capacitors:C,Capacitor_SMD:C_0603_1608Metric,KEMET,C0603C121K5RACTU,https://www.digikey.es/es/products/detail/kemet/C0603C121K5RACTU/7382065,,,,,120pF,±10%,50V,X7R,,,,,,-55°C ~ 125°C,Activo,,,AMR,22/08/2026,,,,,,,,,,,
IPN_C-????,C0603_120pF_50V_±10%_C0G,CAP CER 120PF 50V C0G/NP0 0603,120pF 50V (C0G),Capacitors:C,Capacitor_SMD:C_0603_1608Metric,KEMET,C0603C121K5GACTU,https://www.digikey.es/es/products/detail/kemet/C0603C121K5GACTU/2199854,,,,,120pF,±10%,50V,C0G,,,,,,-55°C ~ 125°C,Activo,,,AMR,22/08/2026,,,,,,,,,,,
IPN_C-????,C0603_120pF_50V_±10%_X7R,CAP CER 120PF 50V X7R 0603,120pF 50V (X7R),Capacitors:C,Capacitor_SMD:C_0603_1608Metric,KEMET,C0603C121K5RACAUTO,https://www.digikey.es/es/products/detail/kemet/C0603C121K5RACAUTO/16818712,,,,,120pF,±10%,50V,X7R,,,,,,-55°C ~ 125°C,Activo,,,AMR,22/08/2026,,,,,,,,,,,
IPN_C-????,C0805_120pF_50V_±10%_C0G,CAP CER 120PF 50V C0G/NP0 0805,120pF 50V (C0G),Capacitors:C,Capacitor_SMD:C_0805_2012Metric,KEMET,C0805C121K5GACTU,https://www.digikey.es/es/products/detail/kemet/C0805C121K5GACTU/2211833,,,,,120pF,±10%,50V,C0G,,,,,,-55°C ~ 125°C,Activo,,,AMR,22/08/2026,,,,,,,,,,,
IPN_C-????,C0402_1.2nF_16V_±10%_X7R,CAP CER 1200PF 16V X7R 0402,1.2nF 16V (X7R),Capacitors:C,Capacitor_SMD:C_0402_1005Metric,KEMET,C0402C122K4RACTU,https://www.digikey.es/es/products/detail/kemet/C0402C122K4RACTU/2196282,,,,,1.2nF,±10%,16V,X7R,,,,,,-55°C ~ 125°C,Activo,,,AMR,22/08/2026,,,,,,,,,,,
IPN_C-????,C0603_1.2nF_50V_±10%_X7R,CAP CER 1200PF 50V X7R 0603,1.2nF 50V (X7R),Capacitors:C,Capacitor_SMD:C_0603_1608Metric,KEMET,C0603C122K5RACTU,https://www.digikey.es/es/products/detail/kemet/C0603C122K5RACTU/2199869,,,,,1.2nF,±10%,50V,X7R,,,,,,-55°C ~ 125°C,Activo,,,AMR,22/08/2026,,,,,,,,,,,
IPN_C-????,C0805_1.2nF_50V_±10%_X7R,CAP CER 1200PF 50V X7R 0805,1.2nF 50V (X7R),Capacitors:C,Capacitor_SMD:C_0805_2012Metric,KEMET,C0805C122K5RACTU,https://www.digikey.es/es/products/detail/kemet/C0805C122K5RACTU/2209707,,,,,1.2nF,±10%,50V,X7R,,,,,,-55°C ~ 125°C,Activo,,,AMR,22/08/2026,,,,,,,,,,,
IPN_C-????,C0805_1.2nF_50V_±10%_C0G,CAP CER 1200PF 50V C0G/NP0 0805,1.2nF 50V (C0G),Capacitors:C,Capacitor_SMD:C_0805_2012Metric,KEMET,C0805C122K5GACTU,https://www.digikey.es/es/products/detail/kemet/C0805C122K5GACTU/2211856,,,,,1.2nF,±10%,50V,C0G,,,,,,-55°C ~ 125°C,Activo,,,AMR,22/08/2026,,,,,,,,,,,
IPN_C-????,C0603_13pF_50V_±1%_X8R,CAP CER 0603 13PF 50V ULTRA STAB,13pF 50V (X8R),Capacitors:C,Capacitor_SMD:C_0603_1608Metric,KEMET,C0603C130F5HACAUTO,https://www.digikey.es/es/products/detail/kemet/C0603C130F5HACAUTO/7956479,,,,,13pF,±1%,50V,X8R,,,,,,-55°C ~ 150°C,Activo,,,AMR,22/08/2026,,,,,,,,,,,
IPN_C-????,C0805_13pF_50V_±10%_C0G,CAP CER 13PF 50V C0G/NP0 0805,13pF 50V (C0G),Capacitors:C,Capacitor_SMD:C_0805_2012Metric,KEMET,C0805C130K5GACTU,https://www.digikey.es/es/products/detail/kemet/C0805C130K5GACTU/2211899,,,,,13pF,±10%,50V,C0G,,,,,,-55°C ~ 125°C,Activo,,,AMR,22/08/2026,,,,,,,,,,,
IPN_C-????,C2220_15uF_50V_±10%_X7R,CAP CER 15UF 50V X7R 2220,15uF 50V (X7R),Capacitors:C,Capacitor_SMD:C_2220_5750Metric,KEMET,C2220C156K5RACTU,https://www.digikey.es/es/products/detail/kemet/C2220C156K5RACTU/3737181,,,,,15uF,±10%,50V,X7R,,,,,,-55°C ~ 125°C,Activo,,,AMR,22/08/2026,,,,,,,,,,,
IPN_C-????,C0402_15pF_16V_±10%_C0G,CAP CER 15PF 16V C0G/NP0 0402,15pF 16V (C0G),Capacitors:C,Capacitor_SMD:C_0402_1005Metric,KEMET,C0402C150K4GACTU,https://www.digikey.es/es/products/detail/kemet/C0402C150K4GACTU/2196309,,,,,15pF,±10%,16V,C0G,,,,,,-55°C ~ 125°C,Activo,,,AMR,22/08/2026,,,,,,,,,,,
IPN_C-????,C0603_15pF_50V_±10%_C0G,CAP CER 15PF 50V C0G/NP0 0603,15pF 50V (C0G),Capacitors:C,Capacitor_SMD:C_0603_1608Metric,KEMET,C0603C150K5GACTU,https://www.digikey.es/es/products/detail/kemet/C0603C150K5GACTU/2199933,,,,,15pF,±10%,50V,C0G,,,,,,-55°C ~ 125°C,Activo,,,AMR,22/08/2026,,,,,,,,,,,
IPN_C-????,C0603_15pF_50V_±10%_X7R,CAP CER 15PF 50V X7R 0603,15pF 50V (X7R),Capacitors:C,Capacitor_SMD:C_0603_1608Metric,KEMET,C0603C150K5RACTU,https://www.digikey.es/es/products/detail/kemet/C0603C150K5RACTU/9924868,,,,,15pF,±10%,50V,X7R,,,,,,-55°C ~ 125°C,Activo,,,AMR,22/08/2026,,,,,,,,,,,
IPN_C-????,C0603_15pF_25V_±10%_X8R,CAP CER 15PF 25V X8R 0603,15pF 25V (X8R),Capacitors:C,Capacitor_SMD:C_0603_1608Metric,KEMET,C0603C150K3HACTU,https://www.digikey.es/es/products/detail/kemet/C0603C150K3HACTU/7946823,,,,,15pF,±10%,25V,X8R,,,,,,-55°C ~ 150°C,Activo,,,AMR,22/08/2026,,,,,,,,,,,
IPN_C-????,C0603_15pF_100V_±10%_X8R,CAP CER 0603 15PF 100V ULTRA STA,15pF 100V (X8R),Capacitors:C,Capacitor_SMD:C_0603_1608Metric,KEMET,C0603C150K1HACAUTO,https://www.digikey.es/es/products/detail/kemet/C0603C150K1HACAUTO/7957304,,,,,15pF,±10%,100V,X8R,,,,,,-55°C ~ 150°C,Activo,,,AMR,22/08/2026,,,,,,,,,,,
IPN_C-????,C0805_15pF_50V_±10%_X7R,CAP CER 15PF 50V X7R 0805,15pF 50V (X7R),Capacitors:C,Capacitor_SMD:C_0805_2012Metric,KEMET,C0805C150K5RACTU,https://www.digikey.es/es/products/detail/kemet/C0805C150K5RACTU/8572456,,,,,15pF,±10%,50V,X7R,,,,,,-55°C ~ 125°C,Activo,,,AMR,22/08/2026,,,,,,,,,,,
IPN_C-????,C0805_15pF_50V_±10%_C0G,CAP CER 15PF 50V C0G/NP0 0805,15pF 50V (C0G),Capacitors:C,Capacitor_SMD:C_0805_2012Metric,KEMET,C0805C150K5GACTU,https://www.digikey.es/es/products/detail/kemet/C0805C150K5GACTU/2211929,,,,,15pF,±10%,50V,C0G,,,,,,-55°C ~ 125°C,Activo,,,AMR,22/08/2026,,,,,,,,,,,
IPN_C-????,C0402_150pF_16V_±10%_X7R,CAP CER 150PF 16V X7R 0402,150pF 16V (X7R),Capacitors:C,Capacitor_SMD:C_0402_1005Metric,KEMET,C0402C151K4RACTU,https://www.digikey.es/es/products/detail/kemet/C0402C151K4RACTU/2196320,,,,,150pF,±10%,16V,X7R,,,,,,-55°C ~ 125°C,Activo,,,AMR,22/08/2026,,,,,,,,,,,
IPN_C-????,C0603_150pF_50V_±10%_X7R,CAP CER 150PF 50V X7R 0603,150pF 50V (X7R),Capacitors:C,Capacitor_SMD:C_0603_1608Metric,KEMET,C0603C151K5RACTU,https://www.digikey.es/es/products/detail/kemet/C0603C151K5RACTU/2199955,,,,,150pF,±10%,50V,X7R,,,,,,-55°C ~ 125°C,Activo,,,AMR,22/08/2026,,,,,,,,,,,
IPN_C-????,C0603_150pF_50V_±10%_C0G,CAP CER 150PF 50V C0G/NP0 0603,150pF 50V (C0G),Capacitors:C,Capacitor_SMD:C_0603_1608Metric,KEMET,C0603C151K5GACTU,https://www.digikey.es/es/products/detail/kemet/C0603C151K5GACTU/2199953,,,,,150pF,±10%,50V,C0G,,,,,,-55°C ~ 125°C,Activo,,,AMR,22/08/2026,,,,,,,,,,,
IPN_C-????,C0603_150pF_100V_±2%_X8R,CAP CER 150PF 100V X8R 0603,150pF 100V (X8R),Capacitors:C,Capacitor_SMD:C_0603_1608Metric,KEMET,C0603C151G1HACTU,https://www.digikey.es/es/products/detail/kemet/C0603C151G1HACTU/7946399,,,,,150pF,±2%,100V,X8R,,,,,,-55°C ~ 150°C,Activo,,,AMR,22/08/2026,,,,,,,,,,,
IPN_C-????,C0603_150pF_50V_±2%_X8R,CAP CER 0603 150PF 50V ULTRA STA,150pF 50V (X8R),Capacitors:C,Capacitor_SMD:C_0603_1608Metric,KEMET,C0603C151G5HACAUTO,https://www.digikey.es/es/products/detail/kemet/C0603C151G5HACAUTO/7956767,,,,,150pF,±2%,50V,X8R,,,,,,-55°C ~ 150°C,Activo,,,AMR,22/08/2026,,,,,,,,,,,
IPN_C-????,C0603_150pF_100V_±1%_X8R,CAP CER 150PF 100V X8R 0603,150pF 100V (X8R),Capacitors:C,Capacitor_SMD:C_0603_1608Metric,KEMET,C0603C151F1HACTU,https://www.digikey.es/es/products/detail/kemet/C0603C151F1HACTU/7946136,,,,,150pF,±1%,100V,X8R,,,,,,-55°C ~ 150°C,Activo,,,AMR,22/08/2026,,,,,,,,,,,
IPN_C-????,C0603_150pF_50V_±20%_X8R,CAP CER 150PF 50V X8R 0603,150pF 50V (X8R),Capacitors:C,Capacitor_SMD:C_0603_1608Metric,KEMET,C0603C151M5HACTU,https://www.digikey.es/es/products/detail/kemet/C0603C151M5HACTU/7947149,,,,,150pF,±20%,50V,X8R,,,,,,-55°C ~ 150°C,Activo,,,AMR,22/08/2026,,,,,,,,,,,
IPN_C-????,C0603_150pF_50V_±5%_X8R,CAP CER 0603 150PF 50V ULTRA STA,150pF 50V (X8R),Capacitors:C,Capacitor_SMD:C_0603_1608Metric,KEMET,C0603C151J5HACAUTO,https://www.digikey.es/es/products/detail/kemet/C0603C151J5HACAUTO/7957030,,,,,150pF,±5%,50V,X8R,,,,,,-55°C ~ 150°C,Activo,,,AMR,22/08/2026,,,,,,,,,,,
IPN_C-????,C0805_150pF_50V_±10%_X7R,CAP CER 150PF 50V X7R 0805,150pF 50V (X7R),Capacitors:C,Capacitor_SMD:C_0805_2012Metric,KEMET,C0805C151K5RACTU,https://www.digikey.es/es/products/detail/kemet/C0805C151K5RACTU/2211951,,,,,150pF,±10%,50V,X7R,,,,,,-55°C ~ 125°C,Activo,,,AMR,22/08/2026,,,,,,,,,,,
IPN_C-????,C0805_150pF_50V_±10%_C0G,CAP CER 150PF 50V C0G/NP0 0805,150pF 50V (C0G),Capacitors:C,Capacitor_SMD:C_0805_2012Metric,KEMET,C0805C151K5GACTU,https://www.digikey.es/es/products/detail/kemet/C0805C151K5GACTU/1933620,,,,,150pF,±10%,50V,C0G,,,,,,-55°C ~ 125°C,Activo,,,AMR,22/08/2026,,,,,,,,,,,
IPN_C-????,C0402_1.5nF_16V_±10%_X7R,CAP CER 1500PF 16V X7R 0402,1.5nF 16V (X7R),Capacitors:C,Capacitor_SMD:C_0402_1005Metric,KEMET,C0402C152K4RACTU,https://www.digikey.es/es/products/detail/kemet/C0402C152K4RACTU/2196335,,,,,1.5nF,±10%,16V,X7R,,,,,,-55°C ~ 125°C,Activo,,,AMR,22/08/2026,,,,,,,,,,,
IPN_C-????,C0603_1.5nF_50V_±10%_X7R,CAP CER 1500PF 50V X7R 0603,1.5nF 50V (X7R),Capacitors:C,Capacitor_SMD:C_0603_1608Metric,KEMET,C0603C152K5RACTU,https://www.digikey.es/es/products/detail/kemet/C0603C152K5RACTU/411083,,,,,1.5nF,±10%,50V,X7R,,,,,,-55°C ~ 125°C,Activo,,,AMR,22/08/2026,,,,,,,,,,,
IPN_C-????,C0603_1.5nF_50V_±10%_C0G,CAP CER 1500PF 50V C0G/NP0 0603,1.5nF 50V (C0G),Capacitors:C,Capacitor_SMD:C_0603_1608Metric,KEMET,C0603C152K5GACTU,https://www.digikey.es/es/products/detail/kemet/C0603C152K5GACTU/12701035,,,,,1.5nF,±10%,50V,C0G,,,,,,-55°C ~ 125°C,Activo,,,AMR,22/08/2026,,,,,,,,,,,
IPN_C-????,C0603_1.5nF_50V_±5%_X8R,CAP CER 1500PF 50V X8R 0603,1.5nF 50V (X8R),Capacitors:C,Capacitor_SMD:C_0603_1608Metric,KEMET,C0603C152J5HACAUTO,https://www.digikey.es/es/products/detail/kemet/C0603C152J5HACAUTO/7516002,,,,,1.5nF,±5%,50V,X8R,,,,,,-55°C ~ 150°C,Activo,,,AMR,22/08/2026,,,,,,,,,,,
IPN_C-????,C0603_1.5nF_100V_±10%_X8R,CAP CER 1500PF 100V X8R 0603,1.5nF 100V (X8R),Capacitors:C,Capacitor_SMD:C_0603_1608Metric,KEMET,C0603X152K1HACAUTO,https://www.digikey.es/es/products/detail/kemet/C0603X152K1HACAUTO/13905632,,,,,1.5nF,±10%,100V,X8R,,,,,,-55°C ~ 150°C,Activo,,,AMR,22/08/2026,,,,,,,,,,,
IPN_C-????,C0402_1.5nF_6.3V_±10%_X7R,CAP CER 1500PF 6.3V X7R 0402,1.5nF 6.3V (X7R),Capacitors:C,Capacitor_SMD:C_0402_1005Metric,KEMET,C0402C152K9RACTU,https://www.digikey.es/es/products/detail/kemet/C0402C152K9RACTU/22057253,,,,,1.5nF,±10%,6.3V,X7R,,,,,,-55°C ~ 125°C,Activo,,,AMR,22/08/2026,,,,,,,,,,,
IPN_C-????,C0805_1.5nF_50V_±10%_X7R,CAP CER 1500PF 50V X7R 0805,1.5nF 50V (X7R),Capacitors:C,Capacitor_SMD:C_0805_2012Metric,KEMET,C0805C152K5RACTU,https://www.digikey.es/es/products/detail/kemet/C0805C152K5RACTU/411149,,,,,1.5nF,±10%,50V,X7R,,,,,,-55°C ~ 125°C,Activo,,,AMR,22/08/2026,,,,,,,,,,,
IPN_C-????,C0805_1.5nF_50V_±10%_C0G,CAP CER 1500PF 50V C0G/NP0 0805,1.5nF 50V (C0G),Capacitors:C,Capacitor_SMD:C_0805_2012Metric,KEMET,C0805C152K5GACAUTO,https://www.digikey.es/es/products/detail/kemet/C0805C152K5GACAUTO/10642365,,,,,1.5nF,±10%,50V,C0G,,,,,,-55°C ~ 125°C,Activo,,,AMR,22/08/2026,,,,,,,,,,,
IPN_C-????,C0603_16pF_50V_±10%_C0G,CAP CER 16PF 50V C0G/NP0 0603,16pF 50V (C0G),Capacitors:C,Capacitor_SMD:C_0603_1608Metric,KEMET,C0603C160K5GACTU,https://www.digikey.es/es/products/detail/kemet/C0603C160K5GACTU/2200033,,,,,16pF,±10%,50V,C0G,,,,,,-55°C ~ 125°C,Activo,,,AMR,22/08/2026,,,,,,,,,,,
IPN_C-????,C0603_16pF_50V_±5%_X8R,CAP CER 16PF 50V X8R 0603,16pF 50V (X8R),Capacitors:C,Capacitor_SMD:C_0603_1608Metric,KEMET,C0603C160J5HACTU,https://www.digikey.es/es/products/detail/kemet/C0603C160J5HACTU/7946600,,,,,16pF,±5%,50V,X8R,,,,,,-55°C ~ 150°C,Activo,,,AMR,22/08/2026,,,,,,,,,,,
IPN_C-????,C0603_16pF_25V_±5%_X8R,CAP CER 16PF 25V X8R 0603,16pF 25V (X8R),Capacitors:C,Capacitor_SMD:C_0603_1608Metric,KEMET,C0603C160J3HACTU,https://www.digikey.es/es/products/detail/kemet/C0603C160J3HACTU/7946561,,,,,16pF,±5%,25V,X8R,,,,,,-55°C ~ 150°C,Activo,,,AMR,22/08/2026,,,,,,,,,,,
IPN_C-????,C0603_1.6nF_50V_±10%_U2J,CAP CER 1600PF 50V U2J 0603,1.6nF 50V (U2J),Capacitors:C,Capacitor_SMD:C_0603_1608Metric,KEMET,C0603C162K5JACAUTO,https://www.digikey.es/es/products/detail/kemet/C0603C162K5JACAUTO/7420996,,,,,1.6nF,±10%,50V,U2J,,,,,,-55°C ~ 125°C,Activo,,,AMR,22/08/2026,,,,,,,,,,,
IPN_C-????,C0603_18pF_50V_±10%_C0G,CAP CER 18PF 50V C0G/NP0 0603,18pF 50V (C0G),Capacitors:C,Capacitor_SMD:C_0603_1608Metric,KEMET,C0603C180K5GACTU,https://www.digikey.es/es/products/detail/kemet/C0603C180K5GACTU/2200063,,,,,18pF,±10%,50V,C0G,,,,,,-55°C ~ 125°C,Activo,,,AMR,22/08/2026,,,,,,,,,,,
IPN_C-????,C0603_18pF_50V_±10%_X7R,CAP CER 18PF 50V X7R 0603,18pF 50V (X7R),Capacitors:C,Capacitor_SMD:C_0603_1608Metric,KEMET,C0603C180K5RACTU,https://www.digikey.es/es/products/detail/kemet/C0603C180K5RACTU/12700994,,,,,18pF,±10%,50V,X7R,,,,,,-55°C ~ 125°C,Activo,,,AMR,22/08/2026,,,,,,,,,,,
IPN_C-????,C0603_18pF_50V_±20%_X8R,CAP CER 18PF 50V X8R 0603,18pF 50V (X8R),Capacitors:C,Capacitor_SMD:C_0603_1608Metric,KEMET,C0603C180M5HACTU,https://www.digikey.es/es/products/detail/kemet/C0603C180M5HACTU/7947127,,,,,18pF,±20%,50V,X8R,,,,,,-55°C ~ 150°C,Activo,,,AMR,22/08/2026,,,,,,,,,,,
IPN_C-????,C0603_18pF_50V_±10%_X8R,CAP CER 0603 18PF 50V ULTRA STAB,18pF 50V (X8R),Capacitors:C,Capacitor_SMD:C_0603_1608Metric,KEMET,C0603C180K5HACAUTO,https://www.digikey.es/es/products/detail/kemet/C0603C180K5HACAUTO/7957267,,,,,18pF,±10%,50V,X8R,,,,,,-55°C ~ 150°C,Activo,,,AMR,22/08/2026,,,,,,,,,,,
IPN_C-????,C0603_18pF_50V_±5%_X8R,CAP CER 18PF 50V X8R 0603,18pF 50V (X8R),Capacitors:C,Capacitor_SMD:C_0603_1608Metric,KEMET,C0603C180J5HACTU,https://www.digikey.es/es/products/detail/kemet/C0603C180J5HACTU/7946601,,,,,18pF,±5%,50V,X8R,,,,,,-55°C ~ 150°C,Activo,,,AMR,22/08/2026,,,,,,,,,,,
IPN_C-????,C0402_18pF_6.3V_±10%_X7R,CAP CER 18PF 6.3V X7R 0402,18pF 6.3V (X7R),Capacitors:C,Capacitor_SMD:C_0402_1005Metric,KEMET,C0402C180K9RACTU,https://www.digikey.es/es/products/detail/kemet/C0402C180K9RACTU/18194665,,,,,18pF,±10%,6.3V,X7R,,,,,,-55°C ~ 125°C,Activo,,,AMR,22/08/2026,,,,,,,,,,,
IPN_C-????,C0805_18pF_50V_±10%_C0G,CAP CER 18PF 50V C0G/NP0 0805,18pF 50V (C0G),Capacitors:C,Capacitor_SMD:C_0805_2012Metric,KEMET,C0805C180K5GACTU,https://www.digikey.es/es/products/detail/kemet/C0805C180K5GACTU/2212056,,,,,18pF,±10%,50V,C0G,,,,,,-55°C ~ 125°C,Activo,,,AMR,22/08/2026,,,,,,,,,,,
IPN_C-????,C0805_18pF_50V_±10%_X7R,CAP CER 18PF 50V X7R 0805,18pF 50V (X7R),Capacitors:C,Capacitor_SMD:C_0805_2012Metric,KEMET,C0805C180K5RACTU,https://www.digikey.es/es/products/detail/kemet/C0805C180K5RACTU/16818664,,,,,18pF,±10%,50V,X7R,,,,,,-55°C ~ 125°C,Activo,,,AMR,22/08/2026,,,,,,,,,,,
IPN_C-????,C0402_180pF_16V_±10%_C0G,CAP CER 180PF 16V C0G/NP0 0402,180pF 16V (C0G),Capacitors:C,Capacitor_SMD:C_0402_1005Metric,KEMET,C0402C181K4GACTU,https://www.digikey.es/es/products/detail/kemet/C0402C181K4GACTU/2196381,,,,,180pF,±10%,16V,C0G,,,,,,-55°C ~ 125°C,Activo,,,AMR,22/08/2026,,,,,,,,,,,
IPN_C-????,C0603_180pF_50V_±10%_X7R,CAP CER 180PF 50V X7R 0603,180pF 50V (X7R),Capacitors:C,Capacitor_SMD:C_0603_1608Metric,KEMET,C0603C181K5RACTU,https://www.digikey.es/es/products/detail/kemet/C0603C181K5RACTU/2200087,,,,,180pF,±10%,50V,X7R,,,,,,-55°C ~ 125°C,Activo,,,AMR,22/08/2026,,,,,,,,,,,
IPN_C-????,C0603_180pF_50V_±10%_C0G,CAP CER 180PF 50V C0G/NP0 0603,180pF 50V (C0G),Capacitors:C,Capacitor_SMD:C_0603_1608Metric,KEMET,C0603C181K5GACTU,https://www.digikey.es/es/products/detail/kemet/C0603C181K5GACTU/2200086,,,,,180pF,±10%,50V,C0G,,,,,,-55°C ~ 125°C,Activo,,,AMR,22/08/2026,,,,,,,,,,,
IPN_C-????,C0603_180pF_100V_±5%_X8R,CAP CER 0603 180PF 100V ULTRA ST,180pF 100V (X8R),Capacitors:C,Capacitor_SMD:C_0603_1608Metric,KEMET,C0603C181J1HACAUTO,https://www.digikey.es/es/products/detail/kemet/C0603C181J1HACAUTO/7943623,,,,,180pF,±5%,100V,X8R,,,,,,-55°C ~ 150°C,Activo,,,AMR,22/08/2026,,,,,,,,,,,
IPN_C-????,C0805_180pF_50V_±10%_C0G,CAP CER 180PF 50V C0G/NP0 0805,180pF 50V (C0G),Capacitors:C,Capacitor_SMD:C_0805_2012Metric,KEMET,C0805C181K5GACTU,https://www.digikey.es/es/products/detail/kemet/C0805C181K5GACTU/2212075,,,,,180pF,±10%,50V,C0G,,,,,,-55°C ~ 125°C,Activo,,,AMR,22/08/2026,,,,,,,,,,,
IPN_C-????,C0805_180pF_50V_±10%_X7R,CAP CER 180PF 50V X7R 0805,180pF 50V (X7R),Capacitors:C,Capacitor_SMD:C_0805_2012Metric,KEMET,C0805C181K5RACTU,https://www.digikey.es/es/products/detail/kemet/C0805C181K5RACTU/2212076,,,,,180pF,±10%,50V,X7R,,,,,,-55°C ~ 125°C,Activo,,,AMR,22/08/2026,,,,,,,,,,,
IPN_C-????,C0402_1.8nF_16V_±10%_X7R,CAP CER 1800PF 16V X7R 0402,1.8nF 16V (X7R),Capacitors:C,Capacitor_SMD:C_0402_1005Metric,KEMET,C0402C182K4RACTU,https://www.digikey.es/es/products/detail/kemet/C0402C182K4RACTU/2196395,,,,,1.8nF,±10%,16V,X7R,,,,,,-55°C ~ 125°C,Activo,,,AMR,22/08/2026,,,,,,,,,,,
IPN_C-????,C0603_1.8nF_50V_±10%_X7R,CAP CER 1800PF 50V X7R 0603,1.8nF 50V (X7R),Capacitors:C,Capacitor_SMD:C_0603_1608Metric,KEMET,C0603C182K5RACTU,https://www.digikey.es/es/products/detail/kemet/C0603C182K5RACTU/2200109,,,,,1.8nF,±10%,50V,X7R,,,,,,-55°C ~ 125°C,Activo,,,AMR,22/08/2026,,,,,,,,,,,
IPN_C-????,C0805_1.8nF_50V_±10%_X7R,CAP CER 1800PF 50V X7R 0805,1.8nF 50V (X7R),Capacitors:C,Capacitor_SMD:C_0805_2012Metric,KEMET,C0805C182K5RACTU,https://www.digikey.es/es/products/detail/kemet/C0805C182K5RACTU/2212099,,,,,1.8nF,±10%,50V,X7R,,,,,,-55°C ~ 125°C,Activo,,,AMR,22/08/2026,,,,,,,,,,,
IPN_C-????,C0402_2.2uF_6.3V_±10%_X5R,CAP CER 2.2UF 6.3V X5R 0402,2.2uF 6.3V (X5R),Capacitors:C,Capacitor_SMD:C_0402_1005Metric,KEMET,C0402C225K9PACTU,https://www.digikey.es/es/products/detail/kemet/C0402C225K9PACTU/4876480,,,,,2.2uF,±10%,6.3V,X5R,,,,,,-55°C ~ 85°C,Activo,,,AMR,22/08/2026,,,,,,,,,,,
IPN_C-????,C0402_2.2uF_6.3V_±10%_X5R,CAP CER 0402,2.2uF 6.3V (X5R),Capacitors:C,Capacitor_SMD:C_0402_1005Metric,KEMET,C0402C225K9PAC7411,https://www.digikey.es/es/products/detail/kemet/C0402C225K9PAC7411/18125052,,,,,2.2uF,±10%,6.3V,X5R,,,,,,-55°C ~ 85°C,Activo,,,AMR,22/08/2026,,,,,,,,,,,
IPN_C-????,C0805_2.2uF_50V_±10%_X7R,CAP CER 2.2UF 50V X7R 0805,2.2uF 50V (X7R),Capacitors:C,Capacitor_SMD:C_0805_2012Metric,KEMET,C0805C225K5RACAUTO,https://www.digikey.es/es/products/detail/kemet/C0805C225K5RACAUTO/13681291,,,,,2.2uF,±10%,50V,X7R,,,,,,-55°C ~ 125°C,Activo,,,AMR,22/08/2026,,,,,,,,,,,
IPN_C-????,C1206_2.2uF_50V_±10%_X7R,CAP CER 2.2UF 50V X7R 1206,2.2uF 50V (X7R),Capacitors:C,Capacitor_SMD:C_1206_3216Metric,KEMET,C1206C225K5RACTU,https://www.digikey.es/es/products/detail/kemet/C1206C225K5RACTU/2215529,,,,,2.2uF,±10%,50V,X7R,,,,,,-55°C ~ 125°C,Activo,,,AMR,22/08/2026,,,,,,,,,,,
IPN_C-????,C1210_2.2uF_50V_±10%_X7R,CAP CER 2.2UF 50V X7R 1210,2.2uF 50V (X7R),Capacitors:C,Capacitor_SMD:C_1210_3225Metric,KEMET,C1210C225K5RACTU,https://www.digikey.es/es/products/detail/kemet/C1210C225K5RACTU/2216692,,,,,2.2uF,±10%,50V,X7R,,,,,,-55°C ~ 125°C,Activo,,,AMR,22/08/2026,,,,,,,,,,,
IPN_C-????,C1812_2.2uF_50V_±10%_X7R,CAP CER 2.2UF 50V X7R 1812,2.2uF 50V (X7R),Capacitors:C,Capacitor_SMD:C_1812_4532Metric,KEMET,C1812C225K5RACTU,https://www.digikey.es/es/products/detail/kemet/C1812C225K5RACTU/7382320,,,,,2.2uF,±10%,50V,X7R,,,,,,-55°C ~ 125°C,Activo,,,AMR,22/08/2026,,,,,,,,,,,
IPN_C-????,C1825_2.2uF_50V_±10%_X7R,CAP CER 2.2UF 50V X7R 1825,2.2uF 50V (X7R),Capacitors:C,Capacitor_SMD:C_1825_4564Metric,KEMET,C1825C225K5RACTU,https://www.digikey.es/es/products/detail/kemet/C1825C225K5RACTU/2236078,,,,,2.2uF,±10%,50V,X7R,,,,,,-55°C ~ 125°C,Activo,,,AMR,22/08/2026,,,,,,,,,,,
IPN_C-????,C2220_2.2uF_50V_±10%_X7R,CAP CER 2.2UF 50V X7R 2220,2.2uF 50V (X7R),Capacitors:C,Capacitor_SMD:C_2220_5750Metric,KEMET,C2220C225K5RACTU,https://www.digikey.es/es/products/detail/kemet/C2220C225K5RACTU/2236211,,,,,2.2uF,±10%,50V,X7R,,,,,,-55°C ~ 125°C,Activo,,,AMR,22/08/2026,,,,,,,,,,,
IPN_C-????,C2025_2.2uF_50V_±10%_X7R,CAP CER 2.2UF 50V X7R 2225,2.2uF 50V (X7R),Capacitors:C,C2025,KEMET,C2225C225K5RACTU,https://www.digikey.es/es/products/detail/kemet/C2225C225K5RACTU/721306,,,,,2.2uF,±10%,50V,X7R,,,,,,-55°C ~ 125°C,Activo,,,AMR,22/08/2026,,,,,,,,,,,
IPN_C-????,C0603_2.2pF_50V_±0.1pF_X8R,CAP CER 0603 2.2PF 50V ULTRA STA,2.2pF 50V (X8R),Capacitors:C,Capacitor_SMD:C_0603_1608Metric,KEMET,C0603C229B5HACAUTO,https://www.digikey.es/es/products/detail/kemet/C0603C229B5HACAUTO/7956057,,,,,2.2pF,±0.1pF,50V,X8R,,,,,,-55°C ~ 150°C,Activo,,,AMR,22/08/2026,,,,,,,,,,,
IPN_C-????,C0603_2.4pF_100V_±0.25pF_X8R,CAP CER 2.4PF 100V X8R 0603,2.4pF 100V (X8R),Capacitors:C,Capacitor_SMD:C_0603_1608Metric,KEMET,C0603C249C1HACTU,https://www.digikey.es/es/products/detail/kemet/C0603C249C1HACTU/7945807,,,,,2.4pF,±0.25pF,100V,X8R,,,,,,-55°C ~ 150°C,Activo,,,AMR,22/08/2026,,,,,,,,,,,
IPN_C-????,C1812_2.7uF_50V_±10%_X7R,CAP CER 2.7UF 50V X7R 1812,2.7uF 50V (X7R),Capacitors:C,Capacitor_SMD:C_1812_4532Metric,KEMET,C1812C275K5RACTU,https://www.digikey.es/es/products/detail/kemet/C1812C275K5RACTU/18187933,,,,,2.7uF,±10%,50V,X7R,,,,,,-55°C ~ 125°C,Activo,,,AMR,22/08/2026,,,,,,,,,,,
IPN_C-????,C0603_2.7pF_50V_±10%_C0G,CAP CER 2.7PF 50V C0G/NP0 0603,2.7pF 50V (C0G),Capacitors:C,Capacitor_SMD:C_0603_1608Metric,KEMET,C0603C279K5GACTU,https://www.digikey.es/es/products/detail/kemet/C0603C279K5GACTU/2200454,,,,,2.7pF,±10%,50V,C0G,,,,,,-55°C ~ 125°C,Activo,,,AMR,22/08/2026,,,,,,,,,,,
IPN_C-????,C0603_2.7pF_100V_±0.1pF_X8R,CAP CER 2.7PF 100V X8R 0603,2.7pF 100V (X8R),Capacitors:C,Capacitor_SMD:C_0603_1608Metric,KEMET,C0603C279B1HACTU,https://www.digikey.es/es/products/detail/kemet/C0603C279B1HACTU/7945678,,,,,2.7pF,±0.1pF,100V,X8R,,,,,,-55°C ~ 150°C,Activo,,,AMR,22/08/2026,,,,,,,,,,,
IPN_C-????,C0805_2.7pF_50V_±10%_C0G,CAP CER 2.7PF 50V C0G/NP0 0805,2.7pF 50V (C0G),Capacitors:C,Capacitor_SMD:C_0805_2012Metric,KEMET,C0805C279K5GACTU,https://www.digikey.es/es/products/detail/kemet/C0805C279K5GACTU/2212469,,,,,2.7pF,±10%,50V,C0G,,,,,,-55°C ~ 125°C,Activo,,,AMR,22/08/2026,,,,,,,,,,,
IPN_C-????,C0603_20pF_50V_±10%_C0G,CAP CER 20PF 50V C0G/NP0 0603,20pF 50V (C0G),Capacitors:C,Capacitor_SMD:C_0603_1608Metric,KEMET,C0603C200K5GACTU,https://www.digikey.es/es/products/detail/kemet/C0603C200K5GACTU/2200149,,,,,20pF,±10%,50V,C0G,,,,,,-55°C ~ 125°C,Activo,,,AMR,22/08/2026,,,,,,,,,,,
IPN_C-????,C0603_20pF_25V_±1%_X8R,CAP CER 20PF 25V X8R 0603,20pF 25V (X8R),Capacitors:C,Capacitor_SMD:C_0603_1608Metric,KEMET,C0603C200F3HACTU,https://www.digikey.es/es/products/detail/kemet/C0603C200F3HACTU/7946037,,,,,20pF,±1%,25V,X8R,,,,,,-55°C ~ 150°C,Activo,,,AMR,22/08/2026,,,,,,,,,,,
IPN_C-????,C0603_20pF_50V_±5%_X8R,CAP CER 20PF 50V X8R 0603,20pF 50V (X8R),Capacitors:C,Capacitor_SMD:C_0603_1608Metric,KEMET,C0603C200J5HACTU,https://www.digikey.es/es/products/detail/kemet/C0603C200J5HACTU/7946602,,,,,20pF,±5%,50V,X8R,,,,,,-55°C ~ 150°C,Activo,,,AMR,22/08/2026,,,,,,,,,,,
IPN_C-????,C0603_20pF_100V_±20%_X8R,CAP CER 20PF 100V X8R 0603,20pF 100V (X8R),Capacitors:C,Capacitor_SMD:C_0603_1608Metric,KEMET,C0603C200M1HACTU,https://www.digikey.es/es/products/detail/kemet/C0603C200M1HACTU/7947167,,,,,20pF,±20%,100V,X8R,,,,,,-55°C ~ 150°C,Activo,,,AMR,22/08/2026,,,,,,,,,,,
IPN_C-????,C0603_20pF_50V_±1%_X8R,CAP CER 20PF 50V X8R 0603,20pF 50V (X8R),Capacitors:C,Capacitor_SMD:C_0603_1608Metric,KEMET,C0603C200F5HACTU,https://www.digikey.es/es/products/detail/kemet/C0603C200F5HACTU/7946076,,,,,20pF,±1%,50V,X8R,,,,,,-55°C ~ 150°C,Activo,,,AMR,22/08/2026,,,,,,,,,,,
IPN_C-????,C0805_20pF_50V_±10%_X7R,CAP CER 20PF 50V X7R 0805,20pF 50V (X7R),Capacitors:C,Capacitor_SMD:C_0805_2012Metric,KEMET,C0805C200K5RACTU,https://www.digikey.es/es/products/detail/kemet/C0805C200K5RACTU/8572459,,,,,20pF,±10%,50V,X7R,,,,,,-55°C ~ 125°C,Activo,,,AMR,22/08/2026,,,,,,,,,,,
IPN_C-????,C0805_20pF_50V_±10%_C0G,CAP CER 20PF 50V C0G/NP0 0805,20pF 50V (C0G),Capacitors:C,Capacitor_SMD:C_0805_2012Metric,KEMET,C0805C200K5GACTU,https://www.digikey.es/es/products/detail/kemet/C0805C200K5GACTU/2212147,,,,,20pF,±10%,50V,C0G,,,,,,-55°C ~ 125°C,Activo,,,AMR,22/08/2026,,,,,,,,,,,
IPN_C-????,C0603_200pF_50V_±10%_C0G,CAP CER 200PF 50V C0G/NP0 0603,200pF 50V (C0G),Capacitors:C,Capacitor_SMD:C_0603_1608Metric,KEMET,C0603C201K5GACTU,https://www.digikey.es/es/products/detail/kemet/C0603C201K5GACTU/2200161,,,,,200pF,±10%,50V,C0G,,,,,,-55°C ~ 125°C,Activo,,,AMR,22/08/2026,,,,,,,,,,,
IPN_C-????,C0603_200pF_100V_±2%_X8R,CAP CER 200PF 100V X8R 0603,200pF 100V (X8R),Capacitors:C,Capacitor_SMD:C_0603_1608Metric,KEMET,C0603C201G1HACTU,https://www.digikey.es/es/products/detail/kemet/C0603C201G1HACTU/7946402,,,,,200pF,±2%,100V,X8R,,,,,,-55°C ~ 150°C,Activo,,,AMR,22/08/2026,,,,,,,,,,,
IPN_C-????,C0603_200pF_50V_±10%_X8R,CAP CER 200PF 50V X8R 0603,200pF 50V (X8R),Capacitors:C,Capacitor_SMD:C_0603_1608Metric,KEMET,C0603C201K5HACTU,https://www.digikey.es/es/products/detail/kemet/C0603C201K5HACTU/7946889,,,,,200pF,±10%,50V,X8R,,,,,,-55°C ~ 150°C,Activo,,,AMR,22/08/2026,,,,,,,,,,,
IPN_C-????,C0603_200pF_50V_±1%_X8R,CAP CER 0603 200PF 50V ULTRA STA,200pF 50V (X8R),Capacitors:C,Capacitor_SMD:C_0603_1608Metric,KEMET,C0603C201F5HACAUTO,https://www.digikey.es/es/products/detail/kemet/C0603C201F5HACAUTO/7956507,,,,,200pF,±1%,50V,X8R,,,,,,-55°C ~ 150°C,Activo,,,AMR,22/08/2026,,,,,,,,,,,
IPN_C-????,C0805_200pF_50V_±10%_C0G,CAP CER 200PF 50V C0G/NP0 0805,200pF 50V (C0G),Capacitors:C,Capacitor_SMD:C_0805_2012Metric,KEMET,C0805C201K5GACTU,https://www.digikey.es/es/products/detail/kemet/C0805C201K5GACTU/2212158,,,,,200pF,±10%,50V,C0G,,,,,,-55°C ~ 125°C,Activo,,,AMR,22/08/2026,,,,,,,,,,,
IPN_C-????,C0805_2nF_50V_±10%_X7R,CAP CER 2000PF 50V X7R 0805,2nF 50V (X7R),Capacitors:C,Capacitor_SMD:C_0805_2012Metric,KEMET,C0805C202K5RACTU,https://www.digikey.es/es/products/detail/kemet/C0805C202K5RACTU/3317002,,,,,2nF,±10%,50V,X7R,,,,,,-55°C ~ 125°C,Activo,,,AMR,22/08/2026,,,,,,,,,,,
IPN_C-????,C0402_22pF_16V_±10%_X7R,CAP CER 22PF 16V X7R 0402,22pF 16V (X7R),Capacitors:C,Capacitor_SMD:C_0402_1005Metric,KEMET,C0402C220K4RACTU,https://www.digikey.es/es/products/detail/kemet/C0402C220K4RACTU/8572389,,,,,22pF,±10%,16V,X7R,,,,,,-55°C ~ 125°C,Activo,,,AMR,22/08/2026,,,,,,,,,,,
IPN_C-????,C0603_22pF_50V_±10%_X7R,CAP CER 22PF 50V X7R 0603,22pF 50V (X7R),Capacitors:C,Capacitor_SMD:C_0603_1608Metric,KEMET,C0603C220K5RACTU,https://www.digikey.es/es/products/detail/kemet/C0603C220K5RACTU/7382078,,,,,22pF,±10%,50V,X7R,,,,,,-55°C ~ 125°C,Activo,,,AMR,22/08/2026,,,,,,,,,,,
IPN_C-????,C0603_22pF_50V_±10%_C0G,CAP CER 22PF 50V C0G/NP0 0603,22pF 50V (C0G),Capacitors:C,Capacitor_SMD:C_0603_1608Metric,KEMET,C0603C220K5GACTU,https://www.digikey.es/es/products/detail/kemet/C0603C220K5GACTU/2200195,,,,,22pF,±10%,50V,C0G,,,,,,-55°C ~ 125°C,Activo,,,AMR,22/08/2026,,,,,,,,,,,
IPN_C-????,C0603_22pF_50V_±10%_X7R,CAP CER 22PF 50V X7R 0603,22pF 50V (X7R),Capacitors:C,Capacitor_SMD:C_0603_1608Metric,KEMET,C0603C220K5RACAUTO,https://www.digikey.es/es/products/detail/kemet/C0603C220K5RACAUTO/6219625,,,,,22pF,±10%,50V,X7R,,,,,,-55°C ~ 125°C,Activo,,,AMR,22/08/2026,,,,,,,,,,,
IPN_C-????,C0603_22pF_50V_±10%_C0G,CAP CER 22PF 50V C0G/NP0 0603,22pF 50V (C0G),Capacitors:C,Capacitor_SMD:C_0603_1608Metric,KEMET,C0603C220K5GACAUTO,https://www.digikey.es/es/products/detail/kemet/C0603C220K5GACAUTO/11676960,,,,,22pF,±10%,50V,C0G,,,,,,-55°C ~ 125°C,Activo,,,AMR,22/08/2026,,,,,,,,,,,
IPN_C-????,C0603_22pF_25V_±1%_X8R,CAP CER 22PF 25V X8R 0603,22pF 25V (X8R),Capacitors:C,Capacitor_SMD:C_0603_1608Metric,KEMET,C0603C220F3HACTU,https://www.digikey.es/es/products/detail/kemet/C0603C220F3HACTU/7946038,,,,,22pF,±1%,25V,X8R,,,,,,-55°C ~ 150°C,Activo,,,AMR,22/08/2026,,,,,,,,,,,
IPN_C-????,C0603_22pF_25V_±5%_X8R,CAP CER 22PF 25V X8R 0603,22pF 25V (X8R),Capacitors:C,Capacitor_SMD:C_0603_1608Metric,KEMET,C0603C220J3HACTU,https://www.digikey.es/es/products/detail/kemet/C0603C220J3HACTU/7946564,,,,,22pF,±5%,25V,X8R,,,,,,-55°C ~ 150°C,Activo,,,AMR,22/08/2026,,,,,,,,,,,
IPN_C-????,C0603_22pF_100V_±5%_X8R,CAP CER 22PF 100V X8R 0603,22pF 100V (X8R),Capacitors:C,Capacitor_SMD:C_0603_1608Metric,KEMET,C0603C220J1HACTU,https://www.digikey.es/es/products/detail/kemet/C0603C220J1HACTU/7946642,,,,,22pF,±5%,100V,X8R,,,,,,-55°C ~ 150°C,Activo,,,AMR,22/08/2026,,,,,,,,,,,
IPN_C-????,C0603_22pF_50V_±20%_X8R,CAP CER 22PF 50V X8R 0603,22pF 50V (X8R),Capacitors:C,Capacitor_SMD:C_0603_1608Metric,KEMET,C0603C220M5HACTU,https://www.digikey.es/es/products/detail/kemet/C0603C220M5HACTU/7947129,,,,,22pF,±20%,50V,X8R,,,,,,-55°C ~ 150°C,Activo,,,AMR,22/08/2026,,,,,,,,,,,
IPN_C-????,C0805_22pF_50V_±10%_C0G,CAP CER 22PF 50V C0G/NP0 0805,22pF 50V (C0G),Capacitors:C,Capacitor_SMD:C_0805_2012Metric,KEMET,C0805C220K5GACTU,https://www.digikey.es/es/products/detail/kemet/C0805C220K5GACTU/2212195,,,,,22pF,±10%,50V,C0G,,,,,,-55°C ~ 125°C,Activo,,,AMR,22/08/2026,,,,,,,,,,,
IPN_C-????,C0805_22pF_50V_±10%_X7R,CAP CER 22PF 50V X7R 0805,22pF 50V (X7R),Capacitors:C,Capacitor_SMD:C_0805_2012Metric,KEMET,C0805C220K5RACTU,https://www.digikey.es/es/products/detail/kemet/C0805C220K5RACTU/8572461,,,,,22pF,±10%,50V,X7R,,,,,,-55°C ~ 125°C,Activo,,,AMR,22/08/2026,,,,,,,,,,,
IPN_C-????,C0402_220pF_16V_±10%_X7R,CAP CER 220PF 16V X7R 0402,220pF 16V (X7R),Capacitors:C,Capacitor_SMD:C_0402_1005Metric,KEMET,C0402C221K4RACTU,https://www.digikey.es/es/products/detail/kemet/C0402C221K4RACTU/2196459,,,,,220pF,±10%,16V,X7R,,,,,,-55°C ~ 125°C,Activo,,,AMR,22/08/2026,,,,,,,,,,,
IPN_C-????,C0603_220pF_50V_±10%_X7R,CAP CER 220PF 50V X7R 0603,220pF 50V (X7R),Capacitors:C,Capacitor_SMD:C_0603_1608Metric,KEMET,C0603C221K5RACTU,https://www.digikey.es/es/products/detail/kemet/C0603C221K5RACTU/411073,,,,,220pF,±10%,50V,X7R,,,,,,-55°C ~ 125°C,Activo,,,AMR,22/08/2026,,,,,,,,,,,
IPN_C-????,C0603_220pF_50V_±10%_C0G,CAP CER 220PF 50V C0G/NP0 0603,220pF 50V (C0G),Capacitors:C,Capacitor_SMD:C_0603_1608Metric,KEMET,C0603C221K5GACAUTO,https://www.digikey.es/es/products/detail/kemet/C0603C221K5GACAUTO/10642351,,,,,220pF,±10%,50V,C0G,,,,,,-55°C ~ 125°C,Activo,,,AMR,22/08/2026,,,,,,,,,,,
IPN_C-????,C0603_220pF_100V_±5%_X8R,CAP CER 0603 220PF 100V ULTRA ST,220pF 100V (X8R),Capacitors:C,Capacitor_SMD:C_0603_1608Metric,KEMET,C0603C221J1HACAUTO,https://www.digikey.es/es/products/detail/kemet/C0603C221J1HACAUTO/7943624,,,,,220pF,±5%,100V,X8R,,,,,,-55°C ~ 150°C,Activo,,,AMR,22/08/2026,,,,,,,,,,,
IPN_C-????,C0603_220pF_25V_±20%_X8R,CAP CER 220PF 25V X8R 0603,220pF 25V (X8R),Capacitors:C,Capacitor_SMD:C_0603_1608Metric,KEMET,C0603C221M3HACTU,https://www.digikey.es/es/products/detail/kemet/C0603C221M3HACTU/7947114,,,,,220pF,±20%,25V,X8R,,,,,,-55°C ~ 150°C,Activo,,,AMR,22/08/2026,,,,,,,,,,,
IPN_C-????,C0603_220pF_50V_±5%_X8R,CAP CER 0603 220PF 50V ULTRA STA,220pF 50V (X8R),Capacitors:C,Capacitor_SMD:C_0603_1608Metric,KEMET,C0603C221J5HACAUTO,https://www.digikey.es/es/products/detail/kemet/C0603C221J5HACAUTO/7957034,,,,,220pF,±5%,50V,X8R,,,,,,-55°C ~ 150°C,Activo,,,AMR,22/08/2026,,,,,,,,,,,
IPN_C-????,C0805_220pF_50V_±10%_C0G,CAP CER 220PF 50V C0G/NP0 0805,220pF 50V (C0G),Capacitors:C,Capacitor_SMD:C_0805_2012Metric,KEMET,C0805C221K5GACTU,https://www.digikey.es/es/products/detail/kemet/C0805C221K5GACTU/2209722,,,,,220pF,±10%,50V,C0G,,,,,,-55°C ~ 125°C,Activo,,,AMR,22/08/2026,,,,,,,,,,,
IPN_C-????,C0805_220pF_50V_±10%_X7R,CAP CER 220PF 50V X7R 0805,220pF 50V (X7R),Capacitors:C,Capacitor_SMD:C_0805_2012Metric,KEMET,C0805C221K5RACTU,https://www.digikey.es/es/products/detail/kemet/C0805C221K5RACTU/411137,,,,,220pF,±10%,50V,X7R,,,,,,-55°C ~ 125°C,Activo,,,AMR,22/08/2026,,,,,,,,,,,
IPN_C-????,C0402_2.2nF_16V_±10%_X7R,CAP CER 2200PF 16V X7R 0402,2.2nF 16V (X7R),Capacitors:C,Capacitor_SMD:C_0402_1005Metric,KEMET,C0402C222K4RACTU,https://www.digikey.es/es/products/detail/kemet/C0402C222K4RACTU/2196474,,,,,2.2nF,±10%,16V,X7R,,,,,,-55°C ~ 125°C,Activo,,,AMR,22/08/2026,,,,,,,,,,,
IPN_C-????,C0603_2.2nF_50V_±10%_X7R,CAP CER 2200PF 50V X7R 0603,2.2nF 50V (X7R),Capacitors:C,Capacitor_SMD:C_0603_1608Metric,KEMET,C0603C222K5RACTU,https://www.digikey.es/es/products/detail/kemet/C0603C222K5RACTU/411084,,,,,2.2nF,±10%,50V,X7R,,,,,,-55°C ~ 125°C,Activo,,,AMR,22/08/2026,,,,,,,,,,,
IPN_C-????,C0603_2.2nF_50V_±10%_C0G,CAP CER 2200PF 50V C0G/NP0 0603,2.2nF 50V (C0G),Capacitors:C,Capacitor_SMD:C_0603_1608Metric,KEMET,C0603C222K5GACTU,https://www.digikey.es/es/products/detail/kemet/C0603C222K5GACTU/3737129,,,,,2.2nF,±10%,50V,C0G,,,,,,-55°C ~ 125°C,Activo,,,AMR,22/08/2026,,,,,,,,,,,
IPN_C-????,C0603_2.2nF_50V_±10%_X8R,CAP CER 0603,2.2nF 50V (X8R),Capacitors:C,Capacitor_SMD:C_0603_1608Metric,KEMET,C0603C222K5HACAUTO,https://www.digikey.es/es/products/detail/kemet/C0603C222K5HACAUTO/18118666,,,,,2.2nF,±10%,50V,X8R,,,,,,-55°C ~ 150°C,Activo,,,AMR,22/08/2026,,,,,,,,,,,
IPN_C-????,C0603_2.2nF_100V_±5%_X8R,CAP CER 2200PF 100V X8R 0603,2.2nF 100V (X8R),Capacitors:C,Capacitor_SMD:C_0603_1608Metric,KEMET,C0603C222J1HACAUTO,https://www.digikey.es/es/products/detail/kemet/C0603C222J1HACAUTO/7516143,,,,,2.2nF,±5%,100V,X8R,,,,,,-55°C ~ 150°C,Activo,,,AMR,22/08/2026,,,,,,,,,,,
IPN_C-????,C0603_2.2nF_50V_±5%_X8R,CAP CER 2200PF 50V X8R 0603,2.2nF 50V (X8R),Capacitors:C,Capacitor_SMD:C_0603_1608Metric,KEMET,C0603C222J5HACAUTO,https://www.digikey.es/es/products/detail/kemet/C0603C222J5HACAUTO/7516124,,,,,2.2nF,±5%,50V,X8R,,,,,,-55°C ~ 150°C,Activo,,,AMR,22/08/2026,,,,,,,,,,,
IPN_C-????,C0603_2.2nF_100V_±10%_X8R,CAP CER 2200PF 100V X8R 0603,2.2nF 100V (X8R),Capacitors:C,Capacitor_SMD:C_0603_1608Metric,KEMET,C0603X222K1HACAUTO,https://www.digikey.es/es/products/detail/kemet/C0603X222K1HACAUTO/13905611,,,,,2.2nF,±10%,100V,X8R,,,,,,-55°C ~ 150°C,Activo,,,AMR,22/08/2026,,,,,,,,,,,
IPN_C-????,C0402_2.2nF_6.3V_±10%_X7R,CAP CER 2200PF 6.3V X7R 0402,2.2nF 6.3V (X7R),Capacitors:C,Capacitor_SMD:C_0402_1005Metric,KEMET,C0402C222K9RACTU,https://www.digikey.es/es/products/detail/kemet/C0402C222K9RACTU/7382009,,,,,2.2nF,±10%,6.3V,X7R,,,,,,-55°C ~ 125°C,Activo,,,AMR,22/08/2026,,,,,,,,,,,
IPN_C-????,C0805_2.2nF_50V_±10%_X7R,CAP CER 2200PF 50V X7R 0805,2.2nF 50V (X7R),Capacitors:C,Capacitor_SMD:C_0805_2012Metric,KEMET,C0805C222K5RACTU,https://www.digikey.es/es/products/detail/kemet/C0805C222K5RACTU/411150,,,,,2.2nF,±10%,50V,X7R,,,,,,-55°C ~ 125°C,Activo,,,AMR,22/08/2026,,,,,,,,,,,
IPN_C-????,C0805_2.2nF_50V_±10%_C0G,CAP CER 2200PF 50V C0G/NP0 0805,2.2nF 50V (C0G),Capacitors:C,Capacitor_SMD:C_0805_2012Metric,KEMET,C0805C222K5GACTU,https://www.digikey.es/es/products/detail/kemet/C0805C222K5GACTU/2212265,,,,,2.2nF,±10%,50V,C0G,,,,,,-55°C ~ 125°C,Activo,,,AMR,22/08/2026,,,,,,,,,,,
IPN_C-????,C0603_24pF_100V_±2%_X8R,CAP CER 24PF 100V X8R 0603,24pF 100V (X8R),Capacitors:C,Capacitor_SMD:C_0603_1608Metric,KEMET,C0603C240G1HACTU,https://www.digikey.es/es/products/detail/kemet/C0603C240G1HACTU/7946380,,,,,24pF,±2%,100V,X8R,,,,,,-55°C ~ 150°C,Activo,,,AMR,22/08/2026,,,,,,,,,,,
IPN_C-????,C0805_24pF_50V_±10%_C0G,CAP CER 24PF 50V C0G/NP0 0805,24pF 50V (C0G),Capacitors:C,Capacitor_SMD:C_0805_2012Metric,KEMET,C0805C240K5GACTU,https://www.digikey.es/es/products/detail/kemet/C0805C240K5GACTU/2212344,,,,,24pF,±10%,50V,C0G,,,,,,-55°C ~ 125°C,Activo,,,AMR,22/08/2026,,,,,,,,,,,
IPN_C-????,C0603_240pF_50V_±2%_X8R,CAP CER 240PF 50V X8R 0603,240pF 50V (X8R),Capacitors:C,Capacitor_SMD:C_0603_1608Metric,KEMET,C0603C241G5HACTU,https://www.digikey.es/es/products/detail/kemet/C0603C241G5HACTU/7946365,,,,,240pF,±2%,50V,X8R,,,,,,-55°C ~ 150°C,Activo,,,AMR,22/08/2026,,,,,,,,,,,
IPN_C-????,C0603_240pF_50V_±10%_X8R,CAP CER 0603 240PF 50V ULTRA STA,240pF 50V (X8R),Capacitors:C,Capacitor_SMD:C_0603_1608Metric,KEMET,C0603C241K5HACAUTO,https://www.digikey.es/es/products/detail/kemet/C0603C241K5HACAUTO/7957294,,,,,240pF,±10%,50V,X8R,,,,,,-55°C ~ 150°C,Activo,,,AMR,22/08/2026,,,,,,,,,,,
IPN_C-????,C0603_27pF_50V_±10%_C0G,CAP CER 27PF 50V C0G/NP0 0603,27pF 50V (C0G),Capacitors:C,Capacitor_SMD:C_0603_1608Metric,KEMET,C0603C270K5GACTU,https://www.digikey.es/es/products/detail/kemet/C0603C270K5GACTU/2200373,,,,,27pF,±10%,50V,C0G,,,,,,-55°C ~ 125°C,Activo,,,AMR,22/08/2026,,,,,,,,,,,
IPN_C-????,C0603_27pF_50V_±10%_X7R,CAP CER 27PF 50V X7R 0603,27pF 50V (X7R),Capacitors:C,Capacitor_SMD:C_0603_1608Metric,KEMET,C0603C270K5RACTU,https://www.digikey.es/es/products/detail/kemet/C0603C270K5RACTU/9923545,,,,,27pF,±10%,50V,X7R,,,,,,-55°C ~ 125°C,Activo,,,AMR,22/08/2026,,,,,,,,,,,
IPN_C-????,C0603_27pF_25V_±10%_X8R,CAP CER 27PF 25V X8R 0603,27pF 25V (X8R),Capacitors:C,Capacitor_SMD:C_0603_1608Metric,KEMET,C0603C270K3HACTU,https://www.digikey.es/es/products/detail/kemet/C0603C270K3HACTU/7946829,,,,,27pF,±10%,25V,X8R,,,,,,-55°C ~ 150°C,Activo,,,AMR,22/08/2026,,,,,,,,,,,
IPN_C-????,C0603_27pF_25V_±5%_X8R,CAP CER 27PF 25V X8R 0603,27pF 25V (X8R),Capacitors:C,Capacitor_SMD:C_0603_1608Metric,KEMET,C0603C270J3HACTU,https://www.digikey.es/es/products/detail/kemet/C0603C270J3HACTU/7946566,,,,,27pF,±5%,25V,X8R,,,,,,-55°C ~ 150°C,Activo,,,AMR,22/08/2026,,,,,,,,,,,
IPN_C-????,C0805_27pF_50V_±10%_C0G,CAP CER 27PF 50V C0G/NP0 0805,27pF 50V (C0G),Capacitors:C,Capacitor_SMD:C_0805_2012Metric,KEMET,C0805C270K5GACTU,https://www.digikey.es/es/products/detail/kemet/C0805C270K5GACTU/2209731,,,,,27pF,±10%,50V,C0G,,,,,,-55°C ~ 125°C,Activo,,,AMR,22/08/2026,,,,,,,,,,,
IPN_C-????,C0402_270pF_16V_±10%_X7R,CAP CER 270PF 16V X7R 0402,270pF 16V (X7R),Capacitors:C,Capacitor_SMD:C_0402_1005Metric,KEMET,C0402C271K4RACTU,https://www.digikey.es/es/products/detail/kemet/C0402C271K4RACTU/2196539,,,,,270pF,±10%,16V,X7R,,,,,,-55°C ~ 125°C,Activo,,,AMR,22/08/2026,,,,,,,,,,,
IPN_C-????,C0603_270pF_50V_±10%_X7R,CAP CER 270PF 50V X7R 0603,270pF 50V (X7R),Capacitors:C,Capacitor_SMD:C_0603_1608Metric,KEMET,C0603C271K5RACTU,https://www.digikey.es/es/products/detail/kemet/C0603C271K5RACTU/411074,,,,,270pF,±10%,50V,X7R,,,,,,-55°C ~ 125°C,Activo,,,AMR,22/08/2026,,,,,,,,,,,
IPN_C-????,C0603_270pF_50V_±10%_C0G,CAP CER 270PF 50V C0G/NP0 0603,270pF 50V (C0G),Capacitors:C,Capacitor_SMD:C_0603_1608Metric,KEMET,C0603C271K5GACTU,https://www.digikey.es/es/products/detail/kemet/C0603C271K5GACTU/2200404,,,,,270pF,±10%,50V,C0G,,,,,,-55°C ~ 125°C,Activo,,,AMR,22/08/2026,,,,,,,,,,,
IPN_C-????,C0603_270pF_100V_±5%_X8R,CAP CER 0603 270PF 100V ULTRA ST,270pF 100V (X8R),Capacitors:C,Capacitor_SMD:C_0603_1608Metric,KEMET,C0603C271J1HACAUTO,https://www.digikey.es/es/products/detail/kemet/C0603C271J1HACAUTO/7943625,,,,,270pF,±5%,100V,X8R,,,,,,-55°C ~ 150°C,Activo,,,AMR,22/08/2026,,,,,,,,,,,
IPN_C-????,C0402_270pF_6.3V_±10%_X7R,CAP CER 270PF 6.3V X7R 0402,270pF 6.3V (X7R),Capacitors:C,Capacitor_SMD:C_0402_1005Metric,KEMET,C0402C271K9RACTU,https://www.digikey.es/es/products/detail/kemet/C0402C271K9RACTU/2196542,,,,,270pF,±10%,6.3V,X7R,,,,,,-55°C ~ 125°C,Activo,,,AMR,22/08/2026,,,,,,,,,,,
IPN_C-????,C0805_270pF_50V_±10%_X7R,CAP CER 270PF 50V X7R 0805,270pF 50V (X7R),Capacitors:C,Capacitor_SMD:C_0805_2012Metric,KEMET,C0805C271K5RACTU,https://www.digikey.es/es/products/detail/kemet/C0805C271K5RACTU/411138,,,,,270pF,±10%,50V,X7R,,,,,,-55°C ~ 125°C,Activo,,,AMR,22/08/2026,,,,,,,,,,,
IPN_C-????,C0805_270pF_50V_±10%_C0G,CAP CER 270PF 50V C0G/NP0 0805,270pF 50V (C0G),Capacitors:C,Capacitor_SMD:C_0805_2012Metric,KEMET,C0805C271K5GACTU,https://www.digikey.es/es/products/detail/kemet/C0805C271K5GACTU/2212405,,,,,270pF,±10%,50V,C0G,,,,,,-55°C ~ 125°C,Activo,,,AMR,22/08/2026,,,,,,,,,,,
IPN_C-????,C0402_2.7nF_16V_±10%_X7R,CAP CER 2700PF 16V X7R 0402,2.7nF 16V (X7R),Capacitors:C,Capacitor_SMD:C_0402_1005Metric,KEMET,C0402C272K4RACTU,https://www.digikey.es/es/products/detail/kemet/C0402C272K4RACTU/2196549,,,,,2.7nF,±10%,16V,X7R,,,,,,-55°C ~ 125°C,Activo,,,AMR,22/08/2026,,,,,,,,,,,
IPN_C-????,C0603_2.7nF_50V_±10%_X7R,CAP CER 2700PF 50V X7R 0603,2.7nF 50V (X7R),Capacitors:C,Capacitor_SMD:C_0603_1608Metric,KEMET,C0603C272K5RACTU,https://www.digikey.es/es/products/detail/kemet/C0603C272K5RACTU/1933616,,,,,2.7nF,±10%,50V,X7R,,,,,,-55°C ~ 125°C,Activo,,,AMR,22/08/2026,,,,,,,,,,,
IPN_C-????,C0603_2.7nF_50V_±10%_C0G,CAP CER 2700PF 50V C0G/NP0 0603,2.7nF 50V (C0G),Capacitors:C,Capacitor_SMD:C_0603_1608Metric,KEMET,C0603C272K5GACTU,https://www.digikey.es/es/products/detail/kemet/C0603C272K5GACTU/18192613,,,,,2.7nF,±10%,50V,C0G,,,,,,-55°C ~ 125°C,Activo,,,AMR,22/08/2026,,,,,,,,,,,
IPN_C-????,C0402_2.7nF_6.3V_±10%_X7R,CAP CER 2700PF 6.3V X7R 0402,2.7nF 6.3V (X7R),Capacitors:C,Capacitor_SMD:C_0402_1005Metric,KEMET,C0402C272K9RACTU,https://www.digikey.es/es/products/detail/kemet/C0402C272K9RACTU/18167148,,,,,2.7nF,±10%,6.3V,X7R,,,,,,-55°C ~ 125°C,Activo,,,AMR,22/08/2026,,,,,,,,,,,
IPN_C-????,C0805_2.7nF_50V_±10%_X7R,CAP CER 2700PF 50V X7R 0805,2.7nF 50V (X7R),Capacitors:C,Capacitor_SMD:C_0805_2012Metric,KEMET,C0805C272K5RACTU,https://www.digikey.es/es/products/detail/kemet/C0805C272K5RACTU/411151,,,,,2.7nF,±10%,50V,X7R,,,,,,-55°C ~ 125°C,Activo,,,AMR,22/08/2026,,,,,,,,,,,
IPN_C-????,C0402_3pF_16V_±10%_C0G,CAP CER 3PF 16V C0G/NP0 0402,3pF 16V (C0G),Capacitors:C,Capacitor_SMD:C_0402_1005Metric,KEMET,C0402C309K4GACTU,https://www.digikey.es/es/products/detail/kemet/C0402C309K4GACTU/2196578,,,,,3pF,±10%,16V,C0G,,,,,,-55°C ~ 125°C,Activo,,,AMR,22/08/2026,,,,,,,,,,,
IPN_C-????,C0603_3pF_100V_±0.1pF_X8R,CAP CER 3PF 100V X8R 0603,3pF 100V (X8R),Capacitors:C,Capacitor_SMD:C_0603_1608Metric,KEMET,C0603C309B1HACTU,https://www.digikey.es/es/products/detail/kemet/C0603C309B1HACTU/7945679,,,,,3pF,±0.1pF,100V,X8R,,,,,,-55°C ~ 150°C,Activo,,,AMR,22/08/2026,,,,,,,,,,,
IPN_C-????,C0603_3pF_100V_±0.5pF_X8R,CAP CER 3PF 100V X8R 0603,3pF 100V (X8R),Capacitors:C,Capacitor_SMD:C_0603_1608Metric,KEMET,C0603C309D1HACTU,https://www.digikey.es/es/products/detail/kemet/C0603C309D1HACTU/7945939,,,,,3pF,±0.5pF,100V,X8R,,,,,,-55°C ~ 150°C,Activo,,,AMR,22/08/2026,,,,,,,,,,,
IPN_C-????,C1210_3.3uF_50V_±10%_X7R,CAP CER 3.3UF 50V X7R 1210,3.3uF 50V (X7R),Capacitors:C,Capacitor_SMD:C_1210_3225Metric,KEMET,C1210C335K5RACTU,https://www.digikey.es/es/products/detail/kemet/C1210C335K5RACTU/2216819,,,,,3.3uF,±10%,50V,X7R,,,,,,-55°C ~ 125°C,Activo,,,AMR,22/08/2026,,,,,,,,,,,
IPN_C-????,C1812_3.3uF_50V_±10%_X7R,CAP CER 3.3UF 50V X7R 1812,3.3uF 50V (X7R),Capacitors:C,Capacitor_SMD:C_1812_4532Metric,KEMET,C1812C335K5RACTU,https://www.digikey.es/es/products/detail/kemet/C1812C335K5RACTU/16818694,,,,,3.3uF,±10%,50V,X7R,,,,,,-55°C ~ 125°C,Activo,,,AMR,22/08/2026,,,,,,,,,,,
IPN_C-????,C0603_3.3pF_25V_±0.5pF_X8R,CAP CER 3.3PF 25V X8R 0603,3.3pF 25V (X8R),Capacitors:C,Capacitor_SMD:C_0603_1608Metric,KEMET,C0603C339D3HACTU,https://www.digikey.es/es/products/detail/kemet/C0603C339D3HACTU/7945888,,,,,3.3pF,±0.5pF,25V,X8R,,,,,,-55°C ~ 150°C,Activo,,,AMR,22/08/2026,,,,,,,,,,,
IPN_C-????,C0805_3.3pF_50V_±10%_C0G,CAP CER 3.3PF 50V C0G/NP0 0805,3.3pF 50V (C0G),Capacitors:C,Capacitor_SMD:C_0805_2012Metric,KEMET,C0805C339K5GACTU,https://www.digikey.es/es/products/detail/kemet/C0805C339K5GACTU/2212643,,,,,3.3pF,±10%,50V,C0G,,,,,,-55°C ~ 125°C,Activo,,,AMR,22/08/2026,,,,,,,,,,,
IPN_C-????,C0603_3.6pF_25V_±0.5pF_X8R,CAP CER 3.6PF 25V X8R 0603,3.6pF 25V (X8R),Capacitors:C,Capacitor_SMD:C_0603_1608Metric,KEMET,C0603C369D3HACTU,https://www.digikey.es/es/products/detail/kemet/C0603C369D3HACTU/7945889,,,,,3.6pF,±0.5pF,25V,X8R,,,,,,-55°C ~ 150°C,Activo,,,AMR,22/08/2026,,,,,,,,,,,
IPN_C-????,C0603_30pF_50V_±10%_C0G,CAP CER 30PF 50V C0G/NP0 0603,30pF 50V (C0G),Capacitors:C,Capacitor_SMD:C_0603_1608Metric,KEMET,C0603C300K5GACTU,https://www.digikey.es/es/products/detail/kemet/C0603C300K5GACTU/2200470,,,,,30pF,±10%,50V,C0G,,,,,,-55°C ~ 125°C,Activo,,,AMR,22/08/2026,,,,,,,,,,,
IPN_C-????,C0603_30pF_50V_±1%_X8R,CAP CER 0603 30PF 50V ULTRA STAB,30pF 50V (X8R),Capacitors:C,Capacitor_SMD:C_0603_1608Metric,KEMET,C0603C300F5HACAUTO,https://www.digikey.es/es/products/detail/kemet/C0603C300F5HACAUTO/7956487,,,,,30pF,±1%,50V,X8R,,,,,,-55°C ~ 150°C,Activo,,,AMR,22/08/2026,,,,,,,,,,,
IPN_C-????,C0603_30pF_100V_±10%_X8R,CAP CER 30PF 100V X8R 0603,30pF 100V (X8R),Capacitors:C,Capacitor_SMD:C_0603_1608Metric,KEMET,C0603C300K1HACTU,https://www.digikey.es/es/products/detail/kemet/C0603C300K1HACTU/7946908,,,,,30pF,±10%,100V,X8R,,,,,,-55°C ~ 150°C,Activo,,,AMR,22/08/2026,,,,,,,,,,,
IPN_C-????,C0603_30pF_100V_±2%_X8R,CAP CER 30PF 100V X8R 0603,30pF 100V (X8R),Capacitors:C,Capacitor_SMD:C_0603_1608Metric,KEMET,C0603C300G1HACTU,https://www.digikey.es/es/products/detail/kemet/C0603C300G1HACTU/7946382,,,,,30pF,±2%,100V,X8R,,,,,,-55°C ~ 150°C,Activo,,,AMR,22/08/2026,,,,,,,,,,,
IPN_C-????,C0603_30pF_50V_±20%_X8R,CAP CER 0603 30PF 50V ULTRA STAB,30pF 50V (X8R),Capacitors:C,Capacitor_SMD:C_0603_1608Metric,KEMET,C0603C300M5HACAUTO,https://www.digikey.es/es/products/detail/kemet/C0603C300M5HACAUTO/7957535,,,,,30pF,±20%,50V,X8R,,,,,,-55°C ~ 150°C,Activo,,,AMR,22/08/2026,,,,,,,,,,,
IPN_C-????,C0805_30pF_50V_±10%_C0G,CAP CER 30PF 50V C0G/NP0 0805,30pF 50V (C0G),Capacitors:C,Capacitor_SMD:C_0805_2012Metric,KEMET,C0805C300K5GACTU,https://www.digikey.es/es/products/detail/kemet/C0805C300K5GACTU/2212478,,,,,30pF,±10%,50V,C0G,,,,,,-55°C ~ 125°C,Activo,,,AMR,22/08/2026,,,,,,,,,,,
IPN_C-????,C0805_30pF_50V_±10%_X7R,CAP CER 0805,30pF 50V (X7R),Capacitors:C,Capacitor_SMD:C_0805_2012Metric,KEMET,C0805C300K5RACAUTO,https://www.digikey.es/es/products/detail/kemet/C0805C300K5RACAUTO/18127792,,,,,30pF,±10%,50V,X7R,,,,,,-55°C ~ 125°C,Activo,,,AMR,22/08/2026,,,,,,,,,,,
IPN_C-????,C0603_300pF_50V_±10%_C0G,CAP CER 300PF 50V C0G/NP0 0603,300pF 50V (C0G),Capacitors:C,Capacitor_SMD:C_0603_1608Metric,KEMET,C0603C301K5GACTU,https://www.digikey.es/es/products/detail/kemet/C0603C301K5GACTU/12701188,,,,,300pF,±10%,50V,C0G,,,,,,-55°C ~ 125°C,Activo,,,AMR,22/08/2026,,,,,,,,,,,
IPN_C-????,C0603_300pF_50V_±1%_X8R,CAP CER 300PF 50V X8R 0603,300pF 50V (X8R),Capacitors:C,Capacitor_SMD:C_0603_1608Metric,KEMET,C0603C301F5HACTU,https://www.digikey.es/es/products/detail/kemet/C0603C301F5HACTU/7946104,,,,,300pF,±1%,50V,X8R,,,,,,-55°C ~ 150°C,Activo,,,AMR,22/08/2026,,,,,,,,,,,
IPN_C-????,C0805_300pF_50V_±10%_C0G,CAP CER 300PF 50V C0G/NP0 0805,300pF 50V (C0G),Capacitors:C,Capacitor_SMD:C_0805_2012Metric,KEMET,C0805C301K5GACTU,https://www.digikey.es/es/products/detail/kemet/C0805C301K5GACTU/2212489,,,,,300pF,±10%,50V,C0G,,,,,,-55°C ~ 125°C,Activo,,,AMR,22/08/2026,,,,,,,,,,,
IPN_C-????,C0603_3nF_50V_±10%_C0G,CAP CER 3000PF 50V C0G/NP0 0603,3nF 50V (C0G),Capacitors:C,Capacitor_SMD:C_0603_1608Metric,KEMET,C0603C302K5GACTU,https://www.digikey.es/es/products/detail/kemet/C0603C302K5GACTU/2200481,,,,,3nF,±10%,50V,C0G,,,,,,-55°C ~ 125°C,Activo,,,AMR,22/08/2026,,,,,,,,,,,
IPN_C-????,C0402_33pF_16V_±10%_C0G,CAP CER 33PF 16V C0G/NP0 0402,33pF 16V (C0G),Capacitors:C,Capacitor_SMD:C_0402_1005Metric,KEMET,C0402C330K4GACTU,https://www.digikey.es/es/products/detail/kemet/C0402C330K4GACTU/2196588,,,,,33pF,±10%,16V,C0G,,,,,,-55°C ~ 125°C,Activo,,,AMR,22/08/2026,,,,,,,,,,,
IPN_C-????,C0603_33pF_50V_±10%_C0G,CAP CER 33PF 50V C0G/NP0 0603,33pF 50V (C0G),Capacitors:C,Capacitor_SMD:C_0603_1608Metric,KEMET,C0603C330K5GACTU,https://www.digikey.es/es/products/detail/kemet/C0603C330K5GACTU/2200506,,,,,33pF,±10%,50V,C0G,,,,,,-55°C ~ 125°C,Activo,,,AMR,22/08/2026,,,,,,,,,,,
IPN_C-????,C0603_33pF_50V_±10%_X7R,CAP CER 33PF 50V X7R 0603,33pF 50V (X7R),Capacitors:C,Capacitor_SMD:C_0603_1608Metric,KEMET,C0603C330K5RACTU,https://www.digikey.es/es/products/detail/kemet/C0603C330K5RACTU/10482988,,,,,33pF,±10%,50V,X7R,,,,,,-55°C ~ 125°C,Activo,,,AMR,22/08/2026,,,,,,,,,,,
IPN_C-????,C0603_33pF_50V_±10%_X8R,CAP CER 33PF 50V X8R 0603,33pF 50V (X8R),Capacitors:C,Capacitor_SMD:C_0603_1608Metric,KEMET,C0603C330K5HACTU,https://www.digikey.es/es/products/detail/kemet/C0603C330K5HACTU/7946870,,,,,33pF,±10%,50V,X8R,,,,,,-55°C ~ 150°C,Activo,,,AMR,22/08/2026,,,,,,,,,,,
IPN_C-????,C0603_33pF_50V_±20%_X8R,CAP CER 33PF 50V X8R 0603,33pF 50V (X8R),Capacitors:C,Capacitor_SMD:C_0603_1608Metric,KEMET,C0603C330M5HACTU,https://www.digikey.es/es/products/detail/kemet/C0603C330M5HACTU/7947133,,,,,33pF,±20%,50V,X8R,,,,,,-55°C ~ 150°C,Activo,,,AMR,22/08/2026,,,,,,,,,,,
IPN_C-????,C0603_33pF_100V_±5%_X8R,CAP CER 33PF 100V X8R 0603,33pF 100V (X8R),Capacitors:C,Capacitor_SMD:C_0603_1608Metric,KEMET,C0603C330J1HACTU,https://www.digikey.es/es/products/detail/kemet/C0603C330J1HACTU/7946646,,,,,33pF,±5%,100V,X8R,,,,,,-55°C ~ 150°C,Activo,,,AMR,22/08/2026,,,,,,,,,,,
IPN_C-????,C0805_33pF_50V_±10%_C0G,CAP CER 33PF 50V C0G/NP0 0805,33pF 50V (C0G),Capacitors:C,Capacitor_SMD:C_0805_2012Metric,KEMET,C0805C330K5GACTU,https://www.digikey.es/es/products/detail/kemet/C0805C330K5GACTU/2212525,,,,,33pF,±10%,50V,C0G,,,,,,-55°C ~ 125°C,Activo,,,AMR,22/08/2026,,,,,,,,,,,
IPN_C-????,C0805_33pF_50V_±10%_X7R,CAP CER 33PF 50V X7R 0805,33pF 50V (X7R),Capacitors:C,Capacitor_SMD:C_0805_2012Metric,KEMET,C0805C330K5RACTU,https://www.digikey.es/es/products/detail/kemet/C0805C330K5RACTU/8572467,,,,,33pF,±10%,50V,X7R,,,,,,-55°C ~ 125°C,Activo,,,AMR,22/08/2026,,,,,,,,,,,
IPN_C-????,C0402_330pF_16V_±10%_X7R,CAP CER 330PF 16V X7R 0402,330pF 16V (X7R),Capacitors:C,Capacitor_SMD:C_0402_1005Metric,KEMET,C0402C331K4RACTU,https://www.digikey.es/es/products/detail/kemet/C0402C331K4RACTU/2196600,,,,,330pF,±10%,16V,X7R,,,,,,-55°C ~ 125°C,Activo,,,AMR,22/08/2026,,,,,,,,,,,
IPN_C-????,C0603_330pF_50V_±10%_X7R,CAP CER 330PF 50V X7R 0603,330pF 50V (X7R),Capacitors:C,Capacitor_SMD:C_0603_1608Metric,KEMET,C0603C331K5RACTU,https://www.digikey.es/es/products/detail/kemet/C0603C331K5RACTU/411075,,,,,330pF,±10%,50V,X7R,,,,,,-55°C ~ 125°C,Activo,,,AMR,22/08/2026,,,,,,,,,,,
IPN_C-????,C0603_330pF_50V_±10%_C0G,CAP CER 330PF 50V C0G/NP0 0603,330pF 50V (C0G),Capacitors:C,Capacitor_SMD:C_0603_1608Metric,KEMET,C0603C331K5GACTU,https://www.digikey.es/es/products/detail/kemet/C0603C331K5GACTU/2200533,,,,,330pF,±10%,50V,C0G,,,,,,-55°C ~ 125°C,Activo,,,AMR,22/08/2026,,,,,,,,,,,
IPN_C-????,C0603_330pF_25V_±5%_X8R,CAP CER 330PF 25V X8R 0603,330pF 25V (X8R),Capacitors:C,Capacitor_SMD:C_0603_1608Metric,KEMET,C0603C331J3HACTU,https://www.digikey.es/es/products/detail/kemet/C0603C331J3HACTU/7946592,,,,,330pF,±5%,25V,X8R,,,,,,-55°C ~ 150°C,Activo,,,AMR,22/08/2026,,,,,,,,,,,
IPN_C-????,C0603_330pF_50V_±20%_X8R,CAP CER 330PF 50V X8R 0603,330pF 50V (X8R),Capacitors:C,Capacitor_SMD:C_0603_1608Metric,KEMET,C0603C331M5HACTU,https://www.digikey.es/es/products/detail/kemet/C0603C331M5HACTU/7947157,,,,,330pF,±20%,50V,X8R,,,,,,-55°C ~ 150°C,Activo,,,AMR,22/08/2026,,,,,,,,,,,
IPN_C-????,C0603_330pF_100V_±5%_X8R,CAP CER 0603 330PF 100V ULTRA ST,330pF 100V (X8R),Capacitors:C,Capacitor_SMD:C_0603_1608Metric,KEMET,C0603X331J1HACAUTO,https://www.digikey.es/es/products/detail/kemet/C0603X331J1HACAUTO/8325859,,,,,330pF,±5%,100V,X8R,,,,,,-55°C ~ 150°C,Activo,,,AMR,22/08/2026,,,,,,,,,,,
IPN_C-????,C0603_330pF_50V_±2%_X8R,CAP CER 0603 330PF 50V ULTRA STA,330pF 50V (X8R),Capacitors:C,Capacitor_SMD:C_0603_1608Metric,KEMET,C0603X331G5HACTU,https://www.digikey.es/es/products/detail/kemet/C0603X331G5HACTU/8334085,,,,,330pF,±2%,50V,X8R,,,,,,-55°C ~ 150°C,Activo,,,AMR,22/08/2026,,,,,,,,,,,
IPN_C-????,C0402_330pF_6.3V_±10%_X7R,CAP CER 330PF 6.3V X7R 0402,330pF 6.3V (X7R),Capacitors:C,Capacitor_SMD:C_0402_1005Metric,KEMET,C0402C331K9RACTU,https://www.digikey.es/es/products/detail/kemet/C0402C331K9RACTU/18169802,,,,,330pF,±10%,6.3V,X7R,,,,,,-55°C ~ 125°C,Activo,,,AMR,22/08/2026,,,,,,,,,,,
IPN_C-????,C0805_330pF_50V_±10%_X7R,CAP CER 330PF 50V X7R 0805,330pF 50V (X7R),Capacitors:C,Capacitor_SMD:C_0805_2012Metric,KEMET,C0805C331K5RACTU,https://www.digikey.es/es/products/detail/kemet/C0805C331K5RACTU/411139,,,,,330pF,±10%,50V,X7R,,,,,,-55°C ~ 125°C,Activo,,,AMR,22/08/2026,,,,,,,,,,,
IPN_C-????,C0805_330pF_50V_±10%_C0G,CAP CER 330PF 50V C0G/NP0 0805,330pF 50V (C0G),Capacitors:C,Capacitor_SMD:C_0805_2012Metric,KEMET,C0805C331K5GACTU,https://www.digikey.es/es/products/detail/kemet/C0805C331K5GACTU/1933622,,,,,330pF,±10%,50V,C0G,,,,,,-55°C ~ 125°C,Activo,,,AMR,22/08/2026,,,,,,,,,,,
IPN_C-????,C0402_3.3nF_16V_±10%_X7R,CAP CER 3300PF 16V X7R 0402,3.3nF 16V (X7R),Capacitors:C,Capacitor_SMD:C_0402_1005Metric,KEMET,C0402C332K4RACTU,https://www.digikey.es/es/products/detail/kemet/C0402C332K4RACTU/2196612,,,,,3.3nF,±10%,16V,X7R,,,,,,-55°C ~ 125°C,Activo,,,AMR,22/08/2026,,,,,,,,,,,
IPN_C-????,C0603_3.3nF_50V_±10%_X7R,CAP CER 3300PF 50V X7R 0603,3.3nF 50V (X7R),Capacitors:C,Capacitor_SMD:C_0603_1608Metric,KEMET,C0603C332K5RACTU,https://www.digikey.es/es/products/detail/kemet/C0603C332K5RACTU/411085,,,,,3.3nF,±10%,50V,X7R,,,,,,-55°C ~ 125°C,Activo,,,AMR,22/08/2026,,,,,,,,,,,
IPN_C-????,C0603_3.3nF_50V_±10%_C0G,CAP CER 3300PF 50V C0G/NP0 0603,3.3nF 50V (C0G),Capacitors:C,Capacitor_SMD:C_0603_1608Metric,KEMET,C0603C332K5GACTU,https://www.digikey.es/es/products/detail/kemet/C0603C332K5GACTU/2200564,,,,,3.3nF,±10%,50V,C0G,,,,,,-55°C ~ 125°C,Activo,,,AMR,22/08/2026,,,,,,,,,,,
IPN_C-????,C0603_3.3nF_100V_±10%_X8R,CAP CER 3300PF 100V X8R 0603,3.3nF 100V (X8R),Capacitors:C,Capacitor_SMD:C_0603_1608Metric,KEMET,C0603C332K1HACAUTO,https://www.digikey.es/es/products/detail/kemet/C0603C332K1HACAUTO/9343289,,,,,3.3nF,±10%,100V,X8R,,,,,,-55°C ~ 150°C,Activo,,,AMR,22/08/2026,,,,,,,,,,,
IPN_C-????,C0603_3.3nF_50V_±5%_X8R,CAP CER 3300PF 50V X8R 0603,3.3nF 50V (X8R),Capacitors:C,Capacitor_SMD:C_0603_1608Metric,KEMET,C0603C332J5HACTU,https://www.digikey.es/es/products/detail/kemet/C0603C332J5HACTU/5879173,,,,,3.3nF,±5%,50V,X8R,,,,,,-55°C ~ 150°C,Activo,,,AMR,22/08/2026,,,,,,,,,,,
IPN_C-????,C0402_3.3nF_6.3V_±10%_X7R,CAP CER 3300PF 6.3V X7R 0402,3.3nF 6.3V (X7R),Capacitors:C,Capacitor_SMD:C_0402_1005Metric,KEMET,C0402C332K9RACTU,https://www.digikey.es/es/products/detail/kemet/C0402C332K9RACTU/2196616,,,,,3.3nF,±10%,6.3V,X7R,,,,,,-55°C ~ 125°C,Activo,,,AMR,22/08/2026,,,,,,,,,,,
IPN_C-????,C0805_3.3nF_50V_±10%_X7R,CAP CER 3300PF 50V X7R 0805,3.3nF 50V (X7R),Capacitors:C,Capacitor_SMD:C_0805_2012Metric,KEMET,C0805C332K5RACTU,https://www.digikey.es/es/products/detail/kemet/C0805C332K5RACTU/411152,,,,,3.3nF,±10%,50V,X7R,,,,,,-55°C ~ 125°C,Activo,,,AMR,22/08/2026,,,,,,,,,,,
IPN_C-????,C0805_3.3nF_50V_±10%_C0G,CAP CER 3300PF 50V C0G/NP0 0805,3.3nF 50V (C0G),Capacitors:C,Capacitor_SMD:C_0805_2012Metric,KEMET,C0805C332K5GACTU,https://www.digikey.es/es/products/detail/kemet/C0805C332K5GACTU/2212588,,,,,3.3nF,±10%,50V,C0G,,,,,,-55°C ~ 125°C,Activo,,,AMR,22/08/2026,,,,,,,,,,,
IPN_C-????,C0603_36pF_50V_±10%_X8R,CAP CER 0603 36PF 50V ULTRA STAB,36pF 50V (X8R),Capacitors:C,Capacitor_SMD:C_0603_1608Metric,KEMET,C0603C360K5HACAUTO,https://www.digikey.es/es/products/detail/kemet/C0603C360K5HACAUTO/7957274,,,,,36pF,±10%,50V,X8R,,,,,,-55°C ~ 150°C,Activo,,,AMR,22/08/2026,,,,,,,,,,,
IPN_C-????,C0603_360pF_25V_±5%_X8R,CAP CER 360PF 25V X8R 0603,360pF 25V (X8R),Capacitors:C,Capacitor_SMD:C_0603_1608Metric,KEMET,C0603C361J3HACTU,https://www.digikey.es/es/products/detail/kemet/C0603C361J3HACTU/7946593,,,,,360pF,±5%,25V,X8R,,,,,,-55°C ~ 150°C,Activo,,,AMR,22/08/2026,,,,,,,,,,,
IPN_C-????,C0402_39pF_16V_±10%_C0G,CAP CER 39PF 16V C0G/NP0 0402,39pF 16V (C0G),Capacitors:C,Capacitor_SMD:C_0402_1005Metric,KEMET,C0402C390K4GACTU,https://www.digikey.es/es/products/detail/kemet/C0402C390K4GACTU/2196654,,,,,39pF,±10%,16V,C0G,,,,,,-55°C ~ 125°C,Activo,,,AMR,22/08/2026,,,,,,,,,,,
IPN_C-????,C0603_39pF_50V_±10%_C0G,CAP CER 39PF 50V C0G/NP0 0603,39pF 50V (C0G),Capacitors:C,Capacitor_SMD:C_0603_1608Metric,KEMET,C0603C390K5GACTU,https://www.digikey.es/es/products/detail/kemet/C0603C390K5GACTU/2200656,,,,,39pF,±10%,50V,C0G,,,,,,-55°C ~ 125°C,Activo,,,AMR,22/08/2026,,,,,,,,,,,
IPN_C-????,C0603_39pF_50V_±10%_X7R,CAP CER 39PF 50V X7R 0603,39pF 50V (X7R),Capacitors:C,Capacitor_SMD:C_0603_1608Metric,KEMET,C0603C390K5RACAUTO,https://www.digikey.es/es/products/detail/kemet/C0603C390K5RACAUTO/10642377,,,,,39pF,±10%,50V,X7R,,,,,,-55°C ~ 125°C,Activo,,,AMR,22/08/2026,,,,,,,,,,,
IPN_C-????,C0805_39pF_50V_±10%_C0G,CAP CER 39PF 50V C0G/NP0 0805,39pF 50V (C0G),Capacitors:C,Capacitor_SMD:C_0805_2012Metric,KEMET,C0805C390K5GACTU,https://www.digikey.es/es/products/detail/kemet/C0805C390K5GACTU/2212679,,,,,39pF,±10%,50V,C0G,,,,,,-55°C ~ 125°C,Activo,,,AMR,22/08/2026,,,,,,,,,,,
IPN_C-????,C0402_390pF_16V_±10%_X7R,CAP CER 390PF 16V X7R 0402,390pF 16V (X7R),Capacitors:C,Capacitor_SMD:C_0402_1005Metric,KEMET,C0402C391K4RACTU,https://www.digikey.es/es/products/detail/kemet/C0402C391K4RACTU/2196666,,,,,390pF,±10%,16V,X7R,,,,,,-55°C ~ 125°C,Activo,,,AMR,22/08/2026,,,,,,,,,,,
IPN_C-????,C0603_390pF_50V_±10%_X7R,CAP CER 390PF 50V X7R 0603,390pF 50V (X7R),Capacitors:C,Capacitor_SMD:C_0603_1608Metric,KEMET,C0603C391K5RACTU,https://www.digikey.es/es/products/detail/kemet/C0603C391K5RACTU/411076,,,,,390pF,±10%,50V,X7R,,,,,,-55°C ~ 125°C,Activo,,,AMR,22/08/2026,,,,,,,,,,,
IPN_C-????,C0603_390pF_50V_±10%_C0G,CAP CER 390PF 50V C0G/NP0 0603,390pF 50V (C0G),Capacitors:C,Capacitor_SMD:C_0603_1608Metric,KEMET,C0603C391K5GACTU,https://www.digikey.es/es/products/detail/kemet/C0603C391K5GACTU/2200680,,,,,390pF,±10%,50V,C0G,,,,,,-55°C ~ 125°C,Activo,,,AMR,22/08/2026,,,,,,,,,,,
IPN_C-????,C0603_390pF_50V_±1%_X8R,CAP CER 0603 390PF 50V ULTRA STA,390pF 50V (X8R),Capacitors:C,Capacitor_SMD:C_0603_1608Metric,KEMET,C0603C391F5HACAUTO,https://www.digikey.es/es/products/detail/kemet/C0603C391F5HACAUTO/7956514,,,,,390pF,±1%,50V,X8R,,,,,,-55°C ~ 150°C,Activo,,,AMR,22/08/2026,,,,,,,,,,,
IPN_C-????,C0603_390pF_100V_±5%_X8R,CAP CER 390PF 100V X8R 0603,390pF 100V (X8R),Capacitors:C,Capacitor_SMD:C_0603_1608Metric,KEMET,C0603C391J1HACTU,https://www.digikey.es/es/products/detail/kemet/C0603C391J1HACTU/7946672,,,,,390pF,±5%,100V,X8R,,,,,,-55°C ~ 150°C,Activo,,,AMR,22/08/2026,,,,,,,,,,,
IPN_C-????,C0603_390pF_50V_±10%_X8R,CAP CER 0603 390PF 50V ULTRA STA,390pF 50V (X8R),Capacitors:C,Capacitor_SMD:C_0603_1608Metric,KEMET,C0603C391K5HACAUTO,https://www.digikey.es/es/products/detail/kemet/C0603C391K5HACAUTO/7957299,,,,,390pF,±10%,50V,X8R,,,,,,-55°C ~ 150°C,Activo,,,AMR,22/08/2026,,,,,,,,,,,
IPN_C-????,C0805_390pF_50V_±10%_X7R,CAP CER 390PF 50V X7R 0805,390pF 50V (X7R),Capacitors:C,Capacitor_SMD:C_0805_2012Metric,KEMET,C0805C391K5RACTU,https://www.digikey.es/es/products/detail/kemet/C0805C391K5RACTU/411140,,,,,390pF,±10%,50V,X7R,,,,,,-55°C ~ 125°C,Activo,,,AMR,22/08/2026,,,,,,,,,,,
IPN_C-????,C0805_390pF_50V_±10%_C0G,CAP CER 390PF 50V C0G/NP0 0805,390pF 50V (C0G),Capacitors:C,Capacitor_SMD:C_0805_2012Metric,KEMET,C0805C391K5GACTU,https://www.digikey.es/es/products/detail/kemet/C0805C391K5GACTU/2212701,,,,,390pF,±10%,50V,C0G,,,,,,-55°C ~ 125°C,Activo,,,AMR,22/08/2026,,,,,,,,,,,
IPN_C-????,C0402_3.9nF_16V_±10%_X7R,CAP CER 3900PF 16V X7R 0402,3.9nF 16V (X7R),Capacitors:C,Capacitor_SMD:C_0402_1005Metric,KEMET,C0402C392K4RACTU,https://www.digikey.es/es/products/detail/kemet/C0402C392K4RACTU/2196674,,,,,3.9nF,±10%,16V,X7R,,,,,,-55°C ~ 125°C,Activo,,,AMR,22/08/2026,,,,,,,,,,,
IPN_C-????,C0603_3.9nF_50V_±10%_X7R,CAP CER 3900PF 50V X7R 0603,3.9nF 50V (X7R),Capacitors:C,Capacitor_SMD:C_0603_1608Metric,KEMET,C0603C392K5RACTU,https://www.digikey.es/es/products/detail/kemet/C0603C392K5RACTU/2200697,,,,,3.9nF,±10%,50V,X7R,,,,,,-55°C ~ 125°C,Activo,,,AMR,22/08/2026,,,,,,,,,,,
IPN_C-????,C0805_3.9nF_50V_±10%_X7R,CAP CER 3900PF 50V X7R 0805,3.9nF 50V (X7R),Capacitors:C,Capacitor_SMD:C_0805_2012Metric,KEMET,C0805C392K5RACTU,https://www.digikey.es/es/products/detail/kemet/C0805C392K5RACTU/411153,,,,,3.9nF,±10%,50V,X7R,,,,,,-55°C ~ 125°C,Activo,,,AMR,22/08/2026,,,,,,,,,,,
IPN_C-????,C0603_4.3pF_50V_±10%_C0G,CAP CER 4.3PF 50V C0G/NP0 0603,4.3pF 50V (C0G),Capacitors:C,Capacitor_SMD:C_0603_1608Metric,KEMET,C0603C439K5GACTU,https://www.digikey.es/es/products/detail/kemet/C0603C439K5GACTU/2200755,,,,,4.3pF,±10%,50V,C0G,,,,,,-55°C ~ 125°C,Activo,,,AMR,22/08/2026,,,,,,,,,,,
IPN_C-????,C0603_4.3pF_100V_±0.5pF_X8R,CAP CER 4.3PF 100V X8R 0603,4.3pF 100V (X8R),Capacitors:C,Capacitor_SMD:C_0603_1608Metric,KEMET,C0603C439D1HACTU,https://www.digikey.es/es/products/detail/kemet/C0603C439D1HACTU/7945943,,,,,4.3pF,±0.5pF,100V,X8R,,,,,,-55°C ~ 150°C,Activo,,,AMR,22/08/2026,,,,,,,,,,,
IPN_C-????,C1206_4.7uF_50V_±10%_X7R,CAP CER 4.7UF 50V X7R 1206,4.7uF 50V (X7R),Capacitors:C,Capacitor_SMD:C_1206_3216Metric,KEMET,C1206C475K5RACTU,https://www.digikey.es/es/products/detail/kemet/C1206C475K5RACTU/5119822,,,,,4.7uF,±10%,50V,X7R,,,,,,-55°C ~ 125°C,Activo,,,AMR,22/08/2026,,,,,,,,,,,
IPN_C-????,C1210_4.7uF_50V_±10%_X7R,CAP CER 4.7UF 50V X7R 1210,4.7uF 50V (X7R),Capacitors:C,Capacitor_SMD:C_1210_3225Metric,KEMET,C1210C475K5RACTU,https://www.digikey.es/es/products/detail/kemet/C1210C475K5RACTU/2216923,,,,,4.7uF,±10%,50V,X7R,,,,,,-55°C ~ 125°C,Activo,,,AMR,22/08/2026,,,,,,,,,,,
IPN_C-????,C1812_4.7uF_50V_±10%_X7R,CAP CER 4.7UF 50V X7R 1812,4.7uF 50V (X7R),Capacitors:C,Capacitor_SMD:C_1812_4532Metric,KEMET,C1812C475K5RACTU,https://www.digikey.es/es/products/detail/kemet/C1812C475K5RACTU/2235864,,,,,4.7uF,±10%,50V,X7R,,,,,,-55°C ~ 125°C,Activo,,,AMR,22/08/2026,,,,,,,,,,,
IPN_C-????,C2220_4.7uF_50V_±10%_X7R,CAP CER 4.7UF 50V X7R 2220,4.7uF 50V (X7R),Capacitors:C,Capacitor_SMD:C_2220_5750Metric,KEMET,C2220C475K5RACTU,https://www.digikey.es/es/products/detail/kemet/C2220C475K5RACTU/7795454,,,,,4.7uF,±10%,50V,X7R,,,,,,-55°C ~ 125°C,Activo,,,AMR,22/08/2026,,,,,,,,,,,
IPN_C-????,C0603_4.7pF_50V_±10%_C0G,CAP CER 4.7PF 50V C0G/NP0 0603,4.7pF 50V (C0G),Capacitors:C,Capacitor_SMD:C_0603_1608Metric,KEMET,C0603C479K5GACTU,https://www.digikey.es/es/products/detail/kemet/C0603C479K5GACTU/2200909,,,,,4.7pF,±10%,50V,C0G,,,,,,-55°C ~ 125°C,Activo,,,AMR,22/08/2026,,,,,,,,,,,
IPN_C-????,C0603_4.7pF_50V_±0.5pF_X8R,CAP CER 4.7PF 50V X8R 0603,4.7pF 50V (X8R),Capacitors:C,Capacitor_SMD:C_0603_1608Metric,KEMET,C0603C479D5HACTU,https://www.digikey.es/es/products/detail/kemet/C0603C479D5HACTU/7945918,,,,,4.7pF,±0.5pF,50V,X8R,,,,,,-55°C ~ 150°C,Activo,,,AMR,22/08/2026,,,,,,,,,,,
IPN_C-????,C0603_4.7pF_100V_±0.25pF_X8R,CAP CER 0603 4.7PF 100V ULTRA ST,4.7pF 100V (X8R),Capacitors:C,Capacitor_SMD:C_0603_1608Metric,KEMET,C0603X479C1HACTU,https://www.digikey.es/es/products/detail/kemet/C0603X479C1HACTU/8333531,,,,,4.7pF,±0.25pF,100V,X8R,,,,,,-55°C ~ 150°C,Activo,,,AMR,22/08/2026,,,,,,,,,,,
IPN_C-????,C0805_4.7pF_50V_±10%_C0G,CAP CER 4.7PF 50V C0G/NP0 0805,4.7pF 50V (C0G),Capacitors:C,Capacitor_SMD:C_0805_2012Metric,KEMET,C0805C479K5GACTU,https://www.digikey.es/es/products/detail/kemet/C0805C479K5GACTU/2212918,,,,,4.7pF,±10%,50V,C0G,,,,,,-55°C ~ 125°C,Activo,,,AMR,22/08/2026,,,,,,,,,,,
IPN_C-????,C0603_4.3nF_50V_±5%_X8R,CAP CER 0603,4.3nF 50V (X8R),Capacitors:C,Capacitor_SMD:C_0603_1608Metric,KEMET,C0603C432J5HACAUTO,https://www.digikey.es/es/products/detail/kemet/C0603C432J5HACAUTO/18168109,,,,,4.3nF,±5%,50V,X8R,,,,,,-55°C ~ 150°C,Activo,,,AMR,22/08/2026,,,,,,,,,,,
IPN_C-????,C0402_47pF_16V_±10%_C0G,CAP CER 47PF 16V C0G/NP0 0402,47pF 16V (C0G),Capacitors:C,Capacitor_SMD:C_0402_1005Metric,KEMET,C0402C470K4GACTU,https://www.digikey.es/es/products/detail/kemet/C0402C470K4GACTU/2196716,,,,,47pF,±10%,16V,C0G,,,,,,-55°C ~ 125°C,Activo,,,AMR,22/08/2026,,,,,,,,,,,
IPN_C-????,C0603_47pF_50V_±10%_X7R,CAP CER 47PF 50V X7R 0603,47pF 50V (X7R),Capacitors:C,Capacitor_SMD:C_0603_1608Metric,KEMET,C0603C470K5RACTU,https://www.digikey.es/es/products/detail/kemet/C0603C470K5RACTU/7795465,,,,,47pF,±10%,50V,X7R,,,,,,-55°C ~ 125°C,Activo,,,AMR,22/08/2026,,,,,,,,,,,
IPN_C-????,C0603_47pF_50V_±10%_C0G,CAP CER 47PF 50V C0G/NP0 0603,47pF 50V (C0G),Capacitors:C,Capacitor_SMD:C_0603_1608Metric,KEMET,C0603C470K5GACTU,https://www.digikey.es/es/products/detail/kemet/C0603C470K5GACTU/2200781,,,,,47pF,±10%,50V,C0G,,,,,,-55°C ~ 125°C,Activo,,,AMR,22/08/2026,,,,,,,,,,,
IPN_C-????,C0603_47pF_25V_±2%_X8R,CAP CER 47PF 25V X8R 0603,47pF 25V (X8R),Capacitors:C,Capacitor_SMD:C_0603_1608Metric,KEMET,C0603C470G3HACTU,https://www.digikey.es/es/products/detail/kemet/C0603C470G3HACTU/7946309,,,,,47pF,±2%,25V,X8R,,,,,,-55°C ~ 150°C,Activo,,,AMR,22/08/2026,,,,,,,,,,,
IPN_C-????,C0603_47pF_50V_±10%_X8R,CAP CER 0603 47PF 50V ULTRA STAB,47pF 50V (X8R),Capacitors:C,Capacitor_SMD:C_0603_1608Metric,KEMET,C0603C470K5HACAUTO,https://www.digikey.es/es/products/detail/kemet/C0603C470K5HACAUTO/7957277,,,,,47pF,±10%,50V,X8R,,,,,,-55°C ~ 150°C,Activo,,,AMR,22/08/2026,,,,,,,,,,,
IPN_C-????,C0603_47pF_50V_±5%_X8R,CAP CER 47PF 50V X8R 0603,47pF 50V (X8R),Capacitors:C,Capacitor_SMD:C_0603_1608Metric,KEMET,C0603C470J5HACTU,https://www.digikey.es/es/products/detail/kemet/C0603C470J5HACTU/7946611,,,,,47pF,±5%,50V,X8R,,,,,,-55°C ~ 150°C,Activo,,,AMR,22/08/2026,,,,,,,,,,,
IPN_C-????,C0603_47pF_50V_±20%_X8R,CAP CER 47PF 50V X8R 0603,47pF 50V (X8R),Capacitors:C,Capacitor_SMD:C_0603_1608Metric,KEMET,C0603C470M5HACTU,https://www.digikey.es/es/products/detail/kemet/C0603C470M5HACTU/7947137,,,,,47pF,±20%,50V,X8R,,,,,,-55°C ~ 150°C,Activo,,,AMR,22/08/2026,,,,,,,,,,,
IPN_C-????,C0603_47pF_100V_±5%_X8R,CAP CER 47PF 100V X8R 0603,47pF 100V (X8R),Capacitors:C,Capacitor_SMD:C_0603_1608Metric,KEMET,C0603C470J1HACTU,https://www.digikey.es/es/products/detail/kemet/C0603C470J1HACTU/7946650,,,,,47pF,±5%,100V,X8R,,,,,,-55°C ~ 150°C,Activo,,,AMR,22/08/2026,,,,,,,,,,,
IPN_C-????,C0603_47pF_100V_±2%_X8R,CAP CER 47PF 100V X8R 0603,47pF 100V (X8R),Capacitors:C,Capacitor_SMD:C_0603_1608Metric,KEMET,C0603C470G1HACTU,https://www.digikey.es/es/products/detail/kemet/C0603C470G1HACTU/7946387,,,,,47pF,±2%,100V,X8R,,,,,,-55°C ~ 150°C,Activo,,,AMR,22/08/2026,,,,,,,,,,,
IPN_C-????,C0603_47pF_100V_±20%_X8R,CAP CER 0603 47PF 100V ULTRA STA,47pF 100V (X8R),Capacitors:C,Capacitor_SMD:C_0603_1608Metric,KEMET,C0603C470M1HACAUTO,https://www.digikey.es/es/products/detail/kemet/C0603C470M1HACAUTO/7957579,,,,,47pF,±20%,100V,X8R,,,,,,-55°C ~ 150°C,Activo,,,AMR,22/08/2026,,,,,,,,,,,
IPN_C-????,C0603_47pF_100V_±1%_X8R,CAP CER 47PF 100V X8R 0603,47pF 100V (X8R),Capacitors:C,Capacitor_SMD:C_0603_1608Metric,KEMET,C0603C470F1HACTU,https://www.digikey.es/es/products/detail/kemet/C0603C470F1HACTU/7946124,,,,,47pF,±1%,100V,X8R,,,,,,-55°C ~ 150°C,Activo,,,AMR,22/08/2026,,,,,,,,,,,
IPN_C-????,C0402_47pF_6.3V_±10%_X7R,CAP CER 47PF 6.3V X7R 0402,47pF 6.3V (X7R),Capacitors:C,Capacitor_SMD:C_0402_1005Metric,KEMET,C0402C470K9RACTU,https://www.digikey.es/es/products/detail/kemet/C0402C470K9RACTU/18191113,,,,,47pF,±10%,6.3V,X7R,,,,,,-55°C ~ 125°C,Activo,,,AMR,22/08/2026,,,,,,,,,,,
IPN_C-????,C0805_47pF_50V_±10%_X7R,CAP CER 47PF 50V X7R 0805,47pF 50V (X7R),Capacitors:C,Capacitor_SMD:C_0805_2012Metric,KEMET,C0805C470K5RACTU,https://www.digikey.es/es/products/detail/kemet/C0805C470K5RACTU/12701183,,,,,47pF,±10%,50V,X7R,,,,,,-55°C ~ 125°C,Activo,,,AMR,22/08/2026,,,,,,,,,,,
IPN_C-????,C0805_47pF_50V_±10%_C0G,CAP CER 47PF 50V C0G/NP0 0805,47pF 50V (C0G),Capacitors:C,Capacitor_SMD:C_0805_2012Metric,KEMET,C0805C470K5GACTU,https://www.digikey.es/es/products/detail/kemet/C0805C470K5GACTU/2212783,,,,,47pF,±10%,50V,C0G,,,,,,-55°C ~ 125°C,Activo,,,AMR,22/08/2026,,,,,,,,,,,
IPN_C-????,C0402_470pF_16V_±10%_X7R,CAP CER 470PF 16V X7R 0402,470pF 16V (X7R),Capacitors:C,Capacitor_SMD:C_0402_1005Metric,KEMET,C0402C471K4RACTU,https://www.digikey.es/es/products/detail/kemet/C0402C471K4RACTU/2196735,,,,,470pF,±10%,16V,X7R,,,,,,-55°C ~ 125°C,Activo,,,AMR,22/08/2026,,,,,,,,,,,
IPN_C-????,C0603_470pF_50V_±10%_X7R,CAP CER 470PF 50V X7R 0603,470pF 50V (X7R),Capacitors:C,Capacitor_SMD:C_0603_1608Metric,KEMET,C0603C471K5RACTU,https://www.digikey.es/es/products/detail/kemet/C0603C471K5RACTU/411077,,,,,470pF,±10%,50V,X7R,,,,,,-55°C ~ 125°C,Activo,,,AMR,22/08/2026,,,,,,,,,,,
IPN_C-????,C0603_470pF_50V_±10%_C0G,CAP CER 470PF 50V C0G/NP0 0603,470pF 50V (C0G),Capacitors:C,Capacitor_SMD:C_0603_1608Metric,KEMET,C0603C471K5GACTU,https://www.digikey.es/es/products/detail/kemet/C0603C471K5GACTU/2200817,,,,,470pF,±10%,50V,C0G,,,,,,-55°C ~ 125°C,Activo,,,AMR,22/08/2026,,,,,,,,,,,
IPN_C-????,C0603_470pF_50V_±10%_X8R,CAP CER 470PF 50V X8R 0603,470pF 50V (X8R),Capacitors:C,Capacitor_SMD:C_0603_1608Metric,KEMET,C0603C471K5HACTU,https://www.digikey.es/es/products/detail/kemet/C0603C471K5HACTU/2209292,,,,,470pF,±10%,50V,X8R,,,,,,-55°C ~ 150°C,Activo,,,AMR,22/08/2026,,,,,,,,,,,
IPN_C-????,C0603_470pF_50V_±5%_X8R,CAP CER 470PF 50V X8R 0603,470pF 50V (X8R),Capacitors:C,Capacitor_SMD:C_0603_1608Metric,KEMET,C0603C471J5HACTU,https://www.digikey.es/es/products/detail/kemet/C0603C471J5HACTU/6097127,,,,,470pF,±5%,50V,X8R,,,,,,-55°C ~ 150°C,Activo,,,AMR,22/08/2026,,,,,,,,,,,
IPN_C-????,C0402_470pF_6.3V_±10%_X7R,CAP CER 470PF 6.3V X7R 0402,470pF 6.3V (X7R),Capacitors:C,Capacitor_SMD:C_0402_1005Metric,KEMET,C0402C471K9RACTU,https://www.digikey.es/es/products/detail/kemet/C0402C471K9RACTU/2196740,,,,,470pF,±10%,6.3V,X7R,,,,,,-55°C ~ 125°C,Activo,,,AMR,22/08/2026,,,,,,,,,,,
IPN_C-????,C0805_470pF_50V_±10%_X7R,CAP CER 470PF 50V X7R 0805,470pF 50V (X7R),Capacitors:C,Capacitor_SMD:C_0805_2012Metric,KEMET,C0805C471K5RACTU,https://www.digikey.es/es/products/detail/kemet/C0805C471K5RACTU/411141,,,,,470pF,±10%,50V,X7R,,,,,,-55°C ~ 125°C,Activo,,,AMR,22/08/2026,,,,,,,,,,,
IPN_C-????,C0805_470pF_50V_±10%_C0G,CAP CER 470PF 50V C0G/NP0 0805,470pF 50V (C0G),Capacitors:C,Capacitor_SMD:C_0805_2012Metric,KEMET,C0805C471K5GACTU,https://www.digikey.es/es/products/detail/kemet/C0805C471K5GACTU/2212817,,,,,470pF,±10%,50V,C0G,,,,,,-55°C ~ 125°C,Activo,,,AMR,22/08/2026,,,,,,,,,,,
IPN_C-????,C0402_4.7nF_16V_±10%_X7R,CAP CER 4700PF 16V X7R 0402,4.7nF 16V (X7R),Capacitors:C,Capacitor_SMD:C_0402_1005Metric,KEMET,C0402C472K4RACTU,https://www.digikey.es/es/products/detail/kemet/C0402C472K4RACTU/2196752,,,,,4.7nF,±10%,16V,X7R,,,,,,-55°C ~ 125°C,Activo,,,AMR,22/08/2026,,,,,,,,,,,
IPN_C-????,C0603_4.7nF_50V_±10%_X7R,CAP CER 4700PF 50V X7R 0603,4.7nF 50V (X7R),Capacitors:C,Capacitor_SMD:C_0603_1608Metric,KEMET,C0603C472K5RACTU,https://www.digikey.es/es/products/detail/kemet/C0603C472K5RACTU/411086,,,,,4.7nF,±10%,50V,X7R,,,,,,-55°C ~ 125°C,Activo,,,AMR,22/08/2026,,,,,,,,,,,
IPN_C-????,C0603_4.7nF_50V_±10%_C0G,CAP CER 4700PF 50V C0G/NP0 0603,4.7nF 50V (C0G),Capacitors:C,Capacitor_SMD:C_0603_1608Metric,KEMET,C0603C472K5GACTU,https://www.digikey.es/es/products/detail/kemet/C0603C472K5GACTU/2200847,,,,,4.7nF,±10%,50V,C0G,,,,,,-55°C ~ 125°C,Activo,,,AMR,22/08/2026,,,,,,,,,,,
IPN_C-????,C0603_4.7nF_50V_±10%_X8R,CAP CER 4700PF 50V X8R 0603,4.7nF 50V (X8R),Capacitors:C,Capacitor_SMD:C_0603_1608Metric,KEMET,C0603C472K5HACTU,https://www.digikey.es/es/products/detail/kemet/C0603C472K5HACTU/2209296,,,,,4.7nF,±10%,50V,X8R,,,,,,-55°C ~ 150°C,Activo,,,AMR,22/08/2026,,,,,,,,,,,
IPN_C-????,C0603_4.7nF_50V_±5%_X8R,CAP CER 4700PF 50V X8R 0603,4.7nF 50V (X8R),Capacitors:C,Capacitor_SMD:C_0603_1608Metric,KEMET,C0603C472J5HACTU,https://www.digikey.es/es/products/detail/kemet/C0603C472J5HACTU/7795466,,,,,4.7nF,±5%,50V,X8R,,,,,,-55°C ~ 150°C,Activo,,,AMR,22/08/2026,,,,,,,,,,,
IPN_C-????,C0603_4.7nF_100V_±5%_X8R,CAP CER 4700PF 100V X8R 0603,4.7nF 100V (X8R),Capacitors:C,Capacitor_SMD:C_0603_1608Metric,KEMET,C0603C472J1HACTU,https://www.digikey.es/es/products/detail/kemet/C0603C472J1HACTU/2209297,,,,,4.7nF,±5%,100V,X8R,,,,,,-55°C ~ 150°C,Activo,,,AMR,22/08/2026,,,,,,,,,,,
IPN_C-????,C0603_4.7nF_100V_±10%_X8G,CAP CER 4700PF 100V X8G 0603,4.7nF 100V (X8G),Capacitors:C,Capacitor_SMD:C_0603_1608Metric,KEMET,C0603C472K1TACAUTO,https://www.digikey.es/es/products/detail/kemet/C0603C472K1TACAUTO/13546783,,,,,4.7nF,±10%,100V,X8G,,,,,,-55°C ~ 150°C,Activo,,,AMR,22/08/2026,,,,,,,,,,,
IPN_C-????,C0402_4.7nF_6.3V_±10%_X7R,CAP CER 4700PF 6.3V X7R 0402,4.7nF 6.3V (X7R),Capacitors:C,Capacitor_SMD:C_0402_1005Metric,KEMET,C0402C472K9RACTU,https://www.digikey.es/es/products/detail/kemet/C0402C472K9RACTU/7382031,,,,,4.7nF,±10%,6.3V,X7R,,,,,,-55°C ~ 125°C,Activo,,,AMR,22/08/2026,,,,,,,,,,,
IPN_C-????,C0805_4.7nF_50V_±10%_X7R,CAP CER 4700PF 50V X7R 0805,4.7nF 50V (X7R),Capacitors:C,Capacitor_SMD:C_0805_2012Metric,KEMET,C0805C472K5RACTU,https://www.digikey.es/es/products/detail/kemet/C0805C472K5RACTU/411154,,,,,4.7nF,±10%,50V,X7R,,,,,,-55°C ~ 125°C,Activo,,,AMR,22/08/2026,,,,,,,,,,,
IPN_C-????,C0805_4.7nF_50V_±10%_C0G,CAP CER 0805 4.7NF 50V C0G 10%,4.7nF 50V (C0G),Capacitors:C,Capacitor_SMD:C_0805_2012Metric,KEMET,C0805C472K5GECAUTO,https://www.digikey.es/es/products/detail/kemet/C0805C472K5GECAUTO/8640496,,,,,4.7nF,±10%,50V,C0G,,,,,,-55°C ~ 125°C,Activo,,,AMR,22/08/2026,,,,,,,,,,,
IPN_C-????,C0805_5.1pF_50V_±10%_C0G,CAP CER 5.1PF 50V C0G/NP0 0805,5.1pF 50V (C0G),Capacitors:C,Capacitor_SMD:C_0805_2012Metric,KEMET,C0805C519K5GACTU,https://www.digikey.es/es/products/detail/kemet/C0805C519K5GACTU/2212951,,,,,5.1pF,±10%,50V,C0G,,,,,,-55°C ~ 125°C,Activo,,,AMR,22/08/2026,,,,,,,,,,,
IPN_C-????,C0603_5.6pF_50V_±10%_C0G,CAP CER 5.6PF 50V C0G/NP0 0603,5.6pF 50V (C0G),Capacitors:C,Capacitor_SMD:C_0603_1608Metric,KEMET,C0603C569K5GACTU,https://www.digikey.es/es/products/detail/kemet/C0603C569K5GACTU/2201031,,,,,5.6pF,±10%,50V,C0G,,,,,,-55°C ~ 125°C,Activo,,,AMR,22/08/2026,,,,,,,,,,,
IPN_C-????,C0603_5.6pF_100V_±0.5pF_X8R,CAP CER 5.6PF 100V X8R 0603,5.6pF 100V (X8R),Capacitors:C,Capacitor_SMD:C_0603_1608Metric,KEMET,C0603C569D1HACTU,https://www.digikey.es/es/products/detail/kemet/C0603C569D1HACTU/7945946,,,,,5.6pF,±0.5pF,100V,X8R,,,,,,-55°C ~ 150°C,Activo,,,AMR,22/08/2026,,,,,,,,,,,
IPN_C-????,C0603_51pF_50V_±10%_C0G,CAP CER 51PF 50V C0G/NP0 0603,51pF 50V (C0G),Capacitors:C,Capacitor_SMD:C_0603_1608Metric,KEMET,C0603C510K5GACTU,https://www.digikey.es/es/products/detail/kemet/C0603C510K5GACTU/2200926,,,,,51pF,±10%,50V,C0G,,,,,,-55°C ~ 125°C,Activo,,,AMR,22/08/2026,,,,,,,,,,,
IPN_C-????,C0805_51pF_50V_±10%_C0G,CAP CER 51PF 50V C0G/NP0 0805,51pF 50V (C0G),Capacitors:C,Capacitor_SMD:C_0805_2012Metric,KEMET,C0805C510K5GACTU,https://www.digikey.es/es/products/detail/kemet/C0805C510K5GACTU/2212933,,,,,51pF,±10%,50V,C0G,,,,,,-55°C ~ 125°C,Activo,,,AMR,22/08/2026,,,,,,,,,,,
IPN_C-????,C0805_510pF_50V_±10%_C0G,CAP CER 510PF 50V C0G/NP0 0805,510pF 50V (C0G),Capacitors:C,Capacitor_SMD:C_0805_2012Metric,KEMET,C0805C511K5GACTU,https://www.digikey.es/es/products/detail/kemet/C0805C511K5GACTU/2212940,,,,,510pF,±10%,50V,C0G,,,,,,-55°C ~ 125°C,Activo,,,AMR,22/08/2026,,,,,,,,,,,
IPN_C-????,C0603_5.1nF_50V_±10%_C0G,CAP CER 5100PF 50V C0G/NP0 0603,5.1nF 50V (C0G),Capacitors:C,Capacitor_SMD:C_0603_1608Metric,KEMET,C0603C512K5GACTU,https://www.digikey.es/es/products/detail/kemet/C0603C512K5GACTU/2200937,,,,,5.1nF,±10%,50V,C0G,,,,,,-55°C ~ 125°C,Activo,,,AMR,22/08/2026,,,,,,,,,,,
IPN_C-????,C0603_56pF_50V_±10%_C0G,CAP CER 56PF 50V C0G/NP0 0603,56pF 50V (C0G),Capacitors:C,Capacitor_SMD:C_0603_1608Metric,KEMET,C0603C560K5GACTU,https://www.digikey.es/es/products/detail/kemet/C0603C560K5GACTU/2200966,,,,,56pF,±10%,50V,C0G,,,,,,-55°C ~ 125°C,Activo,,,AMR,22/08/2026,,,,,,,,,,,
IPN_C-????,C0603_56pF_25V_±20%_X8R,CAP CER 56PF 25V X8R 0603,56pF 25V (X8R),Capacitors:C,Capacitor_SMD:C_0603_1608Metric,KEMET,C0603C560M3HACTU,https://www.digikey.es/es/products/detail/kemet/C0603C560M3HACTU/7947100,,,,,56pF,±20%,25V,X8R,,,,,,-55°C ~ 150°C,Activo,,,AMR,22/08/2026,,,,,,,,,,,
IPN_C-????,C0603_56pF_50V_±5%_X8R,CAP CER 56PF 50V X8R 0603,56pF 50V (X8R),Capacitors:C,Capacitor_SMD:C_0603_1608Metric,KEMET,C0603C560J5HACTU,https://www.digikey.es/es/products/detail/kemet/C0603C560J5HACTU/7946613,,,,,56pF,±5%,50V,X8R,,,,,,-55°C ~ 150°C,Activo,,,AMR,22/08/2026,,,,,,,,,,,
IPN_C-????,C0805_56pF_50V_±10%_C0G,CAP CER 56PF 50V C0G/NP0 0805,56pF 50V (C0G),Capacitors:C,Capacitor_SMD:C_0805_2012Metric,KEMET,C0805C560K5GACTU,https://www.digikey.es/es/products/detail/kemet/C0805C560K5GACTU/2212966,,,,,56pF,±10%,50V,C0G,,,,,,-55°C ~ 125°C,Activo,,,AMR,22/08/2026,,,,,,,,,,,
IPN_C-????,C0402_560pF_16V_±10%_X7R,CAP CER 560PF 16V X7R 0402,560pF 16V (X7R),Capacitors:C,Capacitor_SMD:C_0402_1005Metric,KEMET,C0402C561K4RACTU,https://www.digikey.es/es/products/detail/kemet/C0402C561K4RACTU/2196831,,,,,560pF,±10%,16V,X7R,,,,,,-55°C ~ 125°C,Activo,,,AMR,22/08/2026,,,,,,,,,,,
IPN_C-????,C0603_560pF_50V_±10%_X7R,CAP CER 560PF 50V X7R 0603,560pF 50V (X7R),Capacitors:C,Capacitor_SMD:C_0603_1608Metric,KEMET,C0603C561K5RACTU,https://www.digikey.es/es/products/detail/kemet/C0603C561K5RACTU/411078,,,,,560pF,±10%,50V,X7R,,,,,,-55°C ~ 125°C,Activo,,,AMR,22/08/2026,,,,,,,,,,,
IPN_C-????,C0603_560pF_50V_±10%_C0G,CAP CER 560PF 50V C0G/NP0 0603,560pF 50V (C0G),Capacitors:C,Capacitor_SMD:C_0603_1608Metric,KEMET,C0603C561K5GACTU,https://www.digikey.es/es/products/detail/kemet/C0603C561K5GACTU/2200988,,,,,560pF,±10%,50V,C0G,,,,,,-55°C ~ 125°C,Activo,,,AMR,22/08/2026,,,,,,,,,,,
IPN_C-????,C0805_560pF_50V_±10%_X7R,CAP CER 560PF 50V X7R 0805,560pF 50V (X7R),Capacitors:C,Capacitor_SMD:C_0805_2012Metric,KEMET,C0805C561K5RACTU,https://www.digikey.es/es/products/detail/kemet/C0805C561K5RACTU/411142,,,,,560pF,±10%,50V,X7R,,,,,,-55°C ~ 125°C,Activo,,,AMR,22/08/2026,,,,,,,,,,,
IPN_C-????,C0805_560pF_50V_±10%_C0G,CAP CER 560PF 50V C0G/NP0 0805,560pF 50V (C0G),Capacitors:C,Capacitor_SMD:C_0805_2012Metric,KEMET,C0805C561K5GACTU,https://www.digikey.es/es/products/detail/kemet/C0805C561K5GACTU/2212988,,,,,560pF,±10%,50V,C0G,,,,,,-55°C ~ 125°C,Activo,,,AMR,22/08/2026,,,,,,,,,,,
IPN_C-????,C0402_5.6nF_16V_±10%_X7R,CAP CER 5600PF 16V X7R 0402,5.6nF 16V (X7R),Capacitors:C,Capacitor_SMD:C_0402_1005Metric,KEMET,C0402C562K4RACTU,https://www.digikey.es/es/products/detail/kemet/C0402C562K4RACTU/411038,,,,,5.6nF,±10%,16V,X7R,,,,,,-55°C ~ 125°C,Activo,,,AMR,22/08/2026,,,,,,,,,,,
IPN_C-????,C0603_5.6nF_50V_±10%_X7R,CAP CER 5600PF 50V X7R 0603,5.6nF 50V (X7R),Capacitors:C,Capacitor_SMD:C_0603_1608Metric,KEMET,C0603C562K5RACTU,https://www.digikey.es/es/products/detail/kemet/C0603C562K5RACTU/2201004,,,,,5.6nF,±10%,50V,X7R,,,,,,-55°C ~ 125°C,Activo,,,AMR,22/08/2026,,,,,,,,,,,
IPN_C-????,C0603_5.6nF_50V_±10%_C0G,CAP CER 5600PF 50V C0G/NP0 0603,5.6nF 50V (C0G),Capacitors:C,Capacitor_SMD:C_0603_1608Metric,KEMET,C0603C562K5GACTU,https://www.digikey.es/es/products/detail/kemet/C0603C562K5GACTU/18192874,,,,,5.6nF,±10%,50V,C0G,,,,,,-55°C ~ 125°C,Activo,,,AMR,22/08/2026,,,,,,,,,,,
IPN_C-????,C0805_5.6nF_50V_±10%_X7R,CAP CER 5600PF 50V X7R 0805,5.6nF 50V (X7R),Capacitors:C,Capacitor_SMD:C_0805_2012Metric,KEMET,C0805C562K5RACTU,https://www.digikey.es/es/products/detail/kemet/C0805C562K5RACTU/411155,,,,,5.6nF,±10%,50V,X7R,,,,,,-55°C ~ 125°C,Activo,,,AMR,22/08/2026,,,,,,,,,,,
IPN_C-????,C0603_6.8pF_50V_±10%_C0G,CAP CER 6.8PF 50V C0G/NP0 0603,6.8pF 50V (C0G),Capacitors:C,Capacitor_SMD:C_0603_1608Metric,KEMET,C0603C689K5GACTU,https://www.digikey.es/es/products/detail/kemet/C0603C689K5GACTU/2201163,,,,,6.8pF,±10%,50V,C0G,,,,,,-55°C ~ 125°C,Activo,,,AMR,22/08/2026,,,,,,,,,,,
IPN_C-????,C0603_6.8pF_50V_±0.5pF_X8R,CAP CER 0603 6.8PF 50V ULTRA STA,6.8pF 50V (X8R),Capacitors:C,Capacitor_SMD:C_0603_1608Metric,KEMET,C0603C689D5HACAUTO,https://www.digikey.es/es/products/detail/kemet/C0603C689D5HACAUTO/7956329,,,,,6.8pF,±0.5pF,50V,X8R,,,,,,-55°C ~ 150°C,Activo,,,AMR,22/08/2026,,,,,,,,,,,
IPN_C-????,C0805_6.8pF_50V_±10%_C0G,CAP CER 6.8PF 50V C0G/NP0 0805,6.8pF 50V (C0G),Capacitors:C,Capacitor_SMD:C_0805_2012Metric,KEMET,C0805C689K5GACTU,https://www.digikey.es/es/products/detail/kemet/C0805C689K5GACTU/2213162,,,,,6.8pF,±10%,50V,C0G,,,,,,-55°C ~ 125°C,Activo,,,AMR,22/08/2026,,,,,,,,,,,
IPN_C-????,C0402_68pF_16V_±10%_C0G,CAP CER 68PF 16V C0G/NP0 0402,68pF 16V (C0G),Capacitors:C,Capacitor_SMD:C_0402_1005Metric,KEMET,C0402C680K4GACTU,https://www.digikey.es/es/products/detail/kemet/C0402C680K4GACTU/12701279,,,,,68pF,±10%,16V,C0G,,,,,,-55°C ~ 125°C,Activo,,,AMR,22/08/2026,,,,,,,,,,,
IPN_C-????,C0603_68pF_50V_±10%_X7R,CAP CER 0603,68pF 50V (X7R),Capacitors:C,Capacitor_SMD:C_0603_1608Metric,KEMET,C0603C680K5RACAUTO,https://www.digikey.es/es/products/detail/kemet/C0603C680K5RACAUTO/18126466,,,,,68pF,±10%,50V,X7R,,,,,,-55°C ~ 125°C,Activo,,,AMR,22/08/2026,,,,,,,,,,,
IPN_C-????,C0603_68pF_50V_±10%_C0G,CAP CER 68PF 50V C0G/NP0 0603,68pF 50V (C0G),Capacitors:C,Capacitor_SMD:C_0603_1608Metric,KEMET,C0603C680K5GACTU,https://www.digikey.es/es/products/detail/kemet/C0603C680K5GACTU/2201078,,,,,68pF,±10%,50V,C0G,,,,,,-55°C ~ 125°C,Activo,,,AMR,22/08/2026,,,,,,,,,,,
IPN_C-????,C0603_68pF_100V_±5%_X8R,CAP CER 0603 68PF 100V ULTRA STA,68pF 100V (X8R),Capacitors:C,Capacitor_SMD:C_0603_1608Metric,KEMET,C0603C680J1HACAUTO,https://www.digikey.es/es/products/detail/kemet/C0603C680J1HACAUTO/7957061,,,,,68pF,±5%,100V,X8R,,,,,,-55°C ~ 150°C,Activo,,,AMR,22/08/2026,,,,,,,,,,,
IPN_C-????,C0603_68pF_50V_±20%_X8R,CAP CER 68PF 50V X8R 0603,68pF 50V (X8R),Capacitors:C,Capacitor_SMD:C_0603_1608Metric,KEMET,C0603C680M5HACTU,https://www.digikey.es/es/products/detail/kemet/C0603C680M5HACTU/7947141,,,,,68pF,±20%,50V,X8R,,,,,,-55°C ~ 150°C,Activo,,,AMR,22/08/2026,,,,,,,,,,,
IPN_C-????,C0603_68pF_50V_±1%_X8R,CAP CER 68PF 50V X8R 0603,68pF 50V (X8R),Capacitors:C,Capacitor_SMD:C_0603_1608Metric,KEMET,C0603C680F5HACTU,https://www.digikey.es/es/products/detail/kemet/C0603C680F5HACTU/7946089,,,,,68pF,±1%,50V,X8R,,,,,,-55°C ~ 150°C,Activo,,,AMR,22/08/2026,,,,,,,,,,,
IPN_C-????,C0402_68pF_6.3V_±10%_X7R,CAP CER 68PF 6.3V X7R 0402,68pF 6.3V (X7R),Capacitors:C,Capacitor_SMD:C_0402_1005Metric,KEMET,C0402C680K9RACTU,https://www.digikey.es/es/products/detail/kemet/C0402C680K9RACTU/18190764,,,,,68pF,±10%,6.3V,X7R,,,,,,-55°C ~ 125°C,Activo,,,AMR,22/08/2026,,,,,,,,,,,
IPN_C-????,C0805_68pF_50V_±10%_C0G,CAP CER 68PF 50V C0G/NP0 0805,68pF 50V (C0G),Capacitors:C,Capacitor_SMD:C_0805_2012Metric,KEMET,C0805C680K5GACTU,https://www.digikey.es/es/products/detail/kemet/C0805C680K5GACTU/2213073,,,,,68pF,±10%,50V,C0G,,,,,,-55°C ~ 125°C,Activo,,,AMR,22/08/2026,,,,,,,,,,,
IPN_C-????,C0805_68pF_50V_±10%_X7R,CAP CER 68PF 50V X7R 0805,68pF 50V (X7R),Capacitors:C,Capacitor_SMD:C_0805_2012Metric,KEMET,C0805C680K5RACAUTO,https://www.digikey.es/es/products/detail/kemet/C0805C680K5RACAUTO/11677006,,,,,68pF,±10%,50V,X7R,,,,,,-55°C ~ 125°C,Activo,,,AMR,22/08/2026,,,,,,,,,,,
IPN_C-????,C0402_680pF_16V_±10%_X7R,CAP CER 680PF 16V X7R 0402,680pF 16V (X7R),Capacitors:C,Capacitor_SMD:C_0402_1005Metric,KEMET,C0402C681K4RACTU,https://www.digikey.es/es/products/detail/kemet/C0402C681K4RACTU/2196893,,,,,680pF,±10%,16V,X7R,,,,,,-55°C ~ 125°C,Activo,,,AMR,22/08/2026,,,,,,,,,,,
IPN_C-????,C0603_680pF_50V_±10%_X7R,CAP CER 680PF 50V X7R 0603,680pF 50V (X7R),Capacitors:C,Capacitor_SMD:C_0603_1608Metric,KEMET,C0603C681K5RACTU,https://www.digikey.es/es/products/detail/kemet/C0603C681K5RACTU/411079,,,,,680pF,±10%,50V,X7R,,,,,,-55°C ~ 125°C,Activo,,,AMR,22/08/2026,,,,,,,,,,,
IPN_C-????,C0603_680pF_50V_±10%_C0G,CAP CER 680PF 50V C0G/NP0 0603,680pF 50V (C0G),Capacitors:C,Capacitor_SMD:C_0603_1608Metric,KEMET,C0603C681K5GACTU,https://www.digikey.es/es/products/detail/kemet/C0603C681K5GACTU/2201102,,,,,680pF,±10%,50V,C0G,,,,,,-55°C ~ 125°C,Activo,,,AMR,22/08/2026,,,,,,,,,,,
IPN_C-????,C0603_680pF_50V_±5%_X8R,CAP CER 680PF 50V X8R 0603,680pF 50V (X8R),Capacitors:C,Capacitor_SMD:C_0603_1608Metric,KEMET,C0603C681J5HACTU,https://www.digikey.es/es/products/detail/kemet/C0603C681J5HACTU/3737141,,,,,680pF,±5%,50V,X8R,,,,,,-55°C ~ 150°C,Activo,,,AMR,22/08/2026,,,,,,,,,,,
IPN_C-????,C0402_680pF_6.3V_±10%_X7R,CAP CER 680PF 6.3V X7R 0402,680pF 6.3V (X7R),Capacitors:C,Capacitor_SMD:C_0402_1005Metric,KEMET,C0402C681K9RACTU,https://www.digikey.es/es/products/detail/kemet/C0402C681K9RACTU/18195445,,,,,680pF,±10%,6.3V,X7R,,,,,,-55°C ~ 125°C,Activo,,,AMR,22/08/2026,,,,,,,,,,,
IPN_C-????,C0805_680pF_50V_±10%_X7R,CAP CER 680PF 50V X7R 0805,680pF 50V (X7R),Capacitors:C,Capacitor_SMD:C_0805_2012Metric,KEMET,C0805C681K5RACTU,https://www.digikey.es/es/products/detail/kemet/C0805C681K5RACTU/411143,,,,,680pF,±10%,50V,X7R,,,,,,-55°C ~ 125°C,Activo,,,AMR,22/08/2026,,,,,,,,,,,
IPN_C-????,C0805_680pF_50V_±10%_C0G,CAP CER 680PF 50V C0G/NP0 0805,680pF 50V (C0G),Capacitors:C,Capacitor_SMD:C_0805_2012Metric,KEMET,C0805C681K5GACTU,https://www.digikey.es/es/products/detail/kemet/C0805C681K5GACTU/2213097,,,,,680pF,±10%,50V,C0G,,,,,,-55°C ~ 125°C,Activo,,,AMR,22/08/2026,,,,,,,,,,,
IPN_C-????,C0402_6.8nF_16V_±10%_X7R,CAP CER 6800PF 16V X7R 0402,6.8nF 16V (X7R),Capacitors:C,Capacitor_SMD:C_0402_1005Metric,KEMET,C0402C682K4RACTU,https://www.digikey.es/es/products/detail/kemet/C0402C682K4RACTU/2196903,,,,,6.8nF,±10%,16V,X7R,,,,,,-55°C ~ 125°C,Activo,,,AMR,22/08/2026,,,,,,,,,,,
IPN_C-????,C0603_6.8nF_50V_±10%_X7R,CAP CER 6800PF 50V X7R 0603,6.8nF 50V (X7R),Capacitors:C,Capacitor_SMD:C_0603_1608Metric,KEMET,C0603C682K5RACTU,https://www.digikey.es/es/products/detail/kemet/C0603C682K5RACTU/411088,,,,,6.8nF,±10%,50V,X7R,,,,,,-55°C ~ 125°C,Activo,,,AMR,22/08/2026,,,,,,,,,,,
IPN_C-????,C0603_6.8nF_50V_±10%_C0G,CAP CER 6800PF 50V C0G/NP0 0603,6.8nF 50V (C0G),Capacitors:C,Capacitor_SMD:C_0603_1608Metric,KEMET,C0603X682K5GECTU,https://www.digikey.es/es/products/detail/kemet/C0603X682K5GECTU/6825463,,,,,6.8nF,±10%,50V,C0G,,,,,,-55°C ~ 125°C,Activo,,,AMR,22/08/2026,,,,,,,,,,,
IPN_C-????,C0603_6.8nF_50V_±10%_X8G,CAP CER 6800PF 50V X8G 0603,6.8nF 50V (X8G),Capacitors:C,Capacitor_SMD:C_0603_1608Metric,KEMET,C0603C682K5TACAUTO,https://www.digikey.es/es/products/detail/kemet/C0603C682K5TACAUTO/13546792,,,,,6.8nF,±10%,50V,X8G,,,,,,-55°C ~ 150°C,Activo,,,AMR,22/08/2026,,,,,,,,,,,
IPN_C-????,C0603_6.8nF_50V_±5%_X8R,CAP CER 6800PF 50V X8R 0603,6.8nF 50V (X8R),Capacitors:C,Capacitor_SMD:C_0603_1608Metric,KEMET,C0603C682J5HACAUTO,https://www.digikey.es/es/products/detail/kemet/C0603C682J5HACAUTO/7516066,,,,,6.8nF,±5%,50V,X8R,,,,,,-55°C ~ 150°C,Activo,,,AMR,22/08/2026,,,,,,,,,,,
IPN_C-????,C0805_6.8nF_50V_±10%_X7R,CAP CER 6800PF 50V X7R 0805,6.8nF 50V (X7R),Capacitors:C,Capacitor_SMD:C_0805_2012Metric,KEMET,C0805C682K5RACTU,https://www.digikey.es/es/products/detail/kemet/C0805C682K5RACTU/411156,,,,,6.8nF,±10%,50V,X7R,,,,,,-55°C ~ 125°C,Activo,,,AMR,22/08/2026,,,,,,,,,,,
IPN_C-????,C0805_6.8nF_50V_±10%_C0G,CAP CER 6800PF 50V C0G/NP0 0805,6.8nF 50V (C0G),Capacitors:C,Capacitor_SMD:C_0805_2012Metric,KEMET,C0805C682K5GACTU,https://www.digikey.es/es/products/detail/kemet/C0805C682K5GACTU/2213119,,,,,6.8nF,±10%,50V,C0G,,,,,,-55°C ~ 125°C,Activo,,,AMR,22/08/2026,,,,,,,,,,,
IPN_C-????,C0603_7.5pF_50V_±0.25pF_X8R,CAP CER 0603 7.5PF 50V ULTRA STA,7.5pF 50V (X8R),Capacitors:C,Capacitor_SMD:C_0603_1608Metric,KEMET,C0603C759C5HACAUTO,https://www.digikey.es/es/products/detail/kemet/C0603C759C5HACAUTO/7956200,,,,,7.5pF,±0.25pF,50V,X8R,,,,,,-55°C ~ 150°C,Activo,,,AMR,22/08/2026,,,,,,,,,,,
IPN_C-????,C0603_75pF_50V_±10%_X7R,CAP CER 75PF 50V X7R 0603,75pF 50V (X7R),Capacitors:C,Capacitor_SMD:C_0603_1608Metric,KEMET,C0603C750K5RACAUTO,https://www.digikey.es/es/products/detail/kemet/C0603C750K5RACAUTO/16798108,,,,,75pF,±10%,50V,X7R,,,,,,-55°C ~ 125°C,Activo,,,AMR,22/08/2026,,,,,,,,,,,
IPN_C-????,C0603_75pF_50V_±10%_X8R,CAP CER 75PF 50V X8R 0603,75pF 50V (X8R),Capacitors:C,Capacitor_SMD:C_0603_1608Metric,KEMET,C0603C750K5HACTU,https://www.digikey.es/es/products/detail/kemet/C0603C750K5HACTU/7946879,,,,,75pF,±10%,50V,X8R,,,,,,-55°C ~ 150°C,Activo,,,AMR,22/08/2026,,,,,,,,,,,
IPN_C-????,C0603_750pF_50V_±10%_C0G,CAP CER 750PF 50V C0G/NP0 0603,750pF 50V (C0G),Capacitors:C,Capacitor_SMD:C_0603_1608Metric,KEMET,C0603C751K5GACTU,https://www.digikey.es/es/products/detail/kemet/C0603C751K5GACTU/2201176,,,,,750pF,±10%,50V,C0G,,,,,,-55°C ~ 125°C,Activo,,,AMR,22/08/2026,,,,,,,,,,,
IPN_C-????,C0603_8.2pF_50V_±10%_C0G,CAP CER 8.2PF 50V C0G/NP0 0603,8.2pF 50V (C0G),Capacitors:C,Capacitor_SMD:C_0603_1608Metric,KEMET,C0603C829K5GACTU,https://www.digikey.es/es/products/detail/kemet/C0603C829K5GACTU/2201278,,,,,8.2pF,±10%,50V,C0G,,,,,,-55°C ~ 125°C,Activo,,,AMR,22/08/2026,,,,,,,,,,,
IPN_C-????,C0805_8.2pF_50V_±10%_C0G,CAP CER 8.2PF 50V C0G/NP0 0805,8.2pF 50V (C0G),Capacitors:C,Capacitor_SMD:C_0805_2012Metric,KEMET,C0805C829K5GACTU,https://www.digikey.es/es/products/detail/kemet/C0805C829K5GACTU/1850941,,,,,8.2pF,±10%,50V,C0G,,,,,,-55°C ~ 125°C,Activo,,,AMR,22/08/2026,,,,,,,,,,,
IPN_C-????,C0402_82pF_16V_±10%_X7R,CAP CER 82PF 16V X7R 0402,82pF 16V (X7R),Capacitors:C,Capacitor_SMD:C_0402_1005Metric,KEMET,C0402C820K4RACTU,https://www.digikey.es/es/products/detail/kemet/C0402C820K4RACTU/17196082,,,,,82pF,±10%,16V,X7R,,,,,,-55°C ~ 125°C,Activo,,,AMR,22/08/2026,,,,,,,,,,,
IPN_C-????,C0603_82pF_50V_±10%_C0G,CAP CER 82PF 50V C0G/NP0 0603,82pF 50V (C0G),Capacitors:C,Capacitor_SMD:C_0603_1608Metric,KEMET,C0603C820K5GACTU,https://www.digikey.es/es/products/detail/kemet/C0603C820K5GACTU/411061,,,,,82pF,±10%,50V,C0G,,,,,,-55°C ~ 125°C,Activo,,,AMR,22/08/2026,,,,,,,,,,,
IPN_C-????,C0603_82pF_50V_±10%_X7R,CAP CER 82PF 50V X7R 0603,82pF 50V (X7R),Capacitors:C,Capacitor_SMD:C_0603_1608Metric,KEMET,C0603C820K5RACTU,https://www.digikey.es/es/products/detail/kemet/C0603C820K5RACTU/12701038,,,,,82pF,±10%,50V,X7R,,,,,,-55°C ~ 125°C,Activo,,,AMR,22/08/2026,,,,,,,,,,,
IPN_C-????,C0603_82pF_50V_±10%_X8R,CAP CER 0603 82PF 50V ULTRA STAB,82pF 50V (X8R),Capacitors:C,Capacitor_SMD:C_0603_1608Metric,KEMET,C0603C820K5HACAUTO,https://www.digikey.es/es/products/detail/kemet/C0603C820K5HACAUTO/7957283,,,,,82pF,±10%,50V,X8R,,,,,,-55°C ~ 150°C,Activo,,,AMR,22/08/2026,,,,,,,,,,,
IPN_C-????,C0805_82pF_50V_±10%_C0G,CAP CER 82PF 50V C0G/NP0 0805,82pF 50V (C0G),Capacitors:C,Capacitor_SMD:C_0805_2012Metric,KEMET,C0805C820K5GACTU,https://www.digikey.es/es/products/detail/kemet/C0805C820K5GACTU/2213204,,,,,82pF,±10%,50V,C0G,,,,,,-55°C ~ 125°C,Activo,,,AMR,22/08/2026,,,,,,,,,,,
IPN_C-????,C0402_820pF_16V_±10%_X7R,CAP CER 820PF 16V X7R 0402,820pF 16V (X7R),Capacitors:C,Capacitor_SMD:C_0402_1005Metric,KEMET,C0402C821K4RACTU,https://www.digikey.es/es/products/detail/kemet/C0402C821K4RACTU/2196964,,,,,820pF,±10%,16V,X7R,,,,,,-55°C ~ 125°C,Activo,,,AMR,22/08/2026,,,,,,,,,,,
IPN_C-????,C0603_820pF_50V_±10%_X7R,CAP CER 820PF 50V X7R 0603,820pF 50V (X7R),Capacitors:C,Capacitor_SMD:C_0603_1608Metric,KEMET,C0603C821K5RACTU,https://www.digikey.es/es/products/detail/kemet/C0603C821K5RACTU/411080,,,,,820pF,±10%,50V,X7R,,,,,,-55°C ~ 125°C,Activo,,,AMR,22/08/2026,,,,,,,,,,,
IPN_C-????,C0603_820pF_50V_±10%_C0G,CAP CER 820PF 50V C0G/NP0 0603,820pF 50V (C0G),Capacitors:C,Capacitor_SMD:C_0603_1608Metric,KEMET,C0603C821K5GACTU,https://www.digikey.es/es/products/detail/kemet/C0603C821K5GACTU/2201228,,,,,820pF,±10%,50V,C0G,,,,,,-55°C ~ 125°C,Activo,,,AMR,22/08/2026,,,,,,,,,,,
IPN_C-????,C0805_820pF_50V_±10%_X7R,CAP CER 820PF 50V X7R 0805,820pF 50V (X7R),Capacitors:C,Capacitor_SMD:C_0805_2012Metric,KEMET,C0805C821K5RACTU,https://www.digikey.es/es/products/detail/kemet/C0805C821K5RACTU/411144,,,,,820pF,±10%,50V,X7R,,,,,,-55°C ~ 125°C,Activo,,,AMR,22/08/2026,,,,,,,,,,,
IPN_C-????,C0805_820pF_50V_±10%_C0G,CAP CER 820PF 50V C0G/NP0 0805,820pF 50V (C0G),Capacitors:C,Capacitor_SMD:C_0805_2012Metric,KEMET,C0805C821K5GACTU,https://www.digikey.es/es/products/detail/kemet/C0805C821K5GACTU/2213224,,,,,820pF,±10%,50V,C0G,,,,,,-55°C ~ 125°C,Activo,,,AMR,22/08/2026,,,,,,,,,,,
IPN_C-????,C0402_8.2nF_16V_±10%_X7R,CAP CER 8200PF 16V X7R 0402,8.2nF 16V (X7R),Capacitors:C,Capacitor_SMD:C_0402_1005Metric,KEMET,C0402C822K4RACTU,https://www.digikey.es/es/products/detail/kemet/C0402C822K4RACTU/411039,,,,,8.2nF,±10%,16V,X7R,,,,,,-55°C ~ 125°C,Activo,,,AMR,22/08/2026,,,,,,,,,,,
IPN_C-????,C0603_8.2nF_50V_±10%_X7R,CAP CER 8200PF 50V X7R 0603,8.2nF 50V (X7R),Capacitors:C,Capacitor_SMD:C_0603_1608Metric,KEMET,C0603C822K5RACTU,https://www.digikey.es/es/products/detail/kemet/C0603C822K5RACTU/2201243,,,,,8.2nF,±10%,50V,X7R,,,,,,-55°C ~ 125°C,Activo,,,AMR,22/08/2026,,,,,,,,,,,
IPN_C-????,C0805_8.2nF_50V_±10%_X7R,CAP CER 8200PF 50V X7R 0805,8.2nF 50V (X7R),Capacitors:C,Capacitor_SMD:C_0805_2012Metric,KEMET,C0805C822K5RACTU,https://www.digikey.es/es/products/detail/kemet/C0805C822K5RACTU/2209772,,,,,8.2nF,±10%,50V,X7R,,,,,,-55°C ~ 125°C,Activo,,,AMR,22/08/2026,,,,,,,,,,,
