IPN,Part Number,Description,Value,Symbol,Footprint,Manufacturer,Manufacturer Part Number,Suplier URL,Serie,Manufacturer Alternative,MPN Alternative,Manufacturer Alternative 2,MPN Alternative 2,Resistance,Tolerance,Power,Power_frac,TempCoeff,Package,Dimensions,Height,Voltage,Technology,Mounting,TempRange,Lifecycle,RoHS,Datasheet,Created By,Created On,Approved By,Approved On,Revision,Comments,Cost_1,Cost_10,Cost_100,Cost_500,Cost_1000,Cost_2500,Cost_5000
IPN_R-????,R0402_100K_0.063W_±1%,RES 100K OHM 1% 1/16W 0402,100 kOhms,Resistors:R,Resistor_SMD:R_0402_1005Metric,YAGEO,RP0402FRE07100KL,https://www.digikey.es/es/products/detail/yageo/RP0402FRE07100KL/16916566,RT,,,,,100K,±1%,0.063W,1/16W,±50ppm/°C,R0402,"0.039"" L x 0.020"" A (1.00mm x 0.50mm)","0.014"" (0.35mm)",,THIN FILM,SMD,-55°C ~ 155°C,Activo,,,AMR,22/08/2026,,,,,,,,,,,
IPN_R-????,R0402_102R_0.063W_±1%,RES 102 OHM 1% 1/16W 0402,102 Ohms,Resistors:R,Resistor_SMD:R_0402_1005Metric,YAGEO,RT0402FRE07102RL,https://www.digikey.es/es/products/detail/yageo/RT0402FRE07102RL/1071701,RT,,,,,102R,±1%,0.063W,1/16W,±50ppm/°C,R0402,"0.039"" L x 0.020"" A (1.00mm x 0.50mm)","0.014"" (0.35mm)",,THIN FILM,SMD,-55°C ~ 155°C,Activo,,,AMR,22/08/2026,,,,,,,,,,,
IPN_R-????,R0402_105R_0.063W_±1%,RES 105 OHM 1% 1/16W 0402,105 Ohms,Resistors:R,Resistor_SMD:R_0402_1005Metric,YAGEO,RT0402FRE07105RL,https://www.digikey.es/es/products/detail/yageo/RT0402FRE07105RL/1071703,RT,,,,,105R,±1%,0.063W,1/16W,±50ppm/°C,R0402,"0.039"" L x 0.020"" A (1.00mm x 0.50mm)","0.014"" (0.35mm)",,THIN FILM,SMD,-55°C ~ 155°C,Activo,,,AMR,22/08/2026,,,,,,,,,,,
IPN_R-????,R0402_10K_0.063W_±1%,RES 10K OHM 1% 1/16W 0402,10 kOhms,Resistors:R,Resistor_SMD:R_0402_1005Metric,YAGEO,AT0402FRD0710KL,https://www.digikey.es/es/products/detail/yageo/AT0402FRD0710KL/16993009,RT,,,,,10K,±1%,0.063W,1/16W,±25ppm/°C,R0402,"0.039"" L x 0.020"" A (1.00mm x 0.50mm)","0.014"" (0.35mm)",,THIN FILM,SMD,-55°C ~ 155°C,Activo,,,AMR,22/08/2026,,,,,,,,,,,
IPN_R-????,R0402_10K5_0.063W_±1%,RES 10.5K OHM 1% 1/16W 0402,10.5 kOhms,Resistors:R,Resistor_SMD:R_0402_1005Metric,YAGEO,RT0402FRE0710K5L,https://www.digikey.es/es/products/detail/yageo/RT0402FRE0710K5L/1071707,RT,,,,,10K5,±1%,0.063W,1/16W,±50ppm/°C,R0402,"0.039"" L x 0.020"" A (1.00mm x 0.50mm)","0.014"" (0.35mm)",,THIN FILM,SMD,-55°C ~ 155°C,Activo,,,AMR,22/08/2026,,,,,,,,,,,
IPN_R-????,R0402_110K_0.063W_±1%,RES 110K OHM 1% 1/16W 0402,110 kOhms,Resistors:R,Resistor_SMD:R_0402_1005Metric,YAGEO,RT0402FRE07110KL,https://www.digikey.es/es/products/detail/yageo/RT0402FRE07110KL/1071714,RT,,,,,110K,±1%,0.063W,1/16W,±50ppm/°C,R0402,"0.039"" L x 0.020"" A (1.00mm x 0.50mm)","0.014"" (0.35mm)",,THIN FILM,SMD,-55°C ~ 155°C,Activo,,,AMR,22/08/2026,,,,,,,,,,,
IPN_R-????,R0402_110R_0.063W_±1%,RES 110 OHM 1% 1/16W 0402,110 Ohms,Resistors:R,Resistor_SMD:R_0402_1005Metric,YAGEO,RT0402FRE07110RL,https://www.digikey.es/es/products/detail/yageo/RT0402FRE07110RL/1071715,RT,,,,,110R,±1%,0.063W,1/16W,±50ppm/°C,R0402,"0.039"" L x 0.020"" A (1.00mm x 0.50mm)","0.014"" (0.35mm)",,THIN FILM,SMD,-55°C ~ 155°C,Activo,,,AMR,22/08/2026,,,,,,,,,,,
IPN_R-????,R0402_115K_0.063W_±1%,RES 115K OHM 1% 1/16W 0402,115 kOhms,Resistors:R,Resistor_SMD:R_0402_1005Metric,YAGEO,RT0402FRE07115KL,https://www.digikey.es/es/products/detail/yageo/RT0402FRE07115KL/1071718,RT,,,,,115K,±1%,0.063W,1/16W,±50ppm/°C,R0402,"0.039"" L x 0.020"" A (1.00mm x 0.50mm)","0.014"" (0.35mm)",,THIN FILM,SMD,-55°C ~ 155°C,Activo,,,AMR,22/08/2026,,,,,,,,,,,
IPN_R-????,R0402_118K_0.063W_±1%,RES 118K OHM 1% 1/16W 0402,118 kOhms,Resistors:R,Resistor_SMD:R_0402_1005Metric,YAGEO,RT0402FRE07118KL,https://www.digikey.es/es/products/detail/yageo/RT0402FRE07118KL/1071720,RT,,,,,118K,±1%,0.063W,1/16W,±50ppm/°C,R0402,"0.039"" L x 0.020"" A (1.00mm x 0.50mm)","0.014"" (0.35mm)",,THIN FILM,SMD,-55°C ~ 155°C,Activo,,,AMR,22/08/2026,,,,,,,,,,,
IPN_R-????,R0402_11K_0.063W_±1%,RES 11K OHM 1% 1/16W 0402,11 kOhms,Resistors:R,Resistor_SMD:R_0402_1005Metric,YAGEO,RT0402FRE0711KL,https://www.digikey.es/es/products/detail/yageo/RT0402FRE0711KL/1071725,RT,,,,,11K,±1%,0.063W,1/16W,±50ppm/°C,R0402,"0.039"" L x 0.020"" A (1.00mm x 0.50mm)","0.014"" (0.35mm)",,THIN FILM,SMD,-55°C ~ 155°C,Activo,,,AMR,22/08/2026,,,,,,,,,,,
IPN_R-????,R0402_11K3_0.063W_±1%,RES 11.3K OHM 1% 1/16W 0402,11.3 kOhms,Resistors:R,Resistor_SMD:R_0402_1005Metric,YAGEO,RT0402FRE0711K3L,https://www.digikey.es/es/products/detail/yageo/RT0402FRE0711K3L/1071722,RT,,,,,11K3,±1%,0.063W,1/16W,±50ppm/°C,R0402,"0.039"" L x 0.020"" A (1.00mm x 0.50mm)","0.014"" (0.35mm)",,THIN FILM,SMD,-55°C ~ 155°C,Activo,,,AMR,22/08/2026,,,,,,,,,,,
IPN_R-????,R0402_11K5_0.063W_±1%,RES 11.5K OHM 1% 1/16W 0402,11.5 kOhms,Resistors:R,Resistor_SMD:R_0402_1005Metric,YAGEO,RT0402FRE0711K5L,https://www.digikey.es/es/products/detail/yageo/RT0402FRE0711K5L/1071723,RT,,,,,11K5,±1%,0.063W,1/16W,±50ppm/°C,R0402,"0.039"" L x 0.020"" A (1.00mm x 0.50mm)","0.014"" (0.35mm)",,THIN FILM,SMD,-55°C ~ 155°C,Activo,,,AMR,22/08/2026,,,,,,,,,,,
IPN_R-????,R0402_11R_0.063W_±1%,RES 11 OHM 1% 1/16W 0402,11 Ohms,Resistors:R,Resistor_SMD:R_0402_1005Metric,YAGEO,RT0402FRE0711RL,https://www.digikey.es/es/products/detail/yageo/RT0402FRE0711RL/1071729,RT,,,,,11R,±1%,0.063W,1/16W,±50ppm/°C,R0402,"0.039"" L x 0.020"" A (1.00mm x 0.50mm)","0.014"" (0.35mm)",,THIN FILM,SMD,-55°C ~ 155°C,Activo,,,AMR,22/08/2026,,,,,,,,,,,
IPN_R-????,R0402_120K_0.063W_±1%,RES 120K OHM 1% 1/16W 0402,120 kOhms,Resistors:R,Resistor_SMD:R_0402_1005Metric,YAGEO,RT0402FRE07120KL,https://www.digikey.es/es/products/detail/yageo/RT0402FRE07120KL/1071730,RT,,,,,120K,±1%,0.063W,1/16W,±50ppm/°C,R0402,"0.039"" L x 0.020"" A (1.00mm x 0.50mm)","0.014"" (0.35mm)",,THIN FILM,SMD,-55°C ~ 155°C,Activo,,,AMR,22/08/2026,,,,,,,,,,,
IPN_R-????,R0402_120R_0.063W_±1%,RES 120 OHM 1% 1/16W 0402,120 Ohms,Resistors:R,Resistor_SMD:R_0402_1005Metric,YAGEO,RT0402FRE07120RL,https://www.digikey.es/es/products/detail/yageo/RT0402FRE07120RL/1071731,RT,,,,,120R,±1%,0.063W,1/16W,±50ppm/°C,R0402,"0.039"" L x 0.020"" A (1.00mm x 0.50mm)","0.014"" (0.35mm)",,THIN FILM,SMD,-55°C ~ 155°C,Activo,,,AMR,22/08/2026,,,,,,,,,,,
IPN_R-????,R0402_121K_0.063W_±1%,RES 121K OHM 1% 1/16W 0402,121 kOhms,Resistors:R,Resistor_SMD:R_0402_1005Metric,YAGEO,RT0402FRE07121KL,https://www.digikey.es/es/products/detail/yageo/RT0402FRE07121KL/1071732,RT,,,,,121K,±1%,0.063W,1/16W,±50ppm/°C,R0402,"0.039"" L x 0.020"" A (1.00mm x 0.50mm)","0.014"" (0.35mm)",,THIN FILM,SMD,-55°C ~ 155°C,Activo,,,AMR,22/08/2026,,,,,,,,,,,
IPN_R-????,R0402_121R_0.063W_±1%,RES 121 OHM 1% 1/16W 0402,121 Ohms,Resistors:R,Resistor_SMD:R_0402_1005Metric,YAGEO,RT0402FRE07121RL,https://www.digikey.es/es/products/detail/yageo/RT0402FRE07121RL/1071733,RT,,,,,121R,±1%,0.063W,1/16W,±50ppm/°C,R0402,"0.039"" L x 0.020"" A (1.00mm x 0.50mm)","0.014"" (0.35mm)",,THIN FILM,SMD,-55°C ~ 155°C,Activo,,,AMR,22/08/2026,,,,,,,,,,,
IPN_R-????,R0402_12K_0.063W_±1%,RES 12K OHM 1% 1/16W 0402,12 kOhms,Resistors:R,Resistor_SMD:R_0402_1005Metric,YAGEO,AT0402FRE0712KL,https://www.digikey.es/es/products/detail/yageo/AT0402FRE0712KL/16988572,RT,,,,,12K,±1%,0.063W,1/16W,±50ppm/°C,R0402,"0.039"" L x 0.020"" A (1.00mm x 0.50mm)","0.014"" (0.35mm)",,THIN FILM,SMD,-55°C ~ 155°C,Activo,,,AMR,22/08/2026,,,,,,,,,,,
IPN_R-????,R0402_12K1_0.063W_±1%,RES 12.1K OHM 1% 1/16W 0402,12.1 kOhms,Resistors:R,Resistor_SMD:R_0402_1005Metric,YAGEO,RT0402FRE0712K1L,https://www.digikey.es/es/products/detail/yageo/RT0402FRE0712K1L/1071738,RT,,,,,12K1,±1%,0.063W,1/16W,±50ppm/°C,R0402,"0.039"" L x 0.020"" A (1.00mm x 0.50mm)","0.014"" (0.35mm)",,THIN FILM,SMD,-55°C ~ 155°C,Activo,,,AMR,22/08/2026,,,,,,,,,,,
IPN_R-????,R0402_12K4_0.063W_±1%,RES 12.4K OHM 1% 1/16W 0402,12.4 kOhms,Resistors:R,Resistor_SMD:R_0402_1005Metric,YAGEO,RT0402FRE0712K4L,https://www.digikey.es/es/products/detail/yageo/RT0402FRE0712K4L/1071739,RT,,,,,12K4,±1%,0.063W,1/16W,±50ppm/°C,R0402,"0.039"" L x 0.020"" A (1.00mm x 0.50mm)","0.014"" (0.35mm)",,THIN FILM,SMD,-55°C ~ 155°C,Activo,,,AMR,22/08/2026,,,,,,,,,,,
IPN_R-????,R0402_12K7_0.063W_±1%,RES 12.7K OHM 1% 1/16W 0402,12.7 kOhms,Resistors:R,Resistor_SMD:R_0402_1005Metric,YAGEO,RT0402FRE0712K7L,https://www.digikey.es/es/products/detail/yageo/RT0402FRE0712K7L/1071740,RT,,,,,12K7,±1%,0.063W,1/16W,±50ppm/°C,R0402,"0.039"" L x 0.020"" A (1.00mm x 0.50mm)","0.014"" (0.35mm)",,THIN FILM,SMD,-55°C ~ 155°C,Activo,,,AMR,22/08/2026,,,,,,,,,,,
IPN_R-????,R0402_12R_0.063W_±1%,RES 12 OHM 1% 1/16W 0402,12 Ohms,Resistors:R,Resistor_SMD:R_0402_1005Metric,YAGEO,RT0402FRE0712RL,https://www.digikey.es/es/products/detail/yageo/RT0402FRE0712RL/1071745,RT,,,,,12R,±1%,0.063W,1/16W,±50ppm/°C,R0402,"0.039"" L x 0.020"" A (1.00mm x 0.50mm)","0.014"" (0.35mm)",,THIN FILM,SMD,-55°C ~ 155°C,Activo,,,AMR,22/08/2026,,,,,,,,,,,
IPN_R-????,R0402_12R1_0.063W_±1%,RES 12.1 OHM 1% 1/16W 0402,12.1 Ohms,Resistors:R,Resistor_SMD:R_0402_1005Metric,YAGEO,RT0402FRE0712R1L,https://www.digikey.es/es/products/detail/yageo/RT0402FRE0712R1L/1071742,RT,,,,,12R1,±1%,0.063W,1/16W,±50ppm/°C,R0402,"0.039"" L x 0.020"" A (1.00mm x 0.50mm)","0.014"" (0.35mm)",,THIN FILM,SMD,-55°C ~ 155°C,Activo,,,AMR,22/08/2026,,,,,,,,,,,
IPN_R-????,R0402_130K_0.063W_±1%,RES 130K OHM 1% 1/16W 0402,130 kOhms,Resistors:R,Resistor_SMD:R_0402_1005Metric,YAGEO,RT0402FRE07130KL,https://www.digikey.es/es/products/detail/yageo/RT0402FRE07130KL/1071746,RT,,,,,130K,±1%,0.063W,1/16W,±50ppm/°C,R0402,"0.039"" L x 0.020"" A (1.00mm x 0.50mm)","0.014"" (0.35mm)",,THIN FILM,SMD,-55°C ~ 155°C,Activo,,,AMR,22/08/2026,,,,,,,,,,,
IPN_R-????,R0402_130R_0.063W_±1%,RES 130 OHM 1% 1/16W 0402,130 Ohms,Resistors:R,Resistor_SMD:R_0402_1005Metric,YAGEO,RT0402FRE07130RL,https://www.digikey.es/es/products/detail/yageo/RT0402FRE07130RL/1071747,RT,,,,,130R,±1%,0.063W,1/16W,±50ppm/°C,R0402,"0.039"" L x 0.020"" A (1.00mm x 0.50mm)","0.014"" (0.35mm)",,THIN FILM,SMD,-55°C ~ 155°C,Activo,,,AMR,22/08/2026,,,,,,,,,,,
IPN_R-????,R0402_133K_0.063W_±1%,RES 133K OHM 1% 1/16W 0402,133 kOhms,Resistors:R,Resistor_SMD:R_0402_1005Metric,YAGEO,RT0402FRE07133KL,https://www.digikey.es/es/products/detail/yageo/RT0402FRE07133KL/1071748,RT,,,,,133K,±1%,0.063W,1/16W,±50ppm/°C,R0402,"0.039"" L x 0.020"" A (1.00mm x 0.50mm)","0.014"" (0.35mm)",,THIN FILM,SMD,-55°C ~ 155°C,Activo,,,AMR,22/08/2026,,,,,,,,,,,
IPN_R-????,R0402_133R_0.063W_±1%,RES 133 OHM 1% 1/16W 0402,133 Ohms,Resistors:R,Resistor_SMD:R_0402_1005Metric,YAGEO,RT0402FRE07133RL,https://www.digikey.es/es/products/detail/yageo/RT0402FRE07133RL/1071749,RT,,,,,133R,±1%,0.063W,1/16W,±50ppm/°C,R0402,"0.039"" L x 0.020"" A (1.00mm x 0.50mm)","0.014"" (0.35mm)",,THIN FILM,SMD,-55°C ~ 155°C,Activo,,,AMR,22/08/2026,,,,,,,,,,,
IPN_R-????,R0402_137K_0.063W_±1%,RES 137K OHM 1% 1/16W 0402,137 kOhms,Resistors:R,Resistor_SMD:R_0402_1005Metric,YAGEO,RT0402FRE07137KL,https://www.digikey.es/es/products/detail/yageo/RT0402FRE07137KL/1071750,RT,,,,,137K,±1%,0.063W,1/16W,±50ppm/°C,R0402,"0.039"" L x 0.020"" A (1.00mm x 0.50mm)","0.014"" (0.35mm)",,THIN FILM,SMD,-55°C ~ 155°C,Activo,,,AMR,22/08/2026,,,,,,,,,,,
IPN_R-????,R0402_13K_0.063W_±1%,RES 13K OHM 1% 1/16W 0402,13 kOhms,Resistors:R,Resistor_SMD:R_0402_1005Metric,YAGEO,RT0402FRE0713KL,https://www.digikey.es/es/products/detail/yageo/RT0402FRE0713KL/1071754,RT,,,,,13K,±1%,0.063W,1/16W,±50ppm/°C,R0402,"0.039"" L x 0.020"" A (1.00mm x 0.50mm)","0.014"" (0.35mm)",,THIN FILM,SMD,-55°C ~ 155°C,Activo,,,AMR,22/08/2026,,,,,,,,,,,
IPN_R-????,R0402_13K3_0.063W_±1%,RES 13.3K OHM 1% 1/16W 0402,13.3 kOhms,Resistors:R,Resistor_SMD:R_0402_1005Metric,YAGEO,RT0402FRE0713K3L,https://www.digikey.es/es/products/detail/yageo/RT0402FRE0713K3L/1071752,RT,,,,,13K3,±1%,0.063W,1/16W,±50ppm/°C,R0402,"0.039"" L x 0.020"" A (1.00mm x 0.50mm)","0.014"" (0.35mm)",,THIN FILM,SMD,-55°C ~ 155°C,Activo,,,AMR,22/08/2026,,,,,,,,,,,
IPN_R-????,R0402_13K7_0.063W_±1%,RES 13.7K OHM 1% 1/16W 0402,13.7 kOhms,Resistors:R,Resistor_SMD:R_0402_1005Metric,YAGEO,RT0402FRE0713K7L,https://www.digikey.es/es/products/detail/yageo/RT0402FRE0713K7L/1071753,RT,,,,,13K7,±1%,0.063W,1/16W,±50ppm/°C,R0402,"0.039"" L x 0.020"" A (1.00mm x 0.50mm)","0.014"" (0.35mm)",,THIN FILM,SMD,-55°C ~ 155°C,Activo,,,AMR,22/08/2026,,,,,,,,,,,
IPN_R-????,R0402_140R_0.063W_±1%,RES 140 OHM 1% 1/16W 0402,140 Ohms,Resistors:R,Resistor_SMD:R_0402_1005Metric,YAGEO,RT0402FRE07140RL,https://www.digikey.es/es/products/detail/yageo/RT0402FRE07140RL/1071759,RT,,,,,140R,±1%,0.063W,1/16W,±50ppm/°C,R0402,"0.039"" L x 0.020"" A (1.00mm x 0.50mm)","0.014"" (0.35mm)",,THIN FILM,SMD,-55°C ~ 155°C,Activo,,,AMR,22/08/2026,,,,,,,,,,,
IPN_R-????,R0402_147K_0.063W_±1%,RES 147K OHM 1% 1/16W 0402,147 kOhms,Resistors:R,Resistor_SMD:R_0402_1005Metric,YAGEO,RT0402FRE07147KL,https://www.digikey.es/es/products/detail/yageo/RT0402FRE07147KL/1071762,RT,,,,,147K,±1%,0.063W,1/16W,±50ppm/°C,R0402,"0.039"" L x 0.020"" A (1.00mm x 0.50mm)","0.014"" (0.35mm)",,THIN FILM,SMD,-55°C ~ 155°C,Activo,,,AMR,22/08/2026,,,,,,,,,,,
IPN_R-????,R0402_14K_0.063W_±1%,RES 14K OHM 1% 1/16W 0402,14 kOhms,Resistors:R,Resistor_SMD:R_0402_1005Metric,YAGEO,RT0402FRE0714KL,https://www.digikey.es/es/products/detail/yageo/RT0402FRE0714KL/1071766,RT,,,,,14K,±1%,0.063W,1/16W,±50ppm/°C,R0402,"0.039"" L x 0.020"" A (1.00mm x 0.50mm)","0.014"" (0.35mm)",,THIN FILM,SMD,-55°C ~ 155°C,Activo,,,AMR,22/08/2026,,,,,,,,,,,
IPN_R-????,R0402_14K7_0.063W_±1%,RES 14.7K OHM 1% 1/16W 0402,14.7 kOhms,Resistors:R,Resistor_SMD:R_0402_1005Metric,YAGEO,RT0402FRE0714K7L,https://www.digikey.es/es/products/detail/yageo/RT0402FRE0714K7L/1071765,RT,,,,,14K7,±1%,0.063W,1/16W,±50ppm/°C,R0402,"0.039"" L x 0.020"" A (1.00mm x 0.50mm)","0.014"" (0.35mm)",,THIN FILM,SMD,-55°C ~ 155°C,Activo,,,AMR,22/08/2026,,,,,,,,,,,
IPN_R-????,R0402_150K_0.063W_±1%,RES 150K OHM 1% 1/16W 0402,150 kOhms,Resistors:R,Resistor_SMD:R_0402_1005Metric,YAGEO,RT0402FRE07150KL,https://www.digikey.es/es/products/detail/yageo/RT0402FRE07150KL/1071770,RT,,,,,150K,±1%,0.063W,1/16W,±50ppm/°C,R0402,"0.039"" L x 0.020"" A (1.00mm x 0.50mm)","0.014"" (0.35mm)",,THIN FILM,SMD,-55°C ~ 155°C,Activo,,,AMR,22/08/2026,,,,,,,,,,,
IPN_R-????,R0402_150R_0.063W_±1%,RES 150 OHM 1% 1/16W 0402,150 Ohms,Resistors:R,Resistor_SMD:R_0402_1005Metric,YAGEO,RT0402FRE07150RL,https://www.digikey.es/es/products/detail/yageo/RT0402FRE07150RL/1071771,RT,,,,,150R,±1%,0.063W,1/16W,±50ppm/°C,R0402,"0.039"" L x 0.020"" A (1.00mm x 0.50mm)","0.014"" (0.35mm)",,THIN FILM,SMD,-55°C ~ 155°C,Activo,,,AMR,22/08/2026,,,,,,,,,,,
IPN_R-????,R0402_15K_0.063W_±1%,RES 15K OHM 1% 1/16W 0402,15 kOhms,Resistors:R,Resistor_SMD:R_0402_1005Metric,YAGEO,RT0402FRE0715KL,https://www.digikey.es/es/products/detail/yageo/RT0402FRE0715KL/1071778,RT,,,,,15K,±1%,0.063W,1/16W,±50ppm/°C,R0402,"0.039"" L x 0.020"" A (1.00mm x 0.50mm)","0.014"" (0.35mm)",,THIN FILM,SMD,-55°C ~ 155°C,Activo,,,AMR,22/08/2026,,,,,,,,,,,
IPN_R-????,R0402_15K8_0.063W_±1%,RES 15.8K OHM 1% 1/16W 0402,15.8 kOhms,Resistors:R,Resistor_SMD:R_0402_1005Metric,YAGEO,RT0402FRE0715K8L,https://www.digikey.es/es/products/detail/yageo/RT0402FRE0715K8L/1071777,RT,,,,,15K8,±1%,0.063W,1/16W,±50ppm/°C,R0402,"0.039"" L x 0.020"" A (1.00mm x 0.50mm)","0.014"" (0.35mm)",,THIN FILM,SMD,-55°C ~ 155°C,Activo,,,AMR,22/08/2026,,,,,,,,,,,
IPN_R-????,R0402_15R_0.063W_±1%,RES 15 OHM 1% 1/16W 0402,15 Ohms,Resistors:R,Resistor_SMD:R_0402_1005Metric,YAGEO,RT0402FRE0715RL,https://www.digikey.es/es/products/detail/yageo/RT0402FRE0715RL/1071781,RT,,,,,15R,±1%,0.063W,1/16W,±50ppm/°C,R0402,"0.039"" L x 0.020"" A (1.00mm x 0.50mm)","0.014"" (0.35mm)",,THIN FILM,SMD,-55°C ~ 155°C,Activo,,,AMR,22/08/2026,,,,,,,,,,,
IPN_R-????,R0402_160K_0.063W_±1%,RES 160K OHM 1% 1/16W 0402,160 kOhms,Resistors:R,Resistor_SMD:R_0402_1005Metric,YAGEO,RT0402FRE07160KL,https://www.digikey.es/es/products/detail/yageo/RT0402FRE07160KL/1071782,RT,,,,,160K,±1%,0.063W,1/16W,±50ppm/°C,R0402,"0.039"" L x 0.020"" A (1.00mm x 0.50mm)","0.014"" (0.35mm)",,THIN FILM,SMD,-55°C ~ 155°C,Activo,,,AMR,22/08/2026,,,,,,,,,,,
IPN_R-????,R0402_160R_0.063W_±1%,RES 160 OHM 1% 1/16W 0402,160 Ohms,Resistors:R,Resistor_SMD:R_0402_1005Metric,YAGEO,RT0402FRE07160RL,https://www.digikey.es/es/products/detail/yageo/RT0402FRE07160RL/1071783,RT,,,,,160R,±1%,0.063W,1/16W,±50ppm/°C,R0402,"0.039"" L x 0.020"" A (1.00mm x 0.50mm)","0.014"" (0.35mm)",,THIN FILM,SMD,-55°C ~ 155°C,Activo,,,AMR,22/08/2026,,,,,,,,,,,
IPN_R-????,R0402_162K_0.063W_±1%,RES 162K OHM 1% 1/16W 0402,162 kOhms,Resistors:R,Resistor_SMD:R_0402_1005Metric,YAGEO,RT0402FRE07162KL,https://www.digikey.es/es/products/detail/yageo/RT0402FRE07162KL/1071784,RT,,,,,162K,±1%,0.063W,1/16W,±50ppm/°C,R0402,"0.039"" L x 0.020"" A (1.00mm x 0.50mm)","0.014"" (0.35mm)",,THIN FILM,SMD,-55°C ~ 155°C,Activo,,,AMR,22/08/2026,,,,,,,,,,,
IPN_R-????,R0402_162R_0.063W_±1%,RES 162 OHM 1% 1/16W 0402,162 Ohms,Resistors:R,Resistor_SMD:R_0402_1005Metric,YAGEO,RT0402FRE07162RL,https://www.digikey.es/es/products/detail/yageo/RT0402FRE07162RL/1071785,RT,,,,,162R,±1%,0.063W,1/16W,±50ppm/°C,R0402,"0.039"" L x 0.020"" A (1.00mm x 0.50mm)","0.014"" (0.35mm)",,THIN FILM,SMD,-55°C ~ 155°C,Activo,,,AMR,22/08/2026,,,,,,,,,,,
IPN_R-????,R0402_165K_0.063W_±1%,RES 165K OHM 1% 1/16W 0402,165 kOhms,Resistors:R,Resistor_SMD:R_0402_1005Metric,YAGEO,RT0402FRE07165KL,https://www.digikey.es/es/products/detail/yageo/RT0402FRE07165KL/1071786,RT,,,,,165K,±1%,0.063W,1/16W,±50ppm/°C,R0402,"0.039"" L x 0.020"" A (1.00mm x 0.50mm)","0.014"" (0.35mm)",,THIN FILM,SMD,-55°C ~ 155°C,Activo,,,AMR,22/08/2026,,,,,,,,,,,
IPN_R-????,R0402_169R_0.063W_±1%,RES 169 OHM 1% 1/16W 0402,169 Ohms,Resistors:R,Resistor_SMD:R_0402_1005Metric,YAGEO,RT0402FRE07169RL,https://www.digikey.es/es/products/detail/yageo/RT0402FRE07169RL/1071789,RT,,,,,169R,±1%,0.063W,1/16W,±50ppm/°C,R0402,"0.039"" L x 0.020"" A (1.00mm x 0.50mm)","0.014"" (0.35mm)",,THIN FILM,SMD,-55°C ~ 155°C,Activo,,,AMR,22/08/2026,,,,,,,,,,,
IPN_R-????,R0402_16K_0.063W_±1%,RES 16K OHM 1% 1/16W 0402,16 kOhms,Resistors:R,Resistor_SMD:R_0402_1005Metric,YAGEO,RT0402FRE0716KL,https://www.digikey.es/es/products/detail/yageo/RT0402FRE0716KL/1071793,RT,,,,,16K,±1%,0.063W,1/16W,±50ppm/°C,R0402,"0.039"" L x 0.020"" A (1.00mm x 0.50mm)","0.014"" (0.35mm)",,THIN FILM,SMD,-55°C ~ 155°C,Activo,,,AMR,22/08/2026,,,,,,,,,,,
IPN_R-????,R0402_16K2_0.063W_±1%,RES 16.2K OHM 1% 1/16W 0402,16.2 kOhms,Resistors:R,Resistor_SMD:R_0402_1005Metric,YAGEO,RT0402FRE0716K2L,https://www.digikey.es/es/products/detail/yageo/RT0402FRE0716K2L/1071790,RT,,,,,16K2,±1%,0.063W,1/16W,±50ppm/°C,R0402,"0.039"" L x 0.020"" A (1.00mm x 0.50mm)","0.014"" (0.35mm)",,THIN FILM,SMD,-55°C ~ 155°C,Activo,,,AMR,22/08/2026,,,,,,,,,,,
IPN_R-????,R0402_16K9_0.063W_±1%,RES 16.9K OHM 1% 1/16W 0402,16.9 kOhms,Resistors:R,Resistor_SMD:R_0402_1005Metric,YAGEO,RT0402FRE0716K9L,https://www.digikey.es/es/products/detail/yageo/RT0402FRE0716K9L/1071792,RT,,,,,16K9,±1%,0.063W,1/16W,±50ppm/°C,R0402,"0.039"" L x 0.020"" A (1.00mm x 0.50mm)","0.014"" (0.35mm)",,THIN FILM,SMD,-55°C ~ 155°C,Activo,,,AMR,22/08/2026,,,,,,,,,,,
IPN_R-????,R0402_174R_0.063W_±1%,RES 174 OHM 1% 1/16W 0402,174 Ohms,Resistors:R,Resistor_SMD:R_0402_1005Metric,YAGEO,RT0402FRE07174RL,https://www.digikey.es/es/products/detail/yageo/RT0402FRE07174RL/1071799,RT,,,,,174R,±1%,0.063W,1/16W,±50ppm/°C,R0402,"0.039"" L x 0.020"" A (1.00mm x 0.50mm)","0.014"" (0.35mm)",,THIN FILM,SMD,-55°C ~ 155°C,Activo,,,AMR,22/08/2026,,,,,,,,,,,
IPN_R-????,R0402_178R_0.063W_±1%,RES 178 OHM 1% 1/16W 0402,178 Ohms,Resistors:R,Resistor_SMD:R_0402_1005Metric,YAGEO,RT0402FRE07178RL,https://www.digikey.es/es/products/detail/yageo/RT0402FRE07178RL/1071801,RT,,,,,178R,±1%,0.063W,1/16W,±50ppm/°C,R0402,"0.039"" L x 0.020"" A (1.00mm x 0.50mm)","0.014"" (0.35mm)",,THIN FILM,SMD,-55°C ~ 155°C,Activo,,,AMR,22/08/2026,,,,,,,,,,,
IPN_R-????,R0402_17K8_0.063W_±1%,RES 17.8K OHM 1% 1/16W 0402,17.8 kOhms,Resistors:R,Resistor_SMD:R_0402_1005Metric,YAGEO,RT0402FRE0717K8L,https://www.digikey.es/es/products/detail/yageo/RT0402FRE0717K8L/1071803,RT,,,,,17K8,±1%,0.063W,1/16W,±50ppm/°C,R0402,"0.039"" L x 0.020"" A (1.00mm x 0.50mm)","0.014"" (0.35mm)",,THIN FILM,SMD,-55°C ~ 155°C,Activo,,,AMR,22/08/2026,,,,,,,,,,,
IPN_R-????,R0402_180R_0.063W_±1%,RES 180 OHM 1% 1/16W 0402,180 Ohms,Resistors:R,Resistor_SMD:R_0402_1005Metric,YAGEO,RT0402FRE07180RL,https://www.digikey.es/es/products/detail/yageo/RT0402FRE07180RL/1071807,RT,,,,,180R,±1%,0.063W,1/16W,±50ppm/°C,R0402,"0.039"" L x 0.020"" A (1.00mm x 0.50mm)","0.014"" (0.35mm)",,THIN FILM,SMD,-55°C ~ 155°C,Activo,,,AMR,22/08/2026,,,,,,,,,,,
IPN_R-????,R0402_187K_0.063W_±1%,RES 187K OHM 1% 1/16W 0402,187 kOhms,Resistors:R,Resistor_SMD:R_0402_1005Metric,YAGEO,RT0402FRE07187KL,https://www.digikey.es/es/products/detail/yageo/RT0402FRE07187KL/1071810,RT,,,,,187K,±1%,0.063W,1/16W,±50ppm/°C,R0402,"0.039"" L x 0.020"" A (1.00mm x 0.50mm)","0.014"" (0.35mm)",,THIN FILM,SMD,-55°C ~ 155°C,Activo,,,AMR,22/08/2026,,,,,,,,,,,
IPN_R-????,R0402_18K_0.063W_±1%,RES 18K OHM 1% 1/16W 0402,18 kOhms,Resistors:R,Resistor_SMD:R_0402_1005Metric,YAGEO,RT0402FRE0718KL,https://www.digikey.es/es/products/detail/yageo/RT0402FRE0718KL/1071814,RT,,,,,18K,±1%,0.063W,1/16W,±50ppm/°C,R0402,"0.039"" L x 0.020"" A (1.00mm x 0.50mm)","0.014"" (0.35mm)",,THIN FILM,SMD,-55°C ~ 155°C,Activo,,,AMR,22/08/2026,,,,,,,,,,,
IPN_R-????,R0402_18K2_0.063W_±1%,RES 18.2K OHM 1% 1/16W 0402,18.2 kOhms,Resistors:R,Resistor_SMD:R_0402_1005Metric,YAGEO,RT0402FRE0718K2L,https://www.digikey.es/es/products/detail/yageo/RT0402FRE0718K2L/1071812,RT,,,,,18K2,±1%,0.063W,1/16W,±50ppm/°C,R0402,"0.039"" L x 0.020"" A (1.00mm x 0.50mm)","0.014"" (0.35mm)",,THIN FILM,SMD,-55°C ~ 155°C,Activo,,,AMR,22/08/2026,,,,,,,,,,,
IPN_R-????,R0402_18K7_0.063W_±1%,RES 18.7K OHM 1% 1/16W 0402,18.7 kOhms,Resistors:R,Resistor_SMD:R_0402_1005Metric,YAGEO,RT0402FRE0718K7L,https://www.digikey.es/es/products/detail/yageo/RT0402FRE0718K7L/1071813,RT,,,,,18K7,±1%,0.063W,1/16W,±50ppm/°C,R0402,"0.039"" L x 0.020"" A (1.00mm x 0.50mm)","0.014"" (0.35mm)",,THIN FILM,SMD,-55°C ~ 155°C,Activo,,,AMR,22/08/2026,,,,,,,,,,,
IPN_R-????,R0402_18R_0.063W_±1%,RES 18 OHM 1% 1/16W 0402,18 Ohms,Resistors:R,Resistor_SMD:R_0402_1005Metric,YAGEO,RT0402FRE0718RL,https://www.digikey.es/es/products/detail/yageo/RT0402FRE0718RL/1071817,RT,,,,,18R,±1%,0.063W,1/16W,±50ppm/°C,R0402,"0.039"" L x 0.020"" A (1.00mm x 0.50mm)","0.014"" (0.35mm)",,THIN FILM,SMD,-55°C ~ 155°C,Activo,,,AMR,22/08/2026,,,,,,,,,,,
IPN_R-????,R0402_19K6_0.063W_±1%,RES 19.6K OHM 1% 1/16W 0402,19.6 kOhms,Resistors:R,Resistor_SMD:R_0402_1005Metric,YAGEO,RT0402FRE0719K6L,https://www.digikey.es/es/products/detail/yageo/RT0402FRE0719K6L/1071823,RT,,,,,19K6,±1%,0.063W,1/16W,±50ppm/°C,R0402,"0.039"" L x 0.020"" A (1.00mm x 0.50mm)","0.014"" (0.35mm)",,THIN FILM,SMD,-55°C ~ 155°C,Activo,,,AMR,22/08/2026,,,,,,,,,,,
IPN_R-????,R0402_1K_0.063W_±1%,RES 1K OHM 1% 1/16W 0402,1 kOhms,Resistors:R,Resistor_SMD:R_0402_1005Metric,YAGEO,AT0402FRE071KL,https://www.digikey.es/es/products/detail/yageo/AT0402FRE071KL/5138624,RT,,,,,1K,±1%,0.063W,1/16W,±50ppm/°C,R0402,"0.039"" L x 0.020"" A (1.00mm x 0.50mm)","0.014"" (0.35mm)",,THIN FILM,SMD,-55°C ~ 155°C,Activo,,,AMR,22/08/2026,,,,,,,,,,,
IPN_R-????,R0402_1K15_0.063W_±1%,RES 1.15K OHM 1% 1/16W 0402,1.15 kOhms,Resistors:R,Resistor_SMD:R_0402_1005Metric,YAGEO,RT0402FRE071K15L,https://www.digikey.es/es/products/detail/yageo/RT0402FRE071K15L/1071830,RT,,,,,1K15,±1%,0.063W,1/16W,±50ppm/°C,R0402,"0.039"" L x 0.020"" A (1.00mm x 0.50mm)","0.014"" (0.35mm)",,THIN FILM,SMD,-55°C ~ 155°C,Activo,,,AMR,22/08/2026,,,,,,,,,,,
IPN_R-????,R0402_1K27_0.063W_±1%,RES 1.27K OHM 1% 1/16W 0402,1.27 kOhms,Resistors:R,Resistor_SMD:R_0402_1005Metric,YAGEO,RT0402FRE071K27L,https://www.digikey.es/es/products/detail/yageo/RT0402FRE071K27L/1071835,RT,,,,,1K27,±1%,0.063W,1/16W,±50ppm/°C,R0402,"0.039"" L x 0.020"" A (1.00mm x 0.50mm)","0.014"" (0.35mm)",,THIN FILM,SMD,-55°C ~ 155°C,Activo,,,AMR,22/08/2026,,,,,,,,,,,
IPN_R-????,R0402_1K33_0.063W_±1%,RES 1.33K OHM 1% 1/16W 0402,1.33 kOhms,Resistors:R,Resistor_SMD:R_0402_1005Metric,YAGEO,RT0402FRE071K33L,https://www.digikey.es/es/products/detail/yageo/RT0402FRE071K33L/1071837,RT,,,,,1K33,±1%,0.063W,1/16W,±50ppm/°C,R0402,"0.039"" L x 0.020"" A (1.00mm x 0.50mm)","0.014"" (0.35mm)",,THIN FILM,SMD,-55°C ~ 155°C,Activo,,,AMR,22/08/2026,,,,,,,,,,,
IPN_R-????,R0402_1K5_0.063W_±1%,RES 1.5K OHM 1% 1/16W 0402,1.5 kOhms,Resistors:R,Resistor_SMD:R_0402_1005Metric,YAGEO,RT0402FRE071K5L,https://www.digikey.es/es/products/detail/yageo/RT0402FRE071K5L/1071845,RT,,,,,1K5,±1%,0.063W,1/16W,±50ppm/°C,R0402,"0.039"" L x 0.020"" A (1.00mm x 0.50mm)","0.014"" (0.35mm)",,THIN FILM,SMD,-55°C ~ 155°C,Activo,,,AMR,22/08/2026,,,,,,,,,,,
IPN_R-????,R0402_1K74_0.063W_±1%,RES 1.74K OHM 1% 1/16W 0402,1.74 kOhms,Resistors:R,Resistor_SMD:R_0402_1005Metric,YAGEO,RT0402FRE071K74L,https://www.digikey.es/es/products/detail/yageo/RT0402FRE071K74L/1071850,RT,,,,,1K74,±1%,0.063W,1/16W,±50ppm/°C,R0402,"0.039"" L x 0.020"" A (1.00mm x 0.50mm)","0.014"" (0.35mm)",,THIN FILM,SMD,-55°C ~ 155°C,Activo,,,AMR,22/08/2026,,,,,,,,,,,
IPN_R-????,R0402_1K78_0.063W_±1%,RES 1.78K OHM 1% 1/16W 0402,1.78 kOhms,Resistors:R,Resistor_SMD:R_0402_1005Metric,YAGEO,RT0402FRE071K78L,https://www.digikey.es/es/products/detail/yageo/RT0402FRE071K78L/1071851,RT,,,,,1K78,±1%,0.063W,1/16W,±50ppm/°C,R0402,"0.039"" L x 0.020"" A (1.00mm x 0.50mm)","0.014"" (0.35mm)",,THIN FILM,SMD,-55°C ~ 155°C,Activo,,,AMR,22/08/2026,,,,,,,,,,,
IPN_R-????,R0402_1K87_0.063W_±1%,RES 1.87K OHM 1% 1/16W 0402,1.87 kOhms,Resistors:R,Resistor_SMD:R_0402_1005Metric,YAGEO,RT0402FRE071K87L,https://www.digikey.es/es/products/detail/yageo/RT0402FRE071K87L/1071853,RT,,,,,1K87,±1%,0.063W,1/16W,±50ppm/°C,R0402,"0.039"" L x 0.020"" A (1.00mm x 0.50mm)","0.014"" (0.35mm)",,THIN FILM,SMD,-55°C ~ 155°C,Activo,,,AMR,22/08/2026,,,,,,,,,,,
IPN_R-????,R0402_1K91_0.063W_±1%,RES 1.91K OHM 1% 1/16W 0402,1.91 kOhms,Resistors:R,Resistor_SMD:R_0402_1005Metric,YAGEO,RT0402FRE071K91L,https://www.digikey.es/es/products/detail/yageo/RT0402FRE071K91L/1071855,RT,,,,,1K91,±1%,0.063W,1/16W,±50ppm/°C,R0402,"0.039"" L x 0.020"" A (1.00mm x 0.50mm)","0.014"" (0.35mm)",,THIN FILM,SMD,-55°C ~ 155°C,Activo,,,AMR,22/08/2026,,,,,,,,,,,
IPN_R-????,R0402_205K_0.063W_±1%,RES 205K OHM 1% 1/16W 0402,205 kOhms,Resistors:R,Resistor_SMD:R_0402_1005Metric,YAGEO,RT0402FRE07205KL,https://www.digikey.es/es/products/detail/yageo/RT0402FRE07205KL/1071860,RT,,,,,205K,±1%,0.063W,1/16W,±50ppm/°C,R0402,"0.039"" L x 0.020"" A (1.00mm x 0.50mm)","0.014"" (0.35mm)",,THIN FILM,SMD,-55°C ~ 155°C,Activo,,,AMR,22/08/2026,,,,,,,,,,,
IPN_R-????,R0402_20K_0.063W_±1%,RES 20K OHM 1% 1/16W 0402,20 kOhms,Resistors:R,Resistor_SMD:R_0402_1005Metric,YAGEO,RT0402FRE0720KL,https://www.digikey.es/es/products/detail/yageo/RT0402FRE0720KL/1071863,RT,,,,,20K,±1%,0.063W,1/16W,±50ppm/°C,R0402,"0.039"" L x 0.020"" A (1.00mm x 0.50mm)","0.014"" (0.35mm)",,THIN FILM,SMD,-55°C ~ 155°C,Activo,,,AMR,22/08/2026,,,,,,,,,,,
IPN_R-????,R0402_20K5_0.063W_±1%,RES 20.5K OHM 1% 1/16W 0402,20.5 kOhms,Resistors:R,Resistor_SMD:R_0402_1005Metric,YAGEO,RT0402FRE0720K5L,https://www.digikey.es/es/products/detail/yageo/RT0402FRE0720K5L/1071862,RT,,,,,20K5,±1%,0.063W,1/16W,±50ppm/°C,R0402,"0.039"" L x 0.020"" A (1.00mm x 0.50mm)","0.014"" (0.35mm)",,THIN FILM,SMD,-55°C ~ 155°C,Activo,,,AMR,22/08/2026,,,,,,,,,,,
IPN_R-????,R0402_20R_0.063W_±1%,RES 20 OHM 1% 1/16W 0402,20 Ohms,Resistors:R,Resistor_SMD:R_0402_1005Metric,YAGEO,RT0402FRE0720RL,https://www.digikey.es/es/products/detail/yageo/RT0402FRE0720RL/1071865,RT,,,,,20R,±1%,0.063W,1/16W,±50ppm/°C,R0402,"0.039"" L x 0.020"" A (1.00mm x 0.50mm)","0.014"" (0.35mm)",,THIN FILM,SMD,-55°C ~ 155°C,Activo,,,AMR,22/08/2026,,,,,,,,,,,
IPN_R-????,R0402_21K_0.063W_±1%,RES 21K OHM 1% 1/16W 0402,21 kOhms,Resistors:R,Resistor_SMD:R_0402_1005Metric,YAGEO,RT0402FRE0721KL,https://www.digikey.es/es/products/detail/yageo/RT0402FRE0721KL/1071871,RT,,,,,21K,±1%,0.063W,1/16W,±50ppm/°C,R0402,"0.039"" L x 0.020"" A (1.00mm x 0.50mm)","0.014"" (0.35mm)",,THIN FILM,SMD,-55°C ~ 155°C,Activo,,,AMR,22/08/2026,,,,,,,,,,,
IPN_R-????,R0402_21K5_0.063W_±1%,RES 21.5K OHM 1% 1/16W 0402,21.5 kOhms,Resistors:R,Resistor_SMD:R_0402_1005Metric,YAGEO,RT0402FRE0721K5L,https://www.digikey.es/es/products/detail/yageo/RT0402FRE0721K5L/1071870,RT,,,,,21K5,±1%,0.063W,1/16W,±50ppm/°C,R0402,"0.039"" L x 0.020"" A (1.00mm x 0.50mm)","0.014"" (0.35mm)",,THIN FILM,SMD,-55°C ~ 155°C,Activo,,,AMR,22/08/2026,,,,,,,,,,,
IPN_R-????,R0402_220K_0.063W_±1%,RES 220K OHM 1% 1/16W 0402,220 kOhms,Resistors:R,Resistor_SMD:R_0402_1005Metric,YAGEO,RT0402FRE07220KL,https://www.digikey.es/es/products/detail/yageo/RT0402FRE07220KL/1071874,RT,,,,,220K,±1%,0.063W,1/16W,±50ppm/°C,R0402,"0.039"" L x 0.020"" A (1.00mm x 0.50mm)","0.014"" (0.35mm)",,THIN FILM,SMD,-55°C ~ 155°C,Activo,,,AMR,22/08/2026,,,,,,,,,,,
IPN_R-????,R0402_220R_0.063W_±1%,RES 220 OHM 1% 1/16W 0402,220 Ohms,Resistors:R,Resistor_SMD:R_0402_1005Metric,YAGEO,RT0402FRE07220RL,https://www.digikey.es/es/products/detail/yageo/RT0402FRE07220RL/1071875,RT,,,,,220R,±1%,0.063W,1/16W,±50ppm/°C,R0402,"0.039"" L x 0.020"" A (1.00mm x 0.50mm)","0.014"" (0.35mm)",,THIN FILM,SMD,-55°C ~ 155°C,Activo,,,AMR,22/08/2026,,,,,,,,,,,
IPN_R-????,R0402_221R_0.063W_±1%,RES 221 OHM 1% 1/16W 0402,221 Ohms,Resistors:R,Resistor_SMD:R_0402_1005Metric,YAGEO,RT0402FRE07221RL,https://www.digikey.es/es/products/detail/yageo/RT0402FRE07221RL/1071876,RT,,,,,221R,±1%,0.063W,1/16W,±50ppm/°C,R0402,"0.039"" L x 0.020"" A (1.00mm x 0.50mm)","0.014"" (0.35mm)",,THIN FILM,SMD,-55°C ~ 155°C,Activo,,,AMR,22/08/2026,,,,,,,,,,,
IPN_R-????,R0402_224K_0.063W_±1%,RES 224K OHM 1% 1/16W 0402,224 kOhms,Resistors:R,Resistor_SMD:R_0402_1005Metric,YAGEO,RT0402FRE07224KL,https://www.digikey.es/es/products/detail/yageo/RT0402FRE07224KL/17015268,RT,,,,,224K,±1%,0.063W,1/16W,±50ppm/°C,R0402,"0.039"" L x 0.020"" A (1.00mm x 0.50mm)","0.014"" (0.35mm)",,THIN FILM,SMD,-55°C ~ 155°C,Activo,,,AMR,22/08/2026,,,,,,,,,,,
IPN_R-????,R0402_226K_0.063W_±1%,RES 226K OHM 1% 1/16W 0402,226 kOhms,Resistors:R,Resistor_SMD:R_0402_1005Metric,YAGEO,RT0402FRE07226KL,https://www.digikey.es/es/products/detail/yageo/RT0402FRE07226KL/17014019,RT,,,,,226K,±1%,0.063W,1/16W,±50ppm/°C,R0402,"0.039"" L x 0.020"" A (1.00mm x 0.50mm)","0.014"" (0.35mm)",,THIN FILM,SMD,-55°C ~ 155°C,Activo,,,AMR,22/08/2026,,,,,,,,,,,
IPN_R-????,R0402_226R_0.063W_±1%,RES 226 OHM 1% 1/16W 0402,226 Ohms,Resistors:R,Resistor_SMD:R_0402_1005Metric,YAGEO,RT0402FRE07226RL,https://www.digikey.es/es/products/detail/yageo/RT0402FRE07226RL/1071877,RT,,,,,226R,±1%,0.063W,1/16W,±50ppm/°C,R0402,"0.039"" L x 0.020"" A (1.00mm x 0.50mm)","0.014"" (0.35mm)",,THIN FILM,SMD,-55°C ~ 155°C,Activo,,,AMR,22/08/2026,,,,,,,,,,,
IPN_R-????,R0402_22K_0.063W_±1%,RES 22K OHM 1% 1/16W 0402,22 kOhms,Resistors:R,Resistor_SMD:R_0402_1005Metric,YAGEO,AT0402FRE0722KL,https://www.digikey.es/es/products/detail/yageo/AT0402FRE0722KL/16991004,RT,,,,,22K,±1%,0.063W,1/16W,±50ppm/°C,R0402,"0.039"" L x 0.020"" A (1.00mm x 0.50mm)","0.014"" (0.35mm)",,THIN FILM,SMD,-55°C ~ 155°C,Activo,,,AMR,22/08/2026,,,,,,,,,,,
IPN_R-????,R0402_22K1_0.063W_±1%,RES 22.1K OHM 1% 1/16W 0402,22.1 kOhms,Resistors:R,Resistor_SMD:R_0402_1005Metric,YAGEO,RT0402FRE0722K1L,https://www.digikey.es/es/products/detail/yageo/RT0402FRE0722K1L/1071878,RT,,,,,22K1,±1%,0.063W,1/16W,±50ppm/°C,R0402,"0.039"" L x 0.020"" A (1.00mm x 0.50mm)","0.014"" (0.35mm)",,THIN FILM,SMD,-55°C ~ 155°C,Activo,,,AMR,22/08/2026,,,,,,,,,,,
IPN_R-????,R0402_22K6_0.063W_±1%,RES 22.6K OHM 1% 1/16W 0402,22.6 kOhms,Resistors:R,Resistor_SMD:R_0402_1005Metric,YAGEO,RT0402FRE0722K6L,https://www.digikey.es/es/products/detail/yageo/RT0402FRE0722K6L/1071879,RT,,,,,22K6,±1%,0.063W,1/16W,±50ppm/°C,R0402,"0.039"" L x 0.020"" A (1.00mm x 0.50mm)","0.014"" (0.35mm)",,THIN FILM,SMD,-55°C ~ 155°C,Activo,,,AMR,22/08/2026,,,,,,,,,,,
IPN_R-????,R0402_22R_0.063W_±1%,RES 22 OHM 1% 1/16W 0402,22 Ohms,Resistors:R,Resistor_SMD:R_0402_1005Metric,YAGEO,RT0402FRD0722RL,https://www.digikey.es/es/products/detail/yageo/RT0402FRD0722RL/5926471,RT,,,,,22R,±1%,0.063W,1/16W,±25ppm/°C,R0402,"0.039"" L x 0.020"" A (1.00mm x 0.50mm)","0.014"" (0.35mm)",,THIN FILM,SMD,-55°C ~ 155°C,Activo,,,AMR,22/08/2026,,,,,,,,,,,
IPN_R-????,R0402_22R1_0.063W_±1%,RES 22.1 OHM 1% 1/16W 0402,22.1 Ohms,Resistors:R,Resistor_SMD:R_0402_1005Metric,YAGEO,RT0402FRE0722R1L,https://www.digikey.es/es/products/detail/yageo/RT0402FRE0722R1L/1071881,RT,,,,,22R1,±1%,0.063W,1/16W,±50ppm/°C,R0402,"0.039"" L x 0.020"" A (1.00mm x 0.50mm)","0.014"" (0.35mm)",,THIN FILM,SMD,-55°C ~ 155°C,Activo,,,AMR,22/08/2026,,,,,,,,,,,
IPN_R-????,R0402_232K_0.063W_±1%,RES 232K OHM 1% 1/16W 0402,232 kOhms,Resistors:R,Resistor_SMD:R_0402_1005Metric,YAGEO,RT0402FRE07232KL,https://www.digikey.es/es/products/detail/yageo/RT0402FRE07232KL/7708286,RT,,,,,232K,±1%,0.063W,1/16W,±50ppm/°C,R0402,"0.039"" L x 0.020"" A (1.00mm x 0.50mm)","0.014"" (0.35mm)",,THIN FILM,SMD,-55°C ~ 155°C,Activo,,,AMR,22/08/2026,,,,,,,,,,,
IPN_R-????,R0402_23K2_0.063W_±1%,RES 23.2K OHM 1% 1/16W 0402,23.2 kOhms,Resistors:R,Resistor_SMD:R_0402_1005Metric,YAGEO,RT0402FRE0723K2L,https://www.digikey.es/es/products/detail/yageo/RT0402FRE0723K2L/1071886,RT,,,,,23K2,±1%,0.063W,1/16W,±50ppm/°C,R0402,"0.039"" L x 0.020"" A (1.00mm x 0.50mm)","0.014"" (0.35mm)",,THIN FILM,SMD,-55°C ~ 155°C,Activo,,,AMR,22/08/2026,,,,,,,,,,,
IPN_R-????,R0402_23K7_0.063W_±1%,RES 23.7K OHM 1% 1/16W 0402,23.7 kOhms,Resistors:R,Resistor_SMD:R_0402_1005Metric,YAGEO,RT0402FRE0723K7L,https://www.digikey.es/es/products/detail/yageo/RT0402FRE0723K7L/1071887,RT,,,,,23K7,±1%,0.063W,1/16W,±50ppm/°C,R0402,"0.039"" L x 0.020"" A (1.00mm x 0.50mm)","0.014"" (0.35mm)",,THIN FILM,SMD,-55°C ~ 155°C,Activo,,,AMR,22/08/2026,,,,,,,,,,,
IPN_R-????,R0402_240K_0.063W_±1%,RES 240K OHM 1% 1/16W 0402,240 kOhms,Resistors:R,Resistor_SMD:R_0402_1005Metric,YAGEO,RT0402FRE07240KL,https://www.digikey.es/es/products/detail/yageo/RT0402FRE07240KL/7708287,RT,,,,,240K,±1%,0.063W,1/16W,±50ppm/°C,R0402,"0.039"" L x 0.020"" A (1.00mm x 0.50mm)","0.014"" (0.35mm)",,THIN FILM,SMD,-55°C ~ 155°C,Activo,,,AMR,22/08/2026,,,,,,,,,,,
IPN_R-????,R0402_240R_0.063W_±1%,RES 240 OHM 1% 1/16W 0402,240 Ohms,Resistors:R,Resistor_SMD:R_0402_1005Metric,YAGEO,RT0402FRE07240RL,https://www.digikey.es/es/products/detail/yageo/RT0402FRE07240RL/1071890,RT,,,,,240R,±1%,0.063W,1/16W,±50ppm/°C,R0402,"0.039"" L x 0.020"" A (1.00mm x 0.50mm)","0.014"" (0.35mm)",,THIN FILM,SMD,-55°C ~ 155°C,Activo,,,AMR,22/08/2026,,,,,,,,,,,
IPN_R-????,R0402_243R_0.063W_±1%,RES 243 OHM 1% 1/16W 0402,243 Ohms,Resistors:R,Resistor_SMD:R_0402_1005Metric,YAGEO,RT0402FRE07243RL,https://www.digikey.es/es/products/detail/yageo/RT0402FRE07243RL/1071891,RT,,,,,243R,±1%,0.063W,1/16W,±50ppm/°C,R0402,"0.039"" L x 0.020"" A (1.00mm x 0.50mm)","0.014"" (0.35mm)",,THIN FILM,SMD,-55°C ~ 155°C,Activo,,,AMR,22/08/2026,,,,,,,,,,,
IPN_R-????,R0402_249R_0.063W_±1%,RES 249 OHM 1% 1/16W 0402,249 Ohms,Resistors:R,Resistor_SMD:R_0402_1005Metric,YAGEO,RT0402FRE07249RL,https://www.digikey.es/es/products/detail/yageo/RT0402FRE07249RL/1071892,RT,,,,,249R,±1%,0.063W,1/16W,±50ppm/°C,R0402,"0.039"" L x 0.020"" A (1.00mm x 0.50mm)","0.014"" (0.35mm)",,THIN FILM,SMD,-55°C ~ 155°C,Activo,,,AMR,22/08/2026,,,,,,,,,,,
IPN_R-????,R0402_24K_0.063W_±1%,RES 24K OHM 1% 1/16W 0402,24 kOhms,Resistors:R,Resistor_SMD:R_0402_1005Metric,YAGEO,RT0402FRE0724KL,https://www.digikey.es/es/products/detail/yageo/RT0402FRE0724KL/1071895,RT,,,,,24K,±1%,0.063W,1/16W,±50ppm/°C,R0402,"0.039"" L x 0.020"" A (1.00mm x 0.50mm)","0.014"" (0.35mm)",,THIN FILM,SMD,-55°C ~ 155°C,Activo,,,AMR,22/08/2026,,,,,,,,,,,
IPN_R-????,R0402_24K3_0.063W_±1%,RES 24.3K OHM 1% 1/16W 0402,24.3 kOhms,Resistors:R,Resistor_SMD:R_0402_1005Metric,YAGEO,RT0402FRE0724K3L,https://www.digikey.es/es/products/detail/yageo/RT0402FRE0724K3L/1071893,RT,,,,,24K3,±1%,0.063W,1/16W,±50ppm/°C,R0402,"0.039"" L x 0.020"" A (1.00mm x 0.50mm)","0.014"" (0.35mm)",,THIN FILM,SMD,-55°C ~ 155°C,Activo,,,AMR,22/08/2026,,,,,,,,,,,
IPN_R-????,R0402_24K9_0.063W_±1%,RES 24.9K OHM 1% 1/16W 0402,24.9 kOhms,Resistors:R,Resistor_SMD:R_0402_1005Metric,YAGEO,AT0402FRE0724K9L,https://www.digikey.es/es/products/detail/yageo/AT0402FRE0724K9L/16988697,RT,,,,,24K9,±1%,0.063W,1/16W,±50ppm/°C,R0402,"0.039"" L x 0.020"" A (1.00mm x 0.50mm)","0.014"" (0.35mm)",,THIN FILM,SMD,-55°C ~ 155°C,Activo,,,AMR,22/08/2026,,,,,,,,,,,
IPN_R-????,R0402_24R_0.063W_±1%,RES 24 OHM 1% 1/16W 0402,24 Ohms,Resistors:R,Resistor_SMD:R_0402_1005Metric,YAGEO,RT0402FRE0724RL,https://www.digikey.es/es/products/detail/yageo/RT0402FRE0724RL/1071898,RT,,,,,24R,±1%,0.063W,1/16W,±50ppm/°C,R0402,"0.039"" L x 0.020"" A (1.00mm x 0.50mm)","0.014"" (0.35mm)",,THIN FILM,SMD,-55°C ~ 155°C,Activo,,,AMR,22/08/2026,,,,,,,,,,,
IPN_R-????,R0402_24R9_0.063W_±1%,RES 24.9 OHM 1% 1/16W 0402,24.9 Ohms,Resistors:R,Resistor_SMD:R_0402_1005Metric,YAGEO,RT0402FRE0724R9L,https://www.digikey.es/es/products/detail/yageo/RT0402FRE0724R9L/1071897,RT,,,,,24R9,±1%,0.063W,1/16W,±50ppm/°C,R0402,"0.039"" L x 0.020"" A (1.00mm x 0.50mm)","0.014"" (0.35mm)",,THIN FILM,SMD,-55°C ~ 155°C,Activo,,,AMR,22/08/2026,,,,,,,,,,,
IPN_R-????,R0402_25K5_0.063W_±1%,RES 25.5K OHM 1% 1/16W 0402,25.5 kOhms,Resistors:R,Resistor_SMD:R_0402_1005Metric,YAGEO,RT0402FRE0725K5L,https://www.digikey.es/es/products/detail/yageo/RT0402FRE0725K5L/1071900,RT,,,,,25K5,±1%,0.063W,1/16W,±50ppm/°C,R0402,"0.039"" L x 0.020"" A (1.00mm x 0.50mm)","0.014"" (0.35mm)",,THIN FILM,SMD,-55°C ~ 155°C,Activo,,,AMR,22/08/2026,,,,,,,,,,,
IPN_R-????,R0402_261R_0.063W_±1%,RES 261 OHM 1% 1/16W 0402,261 Ohms,Resistors:R,Resistor_SMD:R_0402_1005Metric,YAGEO,RT0402FRE07261RL,https://www.digikey.es/es/products/detail/yageo/RT0402FRE07261RL/1071902,RT,,,,,261R,±1%,0.063W,1/16W,±50ppm/°C,R0402,"0.039"" L x 0.020"" A (1.00mm x 0.50mm)","0.014"" (0.35mm)",,THIN FILM,SMD,-55°C ~ 155°C,Activo,,,AMR,22/08/2026,,,,,,,,,,,
IPN_R-????,R0402_26R1_0.063W_±1%,RES 26.1 OHM 1% 1/16W 0402,26.1 Ohms,Resistors:R,Resistor_SMD:R_0402_1005Metric,YAGEO,RT0402FRE0726R1L,https://www.digikey.es/es/products/detail/yageo/RT0402FRE0726R1L/1071906,RT,,,,,26R1,±1%,0.063W,1/16W,±50ppm/°C,R0402,"0.039"" L x 0.020"" A (1.00mm x 0.50mm)","0.014"" (0.35mm)",,THIN FILM,SMD,-55°C ~ 155°C,Activo,,,AMR,22/08/2026,,,,,,,,,,,
IPN_R-????,R0402_270R_0.063W_±1%,RES 270 OHM 1% 1/16W 0402,270 Ohms,Resistors:R,Resistor_SMD:R_0402_1005Metric,YAGEO,RT0402FRE07270RL,https://www.digikey.es/es/products/detail/yageo/RT0402FRE07270RL/1071908,RT,,,,,270R,±1%,0.063W,1/16W,±50ppm/°C,R0402,"0.039"" L x 0.020"" A (1.00mm x 0.50mm)","0.014"" (0.35mm)",,THIN FILM,SMD,-55°C ~ 155°C,Activo,,,AMR,22/08/2026,,,,,,,,,,,
IPN_R-????,R0402_274R_0.063W_±1%,RES 274 OHM 1% 1/16W 0402,274 Ohms,Resistors:R,Resistor_SMD:R_0402_1005Metric,YAGEO,RT0402FRE07274RL,https://www.digikey.es/es/products/detail/yageo/RT0402FRE07274RL/1071909,RT,,,,,274R,±1%,0.063W,1/16W,±50ppm/°C,R0402,"0.039"" L x 0.020"" A (1.00mm x 0.50mm)","0.014"" (0.35mm)",,THIN FILM,SMD,-55°C ~ 155°C,Activo,,,AMR,22/08/2026,,,,,,,,,,,
IPN_R-????,R0402_27K_0.063W_±1%,RES 27K OHM 1% 1/16W 0402,27 kOhms,Resistors:R,Resistor_SMD:R_0402_1005Metric,YAGEO,RT0402FRE0727KL,https://www.digikey.es/es/products/detail/yageo/RT0402FRE0727KL/1071911,RT,,,,,27K,±1%,0.063W,1/16W,±50ppm/°C,R0402,"0.039"" L x 0.020"" A (1.00mm x 0.50mm)","0.014"" (0.35mm)",,THIN FILM,SMD,-55°C ~ 155°C,Activo,,,AMR,22/08/2026,,,,,,,,,,,
IPN_R-????,R0402_27K4_0.063W_±1%,RES 27.4K OHM 1% 1/16W 0402,27.4 kOhms,Resistors:R,Resistor_SMD:R_0402_1005Metric,YAGEO,RT0402FRE0727K4L,https://www.digikey.es/es/products/detail/yageo/RT0402FRE0727K4L/1071910,RT,,,,,27K4,±1%,0.063W,1/16W,±50ppm/°C,R0402,"0.039"" L x 0.020"" A (1.00mm x 0.50mm)","0.014"" (0.35mm)",,THIN FILM,SMD,-55°C ~ 155°C,Activo,,,AMR,22/08/2026,,,,,,,,,,,
IPN_R-????,R0402_27R_0.063W_±1%,RES 27 OHM 1% 1/16W 0402,27 Ohms,Resistors:R,Resistor_SMD:R_0402_1005Metric,YAGEO,RT0402FRE0727RL,https://www.digikey.es/es/products/detail/yageo/RT0402FRE0727RL/1071913,RT,,,,,27R,±1%,0.063W,1/16W,±50ppm/°C,R0402,"0.039"" L x 0.020"" A (1.00mm x 0.50mm)","0.014"" (0.35mm)",,THIN FILM,SMD,-55°C ~ 155°C,Activo,,,AMR,22/08/2026,,,,,,,,,,,
IPN_R-????,R0402_27R4_0.063W_±1%,RES 27.4 OHM 1% 1/16W 0402,27.4 Ohms,Resistors:R,Resistor_SMD:R_0402_1005Metric,YAGEO,RT0402FRE0727R4L,https://www.digikey.es/es/products/detail/yageo/RT0402FRE0727R4L/1071912,RT,,,,,27R4,±1%,0.063W,1/16W,±50ppm/°C,R0402,"0.039"" L x 0.020"" A (1.00mm x 0.50mm)","0.014"" (0.35mm)",,THIN FILM,SMD,-55°C ~ 155°C,Activo,,,AMR,22/08/2026,,,,,,,,,,,
IPN_R-????,R0402_280R_0.063W_±1%,RES 280 OHM 1% 1/16W 0402,280 Ohms,Resistors:R,Resistor_SMD:R_0402_1005Metric,YAGEO,RT0402FRE07280RL,https://www.digikey.es/es/products/detail/yageo/RT0402FRE07280RL/1071914,RT,,,,,280R,±1%,0.063W,1/16W,±50ppm/°C,R0402,"0.039"" L x 0.020"" A (1.00mm x 0.50mm)","0.014"" (0.35mm)",,THIN FILM,SMD,-55°C ~ 155°C,Activo,,,AMR,22/08/2026,,,,,,,,,,,
IPN_R-????,R0402_287R_0.063W_±1%,RES 287 OHM 1% 1/16W 0402,287 Ohms,Resistors:R,Resistor_SMD:R_0402_1005Metric,YAGEO,RT0402FRE07287RL,https://www.digikey.es/es/products/detail/yageo/RT0402FRE07287RL/1071915,RT,,,,,287R,±1%,0.063W,1/16W,±50ppm/°C,R0402,"0.039"" L x 0.020"" A (1.00mm x 0.50mm)","0.014"" (0.35mm)",,THIN FILM,SMD,-55°C ~ 155°C,Activo,,,AMR,22/08/2026,,,,,,,,,,,
IPN_R-????,R0402_28K_0.063W_±1%,RES 28K OHM 1% 1/16W 0402,28 kOhms,Resistors:R,Resistor_SMD:R_0402_1005Metric,YAGEO,RT0402FRE0728KL,https://www.digikey.es/es/products/detail/yageo/RT0402FRE0728KL/1071917,RT,,,,,28K,±1%,0.063W,1/16W,±50ppm/°C,R0402,"0.039"" L x 0.020"" A (1.00mm x 0.50mm)","0.014"" (0.35mm)",,THIN FILM,SMD,-55°C ~ 155°C,Activo,,,AMR,22/08/2026,,,,,,,,,,,
IPN_R-????,R0402_28K7_0.063W_±1%,RES 28.7K OHM 1% 1/16W 0402,28.7 kOhms,Resistors:R,Resistor_SMD:R_0402_1005Metric,YAGEO,RT0402FRE0728K7L,https://www.digikey.es/es/products/detail/yageo/RT0402FRE0728K7L/1071916,RT,,,,,28K7,±1%,0.063W,1/16W,±50ppm/°C,R0402,"0.039"" L x 0.020"" A (1.00mm x 0.50mm)","0.014"" (0.35mm)",,THIN FILM,SMD,-55°C ~ 155°C,Activo,,,AMR,22/08/2026,,,,,,,,,,,
IPN_R-????,R0402_294R_0.063W_±1%,RES 294 OHM 1% 1/16W 0402,294 Ohms,Resistors:R,Resistor_SMD:R_0402_1005Metric,YAGEO,RT0402FRE07294RL,https://www.digikey.es/es/products/detail/yageo/RT0402FRE07294RL/1071920,RT,,,,,294R,±1%,0.063W,1/16W,±50ppm/°C,R0402,"0.039"" L x 0.020"" A (1.00mm x 0.50mm)","0.014"" (0.35mm)",,THIN FILM,SMD,-55°C ~ 155°C,Activo,,,AMR,22/08/2026,,,,,,,,,,,
IPN_R-????,R0402_29K4_0.063W_±1%,RES 29.4K OHM 1% 1/16W 0402,29.4 kOhms,Resistors:R,Resistor_SMD:R_0402_1005Metric,YAGEO,RT0402FRE0729K4L,https://www.digikey.es/es/products/detail/yageo/RT0402FRE0729K4L/1071921,RT,,,,,29K4,±1%,0.063W,1/16W,±50ppm/°C,R0402,"0.039"" L x 0.020"" A (1.00mm x 0.50mm)","0.014"" (0.35mm)",,THIN FILM,SMD,-55°C ~ 155°C,Activo,,,AMR,22/08/2026,,,,,,,,,,,
IPN_R-????,R0402_2K_0.063W_±1%,RES 2K OHM 1% 1/16W 0402,2 kOhms,Resistors:R,Resistor_SMD:R_0402_1005Metric,YAGEO,RT0402FRE072KL,https://www.digikey.es/es/products/detail/yageo/RT0402FRE072KL/1071942,RT,,,,,2K,±1%,0.063W,1/16W,±50ppm/°C,R0402,"0.039"" L x 0.020"" A (1.00mm x 0.50mm)","0.014"" (0.35mm)",,THIN FILM,SMD,-55°C ~ 155°C,Activo,,,AMR,22/08/2026,,,,,,,,,,,
IPN_R-????,R0402_2K15_0.063W_±1%,RES 2.15K OHM 1% 1/16W 0402,2.15 kOhms,Resistors:R,Resistor_SMD:R_0402_1005Metric,YAGEO,RT0402FRE072K15L,https://www.digikey.es/es/products/detail/yageo/RT0402FRE072K15L/1071924,RT,,,,,2K15,±1%,0.063W,1/16W,±50ppm/°C,R0402,"0.039"" L x 0.020"" A (1.00mm x 0.50mm)","0.014"" (0.35mm)",,THIN FILM,SMD,-55°C ~ 155°C,Activo,,,AMR,22/08/2026,,,,,,,,,,,
IPN_R-????,R0402_2K1_0.063W_±1%,RES 2.1K OHM 1% 1/16W 0402,2.1 kOhms,Resistors:R,Resistor_SMD:R_0402_1005Metric,YAGEO,RT0402FRE072K1L,https://www.digikey.es/es/products/detail/yageo/RT0402FRE072K1L/1071925,RT,,,,,2K1,±1%,0.063W,1/16W,±50ppm/°C,R0402,"0.039"" L x 0.020"" A (1.00mm x 0.50mm)","0.014"" (0.35mm)",,THIN FILM,SMD,-55°C ~ 155°C,Activo,,,AMR,22/08/2026,,,,,,,,,,,
IPN_R-????,R0402_2K21_0.063W_±1%,RES 2.21K OHM 1% 1/16W 0402,2.21 kOhms,Resistors:R,Resistor_SMD:R_0402_1005Metric,YAGEO,RT0402FRE072K21L,https://www.digikey.es/es/products/detail/yageo/RT0402FRE072K21L/1071926,RT,,,,,2K21,±1%,0.063W,1/16W,±50ppm/°C,R0402,"0.039"" L x 0.020"" A (1.00mm x 0.50mm)","0.014"" (0.35mm)",,THIN FILM,SMD,-55°C ~ 155°C,Activo,,,AMR,22/08/2026,,,,,,,,,,,
IPN_R-????,R0402_2K26_0.063W_±1%,RES 2.26K OHM 1% 1/16W 0402,2.26 kOhms,Resistors:R,Resistor_SMD:R_0402_1005Metric,YAGEO,RT0402FRE072K26L,https://www.digikey.es/es/products/detail/yageo/RT0402FRE072K26L/1071927,RT,,,,,2K26,±1%,0.063W,1/16W,±50ppm/°C,R0402,"0.039"" L x 0.020"" A (1.00mm x 0.50mm)","0.014"" (0.35mm)",,THIN FILM,SMD,-55°C ~ 155°C,Activo,,,AMR,22/08/2026,,,,,,,,,,,
IPN_R-????,R0402_2K2_0.063W_±1%,RES 2.2K OHM 1% 1/16W 0402,2.2 kOhms,Resistors:R,Resistor_SMD:R_0402_1005Metric,YAGEO,RT0402FRE072K2L,https://www.digikey.es/es/products/detail/yageo/RT0402FRE072K2L/1071928,RT,,,,,2K2,±1%,0.063W,1/16W,±50ppm/°C,R0402,"0.039"" L x 0.020"" A (1.00mm x 0.50mm)","0.014"" (0.35mm)",,THIN FILM,SMD,-55°C ~ 155°C,Activo,,,AMR,22/08/2026,,,,,,,,,,,
IPN_R-????,R0402_2K32_0.063W_±1%,RES 2.32K OHM 1% 1/16W 0402,2.32 kOhms,Resistors:R,Resistor_SMD:R_0402_1005Metric,YAGEO,RT0402FRE072K32L,https://www.digikey.es/es/products/detail/yageo/RT0402FRE072K32L/1071929,RT,,,,,2K32,±1%,0.063W,1/16W,±50ppm/°C,R0402,"0.039"" L x 0.020"" A (1.00mm x 0.50mm)","0.014"" (0.35mm)",,THIN FILM,SMD,-55°C ~ 155°C,Activo,,,AMR,22/08/2026,,,,,,,,,,,
IPN_R-????,R0402_2K43_0.063W_±1%,RES 2.43K OHM 1% 1/16W 0402,2.43 kOhms,Resistors:R,Resistor_SMD:R_0402_1005Metric,YAGEO,RT0402FRE072K43L,https://www.digikey.es/es/products/detail/yageo/RT0402FRE072K43L/1071931,RT,,,,,2K43,±1%,0.063W,1/16W,±50ppm/°C,R0402,"0.039"" L x 0.020"" A (1.00mm x 0.50mm)","0.014"" (0.35mm)",,THIN FILM,SMD,-55°C ~ 155°C,Activo,,,AMR,22/08/2026,,,,,,,,,,,
IPN_R-????,R0402_2K49_0.063W_±1%,RES 2.49K OHM 1% 1/16W 0402,2.49 kOhms,Resistors:R,Resistor_SMD:R_0402_1005Metric,YAGEO,RT0402FRE072K49L,https://www.digikey.es/es/products/detail/yageo/RT0402FRE072K49L/1071932,RT,,,,,2K49,±1%,0.063W,1/16W,±50ppm/°C,R0402,"0.039"" L x 0.020"" A (1.00mm x 0.50mm)","0.014"" (0.35mm)",,THIN FILM,SMD,-55°C ~ 155°C,Activo,,,AMR,22/08/2026,,,,,,,,,,,
IPN_R-????,R0402_2K4_0.063W_±1%,RES 2.4K OHM 1% 1/16W 0402,2.4 kOhms,Resistors:R,Resistor_SMD:R_0402_1005Metric,YAGEO,RT0402FRE072K4L,https://www.digikey.es/es/products/detail/yageo/RT0402FRE072K4L/1071933,RT,,,,,2K4,±1%,0.063W,1/16W,±50ppm/°C,R0402,"0.039"" L x 0.020"" A (1.00mm x 0.50mm)","0.014"" (0.35mm)",,THIN FILM,SMD,-55°C ~ 155°C,Activo,,,AMR,22/08/2026,,,,,,,,,,,
IPN_R-????,R0402_2K55_0.063W_±1%,RES 2.55K OHM 1% 1/16W 0402,2.55 kOhms,Resistors:R,Resistor_SMD:R_0402_1005Metric,YAGEO,RT0402FRE072K55L,https://www.digikey.es/es/products/detail/yageo/RT0402FRE072K55L/1071934,RT,,,,,2K55,±1%,0.063W,1/16W,±50ppm/°C,R0402,"0.039"" L x 0.020"" A (1.00mm x 0.50mm)","0.014"" (0.35mm)",,THIN FILM,SMD,-55°C ~ 155°C,Activo,,,AMR,22/08/2026,,,,,,,,,,,
IPN_R-????,R0402_2K61_0.063W_±1%,RES 2.61K OHM 1% 1/16W 0402,2.61 kOhms,Resistors:R,Resistor_SMD:R_0402_1005Metric,YAGEO,RT0402FRE072K61L,https://www.digikey.es/es/products/detail/yageo/RT0402FRE072K61L/1071935,RT,,,,,2K61,±1%,0.063W,1/16W,±50ppm/°C,R0402,"0.039"" L x 0.020"" A (1.00mm x 0.50mm)","0.014"" (0.35mm)",,THIN FILM,SMD,-55°C ~ 155°C,Activo,,,AMR,22/08/2026,,,,,,,,,,,
IPN_R-????,R0402_2K67_0.063W_±1%,RES 2.67K OHM 1% 1/16W 0402,2.67 kOhms,Resistors:R,Resistor_SMD:R_0402_1005Metric,YAGEO,RT0402FRE072K67L,https://www.digikey.es/es/products/detail/yageo/RT0402FRE072K67L/1071936,RT,,,,,2K67,±1%,0.063W,1/16W,±50ppm/°C,R0402,"0.039"" L x 0.020"" A (1.00mm x 0.50mm)","0.014"" (0.35mm)",,THIN FILM,SMD,-55°C ~ 155°C,Activo,,,AMR,22/08/2026,,,,,,,,,,,
IPN_R-????,R0402_2K74_0.063W_±1%,RES 2.74K OHM 1% 1/16W 0402,2.74 kOhms,Resistors:R,Resistor_SMD:R_0402_1005Metric,YAGEO,RT0402FRE072K74L,https://www.digikey.es/es/products/detail/yageo/RT0402FRE072K74L/1071937,RT,,,,,2K74,±1%,0.063W,1/16W,±50ppm/°C,R0402,"0.039"" L x 0.020"" A (1.00mm x 0.50mm)","0.014"" (0.35mm)",,THIN FILM,SMD,-55°C ~ 155°C,Activo,,,AMR,22/08/2026,,,,,,,,,,,
IPN_R-????,R0402_2K7_0.063W_±1%,RES 2.7K OHM 1% 1/16W 0402,2.7 kOhms,Resistors:R,Resistor_SMD:R_0402_1005Metric,YAGEO,RT0402FRE072K7L,https://www.digikey.es/es/products/detail/yageo/RT0402FRE072K7L/1071938,RT,,,,,2K7,±1%,0.063W,1/16W,±50ppm/°C,R0402,"0.039"" L x 0.020"" A (1.00mm x 0.50mm)","0.014"" (0.35mm)",,THIN FILM,SMD,-55°C ~ 155°C,Activo,,,AMR,22/08/2026,,,,,,,,,,,
IPN_R-????,R0402_2K87_0.063W_±1%,RES 2.87K OHM 1% 1/16W 0402,2.87 kOhms,Resistors:R,Resistor_SMD:R_0402_1005Metric,YAGEO,RT0402FRE072K87L,https://www.digikey.es/es/products/detail/yageo/RT0402FRE072K87L/1071939,RT,,,,,2K87,±1%,0.063W,1/16W,±50ppm/°C,R0402,"0.039"" L x 0.020"" A (1.00mm x 0.50mm)","0.014"" (0.35mm)",,THIN FILM,SMD,-55°C ~ 155°C,Activo,,,AMR,22/08/2026,,,,,,,,,,,
IPN_R-????,R0402_300R_0.063W_±1%,RES 300 OHM 1% 1/16W 0402,300 Ohms,Resistors:R,Resistor_SMD:R_0402_1005Metric,YAGEO,RT0402FRE07300RL,https://www.digikey.es/es/products/detail/yageo/RT0402FRE07300RL/1071943,RT,,,,,300R,±1%,0.063W,1/16W,±50ppm/°C,R0402,"0.039"" L x 0.020"" A (1.00mm x 0.50mm)","0.014"" (0.35mm)",,THIN FILM,SMD,-55°C ~ 155°C,Activo,,,AMR,22/08/2026,,,,,,,,,,,
IPN_R-????,R0402_301R_0.063W_±1%,RES 301 OHM 1% 1/16W 0402,301 Ohms,Resistors:R,Resistor_SMD:R_0402_1005Metric,YAGEO,RT0402FRE07301RL,https://www.digikey.es/es/products/detail/yageo/RT0402FRE07301RL/1071944,RT,,,,,301R,±1%,0.063W,1/16W,±50ppm/°C,R0402,"0.039"" L x 0.020"" A (1.00mm x 0.50mm)","0.014"" (0.35mm)",,THIN FILM,SMD,-55°C ~ 155°C,Activo,,,AMR,22/08/2026,,,,,,,,,,,
IPN_R-????,R0402_30K_0.063W_±1%,RES 30K OHM 1% 1/16W 0402,30 kOhms,Resistors:R,Resistor_SMD:R_0402_1005Metric,YAGEO,RT0402FRE0730KL,https://www.digikey.es/es/products/detail/yageo/RT0402FRE0730KL/1071948,RT,,,,,30K,±1%,0.063W,1/16W,±50ppm/°C,R0402,"0.039"" L x 0.020"" A (1.00mm x 0.50mm)","0.014"" (0.35mm)",,THIN FILM,SMD,-55°C ~ 155°C,Activo,,,AMR,22/08/2026,,,,,,,,,,,
IPN_R-????,R0402_30K1_0.063W_±1%,RES 30.1K OHM 1% 1/16W 0402,30.1 kOhms,Resistors:R,Resistor_SMD:R_0402_1005Metric,YAGEO,RT0402FRE0730K1L,https://www.digikey.es/es/products/detail/yageo/RT0402FRE0730K1L/1071946,RT,,,,,30K1,±1%,0.063W,1/16W,±50ppm/°C,R0402,"0.039"" L x 0.020"" A (1.00mm x 0.50mm)","0.014"" (0.35mm)",,THIN FILM,SMD,-55°C ~ 155°C,Activo,,,AMR,22/08/2026,,,,,,,,,,,
IPN_R-????,R0402_30K9_0.063W_±1%,RES 30.9K OHM 1% 1/16W 0402,30.9 kOhms,Resistors:R,Resistor_SMD:R_0402_1005Metric,YAGEO,RT0402FRE0730K9L,https://www.digikey.es/es/products/detail/yageo/RT0402FRE0730K9L/1071947,RT,,,,,30K9,±1%,0.063W,1/16W,±50ppm/°C,R0402,"0.039"" L x 0.020"" A (1.00mm x 0.50mm)","0.014"" (0.35mm)",,THIN FILM,SMD,-55°C ~ 155°C,Activo,,,AMR,22/08/2026,,,,,,,,,,,
IPN_R-????,R0402_30R1_0.063W_±1%,RES 30.1 OHM 1% 1/16W 0402,30.1 Ohms,Resistors:R,Resistor_SMD:R_0402_1005Metric,YAGEO,RT0402FRE0730R1L,https://www.digikey.es/es/products/detail/yageo/RT0402FRE0730R1L/1071949,RT,,,,,30R1,±1%,0.063W,1/16W,±50ppm/°C,R0402,"0.039"" L x 0.020"" A (1.00mm x 0.50mm)","0.014"" (0.35mm)",,THIN FILM,SMD,-55°C ~ 155°C,Activo,,,AMR,22/08/2026,,,,,,,,,,,
IPN_R-????,R0402_31K6_0.063W_±1%,RES 31.6K OHM 1% 1/16W 0402,31.6 kOhms,Resistors:R,Resistor_SMD:R_0402_1005Metric,YAGEO,RT0402FRE0731K6L,https://www.digikey.es/es/products/detail/yageo/RT0402FRE0731K6L/1071953,RT,,,,,31K6,±1%,0.063W,1/16W,±50ppm/°C,R0402,"0.039"" L x 0.020"" A (1.00mm x 0.50mm)","0.014"" (0.35mm)",,THIN FILM,SMD,-55°C ~ 155°C,Activo,,,AMR,22/08/2026,,,,,,,,,,,
IPN_R-????,R0402_32K4_0.063W_±1%,RES 32.4K OHM 1% 1/16W 0402,32.4 kOhms,Resistors:R,Resistor_SMD:R_0402_1005Metric,YAGEO,RT0402FRE0732K4L,https://www.digikey.es/es/products/detail/yageo/RT0402FRE0732K4L/1071956,RT,,,,,32K4,±1%,0.063W,1/16W,±50ppm/°C,R0402,"0.039"" L x 0.020"" A (1.00mm x 0.50mm)","0.014"" (0.35mm)",,THIN FILM,SMD,-55°C ~ 155°C,Activo,,,AMR,22/08/2026,,,,,,,,,,,
IPN_R-????,R0402_332R_0.063W_±1%,RES 332 OHM 1% 1/16W 0402,332 Ohms,Resistors:R,Resistor_SMD:R_0402_1005Metric,YAGEO,RT0402FRE07332RL,https://www.digikey.es/es/products/detail/yageo/RT0402FRE07332RL/1071959,RT,,,,,332R,±1%,0.063W,1/16W,±50ppm/°C,R0402,"0.039"" L x 0.020"" A (1.00mm x 0.50mm)","0.014"" (0.35mm)",,THIN FILM,SMD,-55°C ~ 155°C,Activo,,,AMR,22/08/2026,,,,,,,,,,,
IPN_R-????,R0402_33K_0.063W_±1%,RES 33K OHM 1% 1/16W 0402,33 kOhms,Resistors:R,Resistor_SMD:R_0402_1005Metric,YAGEO,RT0402FRE0733KL,https://www.digikey.es/es/products/detail/yageo/RT0402FRE0733KL/1071961,RT,,,,,33K,±1%,0.063W,1/16W,±50ppm/°C,R0402,"0.039"" L x 0.020"" A (1.00mm x 0.50mm)","0.014"" (0.35mm)",,THIN FILM,SMD,-55°C ~ 155°C,Activo,,,AMR,22/08/2026,,,,,,,,,,,
IPN_R-????,R0402_33K2_0.063W_±1%,RES 33.2K OHM 1% 1/16W 0402,33.2 kOhms,Resistors:R,Resistor_SMD:R_0402_1005Metric,YAGEO,RT0402FRE0733K2L,https://www.digikey.es/es/products/detail/yageo/RT0402FRE0733K2L/1071960,RT,,,,,33K2,±1%,0.063W,1/16W,±50ppm/°C,R0402,"0.039"" L x 0.020"" A (1.00mm x 0.50mm)","0.014"" (0.35mm)",,THIN FILM,SMD,-55°C ~ 155°C,Activo,,,AMR,22/08/2026,,,,,,,,,,,
IPN_R-????,R0402_33R_0.063W_±1%,RES 33 OHM 1% 1/16W 0402,33 Ohms,Resistors:R,Resistor_SMD:R_0402_1005Metric,YAGEO,RT0402FRE0733RL,https://www.digikey.es/es/products/detail/yageo/RT0402FRE0733RL/1071963,RT,,,,,33R,±1%,0.063W,1/16W,±50ppm/°C,R0402,"0.039"" L x 0.020"" A (1.00mm x 0.50mm)","0.014"" (0.35mm)",,THIN FILM,SMD,-55°C ~ 155°C,Activo,,,AMR,22/08/2026,,,,,,,,,,,
IPN_R-????,R0402_33R2_0.063W_±1%,RES 33.2 OHM 1% 1/16W 0402,33.2 Ohms,Resistors:R,Resistor_SMD:R_0402_1005Metric,YAGEO,RT0402FRE0733R2L,https://www.digikey.es/es/products/detail/yageo/RT0402FRE0733R2L/1071962,RT,,,,,33R2,±1%,0.063W,1/16W,±50ppm/°C,R0402,"0.039"" L x 0.020"" A (1.00mm x 0.50mm)","0.014"" (0.35mm)",,THIN FILM,SMD,-55°C ~ 155°C,Activo,,,AMR,22/08/2026,,,,,,,,,,,
IPN_R-????,R0402_33R2_0.063W_±1%,RES 33.2 OHM 1% 1/16W 0402,33.2 Ohms,Resistors:R,Resistor_SMD:R_0402_1005Metric,YAGEO,RP0402FRE0733R2L,https://www.digikey.es/es/products/detail/yageo/RP0402FRE0733R2L/16916551,RT,,,,,33R2,±1%,0.063W,1/16W,±50ppm/°C,R0402,"0.039"" L x 0.020"" A (1.00mm x 0.50mm)","0.014"" (0.35mm)",,THIN FILM,SMD,-55°C ~ 155°C,Activo,,,AMR,22/08/2026,,,,,,,,,,,
IPN_R-????,R0402_348R_0.063W_±1%,RES 348 OHM 1% 1/16W 0402,348 Ohms,Resistors:R,Resistor_SMD:R_0402_1005Metric,YAGEO,RT0402FRE07348RL,https://www.digikey.es/es/products/detail/yageo/RT0402FRE07348RL/1071965,RT,,,,,348R,±1%,0.063W,1/16W,±50ppm/°C,R0402,"0.039"" L x 0.020"" A (1.00mm x 0.50mm)","0.014"" (0.35mm)",,THIN FILM,SMD,-55°C ~ 155°C,Activo,,,AMR,22/08/2026,,,,,,,,,,,
IPN_R-????,R0402_34K_0.063W_±1%,RES 34K OHM 1% 1/16W 0402,34 kOhms,Resistors:R,Resistor_SMD:R_0402_1005Metric,YAGEO,RT0402FRE0734KL,https://www.digikey.es/es/products/detail/yageo/RT0402FRE0734KL/1071967,RT,,,,,34K,±1%,0.063W,1/16W,±50ppm/°C,R0402,"0.039"" L x 0.020"" A (1.00mm x 0.50mm)","0.014"" (0.35mm)",,THIN FILM,SMD,-55°C ~ 155°C,Activo,,,AMR,22/08/2026,,,,,,,,,,,
IPN_R-????,R0402_34K8_0.063W_±1%,RES 34.8K OHM 1% 1/16W 0402,34.8 kOhms,Resistors:R,Resistor_SMD:R_0402_1005Metric,YAGEO,RT0402FRE0734K8L,https://www.digikey.es/es/products/detail/yageo/RT0402FRE0734K8L/1071966,RT,,,,,34K8,±1%,0.063W,1/16W,±50ppm/°C,R0402,"0.039"" L x 0.020"" A (1.00mm x 0.50mm)","0.014"" (0.35mm)",,THIN FILM,SMD,-55°C ~ 155°C,Activo,,,AMR,22/08/2026,,,,,,,,,,,
IPN_R-????,R0402_35K7_0.063W_±1%,RES 35.7K OHM 1% 1/16W 0402,35.7 kOhms,Resistors:R,Resistor_SMD:R_0402_1005Metric,YAGEO,RT0402FRE0735K7L,https://www.digikey.es/es/products/detail/yageo/RT0402FRE0735K7L/1071971,RT,,,,,35K7,±1%,0.063W,1/16W,±50ppm/°C,R0402,"0.039"" L x 0.020"" A (1.00mm x 0.50mm)","0.014"" (0.35mm)",,THIN FILM,SMD,-55°C ~ 155°C,Activo,,,AMR,22/08/2026,,,,,,,,,,,
IPN_R-????,R0402_360R_0.063W_±1%,RES 360 OHM 1% 1/16W 0402,360 Ohms,Resistors:R,Resistor_SMD:R_0402_1005Metric,YAGEO,RT0402FRE07360RL,https://www.digikey.es/es/products/detail/yageo/RT0402FRE07360RL/1071973,RT,,,,,360R,±1%,0.063W,1/16W,±50ppm/°C,R0402,"0.039"" L x 0.020"" A (1.00mm x 0.50mm)","0.014"" (0.35mm)",,THIN FILM,SMD,-55°C ~ 155°C,Activo,,,AMR,22/08/2026,,,,,,,,,,,
IPN_R-????,R0402_36K5_0.063W_±1%,RES 36.5K OHM 1% 1/16W 0402,36.5 kOhms,Resistors:R,Resistor_SMD:R_0402_1005Metric,YAGEO,RT0402FRE0736K5L,https://www.digikey.es/es/products/detail/yageo/RT0402FRE0736K5L/1071975,RT,,,,,36K5,±1%,0.063W,1/16W,±50ppm/°C,R0402,"0.039"" L x 0.020"" A (1.00mm x 0.50mm)","0.014"" (0.35mm)",,THIN FILM,SMD,-55°C ~ 155°C,Activo,,,AMR,22/08/2026,,,,,,,,,,,
IPN_R-????,R0402_36R_0.063W_±1%,RES 36 OHM 1% 1/16W 0402,36 Ohms,Resistors:R,Resistor_SMD:R_0402_1005Metric,YAGEO,RT0402FRE0736RL,https://www.digikey.es/es/products/detail/yageo/RT0402FRE0736RL/1071978,RT,,,,,36R,±1%,0.063W,1/16W,±50ppm/°C,R0402,"0.039"" L x 0.020"" A (1.00mm x 0.50mm)","0.014"" (0.35mm)",,THIN FILM,SMD,-55°C ~ 155°C,Activo,,,AMR,22/08/2026,,,,,,,,,,,
IPN_R-????,R0402_37K4_0.063W_±1%,RES 37.4K OHM 1% 1/16W 0402,37.4 kOhms,Resistors:R,Resistor_SMD:R_0402_1005Metric,YAGEO,RT0402FRE0737K4L,https://www.digikey.es/es/products/detail/yageo/RT0402FRE0737K4L/1071980,RT,,,,,37K4,±1%,0.063W,1/16W,±50ppm/°C,R0402,"0.039"" L x 0.020"" A (1.00mm x 0.50mm)","0.014"" (0.35mm)",,THIN FILM,SMD,-55°C ~ 155°C,Activo,,,AMR,22/08/2026,,,,,,,,,,,
IPN_R-????,R0402_383R_0.063W_±1%,RES 383 OHM 1% 1/16W 0402,383 Ohms,Resistors:R,Resistor_SMD:R_0402_1005Metric,YAGEO,RT0402FRE07383RL,https://www.digikey.es/es/products/detail/yageo/RT0402FRE07383RL/1071982,RT,,,,,383R,±1%,0.063W,1/16W,±50ppm/°C,R0402,"0.039"" L x 0.020"" A (1.00mm x 0.50mm)","0.014"" (0.35mm)",,THIN FILM,SMD,-55°C ~ 155°C,Activo,,,AMR,22/08/2026,,,,,,,,,,,
IPN_R-????,R0402_38K3_0.063W_±1%,RES 38.3K OHM 1% 1/16W 0402,38.3 kOhms,Resistors:R,Resistor_SMD:R_0402_1005Metric,YAGEO,RT0402FRE0738K3L,https://www.digikey.es/es/products/detail/yageo/RT0402FRE0738K3L/1071983,RT,,,,,38K3,±1%,0.063W,1/16W,±50ppm/°C,R0402,"0.039"" L x 0.020"" A (1.00mm x 0.50mm)","0.014"" (0.35mm)",,THIN FILM,SMD,-55°C ~ 155°C,Activo,,,AMR,22/08/2026,,,,,,,,,,,
IPN_R-????,R0402_390R_0.063W_±1%,RES 390 OHM 1% 1/16W 0402,390 Ohms,Resistors:R,Resistor_SMD:R_0402_1005Metric,YAGEO,RT0402FRE07390RL,https://www.digikey.es/es/products/detail/yageo/RT0402FRE07390RL/1071985,RT,,,,,390R,±1%,0.063W,1/16W,±50ppm/°C,R0402,"0.039"" L x 0.020"" A (1.00mm x 0.50mm)","0.014"" (0.35mm)",,THIN FILM,SMD,-55°C ~ 155°C,Activo,,,AMR,22/08/2026,,,,,,,,,,,
IPN_R-????,R0402_39K_0.063W_±1%,RES 39K OHM 1% 1/16W 0402,39 kOhms,Resistors:R,Resistor_SMD:R_0402_1005Metric,YAGEO,RT0402FRE0739KL,https://www.digikey.es/es/products/detail/yageo/RT0402FRE0739KL/1071988,RT,,,,,39K,±1%,0.063W,1/16W,±50ppm/°C,R0402,"0.039"" L x 0.020"" A (1.00mm x 0.50mm)","0.014"" (0.35mm)",,THIN FILM,SMD,-55°C ~ 155°C,Activo,,,AMR,22/08/2026,,,,,,,,,,,
IPN_R-????,R0402_39K2_0.063W_±1%,RES 39.2K OHM 1% 1/16W 0402,39.2 kOhms,Resistors:R,Resistor_SMD:R_0402_1005Metric,YAGEO,RT0402FRE0739K2L,https://www.digikey.es/es/products/detail/yageo/RT0402FRE0739K2L/1071987,RT,,,,,39K2,±1%,0.063W,1/16W,±50ppm/°C,R0402,"0.039"" L x 0.020"" A (1.00mm x 0.50mm)","0.014"" (0.35mm)",,THIN FILM,SMD,-55°C ~ 155°C,Activo,,,AMR,22/08/2026,,,,,,,,,,,
IPN_R-????,R0402_39R_0.063W_±1%,RES 39 OHM 1% 1/16W 0402,39 Ohms,Resistors:R,Resistor_SMD:R_0402_1005Metric,YAGEO,RT0402FRE0739RL,https://www.digikey.es/es/products/detail/yageo/RT0402FRE0739RL/1071990,RT,,,,,39R,±1%,0.063W,1/16W,±50ppm/°C,R0402,"0.039"" L x 0.020"" A (1.00mm x 0.50mm)","0.014"" (0.35mm)",,THIN FILM,SMD,-55°C ~ 155°C,Activo,,,AMR,22/08/2026,,,,,,,,,,,
IPN_R-????,R0402_3K01_0.063W_±1%,RES 3.01K OHM 1% 1/16W 0402,3.01 kOhms,Resistors:R,Resistor_SMD:R_0402_1005Metric,YAGEO,RT0402FRE073K01L,https://www.digikey.es/es/products/detail/yageo/RT0402FRE073K01L/1071991,RT,,,,,3K01,±1%,0.063W,1/16W,±50ppm/°C,R0402,"0.039"" L x 0.020"" A (1.00mm x 0.50mm)","0.014"" (0.35mm)",,THIN FILM,SMD,-55°C ~ 155°C,Activo,,,AMR,22/08/2026,,,,,,,,,,,
IPN_R-????,R0402_3K09_0.063W_±1%,RES 3.09K OHM 1% 1/16W 0402,3.09 kOhms,Resistors:R,Resistor_SMD:R_0402_1005Metric,YAGEO,RT0402FRE073K09L,https://www.digikey.es/es/products/detail/yageo/RT0402FRE073K09L/1071992,RT,,,,,3K09,±1%,0.063W,1/16W,±50ppm/°C,R0402,"0.039"" L x 0.020"" A (1.00mm x 0.50mm)","0.014"" (0.35mm)",,THIN FILM,SMD,-55°C ~ 155°C,Activo,,,AMR,22/08/2026,,,,,,,,,,,
IPN_R-????,R0402_3K_0.063W_±1%,RES 3K OHM 1% 1/16W 0402,3 kOhms,Resistors:R,Resistor_SMD:R_0402_1005Metric,YAGEO,RT0402FRE073KL,https://www.digikey.es/es/products/detail/yageo/RT0402FRE073KL/1072006,RT,,,,,3K,±1%,0.063W,1/16W,±50ppm/°C,R0402,"0.039"" L x 0.020"" A (1.00mm x 0.50mm)","0.014"" (0.35mm)",,THIN FILM,SMD,-55°C ~ 155°C,Activo,,,AMR,22/08/2026,,,,,,,,,,,
IPN_R-????,R0402_3K16_0.063W_±1%,RES 3.16K OHM 1% 1/16W 0402,3.16 kOhms,Resistors:R,Resistor_SMD:R_0402_1005Metric,YAGEO,RT0402FRE073K16L,https://www.digikey.es/es/products/detail/yageo/RT0402FRE073K16L/1071993,RT,,,,,3K16,±1%,0.063W,1/16W,±50ppm/°C,R0402,"0.039"" L x 0.020"" A (1.00mm x 0.50mm)","0.014"" (0.35mm)",,THIN FILM,SMD,-55°C ~ 155°C,Activo,,,AMR,22/08/2026,,,,,,,,,,,
IPN_R-????,R0402_3K24_0.063W_±1%,RES 3.24K OHM 1% 1/16W 0402,3.24 kOhms,Resistors:R,Resistor_SMD:R_0402_1005Metric,YAGEO,RT0402FRE073K24L,https://www.digikey.es/es/products/detail/yageo/RT0402FRE073K24L/1071994,RT,,,,,3K24,±1%,0.063W,1/16W,±50ppm/°C,R0402,"0.039"" L x 0.020"" A (1.00mm x 0.50mm)","0.014"" (0.35mm)",,THIN FILM,SMD,-55°C ~ 155°C,Activo,,,AMR,22/08/2026,,,,,,,,,,,
IPN_R-????,R0402_3K32_0.063W_±1%,RES 3.32K OHM 1% 1/16W 0402,3.32 kOhms,Resistors:R,Resistor_SMD:R_0402_1005Metric,YAGEO,RT0402FRE073K32L,https://www.digikey.es/es/products/detail/yageo/RT0402FRE073K32L/1071995,RT,,,,,3K32,±1%,0.063W,1/16W,±50ppm/°C,R0402,"0.039"" L x 0.020"" A (1.00mm x 0.50mm)","0.014"" (0.35mm)",,THIN FILM,SMD,-55°C ~ 155°C,Activo,,,AMR,22/08/2026,,,,,,,,,,,
IPN_R-????,R0402_3K3_0.063W_±1%,RES 3.3K OHM 1% 1/16W 0402,3.3 kOhms,Resistors:R,Resistor_SMD:R_0402_1005Metric,YAGEO,RT0402FRE073K3L,https://www.digikey.es/es/products/detail/yageo/RT0402FRE073K3L/1071996,RT,,,,,3K3,±1%,0.063W,1/16W,±50ppm/°C,R0402,"0.039"" L x 0.020"" A (1.00mm x 0.50mm)","0.014"" (0.35mm)",,THIN FILM,SMD,-55°C ~ 155°C,Activo,,,AMR,22/08/2026,,,,,,,,,,,
IPN_R-????,R0402_3K48_0.063W_±1%,RES 3.48K OHM 1% 1/16W 0402,3.48 kOhms,Resistors:R,Resistor_SMD:R_0402_1005Metric,YAGEO,RT0402FRE073K48L,https://www.digikey.es/es/products/detail/yageo/RT0402FRE073K48L/1071997,RT,,,,,3K48,±1%,0.063W,1/16W,±50ppm/°C,R0402,"0.039"" L x 0.020"" A (1.00mm x 0.50mm)","0.014"" (0.35mm)",,THIN FILM,SMD,-55°C ~ 155°C,Activo,,,AMR,22/08/2026,,,,,,,,,,,
IPN_R-????,R0402_3K65_0.063W_±1%,RES 3.65K OHM 1% 1/16W 0402,3.65 kOhms,Resistors:R,Resistor_SMD:R_0402_1005Metric,YAGEO,RT0402FRE073K65L,https://www.digikey.es/es/products/detail/yageo/RT0402FRE073K65L/1072000,RT,,,,,3K65,±1%,0.063W,1/16W,±50ppm/°C,R0402,"0.039"" L x 0.020"" A (1.00mm x 0.50mm)","0.014"" (0.35mm)",,THIN FILM,SMD,-55°C ~ 155°C,Activo,,,AMR,22/08/2026,,,,,,,,,,,
IPN_R-????,R0402_3K6_0.063W_±1%,RES 3.6K OHM 1% 1/16W 0402,3.6 kOhms,Resistors:R,Resistor_SMD:R_0402_1005Metric,YAGEO,RT0402FRE073K6L,https://www.digikey.es/es/products/detail/yageo/RT0402FRE073K6L/1072001,RT,,,,,3K6,±1%,0.063W,1/16W,±50ppm/°C,R0402,"0.039"" L x 0.020"" A (1.00mm x 0.50mm)","0.014"" (0.35mm)",,THIN FILM,SMD,-55°C ~ 155°C,Activo,,,AMR,22/08/2026,,,,,,,,,,,
IPN_R-????,R0402_3K74_0.063W_±1%,RES 3.74K OHM 1% 1/16W 0402,3.74 kOhms,Resistors:R,Resistor_SMD:R_0402_1005Metric,YAGEO,RT0402FRE073K74L,https://www.digikey.es/es/products/detail/yageo/RT0402FRE073K74L/1072002,RT,,,,,3K74,±1%,0.063W,1/16W,±50ppm/°C,R0402,"0.039"" L x 0.020"" A (1.00mm x 0.50mm)","0.014"" (0.35mm)",,THIN FILM,SMD,-55°C ~ 155°C,Activo,,,AMR,22/08/2026,,,,,,,,,,,
IPN_R-????,R0402_3K83_0.063W_±1%,RES 3.83K OHM 1% 1/16W 0402,3.83 kOhms,Resistors:R,Resistor_SMD:R_0402_1005Metric,YAGEO,RT0402FRE073K83L,https://www.digikey.es/es/products/detail/yageo/RT0402FRE073K83L/1072003,RT,,,,,3K83,±1%,0.063W,1/16W,±50ppm/°C,R0402,"0.039"" L x 0.020"" A (1.00mm x 0.50mm)","0.014"" (0.35mm)",,THIN FILM,SMD,-55°C ~ 155°C,Activo,,,AMR,22/08/2026,,,,,,,,,,,
IPN_R-????,R0402_3K92_0.063W_±1%,RES 3.92K OHM 1% 1/16W 0402,3.92 kOhms,Resistors:R,Resistor_SMD:R_0402_1005Metric,YAGEO,RT0402FRE073K92L,https://www.digikey.es/es/products/detail/yageo/RT0402FRE073K92L/1072004,RT,,,,,3K92,±1%,0.063W,1/16W,±50ppm/°C,R0402,"0.039"" L x 0.020"" A (1.00mm x 0.50mm)","0.014"" (0.35mm)",,THIN FILM,SMD,-55°C ~ 155°C,Activo,,,AMR,22/08/2026,,,,,,,,,,,
IPN_R-????,R0402_3K9_0.063W_±1%,RES 3.9K OHM 1% 1/16W 0402,3.9 kOhms,Resistors:R,Resistor_SMD:R_0402_1005Metric,YAGEO,RT0402FRE073K9L,https://www.digikey.es/es/products/detail/yageo/RT0402FRE073K9L/1072005,RT,,,,,3K9,±1%,0.063W,1/16W,±50ppm/°C,R0402,"0.039"" L x 0.020"" A (1.00mm x 0.50mm)","0.014"" (0.35mm)",,THIN FILM,SMD,-55°C ~ 155°C,Activo,,,AMR,22/08/2026,,,,,,,,,,,
IPN_R-????,R0402_402R_0.063W_±1%,RES 402 OHM 1% 1/16W 0402,402 Ohms,Resistors:R,Resistor_SMD:R_0402_1005Metric,YAGEO,RT0402FRE07402RL,https://www.digikey.es/es/products/detail/yageo/RT0402FRE07402RL/1072007,RT,,,,,402R,±1%,0.063W,1/16W,±50ppm/°C,R0402,"0.039"" L x 0.020"" A (1.00mm x 0.50mm)","0.014"" (0.35mm)",,THIN FILM,SMD,-55°C ~ 155°C,Activo,,,AMR,22/08/2026,,,,,,,,,,,
IPN_R-????,R0402_40K2_0.063W_±1%,RES 40.2K OHM 1% 1/16W 0402,40.2 kOhms,Resistors:R,Resistor_SMD:R_0402_1005Metric,YAGEO,RT0402FRE0740K2L,https://www.digikey.es/es/products/detail/yageo/RT0402FRE0740K2L/1072008,RT,,,,,40K2,±1%,0.063W,1/16W,±50ppm/°C,R0402,"0.039"" L x 0.020"" A (1.00mm x 0.50mm)","0.014"" (0.35mm)",,THIN FILM,SMD,-55°C ~ 155°C,Activo,,,AMR,22/08/2026,,,,,,,,,,,
IPN_R-????,R0402_40R2_0.063W_±1%,RES 40.2 OHM 1% 1/16W 0402,40.2 Ohms,Resistors:R,Resistor_SMD:R_0402_1005Metric,YAGEO,RT0402FRE0740R2L,https://www.digikey.es/es/products/detail/yageo/RT0402FRE0740R2L/1072009,RT,,,,,40R2,±1%,0.063W,1/16W,±50ppm/°C,R0402,"0.039"" L x 0.020"" A (1.00mm x 0.50mm)","0.014"" (0.35mm)",,THIN FILM,SMD,-55°C ~ 155°C,Activo,,,AMR,22/08/2026,,,,,,,,,,,
IPN_R-????,R0402_41K2_0.063W_±1%,RES 41.2K OHM 1% 1/16W 0402,41.2 kOhms,Resistors:R,Resistor_SMD:R_0402_1005Metric,YAGEO,RT0402FRE0741K2L,https://www.digikey.es/es/products/detail/yageo/RT0402FRE0741K2L/1072011,RT,,,,,41K2,±1%,0.063W,1/16W,±50ppm/°C,R0402,"0.039"" L x 0.020"" A (1.00mm x 0.50mm)","0.014"" (0.35mm)",,THIN FILM,SMD,-55°C ~ 155°C,Activo,,,AMR,22/08/2026,,,,,,,,,,,
IPN_R-????,R0402_422R_0.063W_±1%,RES 422 OHM 1% 1/16W 0402,422 Ohms,Resistors:R,Resistor_SMD:R_0402_1005Metric,YAGEO,RT0402FRE07422RL,https://www.digikey.es/es/products/detail/yageo/RT0402FRE07422RL/1072013,RT,,,,,422R,±1%,0.063W,1/16W,±50ppm/°C,R0402,"0.039"" L x 0.020"" A (1.00mm x 0.50mm)","0.014"" (0.35mm)",,THIN FILM,SMD,-55°C ~ 155°C,Activo,,,AMR,22/08/2026,,,,,,,,,,,
IPN_R-????,R0402_42K2_0.063W_±1%,RES 42.2K OHM 1% 1/16W 0402,42.2 kOhms,Resistors:R,Resistor_SMD:R_0402_1005Metric,YAGEO,RT0402FRE0742K2L,https://www.digikey.es/es/products/detail/yageo/RT0402FRE0742K2L/1072014,RT,,,,,42K2,±1%,0.063W,1/16W,±50ppm/°C,R0402,"0.039"" L x 0.020"" A (1.00mm x 0.50mm)","0.014"" (0.35mm)",,THIN FILM,SMD,-55°C ~ 155°C,Activo,,,AMR,22/08/2026,,,,,,,,,,,
IPN_R-????,R0402_430R_0.063W_±1%,RES 430 OHM 1% 1/16W 0402,430 Ohms,Resistors:R,Resistor_SMD:R_0402_1005Metric,YAGEO,RT0402FRE07430RL,https://www.digikey.es/es/products/detail/yageo/RT0402FRE07430RL/1072016,RT,,,,,430R,±1%,0.063W,1/16W,±50ppm/°C,R0402,"0.039"" L x 0.020"" A (1.00mm x 0.50mm)","0.014"" (0.35mm)",,THIN FILM,SMD,-55°C ~ 155°C,Activo,,,AMR,22/08/2026,,,,,,,,,,,
IPN_R-????,R0402_43K_0.063W_±1%,RES 43K OHM 1% 1/16W 0402,43 kOhms,Resistors:R,Resistor_SMD:R_0402_1005Metric,YAGEO,RT0402FRE0743KL,https://www.digikey.es/es/products/detail/yageo/RT0402FRE0743KL/1072019,RT,,,,,43K,±1%,0.063W,1/16W,±50ppm/°C,R0402,"0.039"" L x 0.020"" A (1.00mm x 0.50mm)","0.014"" (0.35mm)",,THIN FILM,SMD,-55°C ~ 155°C,Activo,,,AMR,22/08/2026,,,,,,,,,,,
IPN_R-????,R0402_43K2_0.063W_±1%,RES 43.2K OHM 1% 1/16W 0402,43.2 kOhms,Resistors:R,Resistor_SMD:R_0402_1005Metric,YAGEO,RT0402FRE0743K2L,https://www.digikey.es/es/products/detail/yageo/RT0402FRE0743K2L/1072018,RT,,,,,43K2,±1%,0.063W,1/16W,±50ppm/°C,R0402,"0.039"" L x 0.020"" A (1.00mm x 0.50mm)","0.014"" (0.35mm)",,THIN FILM,SMD,-55°C ~ 155°C,Activo,,,AMR,22/08/2026,,,,,,,,,,,
IPN_R-????,R0402_43R_0.063W_±1%,RES 43 OHM 1% 1/16W 0402,43 Ohms,Resistors:R,Resistor_SMD:R_0402_1005Metric,YAGEO,RT0402FRE0743RL,https://www.digikey.es/es/products/detail/yageo/RT0402FRE0743RL/1072021,RT,,,,,43R,±1%,0.063W,1/16W,±50ppm/°C,R0402,"0.039"" L x 0.020"" A (1.00mm x 0.50mm)","0.014"" (0.35mm)",,THIN FILM,SMD,-55°C ~ 155°C,Activo,,,AMR,22/08/2026,,,,,,,,,,,
IPN_R-????,R0402_442R_0.063W_±1%,RES 442 OHM 1% 1/16W 0402,442 Ohms,Resistors:R,Resistor_SMD:R_0402_1005Metric,YAGEO,RT0402FRE07442RL,https://www.digikey.es/es/products/detail/yageo/RT0402FRE07442RL/1072022,RT,,,,,442R,±1%,0.063W,1/16W,±50ppm/°C,R0402,"0.039"" L x 0.020"" A (1.00mm x 0.50mm)","0.014"" (0.35mm)",,THIN FILM,SMD,-55°C ~ 155°C,Activo,,,AMR,22/08/2026,,,,,,,,,,,
IPN_R-????,R0402_44K2_0.063W_±1%,RES 44.2K OHM 1% 1/16W 0402,44.2 kOhms,Resistors:R,Resistor_SMD:R_0402_1005Metric,YAGEO,RT0402FRE0744K2L,https://www.digikey.es/es/products/detail/yageo/RT0402FRE0744K2L/1072023,RT,,,,,44K2,±1%,0.063W,1/16W,±50ppm/°C,R0402,"0.039"" L x 0.020"" A (1.00mm x 0.50mm)","0.014"" (0.35mm)",,THIN FILM,SMD,-55°C ~ 155°C,Activo,,,AMR,22/08/2026,,,,,,,,,,,
IPN_R-????,R0402_453R_0.063W_±1%,RES 453 OHM 1% 1/16W 0402,453 Ohms,Resistors:R,Resistor_SMD:R_0402_1005Metric,YAGEO,RT0402FRE07453RL,https://www.digikey.es/es/products/detail/yageo/RT0402FRE07453RL/1072025,RT,,,,,453R,±1%,0.063W,1/16W,±50ppm/°C,R0402,"0.039"" L x 0.020"" A (1.00mm x 0.50mm)","0.014"" (0.35mm)",,THIN FILM,SMD,-55°C ~ 155°C,Activo,,,AMR,22/08/2026,,,,,,,,,,,
IPN_R-????,R0402_464R_0.063W_±1%,RES 464 OHM 1% 1/16W 0402,464 Ohms,Resistors:R,Resistor_SMD:R_0402_1005Metric,YAGEO,RT0402FRE07464RL,https://www.digikey.es/es/products/detail/yageo/RT0402FRE07464RL/1072028,RT,,,,,464R,±1%,0.063W,1/16W,±50ppm/°C,R0402,"0.039"" L x 0.020"" A (1.00mm x 0.50mm)","0.014"" (0.35mm)",,THIN FILM,SMD,-55°C ~ 155°C,Activo,,,AMR,22/08/2026,,,,,,,,,,,
IPN_R-????,R0402_46K4_0.063W_±1%,RES 46.4K OHM 1% 1/16W 0402,46.4 kOhms,Resistors:R,Resistor_SMD:R_0402_1005Metric,YAGEO,RT0402FRE0746K4L,https://www.digikey.es/es/products/detail/yageo/RT0402FRE0746K4L/1072029,RT,,,,,46K4,±1%,0.063W,1/16W,±50ppm/°C,R0402,"0.039"" L x 0.020"" A (1.00mm x 0.50mm)","0.014"" (0.35mm)",,THIN FILM,SMD,-55°C ~ 155°C,Activo,,,AMR,22/08/2026,,,,,,,,,,,
IPN_R-????,R0402_470R_0.063W_±1%,RES 470 OHM 1% 1/16W 0402,470 Ohms,Resistors:R,Resistor_SMD:R_0402_1005Metric,YAGEO,RT0402FRE07470RL,https://www.digikey.es/es/products/detail/yageo/RT0402FRE07470RL/1072031,RT,,,,,470R,±1%,0.063W,1/16W,±50ppm/°C,R0402,"0.039"" L x 0.020"" A (1.00mm x 0.50mm)","0.014"" (0.35mm)",,THIN FILM,SMD,-55°C ~ 155°C,Activo,,,AMR,22/08/2026,,,,,,,,,,,
IPN_R-????,R0402_475R_0.063W_±1%,RES 475 OHM 1% 1/16W 0402,475 Ohms,Resistors:R,Resistor_SMD:R_0402_1005Metric,YAGEO,RT0402FRE07475RL,https://www.digikey.es/es/products/detail/yageo/RT0402FRE07475RL/1072032,RT,,,,,475R,±1%,0.063W,1/16W,±50ppm/°C,R0402,"0.039"" L x 0.020"" A (1.00mm x 0.50mm)","0.014"" (0.35mm)",,THIN FILM,SMD,-55°C ~ 155°C,Activo,,,AMR,22/08/2026,,,,,,,,,,,
IPN_R-????,R0402_47K_0.063W_±1%,RES 47K OHM 1% 1/16W 0402,47 kOhms,Resistors:R,Resistor_SMD:R_0402_1005Metric,YAGEO,RT0402FRE0747KL,https://www.digikey.es/es/products/detail/yageo/RT0402FRE0747KL/1072034,RT,,,,,47K,±1%,0.063W,1/16W,±50ppm/°C,R0402,"0.039"" L x 0.020"" A (1.00mm x 0.50mm)","0.014"" (0.35mm)",,THIN FILM,SMD,-55°C ~ 155°C,Activo,,,AMR,22/08/2026,,,,,,,,,,,
IPN_R-????,R0402_47K_0.063W_±1%,RES 47K OHM 1% 1/16W 0402,47 kOhms,Resistors:R,Resistor_SMD:R_0402_1005Metric,YAGEO,AT0402FRE0747KL,https://www.digikey.es/es/products/detail/yageo/AT0402FRE0747KL/16992415,RT,,,,,47K,±1%,0.063W,1/16W,±50ppm/°C,R0402,"0.039"" L x 0.020"" A (1.00mm x 0.50mm)","0.014"" (0.35mm)",,THIN FILM,SMD,-55°C ~ 155°C,Activo,,,AMR,22/08/2026,,,,,,,,,,,
IPN_R-????,R0402_47K5_0.063W_±1%,RES 47.5K OHM 1% 1/16W 0402,47.5 kOhms,Resistors:R,Resistor_SMD:R_0402_1005Metric,YAGEO,RT0402FRE0747K5L,https://www.digikey.es/es/products/detail/yageo/RT0402FRE0747K5L/1072033,RT,,,,,47K5,±1%,0.063W,1/16W,±50ppm/°C,R0402,"0.039"" L x 0.020"" A (1.00mm x 0.50mm)","0.014"" (0.35mm)",,THIN FILM,SMD,-55°C ~ 155°C,Activo,,,AMR,22/08/2026,,,,,,,,,,,
IPN_R-????,R0402_47R_0.063W_±1%,RES 47 OHM 1% 1/16W 0402,47 Ohms,Resistors:R,Resistor_SMD:R_0402_1005Metric,YAGEO,RT0402FRE0747RL,https://www.digikey.es/es/products/detail/yageo/RT0402FRE0747RL/1072036,RT,,,,,47R,±1%,0.063W,1/16W,±50ppm/°C,R0402,"0.039"" L x 0.020"" A (1.00mm x 0.50mm)","0.014"" (0.35mm)",,THIN FILM,SMD,-55°C ~ 155°C,Activo,,,AMR,22/08/2026,,,,,,,,,,,
IPN_R-????,R0402_47R5_0.063W_±1%,RES 47.5 OHM 1% 1/16W 0402,47.5 Ohms,Resistors:R,Resistor_SMD:R_0402_1005Metric,YAGEO,RT0402FRE0747R5L,https://www.digikey.es/es/products/detail/yageo/RT0402FRE0747R5L/1072035,RT,,,,,47R5,±1%,0.063W,1/16W,±50ppm/°C,R0402,"0.039"" L x 0.020"" A (1.00mm x 0.50mm)","0.014"" (0.35mm)",,THIN FILM,SMD,-55°C ~ 155°C,Activo,,,AMR,22/08/2026,,,,,,,,,,,
IPN_R-????,R0402_48K7_0.063W_±1%,RES 48.7K OHM 1% 1/16W 0402,48.7 kOhms,Resistors:R,Resistor_SMD:R_0402_1005Metric,YAGEO,RT0402FRE0748K7L,https://www.digikey.es/es/products/detail/yageo/RT0402FRE0748K7L/1072038,RT,,,,,48K7,±1%,0.063W,1/16W,±50ppm/°C,R0402,"0.039"" L x 0.020"" A (1.00mm x 0.50mm)","0.014"" (0.35mm)",,THIN FILM,SMD,-55°C ~ 155°C,Activo,,,AMR,22/08/2026,,,,,,,,,,,
IPN_R-????,R0402_499R_0.063W_±1%,RES 499 OHM 1% 1/16W 0402,499 Ohms,Resistors:R,Resistor_SMD:R_0402_1005Metric,YAGEO,RT0402FRE07499RL,https://www.digikey.es/es/products/detail/yageo/RT0402FRE07499RL/1072040,RT,,,,,499R,±1%,0.063W,1/16W,±50ppm/°C,R0402,"0.039"" L x 0.020"" A (1.00mm x 0.50mm)","0.014"" (0.35mm)",,THIN FILM,SMD,-55°C ~ 155°C,Activo,,,AMR,22/08/2026,,,,,,,,,,,
IPN_R-????,R0402_49K9_0.063W_±1%,RES 49.9K OHM 1% 1/16W 0402,49.9 kOhms,Resistors:R,Resistor_SMD:R_0402_1005Metric,YAGEO,RT0402FRE0749K9L,https://www.digikey.es/es/products/detail/yageo/RT0402FRE0749K9L/1072041,RT,,,,,49K9,±1%,0.063W,1/16W,±50ppm/°C,R0402,"0.039"" L x 0.020"" A (1.00mm x 0.50mm)","0.014"" (0.35mm)",,THIN FILM,SMD,-55°C ~ 155°C,Activo,,,AMR,22/08/2026,,,,,,,,,,,
IPN_R-????,R0402_49R9_0.063W_±1%,RES 49.9 OHM 1% 1/16W 0402,49.9 Ohms,Resistors:R,Resistor_SMD:R_0402_1005Metric,YAGEO,RT0402FRE0749R9L,https://www.digikey.es/es/products/detail/yageo/RT0402FRE0749R9L/1072042,RT,,,,,49R9,±1%,0.063W,1/16W,±50ppm/°C,R0402,"0.039"" L x 0.020"" A (1.00mm x 0.50mm)","0.014"" (0.35mm)",,THIN FILM,SMD,-55°C ~ 155°C,Activo,,,AMR,22/08/2026,,,,,,,,,,,
IPN_R-????,R0402_4K02_0.063W_±1%,RES 4.02K OHM 1% 1/16W 0402,4.02 kOhms,Resistors:R,Resistor_SMD:R_0402_1005Metric,YAGEO,RT0402FRE074K02L,https://www.digikey.es/es/products/detail/yageo/RT0402FRE074K02L/1072043,RT,,,,,4K02,±1%,0.063W,1/16W,±50ppm/°C,R0402,"0.039"" L x 0.020"" A (1.00mm x 0.50mm)","0.014"" (0.35mm)",,THIN FILM,SMD,-55°C ~ 155°C,Activo,,,AMR,22/08/2026,,,,,,,,,,,
IPN_R-????,R0402_4K12_0.063W_±1%,RES 4.12K OHM 1% 1/16W 0402,4.12 kOhms,Resistors:R,Resistor_SMD:R_0402_1005Metric,YAGEO,RT0402FRE074K12L,https://www.digikey.es/es/products/detail/yageo/RT0402FRE074K12L/1072044,RT,,,,,4K12,±1%,0.063W,1/16W,±50ppm/°C,R0402,"0.039"" L x 0.020"" A (1.00mm x 0.50mm)","0.014"" (0.35mm)",,THIN FILM,SMD,-55°C ~ 155°C,Activo,,,AMR,22/08/2026,,,,,,,,,,,
IPN_R-????,R0402_4K22_0.063W_±1%,RES 4.22K OHM 1% 1/16W 0402,4.22 kOhms,Resistors:R,Resistor_SMD:R_0402_1005Metric,YAGEO,RT0402FRE074K22L,https://www.digikey.es/es/products/detail/yageo/RT0402FRE074K22L/1072045,RT,,,,,4K22,±1%,0.063W,1/16W,±50ppm/°C,R0402,"0.039"" L x 0.020"" A (1.00mm x 0.50mm)","0.014"" (0.35mm)",,THIN FILM,SMD,-55°C ~ 155°C,Activo,,,AMR,22/08/2026,,,,,,,,,,,
IPN_R-????,R0402_4K32_0.063W_±1%,RES 4.32K OHM 1% 1/16W 0402,4.32 kOhms,Resistors:R,Resistor_SMD:R_0402_1005Metric,YAGEO,RT0402FRE074K32L,https://www.digikey.es/es/products/detail/yageo/RT0402FRE074K32L/1072046,RT,,,,,4K32,±1%,0.063W,1/16W,±50ppm/°C,R0402,"0.039"" L x 0.020"" A (1.00mm x 0.50mm)","0.014"" (0.35mm)",,THIN FILM,SMD,-55°C ~ 155°C,Activo,,,AMR,22/08/2026,,,,,,,,,,,
IPN_R-????,R0402_4K3_0.063W_±1%,RES 4.3K OHM 1% 1/16W 0402,4.3 kOhms,Resistors:R,Resistor_SMD:R_0402_1005Metric,YAGEO,RT0402FRE074K3L,https://www.digikey.es/es/products/detail/yageo/RT0402FRE074K3L/1072047,RT,,,,,4K3,±1%,0.063W,1/16W,±50ppm/°C,R0402,"0.039"" L x 0.020"" A (1.00mm x 0.50mm)","0.014"" (0.35mm)",,THIN FILM,SMD,-55°C ~ 155°C,Activo,,,AMR,22/08/2026,,,,,,,,,,,
IPN_R-????,R0402_4K42_0.063W_±1%,RES 4.42K OHM 1% 1/16W 0402,4.42 kOhms,Resistors:R,Resistor_SMD:R_0402_1005Metric,YAGEO,RT0402FRE074K42L,https://www.digikey.es/es/products/detail/yageo/RT0402FRE074K42L/1072048,RT,,,,,4K42,±1%,0.063W,1/16W,±50ppm/°C,R0402,"0.039"" L x 0.020"" A (1.00mm x 0.50mm)","0.014"" (0.35mm)",,THIN FILM,SMD,-55°C ~ 155°C,Activo,,,AMR,22/08/2026,,,,,,,,,,,
IPN_R-????,R0402_4K53_0.063W_±1%,RES 4.53K OHM 1% 1/16W 0402,4.53 kOhms,Resistors:R,Resistor_SMD:R_0402_1005Metric,YAGEO,RT0402FRE074K53L,https://www.digikey.es/es/products/detail/yageo/RT0402FRE074K53L/1072049,RT,,,,,4K53,±1%,0.063W,1/16W,±50ppm/°C,R0402,"0.039"" L x 0.020"" A (1.00mm x 0.50mm)","0.014"" (0.35mm)",,THIN FILM,SMD,-55°C ~ 155°C,Activo,,,AMR,22/08/2026,,,,,,,,,,,
IPN_R-????,R0402_4K64_0.063W_±1%,RES 4.64K OHM 1% 1/16W 0402,4.64 kOhms,Resistors:R,Resistor_SMD:R_0402_1005Metric,YAGEO,RT0402FRE074K64L,https://www.digikey.es/es/products/detail/yageo/RT0402FRE074K64L/1072050,RT,,,,,4K64,±1%,0.063W,1/16W,±50ppm/°C,R0402,"0.039"" L x 0.020"" A (1.00mm x 0.50mm)","0.014"" (0.35mm)",,THIN FILM,SMD,-55°C ~ 155°C,Activo,,,AMR,22/08/2026,,,,,,,,,,,
IPN_R-????,R0402_4K75_0.063W_±1%,RES 4.75K OHM 1% 1/16W 0402,4.75 kOhms,Resistors:R,Resistor_SMD:R_0402_1005Metric,YAGEO,RT0402FRE074K75L,https://www.digikey.es/es/products/detail/yageo/RT0402FRE074K75L/1072051,RT,,,,,4K75,±1%,0.063W,1/16W,±50ppm/°C,R0402,"0.039"" L x 0.020"" A (1.00mm x 0.50mm)","0.014"" (0.35mm)",,THIN FILM,SMD,-55°C ~ 155°C,Activo,,,AMR,22/08/2026,,,,,,,,,,,
IPN_R-????,R0402_4K7_0.063W_±1%,RES 4.7K OHM 1% 1/16W 0402,4.7 kOhms,Resistors:R,Resistor_SMD:R_0402_1005Metric,YAGEO,RT0402FRE074K7L,https://www.digikey.es/es/products/detail/yageo/RT0402FRE074K7L/1072052,RT,,,,,4K7,±1%,0.063W,1/16W,±50ppm/°C,R0402,"0.039"" L x 0.020"" A (1.00mm x 0.50mm)","0.014"" (0.35mm)",,THIN FILM,SMD,-55°C ~ 155°C,Activo,,,AMR,22/08/2026,,,,,,,,,,,
IPN_R-????,R0402_4K87_0.063W_±1%,RES 4.87K OHM 1% 1/16W 0402,4.87 kOhms,Resistors:R,Resistor_SMD:R_0402_1005Metric,YAGEO,RT0402FRE074K87L,https://www.digikey.es/es/products/detail/yageo/RT0402FRE074K87L/1072053,RT,,,,,4K87,±1%,0.063W,1/16W,±50ppm/°C,R0402,"0.039"" L x 0.020"" A (1.00mm x 0.50mm)","0.014"" (0.35mm)",,THIN FILM,SMD,-55°C ~ 155°C,Activo,,,AMR,22/08/2026,,,,,,,,,,,
IPN_R-????,R0402_4K99_0.063W_±1%,RES 4.99K OHM 1% 1/16W 0402,4.99 kOhms,Resistors:R,Resistor_SMD:R_0402_1005Metric,YAGEO,RT0402FRE074K99L,https://www.digikey.es/es/products/detail/yageo/RT0402FRE074K99L/1072054,RT,,,,,4K99,±1%,0.063W,1/16W,±50ppm/°C,R0402,"0.039"" L x 0.020"" A (1.00mm x 0.50mm)","0.014"" (0.35mm)",,THIN FILM,SMD,-55°C ~ 155°C,Activo,,,AMR,22/08/2026,,,,,,,,,,,
IPN_R-????,R0402_4R7_0.063W_±1%,RES 4.7 OHM 1% 1/16W 0402,4.7 Ohms,Resistors:R,Resistor_SMD:R_0402_1005Metric,YAGEO,RT0402FRD074R7L,https://www.digikey.es/es/products/detail/yageo/RT0402FRD074R7L/5926647,RT,,,,,4R7,±1%,0.063W,1/16W,±25ppm/°C,R0402,"0.039"" L x 0.020"" A (1.00mm x 0.50mm)","0.014"" (0.35mm)",,THIN FILM,SMD,-55°C ~ 155°C,Activo,,,AMR,22/08/2026,,,,,,,,,,,
IPN_R-????,R0402_4R99_0.063W_±1%,RES 4.99 OHM 1% 1/16W 0402,4.99 Ohms,Resistors:R,Resistor_SMD:R_0402_1005Metric,YAGEO,RT0402FRD074R99L,https://www.digikey.es/es/products/detail/yageo/RT0402FRD074R99L/5926649,RT,,,,,4R99,±1%,0.063W,1/16W,±25ppm/°C,R0402,"0.039"" L x 0.020"" A (1.00mm x 0.50mm)","0.014"" (0.35mm)",,THIN FILM,SMD,-55°C ~ 155°C,Activo,,,AMR,22/08/2026,,,,,,,,,,,
IPN_R-????,R0402_500R_0.063W_±1%,RES 500 OHM 1% 1/16W 0402,500 Ohms,Resistors:R,Resistor_SMD:R_0402_1005Metric,YAGEO,RT0402FRE07500RL,https://www.digikey.es/es/products/detail/yageo/RT0402FRE07500RL/17011324,RT,,,,,500R,±1%,0.063W,1/16W,±50ppm/°C,R0402,"0.039"" L x 0.020"" A (1.00mm x 0.50mm)","0.014"" (0.35mm)",,THIN FILM,SMD,-55°C ~ 155°C,Activo,,,AMR,22/08/2026,,,,,,,,,,,
IPN_R-????,R0402_510R_0.063W_±1%,RES 510 OHM 1% 1/16W 0402,510 Ohms,Resistors:R,Resistor_SMD:R_0402_1005Metric,YAGEO,RT0402FRE07510RL,https://www.digikey.es/es/products/detail/yageo/RT0402FRE07510RL/1072055,RT,,,,,510R,±1%,0.063W,1/16W,±50ppm/°C,R0402,"0.039"" L x 0.020"" A (1.00mm x 0.50mm)","0.014"" (0.35mm)",,THIN FILM,SMD,-55°C ~ 155°C,Activo,,,AMR,22/08/2026,,,,,,,,,,,
IPN_R-????,R0402_511R_0.063W_±1%,RES 511 OHM 1% 1/16W 0402,511 Ohms,Resistors:R,Resistor_SMD:R_0402_1005Metric,YAGEO,RT0402FRE07511RL,https://www.digikey.es/es/products/detail/yageo/RT0402FRE07511RL/1072056,RT,,,,,511R,±1%,0.063W,1/16W,±50ppm/°C,R0402,"0.039"" L x 0.020"" A (1.00mm x 0.50mm)","0.014"" (0.35mm)",,THIN FILM,SMD,-55°C ~ 155°C,Activo,,,AMR,22/08/2026,,,,,,,,,,,
IPN_R-????,R0402_51K_0.063W_±1%,RES 51K OHM 1% 1/16W 0402,51 kOhms,Resistors:R,Resistor_SMD:R_0402_1005Metric,YAGEO,RT0402FRE0751KL,https://www.digikey.es/es/products/detail/yageo/RT0402FRE0751KL/1072058,RT,,,,,51K,±1%,0.063W,1/16W,±50ppm/°C,R0402,"0.039"" L x 0.020"" A (1.00mm x 0.50mm)","0.014"" (0.35mm)",,THIN FILM,SMD,-55°C ~ 155°C,Activo,,,AMR,22/08/2026,,,,,,,,,,,
IPN_R-????,R0402_51K1_0.063W_±1%,RES 51.1K OHM 1% 1/16W 0402,51.1 kOhms,Resistors:R,Resistor_SMD:R_0402_1005Metric,YAGEO,RT0402FRE0751K1L,https://www.digikey.es/es/products/detail/yageo/RT0402FRE0751K1L/1072057,RT,,,,,51K1,±1%,0.063W,1/16W,±50ppm/°C,R0402,"0.039"" L x 0.020"" A (1.00mm x 0.50mm)","0.014"" (0.35mm)",,THIN FILM,SMD,-55°C ~ 155°C,Activo,,,AMR,22/08/2026,,,,,,,,,,,
IPN_R-????,R0402_51R1_0.063W_±1%,RES 51.1 OHM 1% 1/16W 0402,51.1 Ohms,Resistors:R,Resistor_SMD:R_0402_1005Metric,YAGEO,RT0402FRE0751R1L,https://www.digikey.es/es/products/detail/yageo/RT0402FRE0751R1L/1072059,RT,,,,,51R1,±1%,0.063W,1/16W,±50ppm/°C,R0402,"0.039"" L x 0.020"" A (1.00mm x 0.50mm)","0.014"" (0.35mm)",,THIN FILM,SMD,-55°C ~ 155°C,Activo,,,AMR,22/08/2026,,,,,,,,,,,
IPN_R-????,R0402_52K3_0.063W_±1%,RES 52.3K OHM 1% 1/16W 0402,52.3 kOhms,Resistors:R,Resistor_SMD:R_0402_1005Metric,YAGEO,RT0402FRE0752K3L,https://www.digikey.es/es/products/detail/yageo/RT0402FRE0752K3L/1072062,RT,,,,,52K3,±1%,0.063W,1/16W,±50ppm/°C,R0402,"0.039"" L x 0.020"" A (1.00mm x 0.50mm)","0.014"" (0.35mm)",,THIN FILM,SMD,-55°C ~ 155°C,Activo,,,AMR,22/08/2026,,,,,,,,,,,
IPN_R-????,R0402_536R_0.063W_±1%,RES 536 OHM 1% 1/16W 0402,536 Ohms,Resistors:R,Resistor_SMD:R_0402_1005Metric,YAGEO,RT0402FRE07536RL,https://www.digikey.es/es/products/detail/yageo/RT0402FRE07536RL/1072064,RT,,,,,536R,±1%,0.063W,1/16W,±50ppm/°C,R0402,"0.039"" L x 0.020"" A (1.00mm x 0.50mm)","0.014"" (0.35mm)",,THIN FILM,SMD,-55°C ~ 155°C,Activo,,,AMR,22/08/2026,,,,,,,,,,,
IPN_R-????,R0402_53K6_0.063W_±1%,RES 53.6K OHM 1% 1/16W 0402,53.6 kOhms,Resistors:R,Resistor_SMD:R_0402_1005Metric,YAGEO,RT0402FRE0753K6L,https://www.digikey.es/es/products/detail/yageo/RT0402FRE0753K6L/1072065,RT,,,,,53K6,±1%,0.063W,1/16W,±50ppm/°C,R0402,"0.039"" L x 0.020"" A (1.00mm x 0.50mm)","0.014"" (0.35mm)",,THIN FILM,SMD,-55°C ~ 155°C,Activo,,,AMR,22/08/2026,,,,,,,,,,,
IPN_R-????,R0402_53R6_0.063W_±1%,RES 53.6 OHM 1% 1/16W 0402,53.6 Ohms,Resistors:R,Resistor_SMD:R_0402_1005Metric,YAGEO,RT0402FRE0753R6L,https://www.digikey.es/es/products/detail/yageo/RT0402FRE0753R6L/1072066,RT,,,,,53R6,±1%,0.063W,1/16W,±50ppm/°C,R0402,"0.039"" L x 0.020"" A (1.00mm x 0.50mm)","0.014"" (0.35mm)",,THIN FILM,SMD,-55°C ~ 155°C,Activo,,,AMR,22/08/2026,,,,,,,,,,,
IPN_R-????,R0402_54K9_0.063W_±1%,RES 54.9K OHM 1% 1/16W 0402,54.9 kOhms,Resistors:R,Resistor_SMD:R_0402_1005Metric,YAGEO,RT0402FRE0754K9L,https://www.digikey.es/es/products/detail/yageo/RT0402FRE0754K9L/1072068,RT,,,,,54K9,±1%,0.063W,1/16W,±50ppm/°C,R0402,"0.039"" L x 0.020"" A (1.00mm x 0.50mm)","0.014"" (0.35mm)",,THIN FILM,SMD,-55°C ~ 155°C,Activo,,,AMR,22/08/2026,,,,,,,,,,,
IPN_R-????,R0402_560R_0.063W_±1%,RES 560 OHM 1% 1/16W 0402,560 Ohms,Resistors:R,Resistor_SMD:R_0402_1005Metric,YAGEO,RT0402FRE07560RL,https://www.digikey.es/es/products/detail/yageo/RT0402FRE07560RL/1072070,RT,,,,,560R,±1%,0.063W,1/16W,±50ppm/°C,R0402,"0.039"" L x 0.020"" A (1.00mm x 0.50mm)","0.014"" (0.35mm)",,THIN FILM,SMD,-55°C ~ 155°C,Activo,,,AMR,22/08/2026,,,,,,,,,,,
IPN_R-????,R0402_562R_0.063W_±1%,RES 562 OHM 1% 1/16W 0402,562 Ohms,Resistors:R,Resistor_SMD:R_0402_1005Metric,YAGEO,RT0402FRE07562RL,https://www.digikey.es/es/products/detail/yageo/RT0402FRE07562RL/1072071,RT,,,,,562R,±1%,0.063W,1/16W,±50ppm/°C,R0402,"0.039"" L x 0.020"" A (1.00mm x 0.50mm)","0.014"" (0.35mm)",,THIN FILM,SMD,-55°C ~ 155°C,Activo,,,AMR,22/08/2026,,,,,,,,,,,
IPN_R-????,R0402_56K_0.063W_±1%,RES 56K OHM 1% 1/16W 0402,56 kOhms,Resistors:R,Resistor_SMD:R_0402_1005Metric,YAGEO,RT0402FRE0756KL,https://www.digikey.es/es/products/detail/yageo/RT0402FRE0756KL/1072073,RT,,,,,56K,±1%,0.063W,1/16W,±50ppm/°C,R0402,"0.039"" L x 0.020"" A (1.00mm x 0.50mm)","0.014"" (0.35mm)",,THIN FILM,SMD,-55°C ~ 155°C,Activo,,,AMR,22/08/2026,,,,,,,,,,,
IPN_R-????,R0402_56K2_0.063W_±1%,RES 56.2K OHM 1% 1/16W 0402,56.2 kOhms,Resistors:R,Resistor_SMD:R_0402_1005Metric,YAGEO,RT0402FRE0756K2L,https://www.digikey.es/es/products/detail/yageo/RT0402FRE0756K2L/1072072,RT,,,,,56K2,±1%,0.063W,1/16W,±50ppm/°C,R0402,"0.039"" L x 0.020"" A (1.00mm x 0.50mm)","0.014"" (0.35mm)",,THIN FILM,SMD,-55°C ~ 155°C,Activo,,,AMR,22/08/2026,,,,,,,,,,,
IPN_R-????,R0402_56R2_0.063W_±1%,RES 56.2 OHM 1% 1/16W 0402,56.2 Ohms,Resistors:R,Resistor_SMD:R_0402_1005Metric,YAGEO,RT0402FRE0756R2L,https://www.digikey.es/es/products/detail/yageo/RT0402FRE0756R2L/1072074,RT,,,,,56R2,±1%,0.063W,1/16W,±50ppm/°C,R0402,"0.039"" L x 0.020"" A (1.00mm x 0.50mm)","0.014"" (0.35mm)",,THIN FILM,SMD,-55°C ~ 155°C,Activo,,,AMR,22/08/2026,,,,,,,,,,,
IPN_R-????,R0402_57K6_0.063W_±1%,RES 57.6K OHM 1% 1/16W 0402,57.6 kOhms,Resistors:R,Resistor_SMD:R_0402_1005Metric,YAGEO,RT0402FRE0757K6L,https://www.digikey.es/es/products/detail/yageo/RT0402FRE0757K6L/1072077,RT,,,,,57K6,±1%,0.063W,1/16W,±50ppm/°C,R0402,"0.039"" L x 0.020"" A (1.00mm x 0.50mm)","0.014"" (0.35mm)",,THIN FILM,SMD,-55°C ~ 155°C,Activo,,,AMR,22/08/2026,,,,,,,,,,,
IPN_R-????,R0402_59R_0.063W_±1%,RES 59 OHM 1% 1/16W 0402,59 Ohms,Resistors:R,Resistor_SMD:R_0402_1005Metric,YAGEO,RT0402FRE0759RL,https://www.digikey.es/es/products/detail/yageo/RT0402FRE0759RL/1072081,RT,,,,,59R,±1%,0.063W,1/16W,±50ppm/°C,R0402,"0.039"" L x 0.020"" A (1.00mm x 0.50mm)","0.014"" (0.35mm)",,THIN FILM,SMD,-55°C ~ 155°C,Activo,,,AMR,22/08/2026,,,,,,,,,,,
IPN_R-????,R0402_5K11_0.063W_±1%,RES 5.11K OHM 1% 1/16W 0402,5.11 kOhms,Resistors:R,Resistor_SMD:R_0402_1005Metric,YAGEO,RT0402FRE075K11L,https://www.digikey.es/es/products/detail/yageo/RT0402FRE075K11L/1072082,RT,,,,,5K11,±1%,0.063W,1/16W,±50ppm/°C,R0402,"0.039"" L x 0.020"" A (1.00mm x 0.50mm)","0.014"" (0.35mm)",,THIN FILM,SMD,-55°C ~ 155°C,Activo,,,AMR,22/08/2026,,,,,,,,,,,
IPN_R-????,R0402_5K1_0.063W_±1%,RES 5.1K OHM 1% 1/16W 0402,5.1 kOhms,Resistors:R,Resistor_SMD:R_0402_1005Metric,YAGEO,RT0402FRE075K1L,https://www.digikey.es/es/products/detail/yageo/RT0402FRE075K1L/1072083,RT,,,,,5K1,±1%,0.063W,1/16W,±50ppm/°C,R0402,"0.039"" L x 0.020"" A (1.00mm x 0.50mm)","0.014"" (0.35mm)",,THIN FILM,SMD,-55°C ~ 155°C,Activo,,,AMR,22/08/2026,,,,,,,,,,,
IPN_R-????,R0402_5K23_0.063W_±1%,RES 5.23K OHM 1% 1/16W 0402,5.23 kOhms,Resistors:R,Resistor_SMD:R_0402_1005Metric,YAGEO,RT0402FRE075K23L,https://www.digikey.es/es/products/detail/yageo/RT0402FRE075K23L/1072084,RT,,,,,5K23,±1%,0.063W,1/16W,±50ppm/°C,R0402,"0.039"" L x 0.020"" A (1.00mm x 0.50mm)","0.014"" (0.35mm)",,THIN FILM,SMD,-55°C ~ 155°C,Activo,,,AMR,22/08/2026,,,,,,,,,,,
IPN_R-????,R0402_5K62_0.063W_±1%,RES 5.62K OHM 1% 1/16W 0402,5.62 kOhms,Resistors:R,Resistor_SMD:R_0402_1005Metric,YAGEO,RT0402FRE075K62L,https://www.digikey.es/es/products/detail/yageo/RT0402FRE075K62L/1072087,RT,,,,,5K62,±1%,0.063W,1/16W,±50ppm/°C,R0402,"0.039"" L x 0.020"" A (1.00mm x 0.50mm)","0.014"" (0.35mm)",,THIN FILM,SMD,-55°C ~ 155°C,Activo,,,AMR,22/08/2026,,,,,,,,,,,
IPN_R-????,R0402_5K6_0.063W_±1%,RES 5.6K OHM 1% 1/16W 0402,5.6 kOhms,Resistors:R,Resistor_SMD:R_0402_1005Metric,YAGEO,AT0402FRE075K6L,https://www.digikey.es/es/products/detail/yageo/AT0402FRE075K6L/17008470,RT,,,,,5K6,±1%,0.063W,1/16W,±50ppm/°C,R0402,"0.039"" L x 0.020"" A (1.00mm x 0.50mm)","0.014"" (0.35mm)",,THIN FILM,SMD,-55°C ~ 155°C,Activo,,,AMR,22/08/2026,,,,,,,,,,,
IPN_R-????,R0402_5K76_0.063W_±1%,RES 5.76K OHM 1% 1/16W 0402,5.76 kOhms,Resistors:R,Resistor_SMD:R_0402_1005Metric,YAGEO,RT0402FRE075K76L,https://www.digikey.es/es/products/detail/yageo/RT0402FRE075K76L/1072089,RT,,,,,5K76,±1%,0.063W,1/16W,±50ppm/°C,R0402,"0.039"" L x 0.020"" A (1.00mm x 0.50mm)","0.014"" (0.35mm)",,THIN FILM,SMD,-55°C ~ 155°C,Activo,,,AMR,22/08/2026,,,,,,,,,,,
IPN_R-????,R0402_5K9_0.063W_±1%,RES 5.9K OHM 1% 1/16W 0402,5.9 kOhms,Resistors:R,Resistor_SMD:R_0402_1005Metric,YAGEO,RT0402FRE075K9L,https://www.digikey.es/es/products/detail/yageo/RT0402FRE075K9L/1072090,RT,,,,,5K9,±1%,0.063W,1/16W,±50ppm/°C,R0402,"0.039"" L x 0.020"" A (1.00mm x 0.50mm)","0.014"" (0.35mm)",,THIN FILM,SMD,-55°C ~ 155°C,Activo,,,AMR,22/08/2026,,,,,,,,,,,
IPN_R-????,R0402_5R1_0.063W_±1%,RES 5.1 OHM 1% 1/16W 0402,5.1 Ohms,Resistors:R,Resistor_SMD:R_0402_1005Metric,YAGEO,RT0402FRE075R1L,https://www.digikey.es/es/products/detail/yageo/RT0402FRE075R1L/5926790,RT,,,,,5R1,±1%,0.063W,1/16W,±50ppm/°C,R0402,"0.039"" L x 0.020"" A (1.00mm x 0.50mm)","0.014"" (0.35mm)",,THIN FILM,SMD,-55°C ~ 155°C,Activo,,,AMR,22/08/2026,,,,,,,,,,,
IPN_R-????,R0402_604R_0.063W_±1%,RES 604 OHM 1% 1/16W 0402,604 Ohms,Resistors:R,Resistor_SMD:R_0402_1005Metric,YAGEO,RT0402FRE07604RL,https://www.digikey.es/es/products/detail/yageo/RT0402FRE07604RL/1072091,RT,,,,,604R,±1%,0.063W,1/16W,±50ppm/°C,R0402,"0.039"" L x 0.020"" A (1.00mm x 0.50mm)","0.014"" (0.35mm)",,THIN FILM,SMD,-55°C ~ 155°C,Activo,,,AMR,22/08/2026,,,,,,,,,,,
IPN_R-????,R0402_60K4_0.063W_±1%,RES 60.4K OHM 1% 1/16W 0402,60.4 kOhms,Resistors:R,Resistor_SMD:R_0402_1005Metric,YAGEO,RT0402FRE0760K4L,https://www.digikey.es/es/products/detail/yageo/RT0402FRE0760K4L/1072092,RT,,,,,60K4,±1%,0.063W,1/16W,±50ppm/°C,R0402,"0.039"" L x 0.020"" A (1.00mm x 0.50mm)","0.014"" (0.35mm)",,THIN FILM,SMD,-55°C ~ 155°C,Activo,,,AMR,22/08/2026,,,,,,,,,,,
IPN_R-????,R0402_60R4_0.063W_±1%,RES 60.4 OHM 1% 1/16W 0402,60.4 Ohms,Resistors:R,Resistor_SMD:R_0402_1005Metric,YAGEO,RT0402FRE0760R4L,https://www.digikey.es/es/products/detail/yageo/RT0402FRE0760R4L/1072093,RT,,,,,60R4,±1%,0.063W,1/16W,±50ppm/°C,R0402,"0.039"" L x 0.020"" A (1.00mm x 0.50mm)","0.014"" (0.35mm)",,THIN FILM,SMD,-55°C ~ 155°C,Activo,,,AMR,22/08/2026,,,,,,,,,,,
IPN_R-????,R0402_61K9_0.063W_±1%,RES 61.9K OHM 1% 1/16W 0402,61.9 kOhms,Resistors:R,Resistor_SMD:R_0402_1005Metric,YAGEO,RT0402FRE0761K9L,https://www.digikey.es/es/products/detail/yageo/RT0402FRE0761K9L/1072095,RT,,,,,61K9,±1%,0.063W,1/16W,±50ppm/°C,R0402,"0.039"" L x 0.020"" A (1.00mm x 0.50mm)","0.014"" (0.35mm)",,THIN FILM,SMD,-55°C ~ 155°C,Activo,,,AMR,22/08/2026,,,,,,,,,,,
IPN_R-????,R0402_61R9_0.063W_±1%,RES 61.9 OHM 1% 1/16W 0402,61.9 Ohms,Resistors:R,Resistor_SMD:R_0402_1005Metric,YAGEO,RT0402FRE0761R9L,https://www.digikey.es/es/products/detail/yageo/RT0402FRE0761R9L/1072096,RT,,,,,61R9,±1%,0.063W,1/16W,±50ppm/°C,R0402,"0.039"" L x 0.020"" A (1.00mm x 0.50mm)","0.014"" (0.35mm)",,THIN FILM,SMD,-55°C ~ 155°C,Activo,,,AMR,22/08/2026,,,,,,,,,,,
IPN_R-????,R0402_620R_0.063W_±1%,RES 620 OHM 1% 1/16W 0402,620 Ohms,Resistors:R,Resistor_SMD:R_0402_1005Metric,YAGEO,RT0402FRE07620RL,https://www.digikey.es/es/products/detail/yageo/RT0402FRE07620RL/1072097,RT,,,,,620R,±1%,0.063W,1/16W,±50ppm/°C,R0402,"0.039"" L x 0.020"" A (1.00mm x 0.50mm)","0.014"" (0.35mm)",,THIN FILM,SMD,-55°C ~ 155°C,Activo,,,AMR,22/08/2026,,,,,,,,,,,
IPN_R-????,R0402_62K_0.063W_±1%,RES 62K OHM 1% 1/16W 0402,62 kOhms,Resistors:R,Resistor_SMD:R_0402_1005Metric,YAGEO,RT0402FRE0762KL,https://www.digikey.es/es/products/detail/yageo/RT0402FRE0762KL/1072098,RT,,,,,62K,±1%,0.063W,1/16W,±50ppm/°C,R0402,"0.039"" L x 0.020"" A (1.00mm x 0.50mm)","0.014"" (0.35mm)",,THIN FILM,SMD,-55°C ~ 155°C,Activo,,,AMR,22/08/2026,,,,,,,,,,,
IPN_R-????,R0402_634R_0.063W_±1%,RES 634 OHM 1% 1/16W 0402,634 Ohms,Resistors:R,Resistor_SMD:R_0402_1005Metric,YAGEO,RT0402FRE07634RL,https://www.digikey.es/es/products/detail/yageo/RT0402FRE07634RL/1072100,RT,,,,,634R,±1%,0.063W,1/16W,±50ppm/°C,R0402,"0.039"" L x 0.020"" A (1.00mm x 0.50mm)","0.014"" (0.35mm)",,THIN FILM,SMD,-55°C ~ 155°C,Activo,,,AMR,22/08/2026,,,,,,,,,,,
IPN_R-????,R0402_63K4_0.063W_±1%,RES 63.4K OHM 1% 1/16W 0402,63.4 kOhms,Resistors:R,Resistor_SMD:R_0402_1005Metric,YAGEO,RT0402FRE0763K4L,https://www.digikey.es/es/products/detail/yageo/RT0402FRE0763K4L/1072101,RT,,,,,63K4,±1%,0.063W,1/16W,±50ppm/°C,R0402,"0.039"" L x 0.020"" A (1.00mm x 0.50mm)","0.014"" (0.35mm)",,THIN FILM,SMD,-55°C ~ 155°C,Activo,,,AMR,22/08/2026,,,,,,,,,,,
IPN_R-????,R0402_649R_0.063W_±1%,RES 649 OHM 1% 1/16W 0402,649 Ohms,Resistors:R,Resistor_SMD:R_0402_1005Metric,YAGEO,RT0402FRE07649RL,https://www.digikey.es/es/products/detail/yageo/RT0402FRE07649RL/1072103,RT,,,,,649R,±1%,0.063W,1/16W,±50ppm/°C,R0402,"0.039"" L x 0.020"" A (1.00mm x 0.50mm)","0.014"" (0.35mm)",,THIN FILM,SMD,-55°C ~ 155°C,Activo,,,AMR,22/08/2026,,,,,,,,,,,
IPN_R-????,R0402_66K5_0.063W_±1%,RES 66.5K OHM 1% 1/16W 0402,66.5 kOhms,Resistors:R,Resistor_SMD:R_0402_1005Metric,YAGEO,RT0402FRE0766K5L,https://www.digikey.es/es/products/detail/yageo/RT0402FRE0766K5L/1072107,RT,,,,,66K5,±1%,0.063W,1/16W,±50ppm/°C,R0402,"0.039"" L x 0.020"" A (1.00mm x 0.50mm)","0.014"" (0.35mm)",,THIN FILM,SMD,-55°C ~ 155°C,Activo,,,AMR,22/08/2026,,,,,,,,,,,
IPN_R-????,R0402_680R_0.063W_±1%,RES 680 OHM 1% 1/16W 0402,680 Ohms,Resistors:R,Resistor_SMD:R_0402_1005Metric,YAGEO,RT0402FRE07680RL,https://www.digikey.es/es/products/detail/yageo/RT0402FRE07680RL/1072109,RT,,,,,680R,±1%,0.063W,1/16W,±50ppm/°C,R0402,"0.039"" L x 0.020"" A (1.00mm x 0.50mm)","0.014"" (0.35mm)",,THIN FILM,SMD,-55°C ~ 155°C,Activo,,,AMR,22/08/2026,,,,,,,,,,,
IPN_R-????,R0402_681R_0.063W_±1%,RES 681 OHM 1% 1/16W 0402,681 Ohms,Resistors:R,Resistor_SMD:R_0402_1005Metric,YAGEO,RT0402FRE07681RL,https://www.digikey.es/es/products/detail/yageo/RT0402FRE07681RL/1072110,RT,,,,,681R,±1%,0.063W,1/16W,±50ppm/°C,R0402,"0.039"" L x 0.020"" A (1.00mm x 0.50mm)","0.014"" (0.35mm)",,THIN FILM,SMD,-55°C ~ 155°C,Activo,,,AMR,22/08/2026,,,,,,,,,,,
IPN_R-????,R0402_68K_0.063W_±1%,RES 68K OHM 1% 1/16W 0402,68 kOhms,Resistors:R,Resistor_SMD:R_0402_1005Metric,YAGEO,RT0402FRE0768KL,https://www.digikey.es/es/products/detail/yageo/RT0402FRE0768KL/1072112,RT,,,,,68K,±1%,0.063W,1/16W,±50ppm/°C,R0402,"0.039"" L x 0.020"" A (1.00mm x 0.50mm)","0.014"" (0.35mm)",,THIN FILM,SMD,-55°C ~ 155°C,Activo,,,AMR,22/08/2026,,,,,,,,,,,
IPN_R-????,R0402_68K1_0.063W_±1%,RES 68.1K OHM 1% 1/16W 0402,68.1 kOhms,Resistors:R,Resistor_SMD:R_0402_1005Metric,YAGEO,RT0402FRE0768K1L,https://www.digikey.es/es/products/detail/yageo/RT0402FRE0768K1L/1072111,RT,,,,,68K1,±1%,0.063W,1/16W,±50ppm/°C,R0402,"0.039"" L x 0.020"" A (1.00mm x 0.50mm)","0.014"" (0.35mm)",,THIN FILM,SMD,-55°C ~ 155°C,Activo,,,AMR,22/08/2026,,,,,,,,,,,
IPN_R-????,R0402_68R_0.063W_±1%,RES 68 OHM 1% 1/16W 0402,68 Ohms,Resistors:R,Resistor_SMD:R_0402_1005Metric,YAGEO,RT0402FRE0768RL,https://www.digikey.es/es/products/detail/yageo/RT0402FRE0768RL/1072114,RT,,,,,68R,±1%,0.063W,1/16W,±50ppm/°C,R0402,"0.039"" L x 0.020"" A (1.00mm x 0.50mm)","0.014"" (0.35mm)",,THIN FILM,SMD,-55°C ~ 155°C,Activo,,,AMR,22/08/2026,,,,,,,,,,,
IPN_R-????,R0402_68R1_0.063W_±1%,RES 68.1 OHM 1% 1/16W 0402,68.1 Ohms,Resistors:R,Resistor_SMD:R_0402_1005Metric,YAGEO,RT0402FRE0768R1L,https://www.digikey.es/es/products/detail/yageo/RT0402FRE0768R1L/1072113,RT,,,,,68R1,±1%,0.063W,1/16W,±50ppm/°C,R0402,"0.039"" L x 0.020"" A (1.00mm x 0.50mm)","0.014"" (0.35mm)",,THIN FILM,SMD,-55°C ~ 155°C,Activo,,,AMR,22/08/2026,,,,,,,,,,,
IPN_R-????,R0402_69K8_0.063W_±1%,RES 69.8K OHM 1% 1/16W 0402,69.8 kOhms,Resistors:R,Resistor_SMD:R_0402_1005Metric,YAGEO,RT0402FRE0769K8L,https://www.digikey.es/es/products/detail/yageo/RT0402FRE0769K8L/1072116,RT,,,,,69K8,±1%,0.063W,1/16W,±50ppm/°C,R0402,"0.039"" L x 0.020"" A (1.00mm x 0.50mm)","0.014"" (0.35mm)",,THIN FILM,SMD,-55°C ~ 155°C,Activo,,,AMR,22/08/2026,,,,,,,,,,,
IPN_R-????,R0402_6K04_0.063W_±1%,RES 6.04K OHM 1% 1/16W 0402,6.04 kOhms,Resistors:R,Resistor_SMD:R_0402_1005Metric,YAGEO,RT0402FRE076K04L,https://www.digikey.es/es/products/detail/yageo/RT0402FRE076K04L/1072118,RT,,,,,6K04,±1%,0.063W,1/16W,±50ppm/°C,R0402,"0.039"" L x 0.020"" A (1.00mm x 0.50mm)","0.014"" (0.35mm)",,THIN FILM,SMD,-55°C ~ 155°C,Activo,,,AMR,22/08/2026,,,,,,,,,,,
IPN_R-????,R0402_6K19_0.063W_±1%,RES 6.19K OHM 1% 1/16W 0402,6.19 kOhms,Resistors:R,Resistor_SMD:R_0402_1005Metric,YAGEO,RT0402FRE076K19L,https://www.digikey.es/es/products/detail/yageo/RT0402FRE076K19L/1072119,RT,,,,,6K19,±1%,0.063W,1/16W,±50ppm/°C,R0402,"0.039"" L x 0.020"" A (1.00mm x 0.50mm)","0.014"" (0.35mm)",,THIN FILM,SMD,-55°C ~ 155°C,Activo,,,AMR,22/08/2026,,,,,,,,,,,
IPN_R-????,R0402_6K2_0.063W_±1%,RES 6.2K OHM 1% 1/16W 0402,6.2 kOhms,Resistors:R,Resistor_SMD:R_0402_1005Metric,YAGEO,RT0402FRE076K2L,https://www.digikey.es/es/products/detail/yageo/RT0402FRE076K2L/1072120,RT,,,,,6K2,±1%,0.063W,1/16W,±50ppm/°C,R0402,"0.039"" L x 0.020"" A (1.00mm x 0.50mm)","0.014"" (0.35mm)",,THIN FILM,SMD,-55°C ~ 155°C,Activo,,,AMR,22/08/2026,,,,,,,,,,,
IPN_R-????,R0402_6K34_0.063W_±1%,RES 6.34K OHM 1% 1/16W 0402,6.34 kOhms,Resistors:R,Resistor_SMD:R_0402_1005Metric,YAGEO,RT0402FRE076K34L,https://www.digikey.es/es/products/detail/yageo/RT0402FRE076K34L/1072121,RT,,,,,6K34,±1%,0.063W,1/16W,±50ppm/°C,R0402,"0.039"" L x 0.020"" A (1.00mm x 0.50mm)","0.014"" (0.35mm)",,THIN FILM,SMD,-55°C ~ 155°C,Activo,,,AMR,22/08/2026,,,,,,,,,,,
IPN_R-????,R0402_6K49_0.063W_±1%,RES 6.49K OHM 1% 1/16W 0402,6.49 kOhms,Resistors:R,Resistor_SMD:R_0402_1005Metric,YAGEO,RT0402FRE076K49L,https://www.digikey.es/es/products/detail/yageo/RT0402FRE076K49L/1072122,RT,,,,,6K49,±1%,0.063W,1/16W,±50ppm/°C,R0402,"0.039"" L x 0.020"" A (1.00mm x 0.50mm)","0.014"" (0.35mm)",,THIN FILM,SMD,-55°C ~ 155°C,Activo,,,AMR,22/08/2026,,,,,,,,,,,
IPN_R-????,R0402_6K81_0.063W_±1%,RES 6.81K OHM 1% 1/16W 0402,6.81 kOhms,Resistors:R,Resistor_SMD:R_0402_1005Metric,YAGEO,RT0402FRE076K81L,https://www.digikey.es/es/products/detail/yageo/RT0402FRE076K81L/1072124,RT,,,,,6K81,±1%,0.063W,1/16W,±50ppm/°C,R0402,"0.039"" L x 0.020"" A (1.00mm x 0.50mm)","0.014"" (0.35mm)",,THIN FILM,SMD,-55°C ~ 155°C,Activo,,,AMR,22/08/2026,,,,,,,,,,,
IPN_R-????,R0402_715R_0.063W_±1%,RES 715 OHM 1% 1/16W 0402,715 Ohms,Resistors:R,Resistor_SMD:R_0402_1005Metric,YAGEO,RT0402FRE07715RL,https://www.digikey.es/es/products/detail/yageo/RT0402FRE07715RL/1072127,RT,,,,,715R,±1%,0.063W,1/16W,±50ppm/°C,R0402,"0.039"" L x 0.020"" A (1.00mm x 0.50mm)","0.014"" (0.35mm)",,THIN FILM,SMD,-55°C ~ 155°C,Activo,,,AMR,22/08/2026,,,,,,,,,,,
IPN_R-????,R0402_71K5_0.063W_±1%,RES 71.5K OHM 1% 1/16W 0402,71.5 kOhms,Resistors:R,Resistor_SMD:R_0402_1005Metric,YAGEO,RT0402FRE0771K5L,https://www.digikey.es/es/products/detail/yageo/RT0402FRE0771K5L/1072128,RT,,,,,71K5,±1%,0.063W,1/16W,±50ppm/°C,R0402,"0.039"" L x 0.020"" A (1.00mm x 0.50mm)","0.014"" (0.35mm)",,THIN FILM,SMD,-55°C ~ 155°C,Activo,,,AMR,22/08/2026,,,,,,,,,,,
IPN_R-????,R0402_71R5_0.063W_±1%,RES 71.5 OHM 1% 1/16W 0402,71.5 Ohms,Resistors:R,Resistor_SMD:R_0402_1005Metric,YAGEO,RT0402FRE0771R5L,https://www.digikey.es/es/products/detail/yageo/RT0402FRE0771R5L/1072129,RT,,,,,71R5,±1%,0.063W,1/16W,±50ppm/°C,R0402,"0.039"" L x 0.020"" A (1.00mm x 0.50mm)","0.014"" (0.35mm)",,THIN FILM,SMD,-55°C ~ 155°C,Activo,,,AMR,22/08/2026,,,,,,,,,,,
IPN_R-????,R0402_732R_0.063W_±1%,RES 732 OHM 1% 1/16W 0402,732 Ohms,Resistors:R,Resistor_SMD:R_0402_1005Metric,YAGEO,RT0402FRE07732RL,https://www.digikey.es/es/products/detail/yageo/RT0402FRE07732RL/1072130,RT,,,,,732R,±1%,0.063W,1/16W,±50ppm/°C,R0402,"0.039"" L x 0.020"" A (1.00mm x 0.50mm)","0.014"" (0.35mm)",,THIN FILM,SMD,-55°C ~ 155°C,Activo,,,AMR,22/08/2026,,,,,,,,,,,
IPN_R-????,R0402_750R_0.063W_±1%,RES 750 OHM 1% 1/16W 0402,750 Ohms,Resistors:R,Resistor_SMD:R_0402_1005Metric,YAGEO,RT0402FRE07750RL,https://www.digikey.es/es/products/detail/yageo/RT0402FRE07750RL/1072133,RT,,,,,750R,±1%,0.063W,1/16W,±50ppm/°C,R0402,"0.039"" L x 0.020"" A (1.00mm x 0.50mm)","0.014"" (0.35mm)",,THIN FILM,SMD,-55°C ~ 155°C,Activo,,,AMR,22/08/2026,,,,,,,,,,,
IPN_R-????,R0402_75K_0.063W_±1%,RES 75K OHM 1% 1/16W 0402,75 kOhms,Resistors:R,Resistor_SMD:R_0402_1005Metric,YAGEO,RT0402FRE0775KL,https://www.digikey.es/es/products/detail/yageo/RT0402FRE0775KL/1072134,RT,,,,,75K,±1%,0.063W,1/16W,±50ppm/°C,R0402,"0.039"" L x 0.020"" A (1.00mm x 0.50mm)","0.014"" (0.35mm)",,THIN FILM,SMD,-55°C ~ 155°C,Activo,,,AMR,22/08/2026,,,,,,,,,,,
IPN_R-????,R0402_75R_0.063W_±1%,RES 75 OHM 1% 1/16W 0402,75 Ohms,Resistors:R,Resistor_SMD:R_0402_1005Metric,YAGEO,RT0402FRE0775RL,https://www.digikey.es/es/products/detail/yageo/RT0402FRE0775RL/1072135,RT,,,,,75R,±1%,0.063W,1/16W,±50ppm/°C,R0402,"0.039"" L x 0.020"" A (1.00mm x 0.50mm)","0.014"" (0.35mm)",,THIN FILM,SMD,-55°C ~ 155°C,Activo,,,AMR,22/08/2026,,,,,,,,,,,
IPN_R-????,R0402_76K8_0.063W_±1%,RES 76.8K OHM 1% 1/16W 0402,76.8 kOhms,Resistors:R,Resistor_SMD:R_0402_1005Metric,YAGEO,RT0402FRD0776K8L,https://www.digikey.es/es/products/detail/yageo/RT0402FRD0776K8L/5926732,RT,,,,,76K8,±1%,0.063W,1/16W,±25ppm/°C,R0402,"0.039"" L x 0.020"" A (1.00mm x 0.50mm)","0.014"" (0.35mm)",,THIN FILM,SMD,-55°C ~ 155°C,Activo,,,AMR,22/08/2026,,,,,,,,,,,
IPN_R-????,R0402_78K7_0.063W_±1%,RES 78.7K OHM 1% 1/16W 0402,78.7 kOhms,Resistors:R,Resistor_SMD:R_0402_1005Metric,YAGEO,RT0402FRE0778K7L,https://www.digikey.es/es/products/detail/yageo/RT0402FRE0778K7L/1072137,RT,,,,,78K7,±1%,0.063W,1/16W,±50ppm/°C,R0402,"0.039"" L x 0.020"" A (1.00mm x 0.50mm)","0.014"" (0.35mm)",,THIN FILM,SMD,-55°C ~ 155°C,Activo,,,AMR,22/08/2026,,,,,,,,,,,
IPN_R-????,R0402_7K5_0.063W_±1%,RES 7.5K OHM 1% 1/16W 0402,7.5 kOhms,Resistors:R,Resistor_SMD:R_0402_1005Metric,YAGEO,RT0402FRE077K5L,https://www.digikey.es/es/products/detail/yageo/RT0402FRE077K5L/1072141,RT,,,,,7K5,±1%,0.063W,1/16W,±50ppm/°C,R0402,"0.039"" L x 0.020"" A (1.00mm x 0.50mm)","0.014"" (0.35mm)",,THIN FILM,SMD,-55°C ~ 155°C,Activo,,,AMR,22/08/2026,,,,,,,,,,,
IPN_R-????,R0402_806R_0.063W_±1%,RES 806 OHM 1% 1/16W 0402,806 Ohms,Resistors:R,Resistor_SMD:R_0402_1005Metric,YAGEO,RT0402FRE07806RL,https://www.digikey.es/es/products/detail/yageo/RT0402FRE07806RL/1072143,RT,,,,,806R,±1%,0.063W,1/16W,±50ppm/°C,R0402,"0.039"" L x 0.020"" A (1.00mm x 0.50mm)","0.014"" (0.35mm)",,THIN FILM,SMD,-55°C ~ 155°C,Activo,,,AMR,22/08/2026,,,,,,,,,,,
IPN_R-????,R0402_80R_0.063W_±1%,RES 80 OHM 1% 1/16W 0402,80 Ohms,Resistors:R,Resistor_SMD:R_0402_1005Metric,YAGEO,RT0402FRE0780RL,https://www.digikey.es/es/products/detail/yageo/RT0402FRE0780RL/7708289,RT,,,,,80R,±1%,0.063W,1/16W,±50ppm/°C,R0402,"0.039"" L x 0.020"" A (1.00mm x 0.50mm)","0.014"" (0.35mm)",,THIN FILM,SMD,-55°C ~ 155°C,Activo,,,AMR,22/08/2026,,,,,,,,,,,
IPN_R-????,R0402_820R_0.063W_±1%,RES 820 OHM 1% 1/16W 0402,820 Ohms,Resistors:R,Resistor_SMD:R_0402_1005Metric,YAGEO,RT0402FRE07820RL,https://www.digikey.es/es/products/detail/yageo/RT0402FRE07820RL/1072146,RT,,,,,820R,±1%,0.063W,1/16W,±50ppm/°C,R0402,"0.039"" L x 0.020"" A (1.00mm x 0.50mm)","0.014"" (0.35mm)",,THIN FILM,SMD,-55°C ~ 155°C,Activo,,,AMR,22/08/2026,,,,,,,,,,,
IPN_R-????,R0402_825R_0.063W_±1%,RES 825 OHM 1% 1/16W 0402,825 Ohms,Resistors:R,Resistor_SMD:R_0402_1005Metric,YAGEO,RT0402FRE07825RL,https://www.digikey.es/es/products/detail/yageo/RT0402FRE07825RL/1072147,RT,,,,,825R,±1%,0.063W,1/16W,±50ppm/°C,R0402,"0.039"" L x 0.020"" A (1.00mm x 0.50mm)","0.014"" (0.35mm)",,THIN FILM,SMD,-55°C ~ 155°C,Activo,,,AMR,22/08/2026,,,,,,,,,,,
IPN_R-????,R0402_82K_0.063W_±1%,RES 82K OHM 1% 1/16W 0402,82 kOhms,Resistors:R,Resistor_SMD:R_0402_1005Metric,YAGEO,RT0402FRE0782KL,https://www.digikey.es/es/products/detail/yageo/RT0402FRE0782KL/1072149,RT,,,,,82K,±1%,0.063W,1/16W,±50ppm/°C,R0402,"0.039"" L x 0.020"" A (1.00mm x 0.50mm)","0.014"" (0.35mm)",,THIN FILM,SMD,-55°C ~ 155°C,Activo,,,AMR,22/08/2026,,,,,,,,,,,
IPN_R-????,R0402_82K5_0.063W_±1%,RES 82.5K OHM 1% 1/16W 0402,82.5 kOhms,Resistors:R,Resistor_SMD:R_0402_1005Metric,YAGEO,RT0402FRE0782K5L,https://www.digikey.es/es/products/detail/yageo/RT0402FRE0782K5L/1072148,RT,,,,,82K5,±1%,0.063W,1/16W,±50ppm/°C,R0402,"0.039"" L x 0.020"" A (1.00mm x 0.50mm)","0.014"" (0.35mm)",,THIN FILM,SMD,-55°C ~ 155°C,Activo,,,AMR,22/08/2026,,,,,,,,,,,
IPN_R-????,R0402_82R_0.063W_±1%,RES 82 OHM 1% 1/16W 0402,82 Ohms,Resistors:R,Resistor_SMD:R_0402_1005Metric,YAGEO,RT0402FRE0782RL,https://www.digikey.es/es/products/detail/yageo/RT0402FRE0782RL/1072151,RT,,,,,82R,±1%,0.063W,1/16W,±50ppm/°C,R0402,"0.039"" L x 0.020"" A (1.00mm x 0.50mm)","0.014"" (0.35mm)",,THIN FILM,SMD,-55°C ~ 155°C,Activo,,,AMR,22/08/2026,,,,,,,,,,,
IPN_R-????,R0402_86K6_0.063W_±1%,RES 86.6K OHM 1% 1/16W 0402,86.6 kOhms,Resistors:R,Resistor_SMD:R_0402_1005Metric,YAGEO,RT0402FRE0786K6L,https://www.digikey.es/es/products/detail/yageo/RT0402FRE0786K6L/1072156,RT,,,,,86K6,±1%,0.063W,1/16W,±50ppm/°C,R0402,"0.039"" L x 0.020"" A (1.00mm x 0.50mm)","0.014"" (0.35mm)",,THIN FILM,SMD,-55°C ~ 155°C,Activo,,,AMR,22/08/2026,,,,,,,,,,,
IPN_R-????,R0402_88K7_0.063W_±1%,RES 88.7K OHM 1% 1/16W 0402,88.7 kOhms,Resistors:R,Resistor_SMD:R_0402_1005Metric,YAGEO,RT0402FRE0788K7L,https://www.digikey.es/es/products/detail/yageo/RT0402FRE0788K7L/1072159,RT,,,,,88K7,±1%,0.063W,1/16W,±50ppm/°C,R0402,"0.039"" L x 0.020"" A (1.00mm x 0.50mm)","0.014"" (0.35mm)",,THIN FILM,SMD,-55°C ~ 155°C,Activo,,,AMR,22/08/2026,,,,,,,,,,,
IPN_R-????,R0402_8K06_0.063W_±1%,RES 8.06K OHM 1% 1/16W 0402,8.06 kOhms,Resistors:R,Resistor_SMD:R_0402_1005Metric,YAGEO,RT0402FRE078K06L,https://www.digikey.es/es/products/detail/yageo/RT0402FRE078K06L/1072161,RT,,,,,8K06,±1%,0.063W,1/16W,±50ppm/°C,R0402,"0.039"" L x 0.020"" A (1.00mm x 0.50mm)","0.014"" (0.35mm)",,THIN FILM,SMD,-55°C ~ 155°C,Activo,,,AMR,22/08/2026,,,,,,,,,,,
IPN_R-????,R0402_8K25_0.063W_±1%,RES 8.25K OHM 1% 1/16W 0402,8.25 kOhms,Resistors:R,Resistor_SMD:R_0402_1005Metric,YAGEO,RT0402FRE078K25L,https://www.digikey.es/es/products/detail/yageo/RT0402FRE078K25L/1072162,RT,,,,,8K25,±1%,0.063W,1/16W,±50ppm/°C,R0402,"0.039"" L x 0.020"" A (1.00mm x 0.50mm)","0.014"" (0.35mm)",,THIN FILM,SMD,-55°C ~ 155°C,Activo,,,AMR,22/08/2026,,,,,,,,,,,
IPN_R-????,R0402_8K2_0.063W_±1%,RES 8.2K OHM 1% 1/16W 0402,8.2 kOhms,Resistors:R,Resistor_SMD:R_0402_1005Metric,YAGEO,RT0402FRE078K2L,https://www.digikey.es/es/products/detail/yageo/RT0402FRE078K2L/1072163,RT,,,,,8K2,±1%,0.063W,1/16W,±50ppm/°C,R0402,"0.039"" L x 0.020"" A (1.00mm x 0.50mm)","0.014"" (0.35mm)",,THIN FILM,SMD,-55°C ~ 155°C,Activo,,,AMR,22/08/2026,,,,,,,,,,,
IPN_R-????,R0402_909R_0.063W_±1%,RES 909 OHM 1% 1/16W 0402,909 Ohms,Resistors:R,Resistor_SMD:R_0402_1005Metric,YAGEO,RT0402FRE07909RL,https://www.digikey.es/es/products/detail/yageo/RT0402FRE07909RL/1072167,RT,,,,,909R,±1%,0.063W,1/16W,±50ppm/°C,R0402,"0.039"" L x 0.020"" A (1.00mm x 0.50mm)","0.014"" (0.35mm)",,THIN FILM,SMD,-55°C ~ 155°C,Activo,,,AMR,22/08/2026,,,,,,,,,,,
IPN_R-????,R0402_90K9_0.063W_±1%,RES 90.9K OHM 1% 1/16W 0402,90.9 kOhms,Resistors:R,Resistor_SMD:R_0402_1005Metric,YAGEO,RT0402FRE0790K9L,https://www.digikey.es/es/products/detail/yageo/RT0402FRE0790K9L/1072168,RT,,,,,90K9,±1%,0.063W,1/16W,±50ppm/°C,R0402,"0.039"" L x 0.020"" A (1.00mm x 0.50mm)","0.014"" (0.35mm)",,THIN FILM,SMD,-55°C ~ 155°C,Activo,,,AMR,22/08/2026,,,,,,,,,,,
IPN_R-????,R0402_910R_0.063W_±1%,RES 910 OHM 1% 1/16W 0402,910 Ohms,Resistors:R,Resistor_SMD:R_0402_1005Metric,YAGEO,RT0402FRE07910RL,https://www.digikey.es/es/products/detail/yageo/RT0402FRE07910RL/1072170,RT,,,,,910R,±1%,0.063W,1/16W,±50ppm/°C,R0402,"0.039"" L x 0.020"" A (1.00mm x 0.50mm)","0.014"" (0.35mm)",,THIN FILM,SMD,-55°C ~ 155°C,Activo,,,AMR,22/08/2026,,,,,,,,,,,
IPN_R-????,R0402_91K_0.063W_±1%,RES 91K OHM 1% 1/16W 0402,91 kOhms,Resistors:R,Resistor_SMD:R_0402_1005Metric,YAGEO,RT0402FRE0791KL,https://www.digikey.es/es/products/detail/yageo/RT0402FRE0791KL/1072171,RT,,,,,91K,±1%,0.063W,1/16W,±50ppm/°C,R0402,"0.039"" L x 0.020"" A (1.00mm x 0.50mm)","0.014"" (0.35mm)",,THIN FILM,SMD,-55°C ~ 155°C,Activo,,,AMR,22/08/2026,,,,,,,,,,,
IPN_R-????,R0402_93K1_0.063W_±1%,RES 93.1K OHM 1% 1/16W 0402,93.1 kOhms,Resistors:R,Resistor_SMD:R_0402_1005Metric,YAGEO,RT0402FRE0793K1L,https://www.digikey.es/es/products/detail/yageo/RT0402FRE0793K1L/1072174,RT,,,,,93K1,±1%,0.063W,1/16W,±50ppm/°C,R0402,"0.039"" L x 0.020"" A (1.00mm x 0.50mm)","0.014"" (0.35mm)",,THIN FILM,SMD,-55°C ~ 155°C,Activo,,,AMR,22/08/2026,,,,,,,,,,,
IPN_R-????,R0402_95K3_0.063W_±1%,RES 95.3K OHM 1% 1/16W 0402,95.3 kOhms,Resistors:R,Resistor_SMD:R_0402_1005Metric,YAGEO,RT0402FRE0795K3L,https://www.digikey.es/es/products/detail/yageo/RT0402FRE0795K3L/1072177,RT,,,,,95K3,±1%,0.063W,1/16W,±50ppm/°C,R0402,"0.039"" L x 0.020"" A (1.00mm x 0.50mm)","0.014"" (0.35mm)",,THIN FILM,SMD,-55°C ~ 155°C,Activo,,,AMR,22/08/2026,,,,,,,,,,,
IPN_R-????,R0402_9K09_0.063W_±1%,RES 9.09K OHM 1% 1/16W 0402,9.09 kOhms,Resistors:R,Resistor_SMD:R_0402_1005Metric,YAGEO,RT0402FRE079K09L,https://www.digikey.es/es/products/detail/yageo/RT0402FRE079K09L/1072182,RT,,,,,9K09,±1%,0.063W,1/16W,±50ppm/°C,R0402,"0.039"" L x 0.020"" A (1.00mm x 0.50mm)","0.014"" (0.35mm)",,THIN FILM,SMD,-55°C ~ 155°C,Activo,,,AMR,22/08/2026,,,,,,,,,,,
IPN_R-????,R0402_9K09_0.063W_±1%,RES 9.09K OHM 1% 1/16W 0402,9.09 kOhms,Resistors:R,Resistor_SMD:R_0402_1005Metric,YAGEO,RP0402FRE079K09L,https://www.digikey.es/es/products/detail/yageo/RP0402FRE079K09L/16916580,RT,,,,,9K09,±1%,0.063W,1/16W,±50ppm/°C,R0402,"0.039"" L x 0.020"" A (1.00mm x 0.50mm)","0.014"" (0.35mm)",,THIN FILM,SMD,-55°C ~ 155°C,Activo,,,AMR,22/08/2026,,,,,,,,,,,
IPN_R-????,R0402_9K1_0.063W_±1%,RES 9.1K OHM 1% 1/16W 0402,9.1 kOhms,Resistors:R,Resistor_SMD:R_0402_1005Metric,YAGEO,RT0402FRE079K1L,https://www.digikey.es/es/products/detail/yageo/RT0402FRE079K1L/1072183,RT,,,,,9K1,±1%,0.063W,1/16W,±50ppm/°C,R0402,"0.039"" L x 0.020"" A (1.00mm x 0.50mm)","0.014"" (0.35mm)",,THIN FILM,SMD,-55°C ~ 155°C,Activo,,,AMR,22/08/2026,,,,,,,,,,,
IPN_R-????,R0402_9K53_0.063W_±1%,RES 9.53K OHM 1% 1/16W 0402,9.53 kOhms,Resistors:R,Resistor_SMD:R_0402_1005Metric,YAGEO,RT0402FRE079K53L,https://www.digikey.es/es/products/detail/yageo/RT0402FRE079K53L/1072185,RT,,,,,9K53,±1%,0.063W,1/16W,±50ppm/°C,R0402,"0.039"" L x 0.020"" A (1.00mm x 0.50mm)","0.014"" (0.35mm)",,THIN FILM,SMD,-55°C ~ 155°C,Activo,,,AMR,22/08/2026,,,,,,,,,,,
IPN_R-????,R0603_0R_0.1W_±5%,RES 0 OHM JUMPER 1/10W 0603,0R ±5% 1/10W,Resistors:R,Resistor_SMD:R_0603_1608Metric,YAGEO,RC0603JR-070RL,https://www.digikey.es/es/products/detail/yageo/RC0402JR-070RL/726406,RC_L,,,,,0R,±5%,0.1W,1/10W,-,R0603,"0.063"" L x 0.031""A (1.60mm x 0.80mm)","0.022"" (0.55mm)",,THICK FILM,SMD,-55°C ~ 155°C,Activo,,,AMR,22/08/2026,,,,,,,,,,,
IPN_R-????,R0603_1K_0.1W_±1%,RES 1K OHM 1% 1/10W 0603,1K ±1% 1/10W,Resistors:R,Resistor_SMD:R_0603_1608Metric,YAGEO,RT0603FRE071KL,https://www.digikey.es/es/products/detail/yageo/RT0603FRE071KL/1075188,RT,,,,,1K,±1%,0.1W,1/10W,±50ppm/°C,R0603,"0.063"" L x 0.031""A (1.60mm x 0.80mm)","0.022"" (0.55mm)",,THIN FILM,SMD,-55°C ~ 155°C,Activo,,,AMR,22/08/2026,,,,,,,,,,,
IPN_R-????,R0603_1M_0.1W_±1%,RES 1M OHM 1% 1/10W 0603,1M ±1% 1/10W,Resistors:R,Resistor_SMD:R_0603_1608Metric,YAGEO,RT0603FRE071ML,https://www.digikey.es/es/products/detail/yageo/RT0603FRE071ML/5929153,RT,,,,,1M,±1%,0.1W,1/10W,±50ppm/°C,R0603,"0.063"" L x 0.031""A (1.60mm x 0.80mm)","0.022"" (0.55mm)",,THIN FILM,SMD,-55°C ~ 155°C,Activo,,,AMR,22/08/2026,,,,,,,,,,,
IPN_R-????,R0603_1K02_0.1W_±1%,RES 1.02K OHM 1% 1/10W 0603,1K02 ±1% 1/10W,Resistors:R,Resistor_SMD:R_0603_1608Metric,YAGEO,RT0603FRE071K02L,https://www.digikey.es/es/products/detail/yageo/RT0603FRE071K02L/1075157,RT,,,,,1K02,±1%,0.1W,1/10W,±50ppm/°C,R0603,"0.063"" L x 0.031""A (1.60mm x 0.80mm)","0.022"" (0.55mm)",,THIN FILM,SMD,-55°C ~ 155°C,Activo,,,AMR,22/08/2026,,,,,,,,,,,
IPN_R-????,R0603_1K05_0.1W_±1%,RES 1.05K OHM 1% 1/10W 0603,1K05 ±1% 1/10W,Resistors:R,Resistor_SMD:R_0603_1608Metric,YAGEO,RT0603FRE071K05L,https://www.digikey.es/es/products/detail/yageo/RT0603FRE071K05L/1075158,RT,,,,,1K05,±1%,0.1W,1/10W,±50ppm/°C,R0603,"0.063"" L x 0.031""A (1.60mm x 0.80mm)","0.022"" (0.55mm)",,THIN FILM,SMD,-55°C ~ 155°C,Activo,,,AMR,22/08/2026,,,,,,,,,,,
IPN_R-????,R0603_1K1_0.1W_±1%,RES 1.1K OHM 1% 1/10W 0603,1K1 ±1% 1/10W,Resistors:R,Resistor_SMD:R_0603_1608Metric,YAGEO,RT0603FRE071K1L,https://www.digikey.es/es/products/detail/yageo/RT0603FRE071K1L/1075163,RT,,,,,1K1,±1%,0.1W,1/10W,±50ppm/°C,R0603,"0.063"" L x 0.031""A (1.60mm x 0.80mm)","0.022"" (0.55mm)",,THIN FILM,SMD,-55°C ~ 155°C,Activo,,,AMR,22/08/2026,,,,,,,,,,,
IPN_R-????,R0603_1R1_0.1W_±1%,RES 1.1 OHM 1% 1/10W 0603,1R1 ±1% 1/10W,Resistors:R,Resistor_SMD:R_0603_1608Metric,YAGEO,RT0603FRE071R1L,https://www.digikey.es/es/products/detail/yageo/RT0603FRE071R1L/5929154,RT,,,,,1R1,±1%,0.1W,1/10W,±50ppm/°C,R0603,"0.063"" L x 0.031""A (1.60mm x 0.80mm)","0.022"" (0.55mm)",,THIN FILM,SMD,-55°C ~ 155°C,Activo,,,AMR,22/08/2026,,,,,,,,,,,
IPN_R-????,R0603_1K13_0.1W_±1%,RES 1.13K OHM 1% 1/10W 0603,1K13 ±1% 1/10W,Resistors:R,Resistor_SMD:R_0603_1608Metric,YAGEO,RT0603FRE071K13L,https://www.digikey.es/es/products/detail/yageo/RT0603FRE071K13L/1075160,RT,,,,,1K13,±1%,0.1W,1/10W,±50ppm/°C,R0603,"0.063"" L x 0.031""A (1.60mm x 0.80mm)","0.022"" (0.55mm)",,THIN FILM,SMD,-55°C ~ 155°C,Activo,,,AMR,22/08/2026,,,,,,,,,,,
IPN_R-????,R0603_1K15_0.1W_±1%,RES 1.15K OHM 1% 1/10W 0603,1K15 ±1% 1/10W,Resistors:R,Resistor_SMD:R_0603_1608Metric,YAGEO,RT0603FRE071K15L,https://www.digikey.es/es/products/detail/yageo/RT0603FRE071K15L/1075161,RT,,,,,1K15,±1%,0.1W,1/10W,±50ppm/°C,R0603,"0.063"" L x 0.031""A (1.60mm x 0.80mm)","0.022"" (0.55mm)",,THIN FILM,SMD,-55°C ~ 155°C,Activo,,,AMR,22/08/2026,,,,,,,,,,,
IPN_R-????,R0603_1K2_0.1W_±1%,RES 1.2K OHM 1% 1/10W 0603,1K2 ±1% 1/10W,Resistors:R,Resistor_SMD:R_0603_1608Metric,YAGEO,RT0603FRE071K2L,https://www.digikey.es/es/products/detail/yageo/RT0603FRE071K2L/1075167,RT,,,,,1K2,±1%,0.1W,1/10W,±50ppm/°C,R0603,"0.063"" L x 0.031""A (1.60mm x 0.80mm)","0.022"" (0.55mm)",,THIN FILM,SMD,-55°C ~ 155°C,Activo,,,AMR,22/08/2026,,,,,,,,,,,
IPN_R-????,R0603_1K21_0.1W_±1%,RES 1.21K OHM 1% 1/10W 0603,1K21 ±1% 1/10W,Resistors:R,Resistor_SMD:R_0603_1608Metric,YAGEO,RT0603FRE071K21L,https://www.digikey.es/es/products/detail/yageo/RT0603FRE071K21L/1075164,RT,,,,,1K21,±1%,0.1W,1/10W,±50ppm/°C,R0603,"0.063"" L x 0.031""A (1.60mm x 0.80mm)","0.022"" (0.55mm)",,THIN FILM,SMD,-55°C ~ 155°C,Activo,,,AMR,22/08/2026,,,,,,,,,,,
IPN_R-????,R0603_1K24_0.1W_±1%,RES 1.24K OHM 1% 1/10W 0603,1K24 ±1% 1/10W,Resistors:R,Resistor_SMD:R_0603_1608Metric,YAGEO,RT0603FRE071K24L,https://www.digikey.es/es/products/detail/yageo/RT0603FRE071K24L/1075165,RT,,,,,1K24,±1%,0.1W,1/10W,±50ppm/°C,R0603,"0.063"" L x 0.031""A (1.60mm x 0.80mm)","0.022"" (0.55mm)",,THIN FILM,SMD,-55°C ~ 155°C,Activo,,,AMR,22/08/2026,,,,,,,,,,,
IPN_R-????,R0603_1K27_0.1W_±1%,RES 1.27K OHM 1% 1/10W 0603,1K27 ±1% 1/10W,Resistors:R,Resistor_SMD:R_0603_1608Metric,YAGEO,RT0603FRE071K27L,https://www.digikey.es/es/products/detail/yageo/RT0603FRE071K27L/1075166,RT,,,,,1K27,±1%,0.1W,1/10W,±50ppm/°C,R0603,"0.063"" L x 0.031""A (1.60mm x 0.80mm)","0.022"" (0.55mm)",,THIN FILM,SMD,-55°C ~ 155°C,Activo,,,AMR,22/08/2026,,,,,,,,,,,
IPN_R-????,R0603_1K33_0.1W_±1%,RES 1.33K OHM 1% 1/10W 0603,1K33 ±1% 1/10W,Resistors:R,Resistor_SMD:R_0603_1608Metric,YAGEO,RT0603FRE071K33L,https://www.digikey.es/es/products/detail/yageo/RT0603FRE071K33L/1075168,RT,,,,,1K33,±1%,0.1W,1/10W,±50ppm/°C,R0603,"0.063"" L x 0.031""A (1.60mm x 0.80mm)","0.022"" (0.55mm)",,THIN FILM,SMD,-55°C ~ 155°C,Activo,,,AMR,22/08/2026,,,,,,,,,,,
IPN_R-????,R0603_1K37_0.1W_±1%,RES 1.37K OHM 1% 1/10W 0603,1K37 ±1% 1/10W,Resistors:R,Resistor_SMD:R_0603_1608Metric,YAGEO,RT0603FRE071K37L,https://www.digikey.es/es/products/detail/yageo/RT0603FRE071K37L/1075169,RT,,,,,1K37,±1%,0.1W,1/10W,±50ppm/°C,R0603,"0.063"" L x 0.031""A (1.60mm x 0.80mm)","0.022"" (0.55mm)",,THIN FILM,SMD,-55°C ~ 155°C,Activo,,,AMR,22/08/2026,,,,,,,,,,,
IPN_R-????,R0603_1K4_0.1W_±1%,RES 1.4K OHM 1% 1/10W 0603,1K4 ±1% 1/10W,Resistors:R,Resistor_SMD:R_0603_1608Metric,YAGEO,RT0603FRE071K4L,https://www.digikey.es/es/products/detail/yageo/RT0603FRE071K4L/1075173,RT,,,,,1K4,±1%,0.1W,1/10W,±50ppm/°C,R0603,"0.063"" L x 0.031""A (1.60mm x 0.80mm)","0.022"" (0.55mm)",,THIN FILM,SMD,-55°C ~ 155°C,Activo,,,AMR,22/08/2026,,,,,,,,,,,
IPN_R-????,R0603_1K43_0.1W_±1%,RES 1.43K OHM 1% 1/10W 0603,1K43 ±1% 1/10W,Resistors:R,Resistor_SMD:R_0603_1608Metric,YAGEO,RT0603FRE071K43L,https://www.digikey.es/es/products/detail/yageo/RT0603FRE071K43L/1075171,RT,,,,,1K43,±1%,0.1W,1/10W,±50ppm/°C,R0603,"0.063"" L x 0.031""A (1.60mm x 0.80mm)","0.022"" (0.55mm)",,THIN FILM,SMD,-55°C ~ 155°C,Activo,,,AMR,22/08/2026,,,,,,,,,,,
IPN_R-????,R0603_1K47_0.1W_±1%,RES 1.47K OHM 1% 1/10W 0603,1K47 ±1% 1/10W,Resistors:R,Resistor_SMD:R_0603_1608Metric,YAGEO,RT0603FRE071K47L,https://www.digikey.es/es/products/detail/yageo/RT0603FRE071K47L/1075172,RT,,,,,1K47,±1%,0.1W,1/10W,±50ppm/°C,R0603,"0.063"" L x 0.031""A (1.60mm x 0.80mm)","0.022"" (0.55mm)",,THIN FILM,SMD,-55°C ~ 155°C,Activo,,,AMR,22/08/2026,,,,,,,,,,,
IPN_R-????,R0603_1K5_0.1W_±1%,RES 1.5K OHM 1% 1/10W 0603,1K5 ±1% 1/10W,Resistors:R,Resistor_SMD:R_0603_1608Metric,YAGEO,RT0603FRE071K5L,https://www.digikey.es/es/products/detail/yageo/RT0603FRE071K5L/1075176,RT,,,,,1K5,±1%,0.1W,1/10W,±50ppm/°C,R0603,"0.063"" L x 0.031""A (1.60mm x 0.80mm)","0.022"" (0.55mm)",,THIN FILM,SMD,-55°C ~ 155°C,Activo,,,AMR,22/08/2026,,,,,,,,,,,
IPN_R-????,R0603_1K54_0.1W_±1%,RES 1.54K OHM 1% 1/10W 0603,1K54 ±1% 1/10W,Resistors:R,Resistor_SMD:R_0603_1608Metric,YAGEO,RT0603FRE071K54L,https://www.digikey.es/es/products/detail/yageo/RT0603FRE071K54L/1075174,RT,,,,,1K54,±1%,0.1W,1/10W,±50ppm/°C,R0603,"0.063"" L x 0.031""A (1.60mm x 0.80mm)","0.022"" (0.55mm)",,THIN FILM,SMD,-55°C ~ 155°C,Activo,,,AMR,22/08/2026,,,,,,,,,,,
IPN_R-????,R0603_1K58_0.1W_±1%,RES 1.58K OHM 1% 1/10W 0603,1K58 ±1% 1/10W,Resistors:R,Resistor_SMD:R_0603_1608Metric,YAGEO,RT0603FRE071K58L,https://www.digikey.es/es/products/detail/yageo/RT0603FRE071K58L/1075175,RT,,,,,1K58,±1%,0.1W,1/10W,±50ppm/°C,R0603,"0.063"" L x 0.031""A (1.60mm x 0.80mm)","0.022"" (0.55mm)",,THIN FILM,SMD,-55°C ~ 155°C,Activo,,,AMR,22/08/2026,,,,,,,,,,,
IPN_R-????,R0603_1K6_0.1W_±1%,RES 1.6K OHM 1% 1/10W 0603,1K6 ±1% 1/10W,Resistors:R,Resistor_SMD:R_0603_1608Metric,YAGEO,RT0603FRE071K6L,https://www.digikey.es/es/products/detail/yageo/RT0603FRE071K6L/1075180,RT,,,,,1K6,±1%,0.1W,1/10W,±50ppm/°C,R0603,"0.063"" L x 0.031""A (1.60mm x 0.80mm)","0.022"" (0.55mm)",,THIN FILM,SMD,-55°C ~ 155°C,Activo,,,AMR,22/08/2026,,,,,,,,,,,
IPN_R-????,R0603_1K62_0.1W_±1%,RES 1.62K OHM 1% 1/10W 0603,1K62 ±1% 1/10W,Resistors:R,Resistor_SMD:R_0603_1608Metric,YAGEO,RT0603FRE071K62L,https://www.digikey.es/es/products/detail/yageo/RT0603FRE071K62L/1075177,RT,,,,,1K62,±1%,0.1W,1/10W,±50ppm/°C,R0603,"0.063"" L x 0.031""A (1.60mm x 0.80mm)","0.022"" (0.55mm)",,THIN FILM,SMD,-55°C ~ 155°C,Activo,,,AMR,22/08/2026,,,,,,,,,,,
IPN_R-????,R0603_1K65_0.1W_±1%,RES 1.65K OHM 1% 1/10W 0603,1K65 ±1% 1/10W,Resistors:R,Resistor_SMD:R_0603_1608Metric,YAGEO,RT0603FRE071K65L,https://www.digikey.es/es/products/detail/yageo/RT0603FRE071K65L/1075178,RT,,,,,1K65,±1%,0.1W,1/10W,±50ppm/°C,R0603,"0.063"" L x 0.031""A (1.60mm x 0.80mm)","0.022"" (0.55mm)",,THIN FILM,SMD,-55°C ~ 155°C,Activo,,,AMR,22/08/2026,,,,,,,,,,,
IPN_R-????,R0603_1K69_0.1W_±1%,RES 1.69K OHM 1% 1/10W 0603,1K69 ±1% 1/10W,Resistors:R,Resistor_SMD:R_0603_1608Metric,YAGEO,RT0603FRE071K69L,https://www.digikey.es/es/products/detail/yageo/RT0603FRE071K69L/1075179,RT,,,,,1K69,±1%,0.1W,1/10W,±50ppm/°C,R0603,"0.063"" L x 0.031""A (1.60mm x 0.80mm)","0.022"" (0.55mm)",,THIN FILM,SMD,-55°C ~ 155°C,Activo,,,AMR,22/08/2026,,,,,,,,,,,
IPN_R-????,R0603_1K74_0.1W_±1%,RES 1.74K OHM 1% 1/10W 0603,1K74 ±1% 1/10W,Resistors:R,Resistor_SMD:R_0603_1608Metric,YAGEO,RT0603FRE071K74L,https://www.digikey.es/es/products/detail/yageo/RT0603FRE071K74L/1075181,RT,,,,,1K74,±1%,0.1W,1/10W,±50ppm/°C,R0603,"0.063"" L x 0.031""A (1.60mm x 0.80mm)","0.022"" (0.55mm)",,THIN FILM,SMD,-55°C ~ 155°C,Activo,,,AMR,22/08/2026,,,,,,,,,,,
IPN_R-????,R0603_1K78_0.1W_±1%,RES 1.78K OHM 1% 1/10W 0603,1K78 ±1% 1/10W,Resistors:R,Resistor_SMD:R_0603_1608Metric,YAGEO,RT0603FRE071K78L,https://www.digikey.es/es/products/detail/yageo/RT0603FRE071K78L/1075182,RT,,,,,1K78,±1%,0.1W,1/10W,±50ppm/°C,R0603,"0.063"" L x 0.031""A (1.60mm x 0.80mm)","0.022"" (0.55mm)",,THIN FILM,SMD,-55°C ~ 155°C,Activo,,,AMR,22/08/2026,,,,,,,,,,,
IPN_R-????,R0603_1K8_0.1W_±1%,RES 1.8K OHM 1% 1/10W 0603,1K8 ±1% 1/10W,Resistors:R,Resistor_SMD:R_0603_1608Metric,YAGEO,RT0603FRE071K8L,https://www.digikey.es/es/products/detail/yageo/RT0603FRE071K8L/1075185,RT,,,,,1K8,±1%,0.1W,1/10W,±50ppm/°C,R0603,"0.063"" L x 0.031""A (1.60mm x 0.80mm)","0.022"" (0.55mm)",,THIN FILM,SMD,-55°C ~ 155°C,Activo,,,AMR,22/08/2026,,,,,,,,,,,
IPN_R-????,R0603_1K82_0.1W_±1%,RES 1.82K OHM 1% 1/10W 0603,1K82 ±1% 1/10W,Resistors:R,Resistor_SMD:R_0603_1608Metric,YAGEO,RT0603FRE071K82L,https://www.digikey.es/es/products/detail/yageo/RT0603FRE071K82L/1075183,RT,,,,,1K82,±1%,0.1W,1/10W,±50ppm/°C,R0603,"0.063"" L x 0.031""A (1.60mm x 0.80mm)","0.022"" (0.55mm)",,THIN FILM,SMD,-55°C ~ 155°C,Activo,,,AMR,22/08/2026,,,,,,,,,,,
IPN_R-????,R0603_1K87_0.1W_±1%,RES 1.87K OHM 1% 1/10W 0603,1K87 ±1% 1/10W,Resistors:R,Resistor_SMD:R_0603_1608Metric,YAGEO,RT0603FRE071K87L,https://www.digikey.es/es/products/detail/yageo/RT0603FRE071K87L/1075184,RT,,,,,1K87,±1%,0.1W,1/10W,±50ppm/°C,R0603,"0.063"" L x 0.031""A (1.60mm x 0.80mm)","0.022"" (0.55mm)",,THIN FILM,SMD,-55°C ~ 155°C,Activo,,,AMR,22/08/2026,,,,,,,,,,,
IPN_R-????,R0603_1K96_0.1W_±1%,RES 1.96K OHM 1% 1/10W 0603,1K96 ±1% 1/10W,Resistors:R,Resistor_SMD:R_0603_1608Metric,YAGEO,RT0603FRE071K96L,https://www.digikey.es/es/products/detail/yageo/RT0603FRE071K96L/1075187,RT,,,,,1K96,±1%,0.1W,1/10W,±50ppm/°C,R0603,"0.063"" L x 0.031""A (1.60mm x 0.80mm)","0.022"" (0.55mm)",,THIN FILM,SMD,-55°C ~ 155°C,Activo,,,AMR,22/08/2026,,,,,,,,,,,
IPN_R-????,R0603_10K_0.1W_±1%,RES 10K OHM 1% 1/10W 0603,10K ±1% 1/10W,Resistors:R,Resistor_SMD:R_0603_1608Metric,YAGEO,RT0603FRE0710KL,https://www.digikey.es/es/products/detail/yageo/RT0603FRE0710KL/1075040,RT,,,,,10K,±1%,0.1W,1/10W,±50ppm/°C,R0603,"0.063"" L x 0.031""A (1.60mm x 0.80mm)","0.022"" (0.55mm)",,THIN FILM,SMD,-55°C ~ 155°C,Activo,,,AMR,22/08/2026,,,,,,,,,,,
IPN_R-????,R0603_10R_0.1W_±1%,RES 10 OHM 1% 1/10W 0603,10R ±1% 1/10W,Resistors:R,Resistor_SMD:R_0603_1608Metric,YAGEO,RT0603FRE0710RL,https://www.digikey.es/es/products/detail/yageo/RT0603FRE0710RL/1075044,RT,,,,,10R,±1%,0.1W,1/10W,±50ppm/°C,R0603,"0.063"" L x 0.031""A (1.60mm x 0.80mm)","0.022"" (0.55mm)",,THIN FILM,SMD,-55°C ~ 155°C,Activo,,,AMR,22/08/2026,,,,,,,,,,,
IPN_R-????,R0603_10K2_0.1W_±1%,RES 10.2K OHM 1% 1/10W 0603,10K2 ±1% 1/10W,Resistors:R,Resistor_SMD:R_0603_1608Metric,YAGEO,RT0603FRE0710K2L,https://www.digikey.es/es/products/detail/yageo/RT0603FRE0710K2L/1075037,RT,,,,,10K2,±1%,0.1W,1/10W,±50ppm/°C,R0603,"0.063"" L x 0.031""A (1.60mm x 0.80mm)","0.022"" (0.55mm)",,THIN FILM,SMD,-55°C ~ 155°C,Activo,,,AMR,22/08/2026,,,,,,,,,,,
IPN_R-????,R0603_10K5_0.1W_±1%,RES 10.5K OHM 1% 1/10W 0603,10K5 ±1% 1/10W,Resistors:R,Resistor_SMD:R_0603_1608Metric,YAGEO,RT0603FRE0710K5L,https://www.digikey.es/es/products/detail/yageo/RT0603FRE0710K5L/1075038,RT,,,,,10K5,±1%,0.1W,1/10W,±50ppm/°C,R0603,"0.063"" L x 0.031""A (1.60mm x 0.80mm)","0.022"" (0.55mm)",,THIN FILM,SMD,-55°C ~ 155°C,Activo,,,AMR,22/08/2026,,,,,,,,,,,
IPN_R-????,R0603_10K7_0.1W_±1%,RES 10.7K OHM 1% 1/10W 0603,10K7 ±1% 1/10W,Resistors:R,Resistor_SMD:R_0603_1608Metric,YAGEO,RT0603FRE0710K7L,https://www.digikey.es/es/products/detail/yageo/RT0603FRE0710K7L/1075039,RT,,,,,10K7,±1%,0.1W,1/10W,±50ppm/°C,R0603,"0.063"" L x 0.031""A (1.60mm x 0.80mm)","0.022"" (0.55mm)",,THIN FILM,SMD,-55°C ~ 155°C,Activo,,,AMR,22/08/2026,,,,,,,,,,,
IPN_R-????,R0603_100K_0.1W_±1%,RES 100K OHM 1% 1/10W 0603,100K ±1% 1/10W,Resistors:R,Resistor_SMD:R_0603_1608Metric,YAGEO,RT0603FRE13100KL,https://www.digikey.es/es/products/detail/yageo/RT0603FRE13100KL/13694112,RT,,,,,100K,±1%,0.1W,1/10W,±50ppm/°C,R0603,"0.063"" L x 0.031""A (1.60mm x 0.80mm)","0.022"" (0.55mm)",,THIN FILM,SMD,-55°C ~ 155°C,Activo,,,AMR,22/08/2026,,,,,,,,,,,
IPN_R-????,R0603_100R_0.1W_±1%,RES 100 OHM 1% 1/10W 0603,100R ±1% 1/10W,Resistors:R,Resistor_SMD:R_0603_1608Metric,YAGEO,RT0603FRE07100RL,https://www.digikey.es/es/products/detail/yageo/RT0603FRE07100RL/1075030,RT,,,,,100R,±1%,0.1W,1/10W,±50ppm/°C,R0603,"0.063"" L x 0.031""A (1.60mm x 0.80mm)","0.022"" (0.55mm)",,THIN FILM,SMD,-55°C ~ 155°C,Activo,,,AMR,22/08/2026,,,,,,,,,,,
IPN_R-????,R0603_105K_0.1W_±1%,RES 105K OHM 1% 1/10W 0603,105K ±1% 1/10W,Resistors:R,Resistor_SMD:R_0603_1608Metric,YAGEO,RT0603FRE07105KL,https://www.digikey.es/es/products/detail/yageo/RT0603FRE07105KL/1075033,RT,,,,,105K,±1%,0.1W,1/10W,±50ppm/°C,R0603,"0.063"" L x 0.031""A (1.60mm x 0.80mm)","0.022"" (0.55mm)",,THIN FILM,SMD,-55°C ~ 155°C,Activo,,,AMR,22/08/2026,,,,,,,,,,,
IPN_R-????,R0603_11K_0.1W_±1%,RES 11K OHM 1% 1/10W 0603,11K ±1% 1/10W,Resistors:R,Resistor_SMD:R_0603_1608Metric,YAGEO,RT0603FRE0711KL,https://www.digikey.es/es/products/detail/yageo/RT0603FRE0711KL/1075056,RT,,,,,11K,±1%,0.1W,1/10W,±50ppm/°C,R0603,"0.063"" L x 0.031""A (1.60mm x 0.80mm)","0.022"" (0.55mm)",,THIN FILM,SMD,-55°C ~ 155°C,Activo,,,AMR,22/08/2026,,,,,,,,,,,
IPN_R-????,R0603_11R_0.1W_±1%,RES 11 OHM 1% 1/10W 0603,11R ±1% 1/10W,Resistors:R,Resistor_SMD:R_0603_1608Metric,YAGEO,RT0603FRE0711RL,https://www.digikey.es/es/products/detail/yageo/RT0603FRE0711RL/1075060,RT,,,,,11R,±1%,0.1W,1/10W,±50ppm/°C,R0603,"0.063"" L x 0.031""A (1.60mm x 0.80mm)","0.022"" (0.55mm)",,THIN FILM,SMD,-55°C ~ 155°C,Activo,,,AMR,22/08/2026,,,,,,,,,,,
IPN_R-????,R0603_11K3_0.1W_±1%,RES 11.3K OHM 1% 1/10W 0603,11K3 ±1% 1/10W,Resistors:R,Resistor_SMD:R_0603_1608Metric,YAGEO,RT0603FRE0711K3L,https://www.digikey.es/es/products/detail/yageo/RT0603FRE0711K3L/1075053,RT,,,,,11K3,±1%,0.1W,1/10W,±50ppm/°C,R0603,"0.063"" L x 0.031""A (1.60mm x 0.80mm)","0.022"" (0.55mm)",,THIN FILM,SMD,-55°C ~ 155°C,Activo,,,AMR,22/08/2026,,,,,,,,,,,
IPN_R-????,R0603_11K5_0.1W_±1%,RES 11.5K OHM 1% 1/10W 0603,11K5 ±1% 1/10W,Resistors:R,Resistor_SMD:R_0603_1608Metric,YAGEO,RT0603FRE0711K5L,https://www.digikey.es/es/products/detail/yageo/RT0603FRE0711K5L/1075054,RT,,,,,11K5,±1%,0.1W,1/10W,±50ppm/°C,R0603,"0.063"" L x 0.031""A (1.60mm x 0.80mm)","0.022"" (0.55mm)",,THIN FILM,SMD,-55°C ~ 155°C,Activo,,,AMR,22/08/2026,,,,,,,,,,,
IPN_R-????,R0603_11K8_0.1W_±1%,RES 11.8K OHM 1% 1/10W 0603,11K8 ±1% 1/10W,Resistors:R,Resistor_SMD:R_0603_1608Metric,YAGEO,RT0603FRE0711K8L,https://www.digikey.es/es/products/detail/yageo/RT0603FRE0711K8L/1075055,RT,,,,,11K8,±1%,0.1W,1/10W,±50ppm/°C,R0603,"0.063"" L x 0.031""A (1.60mm x 0.80mm)","0.022"" (0.55mm)",,THIN FILM,SMD,-55°C ~ 155°C,Activo,,,AMR,22/08/2026,,,,,,,,,,,
IPN_R-????,R0603_110K_0.1W_±1%,RES 110K OHM 1% 1/10W 0603,110K ±1% 1/10W,Resistors:R,Resistor_SMD:R_0603_1608Metric,YAGEO,RT0603FRE07110KL,https://www.digikey.es/es/products/detail/yageo/RT0603FRE07110KL/1075045,RT,,,,,110K,±1%,0.1W,1/10W,±50ppm/°C,R0603,"0.063"" L x 0.031""A (1.60mm x 0.80mm)","0.022"" (0.55mm)",,THIN FILM,SMD,-55°C ~ 155°C,Activo,,,AMR,22/08/2026,,,,,,,,,,,
IPN_R-????,R0603_110R_0.1W_±1%,RES 110 OHM 1% 1/10W 0603,110R ±1% 1/10W,Resistors:R,Resistor_SMD:R_0603_1608Metric,YAGEO,RT0603FRE07110RL,https://www.digikey.es/es/products/detail/yageo/RT0603FRE07110RL/1075046,RT,,,,,110R,±1%,0.1W,1/10W,±50ppm/°C,R0603,"0.063"" L x 0.031""A (1.60mm x 0.80mm)","0.022"" (0.55mm)",,THIN FILM,SMD,-55°C ~ 155°C,Activo,,,AMR,22/08/2026,,,,,,,,,,,
IPN_R-????,R0603_115K_0.1W_±1%,RES 115K OHM 1% 1/10W 0603,115K ±1% 1/10W,Resistors:R,Resistor_SMD:R_0603_1608Metric,YAGEO,RT0603FRE07115KL,https://www.digikey.es/es/products/detail/yageo/RT0603FRE07115KL/1075049,RT,,,,,115K,±1%,0.1W,1/10W,±50ppm/°C,R0603,"0.063"" L x 0.031""A (1.60mm x 0.80mm)","0.022"" (0.55mm)",,THIN FILM,SMD,-55°C ~ 155°C,Activo,,,AMR,22/08/2026,,,,,,,,,,,
IPN_R-????,R0603_115R_0.1W_±1%,RES 115 OHM 1% 1/10W 0603,115R ±1% 1/10W,Resistors:R,Resistor_SMD:R_0603_1608Metric,YAGEO,RT0603FRE07115RL,https://www.digikey.es/es/products/detail/yageo/RT0603FRE07115RL/1075050,RT,,,,,115R,±1%,0.1W,1/10W,±50ppm/°C,R0603,"0.063"" L x 0.031""A (1.60mm x 0.80mm)","0.022"" (0.55mm)",,THIN FILM,SMD,-55°C ~ 155°C,Activo,,,AMR,22/08/2026,,,,,,,,,,,
IPN_R-????,R0603_118K_0.1W_±1%,RES 118K OHM 1% 1/10W 0603,118K ±1% 1/10W,Resistors:R,Resistor_SMD:R_0603_1608Metric,YAGEO,RT0603FRE07118KL,https://www.digikey.es/es/products/detail/yageo/RT0603FRE07118KL/1075051,RT,,,,,118K,±1%,0.1W,1/10W,±50ppm/°C,R0603,"0.063"" L x 0.031""A (1.60mm x 0.80mm)","0.022"" (0.55mm)",,THIN FILM,SMD,-55°C ~ 155°C,Activo,,,AMR,22/08/2026,,,,,,,,,,,
IPN_R-????,R0603_118R_0.1W_±1%,RES 118 OHM 1% 1/10W 0603,118R ±1% 1/10W,Resistors:R,Resistor_SMD:R_0603_1608Metric,YAGEO,RT0603FRE07118RL,https://www.digikey.es/es/products/detail/yageo/RT0603FRE07118RL/1075052,RT,,,,,118R,±1%,0.1W,1/10W,±50ppm/°C,R0603,"0.063"" L x 0.031""A (1.60mm x 0.80mm)","0.022"" (0.55mm)",,THIN FILM,SMD,-55°C ~ 155°C,Activo,,,AMR,22/08/2026,,,,,,,,,,,
IPN_R-????,R0603_12K_0.1W_±1%,RES 12K OHM 1% 1/10W 0603,12K ±1% 1/10W,Resistors:R,Resistor_SMD:R_0603_1608Metric,YAGEO,RT0603FRE0712KL,https://www.digikey.es/es/products/detail/yageo/RT0603FRE0712KL/1075072,RT,,,,,12K,±1%,0.1W,1/10W,±50ppm/°C,R0603,"0.063"" L x 0.031""A (1.60mm x 0.80mm)","0.022"" (0.55mm)",,THIN FILM,SMD,-55°C ~ 155°C,Activo,,,AMR,22/08/2026,,,,,,,,,,,
IPN_R-????,R0603_12R_0.1W_±1%,RES 12 OHM 1% 1/10W 0603,12R ±1% 1/10W,Resistors:R,Resistor_SMD:R_0603_1608Metric,YAGEO,RT0603FRE0712RL,https://www.digikey.es/es/products/detail/yageo/RT0603FRE0712RL/1075076,RT,,,,,12R,±1%,0.1W,1/10W,±50ppm/°C,R0603,"0.063"" L x 0.031""A (1.60mm x 0.80mm)","0.022"" (0.55mm)",,THIN FILM,SMD,-55°C ~ 155°C,Activo,,,AMR,22/08/2026,,,,,,,,,,,
IPN_R-????,R0603_12K1_0.1W_±1%,RES 12.1K OHM 1% 1/10W 0603,12K1 ±1% 1/10W,Resistors:R,Resistor_SMD:R_0603_1608Metric,YAGEO,RT0603FRE0712K1L,https://www.digikey.es/es/products/detail/yageo/RT0603FRE0712K1L/1075069,RT,,,,,12K1,±1%,0.1W,1/10W,±50ppm/°C,R0603,"0.063"" L x 0.031""A (1.60mm x 0.80mm)","0.022"" (0.55mm)",,THIN FILM,SMD,-55°C ~ 155°C,Activo,,,AMR,22/08/2026,,,,,,,,,,,
IPN_R-????,R0603_12R1_0.1W_±1%,RES 12.1 OHM 1% 1/10W 0603,12R1 ±1% 1/10W,Resistors:R,Resistor_SMD:R_0603_1608Metric,YAGEO,RT0603FRE0712R1L,https://www.digikey.es/es/products/detail/yageo/RT0603FRE0712R1L/1075073,RT,,,,,12R1,±1%,0.1W,1/10W,±50ppm/°C,R0603,"0.063"" L x 0.031""A (1.60mm x 0.80mm)","0.022"" (0.55mm)",,THIN FILM,SMD,-55°C ~ 155°C,Activo,,,AMR,22/08/2026,,,,,,,,,,,
IPN_R-????,R0603_12K7_0.1W_±1%,RES 12.7K OHM 1% 1/10W 0603,12K7 ±1% 1/10W,Resistors:R,Resistor_SMD:R_0603_1608Metric,YAGEO,RT0603FRE0712K7L,https://www.digikey.es/es/products/detail/yageo/RT0603FRE0712K7L/1075071,RT,,,,,12K7,±1%,0.1W,1/10W,±50ppm/°C,R0603,"0.063"" L x 0.031""A (1.60mm x 0.80mm)","0.022"" (0.55mm)",,THIN FILM,SMD,-55°C ~ 155°C,Activo,,,AMR,22/08/2026,,,,,,,,,,,
IPN_R-????,R0603_120K_0.1W_±1%,RES 120K OHM 1% 1/10W 0603,120K ±1% 1/10W,Resistors:R,Resistor_SMD:R_0603_1608Metric,YAGEO,RT0603FRE07120KL,https://www.digikey.es/es/products/detail/yageo/RT0603FRE07120KL/1075061,RT,,,,,120K,±1%,0.1W,1/10W,±50ppm/°C,R0603,"0.063"" L x 0.031""A (1.60mm x 0.80mm)","0.022"" (0.55mm)",,THIN FILM,SMD,-55°C ~ 155°C,Activo,,,AMR,22/08/2026,,,,,,,,,,,
IPN_R-????,R0603_120R_0.1W_±1%,RES 120 OHM 1% 1/10W 0603,120R ±1% 1/10W,Resistors:R,Resistor_SMD:R_0603_1608Metric,YAGEO,RT0603FRE13120RL,https://www.digikey.es/es/products/detail/yageo/RT0603FRE13120RL/17022839,RT,,,,,120R,±1%,0.1W,1/10W,±50ppm/°C,R0603,"0.063"" L x 0.031""A (1.60mm x 0.80mm)","0.022"" (0.55mm)",,THIN FILM,SMD,-55°C ~ 155°C,Activo,,,AMR,22/08/2026,,,,,,,,,,,
IPN_R-????,R0603_121K_0.1W_±1%,RES 121K OHM 1% 1/10W 0603,121K ±1% 1/10W,Resistors:R,Resistor_SMD:R_0603_1608Metric,YAGEO,RT0603FRE07121KL,https://www.digikey.es/es/products/detail/yageo/RT0603FRE07121KL/1075063,RT,,,,,121K,±1%,0.1W,1/10W,±50ppm/°C,R0603,"0.063"" L x 0.031""A (1.60mm x 0.80mm)","0.022"" (0.55mm)",,THIN FILM,SMD,-55°C ~ 155°C,Activo,,,AMR,22/08/2026,,,,,,,,,,,
IPN_R-????,R0603_121R_0.1W_±1%,RES 121 OHM 1% 1/10W 0603,121R ±1% 1/10W,Resistors:R,Resistor_SMD:R_0603_1608Metric,YAGEO,RT0603FRE07121RL,https://www.digikey.es/es/products/detail/yageo/RT0603FRE07121RL/1075064,RT,,,,,121R,±1%,0.1W,1/10W,±50ppm/°C,R0603,"0.063"" L x 0.031""A (1.60mm x 0.80mm)","0.022"" (0.55mm)",,THIN FILM,SMD,-55°C ~ 155°C,Activo,,,AMR,22/08/2026,,,,,,,,,,,
IPN_R-????,R0603_124K_0.1W_±1%,RES 124K OHM 1% 1/10W 0603,124K ±1% 1/10W,Resistors:R,Resistor_SMD:R_0603_1608Metric,YAGEO,RT0603FRE07124KL,https://www.digikey.es/es/products/detail/yageo/RT0603FRE07124KL/1075065,RT,,,,,124K,±1%,0.1W,1/10W,±50ppm/°C,R0603,"0.063"" L x 0.031""A (1.60mm x 0.80mm)","0.022"" (0.55mm)",,THIN FILM,SMD,-55°C ~ 155°C,Activo,,,AMR,22/08/2026,,,,,,,,,,,
IPN_R-????,R0603_124R_0.1W_±1%,RES 124 OHM 1% 1/10W 0603,124R ±1% 1/10W,Resistors:R,Resistor_SMD:R_0603_1608Metric,YAGEO,RT0603FRE07124RL,https://www.digikey.es/es/products/detail/yageo/RT0603FRE07124RL/1075066,RT,,,,,124R,±1%,0.1W,1/10W,±50ppm/°C,R0603,"0.063"" L x 0.031""A (1.60mm x 0.80mm)","0.022"" (0.55mm)",,THIN FILM,SMD,-55°C ~ 155°C,Activo,,,AMR,22/08/2026,,,,,,,,,,,
IPN_R-????,R0603_127K_0.1W_±1%,RES 127K OHM 1% 1/10W 0603,127K ±1% 1/10W,Resistors:R,Resistor_SMD:R_0603_1608Metric,YAGEO,RT0603FRE07127KL,https://www.digikey.es/es/products/detail/yageo/RT0603FRE07127KL/1075067,RT,,,,,127K,±1%,0.1W,1/10W,±50ppm/°C,R0603,"0.063"" L x 0.031""A (1.60mm x 0.80mm)","0.022"" (0.55mm)",,THIN FILM,SMD,-55°C ~ 155°C,Activo,,,AMR,22/08/2026,,,,,,,,,,,
IPN_R-????,R0603_127R_0.1W_±1%,RES 127 OHM 1% 1/10W 0603,127R ±1% 1/10W,Resistors:R,Resistor_SMD:R_0603_1608Metric,YAGEO,RT0603FRE07127RL,https://www.digikey.es/es/products/detail/yageo/RT0603FRE07127RL/1075068,RT,,,,,127R,±1%,0.1W,1/10W,±50ppm/°C,R0603,"0.063"" L x 0.031""A (1.60mm x 0.80mm)","0.022"" (0.55mm)",,THIN FILM,SMD,-55°C ~ 155°C,Activo,,,AMR,22/08/2026,,,,,,,,,,,
IPN_R-????,R0603_13K_0.1W_±1%,RES 13K OHM 1% 1/10W 0603,13K ±1% 1/10W,Resistors:R,Resistor_SMD:R_0603_1608Metric,YAGEO,RT0603FRE0713KL,https://www.digikey.es/es/products/detail/yageo/RT0603FRE0713KL/1075085,RT,,,,,13K,±1%,0.1W,1/10W,±50ppm/°C,R0603,"0.063"" L x 0.031""A (1.60mm x 0.80mm)","0.022"" (0.55mm)",,THIN FILM,SMD,-55°C ~ 155°C,Activo,,,AMR,22/08/2026,,,,,,,,,,,
IPN_R-????,R0603_13R_0.1W_±1%,RES 13 OHM 1% 1/10W 0603,13R ±1% 1/10W,Resistors:R,Resistor_SMD:R_0603_1608Metric,YAGEO,RT0603FRE0713RL,https://www.digikey.es/es/products/detail/yageo/RT0603FRE0713RL/1075088,RT,,,,,13R,±1%,0.1W,1/10W,±50ppm/°C,R0603,"0.063"" L x 0.031""A (1.60mm x 0.80mm)","0.022"" (0.55mm)",,THIN FILM,SMD,-55°C ~ 155°C,Activo,,,AMR,22/08/2026,,,,,,,,,,,
IPN_R-????,R0603_13K3_0.1W_±1%,RES 13.3K OHM 1% 1/10W 0603,13K3 ±1% 1/10W,Resistors:R,Resistor_SMD:R_0603_1608Metric,YAGEO,RT0603FRE0713K3L,https://www.digikey.es/es/products/detail/yageo/RT0603FRE0713K3L/1075083,RT,,,,,13K3,±1%,0.1W,1/10W,±50ppm/°C,R0603,"0.063"" L x 0.031""A (1.60mm x 0.80mm)","0.022"" (0.55mm)",,THIN FILM,SMD,-55°C ~ 155°C,Activo,,,AMR,22/08/2026,,,,,,,,,,,
IPN_R-????,R0603_13K7_0.1W_±1%,RES 13.7K OHM 1% 1/10W 0603,13K7 ±1% 1/10W,Resistors:R,Resistor_SMD:R_0603_1608Metric,YAGEO,RT0603FRE0713K7L,https://www.digikey.es/es/products/detail/yageo/RT0603FRE0713K7L/1075084,RT,,,,,13K7,±1%,0.1W,1/10W,±50ppm/°C,R0603,"0.063"" L x 0.031""A (1.60mm x 0.80mm)","0.022"" (0.55mm)",,THIN FILM,SMD,-55°C ~ 155°C,Activo,,,AMR,22/08/2026,,,,,,,,,,,
IPN_R-????,R0603_130K_0.1W_±1%,RES 130K OHM 1% 1/10W 0603,130K ±1% 1/10W,Resistors:R,Resistor_SMD:R_0603_1608Metric,YAGEO,RT0603FRE07130KL,https://www.digikey.es/es/products/detail/yageo/RT0603FRE07130KL/1075077,RT,,,,,130K,±1%,0.1W,1/10W,±50ppm/°C,R0603,"0.063"" L x 0.031""A (1.60mm x 0.80mm)","0.022"" (0.55mm)",,THIN FILM,SMD,-55°C ~ 155°C,Activo,,,AMR,22/08/2026,,,,,,,,,,,
IPN_R-????,R0603_130R_0.1W_±1%,RES 130 OHM 1% 1/10W 0603,130R ±1% 1/10W,Resistors:R,Resistor_SMD:R_0603_1608Metric,YAGEO,RT0603FRE07130RL,https://www.digikey.es/es/products/detail/yageo/RT0603FRE07130RL/1075078,RT,,,,,130R,±1%,0.1W,1/10W,±50ppm/°C,R0603,"0.063"" L x 0.031""A (1.60mm x 0.80mm)","0.022"" (0.55mm)",,THIN FILM,SMD,-55°C ~ 155°C,Activo,,,AMR,22/08/2026,,,,,,,,,,,
IPN_R-????,R0603_133K_0.1W_±1%,RES 133K OHM 1% 1/10W 0603,133K ±1% 1/10W,Resistors:R,Resistor_SMD:R_0603_1608Metric,YAGEO,RT0603FRE07133KL,https://www.digikey.es/es/products/detail/yageo/RT0603FRE07133KL/1075079,RT,,,,,133K,±1%,0.1W,1/10W,±50ppm/°C,R0603,"0.063"" L x 0.031""A (1.60mm x 0.80mm)","0.022"" (0.55mm)",,THIN FILM,SMD,-55°C ~ 155°C,Activo,,,AMR,22/08/2026,,,,,,,,,,,
IPN_R-????,R0603_133R_0.1W_±1%,RES 133 OHM 1% 1/10W 0603,133R ±1% 1/10W,Resistors:R,Resistor_SMD:R_0603_1608Metric,YAGEO,RT0603FRE07133RL,https://www.digikey.es/es/products/detail/yageo/RT0603FRE07133RL/1075080,RT,,,,,133R,±1%,0.1W,1/10W,±50ppm/°C,R0603,"0.063"" L x 0.031""A (1.60mm x 0.80mm)","0.022"" (0.55mm)",,THIN FILM,SMD,-55°C ~ 155°C,Activo,,,AMR,22/08/2026,,,,,,,,,,,
IPN_R-????,R0603_137K_0.1W_±1%,RES 137K OHM 1% 1/10W 0603,137K ±1% 1/10W,Resistors:R,Resistor_SMD:R_0603_1608Metric,YAGEO,RT0603FRE07137KL,https://www.digikey.es/es/products/detail/yageo/RT0603FRE07137KL/1075081,RT,,,,,137K,±1%,0.1W,1/10W,±50ppm/°C,R0603,"0.063"" L x 0.031""A (1.60mm x 0.80mm)","0.022"" (0.55mm)",,THIN FILM,SMD,-55°C ~ 155°C,Activo,,,AMR,22/08/2026,,,,,,,,,,,
IPN_R-????,R0603_137R_0.1W_±1%,RES 137 OHM 1% 1/10W 0603,137R ±1% 1/10W,Resistors:R,Resistor_SMD:R_0603_1608Metric,YAGEO,RT0603FRE07137RL,https://www.digikey.es/es/products/detail/yageo/RT0603FRE07137RL/1075082,RT,,,,,137R,±1%,0.1W,1/10W,±50ppm/°C,R0603,"0.063"" L x 0.031""A (1.60mm x 0.80mm)","0.022"" (0.55mm)",,THIN FILM,SMD,-55°C ~ 155°C,Activo,,,AMR,22/08/2026,,,,,,,,,,,
IPN_R-????,R0603_14K_0.1W_±1%,RES 14K OHM 1% 1/10W 0603,14K ±1% 1/10W,Resistors:R,Resistor_SMD:R_0603_1608Metric,YAGEO,RT0603FRE0714KL,https://www.digikey.es/es/products/detail/yageo/RT0603FRE0714KL/1075097,RT,,,,,14K,±1%,0.1W,1/10W,±50ppm/°C,R0603,"0.063"" L x 0.031""A (1.60mm x 0.80mm)","0.022"" (0.55mm)",,THIN FILM,SMD,-55°C ~ 155°C,Activo,,,AMR,22/08/2026,,,,,,,,,,,
IPN_R-????,R0603_14R_0.1W_±1%,RES 14 OHM 1% 1/10W 0603,14R ±1% 1/10W,Resistors:R,Resistor_SMD:R_0603_1608Metric,YAGEO,RT0603FRE0714RL,https://www.digikey.es/es/products/detail/yageo/RT0603FRE0714RL/1075100,RT,,,,,14R,±1%,0.1W,1/10W,±50ppm/°C,R0603,"0.063"" L x 0.031""A (1.60mm x 0.80mm)","0.022"" (0.55mm)",,THIN FILM,SMD,-55°C ~ 155°C,Activo,,,AMR,22/08/2026,,,,,,,,,,,
IPN_R-????,R0603_14K3_0.1W_±1%,RES 14.3K OHM 1% 1/10W 0603,14K3 ±1% 1/10W,Resistors:R,Resistor_SMD:R_0603_1608Metric,YAGEO,RT0603FRE0714K3L,https://www.digikey.es/es/products/detail/yageo/RT0603FRE0714K3L/1075095,RT,,,,,14K3,±1%,0.1W,1/10W,±50ppm/°C,R0603,"0.063"" L x 0.031""A (1.60mm x 0.80mm)","0.022"" (0.55mm)",,THIN FILM,SMD,-55°C ~ 155°C,Activo,,,AMR,22/08/2026,,,,,,,,,,,
IPN_R-????,R0603_14K7_0.1W_±1%,RES 14.7K OHM 1% 1/10W 0603,14K7 ±1% 1/10W,Resistors:R,Resistor_SMD:R_0603_1608Metric,YAGEO,RT0603FRE0714K7L,https://www.digikey.es/es/products/detail/yageo/RT0603FRE0714K7L/1075096,RT,,,,,14K7,±1%,0.1W,1/10W,±50ppm/°C,R0603,"0.063"" L x 0.031""A (1.60mm x 0.80mm)","0.022"" (0.55mm)",,THIN FILM,SMD,-55°C ~ 155°C,Activo,,,AMR,22/08/2026,,,,,,,,,,,
IPN_R-????,R0603_140K_0.1W_±1%,RES 140K OHM 1% 1/10W 0603,140K ±1% 1/10W,Resistors:R,Resistor_SMD:R_0603_1608Metric,YAGEO,RT0603FRE07140KL,https://www.digikey.es/es/products/detail/yageo/RT0603FRE07140KL/1075089,RT,,,,,140K,±1%,0.1W,1/10W,±50ppm/°C,R0603,"0.063"" L x 0.031""A (1.60mm x 0.80mm)","0.022"" (0.55mm)",,THIN FILM,SMD,-55°C ~ 155°C,Activo,,,AMR,22/08/2026,,,,,,,,,,,
IPN_R-????,R0603_147K_0.1W_±1%,RES 147K OHM 1% 1/10W 0603,147K ±1% 1/10W,Resistors:R,Resistor_SMD:R_0603_1608Metric,YAGEO,RT0603FRE07147KL,https://www.digikey.es/es/products/detail/yageo/RT0603FRE07147KL/1075093,RT,,,,,147K,±1%,0.1W,1/10W,±50ppm/°C,R0603,"0.063"" L x 0.031""A (1.60mm x 0.80mm)","0.022"" (0.55mm)",,THIN FILM,SMD,-55°C ~ 155°C,Activo,,,AMR,22/08/2026,,,,,,,,,,,
IPN_R-????,R0603_147R_0.1W_±1%,RES 147 OHM 1% 1/10W 0603,147R ±1% 1/10W,Resistors:R,Resistor_SMD:R_0603_1608Metric,YAGEO,RT0603FRE07147RL,https://www.digikey.es/es/products/detail/yageo/RT0603FRE07147RL/1075094,RT,,,,,147R,±1%,0.1W,1/10W,±50ppm/°C,R0603,"0.063"" L x 0.031""A (1.60mm x 0.80mm)","0.022"" (0.55mm)",,THIN FILM,SMD,-55°C ~ 155°C,Activo,,,AMR,22/08/2026,,,,,,,,,,,
IPN_R-????,R0603_15K_0.1W_±1%,RES 15K OHM 1% 1/10W 0603,15K ±1% 1/10W,Resistors:R,Resistor_SMD:R_0603_1608Metric,YAGEO,RT0603FRE1315KL,https://www.digikey.es/es/products/detail/yageo/RT0603FRE1315KL/14008259,RT,,,,,15K,±1%,0.1W,1/10W,±50ppm/°C,R0603,"0.063"" L x 0.031""A (1.60mm x 0.80mm)","0.022"" (0.55mm)",,THIN FILM,SMD,-55°C ~ 155°C,Activo,,,AMR,22/08/2026,,,,,,,,,,,
IPN_R-????,R0603_15K_0.1W_±1%,RES 15K OHM 1% 1/10W 0603,15K ±1% 1/10W,Resistors:R,Resistor_SMD:R_0603_1608Metric,YAGEO,RT0603FRE0715KL,https://www.digikey.es/es/products/detail/yageo/RT0603FRE0715KL/1075109,RT,,,,,15K,±1%,0.1W,1/10W,±50ppm/°C,R0603,"0.063"" L x 0.031""A (1.60mm x 0.80mm)","0.022"" (0.55mm)",,THIN FILM,SMD,-55°C ~ 155°C,Activo,,,AMR,22/08/2026,,,,,,,,,,,
IPN_R-????,R0603_15R_0.1W_±1%,RES 15 OHM 1% 1/10W 0603,15R ±1% 1/10W,Resistors:R,Resistor_SMD:R_0603_1608Metric,YAGEO,RT0603FRE0715RL,https://www.digikey.es/es/products/detail/yageo/RT0603FRE0715RL/1075112,RT,,,,,15R,±1%,0.1W,1/10W,±50ppm/°C,R0603,"0.063"" L x 0.031""A (1.60mm x 0.80mm)","0.022"" (0.55mm)",,THIN FILM,SMD,-55°C ~ 155°C,Activo,,,AMR,22/08/2026,,,,,,,,,,,
IPN_R-????,R0603_15K4_0.1W_±1%,RES 15.4K OHM 1% 1/10W 0603,15K4 ±1% 1/10W,Resistors:R,Resistor_SMD:R_0603_1608Metric,YAGEO,RT0603FRE0715K4L,https://www.digikey.es/es/products/detail/yageo/RT0603FRE0715K4L/1075107,RT,,,,,15K4,±1%,0.1W,1/10W,±50ppm/°C,R0603,"0.063"" L x 0.031""A (1.60mm x 0.80mm)","0.022"" (0.55mm)",,THIN FILM,SMD,-55°C ~ 155°C,Activo,,,AMR,22/08/2026,,,,,,,,,,,
IPN_R-????,R0603_15K8_0.1W_±1%,RES 15.8K OHM 1% 1/10W 0603,15K8 ±1% 1/10W,Resistors:R,Resistor_SMD:R_0603_1608Metric,YAGEO,RT0603FRE0715K8L,https://www.digikey.es/es/products/detail/yageo/RT0603FRE0715K8L/1075108,RT,,,,,15K8,±1%,0.1W,1/10W,±50ppm/°C,R0603,"0.063"" L x 0.031""A (1.60mm x 0.80mm)","0.022"" (0.55mm)",,THIN FILM,SMD,-55°C ~ 155°C,Activo,,,AMR,22/08/2026,,,,,,,,,,,
IPN_R-????,R0603_150K_0.1W_±1%,RES 150K OHM 1% 1/10W 0603,150K ±1% 1/10W,Resistors:R,Resistor_SMD:R_0603_1608Metric,YAGEO,RT0603FRE07150KL,https://www.digikey.es/es/products/detail/yageo/RT0603FRE07150KL/1075101,RT,,,,,150K,±1%,0.1W,1/10W,±50ppm/°C,R0603,"0.063"" L x 0.031""A (1.60mm x 0.80mm)","0.022"" (0.55mm)",,THIN FILM,SMD,-55°C ~ 155°C,Activo,,,AMR,22/08/2026,,,,,,,,,,,
IPN_R-????,R0603_150R_0.1W_±1%,RES 150 OHM 1% 1/10W 0603,150R ±1% 1/10W,Resistors:R,Resistor_SMD:R_0603_1608Metric,YAGEO,RT0603FRE07150RL,https://www.digikey.es/es/products/detail/yageo/RT0603FRE07150RL/1075102,RT,,,,,150R,±1%,0.1W,1/10W,±50ppm/°C,R0603,"0.063"" L x 0.031""A (1.60mm x 0.80mm)","0.022"" (0.55mm)",,THIN FILM,SMD,-55°C ~ 155°C,Activo,,,AMR,22/08/2026,,,,,,,,,,,
IPN_R-????,R0603_154R_0.1W_±1%,RES 154 OHM 1% 1/10W 0603,154R ±1% 1/10W,Resistors:R,Resistor_SMD:R_0603_1608Metric,YAGEO,RT0603FRE07154RL,https://www.digikey.es/es/products/detail/yageo/RT0603FRE07154RL/1075104,RT,,,,,154R,±1%,0.1W,1/10W,±50ppm/°C,R0603,"0.063"" L x 0.031""A (1.60mm x 0.80mm)","0.022"" (0.55mm)",,THIN FILM,SMD,-55°C ~ 155°C,Activo,,,AMR,22/08/2026,,,,,,,,,,,
IPN_R-????,R0603_158K_0.1W_±1%,RES 158K OHM 1% 1/10W 0603,158K ±1% 1/10W,Resistors:R,Resistor_SMD:R_0603_1608Metric,YAGEO,RT0603FRE07158KL,https://www.digikey.es/es/products/detail/yageo/RT0603FRE07158KL/1075105,RT,,,,,158K,±1%,0.1W,1/10W,±50ppm/°C,R0603,"0.063"" L x 0.031""A (1.60mm x 0.80mm)","0.022"" (0.55mm)",,THIN FILM,SMD,-55°C ~ 155°C,Activo,,,AMR,22/08/2026,,,,,,,,,,,
IPN_R-????,R0603_16K_0.1W_±1%,RES 16K OHM 1% 1/10W 0603,16K ±1% 1/10W,Resistors:R,Resistor_SMD:R_0603_1608Metric,YAGEO,RT0603FRE0716KL,https://www.digikey.es/es/products/detail/yageo/RT0603FRE0716KL/1075124,RT,,,,,16K,±1%,0.1W,1/10W,±50ppm/°C,R0603,"0.063"" L x 0.031""A (1.60mm x 0.80mm)","0.022"" (0.55mm)",,THIN FILM,SMD,-55°C ~ 155°C,Activo,,,AMR,22/08/2026,,,,,,,,,,,
IPN_R-????,R0603_16R_0.1W_±1%,RES 16 OHM 1% 1/10W 0603,16R ±1% 1/10W,Resistors:R,Resistor_SMD:R_0603_1608Metric,YAGEO,RT0603FRE0716RL,https://www.digikey.es/es/products/detail/yageo/RT0603FRE0716RL/1075128,RT,,,,,16R,±1%,0.1W,1/10W,±50ppm/°C,R0603,"0.063"" L x 0.031""A (1.60mm x 0.80mm)","0.022"" (0.55mm)",,THIN FILM,SMD,-55°C ~ 155°C,Activo,,,AMR,22/08/2026,,,,,,,,,,,
IPN_R-????,R0603_16K2_0.1W_±1%,RES 16.2K OHM 1% 1/10W 0603,16K2 ±1% 1/10W,Resistors:R,Resistor_SMD:R_0603_1608Metric,YAGEO,RT0603FRE0716K2L,https://www.digikey.es/es/products/detail/yageo/RT0603FRE0716K2L/1075121,RT,,,,,16K2,±1%,0.1W,1/10W,±50ppm/°C,R0603,"0.063"" L x 0.031""A (1.60mm x 0.80mm)","0.022"" (0.55mm)",,THIN FILM,SMD,-55°C ~ 155°C,Activo,,,AMR,22/08/2026,,,,,,,,,,,
IPN_R-????,R0603_16K5_0.1W_±1%,RES 16.5K OHM 1% 1/10W 0603,16K5 ±1% 1/10W,Resistors:R,Resistor_SMD:R_0603_1608Metric,YAGEO,RT0603FRE0716K5L,https://www.digikey.es/es/products/detail/yageo/RT0603FRE0716K5L/1075122,RT,,,,,16K5,±1%,0.1W,1/10W,±50ppm/°C,R0603,"0.063"" L x 0.031""A (1.60mm x 0.80mm)","0.022"" (0.55mm)",,THIN FILM,SMD,-55°C ~ 155°C,Activo,,,AMR,22/08/2026,,,,,,,,,,,
IPN_R-????,R0603_16R5_0.1W_±1%,RES 16.5 OHM 1% 1/10W 0603,16R5 ±1% 1/10W,Resistors:R,Resistor_SMD:R_0603_1608Metric,YAGEO,RT0603FRE0716R5L,https://www.digikey.es/es/products/detail/yageo/RT0603FRE0716R5L/1075126,RT,,,,,16R5,±1%,0.1W,1/10W,±50ppm/°C,R0603,"0.063"" L x 0.031""A (1.60mm x 0.80mm)","0.022"" (0.55mm)",,THIN FILM,SMD,-55°C ~ 155°C,Activo,,,AMR,22/08/2026,,,,,,,,,,,
IPN_R-????,R0603_16K9_0.1W_±1%,RES 16.9K OHM 1% 1/10W 0603,16K9 ±1% 1/10W,Resistors:R,Resistor_SMD:R_0603_1608Metric,YAGEO,RT0603FRE0716K9L,https://www.digikey.es/es/products/detail/yageo/RT0603FRE0716K9L/1075123,RT,,,,,16K9,±1%,0.1W,1/10W,±50ppm/°C,R0603,"0.063"" L x 0.031""A (1.60mm x 0.80mm)","0.022"" (0.55mm)",,THIN FILM,SMD,-55°C ~ 155°C,Activo,,,AMR,22/08/2026,,,,,,,,,,,
IPN_R-????,R0603_160K_0.1W_±1%,RES 160K OHM 1% 1/10W 0603,160K ±1% 1/10W,Resistors:R,Resistor_SMD:R_0603_1608Metric,YAGEO,RT0603FRE07160KL,https://www.digikey.es/es/products/detail/yageo/RT0603FRE07160KL/1075113,RT,,,,,160K,±1%,0.1W,1/10W,±50ppm/°C,R0603,"0.063"" L x 0.031""A (1.60mm x 0.80mm)","0.022"" (0.55mm)",,THIN FILM,SMD,-55°C ~ 155°C,Activo,,,AMR,22/08/2026,,,,,,,,,,,
IPN_R-????,R0603_160R_0.1W_±1%,RES 160 OHM 1% 1/10W 0603,160R ±1% 1/10W,Resistors:R,Resistor_SMD:R_0603_1608Metric,YAGEO,RT0603FRE07160RL,https://www.digikey.es/es/products/detail/yageo/RT0603FRE07160RL/1075114,RT,,,,,160R,±1%,0.1W,1/10W,±50ppm/°C,R0603,"0.063"" L x 0.031""A (1.60mm x 0.80mm)","0.022"" (0.55mm)",,THIN FILM,SMD,-55°C ~ 155°C,Activo,,,AMR,22/08/2026,,,,,,,,,,,
IPN_R-????,R0603_162K_0.1W_±1%,RES 162K OHM 1% 1/10W 0603,162K ±1% 1/10W,Resistors:R,Resistor_SMD:R_0603_1608Metric,YAGEO,RT0603FRE07162KL,https://www.digikey.es/es/products/detail/yageo/RT0603FRE07162KL/1075115,RT,,,,,162K,±1%,0.1W,1/10W,±50ppm/°C,R0603,"0.063"" L x 0.031""A (1.60mm x 0.80mm)","0.022"" (0.55mm)",,THIN FILM,SMD,-55°C ~ 155°C,Activo,,,AMR,22/08/2026,,,,,,,,,,,
IPN_R-????,R0603_162R_0.1W_±1%,RES 162 OHM 1% 1/10W 0603,162R ±1% 1/10W,Resistors:R,Resistor_SMD:R_0603_1608Metric,YAGEO,RT0603FRE07162RL,https://www.digikey.es/es/products/detail/yageo/RT0603FRE07162RL/1075116,RT,,,,,162R,±1%,0.1W,1/10W,±50ppm/°C,R0603,"0.063"" L x 0.031""A (1.60mm x 0.80mm)","0.022"" (0.55mm)",,THIN FILM,SMD,-55°C ~ 155°C,Activo,,,AMR,22/08/2026,,,,,,,,,,,
IPN_R-????,R0603_165K_0.1W_±1%,RES 165K OHM 1% 1/10W 0603,165K ±1% 1/10W,Resistors:R,Resistor_SMD:R_0603_1608Metric,YAGEO,RT0603FRE07165KL,https://www.digikey.es/es/products/detail/yageo/RT0603FRE07165KL/1075117,RT,,,,,165K,±1%,0.1W,1/10W,±50ppm/°C,R0603,"0.063"" L x 0.031""A (1.60mm x 0.80mm)","0.022"" (0.55mm)",,THIN FILM,SMD,-55°C ~ 155°C,Activo,,,AMR,22/08/2026,,,,,,,,,,,
IPN_R-????,R0603_165R_0.1W_±1%,RES 165 OHM 1% 1/10W 0603,165R ±1% 1/10W,Resistors:R,Resistor_SMD:R_0603_1608Metric,YAGEO,RT0603FRE07165RL,https://www.digikey.es/es/products/detail/yageo/RT0603FRE07165RL/1075118,RT,,,,,165R,±1%,0.1W,1/10W,±50ppm/°C,R0603,"0.063"" L x 0.031""A (1.60mm x 0.80mm)","0.022"" (0.55mm)",,THIN FILM,SMD,-55°C ~ 155°C,Activo,,,AMR,22/08/2026,,,,,,,,,,,
IPN_R-????,R0603_169K_0.1W_±1%,RES 169K OHM 1% 1/10W 0603,169K ±1% 1/10W,Resistors:R,Resistor_SMD:R_0603_1608Metric,YAGEO,RT0603FRE07169KL,https://www.digikey.es/es/products/detail/yageo/RT0603FRE07169KL/1075119,RT,,,,,169K,±1%,0.1W,1/10W,±50ppm/°C,R0603,"0.063"" L x 0.031""A (1.60mm x 0.80mm)","0.022"" (0.55mm)",,THIN FILM,SMD,-55°C ~ 155°C,Activo,,,AMR,22/08/2026,,,,,,,,,,,
IPN_R-????,R0603_169R_0.1W_±1%,RES 169 OHM 1% 1/10W 0603,169R ±1% 1/10W,Resistors:R,Resistor_SMD:R_0603_1608Metric,YAGEO,RT0603FRE07169RL,https://www.digikey.es/es/products/detail/yageo/RT0603FRE07169RL/1075120,RT,,,,,169R,±1%,0.1W,1/10W,±50ppm/°C,R0603,"0.063"" L x 0.031""A (1.60mm x 0.80mm)","0.022"" (0.55mm)",,THIN FILM,SMD,-55°C ~ 155°C,Activo,,,AMR,22/08/2026,,,,,,,,,,,
IPN_R-????,R0603_17K4_0.1W_±1%,RES 17.4K OHM 1% 1/10W 0603,17K4 ±1% 1/10W,Resistors:R,Resistor_SMD:R_0603_1608Metric,YAGEO,RT0603FRE0717K4L,https://www.digikey.es/es/products/detail/yageo/RT0603FRE0717K4L/1075133,RT,,,,,17K4,±1%,0.1W,1/10W,±50ppm/°C,R0603,"0.063"" L x 0.031""A (1.60mm x 0.80mm)","0.022"" (0.55mm)",,THIN FILM,SMD,-55°C ~ 155°C,Activo,,,AMR,22/08/2026,,,,,,,,,,,
IPN_R-????,R0603_17K8_0.1W_±1%,RES 17.8K OHM 1% 1/10W 0603,17K8 ±1% 1/10W,Resistors:R,Resistor_SMD:R_0603_1608Metric,YAGEO,RT0603FRE0717K8L,https://www.digikey.es/es/products/detail/yageo/RT0603FRE0717K8L/1075134,RT,,,,,17K8,±1%,0.1W,1/10W,±50ppm/°C,R0603,"0.063"" L x 0.031""A (1.60mm x 0.80mm)","0.022"" (0.55mm)",,THIN FILM,SMD,-55°C ~ 155°C,Activo,,,AMR,22/08/2026,,,,,,,,,,,
IPN_R-????,R0603_17R8_0.1W_±1%,RES 17.8 OHM 1% 1/10W 0603,17R8 ±1% 1/10W,Resistors:R,Resistor_SMD:R_0603_1608Metric,YAGEO,RT0603FRE0717R8L,https://www.digikey.es/es/products/detail/yageo/RT0603FRE0717R8L/1075136,RT,,,,,17R8,±1%,0.1W,1/10W,±50ppm/°C,R0603,"0.063"" L x 0.031""A (1.60mm x 0.80mm)","0.022"" (0.55mm)",,THIN FILM,SMD,-55°C ~ 155°C,Activo,,,AMR,22/08/2026,,,,,,,,,,,
IPN_R-????,R0603_174K_0.1W_±1%,RES 174K OHM 1% 1/10W 0603,174K ±1% 1/10W,Resistors:R,Resistor_SMD:R_0603_1608Metric,YAGEO,RT0603FRE07174KL,https://www.digikey.es/es/products/detail/yageo/RT0603FRE07174KL/1075129,RT,,,,,174K,±1%,0.1W,1/10W,±50ppm/°C,R0603,"0.063"" L x 0.031""A (1.60mm x 0.80mm)","0.022"" (0.55mm)",,THIN FILM,SMD,-55°C ~ 155°C,Activo,,,AMR,22/08/2026,,,,,,,,,,,
IPN_R-????,R0603_178K_0.1W_±1%,RES 178K OHM 1% 1/10W 0603,178K ±1% 1/10W,Resistors:R,Resistor_SMD:R_0603_1608Metric,YAGEO,RT0603FRE07178KL,https://www.digikey.es/es/products/detail/yageo/RT0603FRE07178KL/1075131,RT,,,,,178K,±1%,0.1W,1/10W,±50ppm/°C,R0603,"0.063"" L x 0.031""A (1.60mm x 0.80mm)","0.022"" (0.55mm)",,THIN FILM,SMD,-55°C ~ 155°C,Activo,,,AMR,22/08/2026,,,,,,,,,,,
IPN_R-????,R0603_178R_0.1W_±1%,RES 178 OHM 1% 1/10W 0603,178R ±1% 1/10W,Resistors:R,Resistor_SMD:R_0603_1608Metric,YAGEO,RT0603FRE07178RL,https://www.digikey.es/es/products/detail/yageo/RT0603FRE07178RL/1075132,RT,,,,,178R,±1%,0.1W,1/10W,±50ppm/°C,R0603,"0.063"" L x 0.031""A (1.60mm x 0.80mm)","0.022"" (0.55mm)",,THIN FILM,SMD,-55°C ~ 155°C,Activo,,,AMR,22/08/2026,,,,,,,,,,,
IPN_R-????,R0603_18K_0.1W_±1%,RES 18K OHM 1% 1/10W 0603,18K ±1% 1/10W,Resistors:R,Resistor_SMD:R_0603_1608Metric,YAGEO,RT0603FRE0718KL,https://www.digikey.es/es/products/detail/yageo/RT0603FRE0718KL/1075145,RT,,,,,18K,±1%,0.1W,1/10W,±50ppm/°C,R0603,"0.063"" L x 0.031""A (1.60mm x 0.80mm)","0.022"" (0.55mm)",,THIN FILM,SMD,-55°C ~ 155°C,Activo,,,AMR,22/08/2026,,,,,,,,,,,
IPN_R-????,R0603_18R_0.1W_±1%,RES 18 OHM 1% 1/10W 0603,18R ±1% 1/10W,Resistors:R,Resistor_SMD:R_0603_1608Metric,YAGEO,RT0603FRE0718RL,https://www.digikey.es/es/products/detail/yageo/RT0603FRE0718RL/1075148,RT,,,,,18R,±1%,0.1W,1/10W,±50ppm/°C,R0603,"0.063"" L x 0.031""A (1.60mm x 0.80mm)","0.022"" (0.55mm)",,THIN FILM,SMD,-55°C ~ 155°C,Activo,,,AMR,22/08/2026,,,,,,,,,,,
IPN_R-????,R0603_18K2_0.1W_±1%,RES 18.2K OHM 1% 1/10W 0603,18K2 ±1% 1/10W,Resistors:R,Resistor_SMD:R_0603_1608Metric,YAGEO,RT0603FRE0718K2L,https://www.digikey.es/es/products/detail/yageo/RT0603FRE0718K2L/1075143,RT,,,,,18K2,±1%,0.1W,1/10W,±50ppm/°C,R0603,"0.063"" L x 0.031""A (1.60mm x 0.80mm)","0.022"" (0.55mm)",,THIN FILM,SMD,-55°C ~ 155°C,Activo,,,AMR,22/08/2026,,,,,,,,,,,
IPN_R-????,R0603_18K7_0.1W_±1%,RES 18.7K OHM 1% 1/10W 0603,18K7 ±1% 1/10W,Resistors:R,Resistor_SMD:R_0603_1608Metric,YAGEO,RT0603FRE0718K7L,https://www.digikey.es/es/products/detail/yageo/RT0603FRE0718K7L/1075144,RT,,,,,18K7,±1%,0.1W,1/10W,±50ppm/°C,R0603,"0.063"" L x 0.031""A (1.60mm x 0.80mm)","0.022"" (0.55mm)",,THIN FILM,SMD,-55°C ~ 155°C,Activo,,,AMR,22/08/2026,,,,,,,,,,,
IPN_R-????,R0603_18R7_0.1W_±1%,RES 18.7 OHM 1% 1/10W 0603,18R7 ±1% 1/10W,Resistors:R,Resistor_SMD:R_0603_1608Metric,YAGEO,RT0603FRE0718R7L,https://www.digikey.es/es/products/detail/yageo/RT0603FRE0718R7L/1075147,RT,,,,,18R7,±1%,0.1W,1/10W,±50ppm/°C,R0603,"0.063"" L x 0.031""A (1.60mm x 0.80mm)","0.022"" (0.55mm)",,THIN FILM,SMD,-55°C ~ 155°C,Activo,,,AMR,22/08/2026,,,,,,,,,,,
IPN_R-????,R0603_180K_0.1W_±1%,RES 180K OHM 1% 1/10W 0603,180K ±1% 1/10W,Resistors:R,Resistor_SMD:R_0603_1608Metric,YAGEO,RT0603FRE07180KL,https://www.digikey.es/es/products/detail/yageo/RT0603FRE07180KL/1075137,RT,,,,,180K,±1%,0.1W,1/10W,±50ppm/°C,R0603,"0.063"" L x 0.031""A (1.60mm x 0.80mm)","0.022"" (0.55mm)",,THIN FILM,SMD,-55°C ~ 155°C,Activo,,,AMR,22/08/2026,,,,,,,,,,,
IPN_R-????,R0603_180R_0.1W_±1%,RES 180 OHM 1% 1/10W 0603,180R ±1% 1/10W,Resistors:R,Resistor_SMD:R_0603_1608Metric,YAGEO,RT0603FRE07180RL,https://www.digikey.es/es/products/detail/yageo/RT0603FRE07180RL/1075138,RT,,,,,180R,±1%,0.1W,1/10W,±50ppm/°C,R0603,"0.063"" L x 0.031""A (1.60mm x 0.80mm)","0.022"" (0.55mm)",,THIN FILM,SMD,-55°C ~ 155°C,Activo,,,AMR,22/08/2026,,,,,,,,,,,
IPN_R-????,R0603_182K_0.1W_±1%,RES 182K OHM 1% 1/10W 0603,182K ±1% 1/10W,Resistors:R,Resistor_SMD:R_0603_1608Metric,YAGEO,RT0603FRE07182KL,https://www.digikey.es/es/products/detail/yageo/RT0603FRE07182KL/1075139,RT,,,,,182K,±1%,0.1W,1/10W,±50ppm/°C,R0603,"0.063"" L x 0.031""A (1.60mm x 0.80mm)","0.022"" (0.55mm)",,THIN FILM,SMD,-55°C ~ 155°C,Activo,,,AMR,22/08/2026,,,,,,,,,,,
IPN_R-????,R0603_182R_0.1W_±1%,RES 182 OHM 1% 1/10W 0603,182R ±1% 1/10W,Resistors:R,Resistor_SMD:R_0603_1608Metric,YAGEO,RT0603FRE07182RL,https://www.digikey.es/es/products/detail/yageo/RT0603FRE07182RL/1075140,RT,,,,,182R,±1%,0.1W,1/10W,±50ppm/°C,R0603,"0.063"" L x 0.031""A (1.60mm x 0.80mm)","0.022"" (0.55mm)",,THIN FILM,SMD,-55°C ~ 155°C,Activo,,,AMR,22/08/2026,,,,,,,,,,,
IPN_R-????,R0603_19K1_0.1W_±1%,RES 19.1K OHM 1% 1/10W 0603,19K1 ±1% 1/10W,Resistors:R,Resistor_SMD:R_0603_1608Metric,YAGEO,RT0603FRE0719K1L,https://www.digikey.es/es/products/detail/yageo/RT0603FRE0719K1L/1075153,RT,,,,,19K1,±1%,0.1W,1/10W,±50ppm/°C,R0603,"0.063"" L x 0.031""A (1.60mm x 0.80mm)","0.022"" (0.55mm)",,THIN FILM,SMD,-55°C ~ 155°C,Activo,,,AMR,22/08/2026,,,,,,,,,,,
IPN_R-????,R0603_191K_0.1W_±1%,RES 191K OHM 1% 1/10W 0603,191K ±1% 1/10W,Resistors:R,Resistor_SMD:R_0603_1608Metric,YAGEO,RT0603FRE07191KL,https://www.digikey.es/es/products/detail/yageo/RT0603FRE07191KL/1075149,RT,,,,,191K,±1%,0.1W,1/10W,±50ppm/°C,R0603,"0.063"" L x 0.031""A (1.60mm x 0.80mm)","0.022"" (0.55mm)",,THIN FILM,SMD,-55°C ~ 155°C,Activo,,,AMR,22/08/2026,,,,,,,,,,,
IPN_R-????,R0603_196K_0.1W_±1%,RES 196K OHM 1% 1/10W 0603,196K ±1% 1/10W,Resistors:R,Resistor_SMD:R_0603_1608Metric,YAGEO,RT0603FRE07196KL,https://www.digikey.es/es/products/detail/yageo/RT0603FRE07196KL/1075151,RT,,,,,196K,±1%,0.1W,1/10W,±50ppm/°C,R0603,"0.063"" L x 0.031""A (1.60mm x 0.80mm)","0.022"" (0.55mm)",,THIN FILM,SMD,-55°C ~ 155°C,Activo,,,AMR,22/08/2026,,,,,,,,,,,
IPN_R-????,R0603_196R_0.1W_±1%,RES 196 OHM 1% 1/10W 0603,196R ±1% 1/10W,Resistors:R,Resistor_SMD:R_0603_1608Metric,YAGEO,RT0603FRE07196RL,https://www.digikey.es/es/products/detail/yageo/RT0603FRE07196RL/1075152,RT,,,,,196R,±1%,0.1W,1/10W,±50ppm/°C,R0603,"0.063"" L x 0.031""A (1.60mm x 0.80mm)","0.022"" (0.55mm)",,THIN FILM,SMD,-55°C ~ 155°C,Activo,,,AMR,22/08/2026,,,,,,,,,,,
IPN_R-????,R0603_2K_0.1W_±1%,RES 2K OHM 1% 1/10W 0603,2K ±1% 1/10W,Resistors:R,Resistor_SMD:R_0603_1608Metric,YAGEO,RT0603FRE072KL,https://www.digikey.es/es/products/detail/yageo/RT0603FRE072KL/1075287,RT,,,,,2K,±1%,0.1W,1/10W,±50ppm/°C,R0603,"0.063"" L x 0.031""A (1.60mm x 0.80mm)","0.022"" (0.55mm)",,THIN FILM,SMD,-55°C ~ 155°C,Activo,,,AMR,22/08/2026,,,,,,,,,,,
IPN_R-????,R0603_2R_0.1W_±1%,RES 2 OHM 1% 1/10W 0603,2R ±1% 1/10W,Resistors:R,Resistor_SMD:R_0603_1608Metric,YAGEO,RT0603FRE072RL,https://www.digikey.es/es/products/detail/yageo/RT0603FRE072RL/7708513,RT,,,,,2R,±1%,0.1W,1/10W,±50ppm/°C,R0603,"0.063"" L x 0.031""A (1.60mm x 0.80mm)","0.022"" (0.55mm)",,THIN FILM,SMD,-55°C ~ 155°C,Activo,,,AMR,22/08/2026,,,,,,,,,,,
IPN_R-????,R0603_2K05_0.1W_±1%,RES 2.05K OHM 1% 1/10W 0603,2K05 ±1% 1/10W,Resistors:R,Resistor_SMD:R_0603_1608Metric,YAGEO,RT0603FRE072K05L,https://www.digikey.es/es/products/detail/yageo/RT0603FRE072K05L/1075268,RT,,,,,2K05,±1%,0.1W,1/10W,±50ppm/°C,R0603,"0.063"" L x 0.031""A (1.60mm x 0.80mm)","0.022"" (0.55mm)",,THIN FILM,SMD,-55°C ~ 155°C,Activo,,,AMR,22/08/2026,,,,,,,,,,,
IPN_R-????,R0603_2K1_0.1W_±1%,RES 2.1K OHM 1% 1/10W 0603,2K1 ±1% 1/10W,Resistors:R,Resistor_SMD:R_0603_1608Metric,YAGEO,RT0603FRE072K1L,https://www.digikey.es/es/products/detail/yageo/RT0603FRE072K1L/1075270,RT,,,,,2K1,±1%,0.1W,1/10W,±50ppm/°C,R0603,"0.063"" L x 0.031""A (1.60mm x 0.80mm)","0.022"" (0.55mm)",,THIN FILM,SMD,-55°C ~ 155°C,Activo,,,AMR,22/08/2026,,,,,,,,,,,
IPN_R-????,R0603_2K2_0.1W_±1%,RES 2.2K OHM 1% 1/10W 0603,2K2 ±1% 1/10W,Resistors:R,Resistor_SMD:R_0603_1608Metric,YAGEO,RT0603FRE072K2L,https://www.digikey.es/es/products/detail/yageo/RT0603FRE072K2L/1075273,RT,,,,,2K2,±1%,0.1W,1/10W,±50ppm/°C,R0603,"0.063"" L x 0.031""A (1.60mm x 0.80mm)","0.022"" (0.55mm)",,THIN FILM,SMD,-55°C ~ 155°C,Activo,,,AMR,22/08/2026,,,,,,,,,,,
IPN_R-????,R0603_2R2_0.1W_±1%,RES 2.2 OHM 1% 1/10W 0603,2R2 ±1% 1/10W,Resistors:R,Resistor_SMD:R_0603_1608Metric,YAGEO,RT0603FRE072R2L,https://www.digikey.es/es/products/detail/yageo/RT0603FRE072R2L/5929159,RT,,,,,2R2,±1%,0.1W,1/10W,±50ppm/°C,R0603,"0.063"" L x 0.031""A (1.60mm x 0.80mm)","0.022"" (0.55mm)",,THIN FILM,SMD,-55°C ~ 155°C,Activo,,,AMR,22/08/2026,,,,,,,,,,,
IPN_R-????,R0603_2K21_0.1W_±1%,RES 2.21K OHM 1% 1/10W 0603,2K21 ±1% 1/10W,Resistors:R,Resistor_SMD:R_0603_1608Metric,YAGEO,RT0603FRE072K21L,https://www.digikey.es/es/products/detail/yageo/RT0603FRE072K21L/1075271,RT,,,,,2K21,±1%,0.1W,1/10W,±50ppm/°C,R0603,"0.063"" L x 0.031""A (1.60mm x 0.80mm)","0.022"" (0.55mm)",,THIN FILM,SMD,-55°C ~ 155°C,Activo,,,AMR,22/08/2026,,,,,,,,,,,
IPN_R-????,R0603_2R21_0.1W_±1%,RES 2.21 OHM 1% 1/10W 0603,2R21 ±1% 1/10W,Resistors:R,Resistor_SMD:R_0603_1608Metric,YAGEO,RT0603FRE072R21L,https://www.digikey.es/es/products/detail/yageo/RT0603FRE072R21L/5929158,RT,,,,,2R21,±1%,0.1W,1/10W,±50ppm/°C,R0603,"0.063"" L x 0.031""A (1.60mm x 0.80mm)","0.022"" (0.55mm)",,THIN FILM,SMD,-55°C ~ 155°C,Activo,,,AMR,22/08/2026,,,,,,,,,,,
IPN_R-????,R0603_2K32_0.1W_±1%,RES 2.32K OHM 1% 1/10W 0603,2K32 ±1% 1/10W,Resistors:R,Resistor_SMD:R_0603_1608Metric,YAGEO,RT0603FRE072K32L,https://www.digikey.es/es/products/detail/yageo/RT0603FRE072K32L/1075274,RT,,,,,2K32,±1%,0.1W,1/10W,±50ppm/°C,R0603,"0.063"" L x 0.031""A (1.60mm x 0.80mm)","0.022"" (0.55mm)",,THIN FILM,SMD,-55°C ~ 155°C,Activo,,,AMR,22/08/2026,,,,,,,,,,,
IPN_R-????,R0603_2K4_0.1W_±1%,RES 2.4K OHM 1% 1/10W 0603,2K4 ±1% 1/10W,Resistors:R,Resistor_SMD:R_0603_1608Metric,YAGEO,RT0603FRE072K4L,https://www.digikey.es/es/products/detail/yageo/RT0603FRE072K4L/1075278,RT,,,,,2K4,±1%,0.1W,1/10W,±50ppm/°C,R0603,"0.063"" L x 0.031""A (1.60mm x 0.80mm)","0.022"" (0.55mm)",,THIN FILM,SMD,-55°C ~ 155°C,Activo,,,AMR,22/08/2026,,,,,,,,,,,
IPN_R-????,R0603_2K43_0.1W_±1%,RES 2.43K OHM 1% 1/10W 0603,2K43 ±1% 1/10W,Resistors:R,Resistor_SMD:R_0603_1608Metric,YAGEO,RT0603FRE072K43L,https://www.digikey.es/es/products/detail/yageo/RT0603FRE072K43L/1075276,RT,,,,,2K43,±1%,0.1W,1/10W,±50ppm/°C,R0603,"0.063"" L x 0.031""A (1.60mm x 0.80mm)","0.022"" (0.55mm)",,THIN FILM,SMD,-55°C ~ 155°C,Activo,,,AMR,22/08/2026,,,,,,,,,,,
IPN_R-????,R0603_2K49_0.1W_±1%,RES 2.49K OHM 1% 1/10W 0603,2K49 ±1% 1/10W,Resistors:R,Resistor_SMD:R_0603_1608Metric,YAGEO,RT0603FRE072K49L,https://www.digikey.es/es/products/detail/yageo/RT0603FRE072K49L/1075277,RT,,,,,2K49,±1%,0.1W,1/10W,±50ppm/°C,R0603,"0.063"" L x 0.031""A (1.60mm x 0.80mm)","0.022"" (0.55mm)",,THIN FILM,SMD,-55°C ~ 155°C,Activo,,,AMR,22/08/2026,,,,,,,,,,,
IPN_R-????,R0603_2R49_0.1W_±1%,RES 2.49 OHM 1% 1/10W 0603,2R49 ±1% 1/10W,Resistors:R,Resistor_SMD:R_0603_1608Metric,YAGEO,RT0603FRE072R49L,https://www.digikey.es/es/products/detail/yageo/RT0603FRE072R49L/5929160,RT,,,,,2R49,±1%,0.1W,1/10W,±50ppm/°C,R0603,"0.063"" L x 0.031""A (1.60mm x 0.80mm)","0.022"" (0.55mm)",,THIN FILM,SMD,-55°C ~ 155°C,Activo,,,AMR,22/08/2026,,,,,,,,,,,
IPN_R-????,R0603_2K7_0.1W_±1%,RES 2.7K OHM 1% 1/10W 0603,2K7 ±1% 1/10W,Resistors:R,Resistor_SMD:R_0603_1608Metric,YAGEO,RT0603FRE072K7L,https://www.digikey.es/es/products/detail/yageo/RT0603FRE072K7L/1075283,RT,,,,,2K7,±1%,0.1W,1/10W,±50ppm/°C,R0603,"0.063"" L x 0.031""A (1.60mm x 0.80mm)","0.022"" (0.55mm)",,THIN FILM,SMD,-55°C ~ 155°C,Activo,,,AMR,22/08/2026,,,,,,,,,,,
IPN_R-????,R0603_2K74_0.1W_±1%,RES 2.74K OHM 1% 1/10W 0603,2K74 ±1% 1/10W,Resistors:R,Resistor_SMD:R_0603_1608Metric,YAGEO,RT0603FRE072K74L,https://www.digikey.es/es/products/detail/yageo/RT0603FRE072K74L/1075282,RT,,,,,2K74,±1%,0.1W,1/10W,±50ppm/°C,R0603,"0.063"" L x 0.031""A (1.60mm x 0.80mm)","0.022"" (0.55mm)",,THIN FILM,SMD,-55°C ~ 155°C,Activo,,,AMR,22/08/2026,,,,,,,,,,,
IPN_R-????,R0603_2K8_0.1W_±1%,RES 2.8K OHM 1% 1/10W 0603,2K8 ±1% 1/10W,Resistors:R,Resistor_SMD:R_0603_1608Metric,YAGEO,RT0603FRE072K8L,https://www.digikey.es/es/products/detail/yageo/RT0603FRE072K8L/1075285,RT,,,,,2K8,±1%,0.1W,1/10W,±50ppm/°C,R0603,"0.063"" L x 0.031""A (1.60mm x 0.80mm)","0.022"" (0.55mm)",,THIN FILM,SMD,-55°C ~ 155°C,Activo,,,AMR,22/08/2026,,,,,,,,,,,
IPN_R-????,R0603_2K94_0.1W_±1%,RES 2.94K OHM 1% 1/10W 0603,2K94 ±1% 1/10W,Resistors:R,Resistor_SMD:R_0603_1608Metric,YAGEO,RT0603FRE072K94L,https://www.digikey.es/es/products/detail/yageo/RT0603FRE072K94L/1075286,RT,,,,,2K94,±1%,0.1W,1/10W,±50ppm/°C,R0603,"0.063"" L x 0.031""A (1.60mm x 0.80mm)","0.022"" (0.55mm)",,THIN FILM,SMD,-55°C ~ 155°C,Activo,,,AMR,22/08/2026,,,,,,,,,,,
IPN_R-????,R0603_20K_0.1W_±1%,RES 20K OHM 1% 1/10W 0603,20K ±1% 1/10W,Resistors:R,Resistor_SMD:R_0603_1608Metric,YAGEO,RT0603FRE0720KL,https://www.digikey.es/es/products/detail/yageo/RT0603FRE0720KL/1075194,RT,,,,,20K,±1%,0.1W,1/10W,±50ppm/°C,R0603,"0.063"" L x 0.031""A (1.60mm x 0.80mm)","0.022"" (0.55mm)",,THIN FILM,SMD,-55°C ~ 155°C,Activo,,,AMR,22/08/2026,,,,,,,,,,,
IPN_R-????,R0603_20R_0.1W_±1%,RES 20 OHM 1% 1/10W 0603,20R ±1% 1/10W,Resistors:R,Resistor_SMD:R_0603_1608Metric,YAGEO,RT0603FRE0720RL,https://www.digikey.es/es/products/detail/yageo/RT0603FRE0720RL/1075196,RT,,,,,20R,±1%,0.1W,1/10W,±50ppm/°C,R0603,"0.063"" L x 0.031""A (1.60mm x 0.80mm)","0.022"" (0.55mm)",,THIN FILM,SMD,-55°C ~ 155°C,Activo,,,AMR,22/08/2026,,,,,,,,,,,
IPN_R-????,R0603_20K5_0.1W_±1%,RES 20.5K OHM 1% 1/10W 0603,20K5 ±1% 1/10W,Resistors:R,Resistor_SMD:R_0603_1608Metric,YAGEO,RT0603FRE0720K5L,https://www.digikey.es/es/products/detail/yageo/RT0603FRE0720K5L/1075193,RT,,,,,20K5,±1%,0.1W,1/10W,±50ppm/°C,R0603,"0.063"" L x 0.031""A (1.60mm x 0.80mm)","0.022"" (0.55mm)",,THIN FILM,SMD,-55°C ~ 155°C,Activo,,,AMR,22/08/2026,,,,,,,,,,,
IPN_R-????,R0603_200K_0.1W_±1%,RES 200K OHM 1% 1/10W 0603,200K ±1% 1/10W,Resistors:R,Resistor_SMD:R_0603_1608Metric,YAGEO,RT0603FRE07200KL,https://www.digikey.es/es/products/detail/yageo/RT0603FRE07200KL/1075189,RT,,,,,200K,±1%,0.1W,1/10W,±50ppm/°C,R0603,"0.063"" L x 0.031""A (1.60mm x 0.80mm)","0.022"" (0.55mm)",,THIN FILM,SMD,-55°C ~ 155°C,Activo,,,AMR,22/08/2026,,,,,,,,,,,
IPN_R-????,R0603_200R_0.1W_±1%,RES 200 OHM 1% 1/10W 0603,200R ±1% 1/10W,Resistors:R,Resistor_SMD:R_0603_1608Metric,YAGEO,RT0603FRE07200RL,https://www.digikey.es/es/products/detail/yageo/RT0603FRE07200RL/1075190,RT,,,,,200R,±1%,0.1W,1/10W,±50ppm/°C,R0603,"0.063"" L x 0.031""A (1.60mm x 0.80mm)","0.022"" (0.55mm)",,THIN FILM,SMD,-55°C ~ 155°C,Activo,,,AMR,22/08/2026,,,,,,,,,,,
IPN_R-????,R0603_205K_0.1W_±1%,RES 205K OHM 1% 1/10W 0603,205K ±1% 1/10W,Resistors:R,Resistor_SMD:R_0603_1608Metric,YAGEO,RT0603FRE07205KL,https://www.digikey.es/es/products/detail/yageo/RT0603FRE07205KL/1075191,RT,,,,,205K,±1%,0.1W,1/10W,±50ppm/°C,R0603,"0.063"" L x 0.031""A (1.60mm x 0.80mm)","0.022"" (0.55mm)",,THIN FILM,SMD,-55°C ~ 155°C,Activo,,,AMR,22/08/2026,,,,,,,,,,,
IPN_R-????,R0603_21K_0.1W_±1%,RES 21K OHM 1% 1/10W 0603,21K ±1% 1/10W,Resistors:R,Resistor_SMD:R_0603_1608Metric,YAGEO,RT0603FRE0721KL,https://www.digikey.es/es/products/detail/yageo/RT0603FRE0721KL/1075202,RT,,,,,21K,±1%,0.1W,1/10W,±50ppm/°C,R0603,"0.063"" L x 0.031""A (1.60mm x 0.80mm)","0.022"" (0.55mm)",,THIN FILM,SMD,-55°C ~ 155°C,Activo,,,AMR,22/08/2026,,,,,,,,,,,
IPN_R-????,R0603_21K5_0.1W_±1%,RES 21.5K OHM 1% 1/10W 0603,21K5 ±1% 1/10W,Resistors:R,Resistor_SMD:R_0603_1608Metric,YAGEO,RT0603FRE0721K5L,https://www.digikey.es/es/products/detail/yageo/RT0603FRE0721K5L/1075201,RT,,,,,21K5,±1%,0.1W,1/10W,±50ppm/°C,R0603,"0.063"" L x 0.031""A (1.60mm x 0.80mm)","0.022"" (0.55mm)",,THIN FILM,SMD,-55°C ~ 155°C,Activo,,,AMR,22/08/2026,,,,,,,,,,,
IPN_R-????,R0603_21R5_0.1W_±1%,RES 21.5 OHM 1% 1/10W 0603,21R5 ±1% 1/10W,Resistors:R,Resistor_SMD:R_0603_1608Metric,YAGEO,RT0603FRE0721R5L,https://www.digikey.es/es/products/detail/yageo/RT0603FRE0721R5L/1075203,RT,,,,,21R5,±1%,0.1W,1/10W,±50ppm/°C,R0603,"0.063"" L x 0.031""A (1.60mm x 0.80mm)","0.022"" (0.55mm)",,THIN FILM,SMD,-55°C ~ 155°C,Activo,,,AMR,22/08/2026,,,,,,,,,,,
IPN_R-????,R0603_210K_0.1W_±1%,RES 210K OHM 1% 1/10W 0603,210K ±1% 1/10W,Resistors:R,Resistor_SMD:R_0603_1608Metric,YAGEO,RT0603FRE07210KL,https://www.digikey.es/es/products/detail/yageo/RT0603FRE07210KL/1075197,RT,,,,,210K,±1%,0.1W,1/10W,±50ppm/°C,R0603,"0.063"" L x 0.031""A (1.60mm x 0.80mm)","0.022"" (0.55mm)",,THIN FILM,SMD,-55°C ~ 155°C,Activo,,,AMR,22/08/2026,,,,,,,,,,,
IPN_R-????,R0603_22K_0.1W_±1%,RES 22K OHM 1% 1/10W 0603,22K ±1% 1/10W,Resistors:R,Resistor_SMD:R_0603_1608Metric,YAGEO,RT0603FRE0722KL,https://www.digikey.es/es/products/detail/yageo/RT0603FRE0722KL/1075213,RT,,,,,22K,±1%,0.1W,1/10W,±50ppm/°C,R0603,"0.063"" L x 0.031""A (1.60mm x 0.80mm)","0.022"" (0.55mm)",,THIN FILM,SMD,-55°C ~ 155°C,Activo,,,AMR,22/08/2026,,,,,,,,,,,
IPN_R-????,R0603_22R_0.1W_±1%,RES 22 OHM 1% 1/10W 0603,22R ±1% 1/10W,Resistors:R,Resistor_SMD:R_0603_1608Metric,YAGEO,RT0603FRE0722RL,https://www.digikey.es/es/products/detail/yageo/RT0603FRE0722RL/1075216,RT,,,,,22R,±1%,0.1W,1/10W,±50ppm/°C,R0603,"0.063"" L x 0.031""A (1.60mm x 0.80mm)","0.022"" (0.55mm)",,THIN FILM,SMD,-55°C ~ 155°C,Activo,,,AMR,22/08/2026,,,,,,,,,,,
IPN_R-????,R0603_22K1_0.1W_±1%,RES 22.1K OHM 1% 1/10W 0603,22K1 ±1% 1/10W,Resistors:R,Resistor_SMD:R_0603_1608Metric,YAGEO,RT0603FRE0722K1L,https://www.digikey.es/es/products/detail/yageo/RT0603FRE0722K1L/1075211,RT,,,,,22K1,±1%,0.1W,1/10W,±50ppm/°C,R0603,"0.063"" L x 0.031""A (1.60mm x 0.80mm)","0.022"" (0.55mm)",,THIN FILM,SMD,-55°C ~ 155°C,Activo,,,AMR,22/08/2026,,,,,,,,,,,
IPN_R-????,R0603_22R1_0.1W_±1%,RES 22.1 OHM 1% 1/10W 0603,22R1 ±1% 1/10W,Resistors:R,Resistor_SMD:R_0603_1608Metric,YAGEO,RT0603FRE0722R1L,https://www.digikey.es/es/products/detail/yageo/RT0603FRE0722R1L/1075214,RT,,,,,22R1,±1%,0.1W,1/10W,±50ppm/°C,R0603,"0.063"" L x 0.031""A (1.60mm x 0.80mm)","0.022"" (0.55mm)",,THIN FILM,SMD,-55°C ~ 155°C,Activo,,,AMR,22/08/2026,,,,,,,,,,,
IPN_R-????,R0603_22K6_0.1W_±1%,RES 22.6K OHM 1% 1/10W 0603,22K6 ±1% 1/10W,Resistors:R,Resistor_SMD:R_0603_1608Metric,YAGEO,RT0603FRE0722K6L,https://www.digikey.es/es/products/detail/yageo/RT0603FRE0722K6L/1075212,RT,,,,,22K6,±1%,0.1W,1/10W,±50ppm/°C,R0603,"0.063"" L x 0.031""A (1.60mm x 0.80mm)","0.022"" (0.55mm)",,THIN FILM,SMD,-55°C ~ 155°C,Activo,,,AMR,22/08/2026,,,,,,,,,,,
IPN_R-????,R0603_22R6_0.1W_±1%,RES 22.6 OHM 1% 1/10W 0603,22R6 ±1% 1/10W,Resistors:R,Resistor_SMD:R_0603_1608Metric,YAGEO,RT0603FRE0722R6L,https://www.digikey.es/es/products/detail/yageo/RT0603FRE0722R6L/1075215,RT,,,,,22R6,±1%,0.1W,1/10W,±50ppm/°C,R0603,"0.063"" L x 0.031""A (1.60mm x 0.80mm)","0.022"" (0.55mm)",,THIN FILM,SMD,-55°C ~ 155°C,Activo,,,AMR,22/08/2026,,,,,,,,,,,
IPN_R-????,R0603_220K_0.1W_±1%,RES 220K OHM 1% 1/10W 0603,220K ±1% 1/10W,Resistors:R,Resistor_SMD:R_0603_1608Metric,YAGEO,RT0603FRE07220KL,https://www.digikey.es/es/products/detail/yageo/RT0603FRE07220KL/1075205,RT,,,,,220K,±1%,0.1W,1/10W,±50ppm/°C,R0603,"0.063"" L x 0.031""A (1.60mm x 0.80mm)","0.022"" (0.55mm)",,THIN FILM,SMD,-55°C ~ 155°C,Activo,,,AMR,22/08/2026,,,,,,,,,,,
IPN_R-????,R0603_220R_0.1W_±1%,RES 220 OHM 1% 1/10W 0603,220R ±1% 1/10W,Resistors:R,Resistor_SMD:R_0603_1608Metric,YAGEO,RT0603FRE07220RL,https://www.digikey.es/es/products/detail/yageo/RT0603FRE07220RL/1075206,RT,,,,,220R,±1%,0.1W,1/10W,±50ppm/°C,R0603,"0.063"" L x 0.031""A (1.60mm x 0.80mm)","0.022"" (0.55mm)",,THIN FILM,SMD,-55°C ~ 155°C,Activo,,,AMR,22/08/2026,,,,,,,,,,,
IPN_R-????,R0603_221K_0.1W_±1%,RES 221K OHM 1% 1/10W 0603,221K ±1% 1/10W,Resistors:R,Resistor_SMD:R_0603_1608Metric,YAGEO,RT0603FRE07221KL,https://www.digikey.es/es/products/detail/yageo/RT0603FRE07221KL/1075207,RT,,,,,221K,±1%,0.1W,1/10W,±50ppm/°C,R0603,"0.063"" L x 0.031""A (1.60mm x 0.80mm)","0.022"" (0.55mm)",,THIN FILM,SMD,-55°C ~ 155°C,Activo,,,AMR,22/08/2026,,,,,,,,,,,
IPN_R-????,R0603_221R_0.1W_±1%,RES 221 OHM 1% 1/10W 0603,221R ±1% 1/10W,Resistors:R,Resistor_SMD:R_0603_1608Metric,YAGEO,RT0603FRE07221RL,https://www.digikey.es/es/products/detail/yageo/RT0603FRE07221RL/1075208,RT,,,,,221R,±1%,0.1W,1/10W,±50ppm/°C,R0603,"0.063"" L x 0.031""A (1.60mm x 0.80mm)","0.022"" (0.55mm)",,THIN FILM,SMD,-55°C ~ 155°C,Activo,,,AMR,22/08/2026,,,,,,,,,,,
IPN_R-????,R0603_226K_0.1W_±1%,RES 226K OHM 1% 1/10W 0603,226K ±1% 1/10W,Resistors:R,Resistor_SMD:R_0603_1608Metric,YAGEO,RT0603FRE07226KL,https://www.digikey.es/es/products/detail/yageo/RT0603FRE07226KL/1075209,RT,,,,,226K,±1%,0.1W,1/10W,±50ppm/°C,R0603,"0.063"" L x 0.031""A (1.60mm x 0.80mm)","0.022"" (0.55mm)",,THIN FILM,SMD,-55°C ~ 155°C,Activo,,,AMR,22/08/2026,,,,,,,,,,,
IPN_R-????,R0603_226R_0.1W_±1%,RES 226 OHM 1% 1/10W 0603,226R ±1% 1/10W,Resistors:R,Resistor_SMD:R_0603_1608Metric,YAGEO,RT0603FRE07226RL,https://www.digikey.es/es/products/detail/yageo/RT0603FRE07226RL/1075210,RT,,,,,226R,±1%,0.1W,1/10W,±50ppm/°C,R0603,"0.063"" L x 0.031""A (1.60mm x 0.80mm)","0.022"" (0.55mm)",,THIN FILM,SMD,-55°C ~ 155°C,Activo,,,AMR,22/08/2026,,,,,,,,,,,
IPN_R-????,R0603_23K2_0.1W_±1%,RES 23.2K OHM 1% 1/10W 0603,23K2 ±1% 1/10W,Resistors:R,Resistor_SMD:R_0603_1608Metric,YAGEO,RT0603FRE0723K2L,https://www.digikey.es/es/products/detail/yageo/RT0603FRE0723K2L/1075221,RT,,,,,23K2,±1%,0.1W,1/10W,±50ppm/°C,R0603,"0.063"" L x 0.031""A (1.60mm x 0.80mm)","0.022"" (0.55mm)",,THIN FILM,SMD,-55°C ~ 155°C,Activo,,,AMR,22/08/2026,,,,,,,,,,,
IPN_R-????,R0603_23K7_0.1W_±1%,RES 23.7K OHM 1% 1/10W 0603,23K7 ±1% 1/10W,Resistors:R,Resistor_SMD:R_0603_1608Metric,YAGEO,RT0603FRE0723K7L,https://www.digikey.es/es/products/detail/yageo/RT0603FRE0723K7L/1075222,RT,,,,,23K7,±1%,0.1W,1/10W,±50ppm/°C,R0603,"0.063"" L x 0.031""A (1.60mm x 0.80mm)","0.022"" (0.55mm)",,THIN FILM,SMD,-55°C ~ 155°C,Activo,,,AMR,22/08/2026,,,,,,,,,,,
IPN_R-????,R0603_232K_0.1W_±1%,RES 232K OHM 1% 1/10W 0603,232K ±1% 1/10W,Resistors:R,Resistor_SMD:R_0603_1608Metric,YAGEO,RT0603FRE07232KL,https://www.digikey.es/es/products/detail/yageo/RT0603FRE07232KL/1075217,RT,,,,,232K,±1%,0.1W,1/10W,±50ppm/°C,R0603,"0.063"" L x 0.031""A (1.60mm x 0.80mm)","0.022"" (0.55mm)",,THIN FILM,SMD,-55°C ~ 155°C,Activo,,,AMR,22/08/2026,,,,,,,,,,,
IPN_R-????,R0603_24K_0.1W_±1%,RES 24K OHM 1% 1/10W 0603,24K ±1% 1/10W,Resistors:R,Resistor_SMD:R_0603_1608Metric,YAGEO,RT0603FRE0724KL,https://www.digikey.es/es/products/detail/yageo/RT0603FRE0724KL/1075233,RT,,,,,24K,±1%,0.1W,1/10W,±50ppm/°C,R0603,"0.063"" L x 0.031""A (1.60mm x 0.80mm)","0.022"" (0.55mm)",,THIN FILM,SMD,-55°C ~ 155°C,Activo,,,AMR,22/08/2026,,,,,,,,,,,
IPN_R-????,R0603_24R_0.1W_±1%,RES 24 OHM 1% 1/10W 0603,24R ±1% 1/10W,Resistors:R,Resistor_SMD:R_0603_1608Metric,YAGEO,RT0603FRE0724RL,https://www.digikey.es/es/products/detail/yageo/RT0603FRE0724RL/1075236,RT,,,,,24R,±1%,0.1W,1/10W,±50ppm/°C,R0603,"0.063"" L x 0.031""A (1.60mm x 0.80mm)","0.022"" (0.55mm)",,THIN FILM,SMD,-55°C ~ 155°C,Activo,,,AMR,22/08/2026,,,,,,,,,,,
IPN_R-????,R0603_24K3_0.1W_±1%,RES 24.3K OHM 1% 1/10W 0603,24K3 ±1% 1/10W,Resistors:R,Resistor_SMD:R_0603_1608Metric,YAGEO,RT0603FRE0724K3L,https://www.digikey.es/es/products/detail/yageo/RT0603FRE0724K3L/1075231,RT,,,,,24K3,±1%,0.1W,1/10W,±50ppm/°C,R0603,"0.063"" L x 0.031""A (1.60mm x 0.80mm)","0.022"" (0.55mm)",,THIN FILM,SMD,-55°C ~ 155°C,Activo,,,AMR,22/08/2026,,,,,,,,,,,
IPN_R-????,R0603_24K9_0.1W_±1%,RES 24.9K OHM 1% 1/10W 0603,24K9 ±1% 1/10W,Resistors:R,Resistor_SMD:R_0603_1608Metric,YAGEO,RT0603FRE0724K9L,https://www.digikey.es/es/products/detail/yageo/RT0603FRE0724K9L/1075232,RT,,,,,24K9,±1%,0.1W,1/10W,±50ppm/°C,R0603,"0.063"" L x 0.031""A (1.60mm x 0.80mm)","0.022"" (0.55mm)",,THIN FILM,SMD,-55°C ~ 155°C,Activo,,,AMR,22/08/2026,,,,,,,,,,,
IPN_R-????,R0603_24R9_0.1W_±1%,RES 24.9 OHM 1% 1/10W 0603,24R9 ±1% 1/10W,Resistors:R,Resistor_SMD:R_0603_1608Metric,YAGEO,RT0603FRE0724R9L,https://www.digikey.es/es/products/detail/yageo/RT0603FRE0724R9L/1075235,RT,,,,,24R9,±1%,0.1W,1/10W,±50ppm/°C,R0603,"0.063"" L x 0.031""A (1.60mm x 0.80mm)","0.022"" (0.55mm)",,THIN FILM,SMD,-55°C ~ 155°C,Activo,,,AMR,22/08/2026,,,,,,,,,,,
IPN_R-????,R0603_240K_0.1W_±1%,RES 240K OHM 1% 1/10W 0603,240K ±1% 1/10W,Resistors:R,Resistor_SMD:R_0603_1608Metric,YAGEO,RT0603FRE07240KL,https://www.digikey.es/es/products/detail/yageo/RT0603FRE07240KL/1075225,RT,,,,,240K,±1%,0.1W,1/10W,±50ppm/°C,R0603,"0.063"" L x 0.031""A (1.60mm x 0.80mm)","0.022"" (0.55mm)",,THIN FILM,SMD,-55°C ~ 155°C,Activo,,,AMR,22/08/2026,,,,,,,,,,,
IPN_R-????,R0603_240R_0.1W_±1%,RES 240 OHM 1% 1/10W 0603,240R ±1% 1/10W,Resistors:R,Resistor_SMD:R_0603_1608Metric,YAGEO,RT0603FRE07240RL,https://www.digikey.es/es/products/detail/yageo/RT0603FRE07240RL/1075226,RT,,,,,240R,±1%,0.1W,1/10W,±50ppm/°C,R0603,"0.063"" L x 0.031""A (1.60mm x 0.80mm)","0.022"" (0.55mm)",,THIN FILM,SMD,-55°C ~ 155°C,Activo,,,AMR,22/08/2026,,,,,,,,,,,
IPN_R-????,R0603_243K_0.1W_±1%,RES 243K OHM 1% 1/10W 0603,243K ±1% 1/10W,Resistors:R,Resistor_SMD:R_0603_1608Metric,YAGEO,RT0603FRE07243KL,https://www.digikey.es/es/products/detail/yageo/RT0603FRE07243KL/1075227,RT,,,,,243K,±1%,0.1W,1/10W,±50ppm/°C,R0603,"0.063"" L x 0.031""A (1.60mm x 0.80mm)","0.022"" (0.55mm)",,THIN FILM,SMD,-55°C ~ 155°C,Activo,,,AMR,22/08/2026,,,,,,,,,,,
IPN_R-????,R0603_243R_0.1W_±1%,RES 243 OHM 1% 1/10W 0603,243R ±1% 1/10W,Resistors:R,Resistor_SMD:R_0603_1608Metric,YAGEO,RT0603FRE07243RL,https://www.digikey.es/es/products/detail/yageo/RT0603FRE07243RL/1075228,RT,,,,,243R,±1%,0.1W,1/10W,±50ppm/°C,R0603,"0.063"" L x 0.031""A (1.60mm x 0.80mm)","0.022"" (0.55mm)",,THIN FILM,SMD,-55°C ~ 155°C,Activo,,,AMR,22/08/2026,,,,,,,,,,,
IPN_R-????,R0603_249K_0.1W_±1%,RES 249K OHM 1% 1/10W 0603,249K ±1% 1/10W,Resistors:R,Resistor_SMD:R_0603_1608Metric,YAGEO,RT0603FRE07249KL,https://www.digikey.es/es/products/detail/yageo/RT0603FRE07249KL/1075229,RT,,,,,249K,±1%,0.1W,1/10W,±50ppm/°C,R0603,"0.063"" L x 0.031""A (1.60mm x 0.80mm)","0.022"" (0.55mm)",,THIN FILM,SMD,-55°C ~ 155°C,Activo,,,AMR,22/08/2026,,,,,,,,,,,
IPN_R-????,R0603_25K5_0.1W_±1%,RES 25.5K OHM 1% 1/10W 0603,25K5 ±1% 1/10W,Resistors:R,Resistor_SMD:R_0603_1608Metric,YAGEO,RT0603FRE0725K5L,https://www.digikey.es/es/products/detail/yageo/RT0603FRE0725K5L/1075239,RT,,,,,25K5,±1%,0.1W,1/10W,±50ppm/°C,R0603,"0.063"" L x 0.031""A (1.60mm x 0.80mm)","0.022"" (0.55mm)",,THIN FILM,SMD,-55°C ~ 155°C,Activo,,,AMR,22/08/2026,,,,,,,,,,,
IPN_R-????,R0603_25R5_0.1W_±1%,RES 25.5 OHM 1% 1/10W 0603,25R5 ±1% 1/10W,Resistors:R,Resistor_SMD:R_0603_1608Metric,YAGEO,RT0603FRE0725R5L,https://www.digikey.es/es/products/detail/yageo/RT0603FRE0725R5L/1075240,RT,,,,,25R5,±1%,0.1W,1/10W,±50ppm/°C,R0603,"0.063"" L x 0.031""A (1.60mm x 0.80mm)","0.022"" (0.55mm)",,THIN FILM,SMD,-55°C ~ 155°C,Activo,,,AMR,22/08/2026,,,,,,,,,,,
IPN_R-????,R0603_255K_0.1W_±1%,RES 255K OHM 1% 1/10W 0603,255K ±1% 1/10W,Resistors:R,Resistor_SMD:R_0603_1608Metric,YAGEO,RT0603FRE07255KL,https://www.digikey.es/es/products/detail/yageo/RT0603FRE07255KL/1075237,RT,,,,,255K,±1%,0.1W,1/10W,±50ppm/°C,R0603,"0.063"" L x 0.031""A (1.60mm x 0.80mm)","0.022"" (0.55mm)",,THIN FILM,SMD,-55°C ~ 155°C,Activo,,,AMR,22/08/2026,,,,,,,,,,,
IPN_R-????,R0603_26K1_0.1W_±1%,RES 26.1K OHM 1% 1/10W 0603,26K1 ±1% 1/10W,Resistors:R,Resistor_SMD:R_0603_1608Metric,YAGEO,RT0603FRE0726K1L,https://www.digikey.es/es/products/detail/yageo/RT0603FRE0726K1L/1075245,RT,,,,,26K1,±1%,0.1W,1/10W,±50ppm/°C,R0603,"0.063"" L x 0.031""A (1.60mm x 0.80mm)","0.022"" (0.55mm)",,THIN FILM,SMD,-55°C ~ 155°C,Activo,,,AMR,22/08/2026,,,,,,,,,,,
IPN_R-????,R0603_26R1_0.1W_±1%,RES 26.1 OHM 1% 1/10W 0603,26R1 ±1% 1/10W,Resistors:R,Resistor_SMD:R_0603_1608Metric,YAGEO,RT0603FRE0726R1L,https://www.digikey.es/es/products/detail/yageo/RT0603FRE0726R1L/1075247,RT,,,,,26R1,±1%,0.1W,1/10W,±50ppm/°C,R0603,"0.063"" L x 0.031""A (1.60mm x 0.80mm)","0.022"" (0.55mm)",,THIN FILM,SMD,-55°C ~ 155°C,Activo,,,AMR,22/08/2026,,,,,,,,,,,
IPN_R-????,R0603_26K7_0.1W_±1%,RES 26.7K OHM 1% 1/10W 0603,26K7 ±1% 1/10W,Resistors:R,Resistor_SMD:R_0603_1608Metric,YAGEO,RT0603FRE0726K7L,https://www.digikey.es/es/products/detail/yageo/RT0603FRE0726K7L/1075246,RT,,,,,26K7,±1%,0.1W,1/10W,±50ppm/°C,R0603,"0.063"" L x 0.031""A (1.60mm x 0.80mm)","0.022"" (0.55mm)",,THIN FILM,SMD,-55°C ~ 155°C,Activo,,,AMR,22/08/2026,,,,,,,,,,,
IPN_R-????,R0603_261R_0.1W_±1%,RES 261 OHM 1% 1/10W 0603,261R ±1% 1/10W,Resistors:R,Resistor_SMD:R_0603_1608Metric,YAGEO,RT0603FRE07261RL,https://www.digikey.es/es/products/detail/yageo/RT0603FRE07261RL/1075242,RT,,,,,261R,±1%,0.1W,1/10W,±50ppm/°C,R0603,"0.063"" L x 0.031""A (1.60mm x 0.80mm)","0.022"" (0.55mm)",,THIN FILM,SMD,-55°C ~ 155°C,Activo,,,AMR,22/08/2026,,,,,,,,,,,
IPN_R-????,R0603_267R_0.1W_±1%,RES 267 OHM 1% 1/10W 0603,267R ±1% 1/10W,Resistors:R,Resistor_SMD:R_0603_1608Metric,YAGEO,RT0603FRE07267RL,https://www.digikey.es/es/products/detail/yageo/RT0603FRE07267RL/1075244,RT,,,,,267R,±1%,0.1W,1/10W,±50ppm/°C,R0603,"0.063"" L x 0.031""A (1.60mm x 0.80mm)","0.022"" (0.55mm)",,THIN FILM,SMD,-55°C ~ 155°C,Activo,,,AMR,22/08/2026,,,,,,,,,,,
IPN_R-????,R0603_27K_0.1W_±1%,RES 27K OHM 1% 1/10W 0603,27K ±1% 1/10W,Resistors:R,Resistor_SMD:R_0603_1608Metric,YAGEO,RT0603FRE0727KL,https://www.digikey.es/es/products/detail/yageo/RT0603FRE0727KL/1075253,RT,,,,,27K,±1%,0.1W,1/10W,±50ppm/°C,R0603,"0.063"" L x 0.031""A (1.60mm x 0.80mm)","0.022"" (0.55mm)",,THIN FILM,SMD,-55°C ~ 155°C,Activo,,,AMR,22/08/2026,,,,,,,,,,,
IPN_R-????,R0603_27R_0.1W_±1%,RES 27 OHM 1% 1/10W 0603,27R ±1% 1/10W,Resistors:R,Resistor_SMD:R_0603_1608Metric,YAGEO,RT0603FRE0727RL,https://www.digikey.es/es/products/detail/yageo/RT0603FRE0727RL/1075255,RT,,,,,27R,±1%,0.1W,1/10W,±50ppm/°C,R0603,"0.063"" L x 0.031""A (1.60mm x 0.80mm)","0.022"" (0.55mm)",,THIN FILM,SMD,-55°C ~ 155°C,Activo,,,AMR,22/08/2026,,,,,,,,,,,
IPN_R-????,R0603_27K4_0.1W_±1%,RES 27.4K OHM 1% 1/10W 0603,27K4 ±1% 1/10W,Resistors:R,Resistor_SMD:R_0603_1608Metric,YAGEO,RT0603FRE0727K4L,https://www.digikey.es/es/products/detail/yageo/RT0603FRE0727K4L/1075252,RT,,,,,27K4,±1%,0.1W,1/10W,±50ppm/°C,R0603,"0.063"" L x 0.031""A (1.60mm x 0.80mm)","0.022"" (0.55mm)",,THIN FILM,SMD,-55°C ~ 155°C,Activo,,,AMR,22/08/2026,,,,,,,,,,,
IPN_R-????,R0603_27R4_0.1W_±1%,RES 27.4 OHM 1% 1/10W 0603,27R4 ±1% 1/10W,Resistors:R,Resistor_SMD:R_0603_1608Metric,YAGEO,RT0603FRE0727R4L,https://www.digikey.es/es/products/detail/yageo/RT0603FRE0727R4L/1075254,RT,,,,,27R4,±1%,0.1W,1/10W,±50ppm/°C,R0603,"0.063"" L x 0.031""A (1.60mm x 0.80mm)","0.022"" (0.55mm)",,THIN FILM,SMD,-55°C ~ 155°C,Activo,,,AMR,22/08/2026,,,,,,,,,,,
IPN_R-????,R0603_270K_0.1W_±1%,RES 270K OHM 1% 1/10W 0603,270K ±1% 1/10W,Resistors:R,Resistor_SMD:R_0603_1608Metric,YAGEO,RT0603FRE07270KL,https://www.digikey.es/es/products/detail/yageo/RT0603FRE07270KL/1035153,RT,,,,,270K,±1%,0.1W,1/10W,±50ppm/°C,R0603,"0.063"" L x 0.031""A (1.60mm x 0.80mm)","0.022"" (0.55mm)",,THIN FILM,SMD,-55°C ~ 155°C,Activo,,,AMR,22/08/2026,,,,,,,,,,,
IPN_R-????,R0603_270R_0.1W_±1%,RES 270 OHM 1% 1/10W 0603,270R ±1% 1/10W,Resistors:R,Resistor_SMD:R_0603_1608Metric,YAGEO,RT0603FRE07270RL,https://www.digikey.es/es/products/detail/yageo/RT0603FRE07270RL/1075249,RT,,,,,270R,±1%,0.1W,1/10W,±50ppm/°C,R0603,"0.063"" L x 0.031""A (1.60mm x 0.80mm)","0.022"" (0.55mm)",,THIN FILM,SMD,-55°C ~ 155°C,Activo,,,AMR,22/08/2026,,,,,,,,,,,
IPN_R-????,R0603_274K_0.1W_±1%,RES 274K OHM 1% 1/10W 0603,274K ±1% 1/10W,Resistors:R,Resistor_SMD:R_0603_1608Metric,YAGEO,RT0603FRE07274KL,https://www.digikey.es/es/products/detail/yageo/RT0603FRE07274KL/1075250,RT,,,,,274K,±1%,0.1W,1/10W,±50ppm/°C,R0603,"0.063"" L x 0.031""A (1.60mm x 0.80mm)","0.022"" (0.55mm)",,THIN FILM,SMD,-55°C ~ 155°C,Activo,,,AMR,22/08/2026,,,,,,,,,,,
IPN_R-????,R0603_274R_0.1W_±1%,RES 274 OHM 1% 1/10W 0603,274R ±1% 1/10W,Resistors:R,Resistor_SMD:R_0603_1608Metric,YAGEO,RT0603FRE07274RL,https://www.digikey.es/es/products/detail/yageo/RT0603FRE07274RL/1075251,RT,,,,,274R,±1%,0.1W,1/10W,±50ppm/°C,R0603,"0.063"" L x 0.031""A (1.60mm x 0.80mm)","0.022"" (0.55mm)",,THIN FILM,SMD,-55°C ~ 155°C,Activo,,,AMR,22/08/2026,,,,,,,,,,,
IPN_R-????,R0603_28K_0.1W_±1%,RES 28K OHM 1% 1/10W 0603,28K ±1% 1/10W,Resistors:R,Resistor_SMD:R_0603_1608Metric,YAGEO,RT0603FRE0728KL,https://www.digikey.es/es/products/detail/yageo/RT0603FRE0728KL/1075261,RT,,,,,28K,±1%,0.1W,1/10W,±50ppm/°C,R0603,"0.063"" L x 0.031""A (1.60mm x 0.80mm)","0.022"" (0.55mm)",,THIN FILM,SMD,-55°C ~ 155°C,Activo,,,AMR,22/08/2026,,,,,,,,,,,
IPN_R-????,R0603_28K7_0.1W_±1%,RES 28.7K OHM 1% 1/10W 0603,28K7 ±1% 1/10W,Resistors:R,Resistor_SMD:R_0603_1608Metric,YAGEO,RT0603FRE0728K7L,https://www.digikey.es/es/products/detail/yageo/RT0603FRE0728K7L/1075260,RT,,,,,28K7,±1%,0.1W,1/10W,±50ppm/°C,R0603,"0.063"" L x 0.031""A (1.60mm x 0.80mm)","0.022"" (0.55mm)",,THIN FILM,SMD,-55°C ~ 155°C,Activo,,,AMR,22/08/2026,,,,,,,,,,,
IPN_R-????,R0603_280K_0.1W_±1%,RES 280K OHM 1% 1/10W 0603,280K ±1% 1/10W,Resistors:R,Resistor_SMD:R_0603_1608Metric,YAGEO,RT0603FRE07280KL,https://www.digikey.es/es/products/detail/yageo/RT0603FRE07280KL/1075256,RT,,,,,280K,±1%,0.1W,1/10W,±50ppm/°C,R0603,"0.063"" L x 0.031""A (1.60mm x 0.80mm)","0.022"" (0.55mm)",,THIN FILM,SMD,-55°C ~ 155°C,Activo,,,AMR,22/08/2026,,,,,,,,,,,
IPN_R-????,R0603_287K_0.1W_±1%,RES 287K OHM 1% 1/10W 0603,287K ±1% 1/10W,Resistors:R,Resistor_SMD:R_0603_1608Metric,YAGEO,RT0603FRE07287KL,https://www.digikey.es/es/products/detail/yageo/RT0603FRE07287KL/1075258,RT,,,,,287K,±1%,0.1W,1/10W,±50ppm/°C,R0603,"0.063"" L x 0.031""A (1.60mm x 0.80mm)","0.022"" (0.55mm)",,THIN FILM,SMD,-55°C ~ 155°C,Activo,,,AMR,22/08/2026,,,,,,,,,,,
IPN_R-????,R0603_287R_0.1W_±1%,RES 287 OHM 1% 1/10W 0603,287R ±1% 1/10W,Resistors:R,Resistor_SMD:R_0603_1608Metric,YAGEO,RT0603FRE07287RL,https://www.digikey.es/es/products/detail/yageo/RT0603FRE07287RL/1075259,RT,,,,,287R,±1%,0.1W,1/10W,±50ppm/°C,R0603,"0.063"" L x 0.031""A (1.60mm x 0.80mm)","0.022"" (0.55mm)",,THIN FILM,SMD,-55°C ~ 155°C,Activo,,,AMR,22/08/2026,,,,,,,,,,,
IPN_R-????,R0603_29K4_0.1W_±1%,RES 29.4K OHM 1% 1/10W 0603,29K4 ±1% 1/10W,Resistors:R,Resistor_SMD:R_0603_1608Metric,YAGEO,RT0603FRE0729K4L,https://www.digikey.es/es/products/detail/yageo/RT0603FRE0729K4L/1075266,RT,,,,,29K4,±1%,0.1W,1/10W,±50ppm/°C,R0603,"0.063"" L x 0.031""A (1.60mm x 0.80mm)","0.022"" (0.55mm)",,THIN FILM,SMD,-55°C ~ 155°C,Activo,,,AMR,22/08/2026,,,,,,,,,,,
IPN_R-????,R0603_3K_0.1W_±1%,RES 3K OHM 1% 1/10W 0603,3K ±1% 1/10W,Resistors:R,Resistor_SMD:R_0603_1608Metric,YAGEO,RT0603FRE073KL,https://www.digikey.es/es/products/detail/yageo/RT0603FRE073KL/1075358,RT,,,,,3K,±1%,0.1W,1/10W,±50ppm/°C,R0603,"0.063"" L x 0.031""A (1.60mm x 0.80mm)","0.022"" (0.55mm)",,THIN FILM,SMD,-55°C ~ 155°C,Activo,,,AMR,22/08/2026,,,,,,,,,,,
IPN_R-????,R0603_3R_0.1W_±1%,RES 3 OHM 1% 1/10W 0603,3R ±1% 1/10W,Resistors:R,Resistor_SMD:R_0603_1608Metric,YAGEO,RT0603FRE073RL,https://www.digikey.es/es/products/detail/yageo/RT0603FRE073RL/5929174,RT,,,,,3R,±1%,0.1W,1/10W,±50ppm/°C,R0603,"0.063"" L x 0.031""A (1.60mm x 0.80mm)","0.022"" (0.55mm)",,THIN FILM,SMD,-55°C ~ 155°C,Activo,,,AMR,22/08/2026,,,,,,,,,,,
IPN_R-????,R0603_3K01_0.1W_±1%,RES 3.01K OHM 1% 1/10W 0603,3K01 ±1% 1/10W,Resistors:R,Resistor_SMD:R_0603_1608Metric,YAGEO,RT0603FRE073K01L,https://www.digikey.es/es/products/detail/yageo/RT0603FRE073K01L/1075343,RT,,,,,3K01,±1%,0.1W,1/10W,±50ppm/°C,R0603,"0.063"" L x 0.031""A (1.60mm x 0.80mm)","0.022"" (0.55mm)",,THIN FILM,SMD,-55°C ~ 155°C,Activo,,,AMR,22/08/2026,,,,,,,,,,,
IPN_R-????,R0603_3K09_0.1W_±1%,RES 3.09K OHM 1% 1/10W 0603,3K09 ±1% 1/10W,Resistors:R,Resistor_SMD:R_0603_1608Metric,YAGEO,RT0603FRE073K09L,https://www.digikey.es/es/products/detail/yageo/RT0603FRE073K09L/1075344,RT,,,,,3K09,±1%,0.1W,1/10W,±50ppm/°C,R0603,"0.063"" L x 0.031""A (1.60mm x 0.80mm)","0.022"" (0.55mm)",,THIN FILM,SMD,-55°C ~ 155°C,Activo,,,AMR,22/08/2026,,,,,,,,,,,
IPN_R-????,R0603_3K16_0.1W_±1%,RES 3.16K OHM 1% 1/10W 0603,3K16 ±1% 1/10W,Resistors:R,Resistor_SMD:R_0603_1608Metric,YAGEO,RT0603FRE073K16L,https://www.digikey.es/es/products/detail/yageo/RT0603FRE073K16L/1075345,RT,,,,,3K16,±1%,0.1W,1/10W,±50ppm/°C,R0603,"0.063"" L x 0.031""A (1.60mm x 0.80mm)","0.022"" (0.55mm)",,THIN FILM,SMD,-55°C ~ 155°C,Activo,,,AMR,22/08/2026,,,,,,,,,,,
IPN_R-????,R0603_3K24_0.1W_±1%,RES 3.24K OHM 1% 1/10W 0603,3K24 ±1% 1/10W,Resistors:R,Resistor_SMD:R_0603_1608Metric,YAGEO,RT0603FRE073K24L,https://www.digikey.es/es/products/detail/yageo/RT0603FRE073K24L/1075346,RT,,,,,3K24,±1%,0.1W,1/10W,±50ppm/°C,R0603,"0.063"" L x 0.031""A (1.60mm x 0.80mm)","0.022"" (0.55mm)",,THIN FILM,SMD,-55°C ~ 155°C,Activo,,,AMR,22/08/2026,,,,,,,,,,,
IPN_R-????,R0603_3K3_0.1W_±1%,RES 3.3K OHM 1% 1/10W 0603,3K3 ±1% 1/10W,Resistors:R,Resistor_SMD:R_0603_1608Metric,YAGEO,RT0603FRE073K3L,https://www.digikey.es/es/products/detail/yageo/RT0603FRE073K3L/1075348,RT,,,,,3K3,±1%,0.1W,1/10W,±50ppm/°C,R0603,"0.063"" L x 0.031""A (1.60mm x 0.80mm)","0.022"" (0.55mm)",,THIN FILM,SMD,-55°C ~ 155°C,Activo,,,AMR,22/08/2026,,,,,,,,,,,
IPN_R-????,R0603_3R3_0.1W_±1%,RES 3.3 OHM 1% 1/10W 0603,3R3 ±1% 1/10W,Resistors:R,Resistor_SMD:R_0603_1608Metric,YAGEO,RT0603FRE073R3L,https://www.digikey.es/es/products/detail/yageo/RT0603FRE073R3L/5929171,RT,,,,,3R3,±1%,0.1W,1/10W,±50ppm/°C,R0603,"0.063"" L x 0.031""A (1.60mm x 0.80mm)","0.022"" (0.55mm)",,THIN FILM,SMD,-55°C ~ 155°C,Activo,,,AMR,22/08/2026,,,,,,,,,,,
IPN_R-????,R0603_3K32_0.1W_±1%,RES 3.32K OHM 1% 1/10W 0603,3K32 ±1% 1/10W,Resistors:R,Resistor_SMD:R_0603_1608Metric,YAGEO,RT0603FRE073K32L,https://www.digikey.es/es/products/detail/yageo/RT0603FRE073K32L/1075347,RT,,,,,3K32,±1%,0.1W,1/10W,±50ppm/°C,R0603,"0.063"" L x 0.031""A (1.60mm x 0.80mm)","0.022"" (0.55mm)",,THIN FILM,SMD,-55°C ~ 155°C,Activo,,,AMR,22/08/2026,,,,,,,,,,,
IPN_R-????,R0603_3K4_0.1W_±1%,RES 3.4K OHM 1% 1/10W 0603,3K4 ±1% 1/10W,Resistors:R,Resistor_SMD:R_0603_1608Metric,YAGEO,RT0603FRE073K4L,https://www.digikey.es/es/products/detail/yageo/RT0603FRE073K4L/1075350,RT,,,,,3K4,±1%,0.1W,1/10W,±50ppm/°C,R0603,"0.063"" L x 0.031""A (1.60mm x 0.80mm)","0.022"" (0.55mm)",,THIN FILM,SMD,-55°C ~ 155°C,Activo,,,AMR,22/08/2026,,,,,,,,,,,
IPN_R-????,R0603_3K48_0.1W_±1%,RES 3.48K OHM 1% 1/10W 0603,3K48 ±1% 1/10W,Resistors:R,Resistor_SMD:R_0603_1608Metric,YAGEO,RT0603FRE073K48L,https://www.digikey.es/es/products/detail/yageo/RT0603FRE073K48L/1075349,RT,,,,,3K48,±1%,0.1W,1/10W,±50ppm/°C,R0603,"0.063"" L x 0.031""A (1.60mm x 0.80mm)","0.022"" (0.55mm)",,THIN FILM,SMD,-55°C ~ 155°C,Activo,,,AMR,22/08/2026,,,,,,,,,,,
IPN_R-????,R0603_3K57_0.1W_±1%,RES 3.57K OHM 1% 1/10W 0603,3K57 ±1% 1/10W,Resistors:R,Resistor_SMD:R_0603_1608Metric,YAGEO,RT0603FRE073K57L,https://www.digikey.es/es/products/detail/yageo/RT0603FRE073K57L/1075351,RT,,,,,3K57,±1%,0.1W,1/10W,±50ppm/°C,R0603,"0.063"" L x 0.031""A (1.60mm x 0.80mm)","0.022"" (0.55mm)",,THIN FILM,SMD,-55°C ~ 155°C,Activo,,,AMR,22/08/2026,,,,,,,,,,,
IPN_R-????,R0603_3K6_0.1W_±1%,RES 3.6K OHM 1% 1/10W 0603,3K6 ±1% 1/10W,Resistors:R,Resistor_SMD:R_0603_1608Metric,YAGEO,RT0603FRE133K6L,https://www.digikey.es/es/products/detail/yageo/RT0603FRE133K6L/17019627,RT,,,,,3K6,±1%,0.1W,1/10W,±50ppm/°C,R0603,"0.063"" L x 0.031""A (1.60mm x 0.80mm)","0.022"" (0.55mm)",,THIN FILM,SMD,-55°C ~ 155°C,Activo,,,AMR,22/08/2026,,,,,,,,,,,
IPN_R-????,R0603_3K6_0.1W_±1%,RES 3.6K OHM 1% 1/10W 0603,3K6 ±1% 1/10W,Resistors:R,Resistor_SMD:R_0603_1608Metric,YAGEO,RT0603FRE073K6L,https://www.digikey.es/es/products/detail/yageo/RT0603FRE073K6L/1075353,RT,,,,,3K6,±1%,0.1W,1/10W,±50ppm/°C,R0603,"0.063"" L x 0.031""A (1.60mm x 0.80mm)","0.022"" (0.55mm)",,THIN FILM,SMD,-55°C ~ 155°C,Activo,,,AMR,22/08/2026,,,,,,,,,,,
IPN_R-????,R0603_3K65_0.1W_±1%,RES 3.65K OHM 1% 1/10W 0603,3K65 ±1% 1/10W,Resistors:R,Resistor_SMD:R_0603_1608Metric,YAGEO,RT0603FRE073K65L,https://www.digikey.es/es/products/detail/yageo/RT0603FRE073K65L/1075352,RT,,,,,3K65,±1%,0.1W,1/10W,±50ppm/°C,R0603,"0.063"" L x 0.031""A (1.60mm x 0.80mm)","0.022"" (0.55mm)",,THIN FILM,SMD,-55°C ~ 155°C,Activo,,,AMR,22/08/2026,,,,,,,,,,,
IPN_R-????,R0603_3K83_0.1W_±1%,RES 3.83K OHM 1% 1/10W 0603,3K83 ±1% 1/10W,Resistors:R,Resistor_SMD:R_0603_1608Metric,YAGEO,RT0603FRE073K83L,https://www.digikey.es/es/products/detail/yageo/RT0603FRE073K83L/1075355,RT,,,,,3K83,±1%,0.1W,1/10W,±50ppm/°C,R0603,"0.063"" L x 0.031""A (1.60mm x 0.80mm)","0.022"" (0.55mm)",,THIN FILM,SMD,-55°C ~ 155°C,Activo,,,AMR,22/08/2026,,,,,,,,,,,
IPN_R-????,R0603_3K9_0.1W_±1%,RES 3.9K OHM 1% 1/10W 0603,3K9 ±1% 1/10W,Resistors:R,Resistor_SMD:R_0603_1608Metric,YAGEO,RT0603FRE073K9L,https://www.digikey.es/es/products/detail/yageo/RT0603FRE073K9L/1075357,RT,,,,,3K9,±1%,0.1W,1/10W,±50ppm/°C,R0603,"0.063"" L x 0.031""A (1.60mm x 0.80mm)","0.022"" (0.55mm)",,THIN FILM,SMD,-55°C ~ 155°C,Activo,,,AMR,22/08/2026,,,,,,,,,,,
IPN_R-????,R0603_3R9_0.1W_±1%,RES 3.9 OHM 1% 1/10W 0603,3R9 ±1% 1/10W,Resistors:R,Resistor_SMD:R_0603_1608Metric,YAGEO,RT0603FRE073R9L,https://www.digikey.es/es/products/detail/yageo/RT0603FRE073R9L/5929173,RT,,,,,3R9,±1%,0.1W,1/10W,±50ppm/°C,R0603,"0.063"" L x 0.031""A (1.60mm x 0.80mm)","0.022"" (0.55mm)",,THIN FILM,SMD,-55°C ~ 155°C,Activo,,,AMR,22/08/2026,,,,,,,,,,,
IPN_R-????,R0603_3K92_0.1W_±1%,RES 3.92K OHM 1% 1/10W 0603,3K92 ±1% 1/10W,Resistors:R,Resistor_SMD:R_0603_1608Metric,YAGEO,RT0603FRE073K92L,https://www.digikey.es/es/products/detail/yageo/RT0603FRE073K92L/1075356,RT,,,,,3K92,±1%,0.1W,1/10W,±50ppm/°C,R0603,"0.063"" L x 0.031""A (1.60mm x 0.80mm)","0.022"" (0.55mm)",,THIN FILM,SMD,-55°C ~ 155°C,Activo,,,AMR,22/08/2026,,,,,,,,,,,
IPN_R-????,R0603_30K_0.1W_±1%,RES 30K OHM 1% 1/10W 0603,30K ±1% 1/10W,Resistors:R,Resistor_SMD:R_0603_1608Metric,YAGEO,RT0603FRE0730KL,https://www.digikey.es/es/products/detail/yageo/RT0603FRE0730KL/1075296,RT,,,,,30K,±1%,0.1W,1/10W,±50ppm/°C,R0603,"0.063"" L x 0.031""A (1.60mm x 0.80mm)","0.022"" (0.55mm)",,THIN FILM,SMD,-55°C ~ 155°C,Activo,,,AMR,22/08/2026,,,,,,,,,,,
IPN_R-????,R0603_30R_0.1W_±1%,RES 30 OHM 1% 1/10W 0603,30R ±1% 1/10W,Resistors:R,Resistor_SMD:R_0603_1608Metric,YAGEO,RT0603FRE0730RL,https://www.digikey.es/es/products/detail/yageo/RT0603FRE0730RL/1075299,RT,,,,,30R,±1%,0.1W,1/10W,±50ppm/°C,R0603,"0.063"" L x 0.031""A (1.60mm x 0.80mm)","0.022"" (0.55mm)",,THIN FILM,SMD,-55°C ~ 155°C,Activo,,,AMR,22/08/2026,,,,,,,,,,,
IPN_R-????,R0603_30K1_0.1W_±1%,RES 30.1K OHM 1% 1/10W 0603,30K1 ±1% 1/10W,Resistors:R,Resistor_SMD:R_0603_1608Metric,YAGEO,RT0603FRE0730K1L,https://www.digikey.es/es/products/detail/yageo/RT0603FRE0730K1L/1075294,RT,,,,,30K1,±1%,0.1W,1/10W,±50ppm/°C,R0603,"0.063"" L x 0.031""A (1.60mm x 0.80mm)","0.022"" (0.55mm)",,THIN FILM,SMD,-55°C ~ 155°C,Activo,,,AMR,22/08/2026,,,,,,,,,,,
IPN_R-????,R0603_30K9_0.1W_±1%,RES 30.9K OHM 1% 1/10W 0603,30K9 ±1% 1/10W,Resistors:R,Resistor_SMD:R_0603_1608Metric,YAGEO,RT0603FRE0730K9L,https://www.digikey.es/es/products/detail/yageo/RT0603FRE0730K9L/1075295,RT,,,,,30K9,±1%,0.1W,1/10W,±50ppm/°C,R0603,"0.063"" L x 0.031""A (1.60mm x 0.80mm)","0.022"" (0.55mm)",,THIN FILM,SMD,-55°C ~ 155°C,Activo,,,AMR,22/08/2026,,,,,,,,,,,
IPN_R-????,R0603_300K_0.1W_±1%,RES 300K OHM 1% 1/10W 0603,300K ±1% 1/10W,Resistors:R,Resistor_SMD:R_0603_1608Metric,YAGEO,RT0603FRE07300KL,https://www.digikey.es/es/products/detail/yageo/RT0603FRE07300KL/1075288,RT,,,,,300K,±1%,0.1W,1/10W,±50ppm/°C,R0603,"0.063"" L x 0.031""A (1.60mm x 0.80mm)","0.022"" (0.55mm)",,THIN FILM,SMD,-55°C ~ 155°C,Activo,,,AMR,22/08/2026,,,,,,,,,,,
IPN_R-????,R0603_300R_0.1W_±1%,RES 300 OHM 1% 1/10W 0603,300R ±1% 1/10W,Resistors:R,Resistor_SMD:R_0603_1608Metric,YAGEO,RT0603FRE07300RL,https://www.digikey.es/es/products/detail/yageo/RT0603FRE07300RL/1075289,RT,,,,,300R,±1%,0.1W,1/10W,±50ppm/°C,R0603,"0.063"" L x 0.031""A (1.60mm x 0.80mm)","0.022"" (0.55mm)",,THIN FILM,SMD,-55°C ~ 155°C,Activo,,,AMR,22/08/2026,,,,,,,,,,,
IPN_R-????,R0603_301K_0.1W_±1%,RES 301K OHM 1% 1/10W 0603,301K ±1% 1/10W,Resistors:R,Resistor_SMD:R_0603_1608Metric,YAGEO,RT0603FRE07301KL,https://www.digikey.es/es/products/detail/yageo/RT0603FRE07301KL/1075290,RT,,,,,301K,±1%,0.1W,1/10W,±50ppm/°C,R0603,"0.063"" L x 0.031""A (1.60mm x 0.80mm)","0.022"" (0.55mm)",,THIN FILM,SMD,-55°C ~ 155°C,Activo,,,AMR,22/08/2026,,,,,,,,,,,
IPN_R-????,R0603_301R_0.1W_±1%,RES 301 OHM 1% 1/10W 0603,301R ±1% 1/10W,Resistors:R,Resistor_SMD:R_0603_1608Metric,YAGEO,RT0603FRE07301RL,https://www.digikey.es/es/products/detail/yageo/RT0603FRE07301RL/1075291,RT,,,,,301R,±1%,0.1W,1/10W,±50ppm/°C,R0603,"0.063"" L x 0.031""A (1.60mm x 0.80mm)","0.022"" (0.55mm)",,THIN FILM,SMD,-55°C ~ 155°C,Activo,,,AMR,22/08/2026,,,,,,,,,,,
IPN_R-????,R0603_31K6_0.1W_±1%,RES 31.6K OHM 1% 1/10W 0603,31K6 ±1% 1/10W,Resistors:R,Resistor_SMD:R_0603_1608Metric,YAGEO,RT0603FRE0731K6L,https://www.digikey.es/es/products/detail/yageo/RT0603FRE0731K6L/1075302,RT,,,,,31K6,±1%,0.1W,1/10W,±50ppm/°C,R0603,"0.063"" L x 0.031""A (1.60mm x 0.80mm)","0.022"" (0.55mm)",,THIN FILM,SMD,-55°C ~ 155°C,Activo,,,AMR,22/08/2026,,,,,,,,,,,
IPN_R-????,R0603_316K_0.1W_±1%,RES 316K OHM 1% 1/10W 0603,316K ±1% 1/10W,Resistors:R,Resistor_SMD:R_0603_1608Metric,YAGEO,RT0603FRE07316KL,https://www.digikey.es/es/products/detail/yageo/RT0603FRE07316KL/1075300,RT,,,,,316K,±1%,0.1W,1/10W,±50ppm/°C,R0603,"0.063"" L x 0.031""A (1.60mm x 0.80mm)","0.022"" (0.55mm)",,THIN FILM,SMD,-55°C ~ 155°C,Activo,,,AMR,22/08/2026,,,,,,,,,,,
IPN_R-????,R0603_316R_0.1W_±1%,RES 316 OHM 1% 1/10W 0603,316R ±1% 1/10W,Resistors:R,Resistor_SMD:R_0603_1608Metric,YAGEO,RT0603FRE07316RL,https://www.digikey.es/es/products/detail/yageo/RT0603FRE07316RL/1075301,RT,,,,,316R,±1%,0.1W,1/10W,±50ppm/°C,R0603,"0.063"" L x 0.031""A (1.60mm x 0.80mm)","0.022"" (0.55mm)",,THIN FILM,SMD,-55°C ~ 155°C,Activo,,,AMR,22/08/2026,,,,,,,,,,,
IPN_R-????,R0603_32K4_0.1W_±1%,RES 32.4K OHM 1% 1/10W 0603,32K4 ±1% 1/10W,Resistors:R,Resistor_SMD:R_0603_1608Metric,YAGEO,RT0603FRE0732K4L,https://www.digikey.es/es/products/detail/yageo/RT0603FRE0732K4L/1075306,RT,,,,,32K4,±1%,0.1W,1/10W,±50ppm/°C,R0603,"0.063"" L x 0.031""A (1.60mm x 0.80mm)","0.022"" (0.55mm)",,THIN FILM,SMD,-55°C ~ 155°C,Activo,,,AMR,22/08/2026,,,,,,,,,,,
IPN_R-????,R0603_324K_0.1W_±1%,RES 324K OHM 1% 1/10W 0603,324K ±1% 1/10W,Resistors:R,Resistor_SMD:R_0603_1608Metric,YAGEO,RT0603FRE07324KL,https://www.digikey.es/es/products/detail/yageo/RT0603FRE07324KL/1075304,RT,,,,,324K,±1%,0.1W,1/10W,±50ppm/°C,R0603,"0.063"" L x 0.031""A (1.60mm x 0.80mm)","0.022"" (0.55mm)",,THIN FILM,SMD,-55°C ~ 155°C,Activo,,,AMR,22/08/2026,,,,,,,,,,,
IPN_R-????,R0603_33K_0.1W_±1%,RES 33K OHM 1% 1/10W 0603,33K ±1% 1/10W,Resistors:R,Resistor_SMD:R_0603_1608Metric,YAGEO,RT0603FRE0733KL,https://www.digikey.es/es/products/detail/yageo/RT0603FRE0733KL/1075313,RT,,,,,33K,±1%,0.1W,1/10W,±50ppm/°C,R0603,"0.063"" L x 0.031""A (1.60mm x 0.80mm)","0.022"" (0.55mm)",,THIN FILM,SMD,-55°C ~ 155°C,Activo,,,AMR,22/08/2026,,,,,,,,,,,
IPN_R-????,R0603_33R_0.1W_±1%,RES 33 OHM 1% 1/10W 0603,33R ±1% 1/10W,Resistors:R,Resistor_SMD:R_0603_1608Metric,YAGEO,RT0603FRE0733RL,https://www.digikey.es/es/products/detail/yageo/RT0603FRE0733RL/1075315,RT,,,,,33R,±1%,0.1W,1/10W,±50ppm/°C,R0603,"0.063"" L x 0.031""A (1.60mm x 0.80mm)","0.022"" (0.55mm)",,THIN FILM,SMD,-55°C ~ 155°C,Activo,,,AMR,22/08/2026,,,,,,,,,,,
IPN_R-????,R0603_33K2_0.1W_±1%,RES 33.2K OHM 1% 1/10W 0603,33K2 ±1% 1/10W,Resistors:R,Resistor_SMD:R_0603_1608Metric,YAGEO,RT0603FRE0733K2L,https://www.digikey.es/es/products/detail/yageo/RT0603FRE0733K2L/1075312,RT,,,,,33K2,±1%,0.1W,1/10W,±50ppm/°C,R0603,"0.063"" L x 0.031""A (1.60mm x 0.80mm)","0.022"" (0.55mm)",,THIN FILM,SMD,-55°C ~ 155°C,Activo,,,AMR,22/08/2026,,,,,,,,,,,
IPN_R-????,R0603_33R2_0.1W_±1%,RES 33.2 OHM 1% 1/10W 0603,33R2 ±1% 1/10W,Resistors:R,Resistor_SMD:R_0603_1608Metric,YAGEO,RT0603FRE0733R2L,https://www.digikey.es/es/products/detail/yageo/RT0603FRE0733R2L/1075314,RT,,,,,33R2,±1%,0.1W,1/10W,±50ppm/°C,R0603,"0.063"" L x 0.031""A (1.60mm x 0.80mm)","0.022"" (0.55mm)",,THIN FILM,SMD,-55°C ~ 155°C,Activo,,,AMR,22/08/2026,,,,,,,,,,,
IPN_R-????,R0603_330K_0.1W_±1%,RES 330K OHM 1% 1/10W 0603,330K ±1% 1/10W,Resistors:R,Resistor_SMD:R_0603_1608Metric,YAGEO,RT0603FRE07330KL,https://www.digikey.es/es/products/detail/yageo/RT0603FRE07330KL/1075308,RT,,,,,330K,±1%,0.1W,1/10W,±50ppm/°C,R0603,"0.063"" L x 0.031""A (1.60mm x 0.80mm)","0.022"" (0.55mm)",,THIN FILM,SMD,-55°C ~ 155°C,Activo,,,AMR,22/08/2026,,,,,,,,,,,
IPN_R-????,R0603_330R_0.1W_±1%,RES 330 OHM 1% 1/10W 0603,330R ±1% 1/10W,Resistors:R,Resistor_SMD:R_0603_1608Metric,YAGEO,RT0603FRE07330RL,https://www.digikey.es/es/products/detail/yageo/RT0603FRE07330RL/1075309,RT,,,,,330R,±1%,0.1W,1/10W,±50ppm/°C,R0603,"0.063"" L x 0.031""A (1.60mm x 0.80mm)","0.022"" (0.55mm)",,THIN FILM,SMD,-55°C ~ 155°C,Activo,,,AMR,22/08/2026,,,,,,,,,,,
IPN_R-????,R0603_332R_0.1W_±1%,RES 332 OHM 1% 1/10W 0603,332R ±1% 1/10W,Resistors:R,Resistor_SMD:R_0603_1608Metric,YAGEO,RT0603FRE07332RL,https://www.digikey.es/es/products/detail/yageo/RT0603FRE07332RL/1075311,RT,,,,,332R,±1%,0.1W,1/10W,±50ppm/°C,R0603,"0.063"" L x 0.031""A (1.60mm x 0.80mm)","0.022"" (0.55mm)",,THIN FILM,SMD,-55°C ~ 155°C,Activo,,,AMR,22/08/2026,,,,,,,,,,,
IPN_R-????,R0603_34K_0.1W_±1%,RES 34K OHM 1% 1/10W 0603,34K ±1% 1/10W,Resistors:R,Resistor_SMD:R_0603_1608Metric,YAGEO,RT0603FRE0734KL,https://www.digikey.es/es/products/detail/yageo/RT0603FRE0734KL/1075319,RT,,,,,34K,±1%,0.1W,1/10W,±50ppm/°C,R0603,"0.063"" L x 0.031""A (1.60mm x 0.80mm)","0.022"" (0.55mm)",,THIN FILM,SMD,-55°C ~ 155°C,Activo,,,AMR,22/08/2026,,,,,,,,,,,
IPN_R-????,R0603_34R_0.1W_±1%,RES 34 OHM 1% 1/10W 0603,34R ±1% 1/10W,Resistors:R,Resistor_SMD:R_0603_1608Metric,YAGEO,RT0603FRE0734RL,https://www.digikey.es/es/products/detail/yageo/RT0603FRE0734RL/1075321,RT,,,,,34R,±1%,0.1W,1/10W,±50ppm/°C,R0603,"0.063"" L x 0.031""A (1.60mm x 0.80mm)","0.022"" (0.55mm)",,THIN FILM,SMD,-55°C ~ 155°C,Activo,,,AMR,22/08/2026,,,,,,,,,,,
IPN_R-????,R0603_34K8_0.1W_±1%,RES 34.8K OHM 1% 1/10W 0603,34K8 ±1% 1/10W,Resistors:R,Resistor_SMD:R_0603_1608Metric,YAGEO,RT0603FRE0734K8L,https://www.digikey.es/es/products/detail/yageo/RT0603FRE0734K8L/1075318,RT,,,,,34K8,±1%,0.1W,1/10W,±50ppm/°C,R0603,"0.063"" L x 0.031""A (1.60mm x 0.80mm)","0.022"" (0.55mm)",,THIN FILM,SMD,-55°C ~ 155°C,Activo,,,AMR,22/08/2026,,,,,,,,,,,
IPN_R-????,R0603_34R8_0.1W_±1%,RES 34.8 OHM 1% 1/10W 0603,34R8 ±1% 1/10W,Resistors:R,Resistor_SMD:R_0603_1608Metric,YAGEO,RT0603FRE0734R8L,https://www.digikey.es/es/products/detail/yageo/RT0603FRE0734R8L/1075320,RT,,,,,34R8,±1%,0.1W,1/10W,±50ppm/°C,R0603,"0.063"" L x 0.031""A (1.60mm x 0.80mm)","0.022"" (0.55mm)",,THIN FILM,SMD,-55°C ~ 155°C,Activo,,,AMR,22/08/2026,,,,,,,,,,,
IPN_R-????,R0603_340R_0.1W_±1%,RES 340 OHM 1% 1/10W 0603,340R ±1% 1/10W,Resistors:R,Resistor_SMD:R_0603_1608Metric,YAGEO,RT0603FRE07340RL,https://www.digikey.es/es/products/detail/yageo/RT0603FRE07340RL/1075316,RT,,,,,340R,±1%,0.1W,1/10W,±50ppm/°C,R0603,"0.063"" L x 0.031""A (1.60mm x 0.80mm)","0.022"" (0.55mm)",,THIN FILM,SMD,-55°C ~ 155°C,Activo,,,AMR,22/08/2026,,,,,,,,,,,
IPN_R-????,R0603_348R_0.1W_±1%,RES 348 OHM 1% 1/10W 0603,348R ±1% 1/10W,Resistors:R,Resistor_SMD:R_0603_1608Metric,YAGEO,RT0603FRE07348RL,https://www.digikey.es/es/products/detail/yageo/RT0603FRE07348RL/1075317,RT,,,,,348R,±1%,0.1W,1/10W,±50ppm/°C,R0603,"0.063"" L x 0.031""A (1.60mm x 0.80mm)","0.022"" (0.55mm)",,THIN FILM,SMD,-55°C ~ 155°C,Activo,,,AMR,22/08/2026,,,,,,,,,,,
IPN_R-????,R0603_35K7_0.1W_±1%,RES 35.7K OHM 1% 1/10W 0603,35K7 ±1% 1/10W,Resistors:R,Resistor_SMD:R_0603_1608Metric,YAGEO,RT0603FRE0735K7L,https://www.digikey.es/es/products/detail/yageo/RT0603FRE0735K7L/1075323,RT,,,,,35K7,±1%,0.1W,1/10W,±50ppm/°C,R0603,"0.063"" L x 0.031""A (1.60mm x 0.80mm)","0.022"" (0.55mm)",,THIN FILM,SMD,-55°C ~ 155°C,Activo,,,AMR,22/08/2026,,,,,,,,,,,
IPN_R-????,R0603_36K_0.1W_±1%,RES 36K OHM 1% 1/10W 0603,36K ±1% 1/10W,Resistors:R,Resistor_SMD:R_0603_1608Metric,YAGEO,RT0603FRE0736KL,https://www.digikey.es/es/products/detail/yageo/RT0603FRE0736KL/1075328,RT,,,,,36K,±1%,0.1W,1/10W,±50ppm/°C,R0603,"0.063"" L x 0.031""A (1.60mm x 0.80mm)","0.022"" (0.55mm)",,THIN FILM,SMD,-55°C ~ 155°C,Activo,,,AMR,22/08/2026,,,,,,,,,,,
IPN_R-????,R0603_36R_0.1W_±1%,RES 36 OHM 1% 1/10W 0603,36R ±1% 1/10W,Resistors:R,Resistor_SMD:R_0603_1608Metric,YAGEO,RT0603FRE0736RL,https://www.digikey.es/es/products/detail/yageo/RT0603FRE0736RL/1075330,RT,,,,,36R,±1%,0.1W,1/10W,±50ppm/°C,R0603,"0.063"" L x 0.031""A (1.60mm x 0.80mm)","0.022"" (0.55mm)",,THIN FILM,SMD,-55°C ~ 155°C,Activo,,,AMR,22/08/2026,,,,,,,,,,,
IPN_R-????,R0603_36K5_0.1W_±1%,RES 36.5K OHM 1% 1/10W 0603,36K5 ±1% 1/10W,Resistors:R,Resistor_SMD:R_0603_1608Metric,YAGEO,RT0603FRE0736K5L,https://www.digikey.es/es/products/detail/yageo/RT0603FRE0736K5L/1075327,RT,,,,,36K5,±1%,0.1W,1/10W,±50ppm/°C,R0603,"0.063"" L x 0.031""A (1.60mm x 0.80mm)","0.022"" (0.55mm)",,THIN FILM,SMD,-55°C ~ 155°C,Activo,,,AMR,22/08/2026,,,,,,,,,,,
IPN_R-????,R0603_360K_0.1W_±1%,RES 360K OHM 1% 1/10W 0603,360K ±1% 1/10W,Resistors:R,Resistor_SMD:R_0603_1608Metric,YAGEO,RT0603FRE07360KL,https://www.digikey.es/es/products/detail/yageo/RT0603FRE07360KL/5929164,RT,,,,,360K,±1%,0.1W,1/10W,±50ppm/°C,R0603,"0.063"" L x 0.031""A (1.60mm x 0.80mm)","0.022"" (0.55mm)",,THIN FILM,SMD,-55°C ~ 155°C,Activo,,,AMR,22/08/2026,,,,,,,,,,,
IPN_R-????,R0603_360R_0.1W_±1%,RES 360 OHM 1% 1/10W 0603,360R ±1% 1/10W,Resistors:R,Resistor_SMD:R_0603_1608Metric,YAGEO,RT0603FRE07360RL,https://www.digikey.es/es/products/detail/yageo/RT0603FRE07360RL/1075325,RT,,,,,360R,±1%,0.1W,1/10W,±50ppm/°C,R0603,"0.063"" L x 0.031""A (1.60mm x 0.80mm)","0.022"" (0.55mm)",,THIN FILM,SMD,-55°C ~ 155°C,Activo,,,AMR,22/08/2026,,,,,,,,,,,
IPN_R-????,R0603_365K_0.1W_±1%,RES 365K OHM 1% 1/10W 0603,365K ±1% 1/10W,Resistors:R,Resistor_SMD:R_0603_1608Metric,YAGEO,RT0603FRE07365KL,https://www.digikey.es/es/products/detail/yageo/RT0603FRE07365KL/5929165,RT,,,,,365K,±1%,0.1W,1/10W,±50ppm/°C,R0603,"0.063"" L x 0.031""A (1.60mm x 0.80mm)","0.022"" (0.55mm)",,THIN FILM,SMD,-55°C ~ 155°C,Activo,,,AMR,22/08/2026,,,,,,,,,,,
IPN_R-????,R0603_365R_0.1W_±1%,RES 365 OHM 1% 1/10W 0603,365R ±1% 1/10W,Resistors:R,Resistor_SMD:R_0603_1608Metric,YAGEO,RT0603FRE07365RL,https://www.digikey.es/es/products/detail/yageo/RT0603FRE07365RL/1075326,RT,,,,,365R,±1%,0.1W,1/10W,±50ppm/°C,R0603,"0.063"" L x 0.031""A (1.60mm x 0.80mm)","0.022"" (0.55mm)",,THIN FILM,SMD,-55°C ~ 155°C,Activo,,,AMR,22/08/2026,,,,,,,,,,,
IPN_R-????,R0603_37K4_0.1W_±1%,RES 37.4K OHM 1% 1/10W 0603,37K4 ±1% 1/10W,Resistors:R,Resistor_SMD:R_0603_1608Metric,YAGEO,RT0603FRE0737K4L,https://www.digikey.es/es/products/detail/yageo/RT0603FRE0737K4L/1075332,RT,,,,,37K4,±1%,0.1W,1/10W,±50ppm/°C,R0603,"0.063"" L x 0.031""A (1.60mm x 0.80mm)","0.022"" (0.55mm)",,THIN FILM,SMD,-55°C ~ 155°C,Activo,,,AMR,22/08/2026,,,,,,,,,,,
IPN_R-????,R0603_374K_0.1W_±1%,RES 374K OHM 1% 1/10W 0603,374K ±1% 1/10W,Resistors:R,Resistor_SMD:R_0603_1608Metric,YAGEO,RT0603FRE07374KL,https://www.digikey.es/es/products/detail/yageo/RT0603FRE07374KL/5929166,RT,,,,,374K,±1%,0.1W,1/10W,±50ppm/°C,R0603,"0.063"" L x 0.031""A (1.60mm x 0.80mm)","0.022"" (0.55mm)",,THIN FILM,SMD,-55°C ~ 155°C,Activo,,,AMR,22/08/2026,,,,,,,,,,,
IPN_R-????,R0603_38K3_0.1W_±1%,RES 38.3K OHM 1% 1/10W 0603,38K3 ±1% 1/10W,Resistors:R,Resistor_SMD:R_0603_1608Metric,YAGEO,RT0603FRE0738K3L,https://www.digikey.es/es/products/detail/yageo/RT0603FRE0738K3L/1075335,RT,,,,,38K3,±1%,0.1W,1/10W,±50ppm/°C,R0603,"0.063"" L x 0.031""A (1.60mm x 0.80mm)","0.022"" (0.55mm)",,THIN FILM,SMD,-55°C ~ 155°C,Activo,,,AMR,22/08/2026,,,,,,,,,,,
IPN_R-????,R0603_38R3_0.1W_±1%,RES 38.3 OHM 1% 1/10W 0603,38R3 ±1% 1/10W,Resistors:R,Resistor_SMD:R_0603_1608Metric,YAGEO,RT0603FRE0738R3L,https://www.digikey.es/es/products/detail/yageo/RT0603FRE0738R3L/1075336,RT,,,,,38R3,±1%,0.1W,1/10W,±50ppm/°C,R0603,"0.063"" L x 0.031""A (1.60mm x 0.80mm)","0.022"" (0.55mm)",,THIN FILM,SMD,-55°C ~ 155°C,Activo,,,AMR,22/08/2026,,,,,,,,,,,
IPN_R-????,R0603_39K_0.1W_±1%,RES 39K OHM 1% 1/10W 0603,39K ±1% 1/10W,Resistors:R,Resistor_SMD:R_0603_1608Metric,YAGEO,RT0603FRE0739KL,https://www.digikey.es/es/products/detail/yageo/RT0603FRE0739KL/1075340,RT,,,,,39K,±1%,0.1W,1/10W,±50ppm/°C,R0603,"0.063"" L x 0.031""A (1.60mm x 0.80mm)","0.022"" (0.55mm)",,THIN FILM,SMD,-55°C ~ 155°C,Activo,,,AMR,22/08/2026,,,,,,,,,,,
IPN_R-????,R0603_39R_0.1W_±1%,RES 39 OHM 1% 1/10W 0603,39R ±1% 1/10W,Resistors:R,Resistor_SMD:R_0603_1608Metric,YAGEO,RT0603FRE0739RL,https://www.digikey.es/es/products/detail/yageo/RT0603FRE0739RL/1075342,RT,,,,,39R,±1%,0.1W,1/10W,±50ppm/°C,R0603,"0.063"" L x 0.031""A (1.60mm x 0.80mm)","0.022"" (0.55mm)",,THIN FILM,SMD,-55°C ~ 155°C,Activo,,,AMR,22/08/2026,,,,,,,,,,,
IPN_R-????,R0603_39K2_0.1W_±1%,RES 39.2K OHM 1% 1/10W 0603,39K2 ±1% 1/10W,Resistors:R,Resistor_SMD:R_0603_1608Metric,YAGEO,RT0603FRE0739K2L,https://www.digikey.es/es/products/detail/yageo/RT0603FRE0739K2L/1075339,RT,,,,,39K2,±1%,0.1W,1/10W,±50ppm/°C,R0603,"0.063"" L x 0.031""A (1.60mm x 0.80mm)","0.022"" (0.55mm)",,THIN FILM,SMD,-55°C ~ 155°C,Activo,,,AMR,22/08/2026,,,,,,,,,,,
IPN_R-????,R0603_39R2_0.1W_±1%,RES 39.2 OHM 1% 1/10W 0603,39R2 ±1% 1/10W,Resistors:R,Resistor_SMD:R_0603_1608Metric,YAGEO,RT0603FRE0739R2L,https://www.digikey.es/es/products/detail/yageo/RT0603FRE0739R2L/1075341,RT,,,,,39R2,±1%,0.1W,1/10W,±50ppm/°C,R0603,"0.063"" L x 0.031""A (1.60mm x 0.80mm)","0.022"" (0.55mm)",,THIN FILM,SMD,-55°C ~ 155°C,Activo,,,AMR,22/08/2026,,,,,,,,,,,
IPN_R-????,R0603_390K_0.1W_±1%,RES 390K OHM 1% 1/10W 0603,390K ±1% 1/10W,Resistors:R,Resistor_SMD:R_0603_1608Metric,YAGEO,RT0603FRE07390KL,https://www.digikey.es/es/products/detail/yageo/RT0603FRE07390KL/5929168,RT,,,,,390K,±1%,0.1W,1/10W,±50ppm/°C,R0603,"0.063"" L x 0.031""A (1.60mm x 0.80mm)","0.022"" (0.55mm)",,THIN FILM,SMD,-55°C ~ 155°C,Activo,,,AMR,22/08/2026,,,,,,,,,,,
IPN_R-????,R0603_390R_0.1W_±1%,RES 390 OHM 1% 1/10W 0603,390R ±1% 1/10W,Resistors:R,Resistor_SMD:R_0603_1608Metric,YAGEO,RT0603FRE07390RL,https://www.digikey.es/es/products/detail/yageo/RT0603FRE07390RL/1075337,RT,,,,,390R,±1%,0.1W,1/10W,±50ppm/°C,R0603,"0.063"" L x 0.031""A (1.60mm x 0.80mm)","0.022"" (0.55mm)",,THIN FILM,SMD,-55°C ~ 155°C,Activo,,,AMR,22/08/2026,,,,,,,,,,,
IPN_R-????,R0603_392K_0.1W_±1%,RES 392K OHM 1% 1/10W 0603,392K ±1% 1/10W,Resistors:R,Resistor_SMD:R_0603_1608Metric,YAGEO,RT0603FRE07392KL,https://www.digikey.es/es/products/detail/yageo/RT0603FRE07392KL/5929169,RT,,,,,392K,±1%,0.1W,1/10W,±50ppm/°C,R0603,"0.063"" L x 0.031""A (1.60mm x 0.80mm)","0.022"" (0.55mm)",,THIN FILM,SMD,-55°C ~ 155°C,Activo,,,AMR,22/08/2026,,,,,,,,,,,
IPN_R-????,R0603_392R_0.1W_±1%,RES 392 OHM 1% 1/10W 0603,392R ±1% 1/10W,Resistors:R,Resistor_SMD:R_0603_1608Metric,YAGEO,RT0603FRE07392RL,https://www.digikey.es/es/products/detail/yageo/RT0603FRE07392RL/1075338,RT,,,,,392R,±1%,0.1W,1/10W,±50ppm/°C,R0603,"0.063"" L x 0.031""A (1.60mm x 0.80mm)","0.022"" (0.55mm)",,THIN FILM,SMD,-55°C ~ 155°C,Activo,,,AMR,22/08/2026,,,,,,,,,,,
IPN_R-????,R0603_4K02_0.1W_±1%,RES 4.02K OHM 1% 1/10W 0603,4K02 ±1% 1/10W,Resistors:R,Resistor_SMD:R_0603_1608Metric,YAGEO,RT0603FRE074K02L,https://www.digikey.es/es/products/detail/yageo/RT0603FRE074K02L/1075395,RT,,,,,4K02,±1%,0.1W,1/10W,±50ppm/°C,R0603,"0.063"" L x 0.031""A (1.60mm x 0.80mm)","0.022"" (0.55mm)",,THIN FILM,SMD,-55°C ~ 155°C,Activo,,,AMR,22/08/2026,,,,,,,,,,,
IPN_R-????,R0603_4K12_0.1W_±1%,RES 4.12K OHM 1% 1/10W 0603,4K12 ±1% 1/10W,Resistors:R,Resistor_SMD:R_0603_1608Metric,YAGEO,RT0603FRE074K12L,https://www.digikey.es/es/products/detail/yageo/RT0603FRE074K12L/1075396,RT,,,,,4K12,±1%,0.1W,1/10W,±50ppm/°C,R0603,"0.063"" L x 0.031""A (1.60mm x 0.80mm)","0.022"" (0.55mm)",,THIN FILM,SMD,-55°C ~ 155°C,Activo,,,AMR,22/08/2026,,,,,,,,,,,
IPN_R-????,R0603_4K22_0.1W_±1%,RES 4.22K OHM 1% 1/10W 0603,4K22 ±1% 1/10W,Resistors:R,Resistor_SMD:R_0603_1608Metric,YAGEO,RT0603FRE074K22L,https://www.digikey.es/es/products/detail/yageo/RT0603FRE074K22L/1075397,RT,,,,,4K22,±1%,0.1W,1/10W,±50ppm/°C,R0603,"0.063"" L x 0.031""A (1.60mm x 0.80mm)","0.022"" (0.55mm)",,THIN FILM,SMD,-55°C ~ 155°C,Activo,,,AMR,22/08/2026,,,,,,,,,,,
IPN_R-????,R0603_4K3_0.1W_±1%,RES 4.3K OHM 1% 1/10W 0603,4K3 ±1% 1/10W,Resistors:R,Resistor_SMD:R_0603_1608Metric,YAGEO,RT0603FRE074K3L,https://www.digikey.es/es/products/detail/yageo/RT0603FRE074K3L/1075399,RT,,,,,4K3,±1%,0.1W,1/10W,±50ppm/°C,R0603,"0.063"" L x 0.031""A (1.60mm x 0.80mm)","0.022"" (0.55mm)",,THIN FILM,SMD,-55°C ~ 155°C,Activo,,,AMR,22/08/2026,,,,,,,,,,,
IPN_R-????,R0603_4K32_0.1W_±1%,RES 4.32K OHM 1% 1/10W 0603,4K32 ±1% 1/10W,Resistors:R,Resistor_SMD:R_0603_1608Metric,YAGEO,RT0603FRE074K32L,https://www.digikey.es/es/products/detail/yageo/RT0603FRE074K32L/1075398,RT,,,,,4K32,±1%,0.1W,1/10W,±50ppm/°C,R0603,"0.063"" L x 0.031""A (1.60mm x 0.80mm)","0.022"" (0.55mm)",,THIN FILM,SMD,-55°C ~ 155°C,Activo,,,AMR,22/08/2026,,,,,,,,,,,
IPN_R-????,R0603_4K42_0.1W_±1%,RES 4.42K OHM 1% 1/10W 0603,4K42 ±1% 1/10W,Resistors:R,Resistor_SMD:R_0603_1608Metric,YAGEO,RT0603FRE074K42L,https://www.digikey.es/es/products/detail/yageo/RT0603FRE074K42L/1075400,RT,,,,,4K42,±1%,0.1W,1/10W,±50ppm/°C,R0603,"0.063"" L x 0.031""A (1.60mm x 0.80mm)","0.022"" (0.55mm)",,THIN FILM,SMD,-55°C ~ 155°C,Activo,,,AMR,22/08/2026,,,,,,,,,,,
IPN_R-????,R0603_4K53_0.1W_±1%,RES 4.53K OHM 1% 1/10W 0603,4K53 ±1% 1/10W,Resistors:R,Resistor_SMD:R_0603_1608Metric,YAGEO,RT0603FRE074K53L,https://www.digikey.es/es/products/detail/yageo/RT0603FRE074K53L/1075401,RT,,,,,4K53,±1%,0.1W,1/10W,±50ppm/°C,R0603,"0.063"" L x 0.031""A (1.60mm x 0.80mm)","0.022"" (0.55mm)",,THIN FILM,SMD,-55°C ~ 155°C,Activo,,,AMR,22/08/2026,,,,,,,,,,,
IPN_R-????,R0603_4K64_0.1W_±1%,RES 4.64K OHM 1% 1/10W 0603,4K64 ±1% 1/10W,Resistors:R,Resistor_SMD:R_0603_1608Metric,YAGEO,RT0603FRE074K64L,https://www.digikey.es/es/products/detail/yageo/RT0603FRE074K64L/1075402,RT,,,,,4K64,±1%,0.1W,1/10W,±50ppm/°C,R0603,"0.063"" L x 0.031""A (1.60mm x 0.80mm)","0.022"" (0.55mm)",,THIN FILM,SMD,-55°C ~ 155°C,Activo,,,AMR,22/08/2026,,,,,,,,,,,
IPN_R-????,R0603_4K7_0.1W_±1%,RES 4.7K OHM 1% 1/10W 0603,4K7 ±1% 1/10W,Resistors:R,Resistor_SMD:R_0603_1608Metric,YAGEO,RT0603FRE074K7L,https://www.digikey.es/es/products/detail/yageo/RT0603FRE074K7L/1075404,RT,,,,,4K7,±1%,0.1W,1/10W,±50ppm/°C,R0603,"0.063"" L x 0.031""A (1.60mm x 0.80mm)","0.022"" (0.55mm)",,THIN FILM,SMD,-55°C ~ 155°C,Activo,,,AMR,22/08/2026,,,,,,,,,,,
IPN_R-????,R0603_4R7_0.1W_±1%,RES 4.7 OHM 1% 1/10W 0603,4R7 ±1% 1/10W,Resistors:R,Resistor_SMD:R_0603_1608Metric,YAGEO,RT0603FRE074R7L,https://www.digikey.es/es/products/detail/yageo/RT0603FRE074R7L/5929190,RT,,,,,4R7,±1%,0.1W,1/10W,±50ppm/°C,R0603,"0.063"" L x 0.031""A (1.60mm x 0.80mm)","0.022"" (0.55mm)",,THIN FILM,SMD,-55°C ~ 155°C,Activo,,,AMR,22/08/2026,,,,,,,,,,,
IPN_R-????,R0603_4K75_0.1W_±1%,RES 4.75K OHM 1% 1/10W 0603,4K75 ±1% 1/10W,Resistors:R,Resistor_SMD:R_0603_1608Metric,YAGEO,RT0603FRE074K75L,https://www.digikey.es/es/products/detail/yageo/RT0603FRE074K75L/1075403,RT,,,,,4K75,±1%,0.1W,1/10W,±50ppm/°C,R0603,"0.063"" L x 0.031""A (1.60mm x 0.80mm)","0.022"" (0.55mm)",,THIN FILM,SMD,-55°C ~ 155°C,Activo,,,AMR,22/08/2026,,,,,,,,,,,
IPN_R-????,R0603_4R75_0.1W_±1%,RES 4.75 OHM 1% 1/10W 0603,4R75 ±1% 1/10W,Resistors:R,Resistor_SMD:R_0603_1608Metric,YAGEO,RT0603FRE074R75L,https://www.digikey.es/es/products/detail/yageo/RT0603FRE074R75L/5929189,RT,,,,,4R75,±1%,0.1W,1/10W,±50ppm/°C,R0603,"0.063"" L x 0.031""A (1.60mm x 0.80mm)","0.022"" (0.55mm)",,THIN FILM,SMD,-55°C ~ 155°C,Activo,,,AMR,22/08/2026,,,,,,,,,,,
IPN_R-????,R0603_4K87_0.1W_±1%,RES 4.87K OHM 1% 1/10W 0603,4K87 ±1% 1/10W,Resistors:R,Resistor_SMD:R_0603_1608Metric,YAGEO,RT0603FRE074K87L,https://www.digikey.es/es/products/detail/yageo/RT0603FRE074K87L/1075405,RT,,,,,4K87,±1%,0.1W,1/10W,±50ppm/°C,R0603,"0.063"" L x 0.031""A (1.60mm x 0.80mm)","0.022"" (0.55mm)",,THIN FILM,SMD,-55°C ~ 155°C,Activo,,,AMR,22/08/2026,,,,,,,,,,,
IPN_R-????,R0603_4K99_0.1W_±1%,RES 4.99K OHM 1% 1/10W 0603,4K99 ±1% 1/10W,Resistors:R,Resistor_SMD:R_0603_1608Metric,YAGEO,RT0603FRE074K99L,https://www.digikey.es/es/products/detail/yageo/RT0603FRE074K99L/1075406,RT,,,,,4K99,±1%,0.1W,1/10W,±50ppm/°C,R0603,"0.063"" L x 0.031""A (1.60mm x 0.80mm)","0.022"" (0.55mm)",,THIN FILM,SMD,-55°C ~ 155°C,Activo,,,AMR,22/08/2026,,,,,,,,,,,
IPN_R-????,R0603_4R99_0.1W_±1%,RES 4.99 OHM 1% 1/10W 0603,4R99 ±1% 1/10W,Resistors:R,Resistor_SMD:R_0603_1608Metric,YAGEO,RT0603FRE074R99L,https://www.digikey.es/es/products/detail/yageo/RT0603FRE074R99L/5929191,RT,,,,,4R99,±1%,0.1W,1/10W,±50ppm/°C,R0603,"0.063"" L x 0.031""A (1.60mm x 0.80mm)","0.022"" (0.55mm)",,THIN FILM,SMD,-55°C ~ 155°C,Activo,,,AMR,22/08/2026,,,,,,,,,,,
IPN_R-????,R0603_40K2_0.1W_±1%,RES 40.2K OHM 1% 1/10W 0603,40K2 ±1% 1/10W,Resistors:R,Resistor_SMD:R_0603_1608Metric,YAGEO,RT0603FRE0740K2L,https://www.digikey.es/es/products/detail/yageo/RT0603FRE0740K2L/1075360,RT,,,,,40K2,±1%,0.1W,1/10W,±50ppm/°C,R0603,"0.063"" L x 0.031""A (1.60mm x 0.80mm)","0.022"" (0.55mm)",,THIN FILM,SMD,-55°C ~ 155°C,Activo,,,AMR,22/08/2026,,,,,,,,,,,
IPN_R-????,R0603_402K_0.1W_±1%,RES 402K OHM 1% 1/10W 0603,402K ±1% 1/10W,Resistors:R,Resistor_SMD:R_0603_1608Metric,YAGEO,RT0603FRE07402KL,https://www.digikey.es/es/products/detail/yageo/RT0603FRE07402KL/5929175,RT,,,,,402K,±1%,0.1W,1/10W,±50ppm/°C,R0603,"0.063"" L x 0.031""A (1.60mm x 0.80mm)","0.022"" (0.55mm)",,THIN FILM,SMD,-55°C ~ 155°C,Activo,,,AMR,22/08/2026,,,,,,,,,,,
IPN_R-????,R0603_402R_0.1W_±1%,RES 402 OHM 1% 1/10W 0603,402R ±1% 1/10W,Resistors:R,Resistor_SMD:R_0603_1608Metric,YAGEO,RT0603FRE07402RL,https://www.digikey.es/es/products/detail/yageo/RT0603FRE07402RL/1075359,RT,,,,,402R,±1%,0.1W,1/10W,±50ppm/°C,R0603,"0.063"" L x 0.031""A (1.60mm x 0.80mm)","0.022"" (0.55mm)",,THIN FILM,SMD,-55°C ~ 155°C,Activo,,,AMR,22/08/2026,,,,,,,,,,,
IPN_R-????,R0603_41K2_0.1W_±1%,RES 41.2K OHM 1% 1/10W 0603,41K2 ±1% 1/10W,Resistors:R,Resistor_SMD:R_0603_1608Metric,YAGEO,RT0603FRE0741K2L,https://www.digikey.es/es/products/detail/yageo/RT0603FRE0741K2L/1075363,RT,,,,,41K2,±1%,0.1W,1/10W,±50ppm/°C,R0603,"0.063"" L x 0.031""A (1.60mm x 0.80mm)","0.022"" (0.55mm)",,THIN FILM,SMD,-55°C ~ 155°C,Activo,,,AMR,22/08/2026,,,,,,,,,,,
IPN_R-????,R0603_412K_0.1W_±1%,RES 412K OHM 1% 1/10W 0603,412K ±1% 1/10W,Resistors:R,Resistor_SMD:R_0603_1608Metric,YAGEO,RT0603FRE07412KL,https://www.digikey.es/es/products/detail/yageo/RT0603FRE07412KL/5929176,RT,,,,,412K,±1%,0.1W,1/10W,±50ppm/°C,R0603,"0.063"" L x 0.031""A (1.60mm x 0.80mm)","0.022"" (0.55mm)",,THIN FILM,SMD,-55°C ~ 155°C,Activo,,,AMR,22/08/2026,,,,,,,,,,,
IPN_R-????,R0603_42K2_0.1W_±1%,RES 42.2K OHM 1% 1/10W 0603,42K2 ±1% 1/10W,Resistors:R,Resistor_SMD:R_0603_1608Metric,YAGEO,RT0603FRE0742K2L,https://www.digikey.es/es/products/detail/yageo/RT0603FRE0742K2L/1075366,RT,,,,,42K2,±1%,0.1W,1/10W,±50ppm/°C,R0603,"0.063"" L x 0.031""A (1.60mm x 0.80mm)","0.022"" (0.55mm)",,THIN FILM,SMD,-55°C ~ 155°C,Activo,,,AMR,22/08/2026,,,,,,,,,,,
IPN_R-????,R0603_422K_0.1W_±1%,RES 422K OHM 1% 1/10W 0603,422K ±1% 1/10W,Resistors:R,Resistor_SMD:R_0603_1608Metric,YAGEO,RT0603FRE07422KL,https://www.digikey.es/es/products/detail/yageo/RT0603FRE07422KL/5929177,RT,,,,,422K,±1%,0.1W,1/10W,±50ppm/°C,R0603,"0.063"" L x 0.031""A (1.60mm x 0.80mm)","0.022"" (0.55mm)",,THIN FILM,SMD,-55°C ~ 155°C,Activo,,,AMR,22/08/2026,,,,,,,,,,,
IPN_R-????,R0603_422R_0.1W_±1%,RES 422 OHM 1% 1/10W 0603,422R ±1% 1/10W,Resistors:R,Resistor_SMD:R_0603_1608Metric,YAGEO,RT0603FRE07422RL,https://www.digikey.es/es/products/detail/yageo/RT0603FRE07422RL/1075365,RT,,,,,422R,±1%,0.1W,1/10W,±50ppm/°C,R0603,"0.063"" L x 0.031""A (1.60mm x 0.80mm)","0.022"" (0.55mm)",,THIN FILM,SMD,-55°C ~ 155°C,Activo,,,AMR,22/08/2026,,,,,,,,,,,
IPN_R-????,R0603_43K_0.1W_±1%,RES 43K OHM 1% 1/10W 0603,43K ±1% 1/10W,Resistors:R,Resistor_SMD:R_0603_1608Metric,YAGEO,RT0603FRE0743KL,https://www.digikey.es/es/products/detail/yageo/RT0603FRE0743KL/1075371,RT,,,,,43K,±1%,0.1W,1/10W,±50ppm/°C,R0603,"0.063"" L x 0.031""A (1.60mm x 0.80mm)","0.022"" (0.55mm)",,THIN FILM,SMD,-55°C ~ 155°C,Activo,,,AMR,22/08/2026,,,,,,,,,,,
IPN_R-????,R0603_43R_0.1W_±1%,RES 43 OHM 1% 1/10W 0603,43R ±1% 1/10W,Resistors:R,Resistor_SMD:R_0603_1608Metric,YAGEO,RT0603FRE0743RL,https://www.digikey.es/es/products/detail/yageo/RT0603FRE0743RL/1075373,RT,,,,,43R,±1%,0.1W,1/10W,±50ppm/°C,R0603,"0.063"" L x 0.031""A (1.60mm x 0.80mm)","0.022"" (0.55mm)",,THIN FILM,SMD,-55°C ~ 155°C,Activo,,,AMR,22/08/2026,,,,,,,,,,,
IPN_R-????,R0603_43R2_0.1W_±1%,RES 43.2 OHM 1% 1/10W 0603,43R2 ±1% 1/10W,Resistors:R,Resistor_SMD:R_0603_1608Metric,YAGEO,RT0603FRE0743R2L,https://www.digikey.es/es/products/detail/yageo/RT0603FRE0743R2L/1075372,RT,,,,,43R2,±1%,0.1W,1/10W,±50ppm/°C,R0603,"0.063"" L x 0.031""A (1.60mm x 0.80mm)","0.022"" (0.55mm)",,THIN FILM,SMD,-55°C ~ 155°C,Activo,,,AMR,22/08/2026,,,,,,,,,,,
IPN_R-????,R0603_430K_0.1W_±1%,RES 430K OHM 1% 1/10W 0603,430K ±1% 1/10W,Resistors:R,Resistor_SMD:R_0603_1608Metric,YAGEO,RT0603FRE07430KL,https://www.digikey.es/es/products/detail/yageo/RT0603FRE07430KL/5929178,RT,,,,,430K,±1%,0.1W,1/10W,±50ppm/°C,R0603,"0.063"" L x 0.031""A (1.60mm x 0.80mm)","0.022"" (0.55mm)",,THIN FILM,SMD,-55°C ~ 155°C,Activo,,,AMR,22/08/2026,,,,,,,,,,,
IPN_R-????,R0603_430R_0.1W_±1%,RES 430 OHM 1% 1/10W 0603,430R ±1% 1/10W,Resistors:R,Resistor_SMD:R_0603_1608Metric,YAGEO,RT0603FRE07430RL,https://www.digikey.es/es/products/detail/yageo/RT0603FRE07430RL/1075368,RT,,,,,430R,±1%,0.1W,1/10W,±50ppm/°C,R0603,"0.063"" L x 0.031""A (1.60mm x 0.80mm)","0.022"" (0.55mm)",,THIN FILM,SMD,-55°C ~ 155°C,Activo,,,AMR,22/08/2026,,,,,,,,,,,
IPN_R-????,R0603_432K_0.1W_±1%,RES 432K OHM 1% 1/10W 0603,432K ±1% 1/10W,Resistors:R,Resistor_SMD:R_0603_1608Metric,YAGEO,RT0603FRE07432KL,https://www.digikey.es/es/products/detail/yageo/RT0603FRE07432KL/5929179,RT,,,,,432K,±1%,0.1W,1/10W,±50ppm/°C,R0603,"0.063"" L x 0.031""A (1.60mm x 0.80mm)","0.022"" (0.55mm)",,THIN FILM,SMD,-55°C ~ 155°C,Activo,,,AMR,22/08/2026,,,,,,,,,,,
IPN_R-????,R0603_432R_0.1W_±1%,RES 432 OHM 1% 1/10W 0603,432R ±1% 1/10W,Resistors:R,Resistor_SMD:R_0603_1608Metric,YAGEO,RT0603FRE07432RL,https://www.digikey.es/es/products/detail/yageo/RT0603FRE07432RL/1075369,RT,,,,,432R,±1%,0.1W,1/10W,±50ppm/°C,R0603,"0.063"" L x 0.031""A (1.60mm x 0.80mm)","0.022"" (0.55mm)",,THIN FILM,SMD,-55°C ~ 155°C,Activo,,,AMR,22/08/2026,,,,,,,,,,,
IPN_R-????,R0603_44K2_0.1W_±1%,RES 44.2K OHM 1% 1/10W 0603,44K2 ±1% 1/10W,Resistors:R,Resistor_SMD:R_0603_1608Metric,YAGEO,RT0603FRE0744K2L,https://www.digikey.es/es/products/detail/yageo/RT0603FRE0744K2L/1075375,RT,,,,,44K2,±1%,0.1W,1/10W,±50ppm/°C,R0603,"0.063"" L x 0.031""A (1.60mm x 0.80mm)","0.022"" (0.55mm)",,THIN FILM,SMD,-55°C ~ 155°C,Activo,,,AMR,22/08/2026,,,,,,,,,,,
IPN_R-????,R0603_44K8_0.1W_±1%,RES 44.8K OHM 1% 1/10W 0603,44K8 ±1% 1/10W,Resistors:R,Resistor_SMD:R_0603_1608Metric,YAGEO,RT0603FRE0744K8L,https://www.digikey.es/es/products/detail/yageo/RT0603FRE0744K8L/17019845,RT,,,,,44K8,±1%,0.1W,1/10W,±50ppm/°C,R0603,"0.063"" L x 0.031""A (1.60mm x 0.80mm)","0.022"" (0.55mm)",,THIN FILM,SMD,-55°C ~ 155°C,Activo,,,AMR,22/08/2026,,,,,,,,,,,
IPN_R-????,R0603_442K_0.1W_±1%,RES 442K OHM 1% 1/10W 0603,442K ±1% 1/10W,Resistors:R,Resistor_SMD:R_0603_1608Metric,YAGEO,RT0603FRE07442KL,https://www.digikey.es/es/products/detail/yageo/RT0603FRE07442KL/5929180,RT,,,,,442K,±1%,0.1W,1/10W,±50ppm/°C,R0603,"0.063"" L x 0.031""A (1.60mm x 0.80mm)","0.022"" (0.55mm)",,THIN FILM,SMD,-55°C ~ 155°C,Activo,,,AMR,22/08/2026,,,,,,,,,,,
IPN_R-????,R0603_45K3_0.1W_±1%,RES 45.3K OHM 1% 1/10W 0603,45K3 ±1% 1/10W,Resistors:R,Resistor_SMD:R_0603_1608Metric,YAGEO,RT0603FRE0745K3L,https://www.digikey.es/es/products/detail/yageo/RT0603FRE0745K3L/1075378,RT,,,,,45K3,±1%,0.1W,1/10W,±50ppm/°C,R0603,"0.063"" L x 0.031""A (1.60mm x 0.80mm)","0.022"" (0.55mm)",,THIN FILM,SMD,-55°C ~ 155°C,Activo,,,AMR,22/08/2026,,,,,,,,,,,
IPN_R-????,R0603_45R3_0.1W_±1%,RES 45.3 OHM 1% 1/10W 0603,45R3 ±1% 1/10W,Resistors:R,Resistor_SMD:R_0603_1608Metric,YAGEO,RT0603FRE0745R3L,https://www.digikey.es/es/products/detail/yageo/RT0603FRE0745R3L/1075379,RT,,,,,45R3,±1%,0.1W,1/10W,±50ppm/°C,R0603,"0.063"" L x 0.031""A (1.60mm x 0.80mm)","0.022"" (0.55mm)",,THIN FILM,SMD,-55°C ~ 155°C,Activo,,,AMR,22/08/2026,,,,,,,,,,,
IPN_R-????,R0603_453K_0.1W_±1%,RES 453K OHM 1% 1/10W 0603,453K ±1% 1/10W,Resistors:R,Resistor_SMD:R_0603_1608Metric,YAGEO,RT0603FRE07453KL,https://www.digikey.es/es/products/detail/yageo/RT0603FRE07453KL/5929181,RT,,,,,453K,±1%,0.1W,1/10W,±50ppm/°C,R0603,"0.063"" L x 0.031""A (1.60mm x 0.80mm)","0.022"" (0.55mm)",,THIN FILM,SMD,-55°C ~ 155°C,Activo,,,AMR,22/08/2026,,,,,,,,,,,
IPN_R-????,R0603_46K4_0.1W_±1%,RES 46.4K OHM 1% 1/10W 0603,46K4 ±1% 1/10W,Resistors:R,Resistor_SMD:R_0603_1608Metric,YAGEO,RT0603FRE0746K4L,https://www.digikey.es/es/products/detail/yageo/RT0603FRE0746K4L/1075381,RT,,,,,46K4,±1%,0.1W,1/10W,±50ppm/°C,R0603,"0.063"" L x 0.031""A (1.60mm x 0.80mm)","0.022"" (0.55mm)",,THIN FILM,SMD,-55°C ~ 155°C,Activo,,,AMR,22/08/2026,,,,,,,,,,,
IPN_R-????,R0603_464K_0.1W_±1%,RES 464K OHM 1% 1/10W 0603,464K ±1% 1/10W,Resistors:R,Resistor_SMD:R_0603_1608Metric,YAGEO,RT0603FRE07464KL,https://www.digikey.es/es/products/detail/yageo/RT0603FRE07464KL/5929182,RT,,,,,464K,±1%,0.1W,1/10W,±50ppm/°C,R0603,"0.063"" L x 0.031""A (1.60mm x 0.80mm)","0.022"" (0.55mm)",,THIN FILM,SMD,-55°C ~ 155°C,Activo,,,AMR,22/08/2026,,,,,,,,,,,
IPN_R-????,R0603_464R_0.1W_±1%,RES 464 OHM 1% 1/10W 0603,464R ±1% 1/10W,Resistors:R,Resistor_SMD:R_0603_1608Metric,YAGEO,RT0603FRE07464RL,https://www.digikey.es/es/products/detail/yageo/RT0603FRE07464RL/1075380,RT,,,,,464R,±1%,0.1W,1/10W,±50ppm/°C,R0603,"0.063"" L x 0.031""A (1.60mm x 0.80mm)","0.022"" (0.55mm)",,THIN FILM,SMD,-55°C ~ 155°C,Activo,,,AMR,22/08/2026,,,,,,,,,,,
IPN_R-????,R0603_47K_0.1W_±1%,RES 47K OHM 1% 1/10W 0603,47K ±1% 1/10W,Resistors:R,Resistor_SMD:R_0603_1608Metric,YAGEO,RT0603FRE0747KL,https://www.digikey.es/es/products/detail/yageo/RT0603FRE0747KL/1075386,RT,,,,,47K,±1%,0.1W,1/10W,±50ppm/°C,R0603,"0.063"" L x 0.031""A (1.60mm x 0.80mm)","0.022"" (0.55mm)",,THIN FILM,SMD,-55°C ~ 155°C,Activo,,,AMR,22/08/2026,,,,,,,,,,,
IPN_R-????,R0603_47R_0.1W_±1%,RES 47 OHM 1% 1/10W 0603,47R ±1% 1/10W,Resistors:R,Resistor_SMD:R_0603_1608Metric,YAGEO,RT0603FRE0747RL,https://www.digikey.es/es/products/detail/yageo/RT0603FRE0747RL/1075388,RT,,,,,47R,±1%,0.1W,1/10W,±50ppm/°C,R0603,"0.063"" L x 0.031""A (1.60mm x 0.80mm)","0.022"" (0.55mm)",,THIN FILM,SMD,-55°C ~ 155°C,Activo,,,AMR,22/08/2026,,,,,,,,,,,
IPN_R-????,R0603_47K5_0.1W_±1%,RES 47.5K OHM 1% 1/10W 0603,47K5 ±1% 1/10W,Resistors:R,Resistor_SMD:R_0603_1608Metric,YAGEO,RT0603FRE0747K5L,https://www.digikey.es/es/products/detail/yageo/RT0603FRE0747K5L/1075385,RT,,,,,47K5,±1%,0.1W,1/10W,±50ppm/°C,R0603,"0.063"" L x 0.031""A (1.60mm x 0.80mm)","0.022"" (0.55mm)",,THIN FILM,SMD,-55°C ~ 155°C,Activo,,,AMR,22/08/2026,,,,,,,,,,,
IPN_R-????,R0603_47R5_0.1W_±1%,RES 47.5 OHM 1% 1/10W 0603,47R5 ±1% 1/10W,Resistors:R,Resistor_SMD:R_0603_1608Metric,YAGEO,RT0603FRE0747R5L,https://www.digikey.es/es/products/detail/yageo/RT0603FRE0747R5L/1075387,RT,,,,,47R5,±1%,0.1W,1/10W,±50ppm/°C,R0603,"0.063"" L x 0.031""A (1.60mm x 0.80mm)","0.022"" (0.55mm)",,THIN FILM,SMD,-55°C ~ 155°C,Activo,,,AMR,22/08/2026,,,,,,,,,,,
IPN_R-????,R0603_470K_0.1W_±1%,RES 470K OHM 1% 1/10W 0603,470K ±1% 1/10W,Resistors:R,Resistor_SMD:R_0603_1608Metric,YAGEO,RT0603FRE07470KL,https://www.digikey.es/es/products/detail/yageo/RT0603FRE07470KL/5929183,RT,,,,,470K,±1%,0.1W,1/10W,±50ppm/°C,R0603,"0.063"" L x 0.031""A (1.60mm x 0.80mm)","0.022"" (0.55mm)",,THIN FILM,SMD,-55°C ~ 155°C,Activo,,,AMR,22/08/2026,,,,,,,,,,,
IPN_R-????,R0603_470R_0.1W_±1%,RES 470 OHM 1% 1/10W 0603,470R ±1% 1/10W,Resistors:R,Resistor_SMD:R_0603_1608Metric,YAGEO,RT0603FRE07470RL,https://www.digikey.es/es/products/detail/yageo/RT0603FRE07470RL/1075383,RT,,,,,470R,±1%,0.1W,1/10W,±50ppm/°C,R0603,"0.063"" L x 0.031""A (1.60mm x 0.80mm)","0.022"" (0.55mm)",,THIN FILM,SMD,-55°C ~ 155°C,Activo,,,AMR,22/08/2026,,,,,,,,,,,
IPN_R-????,R0603_475K_0.1W_±1%,RES 475K OHM 1% 1/10W 0603,475K ±1% 1/10W,Resistors:R,Resistor_SMD:R_0603_1608Metric,YAGEO,RT0603FRE07475KL,https://www.digikey.es/es/products/detail/yageo/RT0603FRE07475KL/5929184,RT,,,,,475K,±1%,0.1W,1/10W,±50ppm/°C,R0603,"0.063"" L x 0.031""A (1.60mm x 0.80mm)","0.022"" (0.55mm)",,THIN FILM,SMD,-55°C ~ 155°C,Activo,,,AMR,22/08/2026,,,,,,,,,,,
IPN_R-????,R0603_48K7_0.1W_±1%,RES 48.7K OHM 1% 1/10W 0603,48K7 ±1% 1/10W,Resistors:R,Resistor_SMD:R_0603_1608Metric,YAGEO,RT0603FRE0748K7L,https://www.digikey.es/es/products/detail/yageo/RT0603FRE0748K7L/1075390,RT,,,,,48K7,±1%,0.1W,1/10W,±50ppm/°C,R0603,"0.063"" L x 0.031""A (1.60mm x 0.80mm)","0.022"" (0.55mm)",,THIN FILM,SMD,-55°C ~ 155°C,Activo,,,AMR,22/08/2026,,,,,,,,,,,
IPN_R-????,R0603_48K7_0.1W_±1%,RES 48.7K OHM 1% 1/10W 0603,48K7 ±1% 1/10W,Resistors:R,Resistor_SMD:R_0603_1608Metric,YAGEO,RT0603FRE1048K7L,https://www.digikey.es/es/products/detail/yageo/RT0603FRE1048K7L/17024039,RT,,,,,48K7,±1%,0.1W,1/10W,±50ppm/°C,R0603,"0.063"" L x 0.031""A (1.60mm x 0.80mm)","0.022"" (0.55mm)",,THIN FILM,SMD,-55°C ~ 155°C,Activo,,,AMR,22/08/2026,,,,,,,,,,,
IPN_R-????,R0603_487R_0.1W_±1%,RES 487 OHM 1% 1/10W 0603,487R ±1% 1/10W,Resistors:R,Resistor_SMD:R_0603_1608Metric,YAGEO,RT0603FRE07487RL,https://www.digikey.es/es/products/detail/yageo/RT0603FRE07487RL/1075389,RT,,,,,487R,±1%,0.1W,1/10W,±50ppm/°C,R0603,"0.063"" L x 0.031""A (1.60mm x 0.80mm)","0.022"" (0.55mm)",,THIN FILM,SMD,-55°C ~ 155°C,Activo,,,AMR,22/08/2026,,,,,,,,,,,
IPN_R-????,R0603_49K9_0.1W_±1%,RES 49.9K OHM 1% 1/10W 0603,49K9 ±1% 1/10W,Resistors:R,Resistor_SMD:R_0603_1608Metric,YAGEO,RT0603FRE0749K9L,https://www.digikey.es/es/products/detail/yageo/RT0603FRE0749K9L/1075393,RT,,,,,49K9,±1%,0.1W,1/10W,±50ppm/°C,R0603,"0.063"" L x 0.031""A (1.60mm x 0.80mm)","0.022"" (0.55mm)",,THIN FILM,SMD,-55°C ~ 155°C,Activo,,,AMR,22/08/2026,,,,,,,,,,,
IPN_R-????,R0603_49R9_0.1W_±1%,RES 49.9 OHM 1% 1/10W 0603,49R9 ±1% 1/10W,Resistors:R,Resistor_SMD:R_0603_1608Metric,YAGEO,RT0603FRE0749R9L,https://www.digikey.es/es/products/detail/yageo/RT0603FRE0749R9L/1075394,RT,,,,,49R9,±1%,0.1W,1/10W,±50ppm/°C,R0603,"0.063"" L x 0.031""A (1.60mm x 0.80mm)","0.022"" (0.55mm)",,THIN FILM,SMD,-55°C ~ 155°C,Activo,,,AMR,22/08/2026,,,,,,,,,,,
IPN_R-????,R0603_499K_0.1W_±1%,RES 499K OHM 1% 1/10W 0603,499K ±1% 1/10W,Resistors:R,Resistor_SMD:R_0603_1608Metric,YAGEO,RT0603FRE07499KL,https://www.digikey.es/es/products/detail/yageo/RT0603FRE07499KL/5929186,RT,,,,,499K,±1%,0.1W,1/10W,±50ppm/°C,R0603,"0.063"" L x 0.031""A (1.60mm x 0.80mm)","0.022"" (0.55mm)",,THIN FILM,SMD,-55°C ~ 155°C,Activo,,,AMR,22/08/2026,,,,,,,,,,,
IPN_R-????,R0603_499R_0.1W_±1%,RES 499 OHM 1% 1/10W 0603,499R ±1% 1/10W,Resistors:R,Resistor_SMD:R_0603_1608Metric,YAGEO,RT0603FRE07499RL,https://www.digikey.es/es/products/detail/yageo/RT0603FRE07499RL/1075392,RT,,,,,499R,±1%,0.1W,1/10W,±50ppm/°C,R0603,"0.063"" L x 0.031""A (1.60mm x 0.80mm)","0.022"" (0.55mm)",,THIN FILM,SMD,-55°C ~ 155°C,Activo,,,AMR,22/08/2026,,,,,,,,,,,
IPN_R-????,R0603_5K1_0.1W_±1%,RES 5.1K OHM 1% 1/10W 0603,5K1 ±1% 1/10W,Resistors:R,Resistor_SMD:R_0603_1608Metric,YAGEO,RT0603FRE075K1L,https://www.digikey.es/es/products/detail/yageo/RT0603FRE075K1L/1075435,RT,,,,,5K1,±1%,0.1W,1/10W,±50ppm/°C,R0603,"0.063"" L x 0.031""A (1.60mm x 0.80mm)","0.022"" (0.55mm)",,THIN FILM,SMD,-55°C ~ 155°C,Activo,,,AMR,22/08/2026,,,,,,,,,,,
IPN_R-????,R0603_5R1_0.1W_±1%,RES 5.1 OHM 1% 1/10W 0603,5R1 ±1% 1/10W,Resistors:R,Resistor_SMD:R_0603_1608Metric,YAGEO,RT0603FRE075R1L,https://www.digikey.es/es/products/detail/yageo/RT0603FRE075R1L/5929202,RT,,,,,5R1,±1%,0.1W,1/10W,±50ppm/°C,R0603,"0.063"" L x 0.031""A (1.60mm x 0.80mm)","0.022"" (0.55mm)",,THIN FILM,SMD,-55°C ~ 155°C,Activo,,,AMR,22/08/2026,,,,,,,,,,,
IPN_R-????,R0603_5K11_0.1W_±1%,RES 5.11K OHM 1% 1/10W 0603,5K11 ±1% 1/10W,Resistors:R,Resistor_SMD:R_0603_1608Metric,YAGEO,RT0603FRE075K11L,https://www.digikey.es/es/products/detail/yageo/RT0603FRE075K11L/1075434,RT,,,,,5K11,±1%,0.1W,1/10W,±50ppm/°C,R0603,"0.063"" L x 0.031""A (1.60mm x 0.80mm)","0.022"" (0.55mm)",,THIN FILM,SMD,-55°C ~ 155°C,Activo,,,AMR,22/08/2026,,,,,,,,,,,
IPN_R-????,R0603_5K11_0.1W_±1%,RES 5.11K OHM 1% 1/10W 0603,5K11 ±1% 1/10W,Resistors:R,Resistor_SMD:R_0603_1608Metric,YAGEO,RT0603FRE135K11L,https://www.digikey.es/es/products/detail/yageo/RT0603FRE135K11L/17017774,RT,,,,,5K11,±1%,0.1W,1/10W,±50ppm/°C,R0603,"0.063"" L x 0.031""A (1.60mm x 0.80mm)","0.022"" (0.55mm)",,THIN FILM,SMD,-55°C ~ 155°C,Activo,,,AMR,22/08/2026,,,,,,,,,,,
IPN_R-????,R0603_5K23_0.1W_±1%,RES 5.23K OHM 1% 1/10W 0603,5K23 ±1% 1/10W,Resistors:R,Resistor_SMD:R_0603_1608Metric,YAGEO,RT0603FRE075K23L,https://www.digikey.es/es/products/detail/yageo/RT0603FRE075K23L/1075436,RT,,,,,5K23,±1%,0.1W,1/10W,±50ppm/°C,R0603,"0.063"" L x 0.031""A (1.60mm x 0.80mm)","0.022"" (0.55mm)",,THIN FILM,SMD,-55°C ~ 155°C,Activo,,,AMR,22/08/2026,,,,,,,,,,,
IPN_R-????,R0603_5K36_0.1W_±1%,RES 5.36K OHM 1% 1/10W 0603,5K36 ±1% 1/10W,Resistors:R,Resistor_SMD:R_0603_1608Metric,YAGEO,RT0603FRE075K36L,https://www.digikey.es/es/products/detail/yageo/RT0603FRE075K36L/1075437,RT,,,,,5K36,±1%,0.1W,1/10W,±50ppm/°C,R0603,"0.063"" L x 0.031""A (1.60mm x 0.80mm)","0.022"" (0.55mm)",,THIN FILM,SMD,-55°C ~ 155°C,Activo,,,AMR,22/08/2026,,,,,,,,,,,
IPN_R-????,R0603_5K49_0.1W_±1%,RES 5.49K OHM 1% 1/10W 0603,5K49 ±1% 1/10W,Resistors:R,Resistor_SMD:R_0603_1608Metric,YAGEO,RT0603FRE075K49L,https://www.digikey.es/es/products/detail/yageo/RT0603FRE075K49L/1075438,RT,,,,,5K49,±1%,0.1W,1/10W,±50ppm/°C,R0603,"0.063"" L x 0.031""A (1.60mm x 0.80mm)","0.022"" (0.55mm)",,THIN FILM,SMD,-55°C ~ 155°C,Activo,,,AMR,22/08/2026,,,,,,,,,,,
IPN_R-????,R0603_5K6_0.1W_±1%,RES 5.6K OHM 1% 1/10W 0603,5K6 ±1% 1/10W,Resistors:R,Resistor_SMD:R_0603_1608Metric,YAGEO,RT0603FRE075K6L,https://www.digikey.es/es/products/detail/yageo/RT0603FRE075K6L/1075440,RT,,,,,5K6,±1%,0.1W,1/10W,±50ppm/°C,R0603,"0.063"" L x 0.031""A (1.60mm x 0.80mm)","0.022"" (0.55mm)",,THIN FILM,SMD,-55°C ~ 155°C,Activo,,,AMR,22/08/2026,,,,,,,,,,,
IPN_R-????,R0603_5R6_0.1W_±1%,RES 5.6 OHM 1% 1/10W 0603,5R6 ±1% 1/10W,Resistors:R,Resistor_SMD:R_0603_1608Metric,YAGEO,RT0603FRE075R6L,https://www.digikey.es/es/products/detail/yageo/RT0603FRE075R6L/5929204,RT,,,,,5R6,±1%,0.1W,1/10W,±50ppm/°C,R0603,"0.063"" L x 0.031""A (1.60mm x 0.80mm)","0.022"" (0.55mm)",,THIN FILM,SMD,-55°C ~ 155°C,Activo,,,AMR,22/08/2026,,,,,,,,,,,
IPN_R-????,R0603_5K62_0.1W_±1%,RES 5.62K OHM 1% 1/10W 0603,5K62 ±1% 1/10W,Resistors:R,Resistor_SMD:R_0603_1608Metric,YAGEO,RT0603FRE075K62L,https://www.digikey.es/es/products/detail/yageo/RT0603FRE075K62L/1075439,RT,,,,,5K62,±1%,0.1W,1/10W,±50ppm/°C,R0603,"0.063"" L x 0.031""A (1.60mm x 0.80mm)","0.022"" (0.55mm)",,THIN FILM,SMD,-55°C ~ 155°C,Activo,,,AMR,22/08/2026,,,,,,,,,,,
IPN_R-????,R0603_5K76_0.1W_±1%,RES 5.76K OHM 1% 1/10W 0603,5K76 ±1% 1/10W,Resistors:R,Resistor_SMD:R_0603_1608Metric,YAGEO,RT0603FRE075K76L,https://www.digikey.es/es/products/detail/yageo/RT0603FRE075K76L/1075441,RT,,,,,5K76,±1%,0.1W,1/10W,±50ppm/°C,R0603,"0.063"" L x 0.031""A (1.60mm x 0.80mm)","0.022"" (0.55mm)",,THIN FILM,SMD,-55°C ~ 155°C,Activo,,,AMR,22/08/2026,,,,,,,,,,,
IPN_R-????,R0603_5K9_0.1W_±1%,RES 5.9K OHM 1% 1/10W 0603,5K9 ±1% 1/10W,Resistors:R,Resistor_SMD:R_0603_1608Metric,YAGEO,RT0603FRE075K9L,https://www.digikey.es/es/products/detail/yageo/RT0603FRE075K9L/1075442,RT,,,,,5K9,±1%,0.1W,1/10W,±50ppm/°C,R0603,"0.063"" L x 0.031""A (1.60mm x 0.80mm)","0.022"" (0.55mm)",,THIN FILM,SMD,-55°C ~ 155°C,Activo,,,AMR,22/08/2026,,,,,,,,,,,
IPN_R-????,R0603_51K_0.1W_±1%,RES 51K OHM 1% 1/10W 0603,51K ±1% 1/10W,Resistors:R,Resistor_SMD:R_0603_1608Metric,YAGEO,RT0603FRE0751KL,https://www.digikey.es/es/products/detail/yageo/RT0603FRE0751KL/1075410,RT,,,,,51K,±1%,0.1W,1/10W,±50ppm/°C,R0603,"0.063"" L x 0.031""A (1.60mm x 0.80mm)","0.022"" (0.55mm)",,THIN FILM,SMD,-55°C ~ 155°C,Activo,,,AMR,22/08/2026,,,,,,,,,,,
IPN_R-????,R0603_51R_0.1W_±1%,RES 51 OHM 1% 1/10W 0603,51R ±1% 1/10W,Resistors:R,Resistor_SMD:R_0603_1608Metric,YAGEO,RT0603FRE0751RL,https://www.digikey.es/es/products/detail/yageo/RT0603FRE0751RL/1075412,RT,,,,,51R,±1%,0.1W,1/10W,±50ppm/°C,R0603,"0.063"" L x 0.031""A (1.60mm x 0.80mm)","0.022"" (0.55mm)",,THIN FILM,SMD,-55°C ~ 155°C,Activo,,,AMR,22/08/2026,,,,,,,,,,,
IPN_R-????,R0603_51K1_0.1W_±1%,RES 51.1K OHM 1% 1/10W 0603,51K1 ±1% 1/10W,Resistors:R,Resistor_SMD:R_0603_1608Metric,YAGEO,RT0603FRE0751K1L,https://www.digikey.es/es/products/detail/yageo/RT0603FRE0751K1L/1075409,RT,,,,,51K1,±1%,0.1W,1/10W,±50ppm/°C,R0603,"0.063"" L x 0.031""A (1.60mm x 0.80mm)","0.022"" (0.55mm)",,THIN FILM,SMD,-55°C ~ 155°C,Activo,,,AMR,22/08/2026,,,,,,,,,,,
IPN_R-????,R0603_51R1_0.1W_±1%,RES 51.1 OHM 1% 1/10W 0603,51R1 ±1% 1/10W,Resistors:R,Resistor_SMD:R_0603_1608Metric,YAGEO,RT0603FRE0751R1L,https://www.digikey.es/es/products/detail/yageo/RT0603FRE0751R1L/1075411,RT,,,,,51R1,±1%,0.1W,1/10W,±50ppm/°C,R0603,"0.063"" L x 0.031""A (1.60mm x 0.80mm)","0.022"" (0.55mm)",,THIN FILM,SMD,-55°C ~ 155°C,Activo,,,AMR,22/08/2026,,,,,,,,,,,
IPN_R-????,R0603_510K_0.1W_±1%,RES 510K OHM 1% 1/10W 0603,510K ±1% 1/10W,Resistors:R,Resistor_SMD:R_0603_1608Metric,YAGEO,RT0603FRE07510KL,https://www.digikey.es/es/products/detail/yageo/RT0603FRE07510KL/5929192,RT,,,,,510K,±1%,0.1W,1/10W,±50ppm/°C,R0603,"0.063"" L x 0.031""A (1.60mm x 0.80mm)","0.022"" (0.55mm)",,THIN FILM,SMD,-55°C ~ 155°C,Activo,,,AMR,22/08/2026,,,,,,,,,,,
IPN_R-????,R0603_510R_0.1W_±1%,RES 510 OHM 1% 1/10W 0603,510R ±1% 1/10W,Resistors:R,Resistor_SMD:R_0603_1608Metric,YAGEO,RT0603FRE07510RL,https://www.digikey.es/es/products/detail/yageo/RT0603FRE07510RL/1075407,RT,,,,,510R,±1%,0.1W,1/10W,±50ppm/°C,R0603,"0.063"" L x 0.031""A (1.60mm x 0.80mm)","0.022"" (0.55mm)",,THIN FILM,SMD,-55°C ~ 155°C,Activo,,,AMR,22/08/2026,,,,,,,,,,,
IPN_R-????,R0603_511K_0.1W_±1%,RES 511K OHM 1% 1/10W 0603,511K ±1% 1/10W,Resistors:R,Resistor_SMD:R_0603_1608Metric,YAGEO,RT0603FRE07511KL,https://www.digikey.es/es/products/detail/yageo/RT0603FRE07511KL/5929193,RT,,,,,511K,±1%,0.1W,1/10W,±50ppm/°C,R0603,"0.063"" L x 0.031""A (1.60mm x 0.80mm)","0.022"" (0.55mm)",,THIN FILM,SMD,-55°C ~ 155°C,Activo,,,AMR,22/08/2026,,,,,,,,,,,
IPN_R-????,R0603_511R_0.1W_±1%,RES 511 OHM 1% 1/10W 0603,511R ±1% 1/10W,Resistors:R,Resistor_SMD:R_0603_1608Metric,YAGEO,RT0603FRE07511RL,https://www.digikey.es/es/products/detail/yageo/RT0603FRE07511RL/1075408,RT,,,,,511R,±1%,0.1W,1/10W,±50ppm/°C,R0603,"0.063"" L x 0.031""A (1.60mm x 0.80mm)","0.022"" (0.55mm)",,THIN FILM,SMD,-55°C ~ 155°C,Activo,,,AMR,22/08/2026,,,,,,,,,,,
IPN_R-????,R0603_53K6_0.1W_±1%,RES 53.6K OHM 1% 1/10W 0603,53K6 ±1% 1/10W,Resistors:R,Resistor_SMD:R_0603_1608Metric,YAGEO,RT0603FRE0753K6L,https://www.digikey.es/es/products/detail/yageo/RT0603FRE0753K6L/1075417,RT,,,,,53K6,±1%,0.1W,1/10W,±50ppm/°C,R0603,"0.063"" L x 0.031""A (1.60mm x 0.80mm)","0.022"" (0.55mm)",,THIN FILM,SMD,-55°C ~ 155°C,Activo,,,AMR,22/08/2026,,,,,,,,,,,
IPN_R-????,R0603_536K_0.1W_±1%,RES 536K OHM 1% 1/10W 0603,536K ±1% 1/10W,Resistors:R,Resistor_SMD:R_0603_1608Metric,YAGEO,RT0603FRE07536KL,https://www.digikey.es/es/products/detail/yageo/RT0603FRE07536KL/5929195,RT,,,,,536K,±1%,0.1W,1/10W,±50ppm/°C,R0603,"0.063"" L x 0.031""A (1.60mm x 0.80mm)","0.022"" (0.55mm)",,THIN FILM,SMD,-55°C ~ 155°C,Activo,,,AMR,22/08/2026,,,,,,,,,,,
IPN_R-????,R0603_549R_0.1W_±1%,RES 549 OHM 1% 1/10W 0603,549R ±1% 1/10W,Resistors:R,Resistor_SMD:R_0603_1608Metric,YAGEO,RT0603FRE07549RL,https://www.digikey.es/es/products/detail/yageo/RT0603FRE07549RL/1075419,RT,,,,,549R,±1%,0.1W,1/10W,±50ppm/°C,R0603,"0.063"" L x 0.031""A (1.60mm x 0.80mm)","0.022"" (0.55mm)",,THIN FILM,SMD,-55°C ~ 155°C,Activo,,,AMR,22/08/2026,,,,,,,,,,,
IPN_R-????,R0603_56K_0.1W_±1%,RES 56K OHM 1% 1/10W 0603,56K ±1% 1/10W,Resistors:R,Resistor_SMD:R_0603_1608Metric,YAGEO,RT0603FRE0756KL,https://www.digikey.es/es/products/detail/yageo/RT0603FRE0756KL/1075425,RT,,,,,56K,±1%,0.1W,1/10W,±50ppm/°C,R0603,"0.063"" L x 0.031""A (1.60mm x 0.80mm)","0.022"" (0.55mm)",,THIN FILM,SMD,-55°C ~ 155°C,Activo,,,AMR,22/08/2026,,,,,,,,,,,
IPN_R-????,R0603_56R_0.1W_±1%,RES 56 OHM 1% 1/10W 0603,56R ±1% 1/10W,Resistors:R,Resistor_SMD:R_0603_1608Metric,YAGEO,RT0603FRE0756RL,https://www.digikey.es/es/products/detail/yageo/RT0603FRE0756RL/1075427,RT,,,,,56R,±1%,0.1W,1/10W,±50ppm/°C,R0603,"0.063"" L x 0.031""A (1.60mm x 0.80mm)","0.022"" (0.55mm)",,THIN FILM,SMD,-55°C ~ 155°C,Activo,,,AMR,22/08/2026,,,,,,,,,,,
IPN_R-????,R0603_56K2_0.1W_±1%,RES 56.2K OHM 1% 1/10W 0603,56K2 ±1% 1/10W,Resistors:R,Resistor_SMD:R_0603_1608Metric,YAGEO,RT0603FRE0756K2L,https://www.digikey.es/es/products/detail/yageo/RT0603FRE0756K2L/1075424,RT,,,,,56K2,±1%,0.1W,1/10W,±50ppm/°C,R0603,"0.063"" L x 0.031""A (1.60mm x 0.80mm)","0.022"" (0.55mm)",,THIN FILM,SMD,-55°C ~ 155°C,Activo,,,AMR,22/08/2026,,,,,,,,,,,
IPN_R-????,R0603_56R2_0.1W_±1%,RES 56.2 OHM 1% 1/10W 0603,56R2 ±1% 1/10W,Resistors:R,Resistor_SMD:R_0603_1608Metric,YAGEO,RT0603FRE0756R2L,https://www.digikey.es/es/products/detail/yageo/RT0603FRE0756R2L/1075426,RT,,,,,56R2,±1%,0.1W,1/10W,±50ppm/°C,R0603,"0.063"" L x 0.031""A (1.60mm x 0.80mm)","0.022"" (0.55mm)",,THIN FILM,SMD,-55°C ~ 155°C,Activo,,,AMR,22/08/2026,,,,,,,,,,,
IPN_R-????,R0603_560K_0.1W_±1%,RES 560K OHM 1% 1/10W 0603,560K ±1% 1/10W,Resistors:R,Resistor_SMD:R_0603_1608Metric,YAGEO,RT0603FRE07560KL,https://www.digikey.es/es/products/detail/yageo/RT0603FRE07560KL/5929197,RT,,,,,560K,±1%,0.1W,1/10W,±50ppm/°C,R0603,"0.063"" L x 0.031""A (1.60mm x 0.80mm)","0.022"" (0.55mm)",,THIN FILM,SMD,-55°C ~ 155°C,Activo,,,AMR,22/08/2026,,,,,,,,,,,
IPN_R-????,R0603_560R_0.1W_±1%,RES 560 OHM 1% 1/10W 0603,560R ±1% 1/10W,Resistors:R,Resistor_SMD:R_0603_1608Metric,YAGEO,RT0603FRE07560RL,https://www.digikey.es/es/products/detail/yageo/RT0603FRE07560RL/1075422,RT,,,,,560R,±1%,0.1W,1/10W,±50ppm/°C,R0603,"0.063"" L x 0.031""A (1.60mm x 0.80mm)","0.022"" (0.55mm)",,THIN FILM,SMD,-55°C ~ 155°C,Activo,,,AMR,22/08/2026,,,,,,,,,,,
IPN_R-????,R0603_562K_0.1W_±1%,RES 562K OHM 1% 1/10W 0603,562K ±1% 1/10W,Resistors:R,Resistor_SMD:R_0603_1608Metric,YAGEO,RT0603FRE07562KL,https://www.digikey.es/es/products/detail/yageo/RT0603FRE07562KL/5929198,RT,,,,,562K,±1%,0.1W,1/10W,±50ppm/°C,R0603,"0.063"" L x 0.031""A (1.60mm x 0.80mm)","0.022"" (0.55mm)",,THIN FILM,SMD,-55°C ~ 155°C,Activo,,,AMR,22/08/2026,,,,,,,,,,,
IPN_R-????,R0603_562R_0.1W_±1%,RES 562 OHM 1% 1/10W 0603,562R ±1% 1/10W,Resistors:R,Resistor_SMD:R_0603_1608Metric,YAGEO,RT0603FRE07562RL,https://www.digikey.es/es/products/detail/yageo/RT0603FRE07562RL/1075423,RT,,,,,562R,±1%,0.1W,1/10W,±50ppm/°C,R0603,"0.063"" L x 0.031""A (1.60mm x 0.80mm)","0.022"" (0.55mm)",,THIN FILM,SMD,-55°C ~ 155°C,Activo,,,AMR,22/08/2026,,,,,,,,,,,
IPN_R-????,R0603_576K_0.1W_±1%,RES 576K OHM 1% 1/10W 0603,576K ±1% 1/10W,Resistors:R,Resistor_SMD:R_0603_1608Metric,YAGEO,RT0603FRE07576KL,https://www.digikey.es/es/products/detail/yageo/RT0603FRE07576KL/5929199,RT,,,,,576K,±1%,0.1W,1/10W,±50ppm/°C,R0603,"0.063"" L x 0.031""A (1.60mm x 0.80mm)","0.022"" (0.55mm)",,THIN FILM,SMD,-55°C ~ 155°C,Activo,,,AMR,22/08/2026,,,,,,,,,,,
IPN_R-????,R0603_59K_0.1W_±1%,RES 59K OHM 1% 1/10W 0603,59K ±1% 1/10W,Resistors:R,Resistor_SMD:R_0603_1608Metric,YAGEO,RT0603FRE0759KL,https://www.digikey.es/es/products/detail/yageo/RT0603FRE0759KL/1075432,RT,,,,,59K,±1%,0.1W,1/10W,±50ppm/°C,R0603,"0.063"" L x 0.031""A (1.60mm x 0.80mm)","0.022"" (0.55mm)",,THIN FILM,SMD,-55°C ~ 155°C,Activo,,,AMR,22/08/2026,,,,,,,,,,,
IPN_R-????,R0603_59R_0.1W_±1%,RES 59 OHM 1% 1/10W 0603,59R ±1% 1/10W,Resistors:R,Resistor_SMD:R_0603_1608Metric,YAGEO,RT0603FRE0759RL,https://www.digikey.es/es/products/detail/yageo/RT0603FRE0759RL/1075433,RT,,,,,59R,±1%,0.1W,1/10W,±50ppm/°C,R0603,"0.063"" L x 0.031""A (1.60mm x 0.80mm)","0.022"" (0.55mm)",,THIN FILM,SMD,-55°C ~ 155°C,Activo,,,AMR,22/08/2026,,,,,,,,,,,
IPN_R-????,R0603_590K_0.1W_±1%,RES 590K OHM 1% 1/10W 0603,590K ±1% 1/10W,Resistors:R,Resistor_SMD:R_0603_1608Metric,YAGEO,RT0603FRE07590KL,https://www.digikey.es/es/products/detail/yageo/RT0603FRE07590KL/5929200,RT,,,,,590K,±1%,0.1W,1/10W,±50ppm/°C,R0603,"0.063"" L x 0.031""A (1.60mm x 0.80mm)","0.022"" (0.55mm)",,THIN FILM,SMD,-55°C ~ 155°C,Activo,,,AMR,22/08/2026,,,,,,,,,,,
IPN_R-????,R0603_590R_0.1W_±1%,RES 590 OHM 1% 1/10W 0603,590R ±1% 1/10W,Resistors:R,Resistor_SMD:R_0603_1608Metric,YAGEO,RT0603FRE07590RL,https://www.digikey.es/es/products/detail/yageo/RT0603FRE07590RL/1075431,RT,,,,,590R,±1%,0.1W,1/10W,±50ppm/°C,R0603,"0.063"" L x 0.031""A (1.60mm x 0.80mm)","0.022"" (0.55mm)",,THIN FILM,SMD,-55°C ~ 155°C,Activo,,,AMR,22/08/2026,,,,,,,,,,,
IPN_R-????,R0603_6K04_0.1W_±1%,RES 6.04K OHM 1% 1/10W 0603,6K04 ±1% 1/10W,Resistors:R,Resistor_SMD:R_0603_1608Metric,YAGEO,RT0603FRE076K04L,https://www.digikey.es/es/products/detail/yageo/RT0603FRE076K04L/1075470,RT,,,,,6K04,±1%,0.1W,1/10W,±50ppm/°C,R0603,"0.063"" L x 0.031""A (1.60mm x 0.80mm)","0.022"" (0.55mm)",,THIN FILM,SMD,-55°C ~ 155°C,Activo,,,AMR,22/08/2026,,,,,,,,,,,
IPN_R-????,R0603_6K19_0.1W_±1%,RES 6.19K OHM 1% 1/10W 0603,6K19 ±1% 1/10W,Resistors:R,Resistor_SMD:R_0603_1608Metric,YAGEO,RT0603FRE076K19L,https://www.digikey.es/es/products/detail/yageo/RT0603FRE076K19L/1075471,RT,,,,,6K19,±1%,0.1W,1/10W,±50ppm/°C,R0603,"0.063"" L x 0.031""A (1.60mm x 0.80mm)","0.022"" (0.55mm)",,THIN FILM,SMD,-55°C ~ 155°C,Activo,,,AMR,22/08/2026,,,,,,,,,,,
IPN_R-????,R0603_6K2_0.1W_±1%,RES 6.2K OHM 1% 1/10W 0603,6K2 ±1% 1/10W,Resistors:R,Resistor_SMD:R_0603_1608Metric,YAGEO,RT0603FRE076K2L,https://www.digikey.es/es/products/detail/yageo/RT0603FRE076K2L/1075472,RT,,,,,6K2,±1%,0.1W,1/10W,±50ppm/°C,R0603,"0.063"" L x 0.031""A (1.60mm x 0.80mm)","0.022"" (0.55mm)",,THIN FILM,SMD,-55°C ~ 155°C,Activo,,,AMR,22/08/2026,,,,,,,,,,,
IPN_R-????,R0603_6K34_0.1W_±1%,RES 6.34K OHM 1% 1/10W 0603,6K34 ±1% 1/10W,Resistors:R,Resistor_SMD:R_0603_1608Metric,YAGEO,RT0603FRE076K34L,https://www.digikey.es/es/products/detail/yageo/RT0603FRE076K34L/1075473,RT,,,,,6K34,±1%,0.1W,1/10W,±50ppm/°C,R0603,"0.063"" L x 0.031""A (1.60mm x 0.80mm)","0.022"" (0.55mm)",,THIN FILM,SMD,-55°C ~ 155°C,Activo,,,AMR,22/08/2026,,,,,,,,,,,
IPN_R-????,R0603_6K49_0.1W_±1%,RES 6.49K OHM 1% 1/10W 0603,6K49 ±1% 1/10W,Resistors:R,Resistor_SMD:R_0603_1608Metric,YAGEO,RT0603FRE076K49L,https://www.digikey.es/es/products/detail/yageo/RT0603FRE076K49L/1075474,RT,,,,,6K49,±1%,0.1W,1/10W,±50ppm/°C,R0603,"0.063"" L x 0.031""A (1.60mm x 0.80mm)","0.022"" (0.55mm)",,THIN FILM,SMD,-55°C ~ 155°C,Activo,,,AMR,22/08/2026,,,,,,,,,,,
IPN_R-????,R0603_6K65_0.1W_±1%,RES 6.65K OHM 1% 1/10W 0603,6K65 ±1% 1/10W,Resistors:R,Resistor_SMD:R_0603_1608Metric,YAGEO,RT0603FRE076K65L,https://www.digikey.es/es/products/detail/yageo/RT0603FRE076K65L/1075475,RT,,,,,6K65,±1%,0.1W,1/10W,±50ppm/°C,R0603,"0.063"" L x 0.031""A (1.60mm x 0.80mm)","0.022"" (0.55mm)",,THIN FILM,SMD,-55°C ~ 155°C,Activo,,,AMR,22/08/2026,,,,,,,,,,,
IPN_R-????,R0603_6K8_0.1W_±1%,RES 6.8K OHM 1% 1/10W 0603,6K8 ±1% 1/10W,Resistors:R,Resistor_SMD:R_0603_1608Metric,YAGEO,RT0603FRE076K8L,https://www.digikey.es/es/products/detail/yageo/RT0603FRE076K8L/1075477,RT,,,,,6K8,±1%,0.1W,1/10W,±50ppm/°C,R0603,"0.063"" L x 0.031""A (1.60mm x 0.80mm)","0.022"" (0.55mm)",,THIN FILM,SMD,-55°C ~ 155°C,Activo,,,AMR,22/08/2026,,,,,,,,,,,
IPN_R-????,R0603_6R8_0.1W_±1%,RES 6.8 OHM 1% 1/10W 0603,6R8 ±1% 1/10W,Resistors:R,Resistor_SMD:R_0603_1608Metric,YAGEO,RT0603FRE076R8L,https://www.digikey.es/es/products/detail/yageo/RT0603FRE076R8L/5929215,RT,,,,,6R8,±1%,0.1W,1/10W,±50ppm/°C,R0603,"0.063"" L x 0.031""A (1.60mm x 0.80mm)","0.022"" (0.55mm)",,THIN FILM,SMD,-55°C ~ 155°C,Activo,,,AMR,22/08/2026,,,,,,,,,,,
IPN_R-????,R0603_6K81_0.1W_±1%,RES 6.81K OHM 1% 1/10W 0603,6K81 ±1% 1/10W,Resistors:R,Resistor_SMD:R_0603_1608Metric,YAGEO,RT0603FRE076K81L,https://www.digikey.es/es/products/detail/yageo/RT0603FRE076K81L/1075476,RT,,,,,6K81,±1%,0.1W,1/10W,±50ppm/°C,R0603,"0.063"" L x 0.031""A (1.60mm x 0.80mm)","0.022"" (0.55mm)",,THIN FILM,SMD,-55°C ~ 155°C,Activo,,,AMR,22/08/2026,,,,,,,,,,,
IPN_R-????,R0603_6K98_0.1W_±1%,RES 6.98K OHM 1% 1/10W 0603,6K98 ±1% 1/10W,Resistors:R,Resistor_SMD:R_0603_1608Metric,YAGEO,RT0603FRE076K98L,https://www.digikey.es/es/products/detail/yageo/RT0603FRE076K98L/1075478,RT,,,,,6K98,±1%,0.1W,1/10W,±50ppm/°C,R0603,"0.063"" L x 0.031""A (1.60mm x 0.80mm)","0.022"" (0.55mm)",,THIN FILM,SMD,-55°C ~ 155°C,Activo,,,AMR,22/08/2026,,,,,,,,,,,
IPN_R-????,R0603_60K4_0.1W_±1%,RES 60.4K OHM 1% 1/10W 0603,60K4 ±1% 1/10W,Resistors:R,Resistor_SMD:R_0603_1608Metric,YAGEO,RT0603FRE0760K4L,https://www.digikey.es/es/products/detail/yageo/RT0603FRE0760K4L/1075444,RT,,,,,60K4,±1%,0.1W,1/10W,±50ppm/°C,R0603,"0.063"" L x 0.031""A (1.60mm x 0.80mm)","0.022"" (0.55mm)",,THIN FILM,SMD,-55°C ~ 155°C,Activo,,,AMR,22/08/2026,,,,,,,,,,,
IPN_R-????,R0603_60R4_0.1W_±1%,RES 60.4 OHM 1% 1/10W 0603,60R4 ±1% 1/10W,Resistors:R,Resistor_SMD:R_0603_1608Metric,YAGEO,RT0603FRE0760R4L,https://www.digikey.es/es/products/detail/yageo/RT0603FRE0760R4L/1075445,RT,,,,,60R4,±1%,0.1W,1/10W,±50ppm/°C,R0603,"0.063"" L x 0.031""A (1.60mm x 0.80mm)","0.022"" (0.55mm)",,THIN FILM,SMD,-55°C ~ 155°C,Activo,,,AMR,22/08/2026,,,,,,,,,,,
IPN_R-????,R0603_604K_0.1W_±1%,RES 604K OHM 1% 1/10W 0603,604K ±1% 1/10W,Resistors:R,Resistor_SMD:R_0603_1608Metric,YAGEO,RT0603FRE07604KL,https://www.digikey.es/es/products/detail/yageo/RT0603FRE07604KL/5929206,RT,,,,,604K,±1%,0.1W,1/10W,±50ppm/°C,R0603,"0.063"" L x 0.031""A (1.60mm x 0.80mm)","0.022"" (0.55mm)",,THIN FILM,SMD,-55°C ~ 155°C,Activo,,,AMR,22/08/2026,,,,,,,,,,,
IPN_R-????,R0603_604R_0.1W_±1%,RES 604 OHM 1% 1/10W 0603,604R ±1% 1/10W,Resistors:R,Resistor_SMD:R_0603_1608Metric,YAGEO,RT0603FRE07604RL,https://www.digikey.es/es/products/detail/yageo/RT0603FRE07604RL/1075443,RT,,,,,604R,±1%,0.1W,1/10W,±50ppm/°C,R0603,"0.063"" L x 0.031""A (1.60mm x 0.80mm)","0.022"" (0.55mm)",,THIN FILM,SMD,-55°C ~ 155°C,Activo,,,AMR,22/08/2026,,,,,,,,,,,
IPN_R-????,R0603_61K9_0.1W_±1%,RES 61.9K OHM 1% 1/10W 0603,61K9 ±1% 1/10W,Resistors:R,Resistor_SMD:R_0603_1608Metric,YAGEO,RT0603FRE0761K9L,https://www.digikey.es/es/products/detail/yageo/RT0603FRE0761K9L/1075447,RT,,,,,61K9,±1%,0.1W,1/10W,±50ppm/°C,R0603,"0.063"" L x 0.031""A (1.60mm x 0.80mm)","0.022"" (0.55mm)",,THIN FILM,SMD,-55°C ~ 155°C,Activo,,,AMR,22/08/2026,,,,,,,,,,,
IPN_R-????,R0603_619R_0.1W_±1%,RES 619 OHM 1% 1/10W 0603,619R ±1% 1/10W,Resistors:R,Resistor_SMD:R_0603_1608Metric,YAGEO,RT0603FRE07619RL,https://www.digikey.es/es/products/detail/yageo/RT0603FRE07619RL/1075446,RT,,,,,619R,±1%,0.1W,1/10W,±50ppm/°C,R0603,"0.063"" L x 0.031""A (1.60mm x 0.80mm)","0.022"" (0.55mm)",,THIN FILM,SMD,-55°C ~ 155°C,Activo,,,AMR,22/08/2026,,,,,,,,,,,
IPN_R-????,R0603_62K_0.1W_±1%,RES 62K OHM 1% 1/10W 0603,62K ±1% 1/10W,Resistors:R,Resistor_SMD:R_0603_1608Metric,YAGEO,RT0603FRE0762KL,https://www.digikey.es/es/products/detail/yageo/RT0603FRE0762KL/1075450,RT,,,,,62K,±1%,0.1W,1/10W,±50ppm/°C,R0603,"0.063"" L x 0.031""A (1.60mm x 0.80mm)","0.022"" (0.55mm)",,THIN FILM,SMD,-55°C ~ 155°C,Activo,,,AMR,22/08/2026,,,,,,,,,,,
IPN_R-????,R0603_62R_0.1W_±1%,RES 62 OHM 1% 1/10W 0603,62R ±1% 1/10W,Resistors:R,Resistor_SMD:R_0603_1608Metric,YAGEO,RT0603FRE0762RL,https://www.digikey.es/es/products/detail/yageo/RT0603FRE0762RL/1075451,RT,,,,,62R,±1%,0.1W,1/10W,±50ppm/°C,R0603,"0.063"" L x 0.031""A (1.60mm x 0.80mm)","0.022"" (0.55mm)",,THIN FILM,SMD,-55°C ~ 155°C,Activo,,,AMR,22/08/2026,,,,,,,,,,,
IPN_R-????,R0603_620R_0.1W_±1%,RES 620 OHM 1% 1/10W 0603,620R ±1% 1/10W,Resistors:R,Resistor_SMD:R_0603_1608Metric,YAGEO,RT0603FRE07620RL,https://www.digikey.es/es/products/detail/yageo/RT0603FRE07620RL/1075449,RT,,,,,620R,±1%,0.1W,1/10W,±50ppm/°C,R0603,"0.063"" L x 0.031""A (1.60mm x 0.80mm)","0.022"" (0.55mm)",,THIN FILM,SMD,-55°C ~ 155°C,Activo,,,AMR,22/08/2026,,,,,,,,,,,
IPN_R-????,R0603_63K4_0.1W_±1%,RES 63.4K OHM 1% 1/10W 0603,63K4 ±1% 1/10W,Resistors:R,Resistor_SMD:R_0603_1608Metric,YAGEO,RT0603FRE0763K4L,https://www.digikey.es/es/products/detail/yageo/RT0603FRE0763K4L/1075453,RT,,,,,63K4,±1%,0.1W,1/10W,±50ppm/°C,R0603,"0.063"" L x 0.031""A (1.60mm x 0.80mm)","0.022"" (0.55mm)",,THIN FILM,SMD,-55°C ~ 155°C,Activo,,,AMR,22/08/2026,,,,,,,,,,,
IPN_R-????,R0603_634K_0.1W_±1%,RES 634K OHM 1% 1/10W 0603,634K ±1% 1/10W,Resistors:R,Resistor_SMD:R_0603_1608Metric,YAGEO,RT0603FRE07634KL,https://www.digikey.es/es/products/detail/yageo/RT0603FRE07634KL/5929209,RT,,,,,634K,±1%,0.1W,1/10W,±50ppm/°C,R0603,"0.063"" L x 0.031""A (1.60mm x 0.80mm)","0.022"" (0.55mm)",,THIN FILM,SMD,-55°C ~ 155°C,Activo,,,AMR,22/08/2026,,,,,,,,,,,
IPN_R-????,R0603_634R_0.1W_±1%,RES 634 OHM 1% 1/10W 0603,634R ±1% 1/10W,Resistors:R,Resistor_SMD:R_0603_1608Metric,YAGEO,RT0603FRE07634RL,https://www.digikey.es/es/products/detail/yageo/RT0603FRE07634RL/1075452,RT,,,,,634R,±1%,0.1W,1/10W,±50ppm/°C,R0603,"0.063"" L x 0.031""A (1.60mm x 0.80mm)","0.022"" (0.55mm)",,THIN FILM,SMD,-55°C ~ 155°C,Activo,,,AMR,22/08/2026,,,,,,,,,,,
IPN_R-????,R0603_64K9_0.1W_±1%,RES 64.9K OHM 1% 1/10W 0603,64K9 ±1% 1/10W,Resistors:R,Resistor_SMD:R_0603_1608Metric,YAGEO,RT0603FRE0764K9L,https://www.digikey.es/es/products/detail/yageo/RT0603FRE0764K9L/1075456,RT,,,,,64K9,±1%,0.1W,1/10W,±50ppm/°C,R0603,"0.063"" L x 0.031""A (1.60mm x 0.80mm)","0.022"" (0.55mm)",,THIN FILM,SMD,-55°C ~ 155°C,Activo,,,AMR,22/08/2026,,,,,,,,,,,
IPN_R-????,R0603_64R9_0.1W_±1%,RES 64.9 OHM 1% 1/10W 0603,64R9 ±1% 1/10W,Resistors:R,Resistor_SMD:R_0603_1608Metric,YAGEO,RT0603FRE0764R9L,https://www.digikey.es/es/products/detail/yageo/RT0603FRE0764R9L/1075457,RT,,,,,64R9,±1%,0.1W,1/10W,±50ppm/°C,R0603,"0.063"" L x 0.031""A (1.60mm x 0.80mm)","0.022"" (0.55mm)",,THIN FILM,SMD,-55°C ~ 155°C,Activo,,,AMR,22/08/2026,,,,,,,,,,,
IPN_R-????,R0603_649R_0.1W_±1%,RES 649 OHM 1% 1/10W 0603,649R ±1% 1/10W,Resistors:R,Resistor_SMD:R_0603_1608Metric,YAGEO,RT0603FRE07649RL,https://www.digikey.es/es/products/detail/yageo/RT0603FRE07649RL/1075455,RT,,,,,649R,±1%,0.1W,1/10W,±50ppm/°C,R0603,"0.063"" L x 0.031""A (1.60mm x 0.80mm)","0.022"" (0.55mm)",,THIN FILM,SMD,-55°C ~ 155°C,Activo,,,AMR,22/08/2026,,,,,,,,,,,
IPN_R-????,R0603_665R_0.1W_±1%,RES 665 OHM 1% 1/10W 0603,665R ±1% 1/10W,Resistors:R,Resistor_SMD:R_0603_1608Metric,YAGEO,RT0603FRE07665RL,https://www.digikey.es/es/products/detail/yageo/RT0603FRE07665RL/1075458,RT,,,,,665R,±1%,0.1W,1/10W,±50ppm/°C,R0603,"0.063"" L x 0.031""A (1.60mm x 0.80mm)","0.022"" (0.55mm)",,THIN FILM,SMD,-55°C ~ 155°C,Activo,,,AMR,22/08/2026,,,,,,,,,,,
IPN_R-????,R0603_68K_0.1W_±1%,RES 68K OHM 1% 1/10W 0603,68K ±1% 1/10W,Resistors:R,Resistor_SMD:R_0603_1608Metric,YAGEO,RT0603FRE0768KL,https://www.digikey.es/es/products/detail/yageo/RT0603FRE0768KL/1075464,RT,,,,,68K,±1%,0.1W,1/10W,±50ppm/°C,R0603,"0.063"" L x 0.031""A (1.60mm x 0.80mm)","0.022"" (0.55mm)",,THIN FILM,SMD,-55°C ~ 155°C,Activo,,,AMR,22/08/2026,,,,,,,,,,,
IPN_R-????,R0603_68R_0.1W_±1%,RES 68 OHM 1% 1/10W 0603,68R ±1% 1/10W,Resistors:R,Resistor_SMD:R_0603_1608Metric,YAGEO,RT0603FRE0768RL,https://www.digikey.es/es/products/detail/yageo/RT0603FRE0768RL/1075466,RT,,,,,68R,±1%,0.1W,1/10W,±50ppm/°C,R0603,"0.063"" L x 0.031""A (1.60mm x 0.80mm)","0.022"" (0.55mm)",,THIN FILM,SMD,-55°C ~ 155°C,Activo,,,AMR,22/08/2026,,,,,,,,,,,
IPN_R-????,R0603_68K1_0.1W_±1%,RES 68.1K OHM 1% 1/10W 0603,68K1 ±1% 1/10W,Resistors:R,Resistor_SMD:R_0603_1608Metric,YAGEO,RT0603FRE0768K1L,https://www.digikey.es/es/products/detail/yageo/RT0603FRE0768K1L/1075463,RT,,,,,68K1,±1%,0.1W,1/10W,±50ppm/°C,R0603,"0.063"" L x 0.031""A (1.60mm x 0.80mm)","0.022"" (0.55mm)",,THIN FILM,SMD,-55°C ~ 155°C,Activo,,,AMR,22/08/2026,,,,,,,,,,,
IPN_R-????,R0603_68R1_0.1W_±1%,RES 68.1 OHM 1% 1/10W 0603,68R1 ±1% 1/10W,Resistors:R,Resistor_SMD:R_0603_1608Metric,YAGEO,RT0603FRE0768R1L,https://www.digikey.es/es/products/detail/yageo/RT0603FRE0768R1L/1075465,RT,,,,,68R1,±1%,0.1W,1/10W,±50ppm/°C,R0603,"0.063"" L x 0.031""A (1.60mm x 0.80mm)","0.022"" (0.55mm)",,THIN FILM,SMD,-55°C ~ 155°C,Activo,,,AMR,22/08/2026,,,,,,,,,,,
IPN_R-????,R0603_680K_0.1W_±1%,RES 680K OHM 1% 1/10W 0603,680K ±1% 1/10W,Resistors:R,Resistor_SMD:R_0603_1608Metric,YAGEO,RT0603FRE07680KL,https://www.digikey.es/es/products/detail/yageo/RT0603FRE07680KL/5929211,RT,,,,,680K,±1%,0.1W,1/10W,±50ppm/°C,R0603,"0.063"" L x 0.031""A (1.60mm x 0.80mm)","0.022"" (0.55mm)",,THIN FILM,SMD,-55°C ~ 155°C,Activo,,,AMR,22/08/2026,,,,,,,,,,,
IPN_R-????,R0603_680R_0.1W_±1%,RES 680 OHM 1% 1/10W 0603,680R ±1% 1/10W,Resistors:R,Resistor_SMD:R_0603_1608Metric,YAGEO,RT0603FRE07680RL,https://www.digikey.es/es/products/detail/yageo/RT0603FRE07680RL/1075461,RT,,,,,680R,±1%,0.1W,1/10W,±50ppm/°C,R0603,"0.063"" L x 0.031""A (1.60mm x 0.80mm)","0.022"" (0.55mm)",,THIN FILM,SMD,-55°C ~ 155°C,Activo,,,AMR,22/08/2026,,,,,,,,,,,
IPN_R-????,R0603_681K_0.1W_±1%,RES 681K OHM 1% 1/10W 0603,681K ±1% 1/10W,Resistors:R,Resistor_SMD:R_0603_1608Metric,YAGEO,RT0603FRE07681KL,https://www.digikey.es/es/products/detail/yageo/RT0603FRE07681KL/5929212,RT,,,,,681K,±1%,0.1W,1/10W,±50ppm/°C,R0603,"0.063"" L x 0.031""A (1.60mm x 0.80mm)","0.022"" (0.55mm)",,THIN FILM,SMD,-55°C ~ 155°C,Activo,,,AMR,22/08/2026,,,,,,,,,,,
IPN_R-????,R0603_7K15_0.1W_±1%,RES 7.15K OHM 1% 1/10W 0603,7K15 ±1% 1/10W,Resistors:R,Resistor_SMD:R_0603_1608Metric,YAGEO,RT0603FRE077K15L,https://www.digikey.es/es/products/detail/yageo/RT0603FRE077K15L/1075491,RT,,,,,7K15,±1%,0.1W,1/10W,±50ppm/°C,R0603,"0.063"" L x 0.031""A (1.60mm x 0.80mm)","0.022"" (0.55mm)",,THIN FILM,SMD,-55°C ~ 155°C,Activo,,,AMR,22/08/2026,,,,,,,,,,,
IPN_R-????,R0603_7K23_0.1W_±1%,RES 7.23K OHM 1% 1/10W 0603,7K23 ±1% 1/10W,Resistors:R,Resistor_SMD:R_0603_1608Metric,YAGEO,RT0603FRE077K23L,https://www.digikey.es/es/products/detail/yageo/RT0603FRE077K23L/17019586,RT,,,,,7K23,±1%,0.1W,1/10W,±50ppm/°C,R0603,"0.063"" L x 0.031""A (1.60mm x 0.80mm)","0.022"" (0.55mm)",,THIN FILM,SMD,-55°C ~ 155°C,Activo,,,AMR,22/08/2026,,,,,,,,,,,
IPN_R-????,R0603_7K32_0.1W_±1%,RES 7.32K OHM 1% 1/10W 0603,7K32 ±1% 1/10W,Resistors:R,Resistor_SMD:R_0603_1608Metric,YAGEO,RT0603FRE077K32L,https://www.digikey.es/es/products/detail/yageo/RT0603FRE077K32L/1075492,RT,,,,,7K32,±1%,0.1W,1/10W,±50ppm/°C,R0603,"0.063"" L x 0.031""A (1.60mm x 0.80mm)","0.022"" (0.55mm)",,THIN FILM,SMD,-55°C ~ 155°C,Activo,,,AMR,22/08/2026,,,,,,,,,,,
IPN_R-????,R0603_7R5_0.1W_±1%,RES 7.5 OHM 1% 1/10W 0603,7R5 ±1% 1/10W,Resistors:R,Resistor_SMD:R_0603_1608Metric,YAGEO,RT0603FRE077R5L,https://www.digikey.es/es/products/detail/yageo/RT0603FRE077R5L/5929220,RT,,,,,7R5,±1%,0.1W,1/10W,±50ppm/°C,R0603,"0.063"" L x 0.031""A (1.60mm x 0.80mm)","0.022"" (0.55mm)",,THIN FILM,SMD,-55°C ~ 155°C,Activo,,,AMR,22/08/2026,,,,,,,,,,,
IPN_R-????,R0603_7K87_0.1W_±1%,RES 7.87K OHM 1% 1/10W 0603,7K87 ±1% 1/10W,Resistors:R,Resistor_SMD:R_0603_1608Metric,YAGEO,RT0603FRE077K87L,https://www.digikey.es/es/products/detail/yageo/RT0603FRE077K87L/1075494,RT,,,,,7K87,±1%,0.1W,1/10W,±50ppm/°C,R0603,"0.063"" L x 0.031""A (1.60mm x 0.80mm)","0.022"" (0.55mm)",,THIN FILM,SMD,-55°C ~ 155°C,Activo,,,AMR,22/08/2026,,,,,,,,,,,
IPN_R-????,R0603_71K5_0.1W_±1%,RES 71.5K OHM 1% 1/10W 0603,71K5 ±1% 1/10W,Resistors:R,Resistor_SMD:R_0603_1608Metric,YAGEO,RT0603FRE0771K5L,https://www.digikey.es/es/products/detail/yageo/RT0603FRE0771K5L/1075480,RT,,,,,71K5,±1%,0.1W,1/10W,±50ppm/°C,R0603,"0.063"" L x 0.031""A (1.60mm x 0.80mm)","0.022"" (0.55mm)",,THIN FILM,SMD,-55°C ~ 155°C,Activo,,,AMR,22/08/2026,,,,,,,,,,,
IPN_R-????,R0603_715R_0.1W_±1%,RES 715 OHM 1% 1/10W 0603,715R ±1% 1/10W,Resistors:R,Resistor_SMD:R_0603_1608Metric,YAGEO,RT0603FRE07715RL,https://www.digikey.es/es/products/detail/yageo/RT0603FRE07715RL/1075479,RT,,,,,715R,±1%,0.1W,1/10W,±50ppm/°C,R0603,"0.063"" L x 0.031""A (1.60mm x 0.80mm)","0.022"" (0.55mm)",,THIN FILM,SMD,-55°C ~ 155°C,Activo,,,AMR,22/08/2026,,,,,,,,,,,
IPN_R-????,R0603_73K2_0.1W_±1%,RES 73.2K OHM 1% 1/10W 0603,73K2 ±1% 1/10W,Resistors:R,Resistor_SMD:R_0603_1608Metric,YAGEO,RT0603FRE0773K2L,https://www.digikey.es/es/products/detail/yageo/RT0603FRE0773K2L/1075483,RT,,,,,73K2,±1%,0.1W,1/10W,±50ppm/°C,R0603,"0.063"" L x 0.031""A (1.60mm x 0.80mm)","0.022"" (0.55mm)",,THIN FILM,SMD,-55°C ~ 155°C,Activo,,,AMR,22/08/2026,,,,,,,,,,,
IPN_R-????,R0603_75K_0.1W_±1%,RES 75K OHM 1% 1/10W 0603,75K ±1% 1/10W,Resistors:R,Resistor_SMD:R_0603_1608Metric,YAGEO,RT0603FRE0775KL,https://www.digikey.es/es/products/detail/yageo/RT0603FRE0775KL/1075486,RT,,,,,75K,±1%,0.1W,1/10W,±50ppm/°C,R0603,"0.063"" L x 0.031""A (1.60mm x 0.80mm)","0.022"" (0.55mm)",,THIN FILM,SMD,-55°C ~ 155°C,Activo,,,AMR,22/08/2026,,,,,,,,,,,
IPN_R-????,R0603_75R_0.1W_±1%,RES 75 OHM 1% 1/10W 0603,75R ±1% 1/10W,Resistors:R,Resistor_SMD:R_0603_1608Metric,YAGEO,RT0603FRE0775RL,https://www.digikey.es/es/products/detail/yageo/RT0603FRE0775RL/1075487,RT,,,,,75R,±1%,0.1W,1/10W,±50ppm/°C,R0603,"0.063"" L x 0.031""A (1.60mm x 0.80mm)","0.022"" (0.55mm)",,THIN FILM,SMD,-55°C ~ 155°C,Activo,,,AMR,22/08/2026,,,,,,,,,,,
IPN_R-????,R0603_750K_0.1W_±1%,RES 750K OHM 1% 1/10W 0603,750K ±1% 1/10W,Resistors:R,Resistor_SMD:R_0603_1608Metric,YAGEO,RT0603FRE07750KL,https://www.digikey.es/es/products/detail/yageo/RT0603FRE07750KL/7708516,RT,,,,,750K,±1%,0.1W,1/10W,±50ppm/°C,R0603,"0.063"" L x 0.031""A (1.60mm x 0.80mm)","0.022"" (0.55mm)",,THIN FILM,SMD,-55°C ~ 155°C,Activo,,,AMR,22/08/2026,,,,,,,,,,,
IPN_R-????,R0603_750R_0.1W_±1%,RES 750 OHM 1% 1/10W 0603,750R ±1% 1/10W,Resistors:R,Resistor_SMD:R_0603_1608Metric,YAGEO,RT0603FRE07750RL,https://www.digikey.es/es/products/detail/yageo/RT0603FRE07750RL/1075485,RT,,,,,750R,±1%,0.1W,1/10W,±50ppm/°C,R0603,"0.063"" L x 0.031""A (1.60mm x 0.80mm)","0.022"" (0.55mm)",,THIN FILM,SMD,-55°C ~ 155°C,Activo,,,AMR,22/08/2026,,,,,,,,,,,
IPN_R-????,R0603_768R_0.1W_±1%,RES 768 OHM 1% 1/10W 0603,768R ±1% 1/10W,Resistors:R,Resistor_SMD:R_0603_1608Metric,YAGEO,RT0603FRE07768RL,https://www.digikey.es/es/products/detail/yageo/RT0603FRE07768RL/5929217,RT,,,,,768R,±1%,0.1W,1/10W,±50ppm/°C,R0603,"0.063"" L x 0.031""A (1.60mm x 0.80mm)","0.022"" (0.55mm)",,THIN FILM,SMD,-55°C ~ 155°C,Activo,,,AMR,22/08/2026,,,,,,,,,,,
IPN_R-????,R0603_78K7_0.1W_±1%,RES 78.7K OHM 1% 1/10W 0603,78K7 ±1% 1/10W,Resistors:R,Resistor_SMD:R_0603_1608Metric,YAGEO,RT0603FRE0778K7L,https://www.digikey.es/es/products/detail/yageo/RT0603FRE0778K7L/1075489,RT,,,,,78K7,±1%,0.1W,1/10W,±50ppm/°C,R0603,"0.063"" L x 0.031""A (1.60mm x 0.80mm)","0.022"" (0.55mm)",,THIN FILM,SMD,-55°C ~ 155°C,Activo,,,AMR,22/08/2026,,,,,,,,,,,
IPN_R-????,R0603_787R_0.1W_±1%,RES 787 OHM 1% 1/10W 0603,787R ±1% 1/10W,Resistors:R,Resistor_SMD:R_0603_1608Metric,YAGEO,RT0603FRE07787RL,https://www.digikey.es/es/products/detail/yageo/RT0603FRE07787RL/1075488,RT,,,,,787R,±1%,0.1W,1/10W,±50ppm/°C,R0603,"0.063"" L x 0.031""A (1.60mm x 0.80mm)","0.022"" (0.55mm)",,THIN FILM,SMD,-55°C ~ 155°C,Activo,,,AMR,22/08/2026,,,,,,,,,,,
IPN_R-????,R0603_79K6_0.1W_±1%,RES 79.6K OHM 1% 1/10W 0603,79K6 ±1% 1/10W,Resistors:R,Resistor_SMD:R_0603_1608Metric,YAGEO,RT0603FRE0779K6L,https://www.digikey.es/es/products/detail/yageo/RT0603FRE0779K6L/17016209,RT,,,,,79K6,±1%,0.1W,1/10W,±50ppm/°C,R0603,"0.063"" L x 0.031""A (1.60mm x 0.80mm)","0.022"" (0.55mm)",,THIN FILM,SMD,-55°C ~ 155°C,Activo,,,AMR,22/08/2026,,,,,,,,,,,
IPN_R-????,R0603_8K06_0.1W_±1%,RES 8.06K OHM 1% 1/10W 0603,8K06 ±1% 1/10W,Resistors:R,Resistor_SMD:R_0603_1608Metric,YAGEO,RT0603FRE078K06L,https://www.digikey.es/es/products/detail/yageo/RT0603FRE078K06L/1075513,RT,,,,,8K06,±1%,0.1W,1/10W,±50ppm/°C,R0603,"0.063"" L x 0.031""A (1.60mm x 0.80mm)","0.022"" (0.55mm)",,THIN FILM,SMD,-55°C ~ 155°C,Activo,,,AMR,22/08/2026,,,,,,,,,,,
IPN_R-????,R0603_8K2_0.1W_±1%,RES 8.2K OHM 1% 1/10W 0603,8K2 ±1% 1/10W,Resistors:R,Resistor_SMD:R_0603_1608Metric,YAGEO,RT0603FRE078K2L,https://www.digikey.es/es/products/detail/yageo/RT0603FRE078K2L/1075515,RT,,,,,8K2,±1%,0.1W,1/10W,±50ppm/°C,R0603,"0.063"" L x 0.031""A (1.60mm x 0.80mm)","0.022"" (0.55mm)",,THIN FILM,SMD,-55°C ~ 155°C,Activo,,,AMR,22/08/2026,,,,,,,,,,,
IPN_R-????,R0603_8R2_0.1W_±1%,RES 8.2 OHM 1% 1/10W 0603,8R2 ±1% 1/10W,Resistors:R,Resistor_SMD:R_0603_1608Metric,YAGEO,RT0603FRE078R2L,https://www.digikey.es/es/products/detail/yageo/RT0603FRE078R2L/5929224,RT,,,,,8R2,±1%,0.1W,1/10W,±50ppm/°C,R0603,"0.063"" L x 0.031""A (1.60mm x 0.80mm)","0.022"" (0.55mm)",,THIN FILM,SMD,-55°C ~ 155°C,Activo,,,AMR,22/08/2026,,,,,,,,,,,
IPN_R-????,R0603_8K25_0.1W_±1%,RES 8.25K OHM 1% 1/10W 0603,8K25 ±1% 1/10W,Resistors:R,Resistor_SMD:R_0603_1608Metric,YAGEO,RT0603FRE078K25L,https://www.digikey.es/es/products/detail/yageo/RT0603FRE078K25L/1075514,RT,,,,,8K25,±1%,0.1W,1/10W,±50ppm/°C,R0603,"0.063"" L x 0.031""A (1.60mm x 0.80mm)","0.022"" (0.55mm)",,THIN FILM,SMD,-55°C ~ 155°C,Activo,,,AMR,22/08/2026,,,,,,,,,,,
IPN_R-????,R0603_8R25_0.1W_±1%,RES 8.25 OHM 1% 1/10W 0603,8R25 ±1% 1/10W,Resistors:R,Resistor_SMD:R_0603_1608Metric,YAGEO,RT0603FRE078R25L,https://www.digikey.es/es/products/detail/yageo/RT0603FRE078R25L/5929223,RT,,,,,8R25,±1%,0.1W,1/10W,±50ppm/°C,R0603,"0.063"" L x 0.031""A (1.60mm x 0.80mm)","0.022"" (0.55mm)",,THIN FILM,SMD,-55°C ~ 155°C,Activo,,,AMR,22/08/2026,,,,,,,,,,,
IPN_R-????,R0603_8K45_0.1W_±1%,RES 8.45K OHM 1% 1/10W 0603,8K45 ±1% 1/10W,Resistors:R,Resistor_SMD:R_0603_1608Metric,YAGEO,RT0603FRE078K45L,https://www.digikey.es/es/products/detail/yageo/RT0603FRE078K45L/1075516,RT,,,,,8K45,±1%,0.1W,1/10W,±50ppm/°C,R0603,"0.063"" L x 0.031""A (1.60mm x 0.80mm)","0.022"" (0.55mm)",,THIN FILM,SMD,-55°C ~ 155°C,Activo,,,AMR,22/08/2026,,,,,,,,,,,
IPN_R-????,R0603_8K66_0.1W_±1%,RES 8.66K OHM 1% 1/10W 0603,8K66 ±1% 1/10W,Resistors:R,Resistor_SMD:R_0603_1608Metric,YAGEO,RT0603FRE078K66L,https://www.digikey.es/es/products/detail/yageo/RT0603FRE078K66L/1075517,RT,,,,,8K66,±1%,0.1W,1/10W,±50ppm/°C,R0603,"0.063"" L x 0.031""A (1.60mm x 0.80mm)","0.022"" (0.55mm)",,THIN FILM,SMD,-55°C ~ 155°C,Activo,,,AMR,22/08/2026,,,,,,,,,,,
IPN_R-????,R0603_8K87_0.1W_±1%,RES 8.87K OHM 1% 1/10W 0603,8K87 ±1% 1/10W,Resistors:R,Resistor_SMD:R_0603_1608Metric,YAGEO,RT0603FRE078K87L,https://www.digikey.es/es/products/detail/yageo/RT0603FRE078K87L/1075518,RT,,,,,8K87,±1%,0.1W,1/10W,±50ppm/°C,R0603,"0.063"" L x 0.031""A (1.60mm x 0.80mm)","0.022"" (0.55mm)",,THIN FILM,SMD,-55°C ~ 155°C,Activo,,,AMR,22/08/2026,,,,,,,,,,,
IPN_R-????,R0603_8K98_0.1W_±1%,RES 8.98K OHM 1% 1/10W 0603,8K98 ±1% 1/10W,Resistors:R,Resistor_SMD:R_0603_1608Metric,YAGEO,RT0603FRE078K98L,https://www.digikey.es/es/products/detail/yageo/RT0603FRE078K98L/17020100,RT,,,,,8K98,±1%,0.1W,1/10W,±50ppm/°C,R0603,"0.063"" L x 0.031""A (1.60mm x 0.80mm)","0.022"" (0.55mm)",,THIN FILM,SMD,-55°C ~ 155°C,Activo,,,AMR,22/08/2026,,,,,,,,,,,
IPN_R-????,R0603_80K6_0.1W_±1%,RES 80.6K OHM 1% 1/10W 0603,80K6 ±1% 1/10W,Resistors:R,Resistor_SMD:R_0603_1608Metric,YAGEO,RT0603FRE0780K6L,https://www.digikey.es/es/products/detail/yageo/RT0603FRE0780K6L/1075496,RT,,,,,80K6,±1%,0.1W,1/10W,±50ppm/°C,R0603,"0.063"" L x 0.031""A (1.60mm x 0.80mm)","0.022"" (0.55mm)",,THIN FILM,SMD,-55°C ~ 155°C,Activo,,,AMR,22/08/2026,,,,,,,,,,,
IPN_R-????,R0603_80R6_0.1W_±1%,RES 80.6 OHM 1% 1/10W 0603,80R6 ±1% 1/10W,Resistors:R,Resistor_SMD:R_0603_1608Metric,YAGEO,RT0603FRE0780R6L,https://www.digikey.es/es/products/detail/yageo/RT0603FRE0780R6L/1075497,RT,,,,,80R6,±1%,0.1W,1/10W,±50ppm/°C,R0603,"0.063"" L x 0.031""A (1.60mm x 0.80mm)","0.022"" (0.55mm)",,THIN FILM,SMD,-55°C ~ 155°C,Activo,,,AMR,22/08/2026,,,,,,,,,,,
IPN_R-????,R0603_806R_0.1W_±1%,RES 806 OHM 1% 1/10W 0603,806R ±1% 1/10W,Resistors:R,Resistor_SMD:R_0603_1608Metric,YAGEO,RT0603FRE07806RL,https://www.digikey.es/es/products/detail/yageo/RT0603FRE07806RL/1075495,RT,,,,,806R,±1%,0.1W,1/10W,±50ppm/°C,R0603,"0.063"" L x 0.031""A (1.60mm x 0.80mm)","0.022"" (0.55mm)",,THIN FILM,SMD,-55°C ~ 155°C,Activo,,,AMR,22/08/2026,,,,,,,,,,,
IPN_R-????,R0603_82K_0.1W_±1%,RES 82K OHM 1% 1/10W 0603,82K ±1% 1/10W,Resistors:R,Resistor_SMD:R_0603_1608Metric,YAGEO,RT0603FRE0782KL,https://www.digikey.es/es/products/detail/yageo/RT0603FRE0782KL/1075501,RT,,,,,82K,±1%,0.1W,1/10W,±50ppm/°C,R0603,"0.063"" L x 0.031""A (1.60mm x 0.80mm)","0.022"" (0.55mm)",,THIN FILM,SMD,-55°C ~ 155°C,Activo,,,AMR,22/08/2026,,,,,,,,,,,
IPN_R-????,R0603_82R_0.1W_±1%,RES 82 OHM 1% 1/10W 0603,82R ±1% 1/10W,Resistors:R,Resistor_SMD:R_0603_1608Metric,YAGEO,RT0603FRE0782RL,https://www.digikey.es/es/products/detail/yageo/RT0603FRE0782RL/1075503,RT,,,,,82R,±1%,0.1W,1/10W,±50ppm/°C,R0603,"0.063"" L x 0.031""A (1.60mm x 0.80mm)","0.022"" (0.55mm)",,THIN FILM,SMD,-55°C ~ 155°C,Activo,,,AMR,22/08/2026,,,,,,,,,,,
IPN_R-????,R0603_82K5_0.1W_±1%,RES 82.5K OHM 1% 1/10W 0603,82K5 ±1% 1/10W,Resistors:R,Resistor_SMD:R_0603_1608Metric,YAGEO,RT0603FRE0782K5L,https://www.digikey.es/es/products/detail/yageo/RT0603FRE0782K5L/1075500,RT,,,,,82K5,±1%,0.1W,1/10W,±50ppm/°C,R0603,"0.063"" L x 0.031""A (1.60mm x 0.80mm)","0.022"" (0.55mm)",,THIN FILM,SMD,-55°C ~ 155°C,Activo,,,AMR,22/08/2026,,,,,,,,,,,
IPN_R-????,R0603_820K_0.1W_±1%,RES 820K OHM 1% 1/10W 0603,820K ±1% 1/10W,Resistors:R,Resistor_SMD:R_0603_1608Metric,YAGEO,RT0603FRE07820KL,https://www.digikey.es/es/products/detail/yageo/RT0603FRE07820KL/5929221,RT,,,,,820K,±1%,0.1W,1/10W,±50ppm/°C,R0603,"0.063"" L x 0.031""A (1.60mm x 0.80mm)","0.022"" (0.55mm)",,THIN FILM,SMD,-55°C ~ 155°C,Activo,,,AMR,22/08/2026,,,,,,,,,,,
IPN_R-????,R0603_820R_0.1W_±1%,RES 820 OHM 1% 1/10W 0603,820R ±1% 1/10W,Resistors:R,Resistor_SMD:R_0603_1608Metric,YAGEO,RT0603FRE07820RL,https://www.digikey.es/es/products/detail/yageo/RT0603FRE07820RL/1075498,RT,,,,,820R,±1%,0.1W,1/10W,±50ppm/°C,R0603,"0.063"" L x 0.031""A (1.60mm x 0.80mm)","0.022"" (0.55mm)",,THIN FILM,SMD,-55°C ~ 155°C,Activo,,,AMR,22/08/2026,,,,,,,,,,,
IPN_R-????,R0603_825R_0.1W_±1%,RES 825 OHM 1% 1/10W 0603,825R ±1% 1/10W,Resistors:R,Resistor_SMD:R_0603_1608Metric,YAGEO,RT0603FRE07825RL,https://www.digikey.es/es/products/detail/yageo/RT0603FRE07825RL/1075499,RT,,,,,825R,±1%,0.1W,1/10W,±50ppm/°C,R0603,"0.063"" L x 0.031""A (1.60mm x 0.80mm)","0.022"" (0.55mm)",,THIN FILM,SMD,-55°C ~ 155°C,Activo,,,AMR,22/08/2026,,,,,,,,,,,
IPN_R-????,R0603_86K6_0.1W_±1%,RES 86.6K OHM 1% 1/10W 0603,86K6 ±1% 1/10W,Resistors:R,Resistor_SMD:R_0603_1608Metric,YAGEO,RT0603FRE0786K6L,https://www.digikey.es/es/products/detail/yageo/RT0603FRE0786K6L/1075508,RT,,,,,86K6,±1%,0.1W,1/10W,±50ppm/°C,R0603,"0.063"" L x 0.031""A (1.60mm x 0.80mm)","0.022"" (0.55mm)",,THIN FILM,SMD,-55°C ~ 155°C,Activo,,,AMR,22/08/2026,,,,,,,,,,,
IPN_R-????,R0603_86R6_0.1W_±1%,RES 86.6 OHM 1% 1/10W 0603,86R6 ±1% 1/10W,Resistors:R,Resistor_SMD:R_0603_1608Metric,YAGEO,RT0603FRE0786R6L,https://www.digikey.es/es/products/detail/yageo/RT0603FRE0786R6L/1075509,RT,,,,,86R6,±1%,0.1W,1/10W,±50ppm/°C,R0603,"0.063"" L x 0.031""A (1.60mm x 0.80mm)","0.022"" (0.55mm)",,THIN FILM,SMD,-55°C ~ 155°C,Activo,,,AMR,22/08/2026,,,,,,,,,,,
IPN_R-????,R0603_866R_0.1W_±1%,RES 866 OHM 1% 1/10W 0603,866R ±1% 1/10W,Resistors:R,Resistor_SMD:R_0603_1608Metric,YAGEO,RT0603FRE07866RL,https://www.digikey.es/es/products/detail/yageo/RT0603FRE07866RL/1075507,RT,,,,,866R,±1%,0.1W,1/10W,±50ppm/°C,R0603,"0.063"" L x 0.031""A (1.60mm x 0.80mm)","0.022"" (0.55mm)",,THIN FILM,SMD,-55°C ~ 155°C,Activo,,,AMR,22/08/2026,,,,,,,,,,,
IPN_R-????,R0603_88K7_0.1W_±1%,RES 88.7K OHM 1% 1/10W 0603,88K7 ±1% 1/10W,Resistors:R,Resistor_SMD:R_0603_1608Metric,YAGEO,RT0603FRE0788K7L,https://www.digikey.es/es/products/detail/yageo/RT0603FRE0788K7L/1075511,RT,,,,,88K7,±1%,0.1W,1/10W,±50ppm/°C,R0603,"0.063"" L x 0.031""A (1.60mm x 0.80mm)","0.022"" (0.55mm)",,THIN FILM,SMD,-55°C ~ 155°C,Activo,,,AMR,22/08/2026,,,,,,,,,,,
IPN_R-????,R0603_9K1_0.1W_±1%,RES 9.1K OHM 1% 1/10W 0603,9K1 ±1% 1/10W,Resistors:R,Resistor_SMD:R_0603_1608Metric,YAGEO,RT0603FRE079K1L,https://www.digikey.es/es/products/detail/yageo/RT0603FRE079K1L/1075535,RT,,,,,9K1,±1%,0.1W,1/10W,±50ppm/°C,R0603,"0.063"" L x 0.031""A (1.60mm x 0.80mm)","0.022"" (0.55mm)",,THIN FILM,SMD,-55°C ~ 155°C,Activo,,,AMR,22/08/2026,,,,,,,,,,,
IPN_R-????,R0603_9K53_0.1W_±1%,RES 9.53K OHM 1% 1/10W 0603,9K53 ±1% 1/10W,Resistors:R,Resistor_SMD:R_0603_1608Metric,YAGEO,RT0603FRE079K53L,https://www.digikey.es/es/products/detail/yageo/RT0603FRE079K53L/1075537,RT,,,,,9K53,±1%,0.1W,1/10W,±50ppm/°C,R0603,"0.063"" L x 0.031""A (1.60mm x 0.80mm)","0.022"" (0.55mm)",,THIN FILM,SMD,-55°C ~ 155°C,Activo,,,AMR,22/08/2026,,,,,,,,,,,
IPN_R-????,R0603_9K76_0.1W_±1%,RES 9.76K OHM 1% 1/10W 0603,9K76 ±1% 1/10W,Resistors:R,Resistor_SMD:R_0603_1608Metric,YAGEO,RT0603FRE079K76L,https://www.digikey.es/es/products/detail/yageo/RT0603FRE079K76L/1075538,RT,,,,,9K76,±1%,0.1W,1/10W,±50ppm/°C,R0603,"0.063"" L x 0.031""A (1.60mm x 0.80mm)","0.022"" (0.55mm)",,THIN FILM,SMD,-55°C ~ 155°C,Activo,,,AMR,22/08/2026,,,,,,,,,,,
IPN_R-????,R0603_90K9_0.1W_±1%,RES 90.9K OHM 1% 1/10W 0603,90K9 ±1% 1/10W,Resistors:R,Resistor_SMD:R_0603_1608Metric,YAGEO,RT0603FRE0790K9L,https://www.digikey.es/es/products/detail/yageo/RT0603FRE0790K9L/1075520,RT,,,,,90K9,±1%,0.1W,1/10W,±50ppm/°C,R0603,"0.063"" L x 0.031""A (1.60mm x 0.80mm)","0.022"" (0.55mm)",,THIN FILM,SMD,-55°C ~ 155°C,Activo,,,AMR,22/08/2026,,,,,,,,,,,
IPN_R-????,R0603_90R9_0.1W_±1%,RES 90.9 OHM 1% 1/10W 0603,90R9 ±1% 1/10W,Resistors:R,Resistor_SMD:R_0603_1608Metric,YAGEO,RT0603FRE0790R9L,https://www.digikey.es/es/products/detail/yageo/RT0603FRE0790R9L/1075521,RT,,,,,90R9,±1%,0.1W,1/10W,±50ppm/°C,R0603,"0.063"" L x 0.031""A (1.60mm x 0.80mm)","0.022"" (0.55mm)",,THIN FILM,SMD,-55°C ~ 155°C,Activo,,,AMR,22/08/2026,,,,,,,,,,,
IPN_R-????,R0603_91K_0.1W_±1%,RES 91K OHM 1% 1/10W 0603,91K ±1% 1/10W,Resistors:R,Resistor_SMD:R_0603_1608Metric,YAGEO,RT0603FRE0791KL,https://www.digikey.es/es/products/detail/yageo/RT0603FRE0791KL/1075523,RT,,,,,91K,±1%,0.1W,1/10W,±50ppm/°C,R0603,"0.063"" L x 0.031""A (1.60mm x 0.80mm)","0.022"" (0.55mm)",,THIN FILM,SMD,-55°C ~ 155°C,Activo,,,AMR,22/08/2026,,,,,,,,,,,
IPN_R-????,R0603_91R_0.1W_±1%,RES 91 OHM 1% 1/10W 0603,91R ±1% 1/10W,Resistors:R,Resistor_SMD:R_0603_1608Metric,YAGEO,RT0603FRE0791RL,https://www.digikey.es/es/products/detail/yageo/RT0603FRE0791RL/1075524,RT,,,,,91R,±1%,0.1W,1/10W,±50ppm/°C,R0603,"0.063"" L x 0.031""A (1.60mm x 0.80mm)","0.022"" (0.55mm)",,THIN FILM,SMD,-55°C ~ 155°C,Activo,,,AMR,22/08/2026,,,,,,,,,,,
IPN_R-????,R0603_910K_0.1W_±1%,RES 910K OHM 1% 1/10W 0603,910K ±1% 1/10W,Resistors:R,Resistor_SMD:R_0603_1608Metric,YAGEO,RT0603FRE07910KL,https://www.digikey.es/es/products/detail/yageo/RT0603FRE07910KL/7708519,RT,,,,,910K,±1%,0.1W,1/10W,±50ppm/°C,R0603,"0.063"" L x 0.031""A (1.60mm x 0.80mm)","0.022"" (0.55mm)",,THIN FILM,SMD,-55°C ~ 155°C,Activo,,,AMR,22/08/2026,,,,,,,,,,,
IPN_R-????,R0603_910R_0.1W_±1%,RES 910 OHM 1% 1/10W 0603,910R ±1% 1/10W,Resistors:R,Resistor_SMD:R_0603_1608Metric,YAGEO,RT0603FRE07910RL,https://www.digikey.es/es/products/detail/yageo/RT0603FRE07910RL/1075522,RT,,,,,910R,±1%,0.1W,1/10W,±50ppm/°C,R0603,"0.063"" L x 0.031""A (1.60mm x 0.80mm)","0.022"" (0.55mm)",,THIN FILM,SMD,-55°C ~ 155°C,Activo,,,AMR,22/08/2026,,,,,,,,,,,
IPN_R-????,R0603_95K3_0.1W_±1%,RES 95.3K OHM 1% 1/10W 0603,95K3 ±1% 1/10W,Resistors:R,Resistor_SMD:R_0603_1608Metric,YAGEO,RT0603FRE0795K3L,https://www.digikey.es/es/products/detail/yageo/RT0603FRE0795K3L/1075529,RT,,,,,95K3,±1%,0.1W,1/10W,±50ppm/°C,R0603,"0.063"" L x 0.031""A (1.60mm x 0.80mm)","0.022"" (0.55mm)",,THIN FILM,SMD,-55°C ~ 155°C,Activo,,,AMR,22/08/2026,,,,,,,,,,,
IPN_R-????,R0603_95R3_0.1W_±1%,RES 95.3 OHM 1% 1/10W 0603,95R3 ±1% 1/10W,Resistors:R,Resistor_SMD:R_0603_1608Metric,YAGEO,RT0603FRE0795R3L,https://www.digikey.es/es/products/detail/yageo/RT0603FRE0795R3L/1075530,RT,,,,,95R3,±1%,0.1W,1/10W,±50ppm/°C,R0603,"0.063"" L x 0.031""A (1.60mm x 0.80mm)","0.022"" (0.55mm)",,THIN FILM,SMD,-55°C ~ 155°C,Activo,,,AMR,22/08/2026,,,,,,,,,,,
IPN_R-????,R0603_953K_0.1W_±1%,RES 953K OHM 1% 1/10W 0603,953K ±1% 1/10W,Resistors:R,Resistor_SMD:R_0603_1608Metric,YAGEO,RT0603FRE07953KL,https://www.digikey.es/es/products/detail/yageo/RT0603FRE07953KL/17020314,RT,,,,,953K,±1%,0.1W,1/10W,±50ppm/°C,R0603,"0.063"" L x 0.031""A (1.60mm x 0.80mm)","0.022"" (0.55mm)",,THIN FILM,SMD,-55°C ~ 155°C,Activo,,,AMR,22/08/2026,,,,,,,,,,,
IPN_R-????,R0603_953R_0.1W_±1%,RES 953 OHM 1% 1/10W 0603,953R ±1% 1/10W,Resistors:R,Resistor_SMD:R_0603_1608Metric,YAGEO,RT0603FRE07953RL,https://www.digikey.es/es/products/detail/yageo/RT0603FRE07953RL/1075528,RT,,,,,953R,±1%,0.1W,1/10W,±50ppm/°C,R0603,"0.063"" L x 0.031""A (1.60mm x 0.80mm)","0.022"" (0.55mm)",,THIN FILM,SMD,-55°C ~ 155°C,Activo,,,AMR,22/08/2026,,,,,,,,,,,
IPN_R-????,R0603_976R_0.1W_±1%,RES 976 OHM 1% 1/10W 0603,976R ±1% 1/10W,Resistors:R,Resistor_SMD:R_0603_1608Metric,YAGEO,RT0603FRE07976RL,https://www.digikey.es/es/products/detail/yageo/RT0603FRE07976RL/1075531,RT,,,,,976R,±1%,0.1W,1/10W,±50ppm/°C,R0603,"0.063"" L x 0.031""A (1.60mm x 0.80mm)","0.022"" (0.55mm)",,THIN FILM,SMD,-55°C ~ 155°C,Activo,,,AMR,22/08/2026,,,,,,,,,,,
IPN_R-????,R0805_100K_0.125W_±1%,RES SMD 100K OHM 1% 1/8W 0805,100K ±1% 1/8W,Resistors:R,Resistor_SMD:R_0805_2012Metric,YAGEO,RT0805FRE07100KL,https://www.digikey.es/es/products/detail/yageo/RT0805FRE07100KL/1078897,RT,,,,,100K,±1%,0.125W,1/8W,±50ppm/°C,0805 (2012 métrico),"0.079"" L x 0.049"" A (2.00mm x 1.25mm)","0.024"" (0.60mm)",,THIN FILM,,-55°C ~ 155°C,Activo,,,AMR,22/08/2026,,,,,,,,,,,
IPN_R-????,R0805_100R_0.125W_±1%,RES SMD 100 OHM 1% 1/8W 0805,100R ±1% 1/8W,Resistors:R,Resistor_SMD:R_0805_2012Metric,YAGEO,RT0805FRE07100RL,https://www.digikey.es/es/products/detail/yageo/RT0805FRE07100RL/1078898,RT,,,,,100R,±1%,0.125W,1/8W,±50ppm/°C,0805 (2012 métrico),"0.079"" L x 0.049"" A (2.00mm x 1.25mm)","0.024"" (0.60mm)",,THIN FILM,,-55°C ~ 155°C,Activo,,,AMR,22/08/2026,,,,,,,,,,,
IPN_R-????,R0805_102K_0.125W_±1%,RES SMD 102K OHM 1% 1/8W 0805,102K ±1% 1/8W,Resistors:R,Resistor_SMD:R_0805_2012Metric,YAGEO,RT0805FRE07102KL,https://www.digikey.es/es/products/detail/yageo/RT0805FRE07102KL/1078899,RT,,,,,102K,±1%,0.125W,1/8W,±50ppm/°C,0805 (2012 métrico),"0.079"" L x 0.049"" A (2.00mm x 1.25mm)","0.024"" (0.60mm)",,THIN FILM,,-55°C ~ 155°C,Activo,,,AMR,22/08/2026,,,,,,,,,,,
IPN_R-????,R0805_105K_0.125W_±1%,RES SMD 105K OHM 1% 1/8W 0805,105K ±1% 1/8W,Resistors:R,Resistor_SMD:R_0805_2012Metric,YAGEO,RT0805FRE07105KL,https://www.digikey.es/es/products/detail/yageo/RT0805FRE07105KL/1078901,RT,,,,,105K,±1%,0.125W,1/8W,±50ppm/°C,0805 (2012 métrico),"0.079"" L x 0.049"" A (2.00mm x 1.25mm)","0.024"" (0.60mm)",,THIN FILM,,-55°C ~ 155°C,Activo,,,AMR,22/08/2026,,,,,,,,,,,
IPN_R-????,R0805_105R_0.125W_±1%,RES SMD 105 OHM 1% 1/8W 0805,105R ±1% 1/8W,Resistors:R,Resistor_SMD:R_0805_2012Metric,YAGEO,RT0805FRE07105RL,https://www.digikey.es/es/products/detail/yageo/RT0805FRE07105RL/1078902,RT,,,,,105R,±1%,0.125W,1/8W,±50ppm/°C,0805 (2012 métrico),"0.079"" L x 0.049"" A (2.00mm x 1.25mm)","0.024"" (0.60mm)",,THIN FILM,,-55°C ~ 155°C,Activo,,,AMR,22/08/2026,,,,,,,,,,,
IPN_R-????,R0805_10K_0.125W_±1%,RES SMD 10K OHM 1% 1/8W 0805,10K ±1% 1/8W,Resistors:R,Resistor_SMD:R_0805_2012Metric,YAGEO,RT0805FRE0710KL,https://www.digikey.es/es/products/detail/yageo/RT0805FRE0710KL/1078908,RT,,,,,10K,±1%,0.125W,1/8W,±50ppm/°C,0805 (2012 métrico),"0.079"" L x 0.049"" A (2.00mm x 1.25mm)","0.024"" (0.60mm)",,THIN FILM,,-55°C ~ 155°C,Activo,,,AMR,22/08/2026,,,,,,,,,,,
IPN_R-????,R0805_10K2_0.125W_±1%,RES SMD 10.2K OHM 1% 1/8W 0805,10K2 ±1% 1/8W,Resistors:R,Resistor_SMD:R_0805_2012Metric,YAGEO,RT0805FRE0710K2L,https://www.digikey.es/es/products/detail/yageo/RT0805FRE0710K2L/1078905,RT,,,,,10K2,±1%,0.125W,1/8W,±50ppm/°C,0805 (2012 métrico),"0.079"" L x 0.049"" A (2.00mm x 1.25mm)","0.024"" (0.60mm)",,THIN FILM,,-55°C ~ 155°C,Activo,,,AMR,22/08/2026,,,,,,,,,,,
IPN_R-????,R0805_10K5_0.125W_±1%,RES SMD 10.5K OHM 1% 1/8W 0805,10K5 ±1% 1/8W,Resistors:R,Resistor_SMD:R_0805_2012Metric,YAGEO,RT0805FRE0710K5L,https://www.digikey.es/es/products/detail/yageo/RT0805FRE0710K5L/1078906,RT,,,,,10K5,±1%,0.125W,1/8W,±50ppm/°C,0805 (2012 métrico),"0.079"" L x 0.049"" A (2.00mm x 1.25mm)","0.024"" (0.60mm)",,THIN FILM,,-55°C ~ 155°C,Activo,,,AMR,22/08/2026,,,,,,,,,,,
IPN_R-????,R0805_10K7_0.125W_±1%,RES SMD 10.7K OHM 1% 1/8W 0805,10K7 ±1% 1/8W,Resistors:R,Resistor_SMD:R_0805_2012Metric,YAGEO,RT0805FRE0710K7L,https://www.digikey.es/es/products/detail/yageo/RT0805FRE0710K7L/1078907,RT,,,,,10K7,±1%,0.125W,1/8W,±50ppm/°C,0805 (2012 métrico),"0.079"" L x 0.049"" A (2.00mm x 1.25mm)","0.024"" (0.60mm)",,THIN FILM,,-55°C ~ 155°C,Activo,,,AMR,22/08/2026,,,,,,,,,,,
IPN_R-????,R0805_10R_0.125W_±1%,RES SMD 10 OHM 1% 1/8W 0805,10R ±1% 1/8W,Resistors:R,Resistor_SMD:R_0805_2012Metric,YAGEO,RT0805FRE0710RL,https://www.digikey.es/es/products/detail/yageo/RT0805FRE0710RL/1078912,RT,,,,,10R,±1%,0.125W,1/8W,±50ppm/°C,0805 (2012 métrico),"0.079"" L x 0.049"" A (2.00mm x 1.25mm)","0.024"" (0.60mm)",,THIN FILM,,-55°C ~ 155°C,Activo,,,AMR,22/08/2026,,,,,,,,,,,
IPN_R-????,R0805_110K_0.125W_±1%,RES SMD 110K OHM 1% 1/8W 0805,110K ±1% 1/8W,Resistors:R,Resistor_SMD:R_0805_2012Metric,YAGEO,RT0805FRE07110KL,https://www.digikey.es/es/products/detail/yageo/RT0805FRE07110KL/1078913,RT,,,,,110K,±1%,0.125W,1/8W,±50ppm/°C,0805 (2012 métrico),"0.079"" L x 0.049"" A (2.00mm x 1.25mm)","0.024"" (0.60mm)",,THIN FILM,,-55°C ~ 155°C,Activo,,,AMR,22/08/2026,,,,,,,,,,,
IPN_R-????,R0805_110R_0.125W_±1%,RES SMD 110 OHM 1% 1/8W 0805,110R ±1% 1/8W,Resistors:R,Resistor_SMD:R_0805_2012Metric,YAGEO,RT0805FRE07110RL,https://www.digikey.es/es/products/detail/yageo/RT0805FRE07110RL/1078914,RT,,,,,110R,±1%,0.125W,1/8W,±50ppm/°C,0805 (2012 métrico),"0.079"" L x 0.049"" A (2.00mm x 1.25mm)","0.024"" (0.60mm)",,THIN FILM,,-55°C ~ 155°C,Activo,,,AMR,22/08/2026,,,,,,,,,,,
IPN_R-????,R0805_113R_0.125W_±1%,RES SMD 113 OHM 1% 1/8W 0805,113R ±1% 1/8W,Resistors:R,Resistor_SMD:R_0805_2012Metric,YAGEO,RT0805FRE07113RL,https://www.digikey.es/es/products/detail/yageo/RT0805FRE07113RL/1078916,RT,,,,,113R,±1%,0.125W,1/8W,±50ppm/°C,0805 (2012 métrico),"0.079"" L x 0.049"" A (2.00mm x 1.25mm)","0.024"" (0.60mm)",,THIN FILM,,-55°C ~ 155°C,Activo,,,AMR,22/08/2026,,,,,,,,,,,
IPN_R-????,R0805_115K_0.125W_±1%,RES SMD 115K OHM 1% 1/8W 0805,115K ±1% 1/8W,Resistors:R,Resistor_SMD:R_0805_2012Metric,YAGEO,RT0805FRE07115KL,https://www.digikey.es/es/products/detail/yageo/RT0805FRE07115KL/1078917,RT,,,,,115K,±1%,0.125W,1/8W,±50ppm/°C,0805 (2012 métrico),"0.079"" L x 0.049"" A (2.00mm x 1.25mm)","0.024"" (0.60mm)",,THIN FILM,,-55°C ~ 155°C,Activo,,,AMR,22/08/2026,,,,,,,,,,,
IPN_R-????,R0805_11K_0.125W_±1%,RES SMD 11K OHM 1% 1/8W 0805,11K ±1% 1/8W,Resistors:R,Resistor_SMD:R_0805_2012Metric,YAGEO,RT0805FRE0711KL,https://www.digikey.es/es/products/detail/yageo/RT0805FRE0711KL/1078924,RT,,,,,11K,±1%,0.125W,1/8W,±50ppm/°C,0805 (2012 métrico),"0.079"" L x 0.049"" A (2.00mm x 1.25mm)","0.024"" (0.60mm)",,THIN FILM,,-55°C ~ 155°C,Activo,,,AMR,22/08/2026,,,,,,,,,,,
IPN_R-????,R0805_11K3_0.125W_±1%,RES SMD 11.3K OHM 1% 1/8W 0805,11K3 ±1% 1/8W,Resistors:R,Resistor_SMD:R_0805_2012Metric,YAGEO,RT0805FRE0711K3L,https://www.digikey.es/es/products/detail/yageo/RT0805FRE0711K3L/1078921,RT,,,,,11K3,±1%,0.125W,1/8W,±50ppm/°C,0805 (2012 métrico),"0.079"" L x 0.049"" A (2.00mm x 1.25mm)","0.024"" (0.60mm)",,THIN FILM,,-55°C ~ 155°C,Activo,,,AMR,22/08/2026,,,,,,,,,,,
IPN_R-????,R0805_11K5_0.125W_±1%,RES SMD 11.5K OHM 1% 1/8W 0805,11K5 ±1% 1/8W,Resistors:R,Resistor_SMD:R_0805_2012Metric,YAGEO,RT0805FRE0711K5L,https://www.digikey.es/es/products/detail/yageo/RT0805FRE0711K5L/1078922,RT,,,,,11K5,±1%,0.125W,1/8W,±50ppm/°C,0805 (2012 métrico),"0.079"" L x 0.049"" A (2.00mm x 1.25mm)","0.024"" (0.60mm)",,THIN FILM,,-55°C ~ 155°C,Activo,,,AMR,22/08/2026,,,,,,,,,,,
IPN_R-????,R0805_11R_0.125W_±1%,RES SMD 11 OHM 1% 1/8W 0805,11R ±1% 1/8W,Resistors:R,Resistor_SMD:R_0805_2012Metric,YAGEO,RT0805FRE0711RL,https://www.digikey.es/es/products/detail/yageo/RT0805FRE0711RL/1078928,RT,,,,,11R,±1%,0.125W,1/8W,±50ppm/°C,0805 (2012 métrico),"0.079"" L x 0.049"" A (2.00mm x 1.25mm)","0.024"" (0.60mm)",,THIN FILM,,-55°C ~ 155°C,Activo,,,AMR,22/08/2026,,,,,,,,,,,
IPN_R-????,R0805_11R5_0.125W_±1%,RES SMD 11.5 OHM 1% 1/8W 0805,11R5 ±1% 1/8W,Resistors:R,Resistor_SMD:R_0805_2012Metric,YAGEO,RT0805FRE0711R5L,https://www.digikey.es/es/products/detail/yageo/RT0805FRE0711R5L/1078926,RT,,,,,11R5,±1%,0.125W,1/8W,±50ppm/°C,0805 (2012 métrico),"0.079"" L x 0.049"" A (2.00mm x 1.25mm)","0.024"" (0.60mm)",,THIN FILM,,-55°C ~ 155°C,Activo,,,AMR,22/08/2026,,,,,,,,,,,
IPN_R-????,R0805_120K_0.125W_±1%,RES SMD 120K OHM 1% 1/8W 0805,120K ±1% 1/8W,Resistors:R,Resistor_SMD:R_0805_2012Metric,YAGEO,RT0805FRE07120KL,https://www.digikey.es/es/products/detail/yageo/RT0805FRE07120KL/1078929,RT,,,,,120K,±1%,0.125W,1/8W,±50ppm/°C,0805 (2012 métrico),"0.079"" L x 0.049"" A (2.00mm x 1.25mm)","0.024"" (0.60mm)",,THIN FILM,,-55°C ~ 155°C,Activo,,,AMR,22/08/2026,,,,,,,,,,,
IPN_R-????,R0805_120R_0.125W_±1%,RES SMD 120 OHM 1% 1/8W 0805,120R ±1% 1/8W,Resistors:R,Resistor_SMD:R_0805_2012Metric,YAGEO,RT0805FRE07120RL,https://www.digikey.es/es/products/detail/yageo/RT0805FRE07120RL/1078930,RT,,,,,120R,±1%,0.125W,1/8W,±50ppm/°C,0805 (2012 métrico),"0.079"" L x 0.049"" A (2.00mm x 1.25mm)","0.024"" (0.60mm)",,THIN FILM,,-55°C ~ 155°C,Activo,,,AMR,22/08/2026,,,,,,,,,,,
IPN_R-????,R0805_121K_0.125W_±1%,RES SMD 121K OHM 1% 1/8W 0805,121K ±1% 1/8W,Resistors:R,Resistor_SMD:R_0805_2012Metric,YAGEO,RT0805FRE07121KL,https://www.digikey.es/es/products/detail/yageo/RT0805FRE07121KL/1078931,RT,,,,,121K,±1%,0.125W,1/8W,±50ppm/°C,0805 (2012 métrico),"0.079"" L x 0.049"" A (2.00mm x 1.25mm)","0.024"" (0.60mm)",,THIN FILM,,-55°C ~ 155°C,Activo,,,AMR,22/08/2026,,,,,,,,,,,
IPN_R-????,R0805_124K_0.125W_±1%,RES SMD 124K OHM 1% 1/8W 0805,124K ±1% 1/8W,Resistors:R,Resistor_SMD:R_0805_2012Metric,YAGEO,RT0805FRE07124KL,https://www.digikey.es/es/products/detail/yageo/RT0805FRE07124KL/1078933,RT,,,,,124K,±1%,0.125W,1/8W,±50ppm/°C,0805 (2012 métrico),"0.079"" L x 0.049"" A (2.00mm x 1.25mm)","0.024"" (0.60mm)",,THIN FILM,,-55°C ~ 155°C,Activo,,,AMR,22/08/2026,,,,,,,,,,,
IPN_R-????,R0805_127K_0.125W_±1%,RES SMD 127K OHM 1% 1/8W 0805,127K ±1% 1/8W,Resistors:R,Resistor_SMD:R_0805_2012Metric,YAGEO,RT0805FRE07127KL,https://www.digikey.es/es/products/detail/yageo/RT0805FRE07127KL/1078935,RT,,,,,127K,±1%,0.125W,1/8W,±50ppm/°C,0805 (2012 métrico),"0.079"" L x 0.049"" A (2.00mm x 1.25mm)","0.024"" (0.60mm)",,THIN FILM,,-55°C ~ 155°C,Activo,,,AMR,22/08/2026,,,,,,,,,,,
IPN_R-????,R0805_12K_0.125W_±1%,RES SMD 12K OHM 1% 1/8W 0805,12K ±1% 1/8W,Resistors:R,Resistor_SMD:R_0805_2012Metric,YAGEO,RT0805FRE0712KL,https://www.digikey.es/es/products/detail/yageo/RT0805FRE0712KL/1078940,RT,,,,,12K,±1%,0.125W,1/8W,±50ppm/°C,0805 (2012 métrico),"0.079"" L x 0.049"" A (2.00mm x 1.25mm)","0.024"" (0.60mm)",,THIN FILM,,-55°C ~ 155°C,Activo,,,AMR,22/08/2026,,,,,,,,,,,
IPN_R-????,R0805_12K1_0.125W_±1%,RES SMD 12.1K OHM 1% 1/8W 0805,12K1 ±1% 1/8W,Resistors:R,Resistor_SMD:R_0805_2012Metric,YAGEO,RT0805FRE0712K1L,https://www.digikey.es/es/products/detail/yageo/RT0805FRE0712K1L/1078937,RT,,,,,12K1,±1%,0.125W,1/8W,±50ppm/°C,0805 (2012 métrico),"0.079"" L x 0.049"" A (2.00mm x 1.25mm)","0.024"" (0.60mm)",,THIN FILM,,-55°C ~ 155°C,Activo,,,AMR,22/08/2026,,,,,,,,,,,
IPN_R-????,R0805_12K4_0.125W_±1%,RES SMD 12.4K OHM 1% 1/8W 0805,12K4 ±1% 1/8W,Resistors:R,Resistor_SMD:R_0805_2012Metric,YAGEO,RT0805FRE0712K4L,https://www.digikey.es/es/products/detail/yageo/RT0805FRE0712K4L/1078938,RT,,,,,12K4,±1%,0.125W,1/8W,±50ppm/°C,0805 (2012 métrico),"0.079"" L x 0.049"" A (2.00mm x 1.25mm)","0.024"" (0.60mm)",,THIN FILM,,-55°C ~ 155°C,Activo,,,AMR,22/08/2026,,,,,,,,,,,
IPN_R-????,R0805_12K7_0.125W_±1%,RES SMD 12.7K OHM 1% 1/8W 0805,12K7 ±1% 1/8W,Resistors:R,Resistor_SMD:R_0805_2012Metric,YAGEO,RT0805FRE0712K7L,https://www.digikey.es/es/products/detail/yageo/RT0805FRE0712K7L/1078939,RT,,,,,12K7,±1%,0.125W,1/8W,±50ppm/°C,0805 (2012 métrico),"0.079"" L x 0.049"" A (2.00mm x 1.25mm)","0.024"" (0.60mm)",,THIN FILM,,-55°C ~ 155°C,Activo,,,AMR,22/08/2026,,,,,,,,,,,
IPN_R-????,R0805_12R_0.125W_±1%,RES SMD 12 OHM 1% 1/8W 0805,12R ±1% 1/8W,Resistors:R,Resistor_SMD:R_0805_2012Metric,YAGEO,RT0805FRE0712RL,https://www.digikey.es/es/products/detail/yageo/RT0805FRE0712RL/1078944,RT,,,,,12R,±1%,0.125W,1/8W,±50ppm/°C,0805 (2012 métrico),"0.079"" L x 0.049"" A (2.00mm x 1.25mm)","0.024"" (0.60mm)",,THIN FILM,,-55°C ~ 155°C,Activo,,,AMR,22/08/2026,,,,,,,,,,,
IPN_R-????,R0805_12R1_0.125W_±1%,RES SMD 12.1 OHM 1% 1/8W 0805,12R1 ±1% 1/8W,Resistors:R,Resistor_SMD:R_0805_2012Metric,YAGEO,RT0805FRE0712R1L,https://www.digikey.es/es/products/detail/yageo/RT0805FRE0712R1L/1078941,RT,,,,,12R1,±1%,0.125W,1/8W,±50ppm/°C,0805 (2012 métrico),"0.079"" L x 0.049"" A (2.00mm x 1.25mm)","0.024"" (0.60mm)",,THIN FILM,,-55°C ~ 155°C,Activo,,,AMR,22/08/2026,,,,,,,,,,,
IPN_R-????,R0805_130K_0.125W_±1%,RES SMD 130K OHM 1% 1/8W 0805,130K ±1% 1/8W,Resistors:R,Resistor_SMD:R_0805_2012Metric,YAGEO,RT0805FRE07130KL,https://www.digikey.es/es/products/detail/yageo/RT0805FRE07130KL/1078945,RT,,,,,130K,±1%,0.125W,1/8W,±50ppm/°C,0805 (2012 métrico),"0.079"" L x 0.049"" A (2.00mm x 1.25mm)","0.024"" (0.60mm)",,THIN FILM,,-55°C ~ 155°C,Activo,,,AMR,22/08/2026,,,,,,,,,,,
IPN_R-????,R0805_130R_0.125W_±1%,RES SMD 130 OHM 1% 1/8W 0805,130R ±1% 1/8W,Resistors:R,Resistor_SMD:R_0805_2012Metric,YAGEO,RT0805FRE07130RL,https://www.digikey.es/es/products/detail/yageo/RT0805FRE07130RL/1078946,RT,,,,,130R,±1%,0.125W,1/8W,±50ppm/°C,0805 (2012 métrico),"0.079"" L x 0.049"" A (2.00mm x 1.25mm)","0.024"" (0.60mm)",,THIN FILM,,-55°C ~ 155°C,Activo,,,AMR,22/08/2026,,,,,,,,,,,
IPN_R-????,R0805_133K_0.125W_±1%,RES SMD 133K OHM 1% 1/8W 0805,133K ±1% 1/8W,Resistors:R,Resistor_SMD:R_0805_2012Metric,YAGEO,RT0805FRE07133KL,https://www.digikey.es/es/products/detail/yageo/RT0805FRE07133KL/1078947,RT,,,,,133K,±1%,0.125W,1/8W,±50ppm/°C,0805 (2012 métrico),"0.079"" L x 0.049"" A (2.00mm x 1.25mm)","0.024"" (0.60mm)",,THIN FILM,,-55°C ~ 155°C,Activo,,,AMR,22/08/2026,,,,,,,,,,,
IPN_R-????,R0805_133R_0.125W_±1%,RES SMD 133 OHM 1% 1/8W 0805,133R ±1% 1/8W,Resistors:R,Resistor_SMD:R_0805_2012Metric,YAGEO,RT0805FRE07133RL,https://www.digikey.es/es/products/detail/yageo/RT0805FRE07133RL/1078948,RT,,,,,133R,±1%,0.125W,1/8W,±50ppm/°C,0805 (2012 métrico),"0.079"" L x 0.049"" A (2.00mm x 1.25mm)","0.024"" (0.60mm)",,THIN FILM,,-55°C ~ 155°C,Activo,,,AMR,22/08/2026,,,,,,,,,,,
IPN_R-????,R0805_13K_0.125W_±1%,RES SMD 13K OHM 1% 1/8W 0805,13K ±1% 1/8W,Resistors:R,Resistor_SMD:R_0805_2012Metric,YAGEO,RT0805FRE0713KL,https://www.digikey.es/es/products/detail/yageo/RT0805FRE0713KL/1078953,RT,,,,,13K,±1%,0.125W,1/8W,±50ppm/°C,0805 (2012 métrico),"0.079"" L x 0.049"" A (2.00mm x 1.25mm)","0.024"" (0.60mm)",,THIN FILM,,-55°C ~ 155°C,Activo,,,AMR,22/08/2026,,,,,,,,,,,
IPN_R-????,R0805_13K3_0.125W_±1%,RES SMD 13.3K OHM 1% 1/8W 0805,13K3 ±1% 1/8W,Resistors:R,Resistor_SMD:R_0805_2012Metric,YAGEO,RT0805FRE0713K3L,https://www.digikey.es/es/products/detail/yageo/RT0805FRE0713K3L/1078951,RT,,,,,13K3,±1%,0.125W,1/8W,±50ppm/°C,0805 (2012 métrico),"0.079"" L x 0.049"" A (2.00mm x 1.25mm)","0.024"" (0.60mm)",,THIN FILM,,-55°C ~ 155°C,Activo,,,AMR,22/08/2026,,,,,,,,,,,
IPN_R-????,R0805_13K7_0.125W_±1%,RES SMD 13.7K OHM 1% 1/8W 0805,13K7 ±1% 1/8W,Resistors:R,Resistor_SMD:R_0805_2012Metric,YAGEO,RT0805FRE0713K7L,https://www.digikey.es/es/products/detail/yageo/RT0805FRE0713K7L/1078952,RT,,,,,13K7,±1%,0.125W,1/8W,±50ppm/°C,0805 (2012 métrico),"0.079"" L x 0.049"" A (2.00mm x 1.25mm)","0.024"" (0.60mm)",,THIN FILM,,-55°C ~ 155°C,Activo,,,AMR,22/08/2026,,,,,,,,,,,
IPN_R-????,R0805_140K_0.125W_±1%,RES SMD 140K OHM 1% 1/8W 0805,140K ±1% 1/8W,Resistors:R,Resistor_SMD:R_0805_2012Metric,YAGEO,RT0805FRE07140KL,https://www.digikey.es/es/products/detail/yageo/RT0805FRE07140KL/1078957,RT,,,,,140K,±1%,0.125W,1/8W,±50ppm/°C,0805 (2012 métrico),"0.079"" L x 0.049"" A (2.00mm x 1.25mm)","0.024"" (0.60mm)",,THIN FILM,,-55°C ~ 155°C,Activo,,,AMR,22/08/2026,,,,,,,,,,,
IPN_R-????,R0805_140R_0.125W_±1%,RES SMD 140 OHM 1% 1/8W 0805,140R ±1% 1/8W,Resistors:R,Resistor_SMD:R_0805_2012Metric,YAGEO,RT0805FRE07140RL,https://www.digikey.es/es/products/detail/yageo/RT0805FRE07140RL/1078958,RT,,,,,140R,±1%,0.125W,1/8W,±50ppm/°C,0805 (2012 métrico),"0.079"" L x 0.049"" A (2.00mm x 1.25mm)","0.024"" (0.60mm)",,THIN FILM,,-55°C ~ 155°C,Activo,,,AMR,22/08/2026,,,,,,,,,,,
IPN_R-????,R0805_143K_0.125W_±1%,RES SMD 143K OHM 1% 1/8W 0805,143K ±1% 1/8W,Resistors:R,Resistor_SMD:R_0805_2012Metric,YAGEO,RT0805FRE07143KL,https://www.digikey.es/es/products/detail/yageo/RT0805FRE07143KL/1078959,RT,,,,,143K,±1%,0.125W,1/8W,±50ppm/°C,0805 (2012 métrico),"0.079"" L x 0.049"" A (2.00mm x 1.25mm)","0.024"" (0.60mm)",,THIN FILM,,-55°C ~ 155°C,Activo,,,AMR,22/08/2026,,,,,,,,,,,
IPN_R-????,R0805_147R_0.125W_±1%,RES SMD 147 OHM 1% 1/8W 0805,147R ±1% 1/8W,Resistors:R,Resistor_SMD:R_0805_2012Metric,YAGEO,RT0805FRE07147RL,https://www.digikey.es/es/products/detail/yageo/RT0805FRE07147RL/1078962,RT,,,,,147R,±1%,0.125W,1/8W,±50ppm/°C,0805 (2012 métrico),"0.079"" L x 0.049"" A (2.00mm x 1.25mm)","0.024"" (0.60mm)",,THIN FILM,,-55°C ~ 155°C,Activo,,,AMR,22/08/2026,,,,,,,,,,,
IPN_R-????,R0805_14K_0.125W_±1%,RES SMD 14K OHM 1% 1/8W 0805,14K ±1% 1/8W,Resistors:R,Resistor_SMD:R_0805_2012Metric,YAGEO,RT0805FRE0714KL,https://www.digikey.es/es/products/detail/yageo/RT0805FRE0714KL/1078965,RT,,,,,14K,±1%,0.125W,1/8W,±50ppm/°C,0805 (2012 métrico),"0.079"" L x 0.049"" A (2.00mm x 1.25mm)","0.024"" (0.60mm)",,THIN FILM,,-55°C ~ 155°C,Activo,,,AMR,22/08/2026,,,,,,,,,,,
IPN_R-????,R0805_14K3_0.125W_±1%,RES SMD 14.3K OHM 1% 1/8W 0805,14K3 ±1% 1/8W,Resistors:R,Resistor_SMD:R_0805_2012Metric,YAGEO,RT0805FRE0714K3L,https://www.digikey.es/es/products/detail/yageo/RT0805FRE0714K3L/1078963,RT,,,,,14K3,±1%,0.125W,1/8W,±50ppm/°C,0805 (2012 métrico),"0.079"" L x 0.049"" A (2.00mm x 1.25mm)","0.024"" (0.60mm)",,THIN FILM,,-55°C ~ 155°C,Activo,,,AMR,22/08/2026,,,,,,,,,,,
IPN_R-????,R0805_14K7_0.125W_±1%,RES SMD 14.7K OHM 1% 1/8W 0805,14K7 ±1% 1/8W,Resistors:R,Resistor_SMD:R_0805_2012Metric,YAGEO,RT0805FRE0714K7L,https://www.digikey.es/es/products/detail/yageo/RT0805FRE0714K7L/1078964,RT,,,,,14K7,±1%,0.125W,1/8W,±50ppm/°C,0805 (2012 métrico),"0.079"" L x 0.049"" A (2.00mm x 1.25mm)","0.024"" (0.60mm)",,THIN FILM,,-55°C ~ 155°C,Activo,,,AMR,22/08/2026,,,,,,,,,,,
IPN_R-????,R0805_150K_0.125W_±1%,RES SMD 150K OHM 1% 1/8W 0805,150K ±1% 1/8W,Resistors:R,Resistor_SMD:R_0805_2012Metric,YAGEO,RT0805FRE07150KL,https://www.digikey.es/es/products/detail/yageo/RT0805FRE07150KL/1078969,RT,,,,,150K,±1%,0.125W,1/8W,±50ppm/°C,0805 (2012 métrico),"0.079"" L x 0.049"" A (2.00mm x 1.25mm)","0.024"" (0.60mm)",,THIN FILM,,-55°C ~ 155°C,Activo,,,AMR,22/08/2026,,,,,,,,,,,
IPN_R-????,R0805_150R_0.125W_±1%,RES SMD 150 OHM 1% 1/8W 0805,150R ±1% 1/8W,Resistors:R,Resistor_SMD:R_0805_2012Metric,YAGEO,RT0805FRE07150RL,https://www.digikey.es/es/products/detail/yageo/RT0805FRE07150RL/1078970,RT,,,,,150R,±1%,0.125W,1/8W,±50ppm/°C,0805 (2012 métrico),"0.079"" L x 0.049"" A (2.00mm x 1.25mm)","0.024"" (0.60mm)",,THIN FILM,,-55°C ~ 155°C,Activo,,,AMR,22/08/2026,,,,,,,,,,,
IPN_R-????,R0805_154K_0.125W_±1%,RES SMD 154K OHM 1% 1/8W 0805,154K ±1% 1/8W,Resistors:R,Resistor_SMD:R_0805_2012Metric,YAGEO,RT0805FRE07154KL,https://www.digikey.es/es/products/detail/yageo/RT0805FRE07154KL/1078971,RT,,,,,154K,±1%,0.125W,1/8W,±50ppm/°C,0805 (2012 métrico),"0.079"" L x 0.049"" A (2.00mm x 1.25mm)","0.024"" (0.60mm)",,THIN FILM,,-55°C ~ 155°C,Activo,,,AMR,22/08/2026,,,,,,,,,,,
IPN_R-????,R0805_158K_0.125W_±1%,RES SMD 158K OHM 1% 1/8W 0805,158K ±1% 1/8W,Resistors:R,Resistor_SMD:R_0805_2012Metric,YAGEO,RT0805FRE07158KL,https://www.digikey.es/es/products/detail/yageo/RT0805FRE07158KL/1078973,RT,,,,,158K,±1%,0.125W,1/8W,±50ppm/°C,0805 (2012 métrico),"0.079"" L x 0.049"" A (2.00mm x 1.25mm)","0.024"" (0.60mm)",,THIN FILM,,-55°C ~ 155°C,Activo,,,AMR,22/08/2026,,,,,,,,,,,
IPN_R-????,R0805_158R_0.125W_±1%,RES SMD 158 OHM 1% 1/8W 0805,158R ±1% 1/8W,Resistors:R,Resistor_SMD:R_0805_2012Metric,YAGEO,RT0805FRE07158RL,https://www.digikey.es/es/products/detail/yageo/RT0805FRE07158RL/1078974,RT,,,,,158R,±1%,0.125W,1/8W,±50ppm/°C,0805 (2012 métrico),"0.079"" L x 0.049"" A (2.00mm x 1.25mm)","0.024"" (0.60mm)",,THIN FILM,,-55°C ~ 155°C,Activo,,,AMR,22/08/2026,,,,,,,,,,,
IPN_R-????,R0805_15K_0.125W_±1%,RES SMD 15K OHM 1% 1/8W 0805,15K ±1% 1/8W,Resistors:R,Resistor_SMD:R_0805_2012Metric,YAGEO,RT0805FRE0715KL,https://www.digikey.es/es/products/detail/yageo/RT0805FRE0715KL/1078977,RT,,,,,15K,±1%,0.125W,1/8W,±50ppm/°C,0805 (2012 métrico),"0.079"" L x 0.049"" A (2.00mm x 1.25mm)","0.024"" (0.60mm)",,THIN FILM,,-55°C ~ 155°C,Activo,,,AMR,22/08/2026,,,,,,,,,,,
IPN_R-????,R0805_15K4_0.125W_±1%,RES SMD 15.4K OHM 1% 1/8W 0805,15K4 ±1% 1/8W,Resistors:R,Resistor_SMD:R_0805_2012Metric,YAGEO,RT0805FRE0715K4L,https://www.digikey.es/es/products/detail/yageo/RT0805FRE0715K4L/1078975,RT,,,,,15K4,±1%,0.125W,1/8W,±50ppm/°C,0805 (2012 métrico),"0.079"" L x 0.049"" A (2.00mm x 1.25mm)","0.024"" (0.60mm)",,THIN FILM,,-55°C ~ 155°C,Activo,,,AMR,22/08/2026,,,,,,,,,,,
IPN_R-????,R0805_15K8_0.125W_±1%,RES SMD 15.8K OHM 1% 1/8W 0805,15K8 ±1% 1/8W,Resistors:R,Resistor_SMD:R_0805_2012Metric,YAGEO,RT0805FRE0715K8L,https://www.digikey.es/es/products/detail/yageo/RT0805FRE0715K8L/1078976,RT,,,,,15K8,±1%,0.125W,1/8W,±50ppm/°C,0805 (2012 métrico),"0.079"" L x 0.049"" A (2.00mm x 1.25mm)","0.024"" (0.60mm)",,THIN FILM,,-55°C ~ 155°C,Activo,,,AMR,22/08/2026,,,,,,,,,,,
IPN_R-????,R0805_15R_0.125W_±1%,RES SMD 15 OHM 1% 1/8W 0805,15R ±1% 1/8W,Resistors:R,Resistor_SMD:R_0805_2012Metric,YAGEO,RT0805FRE0715RL,https://www.digikey.es/es/products/detail/yageo/RT0805FRE0715RL/1078980,RT,,,,,15R,±1%,0.125W,1/8W,±50ppm/°C,0805 (2012 métrico),"0.079"" L x 0.049"" A (2.00mm x 1.25mm)","0.024"" (0.60mm)",,THIN FILM,,-55°C ~ 155°C,Activo,,,AMR,22/08/2026,,,,,,,,,,,
IPN_R-????,R0805_15R4_0.125W_±1%,RES SMD 15.4 OHM 1% 1/8W 0805,15R4 ±1% 1/8W,Resistors:R,Resistor_SMD:R_0805_2012Metric,YAGEO,RT0805FRE0715R4L,https://www.digikey.es/es/products/detail/yageo/RT0805FRE0715R4L/1078978,RT,,,,,15R4,±1%,0.125W,1/8W,±50ppm/°C,0805 (2012 métrico),"0.079"" L x 0.049"" A (2.00mm x 1.25mm)","0.024"" (0.60mm)",,THIN FILM,,-55°C ~ 155°C,Activo,,,AMR,22/08/2026,,,,,,,,,,,
IPN_R-????,R0805_15R8_0.125W_±1%,RES SMD 15.8 OHM 1% 1/8W 0805,15R8 ±1% 1/8W,Resistors:R,Resistor_SMD:R_0805_2012Metric,YAGEO,RT0805FRE0715R8L,https://www.digikey.es/es/products/detail/yageo/RT0805FRE0715R8L/1078979,RT,,,,,15R8,±1%,0.125W,1/8W,±50ppm/°C,0805 (2012 métrico),"0.079"" L x 0.049"" A (2.00mm x 1.25mm)","0.024"" (0.60mm)",,THIN FILM,,-55°C ~ 155°C,Activo,,,AMR,22/08/2026,,,,,,,,,,,
IPN_R-????,R0805_160K_0.125W_±1%,RES SMD 160K OHM 1% 1/8W 0805,160K ±1% 1/8W,Resistors:R,Resistor_SMD:R_0805_2012Metric,YAGEO,RT0805FRE07160KL,https://www.digikey.es/es/products/detail/yageo/RT0805FRE07160KL/1078981,RT,,,,,160K,±1%,0.125W,1/8W,±50ppm/°C,0805 (2012 métrico),"0.079"" L x 0.049"" A (2.00mm x 1.25mm)","0.024"" (0.60mm)",,THIN FILM,,-55°C ~ 155°C,Activo,,,AMR,22/08/2026,,,,,,,,,,,
IPN_R-????,R0805_160R_0.125W_±1%,RES SMD 160 OHM 1% 1/8W 0805,160R ±1% 1/8W,Resistors:R,Resistor_SMD:R_0805_2012Metric,YAGEO,RT0805FRE07160RL,https://www.digikey.es/es/products/detail/yageo/RT0805FRE07160RL/1078982,RT,,,,,160R,±1%,0.125W,1/8W,±50ppm/°C,0805 (2012 métrico),"0.079"" L x 0.049"" A (2.00mm x 1.25mm)","0.024"" (0.60mm)",,THIN FILM,,-55°C ~ 155°C,Activo,,,AMR,22/08/2026,,,,,,,,,,,
IPN_R-????,R0805_162K_0.125W_±1%,RES SMD 162K OHM 1% 1/8W 0805,162K ±1% 1/8W,Resistors:R,Resistor_SMD:R_0805_2012Metric,YAGEO,RT0805FRE07162KL,https://www.digikey.es/es/products/detail/yageo/RT0805FRE07162KL/1078983,RT,,,,,162K,±1%,0.125W,1/8W,±50ppm/°C,0805 (2012 métrico),"0.079"" L x 0.049"" A (2.00mm x 1.25mm)","0.024"" (0.60mm)",,THIN FILM,,-55°C ~ 155°C,Activo,,,AMR,22/08/2026,,,,,,,,,,,
IPN_R-????,R0805_162R_0.125W_±1%,RES SMD 162 OHM 1% 1/8W 0805,162R ±1% 1/8W,Resistors:R,Resistor_SMD:R_0805_2012Metric,YAGEO,RT0805FRE07162RL,https://www.digikey.es/es/products/detail/yageo/RT0805FRE07162RL/1078984,RT,,,,,162R,±1%,0.125W,1/8W,±50ppm/°C,0805 (2012 métrico),"0.079"" L x 0.049"" A (2.00mm x 1.25mm)","0.024"" (0.60mm)",,THIN FILM,,-55°C ~ 155°C,Activo,,,AMR,22/08/2026,,,,,,,,,,,
IPN_R-????,R0805_169K_0.125W_±1%,RES SMD 169K OHM 1% 1/8W 0805,169K ±1% 1/8W,Resistors:R,Resistor_SMD:R_0805_2012Metric,YAGEO,RT0805FRE07169KL,https://www.digikey.es/es/products/detail/yageo/RT0805FRE07169KL/1078987,RT,,,,,169K,±1%,0.125W,1/8W,±50ppm/°C,0805 (2012 métrico),"0.079"" L x 0.049"" A (2.00mm x 1.25mm)","0.024"" (0.60mm)",,THIN FILM,,-55°C ~ 155°C,Activo,,,AMR,22/08/2026,,,,,,,,,,,
IPN_R-????,R0805_16K_0.125W_±1%,RES SMD 16K OHM 1% 1/8W 0805,16K ±1% 1/8W,Resistors:R,Resistor_SMD:R_0805_2012Metric,YAGEO,RT0805FRE0716KL,https://www.digikey.es/es/products/detail/yageo/RT0805FRE0716KL/1078992,RT,,,,,16K,±1%,0.125W,1/8W,±50ppm/°C,0805 (2012 métrico),"0.079"" L x 0.049"" A (2.00mm x 1.25mm)","0.024"" (0.60mm)",,THIN FILM,,-55°C ~ 155°C,Activo,,,AMR,22/08/2026,,,,,,,,,,,
IPN_R-????,R0805_16K2_0.125W_±1%,RES SMD 16.2K OHM 1% 1/8W 0805,16K2 ±1% 1/8W,Resistors:R,Resistor_SMD:R_0805_2012Metric,YAGEO,RT0805FRE0716K2L,https://www.digikey.es/es/products/detail/yageo/RT0805FRE0716K2L/1078989,RT,,,,,16K2,±1%,0.125W,1/8W,±50ppm/°C,0805 (2012 métrico),"0.079"" L x 0.049"" A (2.00mm x 1.25mm)","0.024"" (0.60mm)",,THIN FILM,,-55°C ~ 155°C,Activo,,,AMR,22/08/2026,,,,,,,,,,,
IPN_R-????,R0805_16K9_0.125W_±1%,RES SMD 16.9K OHM 1% 1/8W 0805,16K9 ±1% 1/8W,Resistors:R,Resistor_SMD:R_0805_2012Metric,YAGEO,RT0805FRE0716K9L,https://www.digikey.es/es/products/detail/yageo/RT0805FRE0716K9L/1078991,RT,,,,,16K9,±1%,0.125W,1/8W,±50ppm/°C,0805 (2012 métrico),"0.079"" L x 0.049"" A (2.00mm x 1.25mm)","0.024"" (0.60mm)",,THIN FILM,,-55°C ~ 155°C,Activo,,,AMR,22/08/2026,,,,,,,,,,,
IPN_R-????,R0805_16R_0.125W_±1%,RES SMD 16 OHM 1% 1/8W 0805,16R ±1% 1/8W,Resistors:R,Resistor_SMD:R_0805_2012Metric,YAGEO,RT0805FRE0716RL,https://www.digikey.es/es/products/detail/yageo/RT0805FRE0716RL/1078996,RT,,,,,16R,±1%,0.125W,1/8W,±50ppm/°C,0805 (2012 métrico),"0.079"" L x 0.049"" A (2.00mm x 1.25mm)","0.024"" (0.60mm)",,THIN FILM,,-55°C ~ 155°C,Activo,,,AMR,22/08/2026,,,,,,,,,,,
IPN_R-????,R0805_174K_0.125W_±1%,RES SMD 174K OHM 1% 1/8W 0805,174K ±1% 1/8W,Resistors:R,Resistor_SMD:R_0805_2012Metric,YAGEO,RT0805FRE07174KL,https://www.digikey.es/es/products/detail/yageo/RT0805FRE07174KL/1078997,RT,,,,,174K,±1%,0.125W,1/8W,±50ppm/°C,0805 (2012 métrico),"0.079"" L x 0.049"" A (2.00mm x 1.25mm)","0.024"" (0.60mm)",,THIN FILM,,-55°C ~ 155°C,Activo,,,AMR,22/08/2026,,,,,,,,,,,
IPN_R-????,R0805_178K_0.125W_±1%,RES SMD 178K OHM 1% 1/8W 0805,178K ±1% 1/8W,Resistors:R,Resistor_SMD:R_0805_2012Metric,YAGEO,RT0805FRE07178KL,https://www.digikey.es/es/products/detail/yageo/RT0805FRE07178KL/1078999,RT,,,,,178K,±1%,0.125W,1/8W,±50ppm/°C,0805 (2012 métrico),"0.079"" L x 0.049"" A (2.00mm x 1.25mm)","0.024"" (0.60mm)",,THIN FILM,,-55°C ~ 155°C,Activo,,,AMR,22/08/2026,,,,,,,,,,,
IPN_R-????,R0805_178R_0.125W_±1%,RES SMD 178 OHM 1% 1/8W 0805,178R ±1% 1/8W,Resistors:R,Resistor_SMD:R_0805_2012Metric,YAGEO,RT0805FRE07178RL,https://www.digikey.es/es/products/detail/yageo/RT0805FRE07178RL/1079000,RT,,,,,178R,±1%,0.125W,1/8W,±50ppm/°C,0805 (2012 métrico),"0.079"" L x 0.049"" A (2.00mm x 1.25mm)","0.024"" (0.60mm)",,THIN FILM,,-55°C ~ 155°C,Activo,,,AMR,22/08/2026,,,,,,,,,,,
IPN_R-????,R0805_17K4_0.125W_±1%,RES SMD 17.4K OHM 1% 1/8W 0805,17K4 ±1% 1/8W,Resistors:R,Resistor_SMD:R_0805_2012Metric,YAGEO,RT0805FRE0717K4L,https://www.digikey.es/es/products/detail/yageo/RT0805FRE0717K4L/1079001,RT,,,,,17K4,±1%,0.125W,1/8W,±50ppm/°C,0805 (2012 métrico),"0.079"" L x 0.049"" A (2.00mm x 1.25mm)","0.024"" (0.60mm)",,THIN FILM,,-55°C ~ 155°C,Activo,,,AMR,22/08/2026,,,,,,,,,,,
IPN_R-????,R0805_17K8_0.125W_±1%,RES SMD 17.8K OHM 1% 1/8W 0805,17K8 ±1% 1/8W,Resistors:R,Resistor_SMD:R_0805_2012Metric,YAGEO,RT0805FRE0717K8L,https://www.digikey.es/es/products/detail/yageo/RT0805FRE0717K8L/1079002,RT,,,,,17K8,±1%,0.125W,1/8W,±50ppm/°C,0805 (2012 métrico),"0.079"" L x 0.049"" A (2.00mm x 1.25mm)","0.024"" (0.60mm)",,THIN FILM,,-55°C ~ 155°C,Activo,,,AMR,22/08/2026,,,,,,,,,,,
IPN_R-????,R0805_180K_0.125W_±1%,RES SMD 180K OHM 1% 1/8W 0805,180K ±1% 1/8W,Resistors:R,Resistor_SMD:R_0805_2012Metric,YAGEO,RT0805FRE07180KL,https://www.digikey.es/es/products/detail/yageo/RT0805FRE07180KL/1035150,RT,,,,,180K,±1%,0.125W,1/8W,±50ppm/°C,0805 (2012 métrico),"0.079"" L x 0.049"" A (2.00mm x 1.25mm)","0.024"" (0.60mm)",,THIN FILM,,-55°C ~ 155°C,Activo,,,AMR,22/08/2026,,,,,,,,,,,
IPN_R-????,R0805_180R_0.125W_±1%,RES SMD 180 OHM 1% 1/8W 0805,180R ±1% 1/8W,Resistors:R,Resistor_SMD:R_0805_2012Metric,YAGEO,RT0805FRE07180RL,https://www.digikey.es/es/products/detail/yageo/RT0805FRE07180RL/1079005,RT,,,,,180R,±1%,0.125W,1/8W,±50ppm/°C,0805 (2012 métrico),"0.079"" L x 0.049"" A (2.00mm x 1.25mm)","0.024"" (0.60mm)",,THIN FILM,,-55°C ~ 155°C,Activo,,,AMR,22/08/2026,,,,,,,,,,,
IPN_R-????,R0805_182K_0.125W_±1%,RES SMD 182K OHM 1% 1/8W 0805,182K ±1% 1/8W,Resistors:R,Resistor_SMD:R_0805_2012Metric,YAGEO,RT0805FRE07182KL,https://www.digikey.es/es/products/detail/yageo/RT0805FRE07182KL/1079006,RT,,,,,182K,±1%,0.125W,1/8W,±50ppm/°C,0805 (2012 métrico),"0.079"" L x 0.049"" A (2.00mm x 1.25mm)","0.024"" (0.60mm)",,THIN FILM,,-55°C ~ 155°C,Activo,,,AMR,22/08/2026,,,,,,,,,,,
IPN_R-????,R0805_182R_0.125W_±1%,RES SMD 182 OHM 1% 1/8W 0805,182R ±1% 1/8W,Resistors:R,Resistor_SMD:R_0805_2012Metric,YAGEO,RT0805FRE07182RL,https://www.digikey.es/es/products/detail/yageo/RT0805FRE07182RL/1079007,RT,,,,,182R,±1%,0.125W,1/8W,±50ppm/°C,0805 (2012 métrico),"0.079"" L x 0.049"" A (2.00mm x 1.25mm)","0.024"" (0.60mm)",,THIN FILM,,-55°C ~ 155°C,Activo,,,AMR,22/08/2026,,,,,,,,,,,
IPN_R-????,R0805_187K_0.125W_±1%,RES SMD 187K OHM 1% 1/8W 0805,187K ±1% 1/8W,Resistors:R,Resistor_SMD:R_0805_2012Metric,YAGEO,RT0805FRE07187KL,https://www.digikey.es/es/products/detail/yageo/RT0805FRE07187KL/1079008,RT,,,,,187K,±1%,0.125W,1/8W,±50ppm/°C,0805 (2012 métrico),"0.079"" L x 0.049"" A (2.00mm x 1.25mm)","0.024"" (0.60mm)",,THIN FILM,,-55°C ~ 155°C,Activo,,,AMR,22/08/2026,,,,,,,,,,,
IPN_R-????,R0805_18K_0.125W_±1%,RES SMD 18K OHM 1% 1/8W 0805,18K ±1% 1/8W,Resistors:R,Resistor_SMD:R_0805_2012Metric,YAGEO,RT0805FRE0718KL,https://www.digikey.es/es/products/detail/yageo/RT0805FRE0718KL/1079012,RT,,,,,18K,±1%,0.125W,1/8W,±50ppm/°C,0805 (2012 métrico),"0.079"" L x 0.049"" A (2.00mm x 1.25mm)","0.024"" (0.60mm)",,THIN FILM,,-55°C ~ 155°C,Activo,,,AMR,22/08/2026,,,,,,,,,,,
IPN_R-????,R0805_18K2_0.125W_±1%,RES SMD 18.2K OHM 1% 1/8W 0805,18K2 ±1% 1/8W,Resistors:R,Resistor_SMD:R_0805_2012Metric,YAGEO,RT0805FRE0718K2L,https://www.digikey.es/es/products/detail/yageo/RT0805FRE0718K2L/1079010,RT,,,,,18K2,±1%,0.125W,1/8W,±50ppm/°C,0805 (2012 métrico),"0.079"" L x 0.049"" A (2.00mm x 1.25mm)","0.024"" (0.60mm)",,THIN FILM,,-55°C ~ 155°C,Activo,,,AMR,22/08/2026,,,,,,,,,,,
IPN_R-????,R0805_18K7_0.125W_±1%,RES SMD 18.7K OHM 1% 1/8W 0805,18K7 ±1% 1/8W,Resistors:R,Resistor_SMD:R_0805_2012Metric,YAGEO,RT0805FRE0718K7L,https://www.digikey.es/es/products/detail/yageo/RT0805FRE0718K7L/1079011,RT,,,,,18K7,±1%,0.125W,1/8W,±50ppm/°C,0805 (2012 métrico),"0.079"" L x 0.049"" A (2.00mm x 1.25mm)","0.024"" (0.60mm)",,THIN FILM,,-55°C ~ 155°C,Activo,,,AMR,22/08/2026,,,,,,,,,,,
IPN_R-????,R0805_18R_0.125W_±1%,RES SMD 18 OHM 1% 1/8W 0805,18R ±1% 1/8W,Resistors:R,Resistor_SMD:R_0805_2012Metric,YAGEO,RT0805FRE0718RL,https://www.digikey.es/es/products/detail/yageo/RT0805FRE0718RL/1079015,RT,,,,,18R,±1%,0.125W,1/8W,±50ppm/°C,0805 (2012 métrico),"0.079"" L x 0.049"" A (2.00mm x 1.25mm)","0.024"" (0.60mm)",,THIN FILM,,-55°C ~ 155°C,Activo,,,AMR,22/08/2026,,,,,,,,,,,
IPN_R-????,R0805_18R7_0.125W_±1%,RES SMD 18.7 OHM 1% 1/8W 0805,18R7 ±1% 1/8W,Resistors:R,Resistor_SMD:R_0805_2012Metric,YAGEO,RT0805FRE0718R7L,https://www.digikey.es/es/products/detail/yageo/RT0805FRE0718R7L/1079014,RT,,,,,18R7,±1%,0.125W,1/8W,±50ppm/°C,0805 (2012 métrico),"0.079"" L x 0.049"" A (2.00mm x 1.25mm)","0.024"" (0.60mm)",,THIN FILM,,-55°C ~ 155°C,Activo,,,AMR,22/08/2026,,,,,,,,,,,
IPN_R-????,R0805_196K_0.125W_±1%,RES SMD 196K OHM 1% 1/8W 0805,196K ±1% 1/8W,Resistors:R,Resistor_SMD:R_0805_2012Metric,YAGEO,RT0805FRE07196KL,https://www.digikey.es/es/products/detail/yageo/RT0805FRE07196KL/1079018,RT,,,,,196K,±1%,0.125W,1/8W,±50ppm/°C,0805 (2012 métrico),"0.079"" L x 0.049"" A (2.00mm x 1.25mm)","0.024"" (0.60mm)",,THIN FILM,,-55°C ~ 155°C,Activo,,,AMR,22/08/2026,,,,,,,,,,,
IPN_R-????,R0805_196R_0.125W_±1%,RES SMD 196 OHM 1% 1/8W 0805,196R ±1% 1/8W,Resistors:R,Resistor_SMD:R_0805_2012Metric,YAGEO,RT0805FRE07196RL,https://www.digikey.es/es/products/detail/yageo/RT0805FRE07196RL/1079019,RT,,,,,196R,±1%,0.125W,1/8W,±50ppm/°C,0805 (2012 métrico),"0.079"" L x 0.049"" A (2.00mm x 1.25mm)","0.024"" (0.60mm)",,THIN FILM,,-55°C ~ 155°C,Activo,,,AMR,22/08/2026,,,,,,,,,,,
IPN_R-????,R0805_19K1_0.125W_±1%,RES SMD 19.1K OHM 1% 1/8W 0805,19K1 ±1% 1/8W,Resistors:R,Resistor_SMD:R_0805_2012Metric,YAGEO,RT0805FRE0719K1L,https://www.digikey.es/es/products/detail/yageo/RT0805FRE0719K1L/1079020,RT,,,,,19K1,±1%,0.125W,1/8W,±50ppm/°C,0805 (2012 métrico),"0.079"" L x 0.049"" A (2.00mm x 1.25mm)","0.024"" (0.60mm)",,THIN FILM,,-55°C ~ 155°C,Activo,,,AMR,22/08/2026,,,,,,,,,,,
IPN_R-????,R0805_1K_0.125W_±1%,RES SMD 1K OHM 1% 1/8W 0805,1K ±1% 1/8W,Resistors:R,Resistor_SMD:R_0805_2012Metric,YAGEO,RT0805FRE071KL,https://www.digikey.es/es/products/detail/yageo/RT0805FRE071KL/1079055,RT,,,,,1K,±1%,0.125W,1/8W,±50ppm/°C,0805 (2012 métrico),"0.079"" L x 0.049"" A (2.00mm x 1.25mm)","0.024"" (0.60mm)",,THIN FILM,,-55°C ~ 155°C,Activo,,,AMR,22/08/2026,,,,,,,,,,,
IPN_R-????,R0805_1K02_0.125W_±1%,RES SMD 1.02K OHM 1% 1/8W 0805,1K02 ±1% 1/8W,Resistors:R,Resistor_SMD:R_0805_2012Metric,YAGEO,RT0805FRE071K02L,https://www.digikey.es/es/products/detail/yageo/RT0805FRE071K02L/1079024,RT,,,,,1K02,±1%,0.125W,1/8W,±50ppm/°C,0805 (2012 métrico),"0.079"" L x 0.049"" A (2.00mm x 1.25mm)","0.024"" (0.60mm)",,THIN FILM,,-55°C ~ 155°C,Activo,,,AMR,22/08/2026,,,,,,,,,,,
IPN_R-????,R0805_1K07_0.125W_±1%,RES SMD 1.07K OHM 1% 1/8W 0805,1K07 ±1% 1/8W,Resistors:R,Resistor_SMD:R_0805_2012Metric,YAGEO,RT0805FRE071K07L,https://www.digikey.es/es/products/detail/yageo/RT0805FRE071K07L/1079026,RT,,,,,1K07,±1%,0.125W,1/8W,±50ppm/°C,0805 (2012 métrico),"0.079"" L x 0.049"" A (2.00mm x 1.25mm)","0.024"" (0.60mm)",,THIN FILM,,-55°C ~ 155°C,Activo,,,AMR,22/08/2026,,,,,,,,,,,
IPN_R-????,R0805_1K1_0.125W_±1%,RES SMD 1.1K OHM 1% 1/8W 0805,1K1 ±1% 1/8W,Resistors:R,Resistor_SMD:R_0805_2012Metric,YAGEO,RT0805FRE071K1L,https://www.digikey.es/es/products/detail/yageo/RT0805FRE071K1L/1079030,RT,,,,,1K1,±1%,0.125W,1/8W,±50ppm/°C,0805 (2012 métrico),"0.079"" L x 0.049"" A (2.00mm x 1.25mm)","0.024"" (0.60mm)",,THIN FILM,,-55°C ~ 155°C,Activo,,,AMR,22/08/2026,,,,,,,,,,,
IPN_R-????,R0805_1K13_0.125W_±1%,RES SMD 1.13K OHM 1% 1/8W 0805,1K13 ±1% 1/8W,Resistors:R,Resistor_SMD:R_0805_2012Metric,YAGEO,RT0805FRE071K13L,https://www.digikey.es/es/products/detail/yageo/RT0805FRE071K13L/1079027,RT,,,,,1K13,±1%,0.125W,1/8W,±50ppm/°C,0805 (2012 métrico),"0.079"" L x 0.049"" A (2.00mm x 1.25mm)","0.024"" (0.60mm)",,THIN FILM,,-55°C ~ 155°C,Activo,,,AMR,22/08/2026,,,,,,,,,,,
IPN_R-????,R0805_1K15_0.125W_±1%,RES SMD 1.15K OHM 1% 1/8W 0805,1K15 ±1% 1/8W,Resistors:R,Resistor_SMD:R_0805_2012Metric,YAGEO,RT0805FRE071K15L,https://www.digikey.es/es/products/detail/yageo/RT0805FRE071K15L/1079028,RT,,,,,1K15,±1%,0.125W,1/8W,±50ppm/°C,0805 (2012 métrico),"0.079"" L x 0.049"" A (2.00mm x 1.25mm)","0.024"" (0.60mm)",,THIN FILM,,-55°C ~ 155°C,Activo,,,AMR,22/08/2026,,,,,,,,,,,
IPN_R-????,R0805_1K2_0.125W_±1%,RES SMD 1.2K OHM 1% 1/8W 0805,1K2 ±1% 1/8W,Resistors:R,Resistor_SMD:R_0805_2012Metric,YAGEO,RT0805FRE071K2L,https://www.digikey.es/es/products/detail/yageo/RT0805FRE071K2L/1079034,RT,,,,,1K2,±1%,0.125W,1/8W,±50ppm/°C,0805 (2012 métrico),"0.079"" L x 0.049"" A (2.00mm x 1.25mm)","0.024"" (0.60mm)",,THIN FILM,,-55°C ~ 155°C,Activo,,,AMR,22/08/2026,,,,,,,,,,,
IPN_R-????,R0805_1K21_0.125W_±1%,RES SMD 1.21K OHM 1% 1/8W 0805,1K21 ±1% 1/8W,Resistors:R,Resistor_SMD:R_0805_2012Metric,YAGEO,RT0805FRE071K21L,https://www.digikey.es/es/products/detail/yageo/RT0805FRE071K21L/1079031,RT,,,,,1K21,±1%,0.125W,1/8W,±50ppm/°C,0805 (2012 métrico),"0.079"" L x 0.049"" A (2.00mm x 1.25mm)","0.024"" (0.60mm)",,THIN FILM,,-55°C ~ 155°C,Activo,,,AMR,22/08/2026,,,,,,,,,,,
IPN_R-????,R0805_1K24_0.125W_±1%,RES SMD 1.24K OHM 1% 1/8W 0805,1K24 ±1% 1/8W,Resistors:R,Resistor_SMD:R_0805_2012Metric,YAGEO,RT0805FRE071K24L,https://www.digikey.es/es/products/detail/yageo/RT0805FRE071K24L/1079032,RT,,,,,1K24,±1%,0.125W,1/8W,±50ppm/°C,0805 (2012 métrico),"0.079"" L x 0.049"" A (2.00mm x 1.25mm)","0.024"" (0.60mm)",,THIN FILM,,-55°C ~ 155°C,Activo,,,AMR,22/08/2026,,,,,,,,,,,
IPN_R-????,R0805_1K3_0.125W_±1%,RES SMD 1.3K OHM 1% 1/8W 0805,1K3 ±1% 1/8W,Resistors:R,Resistor_SMD:R_0805_2012Metric,YAGEO,RT0805FRE071K3L,https://www.digikey.es/es/products/detail/yageo/RT0805FRE071K3L/1079037,RT,,,,,1K3,±1%,0.125W,1/8W,±50ppm/°C,0805 (2012 métrico),"0.079"" L x 0.049"" A (2.00mm x 1.25mm)","0.024"" (0.60mm)",,THIN FILM,,-55°C ~ 155°C,Activo,,,AMR,22/08/2026,,,,,,,,,,,
IPN_R-????,R0805_1K33_0.125W_±1%,RES SMD 1.33K OHM 1% 1/8W 0805,1K33 ±1% 1/8W,Resistors:R,Resistor_SMD:R_0805_2012Metric,YAGEO,RT0805FRE071K33L,https://www.digikey.es/es/products/detail/yageo/RT0805FRE071K33L/1079035,RT,,,,,1K33,±1%,0.125W,1/8W,±50ppm/°C,0805 (2012 métrico),"0.079"" L x 0.049"" A (2.00mm x 1.25mm)","0.024"" (0.60mm)",,THIN FILM,,-55°C ~ 155°C,Activo,,,AMR,22/08/2026,,,,,,,,,,,
IPN_R-????,R0805_1K37_0.125W_±1%,RES SMD 1.37K OHM 1% 1/8W 0805,1K37 ±1% 1/8W,Resistors:R,Resistor_SMD:R_0805_2012Metric,YAGEO,RT0805FRE071K37L,https://www.digikey.es/es/products/detail/yageo/RT0805FRE071K37L/1079036,RT,,,,,1K37,±1%,0.125W,1/8W,±50ppm/°C,0805 (2012 métrico),"0.079"" L x 0.049"" A (2.00mm x 1.25mm)","0.024"" (0.60mm)",,THIN FILM,,-55°C ~ 155°C,Activo,,,AMR,22/08/2026,,,,,,,,,,,
IPN_R-????,R0805_1K47_0.125W_±1%,RES SMD 1.47K OHM 1% 1/8W 0805,1K47 ±1% 1/8W,Resistors:R,Resistor_SMD:R_0805_2012Metric,YAGEO,RT0805FRE071K47L,https://www.digikey.es/es/products/detail/yageo/RT0805FRE071K47L/1079039,RT,,,,,1K47,±1%,0.125W,1/8W,±50ppm/°C,0805 (2012 métrico),"0.079"" L x 0.049"" A (2.00mm x 1.25mm)","0.024"" (0.60mm)",,THIN FILM,,-55°C ~ 155°C,Activo,,,AMR,22/08/2026,,,,,,,,,,,
IPN_R-????,R0805_1K5_0.125W_±1%,RES SMD 1.5K OHM 1% 1/8W 0805,1K5 ±1% 1/8W,Resistors:R,Resistor_SMD:R_0805_2012Metric,YAGEO,RT0805FRE071K5L,https://www.digikey.es/es/products/detail/yageo/RT0805FRE071K5L/1079043,RT,,,,,1K5,±1%,0.125W,1/8W,±50ppm/°C,0805 (2012 métrico),"0.079"" L x 0.049"" A (2.00mm x 1.25mm)","0.024"" (0.60mm)",,THIN FILM,,-55°C ~ 155°C,Activo,,,AMR,22/08/2026,,,,,,,,,,,
IPN_R-????,R0805_1K54_0.125W_±1%,RES SMD 1.54K OHM 1% 1/8W 0805,1K54 ±1% 1/8W,Resistors:R,Resistor_SMD:R_0805_2012Metric,YAGEO,RT0805FRE071K54L,https://www.digikey.es/es/products/detail/yageo/RT0805FRE071K54L/1079041,RT,,,,,1K54,±1%,0.125W,1/8W,±50ppm/°C,0805 (2012 métrico),"0.079"" L x 0.049"" A (2.00mm x 1.25mm)","0.024"" (0.60mm)",,THIN FILM,,-55°C ~ 155°C,Activo,,,AMR,22/08/2026,,,,,,,,,,,
IPN_R-????,R0805_1K58_0.125W_±1%,RES SMD 1.58K OHM 1% 1/8W 0805,1K58 ±1% 1/8W,Resistors:R,Resistor_SMD:R_0805_2012Metric,YAGEO,RT0805FRE071K58L,https://www.digikey.es/es/products/detail/yageo/RT0805FRE071K58L/1079042,RT,,,,,1K58,±1%,0.125W,1/8W,±50ppm/°C,0805 (2012 métrico),"0.079"" L x 0.049"" A (2.00mm x 1.25mm)","0.024"" (0.60mm)",,THIN FILM,,-55°C ~ 155°C,Activo,,,AMR,22/08/2026,,,,,,,,,,,
IPN_R-????,R0805_1K6_0.125W_±1%,RES SMD 1.6K OHM 1% 1/8W 0805,1K6 ±1% 1/8W,Resistors:R,Resistor_SMD:R_0805_2012Metric,YAGEO,RT0805FRE071K6L,https://www.digikey.es/es/products/detail/yageo/RT0805FRE071K6L/1079047,RT,,,,,1K6,±1%,0.125W,1/8W,±50ppm/°C,0805 (2012 métrico),"0.079"" L x 0.049"" A (2.00mm x 1.25mm)","0.024"" (0.60mm)",,THIN FILM,,-55°C ~ 155°C,Activo,,,AMR,22/08/2026,,,,,,,,,,,
IPN_R-????,R0805_1K62_0.125W_±1%,RES SMD 1.62K OHM 1% 1/8W 0805,1K62 ±1% 1/8W,Resistors:R,Resistor_SMD:R_0805_2012Metric,YAGEO,RT0805FRE071K62L,https://www.digikey.es/es/products/detail/yageo/RT0805FRE071K62L/1079044,RT,,,,,1K62,±1%,0.125W,1/8W,±50ppm/°C,0805 (2012 métrico),"0.079"" L x 0.049"" A (2.00mm x 1.25mm)","0.024"" (0.60mm)",,THIN FILM,,-55°C ~ 155°C,Activo,,,AMR,22/08/2026,,,,,,,,,,,
IPN_R-????,R0805_1K65_0.125W_±1%,RES SMD 1.65K OHM 1% 1/8W 0805,1K65 ±1% 1/8W,Resistors:R,Resistor_SMD:R_0805_2012Metric,YAGEO,RT0805FRE071K65L,https://www.digikey.es/es/products/detail/yageo/RT0805FRE071K65L/1079045,RT,,,,,1K65,±1%,0.125W,1/8W,±50ppm/°C,0805 (2012 métrico),"0.079"" L x 0.049"" A (2.00mm x 1.25mm)","0.024"" (0.60mm)",,THIN FILM,,-55°C ~ 155°C,Activo,,,AMR,22/08/2026,,,,,,,,,,,
IPN_R-????,R0805_1K69_0.125W_±1%,RES SMD 1.69K OHM 1% 1/8W 0805,1K69 ±1% 1/8W,Resistors:R,Resistor_SMD:R_0805_2012Metric,YAGEO,RT0805FRE071K69L,https://www.digikey.es/es/products/detail/yageo/RT0805FRE071K69L/1079046,RT,,,,,1K69,±1%,0.125W,1/8W,±50ppm/°C,0805 (2012 métrico),"0.079"" L x 0.049"" A (2.00mm x 1.25mm)","0.024"" (0.60mm)",,THIN FILM,,-55°C ~ 155°C,Activo,,,AMR,22/08/2026,,,,,,,,,,,
IPN_R-????,R0805_1K74_0.125W_±1%,RES SMD 1.74K OHM 1% 1/8W 0805,1K74 ±1% 1/8W,Resistors:R,Resistor_SMD:R_0805_2012Metric,YAGEO,RT0805FRE071K74L,https://www.digikey.es/es/products/detail/yageo/RT0805FRE071K74L/1079048,RT,,,,,1K74,±1%,0.125W,1/8W,±50ppm/°C,0805 (2012 métrico),"0.079"" L x 0.049"" A (2.00mm x 1.25mm)","0.024"" (0.60mm)",,THIN FILM,,-55°C ~ 155°C,Activo,,,AMR,22/08/2026,,,,,,,,,,,
IPN_R-????,R0805_1K78_0.125W_±1%,RES SMD 1.78K OHM 1% 1/8W 0805,1K78 ±1% 1/8W,Resistors:R,Resistor_SMD:R_0805_2012Metric,YAGEO,RT0805FRE071K78L,https://www.digikey.es/es/products/detail/yageo/RT0805FRE071K78L/1079049,RT,,,,,1K78,±1%,0.125W,1/8W,±50ppm/°C,0805 (2012 métrico),"0.079"" L x 0.049"" A (2.00mm x 1.25mm)","0.024"" (0.60mm)",,THIN FILM,,-55°C ~ 155°C,Activo,,,AMR,22/08/2026,,,,,,,,,,,
IPN_R-????,R0805_1K8_0.125W_±1%,RES SMD 1.8K OHM 1% 1/8W 0805,1K8 ±1% 1/8W,Resistors:R,Resistor_SMD:R_0805_2012Metric,YAGEO,RT0805FRE071K8L,https://www.digikey.es/es/products/detail/yageo/RT0805FRE071K8L/1079052,RT,,,,,1K8,±1%,0.125W,1/8W,±50ppm/°C,0805 (2012 métrico),"0.079"" L x 0.049"" A (2.00mm x 1.25mm)","0.024"" (0.60mm)",,THIN FILM,,-55°C ~ 155°C,Activo,,,AMR,22/08/2026,,,,,,,,,,,
IPN_R-????,R0805_1K82_0.125W_±1%,RES SMD 1.82K OHM 1% 1/8W 0805,1K82 ±1% 1/8W,Resistors:R,Resistor_SMD:R_0805_2012Metric,YAGEO,RT0805FRE071K82L,https://www.digikey.es/es/products/detail/yageo/RT0805FRE071K82L/1079050,RT,,,,,1K82,±1%,0.125W,1/8W,±50ppm/°C,0805 (2012 métrico),"0.079"" L x 0.049"" A (2.00mm x 1.25mm)","0.024"" (0.60mm)",,THIN FILM,,-55°C ~ 155°C,Activo,,,AMR,22/08/2026,,,,,,,,,,,
IPN_R-????,R0805_1K87_0.125W_±1%,RES SMD 1.87K OHM 1% 1/8W 0805,1K87 ±1% 1/8W,Resistors:R,Resistor_SMD:R_0805_2012Metric,YAGEO,RT0805FRE071K87L,https://www.digikey.es/es/products/detail/yageo/RT0805FRE071K87L/1079051,RT,,,,,1K87,±1%,0.125W,1/8W,±50ppm/°C,0805 (2012 métrico),"0.079"" L x 0.049"" A (2.00mm x 1.25mm)","0.024"" (0.60mm)",,THIN FILM,,-55°C ~ 155°C,Activo,,,AMR,22/08/2026,,,,,,,,,,,
IPN_R-????,R0805_1K91_0.125W_±1%,RES SMD 1.91K OHM 1% 1/8W 0805,1K91 ±1% 1/8W,Resistors:R,Resistor_SMD:R_0805_2012Metric,YAGEO,RT0805FRE071K91L,https://www.digikey.es/es/products/detail/yageo/RT0805FRE071K91L/1079053,RT,,,,,1K91,±1%,0.125W,1/8W,±50ppm/°C,0805 (2012 métrico),"0.079"" L x 0.049"" A (2.00mm x 1.25mm)","0.024"" (0.60mm)",,THIN FILM,,-55°C ~ 155°C,Activo,,,AMR,22/08/2026,,,,,,,,,,,
IPN_R-????,R0805_1M_0.125W_±1%,RES SMD 1M OHM 1% 1/8W 0805,1M ±1% 1/8W,Resistors:R,Resistor_SMD:R_0805_2012Metric,YAGEO,RT0805FRE071ML,https://www.digikey.es/es/products/detail/yageo/RT0805FRE071ML/1079056,RT,,,,,1M,±1%,0.125W,1/8W,±50ppm/°C,0805 (2012 métrico),"0.079"" L x 0.049"" A (2.00mm x 1.25mm)","0.024"" (0.60mm)",,THIN FILM,,-55°C ~ 155°C,Activo,,,AMR,22/08/2026,,,,,,,,,,,
IPN_R-????,R0805_1M2_0.125W_±1%,RES SMD 1.2M OHM 1% 1/8W 0805,1M2 ±1% 1/8W,Resistors:R,Resistor_SMD:R_0805_2012Metric,YAGEO,RT0805FRE071M2L,https://www.digikey.es/es/products/detail/yageo/RT0805FRE071M2L/5934328,RT,,,,,1M2,±1%,0.125W,1/8W,±50ppm/°C,0805 (2012 métrico),"0.079"" L x 0.049"" A (2.00mm x 1.25mm)","0.024"" (0.60mm)",,THIN FILM,,-55°C ~ 155°C,Activo,,,AMR,22/08/2026,,,,,,,,,,,
IPN_R-????,R0805_1M5_0.125W_±1%,RES SMD 1.5M OHM 1% 1/8W 0805,1M5 ±1% 1/8W,Resistors:R,Resistor_SMD:R_0805_2012Metric,YAGEO,RT0805FRE071M5L,https://www.digikey.es/es/products/detail/yageo/RT0805FRE071M5L/5934329,RT,,,,,1M5,±1%,0.125W,1/8W,±50ppm/°C,0805 (2012 métrico),"0.079"" L x 0.049"" A (2.00mm x 1.25mm)","0.024"" (0.60mm)",,THIN FILM,,-55°C ~ 155°C,Activo,,,AMR,22/08/2026,,,,,,,,,,,
IPN_R-????,R0805_1R_0.125W_±1%,RES SMD 1 OHM 1% 1/8W 0805,1R ±1% 1/8W,Resistors:R,Resistor_SMD:R_0805_2012Metric,YAGEO,RT0805FRE071RL,https://www.digikey.es/es/products/detail/yageo/RT0805FRE071RL/5934333,RT,,,,,1R,±1%,0.125W,1/8W,±50ppm/°C,0805 (2012 métrico),"0.079"" L x 0.049"" A (2.00mm x 1.25mm)","0.024"" (0.60mm)",,THIN FILM,,-55°C ~ 155°C,Activo,,,AMR,22/08/2026,,,,,,,,,,,
IPN_R-????,R0805_1R5_0.125W_±1%,RES SMD 1.5 OHM 1% 1/8W 0805,1R5 ±1% 1/8W,Resistors:R,Resistor_SMD:R_0805_2012Metric,YAGEO,RT0805FRE071R5L,https://www.digikey.es/es/products/detail/yageo/RT0805FRE071R5L/5934331,RT,,,,,1R5,±1%,0.125W,1/8W,±50ppm/°C,0805 (2012 métrico),"0.079"" L x 0.049"" A (2.00mm x 1.25mm)","0.024"" (0.60mm)",,THIN FILM,,-55°C ~ 155°C,Activo,,,AMR,22/08/2026,,,,,,,,,,,
IPN_R-????,R0805_1R8_0.125W_±1%,RES SMD 1.8 OHM 1% 1/8W 0805,1R8 ±1% 1/8W,Resistors:R,Resistor_SMD:R_0805_2012Metric,YAGEO,RT0805FRE071R8L,https://www.digikey.es/es/products/detail/yageo/RT0805FRE071R8L/5934332,RT,,,,,1R8,±1%,0.125W,1/8W,±50ppm/°C,0805 (2012 métrico),"0.079"" L x 0.049"" A (2.00mm x 1.25mm)","0.024"" (0.60mm)",,THIN FILM,,-55°C ~ 155°C,Activo,,,AMR,22/08/2026,,,,,,,,,,,
IPN_R-????,R0805_200K_0.125W_±1%,RES SMD 200K OHM 1% 1/8W 0805,200K ±1% 1/8W,Resistors:R,Resistor_SMD:R_0805_2012Metric,YAGEO,RT0805FRE07200KL,https://www.digikey.es/es/products/detail/yageo/RT0805FRE07200KL/1079057,RT,,,,,200K,±1%,0.125W,1/8W,±50ppm/°C,0805 (2012 métrico),"0.079"" L x 0.049"" A (2.00mm x 1.25mm)","0.024"" (0.60mm)",,THIN FILM,,-55°C ~ 155°C,Activo,,,AMR,22/08/2026,,,,,,,,,,,
IPN_R-????,R0805_200R_0.125W_±1%,RES SMD 200 OHM 1% 1/8W 0805,200R ±1% 1/8W,Resistors:R,Resistor_SMD:R_0805_2012Metric,YAGEO,RT0805FRE07200RL,https://www.digikey.es/es/products/detail/yageo/RT0805FRE07200RL/1079058,RT,,,,,200R,±1%,0.125W,1/8W,±50ppm/°C,0805 (2012 métrico),"0.079"" L x 0.049"" A (2.00mm x 1.25mm)","0.024"" (0.60mm)",,THIN FILM,,-55°C ~ 155°C,Activo,,,AMR,22/08/2026,,,,,,,,,,,
IPN_R-????,R0805_205K_0.125W_±1%,RES SMD 205K OHM 1% 1/8W 0805,205K ±1% 1/8W,Resistors:R,Resistor_SMD:R_0805_2012Metric,YAGEO,RT0805FRE07205KL,https://www.digikey.es/es/products/detail/yageo/RT0805FRE07205KL/1079059,RT,,,,,205K,±1%,0.125W,1/8W,±50ppm/°C,0805 (2012 métrico),"0.079"" L x 0.049"" A (2.00mm x 1.25mm)","0.024"" (0.60mm)",,THIN FILM,,-55°C ~ 155°C,Activo,,,AMR,22/08/2026,,,,,,,,,,,
IPN_R-????,R0805_20K_0.125W_±1%,RES SMD 20K OHM 1% 1/8W 0805,20K ±1% 1/8W,Resistors:R,Resistor_SMD:R_0805_2012Metric,YAGEO,RT0805FRE0720KL,https://www.digikey.es/es/products/detail/yageo/RT0805FRE0720KL/1079062,RT,,,,,20K,±1%,0.125W,1/8W,±50ppm/°C,0805 (2012 métrico),"0.079"" L x 0.049"" A (2.00mm x 1.25mm)","0.024"" (0.60mm)",,THIN FILM,,-55°C ~ 155°C,Activo,,,AMR,22/08/2026,,,,,,,,,,,
IPN_R-????,R0805_20K5_0.125W_±1%,RES SMD 20.5K OHM 1% 1/8W 0805,20K5 ±1% 1/8W,Resistors:R,Resistor_SMD:R_0805_2012Metric,YAGEO,RT0805FRE0720K5L,https://www.digikey.es/es/products/detail/yageo/RT0805FRE0720K5L/1079061,RT,,,,,20K5,±1%,0.125W,1/8W,±50ppm/°C,0805 (2012 métrico),"0.079"" L x 0.049"" A (2.00mm x 1.25mm)","0.024"" (0.60mm)",,THIN FILM,,-55°C ~ 155°C,Activo,,,AMR,22/08/2026,,,,,,,,,,,
IPN_R-????,R0805_20R_0.125W_±1%,RES SMD 20 OHM 1% 1/8W 0805,20R ±1% 1/8W,Resistors:R,Resistor_SMD:R_0805_2012Metric,YAGEO,RT0805FRE0720RL,https://www.digikey.es/es/products/detail/yageo/RT0805FRE0720RL/1079064,RT,,,,,20R,±1%,0.125W,1/8W,±50ppm/°C,0805 (2012 métrico),"0.079"" L x 0.049"" A (2.00mm x 1.25mm)","0.024"" (0.60mm)",,THIN FILM,,-55°C ~ 155°C,Activo,,,AMR,22/08/2026,,,,,,,,,,,
IPN_R-????,R0805_215R_0.125W_±1%,RES SMD 215 OHM 1% 1/8W 0805,215R ±1% 1/8W,Resistors:R,Resistor_SMD:R_0805_2012Metric,YAGEO,RT0805FRE07215RL,https://www.digikey.es/es/products/detail/yageo/RT0805FRE07215RL/1079068,RT,,,,,215R,±1%,0.125W,1/8W,±50ppm/°C,0805 (2012 métrico),"0.079"" L x 0.049"" A (2.00mm x 1.25mm)","0.024"" (0.60mm)",,THIN FILM,,-55°C ~ 155°C,Activo,,,AMR,22/08/2026,,,,,,,,,,,
IPN_R-????,R0805_21K_0.125W_±1%,RES SMD 21K OHM 1% 1/8W 0805,21K ±1% 1/8W,Resistors:R,Resistor_SMD:R_0805_2012Metric,YAGEO,RT0805FRE0721KL,https://www.digikey.es/es/products/detail/yageo/RT0805FRE0721KL/1079070,RT,,,,,21K,±1%,0.125W,1/8W,±50ppm/°C,0805 (2012 métrico),"0.079"" L x 0.049"" A (2.00mm x 1.25mm)","0.024"" (0.60mm)",,THIN FILM,,-55°C ~ 155°C,Activo,,,AMR,22/08/2026,,,,,,,,,,,
IPN_R-????,R0805_21K5_0.125W_±1%,RES SMD 21.5K OHM 1% 1/8W 0805,21K5 ±1% 1/8W,Resistors:R,Resistor_SMD:R_0805_2012Metric,YAGEO,RT0805FRE0721K5L,https://www.digikey.es/es/products/detail/yageo/RT0805FRE0721K5L/1079069,RT,,,,,21K5,±1%,0.125W,1/8W,±50ppm/°C,0805 (2012 métrico),"0.079"" L x 0.049"" A (2.00mm x 1.25mm)","0.024"" (0.60mm)",,THIN FILM,,-55°C ~ 155°C,Activo,,,AMR,22/08/2026,,,,,,,,,,,
IPN_R-????,R0805_220K_0.125W_±1%,RES SMD 220K OHM 1% 1/8W 0805,220K ±1% 1/8W,Resistors:R,Resistor_SMD:R_0805_2012Metric,YAGEO,RT0805FRE07220KL,https://www.digikey.es/es/products/detail/yageo/RT0805FRE07220KL/1079073,RT,,,,,220K,±1%,0.125W,1/8W,±50ppm/°C,0805 (2012 métrico),"0.079"" L x 0.049"" A (2.00mm x 1.25mm)","0.024"" (0.60mm)",,THIN FILM,,-55°C ~ 155°C,Activo,,,AMR,22/08/2026,,,,,,,,,,,
IPN_R-????,R0805_220R_0.125W_±1%,RES SMD 220 OHM 1% 1/8W 0805,220R ±1% 1/8W,Resistors:R,Resistor_SMD:R_0805_2012Metric,YAGEO,RT0805FRE07220RL,https://www.digikey.es/es/products/detail/yageo/RT0805FRE07220RL/1079074,RT,,,,,220R,±1%,0.125W,1/8W,±50ppm/°C,0805 (2012 métrico),"0.079"" L x 0.049"" A (2.00mm x 1.25mm)","0.024"" (0.60mm)",,THIN FILM,,-55°C ~ 155°C,Activo,,,AMR,22/08/2026,,,,,,,,,,,
IPN_R-????,R0805_221K_0.125W_±1%,RES SMD 221K OHM 1% 1/8W 0805,221K ±1% 1/8W,Resistors:R,Resistor_SMD:R_0805_2012Metric,YAGEO,RT0805FRE07221KL,https://www.digikey.es/es/products/detail/yageo/RT0805FRE07221KL/1079075,RT,,,,,221K,±1%,0.125W,1/8W,±50ppm/°C,0805 (2012 métrico),"0.079"" L x 0.049"" A (2.00mm x 1.25mm)","0.024"" (0.60mm)",,THIN FILM,,-55°C ~ 155°C,Activo,,,AMR,22/08/2026,,,,,,,,,,,
IPN_R-????,R0805_221R_0.125W_±1%,RES SMD 221 OHM 1% 1/8W 0805,221R ±1% 1/8W,Resistors:R,Resistor_SMD:R_0805_2012Metric,YAGEO,RT0805FRE07221RL,https://www.digikey.es/es/products/detail/yageo/RT0805FRE07221RL/1079076,RT,,,,,221R,±1%,0.125W,1/8W,±50ppm/°C,0805 (2012 métrico),"0.079"" L x 0.049"" A (2.00mm x 1.25mm)","0.024"" (0.60mm)",,THIN FILM,,-55°C ~ 155°C,Activo,,,AMR,22/08/2026,,,,,,,,,,,
IPN_R-????,R0805_226K_0.125W_±1%,RES SMD 226K OHM 1% 1/8W 0805,226K ±1% 1/8W,Resistors:R,Resistor_SMD:R_0805_2012Metric,YAGEO,RT0805FRE07226KL,https://www.digikey.es/es/products/detail/yageo/RT0805FRE07226KL/1079077,RT,,,,,226K,±1%,0.125W,1/8W,±50ppm/°C,0805 (2012 métrico),"0.079"" L x 0.049"" A (2.00mm x 1.25mm)","0.024"" (0.60mm)",,THIN FILM,,-55°C ~ 155°C,Activo,,,AMR,22/08/2026,,,,,,,,,,,
IPN_R-????,R0805_22K_0.125W_±1%,RES SMD 22K OHM 1% 1/8W 0805,22K ±1% 1/8W,Resistors:R,Resistor_SMD:R_0805_2012Metric,YAGEO,RT0805FRE0722KL,https://www.digikey.es/es/products/detail/yageo/RT0805FRE0722KL/1079081,RT,,,,,22K,±1%,0.125W,1/8W,±50ppm/°C,0805 (2012 métrico),"0.079"" L x 0.049"" A (2.00mm x 1.25mm)","0.024"" (0.60mm)",,THIN FILM,,-55°C ~ 155°C,Activo,,,AMR,22/08/2026,,,,,,,,,,,
IPN_R-????,R0805_22K1_0.125W_±1%,RES SMD 22.1K OHM 1% 1/8W 0805,22K1 ±1% 1/8W,Resistors:R,Resistor_SMD:R_0805_2012Metric,YAGEO,RT0805FRE0722K1L,https://www.digikey.es/es/products/detail/yageo/RT0805FRE0722K1L/1079079,RT,,,,,22K1,±1%,0.125W,1/8W,±50ppm/°C,0805 (2012 métrico),"0.079"" L x 0.049"" A (2.00mm x 1.25mm)","0.024"" (0.60mm)",,THIN FILM,,-55°C ~ 155°C,Activo,,,AMR,22/08/2026,,,,,,,,,,,
IPN_R-????,R0805_22K6_0.125W_±1%,RES SMD 22.6K OHM 1% 1/8W 0805,22K6 ±1% 1/8W,Resistors:R,Resistor_SMD:R_0805_2012Metric,YAGEO,RT0805FRE0722K6L,https://www.digikey.es/es/products/detail/yageo/RT0805FRE0722K6L/1079080,RT,,,,,22K6,±1%,0.125W,1/8W,±50ppm/°C,0805 (2012 métrico),"0.079"" L x 0.049"" A (2.00mm x 1.25mm)","0.024"" (0.60mm)",,THIN FILM,,-55°C ~ 155°C,Activo,,,AMR,22/08/2026,,,,,,,,,,,
IPN_R-????,R0805_22R_0.125W_±1%,RES SMD 22 OHM 1% 1/8W 0805,22R ±1% 1/8W,Resistors:R,Resistor_SMD:R_0805_2012Metric,YAGEO,RT0805FRE0722RL,https://www.digikey.es/es/products/detail/yageo/RT0805FRE0722RL/1079084,RT,,,,,22R,±1%,0.125W,1/8W,±50ppm/°C,0805 (2012 métrico),"0.079"" L x 0.049"" A (2.00mm x 1.25mm)","0.024"" (0.60mm)",,THIN FILM,,-55°C ~ 155°C,Activo,,,AMR,22/08/2026,,,,,,,,,,,
IPN_R-????,R0805_22R1_0.125W_±1%,RES SMD 22.1 OHM 1% 1/8W 0805,22R1 ±1% 1/8W,Resistors:R,Resistor_SMD:R_0805_2012Metric,YAGEO,RT0805FRE0722R1L,https://www.digikey.es/es/products/detail/yageo/RT0805FRE0722R1L/1079082,RT,,,,,22R1,±1%,0.125W,1/8W,±50ppm/°C,0805 (2012 métrico),"0.079"" L x 0.049"" A (2.00mm x 1.25mm)","0.024"" (0.60mm)",,THIN FILM,,-55°C ~ 155°C,Activo,,,AMR,22/08/2026,,,,,,,,,,,
IPN_R-????,R0805_237K_0.125W_±1%,RES SMD 237K OHM 1% 1/8W 0805,237K ±1% 1/8W,Resistors:R,Resistor_SMD:R_0805_2012Metric,YAGEO,RT0805FRE07237KL,https://www.digikey.es/es/products/detail/yageo/RT0805FRE07237KL/1079087,RT,,,,,237K,±1%,0.125W,1/8W,±50ppm/°C,0805 (2012 métrico),"0.079"" L x 0.049"" A (2.00mm x 1.25mm)","0.024"" (0.60mm)",,THIN FILM,,-55°C ~ 155°C,Activo,,,AMR,22/08/2026,,,,,,,,,,,
IPN_R-????,R0805_23K2_0.125W_±1%,RES SMD 23.2K OHM 1% 1/8W 0805,23K2 ±1% 1/8W,Resistors:R,Resistor_SMD:R_0805_2012Metric,YAGEO,RT0805FRE0723K2L,https://www.digikey.es/es/products/detail/yageo/RT0805FRE0723K2L/1079089,RT,,,,,23K2,±1%,0.125W,1/8W,±50ppm/°C,0805 (2012 métrico),"0.079"" L x 0.049"" A (2.00mm x 1.25mm)","0.024"" (0.60mm)",,THIN FILM,,-55°C ~ 155°C,Activo,,,AMR,22/08/2026,,,,,,,,,,,
IPN_R-????,R0805_23K7_0.125W_±1%,RES SMD 23.7K OHM 1% 1/8W 0805,23K7 ±1% 1/8W,Resistors:R,Resistor_SMD:R_0805_2012Metric,YAGEO,RT0805FRE0723K7L,https://www.digikey.es/es/products/detail/yageo/RT0805FRE0723K7L/1079090,RT,,,,,23K7,±1%,0.125W,1/8W,±50ppm/°C,0805 (2012 métrico),"0.079"" L x 0.049"" A (2.00mm x 1.25mm)","0.024"" (0.60mm)",,THIN FILM,,-55°C ~ 155°C,Activo,,,AMR,22/08/2026,,,,,,,,,,,
IPN_R-????,R0805_23R2_0.125W_±1%,RES SMD 23.2 OHM 1% 1/8W 0805,23R2 ±1% 1/8W,Resistors:R,Resistor_SMD:R_0805_2012Metric,YAGEO,RT0805FRE0723R2L,https://www.digikey.es/es/products/detail/yageo/RT0805FRE0723R2L/1079091,RT,,,,,23R2,±1%,0.125W,1/8W,±50ppm/°C,0805 (2012 métrico),"0.079"" L x 0.049"" A (2.00mm x 1.25mm)","0.024"" (0.60mm)",,THIN FILM,,-55°C ~ 155°C,Activo,,,AMR,22/08/2026,,,,,,,,,,,
IPN_R-????,R0805_240K_0.125W_±1%,RES SMD 240K OHM 1% 1/8W 0805,240K ±1% 1/8W,Resistors:R,Resistor_SMD:R_0805_2012Metric,YAGEO,RT0805FRE07240KL,https://www.digikey.es/es/products/detail/yageo/RT0805FRE07240KL/1079093,RT,,,,,240K,±1%,0.125W,1/8W,±50ppm/°C,0805 (2012 métrico),"0.079"" L x 0.049"" A (2.00mm x 1.25mm)","0.024"" (0.60mm)",,THIN FILM,,-55°C ~ 155°C,Activo,,,AMR,22/08/2026,,,,,,,,,,,
IPN_R-????,R0805_240R_0.125W_±1%,RES SMD 240 OHM 1% 1/8W 0805,240R ±1% 1/8W,Resistors:R,Resistor_SMD:R_0805_2012Metric,YAGEO,RT0805FRE07240RL,https://www.digikey.es/es/products/detail/yageo/RT0805FRE07240RL/1079094,RT,,,,,240R,±1%,0.125W,1/8W,±50ppm/°C,0805 (2012 métrico),"0.079"" L x 0.049"" A (2.00mm x 1.25mm)","0.024"" (0.60mm)",,THIN FILM,,-55°C ~ 155°C,Activo,,,AMR,22/08/2026,,,,,,,,,,,
IPN_R-????,R0805_249K_0.125W_±1%,RES SMD 249K OHM 1% 1/8W 0805,249K ±1% 1/8W,Resistors:R,Resistor_SMD:R_0805_2012Metric,YAGEO,RT0805FRE07249KL,https://www.digikey.es/es/products/detail/yageo/RT0805FRE07249KL/1079097,RT,,,,,249K,±1%,0.125W,1/8W,±50ppm/°C,0805 (2012 métrico),"0.079"" L x 0.049"" A (2.00mm x 1.25mm)","0.024"" (0.60mm)",,THIN FILM,,-55°C ~ 155°C,Activo,,,AMR,22/08/2026,,,,,,,,,,,
IPN_R-????,R0805_249R_0.125W_±1%,RES SMD 249 OHM 1% 1/8W 0805,249R ±1% 1/8W,Resistors:R,Resistor_SMD:R_0805_2012Metric,YAGEO,RT0805FRE07249RL,https://www.digikey.es/es/products/detail/yageo/RT0805FRE07249RL/1079098,RT,,,,,249R,±1%,0.125W,1/8W,±50ppm/°C,0805 (2012 métrico),"0.079"" L x 0.049"" A (2.00mm x 1.25mm)","0.024"" (0.60mm)",,THIN FILM,,-55°C ~ 155°C,Activo,,,AMR,22/08/2026,,,,,,,,,,,
IPN_R-????,R0805_24K_0.125W_±1%,RES SMD 24K OHM 1% 1/8W 0805,24K ±1% 1/8W,Resistors:R,Resistor_SMD:R_0805_2012Metric,YAGEO,RT0805FRE0724KL,https://www.digikey.es/es/products/detail/yageo/RT0805FRE0724KL/1079101,RT,,,,,24K,±1%,0.125W,1/8W,±50ppm/°C,0805 (2012 métrico),"0.079"" L x 0.049"" A (2.00mm x 1.25mm)","0.024"" (0.60mm)",,THIN FILM,,-55°C ~ 155°C,Activo,,,AMR,22/08/2026,,,,,,,,,,,
IPN_R-????,R0805_24K3_0.125W_±1%,RES SMD 24.3K OHM 1% 1/8W 0805,24K3 ±1% 1/8W,Resistors:R,Resistor_SMD:R_0805_2012Metric,YAGEO,RT0805FRE0724K3L,https://www.digikey.es/es/products/detail/yageo/RT0805FRE0724K3L/1079099,RT,,,,,24K3,±1%,0.125W,1/8W,±50ppm/°C,0805 (2012 métrico),"0.079"" L x 0.049"" A (2.00mm x 1.25mm)","0.024"" (0.60mm)",,THIN FILM,,-55°C ~ 155°C,Activo,,,AMR,22/08/2026,,,,,,,,,,,
IPN_R-????,R0805_24K9_0.125W_±1%,RES SMD 24.9K OHM 1% 1/8W 0805,24K9 ±1% 1/8W,Resistors:R,Resistor_SMD:R_0805_2012Metric,YAGEO,RT0805FRE0724K9L,https://www.digikey.es/es/products/detail/yageo/RT0805FRE0724K9L/1079100,RT,,,,,24K9,±1%,0.125W,1/8W,±50ppm/°C,0805 (2012 métrico),"0.079"" L x 0.049"" A (2.00mm x 1.25mm)","0.024"" (0.60mm)",,THIN FILM,,-55°C ~ 155°C,Activo,,,AMR,22/08/2026,,,,,,,,,,,
IPN_R-????,R0805_24R_0.125W_±1%,RES SMD 24 OHM 1% 1/8W 0805,24R ±1% 1/8W,Resistors:R,Resistor_SMD:R_0805_2012Metric,YAGEO,RT0805FRE0724RL,https://www.digikey.es/es/products/detail/yageo/RT0805FRE0724RL/1079104,RT,,,,,24R,±1%,0.125W,1/8W,±50ppm/°C,0805 (2012 métrico),"0.079"" L x 0.049"" A (2.00mm x 1.25mm)","0.024"" (0.60mm)",,THIN FILM,,-55°C ~ 155°C,Activo,,,AMR,22/08/2026,,,,,,,,,,,
IPN_R-????,R0805_24R9_0.125W_±1%,RES SMD 24.9 OHM 1% 1/8W 0805,24R9 ±1% 1/8W,Resistors:R,Resistor_SMD:R_0805_2012Metric,YAGEO,RT0805FRE0724R9L,https://www.digikey.es/es/products/detail/yageo/RT0805FRE0724R9L/1079103,RT,,,,,24R9,±1%,0.125W,1/8W,±50ppm/°C,0805 (2012 métrico),"0.079"" L x 0.049"" A (2.00mm x 1.25mm)","0.024"" (0.60mm)",,THIN FILM,,-55°C ~ 155°C,Activo,,,AMR,22/08/2026,,,,,,,,,,,
IPN_R-????,R0805_255K_0.125W_±1%,RES SMD 255K OHM 1% 1/8W 0805,255K ±1% 1/8W,Resistors:R,Resistor_SMD:R_0805_2012Metric,YAGEO,RT0805FRE07255KL,https://www.digikey.es/es/products/detail/yageo/RT0805FRE07255KL/1079105,RT,,,,,255K,±1%,0.125W,1/8W,±50ppm/°C,0805 (2012 métrico),"0.079"" L x 0.049"" A (2.00mm x 1.25mm)","0.024"" (0.60mm)",,THIN FILM,,-55°C ~ 155°C,Activo,,,AMR,22/08/2026,,,,,,,,,,,
IPN_R-????,R0805_255R_0.125W_±1%,RES SMD 255 OHM 1% 1/8W 0805,255R ±1% 1/8W,Resistors:R,Resistor_SMD:R_0805_2012Metric,YAGEO,RT0805FRE07255RL,https://www.digikey.es/es/products/detail/yageo/RT0805FRE07255RL/1079106,RT,,,,,255R,±1%,0.125W,1/8W,±50ppm/°C,0805 (2012 métrico),"0.079"" L x 0.049"" A (2.00mm x 1.25mm)","0.024"" (0.60mm)",,THIN FILM,,-55°C ~ 155°C,Activo,,,AMR,22/08/2026,,,,,,,,,,,
IPN_R-????,R0805_25R5_0.125W_±1%,RES SMD 25.5 OHM 1% 1/8W 0805,25R5 ±1% 1/8W,Resistors:R,Resistor_SMD:R_0805_2012Metric,YAGEO,RT0805FRE0725R5L,https://www.digikey.es/es/products/detail/yageo/RT0805FRE0725R5L/1079108,RT,,,,,25R5,±1%,0.125W,1/8W,±50ppm/°C,0805 (2012 métrico),"0.079"" L x 0.049"" A (2.00mm x 1.25mm)","0.024"" (0.60mm)",,THIN FILM,,-55°C ~ 155°C,Activo,,,AMR,22/08/2026,,,,,,,,,,,
IPN_R-????,R0805_267K_0.125W_±1%,RES SMD 267K OHM 1% 1/8W 0805,267K ±1% 1/8W,Resistors:R,Resistor_SMD:R_0805_2012Metric,YAGEO,RT0805FRE07267KL,https://www.digikey.es/es/products/detail/yageo/RT0805FRE07267KL/1079111,RT,,,,,267K,±1%,0.125W,1/8W,±50ppm/°C,0805 (2012 métrico),"0.079"" L x 0.049"" A (2.00mm x 1.25mm)","0.024"" (0.60mm)",,THIN FILM,,-55°C ~ 155°C,Activo,,,AMR,22/08/2026,,,,,,,,,,,
IPN_R-????,R0805_267R_0.125W_±1%,RES SMD 267 OHM 1% 1/8W 0805,267R ±1% 1/8W,Resistors:R,Resistor_SMD:R_0805_2012Metric,YAGEO,RT0805FRE07267RL,https://www.digikey.es/es/products/detail/yageo/RT0805FRE07267RL/1079112,RT,,,,,267R,±1%,0.125W,1/8W,±50ppm/°C,0805 (2012 métrico),"0.079"" L x 0.049"" A (2.00mm x 1.25mm)","0.024"" (0.60mm)",,THIN FILM,,-55°C ~ 155°C,Activo,,,AMR,22/08/2026,,,,,,,,,,,
IPN_R-????,R0805_26K1_0.125W_±1%,RES SMD 26.1K OHM 1% 1/8W 0805,26K1 ±1% 1/8W,Resistors:R,Resistor_SMD:R_0805_2012Metric,YAGEO,RT0805FRE0726K1L,https://www.digikey.es/es/products/detail/yageo/RT0805FRE0726K1L/1079113,RT,,,,,26K1,±1%,0.125W,1/8W,±50ppm/°C,0805 (2012 métrico),"0.079"" L x 0.049"" A (2.00mm x 1.25mm)","0.024"" (0.60mm)",,THIN FILM,,-55°C ~ 155°C,Activo,,,AMR,22/08/2026,,,,,,,,,,,
IPN_R-????,R0805_270K_0.125W_±1%,RES SMD 270K OHM 1% 1/8W 0805,270K ±1% 1/8W,Resistors:R,Resistor_SMD:R_0805_2012Metric,YAGEO,RT0805FRE07270KL,https://www.digikey.es/es/products/detail/yageo/RT0805FRE07270KL/1079117,RT,,,,,270K,±1%,0.125W,1/8W,±50ppm/°C,0805 (2012 métrico),"0.079"" L x 0.049"" A (2.00mm x 1.25mm)","0.024"" (0.60mm)",,THIN FILM,,-55°C ~ 155°C,Activo,,,AMR,22/08/2026,,,,,,,,,,,
IPN_R-????,R0805_270R_0.125W_±1%,RES SMD 270 OHM 1% 1/8W 0805,270R ±1% 1/8W,Resistors:R,Resistor_SMD:R_0805_2012Metric,YAGEO,RT0805FRE07270RL,https://www.digikey.es/es/products/detail/yageo/RT0805FRE07270RL/1079118,RT,,,,,270R,±1%,0.125W,1/8W,±50ppm/°C,0805 (2012 métrico),"0.079"" L x 0.049"" A (2.00mm x 1.25mm)","0.024"" (0.60mm)",,THIN FILM,,-55°C ~ 155°C,Activo,,,AMR,22/08/2026,,,,,,,,,,,
IPN_R-????,R0805_274R_0.125W_±1%,RES SMD 274 OHM 1% 1/8W 0805,274R ±1% 1/8W,Resistors:R,Resistor_SMD:R_0805_2012Metric,YAGEO,RT0805FRE07274RL,https://www.digikey.es/es/products/detail/yageo/RT0805FRE07274RL/1079120,RT,,,,,274R,±1%,0.125W,1/8W,±50ppm/°C,0805 (2012 métrico),"0.079"" L x 0.049"" A (2.00mm x 1.25mm)","0.024"" (0.60mm)",,THIN FILM,,-55°C ~ 155°C,Activo,,,AMR,22/08/2026,,,,,,,,,,,
IPN_R-????,R0805_27K_0.125W_±1%,RES SMD 27K OHM 1% 1/8W 0805,27K ±1% 1/8W,Resistors:R,Resistor_SMD:R_0805_2012Metric,YAGEO,RT0805FRE0727KL,https://www.digikey.es/es/products/detail/yageo/RT0805FRE0727KL/1079122,RT,,,,,27K,±1%,0.125W,1/8W,±50ppm/°C,0805 (2012 métrico),"0.079"" L x 0.049"" A (2.00mm x 1.25mm)","0.024"" (0.60mm)",,THIN FILM,,-55°C ~ 155°C,Activo,,,AMR,22/08/2026,,,,,,,,,,,
IPN_R-????,R0805_27K4_0.125W_±1%,RES SMD 27.4K OHM 1% 1/8W 0805,27K4 ±1% 1/8W,Resistors:R,Resistor_SMD:R_0805_2012Metric,YAGEO,RT0805FRE0727K4L,https://www.digikey.es/es/products/detail/yageo/RT0805FRE0727K4L/1079121,RT,,,,,27K4,±1%,0.125W,1/8W,±50ppm/°C,0805 (2012 métrico),"0.079"" L x 0.049"" A (2.00mm x 1.25mm)","0.024"" (0.60mm)",,THIN FILM,,-55°C ~ 155°C,Activo,,,AMR,22/08/2026,,,,,,,,,,,
IPN_R-????,R0805_27R_0.125W_±1%,RES SMD 27 OHM 1% 1/8W 0805,27R ±1% 1/8W,Resistors:R,Resistor_SMD:R_0805_2012Metric,YAGEO,RT0805FRE0727RL,https://www.digikey.es/es/products/detail/yageo/RT0805FRE0727RL/1079124,RT,,,,,27R,±1%,0.125W,1/8W,±50ppm/°C,0805 (2012 métrico),"0.079"" L x 0.049"" A (2.00mm x 1.25mm)","0.024"" (0.60mm)",,THIN FILM,,-55°C ~ 155°C,Activo,,,AMR,22/08/2026,,,,,,,,,,,
IPN_R-????,R0805_280K_0.125W_±1%,RES SMD 280K OHM 1% 1/8W 0805,280K ±1% 1/8W,Resistors:R,Resistor_SMD:R_0805_2012Metric,YAGEO,RT0805FRE07280KL,https://www.digikey.es/es/products/detail/yageo/RT0805FRE07280KL/1079125,RT,,,,,280K,±1%,0.125W,1/8W,±50ppm/°C,0805 (2012 métrico),"0.079"" L x 0.049"" A (2.00mm x 1.25mm)","0.024"" (0.60mm)",,THIN FILM,,-55°C ~ 155°C,Activo,,,AMR,22/08/2026,,,,,,,,,,,
IPN_R-????,R0805_280R_0.125W_±1%,RES SMD 280 OHM 1% 1/8W 0805,280R ±1% 1/8W,Resistors:R,Resistor_SMD:R_0805_2012Metric,YAGEO,RT0805FRE07280RL,https://www.digikey.es/es/products/detail/yageo/RT0805FRE07280RL/1079126,RT,,,,,280R,±1%,0.125W,1/8W,±50ppm/°C,0805 (2012 métrico),"0.079"" L x 0.049"" A (2.00mm x 1.25mm)","0.024"" (0.60mm)",,THIN FILM,,-55°C ~ 155°C,Activo,,,AMR,22/08/2026,,,,,,,,,,,
IPN_R-????,R0805_28K_0.125W_±1%,RES SMD 28K OHM 1% 1/8W 0805,28K ±1% 1/8W,Resistors:R,Resistor_SMD:R_0805_2012Metric,YAGEO,RT0805FRE0728KL,https://www.digikey.es/es/products/detail/yageo/RT0805FRE0728KL/1079130,RT,,,,,28K,±1%,0.125W,1/8W,±50ppm/°C,0805 (2012 métrico),"0.079"" L x 0.049"" A (2.00mm x 1.25mm)","0.024"" (0.60mm)",,THIN FILM,,-55°C ~ 155°C,Activo,,,AMR,22/08/2026,,,,,,,,,,,
IPN_R-????,R0805_28K7_0.125W_±1%,RES SMD 28.7K OHM 1% 1/8W 0805,28K7 ±1% 1/8W,Resistors:R,Resistor_SMD:R_0805_2012Metric,YAGEO,RT0805FRE0728K7L,https://www.digikey.es/es/products/detail/yageo/RT0805FRE0728K7L/1079129,RT,,,,,28K7,±1%,0.125W,1/8W,±50ppm/°C,0805 (2012 métrico),"0.079"" L x 0.049"" A (2.00mm x 1.25mm)","0.024"" (0.60mm)",,THIN FILM,,-55°C ~ 155°C,Activo,,,AMR,22/08/2026,,,,,,,,,,,
IPN_R-????,R0805_28R_0.125W_±1%,RES SMD 28 OHM 1% 1/8W 0805,28R ±1% 1/8W,Resistors:R,Resistor_SMD:R_0805_2012Metric,YAGEO,RT0805FRE0728RL,https://www.digikey.es/es/products/detail/yageo/RT0805FRE0728RL/1079132,RT,,,,,28R,±1%,0.125W,1/8W,±50ppm/°C,0805 (2012 métrico),"0.079"" L x 0.049"" A (2.00mm x 1.25mm)","0.024"" (0.60mm)",,THIN FILM,,-55°C ~ 155°C,Activo,,,AMR,22/08/2026,,,,,,,,,,,
IPN_R-????,R0805_2K_0.125W_±1%,RES SMD 2K OHM 1% 1/8W 0805,2K ±1% 1/8W,Resistors:R,Resistor_SMD:R_0805_2012Metric,YAGEO,RT0805FRE072KL,https://www.digikey.es/es/products/detail/yageo/RT0805FRE072KL/1079156,RT,,,,,2K,±1%,0.125W,1/8W,±50ppm/°C,0805 (2012 métrico),"0.079"" L x 0.049"" A (2.00mm x 1.25mm)","0.024"" (0.60mm)",,THIN FILM,,-55°C ~ 155°C,Activo,,,AMR,22/08/2026,,,,,,,,,,,
IPN_R-????,R0805_2K05_0.125W_±1%,RES SMD 2.05K OHM 1% 1/8W 0805,2K05 ±1% 1/8W,Resistors:R,Resistor_SMD:R_0805_2012Metric,YAGEO,RT0805FRE072K05L,https://www.digikey.es/es/products/detail/yageo/RT0805FRE072K05L/1079137,RT,,,,,2K05,±1%,0.125W,1/8W,±50ppm/°C,0805 (2012 métrico),"0.079"" L x 0.049"" A (2.00mm x 1.25mm)","0.024"" (0.60mm)",,THIN FILM,,-55°C ~ 155°C,Activo,,,AMR,22/08/2026,,,,,,,,,,,
IPN_R-????,R0805_2K1_0.125W_±1%,RES SMD 2.1K OHM 1% 1/8W 0805,2K1 ±1% 1/8W,Resistors:R,Resistor_SMD:R_0805_2012Metric,YAGEO,RT0805FRE072K1L,https://www.digikey.es/es/products/detail/yageo/RT0805FRE072K1L/1079139,RT,,,,,2K1,±1%,0.125W,1/8W,±50ppm/°C,0805 (2012 métrico),"0.079"" L x 0.049"" A (2.00mm x 1.25mm)","0.024"" (0.60mm)",,THIN FILM,,-55°C ~ 155°C,Activo,,,AMR,22/08/2026,,,,,,,,,,,
IPN_R-????,R0805_2K15_0.125W_±1%,RES SMD 2.15K OHM 1% 1/8W 0805,2K15 ±1% 1/8W,Resistors:R,Resistor_SMD:R_0805_2012Metric,YAGEO,RT0805FRE072K15L,https://www.digikey.es/es/products/detail/yageo/RT0805FRE072K15L/1079138,RT,,,,,2K15,±1%,0.125W,1/8W,±50ppm/°C,0805 (2012 métrico),"0.079"" L x 0.049"" A (2.00mm x 1.25mm)","0.024"" (0.60mm)",,THIN FILM,,-55°C ~ 155°C,Activo,,,AMR,22/08/2026,,,,,,,,,,,
IPN_R-????,R0805_2K2_0.125W_±1%,RES SMD 2.2K OHM 1% 1/8W 0805,2K2 ±1% 1/8W,Resistors:R,Resistor_SMD:R_0805_2012Metric,YAGEO,RT0805FRE072K2L,https://www.digikey.es/es/products/detail/yageo/RT0805FRE072K2L/1079142,RT,,,,,2K2,±1%,0.125W,1/8W,±50ppm/°C,0805 (2012 métrico),"0.079"" L x 0.049"" A (2.00mm x 1.25mm)","0.024"" (0.60mm)",,THIN FILM,,-55°C ~ 155°C,Activo,,,AMR,22/08/2026,,,,,,,,,,,
IPN_R-????,R0805_2K21_0.125W_±1%,RES SMD 2.21K OHM 1% 1/8W 0805,2K21 ±1% 1/8W,Resistors:R,Resistor_SMD:R_0805_2012Metric,YAGEO,RT0805FRE072K21L,https://www.digikey.es/es/products/detail/yageo/RT0805FRE072K21L/1079140,RT,,,,,2K21,±1%,0.125W,1/8W,±50ppm/°C,0805 (2012 métrico),"0.079"" L x 0.049"" A (2.00mm x 1.25mm)","0.024"" (0.60mm)",,THIN FILM,,-55°C ~ 155°C,Activo,,,AMR,22/08/2026,,,,,,,,,,,
IPN_R-????,R0805_2K26_0.125W_±1%,RES SMD 2.26K OHM 1% 1/8W 0805,2K26 ±1% 1/8W,Resistors:R,Resistor_SMD:R_0805_2012Metric,YAGEO,RT0805FRE072K26L,https://www.digikey.es/es/products/detail/yageo/RT0805FRE072K26L/1079141,RT,,,,,2K26,±1%,0.125W,1/8W,±50ppm/°C,0805 (2012 métrico),"0.079"" L x 0.049"" A (2.00mm x 1.25mm)","0.024"" (0.60mm)",,THIN FILM,,-55°C ~ 155°C,Activo,,,AMR,22/08/2026,,,,,,,,,,,
IPN_R-????,R0805_2K32_0.125W_±1%,RES SMD 2.32K OHM 1% 1/8W 0805,2K32 ±1% 1/8W,Resistors:R,Resistor_SMD:R_0805_2012Metric,YAGEO,RT0805FRE072K32L,https://www.digikey.es/es/products/detail/yageo/RT0805FRE072K32L/1079143,RT,,,,,2K32,±1%,0.125W,1/8W,±50ppm/°C,0805 (2012 métrico),"0.079"" L x 0.049"" A (2.00mm x 1.25mm)","0.024"" (0.60mm)",,THIN FILM,,-55°C ~ 155°C,Activo,,,AMR,22/08/2026,,,,,,,,,,,
IPN_R-????,R0805_2K4_0.125W_±1%,RES SMD 2.4K OHM 1% 1/8W 0805,2K4 ±1% 1/8W,Resistors:R,Resistor_SMD:R_0805_2012Metric,YAGEO,RT0805FRE072K4L,https://www.digikey.es/es/products/detail/yageo/RT0805FRE072K4L/1079147,RT,,,,,2K4,±1%,0.125W,1/8W,±50ppm/°C,0805 (2012 métrico),"0.079"" L x 0.049"" A (2.00mm x 1.25mm)","0.024"" (0.60mm)",,THIN FILM,,-55°C ~ 155°C,Activo,,,AMR,22/08/2026,,,,,,,,,,,
IPN_R-????,R0805_2K43_0.125W_±1%,RES SMD 2.43K OHM 1% 1/8W 0805,2K43 ±1% 1/8W,Resistors:R,Resistor_SMD:R_0805_2012Metric,YAGEO,RT0805FRE072K43L,https://www.digikey.es/es/products/detail/yageo/RT0805FRE072K43L/1079145,RT,,,,,2K43,±1%,0.125W,1/8W,±50ppm/°C,0805 (2012 métrico),"0.079"" L x 0.049"" A (2.00mm x 1.25mm)","0.024"" (0.60mm)",,THIN FILM,,-55°C ~ 155°C,Activo,,,AMR,22/08/2026,,,,,,,,,,,
IPN_R-????,R0805_2K55_0.125W_±1%,RES SMD 2.55K OHM 1% 1/8W 0805,2K55 ±1% 1/8W,Resistors:R,Resistor_SMD:R_0805_2012Metric,YAGEO,RT0805FRE072K55L,https://www.digikey.es/es/products/detail/yageo/RT0805FRE072K55L/1079148,RT,,,,,2K55,±1%,0.125W,1/8W,±50ppm/°C,0805 (2012 métrico),"0.079"" L x 0.049"" A (2.00mm x 1.25mm)","0.024"" (0.60mm)",,THIN FILM,,-55°C ~ 155°C,Activo,,,AMR,22/08/2026,,,,,,,,,,,
IPN_R-????,R0805_2K7_0.125W_±1%,RES SMD 2.7K OHM 1% 1/8W 0805,2K7 ±1% 1/8W,Resistors:R,Resistor_SMD:R_0805_2012Metric,YAGEO,RT0805FRE072K7L,https://www.digikey.es/es/products/detail/yageo/RT0805FRE072K7L/1079152,RT,,,,,2K7,±1%,0.125W,1/8W,±50ppm/°C,0805 (2012 métrico),"0.079"" L x 0.049"" A (2.00mm x 1.25mm)","0.024"" (0.60mm)",,THIN FILM,,-55°C ~ 155°C,Activo,,,AMR,22/08/2026,,,,,,,,,,,
IPN_R-????,R0805_2K74_0.125W_±1%,RES SMD 2.74K OHM 1% 1/8W 0805,2K74 ±1% 1/8W,Resistors:R,Resistor_SMD:R_0805_2012Metric,YAGEO,RT0805FRE072K74L,https://www.digikey.es/es/products/detail/yageo/RT0805FRE072K74L/1079151,RT,,,,,2K74,±1%,0.125W,1/8W,±50ppm/°C,0805 (2012 métrico),"0.079"" L x 0.049"" A (2.00mm x 1.25mm)","0.024"" (0.60mm)",,THIN FILM,,-55°C ~ 155°C,Activo,,,AMR,22/08/2026,,,,,,,,,,,
IPN_R-????,R0805_2R_0.125W_±1%,RES SMD 2 OHM 1% 1/8W 0805,2R ±1% 1/8W,Resistors:R,Resistor_SMD:R_0805_2012Metric,YAGEO,RT0805FRE072RL,https://www.digikey.es/es/products/detail/yageo/RT0805FRE072RL/5934337,RT,,,,,2R,±1%,0.125W,1/8W,±50ppm/°C,0805 (2012 métrico),"0.079"" L x 0.049"" A (2.00mm x 1.25mm)","0.024"" (0.60mm)",,THIN FILM,,-55°C ~ 155°C,Activo,,,AMR,22/08/2026,,,,,,,,,,,
IPN_R-????,R0805_2R7_0.125W_±1%,RES 2.7 OHM 1% 1/8W 0805,2R7 ±1% 1/8W,Resistors:R,Resistor_SMD:R_0805_2012Metric,YAGEO,RT0805FRE072R7L,https://www.digikey.es/es/products/detail/yageo/RT0805FRE072R7L/7708605,RT,,,,,2R7,±1%,0.125W,1/8W,±50ppm/°C,0805 (2012 métrico),"0.079"" L x 0.049"" A (2.00mm x 1.25mm)","0.024"" (0.60mm)",,THIN FILM,,-55°C ~ 155°C,Activo,,,AMR,22/08/2026,,,,,,,,,,,
IPN_R-????,R0805_2R74_0.125W_±1%,RES 2.74 OHM 1% 1/8W 0805,2R74 ±1% 1/8W,Resistors:R,Resistor_SMD:R_0805_2012Metric,YAGEO,RT0805FRE072R74L,https://www.digikey.es/es/products/detail/yageo/RT0805FRE072R74L/7708604,RT,,,,,2R74,±1%,0.125W,1/8W,±50ppm/°C,0805 (2012 métrico),"0.079"" L x 0.049"" A (2.00mm x 1.25mm)","0.024"" (0.60mm)",,THIN FILM,,-55°C ~ 155°C,Activo,,,AMR,22/08/2026,,,,,,,,,,,
IPN_R-????,R0805_300K_0.125W_±1%,RES SMD 300K OHM 1% 1/8W 0805,300K ±1% 1/8W,Resistors:R,Resistor_SMD:R_0805_2012Metric,YAGEO,RT0805FRE07300KL,https://www.digikey.es/es/products/detail/yageo/RT0805FRE07300KL/1079157,RT,,,,,300K,±1%,0.125W,1/8W,±50ppm/°C,0805 (2012 métrico),"0.079"" L x 0.049"" A (2.00mm x 1.25mm)","0.024"" (0.60mm)",,THIN FILM,,-55°C ~ 155°C,Activo,,,AMR,22/08/2026,,,,,,,,,,,
IPN_R-????,R0805_300R_0.125W_±1%,RES SMD 300 OHM 1% 1/8W 0805,300R ±1% 1/8W,Resistors:R,Resistor_SMD:R_0805_2012Metric,YAGEO,RT0805FRE07300RL,https://www.digikey.es/es/products/detail/yageo/RT0805FRE07300RL/1079158,RT,,,,,300R,±1%,0.125W,1/8W,±50ppm/°C,0805 (2012 métrico),"0.079"" L x 0.049"" A (2.00mm x 1.25mm)","0.024"" (0.60mm)",,THIN FILM,,-55°C ~ 155°C,Activo,,,AMR,22/08/2026,,,,,,,,,,,
IPN_R-????,R0805_301K_0.125W_±1%,RES SMD 301K OHM 1% 1/8W 0805,301K ±1% 1/8W,Resistors:R,Resistor_SMD:R_0805_2012Metric,YAGEO,RT0805FRE07301KL,https://www.digikey.es/es/products/detail/yageo/RT0805FRE07301KL/1079159,RT,,,,,301K,±1%,0.125W,1/8W,±50ppm/°C,0805 (2012 métrico),"0.079"" L x 0.049"" A (2.00mm x 1.25mm)","0.024"" (0.60mm)",,THIN FILM,,-55°C ~ 155°C,Activo,,,AMR,22/08/2026,,,,,,,,,,,
IPN_R-????,R0805_301R_0.125W_±1%,RES SMD 301 OHM 1% 1/8W 0805,301R ±1% 1/8W,Resistors:R,Resistor_SMD:R_0805_2012Metric,YAGEO,RT0805FRE07301RL,https://www.digikey.es/es/products/detail/yageo/RT0805FRE07301RL/1079160,RT,,,,,301R,±1%,0.125W,1/8W,±50ppm/°C,0805 (2012 métrico),"0.079"" L x 0.049"" A (2.00mm x 1.25mm)","0.024"" (0.60mm)",,THIN FILM,,-55°C ~ 155°C,Activo,,,AMR,22/08/2026,,,,,,,,,,,
IPN_R-????,R0805_30K_0.125W_±1%,RES SMD 30K OHM 1% 1/8W 0805,30K ±1% 1/8W,Resistors:R,Resistor_SMD:R_0805_2012Metric,YAGEO,RT0805FRE0730KL,https://www.digikey.es/es/products/detail/yageo/RT0805FRE0730KL/1079165,RT,,,,,30K,±1%,0.125W,1/8W,±50ppm/°C,0805 (2012 métrico),"0.079"" L x 0.049"" A (2.00mm x 1.25mm)","0.024"" (0.60mm)",,THIN FILM,,-55°C ~ 155°C,Activo,,,AMR,22/08/2026,,,,,,,,,,,
IPN_R-????,R0805_30K1_0.125W_±1%,RES SMD 30.1K OHM 1% 1/8W 0805,30K1 ±1% 1/8W,Resistors:R,Resistor_SMD:R_0805_2012Metric,YAGEO,RT0805FRE0730K1L,https://www.digikey.es/es/products/detail/yageo/RT0805FRE0730K1L/1079163,RT,,,,,30K1,±1%,0.125W,1/8W,±50ppm/°C,0805 (2012 métrico),"0.079"" L x 0.049"" A (2.00mm x 1.25mm)","0.024"" (0.60mm)",,THIN FILM,,-55°C ~ 155°C,Activo,,,AMR,22/08/2026,,,,,,,,,,,
IPN_R-????,R0805_30K9_0.125W_±1%,RES SMD 30.9K OHM 1% 1/8W 0805,30K9 ±1% 1/8W,Resistors:R,Resistor_SMD:R_0805_2012Metric,YAGEO,RT0805FRE0730K9L,https://www.digikey.es/es/products/detail/yageo/RT0805FRE0730K9L/1079164,RT,,,,,30K9,±1%,0.125W,1/8W,±50ppm/°C,0805 (2012 métrico),"0.079"" L x 0.049"" A (2.00mm x 1.25mm)","0.024"" (0.60mm)",,THIN FILM,,-55°C ~ 155°C,Activo,,,AMR,22/08/2026,,,,,,,,,,,
IPN_R-????,R0805_30R_0.125W_±1%,RES SMD 30 OHM 1% 1/8W 0805,30R ±1% 1/8W,Resistors:R,Resistor_SMD:R_0805_2012Metric,YAGEO,RT0805FRE0730RL,https://www.digikey.es/es/products/detail/yageo/RT0805FRE0730RL/1079168,RT,,,,,30R,±1%,0.125W,1/8W,±50ppm/°C,0805 (2012 métrico),"0.079"" L x 0.049"" A (2.00mm x 1.25mm)","0.024"" (0.60mm)",,THIN FILM,,-55°C ~ 155°C,Activo,,,AMR,22/08/2026,,,,,,,,,,,
IPN_R-????,R0805_316K_0.125W_±1%,RES SMD 316K OHM 1% 1/8W 0805,316K ±1% 1/8W,Resistors:R,Resistor_SMD:R_0805_2012Metric,YAGEO,RT0805FRE07316KL,https://www.digikey.es/es/products/detail/yageo/RT0805FRE07316KL/1079169,RT,,,,,316K,±1%,0.125W,1/8W,±50ppm/°C,0805 (2012 métrico),"0.079"" L x 0.049"" A (2.00mm x 1.25mm)","0.024"" (0.60mm)",,THIN FILM,,-55°C ~ 155°C,Activo,,,AMR,22/08/2026,,,,,,,,,,,
IPN_R-????,R0805_330K_0.125W_±1%,RES SMD 330K OHM 1% 1/8W 0805,330K ±1% 1/8W,Resistors:R,Resistor_SMD:R_0805_2012Metric,YAGEO,RT0805FRE07330KL,https://www.digikey.es/es/products/detail/yageo/RT0805FRE07330KL/1079177,RT,,,,,330K,±1%,0.125W,1/8W,±50ppm/°C,0805 (2012 métrico),"0.079"" L x 0.049"" A (2.00mm x 1.25mm)","0.024"" (0.60mm)",,THIN FILM,,-55°C ~ 155°C,Activo,,,AMR,22/08/2026,,,,,,,,,,,
IPN_R-????,R0805_330R_0.125W_±1%,RES SMD 330 OHM 1% 1/8W 0805,330R ±1% 1/8W,Resistors:R,Resistor_SMD:R_0805_2012Metric,YAGEO,RT0805FRE07330RL,https://www.digikey.es/es/products/detail/yageo/RT0805FRE07330RL/1079178,RT,,,,,330R,±1%,0.125W,1/8W,±50ppm/°C,0805 (2012 métrico),"0.079"" L x 0.049"" A (2.00mm x 1.25mm)","0.024"" (0.60mm)",,THIN FILM,,-55°C ~ 155°C,Activo,,,AMR,22/08/2026,,,,,,,,,,,
IPN_R-????,R0805_332K_0.125W_±1%,RES SMD 332K OHM 1% 1/8W 0805,332K ±1% 1/8W,Resistors:R,Resistor_SMD:R_0805_2012Metric,YAGEO,RT0805FRE07332KL,https://www.digikey.es/es/products/detail/yageo/RT0805FRE07332KL/1079179,RT,,,,,332K,±1%,0.125W,1/8W,±50ppm/°C,0805 (2012 métrico),"0.079"" L x 0.049"" A (2.00mm x 1.25mm)","0.024"" (0.60mm)",,THIN FILM,,-55°C ~ 155°C,Activo,,,AMR,22/08/2026,,,,,,,,,,,
IPN_R-????,R0805_332R_0.125W_±1%,RES SMD 332 OHM 1% 1/8W 0805,332R ±1% 1/8W,Resistors:R,Resistor_SMD:R_0805_2012Metric,YAGEO,RT0805FRE07332RL,https://www.digikey.es/es/products/detail/yageo/RT0805FRE07332RL/1079180,RT,,,,,332R,±1%,0.125W,1/8W,±50ppm/°C,0805 (2012 métrico),"0.079"" L x 0.049"" A (2.00mm x 1.25mm)","0.024"" (0.60mm)",,THIN FILM,,-55°C ~ 155°C,Activo,,,AMR,22/08/2026,,,,,,,,,,,
IPN_R-????,R0805_33K_0.125W_±1%,RES SMD 33K OHM 1% 1/8W 0805,33K ±1% 1/8W,Resistors:R,Resistor_SMD:R_0805_2012Metric,YAGEO,RT0805FRE0733KL,https://www.digikey.es/es/products/detail/yageo/RT0805FRE0733KL/1079182,RT,,,,,33K,±1%,0.125W,1/8W,±50ppm/°C,0805 (2012 métrico),"0.079"" L x 0.049"" A (2.00mm x 1.25mm)","0.024"" (0.60mm)",,THIN FILM,,-55°C ~ 155°C,Activo,,,AMR,22/08/2026,,,,,,,,,,,
IPN_R-????,R0805_33K2_0.125W_±1%,RES SMD 33.2K OHM 1% 1/8W 0805,33K2 ±1% 1/8W,Resistors:R,Resistor_SMD:R_0805_2012Metric,YAGEO,RT0805FRE0733K2L,https://www.digikey.es/es/products/detail/yageo/RT0805FRE0733K2L/1079181,RT,,,,,33K2,±1%,0.125W,1/8W,±50ppm/°C,0805 (2012 métrico),"0.079"" L x 0.049"" A (2.00mm x 1.25mm)","0.024"" (0.60mm)",,THIN FILM,,-55°C ~ 155°C,Activo,,,AMR,22/08/2026,,,,,,,,,,,
IPN_R-????,R0805_33R2_0.125W_±1%,RES SMD 33.2 OHM 1% 1/8W 0805,33R2 ±1% 1/8W,Resistors:R,Resistor_SMD:R_0805_2012Metric,YAGEO,RT0805FRE0733R2L,https://www.digikey.es/es/products/detail/yageo/RT0805FRE0733R2L/1079183,RT,,,,,33R2,±1%,0.125W,1/8W,±50ppm/°C,0805 (2012 métrico),"0.079"" L x 0.049"" A (2.00mm x 1.25mm)","0.024"" (0.60mm)",,THIN FILM,,-55°C ~ 155°C,Activo,,,AMR,22/08/2026,,,,,,,,,,,
IPN_R-????,R0805_34K8_0.125W_±1%,RES SMD 34.8K OHM 1% 1/8W 0805,34K8 ±1% 1/8W,Resistors:R,Resistor_SMD:R_0805_2012Metric,YAGEO,RT0805FRE0734K8L,https://www.digikey.es/es/products/detail/yageo/RT0805FRE0734K8L/1079189,RT,,,,,34K8,±1%,0.125W,1/8W,±50ppm/°C,0805 (2012 métrico),"0.079"" L x 0.049"" A (2.00mm x 1.25mm)","0.024"" (0.60mm)",,THIN FILM,,-55°C ~ 155°C,Activo,,,AMR,22/08/2026,,,,,,,,,,,
IPN_R-????,R0805_35K7_0.125W_±1%,RES SMD 35.7K OHM 1% 1/8W 0805,35K7 ±1% 1/8W,Resistors:R,Resistor_SMD:R_0805_2012Metric,YAGEO,RT0805FRE0735K7L,https://www.digikey.es/es/products/detail/yageo/RT0805FRE0735K7L/1079195,RT,,,,,35K7,±1%,0.125W,1/8W,±50ppm/°C,0805 (2012 métrico),"0.079"" L x 0.049"" A (2.00mm x 1.25mm)","0.024"" (0.60mm)",,THIN FILM,,-55°C ~ 155°C,Activo,,,AMR,22/08/2026,,,,,,,,,,,
IPN_R-????,R0805_360K_0.125W_±1%,RES SMD 360K OHM 1% 1/8W 0805,360K ±1% 1/8W,Resistors:R,Resistor_SMD:R_0805_2012Metric,YAGEO,RT0805FRE07360KL,https://www.digikey.es/es/products/detail/yageo/RT0805FRE07360KL/1079197,RT,,,,,360K,±1%,0.125W,1/8W,±50ppm/°C,0805 (2012 métrico),"0.079"" L x 0.049"" A (2.00mm x 1.25mm)","0.024"" (0.60mm)",,THIN FILM,,-55°C ~ 155°C,Activo,,,AMR,22/08/2026,,,,,,,,,,,
IPN_R-????,R0805_360R_0.125W_±1%,RES SMD 360 OHM 1% 1/8W 0805,360R ±1% 1/8W,Resistors:R,Resistor_SMD:R_0805_2012Metric,YAGEO,RT0805FRE07360RL,https://www.digikey.es/es/products/detail/yageo/RT0805FRE07360RL/1079198,RT,,,,,360R,±1%,0.125W,1/8W,±50ppm/°C,0805 (2012 métrico),"0.079"" L x 0.049"" A (2.00mm x 1.25mm)","0.024"" (0.60mm)",,THIN FILM,,-55°C ~ 155°C,Activo,,,AMR,22/08/2026,,,,,,,,,,,
IPN_R-????,R0805_365R_0.125W_±1%,RES SMD 365 OHM 1% 1/8W 0805,365R ±1% 1/8W,Resistors:R,Resistor_SMD:R_0805_2012Metric,YAGEO,RT0805FRE07365RL,https://www.digikey.es/es/products/detail/yageo/RT0805FRE07365RL/1079200,RT,,,,,365R,±1%,0.125W,1/8W,±50ppm/°C,0805 (2012 métrico),"0.079"" L x 0.049"" A (2.00mm x 1.25mm)","0.024"" (0.60mm)",,THIN FILM,,-55°C ~ 155°C,Activo,,,AMR,22/08/2026,,,,,,,,,,,
IPN_R-????,R0805_36K_0.125W_±1%,RES SMD 36K OHM 1% 1/8W 0805,36K ±1% 1/8W,Resistors:R,Resistor_SMD:R_0805_2012Metric,YAGEO,RT0805FRE0736KL,https://www.digikey.es/es/products/detail/yageo/RT0805FRE0736KL/1079202,RT,,,,,36K,±1%,0.125W,1/8W,±50ppm/°C,0805 (2012 métrico),"0.079"" L x 0.049"" A (2.00mm x 1.25mm)","0.024"" (0.60mm)",,THIN FILM,,-55°C ~ 155°C,Activo,,,AMR,22/08/2026,,,,,,,,,,,
IPN_R-????,R0805_36K5_0.125W_±1%,RES SMD 36.5K OHM 1% 1/8W 0805,36K5 ±1% 1/8W,Resistors:R,Resistor_SMD:R_0805_2012Metric,YAGEO,RT0805FRE0736K5L,https://www.digikey.es/es/products/detail/yageo/RT0805FRE0736K5L/1079201,RT,,,,,36K5,±1%,0.125W,1/8W,±50ppm/°C,0805 (2012 métrico),"0.079"" L x 0.049"" A (2.00mm x 1.25mm)","0.024"" (0.60mm)",,THIN FILM,,-55°C ~ 155°C,Activo,,,AMR,22/08/2026,,,,,,,,,,,
IPN_R-????,R0805_36R_0.125W_±1%,RES SMD 36 OHM 1% 1/8W 0805,36R ±1% 1/8W,Resistors:R,Resistor_SMD:R_0805_2012Metric,YAGEO,RT0805FRE0736RL,https://www.digikey.es/es/products/detail/yageo/RT0805FRE0736RL/1079204,RT,,,,,36R,±1%,0.125W,1/8W,±50ppm/°C,0805 (2012 métrico),"0.079"" L x 0.049"" A (2.00mm x 1.25mm)","0.024"" (0.60mm)",,THIN FILM,,-55°C ~ 155°C,Activo,,,AMR,22/08/2026,,,,,,,,,,,
IPN_R-????,R0805_374R_0.125W_±1%,RES SMD 374 OHM 1% 1/8W 0805,374R ±1% 1/8W,Resistors:R,Resistor_SMD:R_0805_2012Metric,YAGEO,RT0805FRE07374RL,https://www.digikey.es/es/products/detail/yageo/RT0805FRE07374RL/1079206,RT,,,,,374R,±1%,0.125W,1/8W,±50ppm/°C,0805 (2012 métrico),"0.079"" L x 0.049"" A (2.00mm x 1.25mm)","0.024"" (0.60mm)",,THIN FILM,,-55°C ~ 155°C,Activo,,,AMR,22/08/2026,,,,,,,,,,,
IPN_R-????,R0805_37K4_0.125W_±1%,RES SMD 37.4K OHM 1% 1/8W 0805,37K4 ±1% 1/8W,Resistors:R,Resistor_SMD:R_0805_2012Metric,YAGEO,RT0805FRE0737K4L,https://www.digikey.es/es/products/detail/yageo/RT0805FRE0737K4L/1079207,RT,,,,,37K4,±1%,0.125W,1/8W,±50ppm/°C,0805 (2012 métrico),"0.079"" L x 0.049"" A (2.00mm x 1.25mm)","0.024"" (0.60mm)",,THIN FILM,,-55°C ~ 155°C,Activo,,,AMR,22/08/2026,,,,,,,,,,,
IPN_R-????,R0805_38K3_0.125W_±1%,RES SMD 38.3K OHM 1% 1/8W 0805,38K3 ±1% 1/8W,Resistors:R,Resistor_SMD:R_0805_2012Metric,YAGEO,RT0805FRE0738K3L,https://www.digikey.es/es/products/detail/yageo/RT0805FRE0738K3L/1079211,RT,,,,,38K3,±1%,0.125W,1/8W,±50ppm/°C,0805 (2012 métrico),"0.079"" L x 0.049"" A (2.00mm x 1.25mm)","0.024"" (0.60mm)",,THIN FILM,,-55°C ~ 155°C,Activo,,,AMR,22/08/2026,,,,,,,,,,,
IPN_R-????,R0805_390K_0.125W_±1%,RES SMD 390K OHM 1% 1/8W 0805,390K ±1% 1/8W,Resistors:R,Resistor_SMD:R_0805_2012Metric,YAGEO,RT0805FRE07390KL,https://www.digikey.es/es/products/detail/yageo/RT0805FRE07390KL/1079213,RT,,,,,390K,±1%,0.125W,1/8W,±50ppm/°C,0805 (2012 métrico),"0.079"" L x 0.049"" A (2.00mm x 1.25mm)","0.024"" (0.60mm)",,THIN FILM,,-55°C ~ 155°C,Activo,,,AMR,22/08/2026,,,,,,,,,,,
IPN_R-????,R0805_390R_0.125W_±1%,RES SMD 390 OHM 1% 1/8W 0805,390R ±1% 1/8W,Resistors:R,Resistor_SMD:R_0805_2012Metric,YAGEO,RT0805FRE07390RL,https://www.digikey.es/es/products/detail/yageo/RT0805FRE07390RL/1079214,RT,,,,,390R,±1%,0.125W,1/8W,±50ppm/°C,0805 (2012 métrico),"0.079"" L x 0.049"" A (2.00mm x 1.25mm)","0.024"" (0.60mm)",,THIN FILM,,-55°C ~ 155°C,Activo,,,AMR,22/08/2026,,,,,,,,,,,
IPN_R-????,R0805_392R_0.125W_±1%,RES SMD 392 OHM 1% 1/8W 0805,392R ±1% 1/8W,Resistors:R,Resistor_SMD:R_0805_2012Metric,YAGEO,RT0805FRE07392RL,https://www.digikey.es/es/products/detail/yageo/RT0805FRE07392RL/1079216,RT,,,,,392R,±1%,0.125W,1/8W,±50ppm/°C,0805 (2012 métrico),"0.079"" L x 0.049"" A (2.00mm x 1.25mm)","0.024"" (0.60mm)",,THIN FILM,,-55°C ~ 155°C,Activo,,,AMR,22/08/2026,,,,,,,,,,,
IPN_R-????,R0805_39K_0.125W_±1%,RES SMD 39K OHM 1% 1/8W 0805,39K ±1% 1/8W,Resistors:R,Resistor_SMD:R_0805_2012Metric,YAGEO,RT0805FRE0739KL,https://www.digikey.es/es/products/detail/yageo/RT0805FRE0739KL/1079218,RT,,,,,39K,±1%,0.125W,1/8W,±50ppm/°C,0805 (2012 métrico),"0.079"" L x 0.049"" A (2.00mm x 1.25mm)","0.024"" (0.60mm)",,THIN FILM,,-55°C ~ 155°C,Activo,,,AMR,22/08/2026,,,,,,,,,,,
IPN_R-????,R0805_39K2_0.125W_±1%,RES SMD 39.2K OHM 1% 1/8W 0805,39K2 ±1% 1/8W,Resistors:R,Resistor_SMD:R_0805_2012Metric,YAGEO,RT0805FRE0739K2L,https://www.digikey.es/es/products/detail/yageo/RT0805FRE0739K2L/1079217,RT,,,,,39K2,±1%,0.125W,1/8W,±50ppm/°C,0805 (2012 métrico),"0.079"" L x 0.049"" A (2.00mm x 1.25mm)","0.024"" (0.60mm)",,THIN FILM,,-55°C ~ 155°C,Activo,,,AMR,22/08/2026,,,,,,,,,,,
IPN_R-????,R0805_39R_0.125W_±1%,RES SMD 39 OHM 1% 1/8W 0805,39R ±1% 1/8W,Resistors:R,Resistor_SMD:R_0805_2012Metric,YAGEO,RT0805FRE0739RL,https://www.digikey.es/es/products/detail/yageo/RT0805FRE0739RL/1079220,RT,,,,,39R,±1%,0.125W,1/8W,±50ppm/°C,0805 (2012 métrico),"0.079"" L x 0.049"" A (2.00mm x 1.25mm)","0.024"" (0.60mm)",,THIN FILM,,-55°C ~ 155°C,Activo,,,AMR,22/08/2026,,,,,,,,,,,
IPN_R-????,R0805_39R2_0.125W_±1%,RES SMD 39.2 OHM 1% 1/8W 0805,39R2 ±1% 1/8W,Resistors:R,Resistor_SMD:R_0805_2012Metric,YAGEO,RT0805FRE0739R2L,https://www.digikey.es/es/products/detail/yageo/RT0805FRE0739R2L/1079219,RT,,,,,39R2,±1%,0.125W,1/8W,±50ppm/°C,0805 (2012 métrico),"0.079"" L x 0.049"" A (2.00mm x 1.25mm)","0.024"" (0.60mm)",,THIN FILM,,-55°C ~ 155°C,Activo,,,AMR,22/08/2026,,,,,,,,,,,
IPN_R-????,R0805_3K_0.125W_±1%,RES SMD 3K OHM 1% 1/8W 0805,3K ±1% 1/8W,Resistors:R,Resistor_SMD:R_0805_2012Metric,YAGEO,RT0805FRE073KL,https://www.digikey.es/es/products/detail/yageo/RT0805FRE073KL/1079236,RT,,,,,3K,±1%,0.125W,1/8W,±50ppm/°C,0805 (2012 métrico),"0.079"" L x 0.049"" A (2.00mm x 1.25mm)","0.024"" (0.60mm)",,THIN FILM,,-55°C ~ 155°C,Activo,,,AMR,22/08/2026,,,,,,,,,,,
IPN_R-????,R0805_3K01_0.125W_±1%,RES SMD 3.01K OHM 1% 1/8W 0805,3K01 ±1% 1/8W,Resistors:R,Resistor_SMD:R_0805_2012Metric,YAGEO,RT0805FRE073K01L,https://www.digikey.es/es/products/detail/yageo/RT0805FRE073K01L/1079221,RT,,,,,3K01,±1%,0.125W,1/8W,±50ppm/°C,0805 (2012 métrico),"0.079"" L x 0.049"" A (2.00mm x 1.25mm)","0.024"" (0.60mm)",,THIN FILM,,-55°C ~ 155°C,Activo,,,AMR,22/08/2026,,,,,,,,,,,
IPN_R-????,R0805_3K09_0.125W_±1%,RES SMD 3.09K OHM 1% 1/8W 0805,3K09 ±1% 1/8W,Resistors:R,Resistor_SMD:R_0805_2012Metric,YAGEO,RT0805FRE073K09L,https://www.digikey.es/es/products/detail/yageo/RT0805FRE073K09L/1079222,RT,,,,,3K09,±1%,0.125W,1/8W,±50ppm/°C,0805 (2012 métrico),"0.079"" L x 0.049"" A (2.00mm x 1.25mm)","0.024"" (0.60mm)",,THIN FILM,,-55°C ~ 155°C,Activo,,,AMR,22/08/2026,,,,,,,,,,,
IPN_R-????,R0805_3K16_0.125W_±1%,RES SMD 3.16K OHM 1% 1/8W 0805,3K16 ±1% 1/8W,Resistors:R,Resistor_SMD:R_0805_2012Metric,YAGEO,RT0805FRE073K16L,https://www.digikey.es/es/products/detail/yageo/RT0805FRE073K16L/1079223,RT,,,,,3K16,±1%,0.125W,1/8W,±50ppm/°C,0805 (2012 métrico),"0.079"" L x 0.049"" A (2.00mm x 1.25mm)","0.024"" (0.60mm)",,THIN FILM,,-55°C ~ 155°C,Activo,,,AMR,22/08/2026,,,,,,,,,,,
IPN_R-????,R0805_3K3_0.125W_±1%,RES SMD 3.3K OHM 1% 1/8W 0805,3K3 ±1% 1/8W,Resistors:R,Resistor_SMD:R_0805_2012Metric,YAGEO,RT0805FRE073K3L,https://www.digikey.es/es/products/detail/yageo/RT0805FRE073K3L/1079226,RT,,,,,3K3,±1%,0.125W,1/8W,±50ppm/°C,0805 (2012 métrico),"0.079"" L x 0.049"" A (2.00mm x 1.25mm)","0.024"" (0.60mm)",,THIN FILM,,-55°C ~ 155°C,Activo,,,AMR,22/08/2026,,,,,,,,,,,
IPN_R-????,R0805_3K32_0.125W_±1%,RES SMD 3.32K OHM 1% 1/8W 0805,3K32 ±1% 1/8W,Resistors:R,Resistor_SMD:R_0805_2012Metric,YAGEO,RT0805FRE073K32L,https://www.digikey.es/es/products/detail/yageo/RT0805FRE073K32L/1079225,RT,,,,,3K32,±1%,0.125W,1/8W,±50ppm/°C,0805 (2012 métrico),"0.079"" L x 0.049"" A (2.00mm x 1.25mm)","0.024"" (0.60mm)",,THIN FILM,,-55°C ~ 155°C,Activo,,,AMR,22/08/2026,,,,,,,,,,,
IPN_R-????,R0805_3K4_0.125W_±1%,RES SMD 3.4K OHM 1% 1/8W 0805,3K4 ±1% 1/8W,Resistors:R,Resistor_SMD:R_0805_2012Metric,YAGEO,RT0805FRE073K4L,https://www.digikey.es/es/products/detail/yageo/RT0805FRE073K4L/1079228,RT,,,,,3K4,±1%,0.125W,1/8W,±50ppm/°C,0805 (2012 métrico),"0.079"" L x 0.049"" A (2.00mm x 1.25mm)","0.024"" (0.60mm)",,THIN FILM,,-55°C ~ 155°C,Activo,,,AMR,22/08/2026,,,,,,,,,,,
IPN_R-????,R0805_3K48_0.125W_±1%,RES SMD 3.48K OHM 1% 1/8W 0805,3K48 ±1% 1/8W,Resistors:R,Resistor_SMD:R_0805_2012Metric,YAGEO,RT0805FRE073K48L,https://www.digikey.es/es/products/detail/yageo/RT0805FRE073K48L/1079227,RT,,,,,3K48,±1%,0.125W,1/8W,±50ppm/°C,0805 (2012 métrico),"0.079"" L x 0.049"" A (2.00mm x 1.25mm)","0.024"" (0.60mm)",,THIN FILM,,-55°C ~ 155°C,Activo,,,AMR,22/08/2026,,,,,,,,,,,
IPN_R-????,R0805_3K57_0.125W_±1%,RES SMD 3.57K OHM 1% 1/8W 0805,3K57 ±1% 1/8W,Resistors:R,Resistor_SMD:R_0805_2012Metric,YAGEO,RT0805FRE073K57L,https://www.digikey.es/es/products/detail/yageo/RT0805FRE073K57L/1079229,RT,,,,,3K57,±1%,0.125W,1/8W,±50ppm/°C,0805 (2012 métrico),"0.079"" L x 0.049"" A (2.00mm x 1.25mm)","0.024"" (0.60mm)",,THIN FILM,,-55°C ~ 155°C,Activo,,,AMR,22/08/2026,,,,,,,,,,,
IPN_R-????,R0805_3K6_0.125W_±1%,RES SMD 3.6K OHM 1% 1/8W 0805,3K6 ±1% 1/8W,Resistors:R,Resistor_SMD:R_0805_2012Metric,YAGEO,RT0805FRE073K6L,https://www.digikey.es/es/products/detail/yageo/RT0805FRE073K6L/1079231,RT,,,,,3K6,±1%,0.125W,1/8W,±50ppm/°C,0805 (2012 métrico),"0.079"" L x 0.049"" A (2.00mm x 1.25mm)","0.024"" (0.60mm)",,THIN FILM,,-55°C ~ 155°C,Activo,,,AMR,22/08/2026,,,,,,,,,,,
IPN_R-????,R0805_3K83_0.125W_±1%,RES SMD 3.83K OHM 1% 1/8W 0805,3K83 ±1% 1/8W,Resistors:R,Resistor_SMD:R_0805_2012Metric,YAGEO,RT0805FRE073K83L,https://www.digikey.es/es/products/detail/yageo/RT0805FRE073K83L/1079233,RT,,,,,3K83,±1%,0.125W,1/8W,±50ppm/°C,0805 (2012 métrico),"0.079"" L x 0.049"" A (2.00mm x 1.25mm)","0.024"" (0.60mm)",,THIN FILM,,-55°C ~ 155°C,Activo,,,AMR,22/08/2026,,,,,,,,,,,
IPN_R-????,R0805_3K9_0.125W_±1%,RES SMD 3.9K OHM 1% 1/8W 0805,3K9 ±1% 1/8W,Resistors:R,Resistor_SMD:R_0805_2012Metric,YAGEO,RT0805FRE073K9L,https://www.digikey.es/es/products/detail/yageo/RT0805FRE073K9L/1079235,RT,,,,,3K9,±1%,0.125W,1/8W,±50ppm/°C,0805 (2012 métrico),"0.079"" L x 0.049"" A (2.00mm x 1.25mm)","0.024"" (0.60mm)",,THIN FILM,,-55°C ~ 155°C,Activo,,,AMR,22/08/2026,,,,,,,,,,,
IPN_R-????,R0805_3R_0.125W_±1%,RES SMD 3 OHM 1% 1/8W 0805,3R ±1% 1/8W,Resistors:R,Resistor_SMD:R_0805_2012Metric,YAGEO,RT0805FRE073RL,https://www.digikey.es/es/products/detail/yageo/RT0805FRE073RL/5934341,RT,,,,,3R,±1%,0.125W,1/8W,±50ppm/°C,0805 (2012 métrico),"0.079"" L x 0.049"" A (2.00mm x 1.25mm)","0.024"" (0.60mm)",,THIN FILM,,-55°C ~ 155°C,Activo,,,AMR,22/08/2026,,,,,,,,,,,
IPN_R-????,R0805_402K_0.125W_±1%,RES SMD 402K OHM 1% 1/8W 0805,402K ±1% 1/8W,Resistors:R,Resistor_SMD:R_0805_2012Metric,YAGEO,RT0805FRE07402KL,https://www.digikey.es/es/products/detail/yageo/RT0805FRE07402KL/1079237,RT,,,,,402K,±1%,0.125W,1/8W,±50ppm/°C,0805 (2012 métrico),"0.079"" L x 0.049"" A (2.00mm x 1.25mm)","0.024"" (0.60mm)",,THIN FILM,,-55°C ~ 155°C,Activo,,,AMR,22/08/2026,,,,,,,,,,,
IPN_R-????,R0805_402R_0.125W_±1%,RES SMD 402 OHM 1% 1/8W 0805,402R ±1% 1/8W,Resistors:R,Resistor_SMD:R_0805_2012Metric,YAGEO,RT0805FRE07402RL,https://www.digikey.es/es/products/detail/yageo/RT0805FRE07402RL/1079238,RT,,,,,402R,±1%,0.125W,1/8W,±50ppm/°C,0805 (2012 métrico),"0.079"" L x 0.049"" A (2.00mm x 1.25mm)","0.024"" (0.60mm)",,THIN FILM,,-55°C ~ 155°C,Activo,,,AMR,22/08/2026,,,,,,,,,,,
IPN_R-????,R0805_40K2_0.125W_±1%,RES SMD 40.2K OHM 1% 1/8W 0805,40K2 ±1% 1/8W,Resistors:R,Resistor_SMD:R_0805_2012Metric,YAGEO,RT0805FRE0740K2L,https://www.digikey.es/es/products/detail/yageo/RT0805FRE0740K2L/1079239,RT,,,,,40K2,±1%,0.125W,1/8W,±50ppm/°C,0805 (2012 métrico),"0.079"" L x 0.049"" A (2.00mm x 1.25mm)","0.024"" (0.60mm)",,THIN FILM,,-55°C ~ 155°C,Activo,,,AMR,22/08/2026,,,,,,,,,,,
IPN_R-????,R0805_40R2_0.125W_±1%,RES SMD 40.2 OHM 1% 1/8W 0805,40R2 ±1% 1/8W,Resistors:R,Resistor_SMD:R_0805_2012Metric,YAGEO,RT0805FRE0740R2L,https://www.digikey.es/es/products/detail/yageo/RT0805FRE0740R2L/1079240,RT,,,,,40R2,±1%,0.125W,1/8W,±50ppm/°C,0805 (2012 métrico),"0.079"" L x 0.049"" A (2.00mm x 1.25mm)","0.024"" (0.60mm)",,THIN FILM,,-55°C ~ 155°C,Activo,,,AMR,22/08/2026,,,,,,,,,,,
IPN_R-????,R0805_42K2_0.125W_±1%,RES SMD 42.2K OHM 1% 1/8W 0805,42K2 ±1% 1/8W,Resistors:R,Resistor_SMD:R_0805_2012Metric,YAGEO,RT0805FRE0742K2L,https://www.digikey.es/es/products/detail/yageo/RT0805FRE0742K2L/1079247,RT,,,,,42K2,±1%,0.125W,1/8W,±50ppm/°C,0805 (2012 métrico),"0.079"" L x 0.049"" A (2.00mm x 1.25mm)","0.024"" (0.60mm)",,THIN FILM,,-55°C ~ 155°C,Activo,,,AMR,22/08/2026,,,,,,,,,,,
IPN_R-????,R0805_430K_0.125W_±1%,RES SMD 430K OHM 1% 1/8W 0805,430K ±1% 1/8W,Resistors:R,Resistor_SMD:R_0805_2012Metric,YAGEO,RT0805FRE07430KL,https://www.digikey.es/es/products/detail/yageo/RT0805FRE07430KL/1079249,RT,,,,,430K,±1%,0.125W,1/8W,±50ppm/°C,0805 (2012 métrico),"0.079"" L x 0.049"" A (2.00mm x 1.25mm)","0.024"" (0.60mm)",,THIN FILM,,-55°C ~ 155°C,Activo,,,AMR,22/08/2026,,,,,,,,,,,
IPN_R-????,R0805_430R_0.125W_±1%,RES SMD 430 OHM 1% 1/8W 0805,430R ±1% 1/8W,Resistors:R,Resistor_SMD:R_0805_2012Metric,YAGEO,RT0805FRE07430RL,https://www.digikey.es/es/products/detail/yageo/RT0805FRE07430RL/1079250,RT,,,,,430R,±1%,0.125W,1/8W,±50ppm/°C,0805 (2012 métrico),"0.079"" L x 0.049"" A (2.00mm x 1.25mm)","0.024"" (0.60mm)",,THIN FILM,,-55°C ~ 155°C,Activo,,,AMR,22/08/2026,,,,,,,,,,,
IPN_R-????,R0805_432R_0.125W_±1%,RES SMD 432 OHM 1% 1/8W 0805,432R ±1% 1/8W,Resistors:R,Resistor_SMD:R_0805_2012Metric,YAGEO,RT0805FRE07432RL,https://www.digikey.es/es/products/detail/yageo/RT0805FRE07432RL/1079252,RT,,,,,432R,±1%,0.125W,1/8W,±50ppm/°C,0805 (2012 métrico),"0.079"" L x 0.049"" A (2.00mm x 1.25mm)","0.024"" (0.60mm)",,THIN FILM,,-55°C ~ 155°C,Activo,,,AMR,22/08/2026,,,,,,,,,,,
IPN_R-????,R0805_43K_0.125W_±1%,RES SMD 43K OHM 1% 1/8W 0805,43K ±1% 1/8W,Resistors:R,Resistor_SMD:R_0805_2012Metric,YAGEO,RT0805FRE0743KL,https://www.digikey.es/es/products/detail/yageo/RT0805FRE0743KL/1079254,RT,,,,,43K,±1%,0.125W,1/8W,±50ppm/°C,0805 (2012 métrico),"0.079"" L x 0.049"" A (2.00mm x 1.25mm)","0.024"" (0.60mm)",,THIN FILM,,-55°C ~ 155°C,Activo,,,AMR,22/08/2026,,,,,,,,,,,
IPN_R-????,R0805_43K2_0.125W_±1%,RES SMD 43.2K OHM 1% 1/8W 0805,43K2 ±1% 1/8W,Resistors:R,Resistor_SMD:R_0805_2012Metric,YAGEO,RT0805FRE0743K2L,https://www.digikey.es/es/products/detail/yageo/RT0805FRE0743K2L/1079253,RT,,,,,43K2,±1%,0.125W,1/8W,±50ppm/°C,0805 (2012 métrico),"0.079"" L x 0.049"" A (2.00mm x 1.25mm)","0.024"" (0.60mm)",,THIN FILM,,-55°C ~ 155°C,Activo,,,AMR,22/08/2026,,,,,,,,,,,
IPN_R-????,R0805_43R_0.125W_±1%,RES SMD 43 OHM 1% 1/8W 0805,43R ±1% 1/8W,Resistors:R,Resistor_SMD:R_0805_2012Metric,YAGEO,RT0805FRE0743RL,https://www.digikey.es/es/products/detail/yageo/RT0805FRE0743RL/1079256,RT,,,,,43R,±1%,0.125W,1/8W,±50ppm/°C,0805 (2012 métrico),"0.079"" L x 0.049"" A (2.00mm x 1.25mm)","0.024"" (0.60mm)",,THIN FILM,,-55°C ~ 155°C,Activo,,,AMR,22/08/2026,,,,,,,,,,,
IPN_R-????,R0805_442R_0.125W_±1%,RES SMD 442 OHM 1% 1/8W 0805,442R ±1% 1/8W,Resistors:R,Resistor_SMD:R_0805_2012Metric,YAGEO,RT0805FRE07442RL,https://www.digikey.es/es/products/detail/yageo/RT0805FRE07442RL/1079258,RT,,,,,442R,±1%,0.125W,1/8W,±50ppm/°C,0805 (2012 métrico),"0.079"" L x 0.049"" A (2.00mm x 1.25mm)","0.024"" (0.60mm)",,THIN FILM,,-55°C ~ 155°C,Activo,,,AMR,22/08/2026,,,,,,,,,,,
IPN_R-????,R0805_453R_0.125W_±1%,RES SMD 453 OHM 1% 1/8W 0805,453R ±1% 1/8W,Resistors:R,Resistor_SMD:R_0805_2012Metric,YAGEO,RT0805FRE07453RL,https://www.digikey.es/es/products/detail/yageo/RT0805FRE07453RL/1079262,RT,,,,,453R,±1%,0.125W,1/8W,±50ppm/°C,0805 (2012 métrico),"0.079"" L x 0.049"" A (2.00mm x 1.25mm)","0.024"" (0.60mm)",,THIN FILM,,-55°C ~ 155°C,Activo,,,AMR,22/08/2026,,,,,,,,,,,
IPN_R-????,R0805_45K3_0.125W_±1%,RES SMD 45.3K OHM 1% 1/8W 0805,45K3 ±1% 1/8W,Resistors:R,Resistor_SMD:R_0805_2012Metric,YAGEO,RT0805FRE0745K3L,https://www.digikey.es/es/products/detail/yageo/RT0805FRE0745K3L/1079263,RT,,,,,45K3,±1%,0.125W,1/8W,±50ppm/°C,0805 (2012 métrico),"0.079"" L x 0.049"" A (2.00mm x 1.25mm)","0.024"" (0.60mm)",,THIN FILM,,-55°C ~ 155°C,Activo,,,AMR,22/08/2026,,,,,,,,,,,
IPN_R-????,R0805_46K4_0.125W_±1%,RES SMD 46.4K OHM 1% 1/8W 0805,46K4 ±1% 1/8W,Resistors:R,Resistor_SMD:R_0805_2012Metric,YAGEO,RT0805FRE0746K4L,https://www.digikey.es/es/products/detail/yageo/RT0805FRE0746K4L/1079267,RT,,,,,46K4,±1%,0.125W,1/8W,±50ppm/°C,0805 (2012 métrico),"0.079"" L x 0.049"" A (2.00mm x 1.25mm)","0.024"" (0.60mm)",,THIN FILM,,-55°C ~ 155°C,Activo,,,AMR,22/08/2026,,,,,,,,,,,
IPN_R-????,R0805_470K_0.125W_±1%,RES SMD 470K OHM 1% 1/8W 0805,470K ±1% 1/8W,Resistors:R,Resistor_SMD:R_0805_2012Metric,YAGEO,RT0805FRE07470KL,https://www.digikey.es/es/products/detail/yageo/RT0805FRE07470KL/1079269,RT,,,,,470K,±1%,0.125W,1/8W,±50ppm/°C,0805 (2012 métrico),"0.079"" L x 0.049"" A (2.00mm x 1.25mm)","0.024"" (0.60mm)",,THIN FILM,,-55°C ~ 155°C,Activo,,,AMR,22/08/2026,,,,,,,,,,,
IPN_R-????,R0805_470R_0.125W_±1%,RES SMD 470 OHM 1% 1/8W 0805,470R ±1% 1/8W,Resistors:R,Resistor_SMD:R_0805_2012Metric,YAGEO,RT0805FRE07470RL,https://www.digikey.es/es/products/detail/yageo/RT0805FRE07470RL/1079270,RT,,,,,470R,±1%,0.125W,1/8W,±50ppm/°C,0805 (2012 métrico),"0.079"" L x 0.049"" A (2.00mm x 1.25mm)","0.024"" (0.60mm)",,THIN FILM,,-55°C ~ 155°C,Activo,,,AMR,22/08/2026,,,,,,,,,,,
IPN_R-????,R0805_475K_0.125W_±1%,RES SMD 475K OHM 1% 1/8W 0805,475K ±1% 1/8W,Resistors:R,Resistor_SMD:R_0805_2012Metric,YAGEO,RT0805FRE07475KL,https://www.digikey.es/es/products/detail/yageo/RT0805FRE07475KL/1079271,RT,,,,,475K,±1%,0.125W,1/8W,±50ppm/°C,0805 (2012 métrico),"0.079"" L x 0.049"" A (2.00mm x 1.25mm)","0.024"" (0.60mm)",,THIN FILM,,-55°C ~ 155°C,Activo,,,AMR,22/08/2026,,,,,,,,,,,
IPN_R-????,R0805_47K_0.125W_±1%,RES SMD 47K OHM 1% 1/8W 0805,47K ±1% 1/8W,Resistors:R,Resistor_SMD:R_0805_2012Metric,YAGEO,RT0805FRE0747KL,https://www.digikey.es/es/products/detail/yageo/RT0805FRE0747KL/1079274,RT,,,,,47K,±1%,0.125W,1/8W,±50ppm/°C,0805 (2012 métrico),"0.079"" L x 0.049"" A (2.00mm x 1.25mm)","0.024"" (0.60mm)",,THIN FILM,,-55°C ~ 155°C,Activo,,,AMR,22/08/2026,,,,,,,,,,,
IPN_R-????,R0805_47K5_0.125W_±1%,RES SMD 47.5K OHM 1% 1/8W 0805,47K5 ±1% 1/8W,Resistors:R,Resistor_SMD:R_0805_2012Metric,YAGEO,RT0805FRE0747K5L,https://www.digikey.es/es/products/detail/yageo/RT0805FRE0747K5L/1079273,RT,,,,,47K5,±1%,0.125W,1/8W,±50ppm/°C,0805 (2012 métrico),"0.079"" L x 0.049"" A (2.00mm x 1.25mm)","0.024"" (0.60mm)",,THIN FILM,,-55°C ~ 155°C,Activo,,,AMR,22/08/2026,,,,,,,,,,,
IPN_R-????,R0805_47R_0.125W_±1%,RES SMD 47 OHM 1% 1/8W 0805,47R ±1% 1/8W,Resistors:R,Resistor_SMD:R_0805_2012Metric,YAGEO,RT0805FRE0747RL,https://www.digikey.es/es/products/detail/yageo/RT0805FRE0747RL/1079276,RT,,,,,47R,±1%,0.125W,1/8W,±50ppm/°C,0805 (2012 métrico),"0.079"" L x 0.049"" A (2.00mm x 1.25mm)","0.024"" (0.60mm)",,THIN FILM,,-55°C ~ 155°C,Activo,,,AMR,22/08/2026,,,,,,,,,,,
IPN_R-????,R0805_487R_0.125W_±1%,RES SMD 487 OHM 1% 1/8W 0805,487R ±1% 1/8W,Resistors:R,Resistor_SMD:R_0805_2012Metric,YAGEO,RT0805FRE07487RL,https://www.digikey.es/es/products/detail/yageo/RT0805FRE07487RL/1079278,RT,,,,,487R,±1%,0.125W,1/8W,±50ppm/°C,0805 (2012 métrico),"0.079"" L x 0.049"" A (2.00mm x 1.25mm)","0.024"" (0.60mm)",,THIN FILM,,-55°C ~ 155°C,Activo,,,AMR,22/08/2026,,,,,,,,,,,
IPN_R-????,R0805_48K7_0.125W_±1%,RES SMD 48.7K OHM 1% 1/8W 0805,48K7 ±1% 1/8W,Resistors:R,Resistor_SMD:R_0805_2012Metric,YAGEO,RT0805FRE0748K7L,https://www.digikey.es/es/products/detail/yageo/RT0805FRE0748K7L/1079279,RT,,,,,48K7,±1%,0.125W,1/8W,±50ppm/°C,0805 (2012 métrico),"0.079"" L x 0.049"" A (2.00mm x 1.25mm)","0.024"" (0.60mm)",,THIN FILM,,-55°C ~ 155°C,Activo,,,AMR,22/08/2026,,,,,,,,,,,
IPN_R-????,R0805_499K_0.125W_±1%,RES SMD 499K OHM 1% 1/8W 0805,499K ±1% 1/8W,Resistors:R,Resistor_SMD:R_0805_2012Metric,YAGEO,RT0805FRE07499KL,https://www.digikey.es/es/products/detail/yageo/RT0805FRE07499KL/1079281,RT,,,,,499K,±1%,0.125W,1/8W,±50ppm/°C,0805 (2012 métrico),"0.079"" L x 0.049"" A (2.00mm x 1.25mm)","0.024"" (0.60mm)",,THIN FILM,,-55°C ~ 155°C,Activo,,,AMR,22/08/2026,,,,,,,,,,,
IPN_R-????,R0805_499R_0.125W_±1%,RES SMD 499 OHM 1% 1/8W 0805,499R ±1% 1/8W,Resistors:R,Resistor_SMD:R_0805_2012Metric,YAGEO,RT0805FRE07499RL,https://www.digikey.es/es/products/detail/yageo/RT0805FRE07499RL/1079282,RT,,,,,499R,±1%,0.125W,1/8W,±50ppm/°C,0805 (2012 métrico),"0.079"" L x 0.049"" A (2.00mm x 1.25mm)","0.024"" (0.60mm)",,THIN FILM,,-55°C ~ 155°C,Activo,,,AMR,22/08/2026,,,,,,,,,,,
IPN_R-????,R0805_49K9_0.125W_±1%,RES SMD 49.9K OHM 1% 1/8W 0805,49K9 ±1% 1/8W,Resistors:R,Resistor_SMD:R_0805_2012Metric,YAGEO,RT0805FRE0749K9L,https://www.digikey.es/es/products/detail/yageo/RT0805FRE0749K9L/1079283,RT,,,,,49K9,±1%,0.125W,1/8W,±50ppm/°C,0805 (2012 métrico),"0.079"" L x 0.049"" A (2.00mm x 1.25mm)","0.024"" (0.60mm)",,THIN FILM,,-55°C ~ 155°C,Activo,,,AMR,22/08/2026,,,,,,,,,,,
IPN_R-????,R0805_49R9_0.125W_±1%,RES SMD 49.9 OHM 1% 1/8W 0805,49R9 ±1% 1/8W,Resistors:R,Resistor_SMD:R_0805_2012Metric,YAGEO,RT0805FRE0749R9L,https://www.digikey.es/es/products/detail/yageo/RT0805FRE0749R9L/1079284,RT,,,,,49R9,±1%,0.125W,1/8W,±50ppm/°C,0805 (2012 métrico),"0.079"" L x 0.049"" A (2.00mm x 1.25mm)","0.024"" (0.60mm)",,THIN FILM,,-55°C ~ 155°C,Activo,,,AMR,22/08/2026,,,,,,,,,,,
IPN_R-????,R0805_4K02_0.125W_±1%,RES SMD 4.02K OHM 1% 1/8W 0805,4K02 ±1% 1/8W,Resistors:R,Resistor_SMD:R_0805_2012Metric,YAGEO,RT0805FRE074K02L,https://www.digikey.es/es/products/detail/yageo/RT0805FRE074K02L/1079285,RT,,,,,4K02,±1%,0.125W,1/8W,±50ppm/°C,0805 (2012 métrico),"0.079"" L x 0.049"" A (2.00mm x 1.25mm)","0.024"" (0.60mm)",,THIN FILM,,-55°C ~ 155°C,Activo,,,AMR,22/08/2026,,,,,,,,,,,
IPN_R-????,R0805_4K12_0.125W_±1%,RES SMD 4.12K OHM 1% 1/8W 0805,4K12 ±1% 1/8W,Resistors:R,Resistor_SMD:R_0805_2012Metric,YAGEO,RT0805FRE074K12L,https://www.digikey.es/es/products/detail/yageo/RT0805FRE074K12L/1079286,RT,,,,,4K12,±1%,0.125W,1/8W,±50ppm/°C,0805 (2012 métrico),"0.079"" L x 0.049"" A (2.00mm x 1.25mm)","0.024"" (0.60mm)",,THIN FILM,,-55°C ~ 155°C,Activo,,,AMR,22/08/2026,,,,,,,,,,,
IPN_R-????,R0805_4K3_0.125W_±1%,RES SMD 4.3K OHM 1% 1/8W 0805,4K3 ±1% 1/8W,Resistors:R,Resistor_SMD:R_0805_2012Metric,YAGEO,RT0805FRE074K3L,https://www.digikey.es/es/products/detail/yageo/RT0805FRE074K3L/1079289,RT,,,,,4K3,±1%,0.125W,1/8W,±50ppm/°C,0805 (2012 métrico),"0.079"" L x 0.049"" A (2.00mm x 1.25mm)","0.024"" (0.60mm)",,THIN FILM,,-55°C ~ 155°C,Activo,,,AMR,22/08/2026,,,,,,,,,,,
IPN_R-????,R0805_4K32_0.125W_±1%,RES SMD 4.32K OHM 1% 1/8W 0805,4K32 ±1% 1/8W,Resistors:R,Resistor_SMD:R_0805_2012Metric,YAGEO,RT0805FRE074K32L,https://www.digikey.es/es/products/detail/yageo/RT0805FRE074K32L/1079288,RT,,,,,4K32,±1%,0.125W,1/8W,±50ppm/°C,0805 (2012 métrico),"0.079"" L x 0.049"" A (2.00mm x 1.25mm)","0.024"" (0.60mm)",,THIN FILM,,-55°C ~ 155°C,Activo,,,AMR,22/08/2026,,,,,,,,,,,
IPN_R-????,R0805_4K42_0.125W_±1%,RES SMD 4.42K OHM 1% 1/8W 0805,4K42 ±1% 1/8W,Resistors:R,Resistor_SMD:R_0805_2012Metric,YAGEO,RT0805FRE074K42L,https://www.digikey.es/es/products/detail/yageo/RT0805FRE074K42L/1079290,RT,,,,,4K42,±1%,0.125W,1/8W,±50ppm/°C,0805 (2012 métrico),"0.079"" L x 0.049"" A (2.00mm x 1.25mm)","0.024"" (0.60mm)",,THIN FILM,,-55°C ~ 155°C,Activo,,,AMR,22/08/2026,,,,,,,,,,,
IPN_R-????,R0805_4K53_0.125W_±1%,RES SMD 4.53K OHM 1% 1/8W 0805,4K53 ±1% 1/8W,Resistors:R,Resistor_SMD:R_0805_2012Metric,YAGEO,RT0805FRE074K53L,https://www.digikey.es/es/products/detail/yageo/RT0805FRE074K53L/1079291,RT,,,,,4K53,±1%,0.125W,1/8W,±50ppm/°C,0805 (2012 métrico),"0.079"" L x 0.049"" A (2.00mm x 1.25mm)","0.024"" (0.60mm)",,THIN FILM,,-55°C ~ 155°C,Activo,,,AMR,22/08/2026,,,,,,,,,,,
IPN_R-????,R0805_4K7_0.125W_±1%,RES SMD 4.7K OHM 1% 1/8W 0805,4K7 ±1% 1/8W,Resistors:R,Resistor_SMD:R_0805_2012Metric,YAGEO,RT0805FRE074K7L,https://www.digikey.es/es/products/detail/yageo/RT0805FRE074K7L/1079294,RT,,,,,4K7,±1%,0.125W,1/8W,±50ppm/°C,0805 (2012 métrico),"0.079"" L x 0.049"" A (2.00mm x 1.25mm)","0.024"" (0.60mm)",,THIN FILM,,-55°C ~ 155°C,Activo,,,AMR,22/08/2026,,,,,,,,,,,
IPN_R-????,R0805_4K75_0.125W_±1%,RES SMD 4.75K OHM 1% 1/8W 0805,4K75 ±1% 1/8W,Resistors:R,Resistor_SMD:R_0805_2012Metric,YAGEO,RT0805FRE074K75L,https://www.digikey.es/es/products/detail/yageo/RT0805FRE074K75L/1079293,RT,,,,,4K75,±1%,0.125W,1/8W,±50ppm/°C,0805 (2012 métrico),"0.079"" L x 0.049"" A (2.00mm x 1.25mm)","0.024"" (0.60mm)",,THIN FILM,,-55°C ~ 155°C,Activo,,,AMR,22/08/2026,,,,,,,,,,,
IPN_R-????,R0805_4K87_0.125W_±1%,RES SMD 4.87K OHM 1% 1/8W 0805,4K87 ±1% 1/8W,Resistors:R,Resistor_SMD:R_0805_2012Metric,YAGEO,RT0805FRE074K87L,https://www.digikey.es/es/products/detail/yageo/RT0805FRE074K87L/1079295,RT,,,,,4K87,±1%,0.125W,1/8W,±50ppm/°C,0805 (2012 métrico),"0.079"" L x 0.049"" A (2.00mm x 1.25mm)","0.024"" (0.60mm)",,THIN FILM,,-55°C ~ 155°C,Activo,,,AMR,22/08/2026,,,,,,,,,,,
IPN_R-????,R0805_4K99_0.125W_±1%,RES SMD 4.99K OHM 1% 1/8W 0805,4K99 ±1% 1/8W,Resistors:R,Resistor_SMD:R_0805_2012Metric,YAGEO,RT0805FRE074K99L,https://www.digikey.es/es/products/detail/yageo/RT0805FRE074K99L/1079296,RT,,,,,4K99,±1%,0.125W,1/8W,±50ppm/°C,0805 (2012 métrico),"0.079"" L x 0.049"" A (2.00mm x 1.25mm)","0.024"" (0.60mm)",,THIN FILM,,-55°C ~ 155°C,Activo,,,AMR,22/08/2026,,,,,,,,,,,
IPN_R-????,R0805_510K_0.125W_±1%,RES SMD 510K OHM 1% 1/8W 0805,510K ±1% 1/8W,Resistors:R,Resistor_SMD:R_0805_2012Metric,YAGEO,RT0805FRE07510KL,https://www.digikey.es/es/products/detail/yageo/RT0805FRE07510KL/1079297,RT,,,,,510K,±1%,0.125W,1/8W,±50ppm/°C,0805 (2012 métrico),"0.079"" L x 0.049"" A (2.00mm x 1.25mm)","0.024"" (0.60mm)",,THIN FILM,,-55°C ~ 155°C,Activo,,,AMR,22/08/2026,,,,,,,,,,,
IPN_R-????,R0805_510R_0.125W_±1%,RES SMD 510 OHM 1% 1/8W 0805,510R ±1% 1/8W,Resistors:R,Resistor_SMD:R_0805_2012Metric,YAGEO,RT0805FRE07510RL,https://www.digikey.es/es/products/detail/yageo/RT0805FRE07510RL/1079298,RT,,,,,510R,±1%,0.125W,1/8W,±50ppm/°C,0805 (2012 métrico),"0.079"" L x 0.049"" A (2.00mm x 1.25mm)","0.024"" (0.60mm)",,THIN FILM,,-55°C ~ 155°C,Activo,,,AMR,22/08/2026,,,,,,,,,,,
IPN_R-????,R0805_511K_0.125W_±1%,RES SMD 511K OHM 1% 1/8W 0805,511K ±1% 1/8W,Resistors:R,Resistor_SMD:R_0805_2012Metric,YAGEO,RT0805FRE07511KL,https://www.digikey.es/es/products/detail/yageo/RT0805FRE07511KL/1079299,RT,,,,,511K,±1%,0.125W,1/8W,±50ppm/°C,0805 (2012 métrico),"0.079"" L x 0.049"" A (2.00mm x 1.25mm)","0.024"" (0.60mm)",,THIN FILM,,-55°C ~ 155°C,Activo,,,AMR,22/08/2026,,,,,,,,,,,
IPN_R-????,R0805_511R_0.125W_±1%,RES SMD 511 OHM 1% 1/8W 0805,511R ±1% 1/8W,Resistors:R,Resistor_SMD:R_0805_2012Metric,YAGEO,RT0805FRE07511RL,https://www.digikey.es/es/products/detail/yageo/RT0805FRE07511RL/1079300,RT,,,,,511R,±1%,0.125W,1/8W,±50ppm/°C,0805 (2012 métrico),"0.079"" L x 0.049"" A (2.00mm x 1.25mm)","0.024"" (0.60mm)",,THIN FILM,,-55°C ~ 155°C,Activo,,,AMR,22/08/2026,,,,,,,,,,,
IPN_R-????,R0805_51K_0.125W_±1%,RES SMD 51K OHM 1% 1/8W 0805,51K ±1% 1/8W,Resistors:R,Resistor_SMD:R_0805_2012Metric,YAGEO,RT0805FRE0751KL,https://www.digikey.es/es/products/detail/yageo/RT0805FRE0751KL/1079302,RT,,,,,51K,±1%,0.125W,1/8W,±50ppm/°C,0805 (2012 métrico),"0.079"" L x 0.049"" A (2.00mm x 1.25mm)","0.024"" (0.60mm)",,THIN FILM,,-55°C ~ 155°C,Activo,,,AMR,22/08/2026,,,,,,,,,,,
IPN_R-????,R0805_51R_0.125W_±1%,RES SMD 51 OHM 1% 1/8W 0805,51R ±1% 1/8W,Resistors:R,Resistor_SMD:R_0805_2012Metric,YAGEO,RT0805FRE0751RL,https://www.digikey.es/es/products/detail/yageo/RT0805FRE0751RL/1079304,RT,,,,,51R,±1%,0.125W,1/8W,±50ppm/°C,0805 (2012 métrico),"0.079"" L x 0.049"" A (2.00mm x 1.25mm)","0.024"" (0.60mm)",,THIN FILM,,-55°C ~ 155°C,Activo,,,AMR,22/08/2026,,,,,,,,,,,
IPN_R-????,R0805_51R1_0.125W_±1%,RES SMD 51.1 OHM 1% 1/8W 0805,51R1 ±1% 1/8W,Resistors:R,Resistor_SMD:R_0805_2012Metric,YAGEO,RT0805FRE0751R1L,https://www.digikey.es/es/products/detail/yageo/RT0805FRE0751R1L/1079303,RT,,,,,51R1,±1%,0.125W,1/8W,±50ppm/°C,0805 (2012 métrico),"0.079"" L x 0.049"" A (2.00mm x 1.25mm)","0.024"" (0.60mm)",,THIN FILM,,-55°C ~ 155°C,Activo,,,AMR,22/08/2026,,,,,,,,,,,
IPN_R-????,R0805_523K_0.125W_±1%,RES SMD 523K OHM 1% 1/8W 0805,523K ±1% 1/8W,Resistors:R,Resistor_SMD:R_0805_2012Metric,YAGEO,RT0805FRE07523KL,https://www.digikey.es/es/products/detail/yageo/RT0805FRE07523KL/1079305,RT,,,,,523K,±1%,0.125W,1/8W,±50ppm/°C,0805 (2012 métrico),"0.079"" L x 0.049"" A (2.00mm x 1.25mm)","0.024"" (0.60mm)",,THIN FILM,,-55°C ~ 155°C,Activo,,,AMR,22/08/2026,,,,,,,,,,,
IPN_R-????,R0805_523R_0.125W_±1%,RES SMD 523 OHM 1% 1/8W 0805,523R ±1% 1/8W,Resistors:R,Resistor_SMD:R_0805_2012Metric,YAGEO,RT0805FRE07523RL,https://www.digikey.es/es/products/detail/yageo/RT0805FRE07523RL/1079306,RT,,,,,523R,±1%,0.125W,1/8W,±50ppm/°C,0805 (2012 métrico),"0.079"" L x 0.049"" A (2.00mm x 1.25mm)","0.024"" (0.60mm)",,THIN FILM,,-55°C ~ 155°C,Activo,,,AMR,22/08/2026,,,,,,,,,,,
IPN_R-????,R0805_52K3_0.125W_±1%,RES SMD 52.3K OHM 1% 1/8W 0805,52K3 ±1% 1/8W,Resistors:R,Resistor_SMD:R_0805_2012Metric,YAGEO,RT0805FRE0752K3L,https://www.digikey.es/es/products/detail/yageo/RT0805FRE0752K3L/1079307,RT,,,,,52K3,±1%,0.125W,1/8W,±50ppm/°C,0805 (2012 métrico),"0.079"" L x 0.049"" A (2.00mm x 1.25mm)","0.024"" (0.60mm)",,THIN FILM,,-55°C ~ 155°C,Activo,,,AMR,22/08/2026,,,,,,,,,,,
IPN_R-????,R0805_53K6_0.125W_±1%,RES SMD 53.6K OHM 1% 1/8W 0805,53K6 ±1% 1/8W,Resistors:R,Resistor_SMD:R_0805_2012Metric,YAGEO,RT0805FRE0753K6L,https://www.digikey.es/es/products/detail/yageo/RT0805FRE0753K6L/1079311,RT,,,,,53K6,±1%,0.125W,1/8W,±50ppm/°C,0805 (2012 métrico),"0.079"" L x 0.049"" A (2.00mm x 1.25mm)","0.024"" (0.60mm)",,THIN FILM,,-55°C ~ 155°C,Activo,,,AMR,22/08/2026,,,,,,,,,,,
IPN_R-????,R0805_549R_0.125W_±1%,RES SMD 549 OHM 1% 1/8W 0805,549R ±1% 1/8W,Resistors:R,Resistor_SMD:R_0805_2012Metric,YAGEO,RT0805FRE07549RL,https://www.digikey.es/es/products/detail/yageo/RT0805FRE07549RL/1079314,RT,,,,,549R,±1%,0.125W,1/8W,±50ppm/°C,0805 (2012 métrico),"0.079"" L x 0.049"" A (2.00mm x 1.25mm)","0.024"" (0.60mm)",,THIN FILM,,-55°C ~ 155°C,Activo,,,AMR,22/08/2026,,,,,,,,,,,
IPN_R-????,R0805_54R9_0.125W_±1%,RES SMD 54.9 OHM 1% 1/8W 0805,54R9 ±1% 1/8W,Resistors:R,Resistor_SMD:R_0805_2012Metric,YAGEO,RT0805FRE0754R9L,https://www.digikey.es/es/products/detail/yageo/RT0805FRE0754R9L/1079316,RT,,,,,54R9,±1%,0.125W,1/8W,±50ppm/°C,0805 (2012 métrico),"0.079"" L x 0.049"" A (2.00mm x 1.25mm)","0.024"" (0.60mm)",,THIN FILM,,-55°C ~ 155°C,Activo,,,AMR,22/08/2026,,,,,,,,,,,
IPN_R-????,R0805_560K_0.125W_±1%,RES SMD 560K OHM 1% 1/8W 0805,560K ±1% 1/8W,Resistors:R,Resistor_SMD:R_0805_2012Metric,YAGEO,RT0805FRE07560KL,https://www.digikey.es/es/products/detail/yageo/RT0805FRE07560KL/1079317,RT,,,,,560K,±1%,0.125W,1/8W,±50ppm/°C,0805 (2012 métrico),"0.079"" L x 0.049"" A (2.00mm x 1.25mm)","0.024"" (0.60mm)",,THIN FILM,,-55°C ~ 155°C,Activo,,,AMR,22/08/2026,,,,,,,,,,,
IPN_R-????,R0805_560R_0.125W_±1%,RES SMD 560 OHM 1% 1/8W 0805,560R ±1% 1/8W,Resistors:R,Resistor_SMD:R_0805_2012Metric,YAGEO,RT0805FRE07560RL,https://www.digikey.es/es/products/detail/yageo/RT0805FRE07560RL/1079318,RT,,,,,560R,±1%,0.125W,1/8W,±50ppm/°C,0805 (2012 métrico),"0.079"" L x 0.049"" A (2.00mm x 1.25mm)","0.024"" (0.60mm)",,THIN FILM,,-55°C ~ 155°C,Activo,,,AMR,22/08/2026,,,,,,,,,,,
IPN_R-????,R0805_562R_0.125W_±1%,RES SMD 562 OHM 1% 1/8W 0805,562R ±1% 1/8W,Resistors:R,Resistor_SMD:R_0805_2012Metric,YAGEO,RT0805FRE07562RL,https://www.digikey.es/es/products/detail/yageo/RT0805FRE07562RL/1079320,RT,,,,,562R,±1%,0.125W,1/8W,±50ppm/°C,0805 (2012 métrico),"0.079"" L x 0.049"" A (2.00mm x 1.25mm)","0.024"" (0.60mm)",,THIN FILM,,-55°C ~ 155°C,Activo,,,AMR,22/08/2026,,,,,,,,,,,
IPN_R-????,R0805_56K_0.125W_±1%,RES SMD 56K OHM 1% 1/8W 0805,56K ±1% 1/8W,Resistors:R,Resistor_SMD:R_0805_2012Metric,YAGEO,RT0805FRE0756KL,https://www.digikey.es/es/products/detail/yageo/RT0805FRE0756KL/1079322,RT,,,,,56K,±1%,0.125W,1/8W,±50ppm/°C,0805 (2012 métrico),"0.079"" L x 0.049"" A (2.00mm x 1.25mm)","0.024"" (0.60mm)",,THIN FILM,,-55°C ~ 155°C,Activo,,,AMR,22/08/2026,,,,,,,,,,,
IPN_R-????,R0805_56R_0.125W_±1%,RES SMD 56 OHM 1% 1/8W 0805,56R ±1% 1/8W,Resistors:R,Resistor_SMD:R_0805_2012Metric,YAGEO,RT0805FRE0756RL,https://www.digikey.es/es/products/detail/yageo/RT0805FRE0756RL/1079324,RT,,,,,56R,±1%,0.125W,1/8W,±50ppm/°C,0805 (2012 métrico),"0.079"" L x 0.049"" A (2.00mm x 1.25mm)","0.024"" (0.60mm)",,THIN FILM,,-55°C ~ 155°C,Activo,,,AMR,22/08/2026,,,,,,,,,,,
IPN_R-????,R0805_590R_0.125W_±1%,RES SMD 590 OHM 1% 1/8W 0805,590R ±1% 1/8W,Resistors:R,Resistor_SMD:R_0805_2012Metric,YAGEO,RT0805FRE07590RL,https://www.digikey.es/es/products/detail/yageo/RT0805FRE07590RL/1079330,RT,,,,,590R,±1%,0.125W,1/8W,±50ppm/°C,0805 (2012 métrico),"0.079"" L x 0.049"" A (2.00mm x 1.25mm)","0.024"" (0.60mm)",,THIN FILM,,-55°C ~ 155°C,Activo,,,AMR,22/08/2026,,,,,,,,,,,
IPN_R-????,R0805_59K_0.125W_±1%,RES SMD 59K OHM 1% 1/8W 0805,59K ±1% 1/8W,Resistors:R,Resistor_SMD:R_0805_2012Metric,YAGEO,RT0805FRE0759KL,https://www.digikey.es/es/products/detail/yageo/RT0805FRE0759KL/1079331,RT,,,,,59K,±1%,0.125W,1/8W,±50ppm/°C,0805 (2012 métrico),"0.079"" L x 0.049"" A (2.00mm x 1.25mm)","0.024"" (0.60mm)",,THIN FILM,,-55°C ~ 155°C,Activo,,,AMR,22/08/2026,,,,,,,,,,,
IPN_R-????,R0805_5K1_0.125W_±1%,RES SMD 5.1K OHM 1% 1/8W 0805,5K1 ±1% 1/8W,Resistors:R,Resistor_SMD:R_0805_2012Metric,YAGEO,RT0805FRE075K1L,https://www.digikey.es/es/products/detail/yageo/RT0805FRE075K1L/1079334,RT,,,,,5K1,±1%,0.125W,1/8W,±50ppm/°C,0805 (2012 métrico),"0.079"" L x 0.049"" A (2.00mm x 1.25mm)","0.024"" (0.60mm)",,THIN FILM,,-55°C ~ 155°C,Activo,,,AMR,22/08/2026,,,,,,,,,,,
IPN_R-????,R0805_5K11_0.125W_±1%,RES SMD 5.11K OHM 1% 1/8W 0805,5K11 ±1% 1/8W,Resistors:R,Resistor_SMD:R_0805_2012Metric,YAGEO,RT0805FRE075K11L,https://www.digikey.es/es/products/detail/yageo/RT0805FRE075K11L/1079333,RT,,,,,5K11,±1%,0.125W,1/8W,±50ppm/°C,0805 (2012 métrico),"0.079"" L x 0.049"" A (2.00mm x 1.25mm)","0.024"" (0.60mm)",,THIN FILM,,-55°C ~ 155°C,Activo,,,AMR,22/08/2026,,,,,,,,,,,
IPN_R-????,R0805_5K23_0.125W_±1%,RES SMD 5.23K OHM 1% 1/8W 0805,5K23 ±1% 1/8W,Resistors:R,Resistor_SMD:R_0805_2012Metric,YAGEO,RT0805FRE075K23L,https://www.digikey.es/es/products/detail/yageo/RT0805FRE075K23L/1079335,RT,,,,,5K23,±1%,0.125W,1/8W,±50ppm/°C,0805 (2012 métrico),"0.079"" L x 0.049"" A (2.00mm x 1.25mm)","0.024"" (0.60mm)",,THIN FILM,,-55°C ~ 155°C,Activo,,,AMR,22/08/2026,,,,,,,,,,,
IPN_R-????,R0805_5K49_0.125W_±1%,RES SMD 5.49K OHM 1% 1/8W 0805,5K49 ±1% 1/8W,Resistors:R,Resistor_SMD:R_0805_2012Metric,YAGEO,RT0805FRE075K49L,https://www.digikey.es/es/products/detail/yageo/RT0805FRE075K49L/1079337,RT,,,,,5K49,±1%,0.125W,1/8W,±50ppm/°C,0805 (2012 métrico),"0.079"" L x 0.049"" A (2.00mm x 1.25mm)","0.024"" (0.60mm)",,THIN FILM,,-55°C ~ 155°C,Activo,,,AMR,22/08/2026,,,,,,,,,,,
IPN_R-????,R0805_5K62_0.125W_±1%,RES SMD 5.62K OHM 1% 1/8W 0805,5K62 ±1% 1/8W,Resistors:R,Resistor_SMD:R_0805_2012Metric,YAGEO,RT0805FRE075K62L,https://www.digikey.es/es/products/detail/yageo/RT0805FRE075K62L/1079338,RT,,,,,5K62,±1%,0.125W,1/8W,±50ppm/°C,0805 (2012 métrico),"0.079"" L x 0.049"" A (2.00mm x 1.25mm)","0.024"" (0.60mm)",,THIN FILM,,-55°C ~ 155°C,Activo,,,AMR,22/08/2026,,,,,,,,,,,
IPN_R-????,R0805_5K9_0.125W_±1%,RES SMD 5.9K OHM 1% 1/8W 0805,5K9 ±1% 1/8W,Resistors:R,Resistor_SMD:R_0805_2012Metric,YAGEO,RT0805FRE075K9L,https://www.digikey.es/es/products/detail/yageo/RT0805FRE075K9L/1079341,RT,,,,,5K9,±1%,0.125W,1/8W,±50ppm/°C,0805 (2012 métrico),"0.079"" L x 0.049"" A (2.00mm x 1.25mm)","0.024"" (0.60mm)",,THIN FILM,,-55°C ~ 155°C,Activo,,,AMR,22/08/2026,,,,,,,,,,,
IPN_R-????,R0805_5R1_0.125W_±1%,RES SMD 5.1 OHM 1% 1/8W 0805,5R1 ±1% 1/8W,Resistors:R,Resistor_SMD:R_0805_2012Metric,YAGEO,RT0805FRE075R1L,https://www.digikey.es/es/products/detail/yageo/RT0805FRE075R1L/5934345,RT,,,,,5R1,±1%,0.125W,1/8W,±50ppm/°C,0805 (2012 métrico),"0.079"" L x 0.049"" A (2.00mm x 1.25mm)","0.024"" (0.60mm)",,THIN FILM,,-55°C ~ 155°C,Activo,,,AMR,22/08/2026,,,,,,,,,,,
IPN_R-????,R0805_604K_0.125W_±1%,RES SMD 604K OHM 1% 1/8W 0805,604K ±1% 1/8W,Resistors:R,Resistor_SMD:R_0805_2012Metric,YAGEO,RT0805FRE07604KL,https://www.digikey.es/es/products/detail/yageo/RT0805FRE07604KL/1079342,RT,,,,,604K,±1%,0.125W,1/8W,±50ppm/°C,0805 (2012 métrico),"0.079"" L x 0.049"" A (2.00mm x 1.25mm)","0.024"" (0.60mm)",,THIN FILM,,-55°C ~ 155°C,Activo,,,AMR,22/08/2026,,,,,,,,,,,
IPN_R-????,R0805_604R_0.125W_±1%,RES SMD 604 OHM 1% 1/8W 0805,604R ±1% 1/8W,Resistors:R,Resistor_SMD:R_0805_2012Metric,YAGEO,RT0805FRE07604RL,https://www.digikey.es/es/products/detail/yageo/RT0805FRE07604RL/1079343,RT,,,,,604R,±1%,0.125W,1/8W,±50ppm/°C,0805 (2012 métrico),"0.079"" L x 0.049"" A (2.00mm x 1.25mm)","0.024"" (0.60mm)",,THIN FILM,,-55°C ~ 155°C,Activo,,,AMR,22/08/2026,,,,,,,,,,,
IPN_R-????,R0805_60K4_0.125W_±1%,RES SMD 60.4K OHM 1% 1/8W 0805,60K4 ±1% 1/8W,Resistors:R,Resistor_SMD:R_0805_2012Metric,YAGEO,RT0805FRE0760K4L,https://www.digikey.es/es/products/detail/yageo/RT0805FRE0760K4L/1079344,RT,,,,,60K4,±1%,0.125W,1/8W,±50ppm/°C,0805 (2012 métrico),"0.079"" L x 0.049"" A (2.00mm x 1.25mm)","0.024"" (0.60mm)",,THIN FILM,,-55°C ~ 155°C,Activo,,,AMR,22/08/2026,,,,,,,,,,,
IPN_R-????,R0805_60R4_0.125W_±1%,RES SMD 60.4 OHM 1% 1/8W 0805,60R4 ±1% 1/8W,Resistors:R,Resistor_SMD:R_0805_2012Metric,YAGEO,RT0805FRE0760R4L,https://www.digikey.es/es/products/detail/yageo/RT0805FRE0760R4L/1079345,RT,,,,,60R4,±1%,0.125W,1/8W,±50ppm/°C,0805 (2012 métrico),"0.079"" L x 0.049"" A (2.00mm x 1.25mm)","0.024"" (0.60mm)",,THIN FILM,,-55°C ~ 155°C,Activo,,,AMR,22/08/2026,,,,,,,,,,,
IPN_R-????,R0805_619K_0.125W_±1%,RES SMD 619K OHM 1% 1/8W 0805,619K ±1% 1/8W,Resistors:R,Resistor_SMD:R_0805_2012Metric,YAGEO,RT0805FRE07619KL,https://www.digikey.es/es/products/detail/yageo/RT0805FRE07619KL/1079346,RT,,,,,619K,±1%,0.125W,1/8W,±50ppm/°C,0805 (2012 métrico),"0.079"" L x 0.049"" A (2.00mm x 1.25mm)","0.024"" (0.60mm)",,THIN FILM,,-55°C ~ 155°C,Activo,,,AMR,22/08/2026,,,,,,,,,,,
IPN_R-????,R0805_620K_0.125W_±1%,RES SMD 620K OHM 1% 1/8W 0805,620K ±1% 1/8W,Resistors:R,Resistor_SMD:R_0805_2012Metric,YAGEO,RT0805FRE07620KL,https://www.digikey.es/es/products/detail/yageo/RT0805FRE07620KL/1079350,RT,,,,,620K,±1%,0.125W,1/8W,±50ppm/°C,0805 (2012 métrico),"0.079"" L x 0.049"" A (2.00mm x 1.25mm)","0.024"" (0.60mm)",,THIN FILM,,-55°C ~ 155°C,Activo,,,AMR,22/08/2026,,,,,,,,,,,
IPN_R-????,R0805_620R_0.125W_±1%,RES SMD 620 OHM 1% 1/8W 0805,620R ±1% 1/8W,Resistors:R,Resistor_SMD:R_0805_2012Metric,YAGEO,RT0805FRE07620RL,https://www.digikey.es/es/products/detail/yageo/RT0805FRE07620RL/1079351,RT,,,,,620R,±1%,0.125W,1/8W,±50ppm/°C,0805 (2012 métrico),"0.079"" L x 0.049"" A (2.00mm x 1.25mm)","0.024"" (0.60mm)",,THIN FILM,,-55°C ~ 155°C,Activo,,,AMR,22/08/2026,,,,,,,,,,,
IPN_R-????,R0805_62K_0.125W_±1%,RES SMD 62K OHM 1% 1/8W 0805,62K ±1% 1/8W,Resistors:R,Resistor_SMD:R_0805_2012Metric,YAGEO,RT0805FRE0762KL,https://www.digikey.es/es/products/detail/yageo/RT0805FRE0762KL/1079352,RT,,,,,62K,±1%,0.125W,1/8W,±50ppm/°C,0805 (2012 métrico),"0.079"" L x 0.049"" A (2.00mm x 1.25mm)","0.024"" (0.60mm)",,THIN FILM,,-55°C ~ 155°C,Activo,,,AMR,22/08/2026,,,,,,,,,,,
IPN_R-????,R0805_62R_0.125W_±1%,RES SMD 62 OHM 1% 1/8W 0805,62R ±1% 1/8W,Resistors:R,Resistor_SMD:R_0805_2012Metric,YAGEO,RT0805FRE0762RL,https://www.digikey.es/es/products/detail/yageo/RT0805FRE0762RL/1079353,RT,,,,,62R,±1%,0.125W,1/8W,±50ppm/°C,0805 (2012 métrico),"0.079"" L x 0.049"" A (2.00mm x 1.25mm)","0.024"" (0.60mm)",,THIN FILM,,-55°C ~ 155°C,Activo,,,AMR,22/08/2026,,,,,,,,,,,
IPN_R-????,R0805_649R_0.125W_±1%,RES SMD 649 OHM 1% 1/8W 0805,649R ±1% 1/8W,Resistors:R,Resistor_SMD:R_0805_2012Metric,YAGEO,RT0805FRE07649RL,https://www.digikey.es/es/products/detail/yageo/RT0805FRE07649RL/1079359,RT,,,,,649R,±1%,0.125W,1/8W,±50ppm/°C,0805 (2012 métrico),"0.079"" L x 0.049"" A (2.00mm x 1.25mm)","0.024"" (0.60mm)",,THIN FILM,,-55°C ~ 155°C,Activo,,,AMR,22/08/2026,,,,,,,,,,,
IPN_R-????,R0805_64R9_0.125W_±1%,RES SMD 64.9 OHM 1% 1/8W 0805,64R9 ±1% 1/8W,Resistors:R,Resistor_SMD:R_0805_2012Metric,YAGEO,RT0805FRE0764R9L,https://www.digikey.es/es/products/detail/yageo/RT0805FRE0764R9L/1079361,RT,,,,,64R9,±1%,0.125W,1/8W,±50ppm/°C,0805 (2012 métrico),"0.079"" L x 0.049"" A (2.00mm x 1.25mm)","0.024"" (0.60mm)",,THIN FILM,,-55°C ~ 155°C,Activo,,,AMR,22/08/2026,,,,,,,,,,,
IPN_R-????,R0805_665R_0.125W_±1%,RES SMD 665 OHM 1% 1/8W 0805,665R ±1% 1/8W,Resistors:R,Resistor_SMD:R_0805_2012Metric,YAGEO,RT0805FRE07665RL,https://www.digikey.es/es/products/detail/yageo/RT0805FRE07665RL/1079363,RT,,,,,665R,±1%,0.125W,1/8W,±50ppm/°C,0805 (2012 métrico),"0.079"" L x 0.049"" A (2.00mm x 1.25mm)","0.024"" (0.60mm)",,THIN FILM,,-55°C ~ 155°C,Activo,,,AMR,22/08/2026,,,,,,,,,,,
IPN_R-????,R0805_66K5_0.125W_±1%,RES SMD 66.5K OHM 1% 1/8W 0805,66K5 ±1% 1/8W,Resistors:R,Resistor_SMD:R_0805_2012Metric,YAGEO,RT0805FRE0766K5L,https://www.digikey.es/es/products/detail/yageo/RT0805FRE0766K5L/1079364,RT,,,,,66K5,±1%,0.125W,1/8W,±50ppm/°C,0805 (2012 métrico),"0.079"" L x 0.049"" A (2.00mm x 1.25mm)","0.024"" (0.60mm)",,THIN FILM,,-55°C ~ 155°C,Activo,,,AMR,22/08/2026,,,,,,,,,,,
IPN_R-????,R0805_680K_0.125W_±1%,RES SMD 680K OHM 1% 1/8W 0805,680K ±1% 1/8W,Resistors:R,Resistor_SMD:R_0805_2012Metric,YAGEO,RT0805FRE07680KL,https://www.digikey.es/es/products/detail/yageo/RT0805FRE07680KL/1079366,RT,,,,,680K,±1%,0.125W,1/8W,±50ppm/°C,0805 (2012 métrico),"0.079"" L x 0.049"" A (2.00mm x 1.25mm)","0.024"" (0.60mm)",,THIN FILM,,-55°C ~ 155°C,Activo,,,AMR,22/08/2026,,,,,,,,,,,
IPN_R-????,R0805_680R_0.125W_±1%,RES SMD 680 OHM 1% 1/8W 0805,680R ±1% 1/8W,Resistors:R,Resistor_SMD:R_0805_2012Metric,YAGEO,RT0805FRE07680RL,https://www.digikey.es/es/products/detail/yageo/RT0805FRE07680RL/1079367,RT,,,,,680R,±1%,0.125W,1/8W,±50ppm/°C,0805 (2012 métrico),"0.079"" L x 0.049"" A (2.00mm x 1.25mm)","0.024"" (0.60mm)",,THIN FILM,,-55°C ~ 155°C,Activo,,,AMR,22/08/2026,,,,,,,,,,,
IPN_R-????,R0805_681R_0.125W_±1%,RES SMD 681 OHM 1% 1/8W 0805,681R ±1% 1/8W,Resistors:R,Resistor_SMD:R_0805_2012Metric,YAGEO,RT0805FRE07681RL,https://www.digikey.es/es/products/detail/yageo/RT0805FRE07681RL/1079369,RT,,,,,681R,±1%,0.125W,1/8W,±50ppm/°C,0805 (2012 métrico),"0.079"" L x 0.049"" A (2.00mm x 1.25mm)","0.024"" (0.60mm)",,THIN FILM,,-55°C ~ 155°C,Activo,,,AMR,22/08/2026,,,,,,,,,,,
IPN_R-????,R0805_68K_0.125W_±1%,RES SMD 68K OHM 1% 1/8W 0805,68K ±1% 1/8W,Resistors:R,Resistor_SMD:R_0805_2012Metric,YAGEO,RT0805FRE0768KL,https://www.digikey.es/es/products/detail/yageo/RT0805FRE0768KL/1079371,RT,,,,,68K,±1%,0.125W,1/8W,±50ppm/°C,0805 (2012 métrico),"0.079"" L x 0.049"" A (2.00mm x 1.25mm)","0.024"" (0.60mm)",,THIN FILM,,-55°C ~ 155°C,Activo,,,AMR,22/08/2026,,,,,,,,,,,
IPN_R-????,R0805_68K1_0.125W_±1%,RES SMD 68.1K OHM 1% 1/8W 0805,68K1 ±1% 1/8W,Resistors:R,Resistor_SMD:R_0805_2012Metric,YAGEO,RT0805FRE0768K1L,https://www.digikey.es/es/products/detail/yageo/RT0805FRE0768K1L/1079370,RT,,,,,68K1,±1%,0.125W,1/8W,±50ppm/°C,0805 (2012 métrico),"0.079"" L x 0.049"" A (2.00mm x 1.25mm)","0.024"" (0.60mm)",,THIN FILM,,-55°C ~ 155°C,Activo,,,AMR,22/08/2026,,,,,,,,,,,
IPN_R-????,R0805_68R_0.125W_±1%,RES SMD 68 OHM 1% 1/8W 0805,68R ±1% 1/8W,Resistors:R,Resistor_SMD:R_0805_2012Metric,YAGEO,RT0805FRE0768RL,https://www.digikey.es/es/products/detail/yageo/RT0805FRE0768RL/1079373,RT,,,,,68R,±1%,0.125W,1/8W,±50ppm/°C,0805 (2012 métrico),"0.079"" L x 0.049"" A (2.00mm x 1.25mm)","0.024"" (0.60mm)",,THIN FILM,,-55°C ~ 155°C,Activo,,,AMR,22/08/2026,,,,,,,,,,,
IPN_R-????,R0805_68R1_0.125W_±1%,RES SMD 68.1 OHM 1% 1/8W 0805,68R1 ±1% 1/8W,Resistors:R,Resistor_SMD:R_0805_2012Metric,YAGEO,RT0805FRE0768R1L,https://www.digikey.es/es/products/detail/yageo/RT0805FRE0768R1L/1079372,RT,,,,,68R1,±1%,0.125W,1/8W,±50ppm/°C,0805 (2012 métrico),"0.079"" L x 0.049"" A (2.00mm x 1.25mm)","0.024"" (0.60mm)",,THIN FILM,,-55°C ~ 155°C,Activo,,,AMR,22/08/2026,,,,,,,,,,,
IPN_R-????,R0805_698K_0.125W_±1%,RES SMD 698K OHM 1% 1/8W 0805,698K ±1% 1/8W,Resistors:R,Resistor_SMD:R_0805_2012Metric,YAGEO,RT0805FRE07698KL,https://www.digikey.es/es/products/detail/yageo/RT0805FRE07698KL/1079374,RT,,,,,698K,±1%,0.125W,1/8W,±50ppm/°C,0805 (2012 métrico),"0.079"" L x 0.049"" A (2.00mm x 1.25mm)","0.024"" (0.60mm)",,THIN FILM,,-55°C ~ 155°C,Activo,,,AMR,22/08/2026,,,,,,,,,,,
IPN_R-????,R0805_698R_0.125W_±1%,RES SMD 698 OHM 1% 1/8W 0805,698R ±1% 1/8W,Resistors:R,Resistor_SMD:R_0805_2012Metric,YAGEO,RT0805FRE07698RL,https://www.digikey.es/es/products/detail/yageo/RT0805FRE07698RL/1079375,RT,,,,,698R,±1%,0.125W,1/8W,±50ppm/°C,0805 (2012 métrico),"0.079"" L x 0.049"" A (2.00mm x 1.25mm)","0.024"" (0.60mm)",,THIN FILM,,-55°C ~ 155°C,Activo,,,AMR,22/08/2026,,,,,,,,,,,
IPN_R-????,R0805_6K04_0.125W_±1%,RES SMD 6.04K OHM 1% 1/8W 0805,6K04 ±1% 1/8W,Resistors:R,Resistor_SMD:R_0805_2012Metric,YAGEO,RT0805FRE076K04L,https://www.digikey.es/es/products/detail/yageo/RT0805FRE076K04L/1079378,RT,,,,,6K04,±1%,0.125W,1/8W,±50ppm/°C,0805 (2012 métrico),"0.079"" L x 0.049"" A (2.00mm x 1.25mm)","0.024"" (0.60mm)",,THIN FILM,,-55°C ~ 155°C,Activo,,,AMR,22/08/2026,,,,,,,,,,,
IPN_R-????,R0805_6K19_0.125W_±1%,RES SMD 6.19K OHM 1% 1/8W 0805,6K19 ±1% 1/8W,Resistors:R,Resistor_SMD:R_0805_2012Metric,YAGEO,RT0805FRE076K19L,https://www.digikey.es/es/products/detail/yageo/RT0805FRE076K19L/1079379,RT,,,,,6K19,±1%,0.125W,1/8W,±50ppm/°C,0805 (2012 métrico),"0.079"" L x 0.049"" A (2.00mm x 1.25mm)","0.024"" (0.60mm)",,THIN FILM,,-55°C ~ 155°C,Activo,,,AMR,22/08/2026,,,,,,,,,,,
IPN_R-????,R0805_6K2_0.125W_±1%,RES SMD 6.2K OHM 1% 1/8W 0805,6K2 ±1% 1/8W,Resistors:R,Resistor_SMD:R_0805_2012Metric,YAGEO,RT0805FRE076K2L,https://www.digikey.es/es/products/detail/yageo/RT0805FRE076K2L/1079380,RT,,,,,6K2,±1%,0.125W,1/8W,±50ppm/°C,0805 (2012 métrico),"0.079"" L x 0.049"" A (2.00mm x 1.25mm)","0.024"" (0.60mm)",,THIN FILM,,-55°C ~ 155°C,Activo,,,AMR,22/08/2026,,,,,,,,,,,
IPN_R-????,R0805_6K49_0.125W_±1%,RES SMD 6.49K OHM 1% 1/8W 0805,6K49 ±1% 1/8W,Resistors:R,Resistor_SMD:R_0805_2012Metric,YAGEO,RT0805FRE076K49L,https://www.digikey.es/es/products/detail/yageo/RT0805FRE076K49L/1079382,RT,,,,,6K49,±1%,0.125W,1/8W,±50ppm/°C,0805 (2012 métrico),"0.079"" L x 0.049"" A (2.00mm x 1.25mm)","0.024"" (0.60mm)",,THIN FILM,,-55°C ~ 155°C,Activo,,,AMR,22/08/2026,,,,,,,,,,,
IPN_R-????,R0805_6K8_0.125W_±1%,RES SMD 6.8K OHM 1% 1/8W 0805,6K8 ±1% 1/8W,Resistors:R,Resistor_SMD:R_0805_2012Metric,YAGEO,RT0805FRE076K8L,https://www.digikey.es/es/products/detail/yageo/RT0805FRE076K8L/1079385,RT,,,,,6K8,±1%,0.125W,1/8W,±50ppm/°C,0805 (2012 métrico),"0.079"" L x 0.049"" A (2.00mm x 1.25mm)","0.024"" (0.60mm)",,THIN FILM,,-55°C ~ 155°C,Activo,,,AMR,22/08/2026,,,,,,,,,,,
IPN_R-????,R0805_6K81_0.125W_±1%,RES SMD 6.81K OHM 1% 1/8W 0805,6K81 ±1% 1/8W,Resistors:R,Resistor_SMD:R_0805_2012Metric,YAGEO,RT0805FRE076K81L,https://www.digikey.es/es/products/detail/yageo/RT0805FRE076K81L/1079384,RT,,,,,6K81,±1%,0.125W,1/8W,±50ppm/°C,0805 (2012 métrico),"0.079"" L x 0.049"" A (2.00mm x 1.25mm)","0.024"" (0.60mm)",,THIN FILM,,-55°C ~ 155°C,Activo,,,AMR,22/08/2026,,,,,,,,,,,
IPN_R-????,R0805_6K98_0.125W_±1%,RES SMD 6.98K OHM 1% 1/8W 0805,6K98 ±1% 1/8W,Resistors:R,Resistor_SMD:R_0805_2012Metric,YAGEO,RT0805FRE076K98L,https://www.digikey.es/es/products/detail/yageo/RT0805FRE076K98L/1079386,RT,,,,,6K98,±1%,0.125W,1/8W,±50ppm/°C,0805 (2012 métrico),"0.079"" L x 0.049"" A (2.00mm x 1.25mm)","0.024"" (0.60mm)",,THIN FILM,,-55°C ~ 155°C,Activo,,,AMR,22/08/2026,,,,,,,,,,,
IPN_R-????,R0805_6R04_0.125W_±1%,RES SMD 6.04 OHM 1% 1/8W 0805,6R04 ±1% 1/8W,Resistors:R,Resistor_SMD:R_0805_2012Metric,YAGEO,RT0805FRE076R04L,https://www.digikey.es/es/products/detail/yageo/RT0805FRE076R04L/5934350,RT,,,,,6R04,±1%,0.125W,1/8W,±50ppm/°C,0805 (2012 métrico),"0.079"" L x 0.049"" A (2.00mm x 1.25mm)","0.024"" (0.60mm)",,THIN FILM,,-55°C ~ 155°C,Activo,,,AMR,22/08/2026,,,,,,,,,,,
IPN_R-????,R0805_6R2_0.125W_±1%,RES SMD 6.2 OHM 1% 1/8W 0805,6R2 ±1% 1/8W,Resistors:R,Resistor_SMD:R_0805_2012Metric,YAGEO,RT0805FRE076R2L,https://www.digikey.es/es/products/detail/yageo/RT0805FRE076R2L/5934351,RT,,,,,6R2,±1%,0.125W,1/8W,±50ppm/°C,0805 (2012 métrico),"0.079"" L x 0.049"" A (2.00mm x 1.25mm)","0.024"" (0.60mm)",,THIN FILM,,-55°C ~ 155°C,Activo,,,AMR,22/08/2026,,,,,,,,,,,
IPN_R-????,R0805_715R_0.125W_±1%,RES SMD 715 OHM 1% 1/8W 0805,715R ±1% 1/8W,Resistors:R,Resistor_SMD:R_0805_2012Metric,YAGEO,RT0805FRE07715RL,https://www.digikey.es/es/products/detail/yageo/RT0805FRE07715RL/1079388,RT,,,,,715R,±1%,0.125W,1/8W,±50ppm/°C,0805 (2012 métrico),"0.079"" L x 0.049"" A (2.00mm x 1.25mm)","0.024"" (0.60mm)",,THIN FILM,,-55°C ~ 155°C,Activo,,,AMR,22/08/2026,,,,,,,,,,,
IPN_R-????,R0805_71K5_0.125W_±1%,RES SMD 71.5K OHM 1% 1/8W 0805,71K5 ±1% 1/8W,Resistors:R,Resistor_SMD:R_0805_2012Metric,YAGEO,RT0805FRE0771K5L,https://www.digikey.es/es/products/detail/yageo/RT0805FRE0771K5L/1079389,RT,,,,,71K5,±1%,0.125W,1/8W,±50ppm/°C,0805 (2012 métrico),"0.079"" L x 0.049"" A (2.00mm x 1.25mm)","0.024"" (0.60mm)",,THIN FILM,,-55°C ~ 155°C,Activo,,,AMR,22/08/2026,,,,,,,,,,,
IPN_R-????,R0805_732R_0.125W_±1%,RES SMD 732 OHM 1% 1/8W 0805,732R ±1% 1/8W,Resistors:R,Resistor_SMD:R_0805_2012Metric,YAGEO,RT0805FRE07732RL,https://www.digikey.es/es/products/detail/yageo/RT0805FRE07732RL/1079392,RT,,,,,732R,±1%,0.125W,1/8W,±50ppm/°C,0805 (2012 métrico),"0.079"" L x 0.049"" A (2.00mm x 1.25mm)","0.024"" (0.60mm)",,THIN FILM,,-55°C ~ 155°C,Activo,,,AMR,22/08/2026,,,,,,,,,,,
IPN_R-????,R0805_73K2_0.125W_±1%,RES SMD 73.2K OHM 1% 1/8W 0805,73K2 ±1% 1/8W,Resistors:R,Resistor_SMD:R_0805_2012Metric,YAGEO,RT0805FRE0773K2L,https://www.digikey.es/es/products/detail/yageo/RT0805FRE0773K2L/1079393,RT,,,,,73K2,±1%,0.125W,1/8W,±50ppm/°C,0805 (2012 métrico),"0.079"" L x 0.049"" A (2.00mm x 1.25mm)","0.024"" (0.60mm)",,THIN FILM,,-55°C ~ 155°C,Activo,,,AMR,22/08/2026,,,,,,,,,,,
IPN_R-????,R0805_750K_0.125W_±1%,RES SMD 750K OHM 1% 1/8W 0805,750K ±1% 1/8W,Resistors:R,Resistor_SMD:R_0805_2012Metric,YAGEO,RT0805FRE07750KL,https://www.digikey.es/es/products/detail/yageo/RT0805FRE07750KL/1035152,RT,,,,,750K,±1%,0.125W,1/8W,±50ppm/°C,0805 (2012 métrico),"0.079"" L x 0.049"" A (2.00mm x 1.25mm)","0.024"" (0.60mm)",,THIN FILM,,-55°C ~ 155°C,Activo,,,AMR,22/08/2026,,,,,,,,,,,
IPN_R-????,R0805_750R_0.125W_±1%,RES SMD 750 OHM 1% 1/8W 0805,750R ±1% 1/8W,Resistors:R,Resistor_SMD:R_0805_2012Metric,YAGEO,RT0805FRE07750RL,https://www.digikey.es/es/products/detail/yageo/RT0805FRE07750RL/1079395,RT,,,,,750R,±1%,0.125W,1/8W,±50ppm/°C,0805 (2012 métrico),"0.079"" L x 0.049"" A (2.00mm x 1.25mm)","0.024"" (0.60mm)",,THIN FILM,,-55°C ~ 155°C,Activo,,,AMR,22/08/2026,,,,,,,,,,,
IPN_R-????,R0805_75K_0.125W_±1%,RES SMD 75K OHM 1% 1/8W 0805,75K ±1% 1/8W,Resistors:R,Resistor_SMD:R_0805_2012Metric,YAGEO,RT0805FRE0775KL,https://www.digikey.es/es/products/detail/yageo/RT0805FRE0775KL/1079396,RT,,,,,75K,±1%,0.125W,1/8W,±50ppm/°C,0805 (2012 métrico),"0.079"" L x 0.049"" A (2.00mm x 1.25mm)","0.024"" (0.60mm)",,THIN FILM,,-55°C ~ 155°C,Activo,,,AMR,22/08/2026,,,,,,,,,,,
IPN_R-????,R0805_75R_0.125W_±1%,RES SMD 75 OHM 1% 1/8W 0805,75R ±1% 1/8W,Resistors:R,Resistor_SMD:R_0805_2012Metric,YAGEO,RT0805FRE0775RL,https://www.digikey.es/es/products/detail/yageo/RT0805FRE0775RL/1079397,RT,,,,,75R,±1%,0.125W,1/8W,±50ppm/°C,0805 (2012 métrico),"0.079"" L x 0.049"" A (2.00mm x 1.25mm)","0.024"" (0.60mm)",,THIN FILM,,-55°C ~ 155°C,Activo,,,AMR,22/08/2026,,,,,,,,,,,
IPN_R-????,R0805_768R_0.125W_±1%,RES SMD 768 OHM 1% 1/8W 0805,768R ±1% 1/8W,Resistors:R,Resistor_SMD:R_0805_2012Metric,YAGEO,RT0805FRE07768RL,https://www.digikey.es/es/products/detail/yageo/RT0805FRE07768RL/5934356,RT,,,,,768R,±1%,0.125W,1/8W,±50ppm/°C,0805 (2012 métrico),"0.079"" L x 0.049"" A (2.00mm x 1.25mm)","0.024"" (0.60mm)",,THIN FILM,,-55°C ~ 155°C,Activo,,,AMR,22/08/2026,,,,,,,,,,,
IPN_R-????,R0805_76K8_0.125W_±1%,RES SMD 76.8K OHM 1% 1/8W 0805,76K8 ±1% 1/8W,Resistors:R,Resistor_SMD:R_0805_2012Metric,YAGEO,RT0805FRE0776K8L,https://www.digikey.es/es/products/detail/yageo/RT0805FRE0776K8L/5934357,RT,,,,,76K8,±1%,0.125W,1/8W,±50ppm/°C,0805 (2012 métrico),"0.079"" L x 0.049"" A (2.00mm x 1.25mm)","0.024"" (0.60mm)",,THIN FILM,,-55°C ~ 155°C,Activo,,,AMR,22/08/2026,,,,,,,,,,,
IPN_R-????,R0805_78K7_0.125W_±1%,RES SMD 78.7K OHM 1% 1/8W 0805,78K7 ±1% 1/8W,Resistors:R,Resistor_SMD:R_0805_2012Metric,YAGEO,RT0805FRE0778K7L,https://www.digikey.es/es/products/detail/yageo/RT0805FRE0778K7L/1079400,RT,,,,,78K7,±1%,0.125W,1/8W,±50ppm/°C,0805 (2012 métrico),"0.079"" L x 0.049"" A (2.00mm x 1.25mm)","0.024"" (0.60mm)",,THIN FILM,,-55°C ~ 155°C,Activo,,,AMR,22/08/2026,,,,,,,,,,,
IPN_R-????,R0805_7K15_0.125W_±1%,RES SMD 7.15K OHM 1% 1/8W 0805,7K15 ±1% 1/8W,Resistors:R,Resistor_SMD:R_0805_2012Metric,YAGEO,RT0805FRE077K15L,https://www.digikey.es/es/products/detail/yageo/RT0805FRE077K15L/1079402,RT,,,,,7K15,±1%,0.125W,1/8W,±50ppm/°C,0805 (2012 métrico),"0.079"" L x 0.049"" A (2.00mm x 1.25mm)","0.024"" (0.60mm)",,THIN FILM,,-55°C ~ 155°C,Activo,,,AMR,22/08/2026,,,,,,,,,,,
IPN_R-????,R0805_7K5_0.125W_±1%,RES SMD 7.5K OHM 1% 1/8W 0805,7K5 ±1% 1/8W,Resistors:R,Resistor_SMD:R_0805_2012Metric,YAGEO,RT0805FRE077K5L,https://www.digikey.es/es/products/detail/yageo/RT0805FRE077K5L/1079404,RT,,,,,7K5,±1%,0.125W,1/8W,±50ppm/°C,0805 (2012 métrico),"0.079"" L x 0.049"" A (2.00mm x 1.25mm)","0.024"" (0.60mm)",,THIN FILM,,-55°C ~ 155°C,Activo,,,AMR,22/08/2026,,,,,,,,,,,
IPN_R-????,R0805_7K68_0.125W_±1%,RES SMD 7.68K OHM 1% 1/8W 0805,7K68 ±1% 1/8W,Resistors:R,Resistor_SMD:R_0805_2012Metric,YAGEO,RT0805FRE077K68L,https://www.digikey.es/es/products/detail/yageo/RT0805FRE077K68L/5934359,RT,,,,,7K68,±1%,0.125W,1/8W,±50ppm/°C,0805 (2012 métrico),"0.079"" L x 0.049"" A (2.00mm x 1.25mm)","0.024"" (0.60mm)",,THIN FILM,,-55°C ~ 155°C,Activo,,,AMR,22/08/2026,,,,,,,,,,,
IPN_R-????,R0805_806R_0.125W_±1%,RES SMD 806 OHM 1% 1/8W 0805,806R ±1% 1/8W,Resistors:R,Resistor_SMD:R_0805_2012Metric,YAGEO,RT0805FRE07806RL,https://www.digikey.es/es/products/detail/yageo/RT0805FRE07806RL/1079407,RT,,,,,806R,±1%,0.125W,1/8W,±50ppm/°C,0805 (2012 métrico),"0.079"" L x 0.049"" A (2.00mm x 1.25mm)","0.024"" (0.60mm)",,THIN FILM,,-55°C ~ 155°C,Activo,,,AMR,22/08/2026,,,,,,,,,,,
IPN_R-????,R0805_80K6_0.125W_±1%,RES SMD 80.6K OHM 1% 1/8W 0805,80K6 ±1% 1/8W,Resistors:R,Resistor_SMD:R_0805_2012Metric,YAGEO,RT0805FRE0780K6L,https://www.digikey.es/es/products/detail/yageo/RT0805FRE0780K6L/1079408,RT,,,,,80K6,±1%,0.125W,1/8W,±50ppm/°C,0805 (2012 métrico),"0.079"" L x 0.049"" A (2.00mm x 1.25mm)","0.024"" (0.60mm)",,THIN FILM,,-55°C ~ 155°C,Activo,,,AMR,22/08/2026,,,,,,,,,,,
IPN_R-????,R0805_820K_0.125W_±1%,RES SMD 820K OHM 1% 1/8W 0805,820K ±1% 1/8W,Resistors:R,Resistor_SMD:R_0805_2012Metric,YAGEO,RT0805FRE07820KL,https://www.digikey.es/es/products/detail/yageo/RT0805FRE07820KL/1079410,RT,,,,,820K,±1%,0.125W,1/8W,±50ppm/°C,0805 (2012 métrico),"0.079"" L x 0.049"" A (2.00mm x 1.25mm)","0.024"" (0.60mm)",,THIN FILM,,-55°C ~ 155°C,Activo,,,AMR,22/08/2026,,,,,,,,,,,
IPN_R-????,R0805_820R_0.125W_±1%,RES SMD 820 OHM 1% 1/8W 0805,820R ±1% 1/8W,Resistors:R,Resistor_SMD:R_0805_2012Metric,YAGEO,RT0805FRE07820RL,https://www.digikey.es/es/products/detail/yageo/RT0805FRE07820RL/1079411,RT,,,,,820R,±1%,0.125W,1/8W,±50ppm/°C,0805 (2012 métrico),"0.079"" L x 0.049"" A (2.00mm x 1.25mm)","0.024"" (0.60mm)",,THIN FILM,,-55°C ~ 155°C,Activo,,,AMR,22/08/2026,,,,,,,,,,,
IPN_R-????,R0805_825R_0.125W_±1%,RES SMD 825 OHM 1% 1/8W 0805,825R ±1% 1/8W,Resistors:R,Resistor_SMD:R_0805_2012Metric,YAGEO,RT0805FRE07825RL,https://www.digikey.es/es/products/detail/yageo/RT0805FRE07825RL/1079413,RT,,,,,825R,±1%,0.125W,1/8W,±50ppm/°C,0805 (2012 métrico),"0.079"" L x 0.049"" A (2.00mm x 1.25mm)","0.024"" (0.60mm)",,THIN FILM,,-55°C ~ 155°C,Activo,,,AMR,22/08/2026,,,,,,,,,,,
IPN_R-????,R0805_82K_0.125W_±1%,RES SMD 82K OHM 1% 1/8W 0805,82K ±1% 1/8W,Resistors:R,Resistor_SMD:R_0805_2012Metric,YAGEO,RT0805FRE0782KL,https://www.digikey.es/es/products/detail/yageo/RT0805FRE0782KL/1079415,RT,,,,,82K,±1%,0.125W,1/8W,±50ppm/°C,0805 (2012 métrico),"0.079"" L x 0.049"" A (2.00mm x 1.25mm)","0.024"" (0.60mm)",,THIN FILM,,-55°C ~ 155°C,Activo,,,AMR,22/08/2026,,,,,,,,,,,
IPN_R-????,R0805_82K5_0.125W_±1%,RES SMD 82.5K OHM 1% 1/8W 0805,82K5 ±1% 1/8W,Resistors:R,Resistor_SMD:R_0805_2012Metric,YAGEO,RT0805FRE0782K5L,https://www.digikey.es/es/products/detail/yageo/RT0805FRE0782K5L/1079414,RT,,,,,82K5,±1%,0.125W,1/8W,±50ppm/°C,0805 (2012 métrico),"0.079"" L x 0.049"" A (2.00mm x 1.25mm)","0.024"" (0.60mm)",,THIN FILM,,-55°C ~ 155°C,Activo,,,AMR,22/08/2026,,,,,,,,,,,
IPN_R-????,R0805_82R_0.125W_±1%,RES SMD 82 OHM 1% 1/8W 0805,82R ±1% 1/8W,Resistors:R,Resistor_SMD:R_0805_2012Metric,YAGEO,RT0805FRE0782RL,https://www.digikey.es/es/products/detail/yageo/RT0805FRE0782RL/1079417,RT,,,,,82R,±1%,0.125W,1/8W,±50ppm/°C,0805 (2012 métrico),"0.079"" L x 0.049"" A (2.00mm x 1.25mm)","0.024"" (0.60mm)",,THIN FILM,,-55°C ~ 155°C,Activo,,,AMR,22/08/2026,,,,,,,,,,,
IPN_R-????,R0805_866R_0.125W_±1%,RES SMD 866 OHM 1% 1/8W 0805,866R ±1% 1/8W,Resistors:R,Resistor_SMD:R_0805_2012Metric,YAGEO,RT0805FRE07866RL,https://www.digikey.es/es/products/detail/yageo/RT0805FRE07866RL/1079423,RT,,,,,866R,±1%,0.125W,1/8W,±50ppm/°C,0805 (2012 métrico),"0.079"" L x 0.049"" A (2.00mm x 1.25mm)","0.024"" (0.60mm)",,THIN FILM,,-55°C ~ 155°C,Activo,,,AMR,22/08/2026,,,,,,,,,,,
IPN_R-????,R0805_86K6_0.125W_±1%,RES SMD 86.6K OHM 1% 1/8W 0805,86K6 ±1% 1/8W,Resistors:R,Resistor_SMD:R_0805_2012Metric,YAGEO,RT0805FRE0786K6L,https://www.digikey.es/es/products/detail/yageo/RT0805FRE0786K6L/1079424,RT,,,,,86K6,±1%,0.125W,1/8W,±50ppm/°C,0805 (2012 métrico),"0.079"" L x 0.049"" A (2.00mm x 1.25mm)","0.024"" (0.60mm)",,THIN FILM,,-55°C ~ 155°C,Activo,,,AMR,22/08/2026,,,,,,,,,,,
IPN_R-????,R0805_88K7_0.125W_±1%,RES SMD 88.7K OHM 1% 1/8W 0805,88K7 ±1% 1/8W,Resistors:R,Resistor_SMD:R_0805_2012Metric,YAGEO,RT0805FRE0788K7L,https://www.digikey.es/es/products/detail/yageo/RT0805FRE0788K7L/1079428,RT,,,,,88K7,±1%,0.125W,1/8W,±50ppm/°C,0805 (2012 métrico),"0.079"" L x 0.049"" A (2.00mm x 1.25mm)","0.024"" (0.60mm)",,THIN FILM,,-55°C ~ 155°C,Activo,,,AMR,22/08/2026,,,,,,,,,,,
IPN_R-????,R0805_8K06_0.125W_±1%,RES SMD 8.06K OHM 1% 1/8W 0805,8K06 ±1% 1/8W,Resistors:R,Resistor_SMD:R_0805_2012Metric,YAGEO,RT0805FRE078K06L,https://www.digikey.es/es/products/detail/yageo/RT0805FRE078K06L/1079430,RT,,,,,8K06,±1%,0.125W,1/8W,±50ppm/°C,0805 (2012 métrico),"0.079"" L x 0.049"" A (2.00mm x 1.25mm)","0.024"" (0.60mm)",,THIN FILM,,-55°C ~ 155°C,Activo,,,AMR,22/08/2026,,,,,,,,,,,
IPN_R-????,R0805_8K2_0.125W_±1%,RES SMD 8.2K OHM 1% 1/8W 0805,8K2 ±1% 1/8W,Resistors:R,Resistor_SMD:R_0805_2012Metric,YAGEO,RT0805FRE078K2L,https://www.digikey.es/es/products/detail/yageo/RT0805FRE078K2L/1079432,RT,,,,,8K2,±1%,0.125W,1/8W,±50ppm/°C,0805 (2012 métrico),"0.079"" L x 0.049"" A (2.00mm x 1.25mm)","0.024"" (0.60mm)",,THIN FILM,,-55°C ~ 155°C,Activo,,,AMR,22/08/2026,,,,,,,,,,,
IPN_R-????,R0805_8K25_0.125W_±1%,RES SMD 8.25K OHM 1% 1/8W 0805,8K25 ±1% 1/8W,Resistors:R,Resistor_SMD:R_0805_2012Metric,YAGEO,RT0805FRE078K25L,https://www.digikey.es/es/products/detail/yageo/RT0805FRE078K25L/1079431,RT,,,,,8K25,±1%,0.125W,1/8W,±50ppm/°C,0805 (2012 métrico),"0.079"" L x 0.049"" A (2.00mm x 1.25mm)","0.024"" (0.60mm)",,THIN FILM,,-55°C ~ 155°C,Activo,,,AMR,22/08/2026,,,,,,,,,,,
IPN_R-????,R0805_8K87_0.125W_±1%,RES SMD 8.87K OHM 1% 1/8W 0805,8K87 ±1% 1/8W,Resistors:R,Resistor_SMD:R_0805_2012Metric,YAGEO,RT0805FRE078K87L,https://www.digikey.es/es/products/detail/yageo/RT0805FRE078K87L/1079435,RT,,,,,8K87,±1%,0.125W,1/8W,±50ppm/°C,0805 (2012 métrico),"0.079"" L x 0.049"" A (2.00mm x 1.25mm)","0.024"" (0.60mm)",,THIN FILM,,-55°C ~ 155°C,Activo,,,AMR,22/08/2026,,,,,,,,,,,
IPN_R-????,R0805_909K_0.125W_±1%,RES SMD 909K OHM 1% 1/8W 0805,909K ±1% 1/8W,Resistors:R,Resistor_SMD:R_0805_2012Metric,YAGEO,RT0805FRE07909KL,https://www.digikey.es/es/products/detail/yageo/RT0805FRE07909KL/1079436,RT,,,,,909K,±1%,0.125W,1/8W,±50ppm/°C,0805 (2012 métrico),"0.079"" L x 0.049"" A (2.00mm x 1.25mm)","0.024"" (0.60mm)",,THIN FILM,,-55°C ~ 155°C,Activo,,,AMR,22/08/2026,,,,,,,,,,,
IPN_R-????,R0805_909R_0.125W_±1%,RES SMD 909 OHM 1% 1/8W 0805,909R ±1% 1/8W,Resistors:R,Resistor_SMD:R_0805_2012Metric,YAGEO,RT0805FRE07909RL,https://www.digikey.es/es/products/detail/yageo/RT0805FRE07909RL/1079437,RT,,,,,909R,±1%,0.125W,1/8W,±50ppm/°C,0805 (2012 métrico),"0.079"" L x 0.049"" A (2.00mm x 1.25mm)","0.024"" (0.60mm)",,THIN FILM,,-55°C ~ 155°C,Activo,,,AMR,22/08/2026,,,,,,,,,,,
IPN_R-????,R0805_910K_0.125W_±1%,RES SMD 910K OHM 1% 1/8W 0805,910K ±1% 1/8W,Resistors:R,Resistor_SMD:R_0805_2012Metric,YAGEO,RT0805FRE07910KL,https://www.digikey.es/es/products/detail/yageo/RT0805FRE07910KL/1079440,RT,,,,,910K,±1%,0.125W,1/8W,±50ppm/°C,0805 (2012 métrico),"0.079"" L x 0.049"" A (2.00mm x 1.25mm)","0.024"" (0.60mm)",,THIN FILM,,-55°C ~ 155°C,Activo,,,AMR,22/08/2026,,,,,,,,,,,
IPN_R-????,R0805_910R_0.125W_±1%,RES SMD 910 OHM 1% 1/8W 0805,910R ±1% 1/8W,Resistors:R,Resistor_SMD:R_0805_2012Metric,YAGEO,RT0805FRE07910RL,https://www.digikey.es/es/products/detail/yageo/RT0805FRE07910RL/1079441,RT,,,,,910R,±1%,0.125W,1/8W,±50ppm/°C,0805 (2012 métrico),"0.079"" L x 0.049"" A (2.00mm x 1.25mm)","0.024"" (0.60mm)",,THIN FILM,,-55°C ~ 155°C,Activo,,,AMR,22/08/2026,,,,,,,,,,,
IPN_R-????,R0805_91K_0.125W_±1%,RES SMD 91K OHM 1% 1/8W 0805,91K ±1% 1/8W,Resistors:R,Resistor_SMD:R_0805_2012Metric,YAGEO,RT0805FRE0791KL,https://www.digikey.es/es/products/detail/yageo/RT0805FRE0791KL/1079442,RT,,,,,91K,±1%,0.125W,1/8W,±50ppm/°C,0805 (2012 métrico),"0.079"" L x 0.049"" A (2.00mm x 1.25mm)","0.024"" (0.60mm)",,THIN FILM,,-55°C ~ 155°C,Activo,,,AMR,22/08/2026,,,,,,,,,,,
IPN_R-????,R0805_91R_0.125W_±1%,RES SMD 91 OHM 1% 1/8W 0805,91R ±1% 1/8W,Resistors:R,Resistor_SMD:R_0805_2012Metric,YAGEO,RT0805FRE0791RL,https://www.digikey.es/es/products/detail/yageo/RT0805FRE0791RL/1079443,RT,,,,,91R,±1%,0.125W,1/8W,±50ppm/°C,0805 (2012 métrico),"0.079"" L x 0.049"" A (2.00mm x 1.25mm)","0.024"" (0.60mm)",,THIN FILM,,-55°C ~ 155°C,Activo,,,AMR,22/08/2026,,,,,,,,,,,
IPN_R-????,R0805_931R_0.125W_±1%,RES SMD 931 OHM 1% 1/8W 0805,931R ±1% 1/8W,Resistors:R,Resistor_SMD:R_0805_2012Metric,YAGEO,RT0805FRE07931RL,https://www.digikey.es/es/products/detail/yageo/RT0805FRE07931RL/1079445,RT,,,,,931R,±1%,0.125W,1/8W,±50ppm/°C,0805 (2012 métrico),"0.079"" L x 0.049"" A (2.00mm x 1.25mm)","0.024"" (0.60mm)",,THIN FILM,,-55°C ~ 155°C,Activo,,,AMR,22/08/2026,,,,,,,,,,,
IPN_R-????,R0805_93K1_0.125W_±1%,RES SMD 93.1K OHM 1% 1/8W 0805,93K1 ±1% 1/8W,Resistors:R,Resistor_SMD:R_0805_2012Metric,YAGEO,RT0805FRE0793K1L,https://www.digikey.es/es/products/detail/yageo/RT0805FRE0793K1L/1079446,RT,,,,,93K1,±1%,0.125W,1/8W,±50ppm/°C,0805 (2012 métrico),"0.079"" L x 0.049"" A (2.00mm x 1.25mm)","0.024"" (0.60mm)",,THIN FILM,,-55°C ~ 155°C,Activo,,,AMR,22/08/2026,,,,,,,,,,,
IPN_R-????,R0805_95K3_0.125W_±1%,RES SMD 95.3K OHM 1% 1/8W 0805,95K3 ±1% 1/8W,Resistors:R,Resistor_SMD:R_0805_2012Metric,YAGEO,RT0805FRE0795K3L,https://www.digikey.es/es/products/detail/yageo/RT0805FRE0795K3L/1079450,RT,,,,,95K3,±1%,0.125W,1/8W,±50ppm/°C,0805 (2012 métrico),"0.079"" L x 0.049"" A (2.00mm x 1.25mm)","0.024"" (0.60mm)",,THIN FILM,,-55°C ~ 155°C,Activo,,,AMR,22/08/2026,,,,,,,,,,,
IPN_R-????,R0805_95R3_0.125W_±1%,RES SMD 95.3 OHM 1% 1/8W 0805,95R3 ±1% 1/8W,Resistors:R,Resistor_SMD:R_0805_2012Metric,YAGEO,RT0805FRE0795R3L,https://www.digikey.es/es/products/detail/yageo/RT0805FRE0795R3L/1079451,RT,,,,,95R3,±1%,0.125W,1/8W,±50ppm/°C,0805 (2012 métrico),"0.079"" L x 0.049"" A (2.00mm x 1.25mm)","0.024"" (0.60mm)",,THIN FILM,,-55°C ~ 155°C,Activo,,,AMR,22/08/2026,,,,,,,,,,,
IPN_R-????,R0805_97K6_0.125W_±1%,RES SMD 97.6K OHM 1% 1/8W 0805,97K6 ±1% 1/8W,Resistors:R,Resistor_SMD:R_0805_2012Metric,YAGEO,RT0805FRE0797K6L,https://www.digikey.es/es/products/detail/yageo/RT0805FRE0797K6L/1079454,RT,,,,,97K6,±1%,0.125W,1/8W,±50ppm/°C,0805 (2012 métrico),"0.079"" L x 0.049"" A (2.00mm x 1.25mm)","0.024"" (0.60mm)",,THIN FILM,,-55°C ~ 155°C,Activo,,,AMR,22/08/2026,,,,,,,,,,,
IPN_R-????,R0805_9K09_0.125W_±1%,RES SMD 9.09K OHM 1% 1/8W 0805,9K09 ±1% 1/8W,Resistors:R,Resistor_SMD:R_0805_2012Metric,YAGEO,RT0805FRE079K09L,https://www.digikey.es/es/products/detail/yageo/RT0805FRE079K09L/1079456,RT,,,,,9K09,±1%,0.125W,1/8W,±50ppm/°C,0805 (2012 métrico),"0.079"" L x 0.049"" A (2.00mm x 1.25mm)","0.024"" (0.60mm)",,THIN FILM,,-55°C ~ 155°C,Activo,,,AMR,22/08/2026,,,,,,,,,,,
IPN_R-????,R0805_9K1_0.125W_±1%,RES SMD 9.1K OHM 1% 1/8W 0805,9K1 ±1% 1/8W,Resistors:R,Resistor_SMD:R_0805_2012Metric,YAGEO,RT0805FRE079K1L,https://www.digikey.es/es/products/detail/yageo/RT0805FRE079K1L/1079457,RT,,,,,9K1,±1%,0.125W,1/8W,±50ppm/°C,0805 (2012 métrico),"0.079"" L x 0.049"" A (2.00mm x 1.25mm)","0.024"" (0.60mm)",,THIN FILM,,-55°C ~ 155°C,Activo,,,AMR,22/08/2026,,,,,,,,,,,
IPN_R-????,R0805_9K31_0.125W_±1%,RES SMD 9.31K OHM 1% 1/8W 0805,9K31 ±1% 1/8W,Resistors:R,Resistor_SMD:R_0805_2012Metric,YAGEO,RT0805FRE079K31L,https://www.digikey.es/es/products/detail/yageo/RT0805FRE079K31L/1079458,RT,,,,,9K31,±1%,0.125W,1/8W,±50ppm/°C,0805 (2012 métrico),"0.079"" L x 0.049"" A (2.00mm x 1.25mm)","0.024"" (0.60mm)",,THIN FILM,,-55°C ~ 155°C,Activo,,,AMR,22/08/2026,,,,,,,,,,,
IPN_R-????,R0805_9K53_0.125W_±1%,RES SMD 9.53K OHM 1% 1/8W 0805,9K53 ±1% 1/8W,Resistors:R,Resistor_SMD:R_0805_2012Metric,YAGEO,RT0805FRE079K53L,https://www.digikey.es/es/products/detail/yageo/RT0805FRE079K53L/1079459,RT,,,,,9K53,±1%,0.125W,1/8W,±50ppm/°C,0805 (2012 métrico),"0.079"" L x 0.049"" A (2.00mm x 1.25mm)","0.024"" (0.60mm)",,THIN FILM,,-55°C ~ 155°C,Activo,,,AMR,22/08/2026,,,,,,,,,,,
IPN_R-????,R0805_9K76_0.125W_±1%,RES SMD 9.76K OHM 1% 1/8W 0805,9K76 ±1% 1/8W,Resistors:R,Resistor_SMD:R_0805_2012Metric,YAGEO,RT0805FRE079K76L,https://www.digikey.es/es/products/detail/yageo/RT0805FRE079K76L/1079460,RT,,,,,9K76,±1%,0.125W,1/8W,±50ppm/°C,0805 (2012 métrico),"0.079"" L x 0.049"" A (2.00mm x 1.25mm)","0.024"" (0.60mm)",,THIN FILM,,-55°C ~ 155°C,Activo,,,AMR,22/08/2026,,,,,,,,,,,
