ISO-10303-21;
HEADER;
FILE_DESCRIPTION (( 'STEP AP214' ),
    '1' );
FILE_NAME ('7095E2CA-307A-46B5-9DE8-1FEC977057C4.STEP',
    '2026-08-27T23:13:31',
    ( '' ),
    ( '' ),
    'SwSTEP 2.0',
    'SolidWorks 2022',
    '' );
FILE_SCHEMA (( 'AUTOMOTIVE_DESIGN' ));
ENDSEC;

DATA;
#1 =( NAMED_UNIT ( * ) PLANE_ANGLE_UNIT ( ) SI_UNIT ( $, .RADIAN. ) );
#2 = CARTESIAN_POINT ( 'NONE',  ( 0.8424584151053647885, 0.1996828658913134547, 0.4494999999999811369 ) ) ;
#3 = SURFACE_SIDE_STYLE ('',( #653 ) ) ;
#4 =( NAMED_UNIT ( * ) PLANE_ANGLE_UNIT ( ) SI_UNIT ( $, .RADIAN. ) );
#5 =( NAMED_UNIT ( * ) SI_UNIT ( $, .STERADIAN. ) SOLID_ANGLE_UNIT ( ) );
#6 = SURFACE_STYLE_FILL_AREA ( #3389 ) ;
#7 = CARTESIAN_POINT ( 'NONE',  ( 0.8196677834280143848, 0.2810931223015699087, 0.4489999999999799707 ) ) ;
#8 = SURFACE_STYLE_FILL_AREA ( #4394 ) ;
#9 = CARTESIAN_POINT ( 'NONE',  ( 0.7856938417880572345, 0.4057525774297749965, 0.4500000000000000666 ) ) ;
#10 = SURFACE_STYLE_FILL_AREA ( #5664 ) ;
#11 = CARTESIAN_POINT ( 'NONE',  ( 0.6103232425556499585, 0.7178084436919088818, 0.4489999999999999547 ) ) ;
#12 = CARTESIAN_POINT ( 'NONE',  ( 0.8221961081507445090, 0.2810395024139719644, 0.4500000000000001776 ) ) ;
#13 = B_SPLINE_SURFACE_WITH_KNOTS ( 'NONE', 3, 1, ( 
 ( #2841, #1300 ),
 ( #6379, #1333 ),
 ( #6235, #4572 ),
 ( #1891, #155 ),
 ( #2469, #2320 ),
 ( #5155, #2356 ),
 ( #4610, #2943 ),
 ( #3545, #6271 ),
 ( #824, #1924 ),
 ( #192, #3053 ),
 ( #5806, #6807 ),
 ( #4124, #4643 ),
 ( #4157, #260 ),
 ( #6768, #4086 ),
 ( #5771, #5228 ),
 ( #1775, #4015 ),
 ( #791, #1851 ),
 ( #1366, #2982 ),
 ( #5841, #1813 ) ),
 .UNSPECIFIED., .F., .F., .F.,
 ( 4, 1, 1, 1, 1, 1, 1, 1, 1, 1, 1, 1, 1, 1, 1, 1, 4 ),
 ( 2, 2 ),
 ( 0.0000000000000000000, 0.06674865130926656287, 0.1311519760901753984, 0.1937321970570962948, 0.2553255433785987516, 0.3163881857773859219, 0.3780268629068870845, 0.4404056792054016900, 0.5045574293240812080, 0.5686582873620152911, 0.6309861790900105349, 0.6922881348732990991, 0.7526154469796395574, 0.8131995384355634737, 0.8740161248607813960, 0.9361583555105316146, 1.000000000000000000 ),
 ( 0.0000000000000000000, 1.000000000000000000 ),
 .UNSPECIFIED. ) ;
#14 = ORIENTED_EDGE ( 'NONE', *, *, #6780, .F. ) ;
#15 = CARTESIAN_POINT ( 'NONE',  ( 0.6901258815826423199, 0.7588412652339595610, 0.4490000000000061720 ) ) ;
#16 = SURFACE_STYLE_FILL_AREA ( #1633 ) ;
#17 = CARTESIAN_POINT ( 'NONE',  ( 0.3883065942541989446, 0.5381262831746594921, 0.4500000000000000111 ) ) ;
#18 = EDGE_LOOP ( 'NONE', ( #2299, #1313, #2703, #2836 ) ) ;
#19 = CARTESIAN_POINT ( 'NONE',  ( 0.6558740701873821966, 0.5396085484586736758, 0.4500000000000001776 ) ) ;
#20 = DIRECTION ( 'NONE',  ( 1.000000000000000000, -0.0000000000000000000, 0.0000000000000000000 ) ) ;
#21 = ADVANCED_FACE ( 'NONE', ( #162 ), #2737, .T. ) ;
#22 = STYLED_ITEM ( 'NONE', ( #5735 ), #6822 ) ;
#23 = B_SPLINE_CURVE_WITH_KNOTS ( 'NONE', 3,
 ( #9, #4464, #4432, #5084, #3434, #2214, #3394, #5628, #2286, #4540, #6624 ),
 .UNSPECIFIED., .F., .F.,
 ( 4, 1, 1, 1, 1, 1, 1, 1, 4 ),
 ( 0.0000000000000000000, 6.050520803897600072E-06, 1.212816424844938835E-05, 1.828463248934586709E-05, 2.459267835515989396E-05, 3.102256184465935433E-05, 3.766557456589536952E-05, 4.457292532448393929E-05, 5.176483282880894226E-05 ),
 .UNSPECIFIED. ) ;
#24 = STYLED_ITEM ( 'NONE', ( #1614 ), #4665 ) ;
#25 = CARTESIAN_POINT ( 'NONE',  ( 0.3332005073241322002, 0.5078392353954016558, 0.4490000000000000102 ) ) ;
#26 = DIRECTION ( 'NONE',  ( 0.0000000000000000000, -0.0000000000000000000, -1.000000000000000000 ) ) ;
#27 = ORIENTED_EDGE ( 'NONE', *, *, #1110, .T. ) ;
#28 = SURFACE_SIDE_STYLE ('',( #2137 ) ) ;
#29 = PRESENTATION_LAYER_ASSIGNMENT (  '', '', ( #4816 ) ) ;
#30 = CARTESIAN_POINT ( 'NONE',  ( 0.8412700742750051086, 0.4302833354288071455, 0.4490000000000111124 ) ) ;
#31 = UNCERTAINTY_MEASURE_WITH_UNIT (LENGTH_MEASURE( 1.000000000000000082E-05 ), #2965, 'distance_accuracy_value', 'NONE');
#32 = FILL_AREA_STYLE ('',( #2797 ) ) ;
#33 =( LENGTH_UNIT ( ) NAMED_UNIT ( * ) SI_UNIT ( .MILLI., .METRE. ) );
#34 = CARTESIAN_POINT ( 'NONE',  ( 0.4386579898204382433, 0.6266387364332065557, 0.4500000000000000666 ) ) ;
#35 = SURFACE_SIDE_STYLE ('',( #2653 ) ) ;
#36 = CARTESIAN_POINT ( 'NONE',  ( 0.3168926050019419405, 0.6984945243850608776, 0.4500000000000001221 ) ) ;
#37 = PRESENTATION_LAYER_ASSIGNMENT (  '', '', ( #4593 ) ) ;
#38 = CIRCLE ( 'NONE', #161, 0.01000000000000002623 ) ;
#39 = CARTESIAN_POINT ( 'NONE',  ( 0.3600000000000003753, 0.04999999999999997502, -0.005000000000000013115 ) ) ;
#40 = CARTESIAN_POINT ( 'NONE',  ( 0.7840906411629470218, 0.1702470831701200227, 0.4489999999999998992 ) ) ;
#41 = CARTESIAN_POINT ( 'NONE',  ( 0.8111375980699022659, 0.2123667217757424786, 0.4489999999999999547 ) ) ;
#42 = CARTESIAN_POINT ( 'NONE',  ( 0.5731691362370735510, 0.6953865033956346808, 0.4489999999999998437 ) ) ;
#43 = COLOUR_RGB ( '',1.000000000000000000, 1.000000000000000000, 1.000000000000000000 ) ;
#44 = CARTESIAN_POINT ( 'NONE',  ( 0.6361549674640297747, 0.2804708158109958660, 0.4499999999999989009 ) ) ;
#45 = CARTESIAN_POINT ( 'NONE',  ( 0.7019626821467945810, 0.2924874969662429325, 0.4499999999999998446 ) ) ;
#46 = VERTEX_POINT ( 'NONE', #764 ) ;
#47 = CARTESIAN_POINT ( 'NONE',  ( 0.8002023036998495709, 0.2354828452610119582, 0.4499999999999996780 ) ) ;
#48 = PRESENTATION_LAYER_ASSIGNMENT (  '', '', ( #851 ) ) ;
#49 = LINE ( 'NONE', #1193, #3660 ) ;
#50 = VECTOR ( 'NONE', #3439, 1000.000000000000000 ) ;
#51 = SURFACE_STYLE_USAGE ( .BOTH. , #4578 ) ;
#52 = DIRECTION ( 'NONE',  ( 0.0000000000000000000, -0.0000000000000000000, 1.000000000000000000 ) ) ;
#53 = FILL_AREA_STYLE ('',( #5095 ) ) ;
#54 = FILL_AREA_STYLE_COLOUR ( '', #3427 ) ;
#55 =( GEOMETRIC_REPRESENTATION_CONTEXT ( 3 ) GLOBAL_UNCERTAINTY_ASSIGNED_CONTEXT ( ( #6891 ) ) GLOBAL_UNIT_ASSIGNED_CONTEXT ( ( #5912, #3171, #6448 ) ) REPRESENTATION_CONTEXT ( 'NONE', 'WORKASPACE' ) );
#56 = B_SPLINE_CURVE_WITH_KNOTS ( 'NONE', 3,
 ( #5834, #2456, #184, #4708, #4007, #1843, #6262, #3535, #815, #5289, #5799, #4633, #5692, #5144, #6837, #1325, #4078, #1291, #251 ),
 .UNSPECIFIED., .F., .F.,
 ( 4, 1, 1, 1, 1, 1, 1, 1, 1, 1, 1, 1, 1, 1, 1, 1, 4 ),
 ( 0.0000000000000000000, 1.086014676082343695E-05, 2.122007473199873003E-05, 3.112158505448776191E-05, 4.063814641895806647E-05, 4.979448897459213099E-05, 5.877045440196986296E-05, 6.756072382287065621E-05, 7.630488897898942747E-05, 8.490777041121407736E-05, 9.334021469606325252E-05, 0.0001016764091941469572, 0.0001099571015335624324, 0.0001183443594450934988, 0.0001268982968415016731, 0.0001357337856575794633, 0.0001449180647765364405 ),
 .UNSPECIFIED. ) ;
#57 = ORIENTED_EDGE ( 'NONE', *, *, #245, .T. ) ;
#58 = CARTESIAN_POINT ( 'NONE',  ( 0.7271170842420837666, 0.6263870496047119207, 0.4489999999999998992 ) ) ;
#59 = EDGE_CURVE ( 'NONE', #952, #2632, #5809, .T. ) ;
#60 = CARTESIAN_POINT ( 'NONE',  ( 0.5538922937123569312, 0.3561736785241921832, 0.4489999999999998992 ) ) ;
#61 = CARTESIAN_POINT ( 'NONE',  ( 0.3044190385293000234, 0.5446161642154427884, 0.4500000000000001776 ) ) ;
#62 = ADVANCED_FACE ( 'NONE', ( #3210 ), #4268, .F. ) ;
#63 = DIRECTION ( 'NONE',  ( 0.0000000000000000000, 0.0000000000000000000, -1.000000000000000000 ) ) ;
#64 = ORIENTED_EDGE ( 'NONE', *, *, #2154, .F. ) ;
#65 =( GEOMETRIC_REPRESENTATION_CONTEXT ( 3 ) GLOBAL_UNCERTAINTY_ASSIGNED_CONTEXT ( ( #5238 ) ) GLOBAL_UNIT_ASSIGNED_CONTEXT ( ( #1136, #6114, #1720 ) ) REPRESENTATION_CONTEXT ( 'NONE', 'WORKASPACE' ) );
#66 =( LENGTH_UNIT ( ) NAMED_UNIT ( * ) SI_UNIT ( .MILLI., .METRE. ) );
#67 = CARTESIAN_POINT ( 'NONE',  ( 0.6385087623275870206, 0.4303452590537065747, 0.4500000000000000666 ) ) ;
#68 = SURFACE_SIDE_STYLE ('',( #2830 ) ) ;
#69 = B_SPLINE_SURFACE_WITH_KNOTS ( 'NONE', 3, 1, ( 
 ( #3084, #2022 ),
 ( #4896, #4853 ),
 ( #2060, #2753 ),
 ( #2168, #5069 ),
 ( #5000, #1139 ),
 ( #2824, #3931 ),
 ( #6613, #4485 ),
 ( #2715, #5581 ),
 ( #6716, #1685 ),
 ( #6578, #4932 ),
 ( #25, #495 ),
 ( #4418, #1609 ),
 ( #6645, #1643 ),
 ( #1098, #3865 ),
 ( #5615, #6078 ),
 ( #536, #7191 ),
 ( #2678, #6116 ),
 ( #1723, #61 ),
 ( #3270, #7118 ) ),
 .UNSPECIFIED., .F., .F., .F.,
 ( 4, 1, 1, 1, 1, 1, 1, 1, 1, 1, 1, 1, 1, 1, 1, 1, 4 ),
 ( 2, 2 ),
 ( 0.0000000000000000000, 0.06355148223578090116, 0.1258683816453844972, 0.1862402502136733806, 0.2449766506319389081, 0.3033576876770607833, 0.3612303170408043274, 0.4184890490283518227, 0.4759367117285735471, 0.5342037438191213905, 0.5940594289675392714, 0.6554686942598734190, 0.7187716848998871866, 0.7849746072190579849, 0.8535223163767018395, 0.9251824507719309532, 1.000000000000000000 ),
 ( 0.0000000000000000000, 1.000000000000000000 ),
 .UNSPECIFIED. ) ;
#70 = CARTESIAN_POINT ( 'NONE',  ( 0.09000000000000023259, 0.8500000000000000888, 0.0000000000000000000 ) ) ;
#71 = CARTESIAN_POINT ( 'NONE',  ( 0.8900184999700109234, 0.4974211549695313206, 0.4489999999999999547 ) ) ;
#72 = EDGE_CURVE ( 'NONE', #5481, #629, #5550, .T. ) ;
#73 = FILL_AREA_STYLE_COLOUR ( '', #7158 ) ;
#74 = ORIENTED_EDGE ( 'NONE', *, *, #5772, .T. ) ;
#75 =( GEOMETRIC_REPRESENTATION_CONTEXT ( 3 ) GLOBAL_UNCERTAINTY_ASSIGNED_CONTEXT ( ( #5798 ) ) GLOBAL_UNIT_ASSIGNED_CONTEXT ( ( #6342, #5336, #4196 ) ) REPRESENTATION_CONTEXT ( 'NONE', 'WORKASPACE' ) );
#76 = CARTESIAN_POINT ( 'NONE',  ( 0.7692618001788206206, 0.6703094094546533377, 0.4489999999999998992 ) ) ;
#77 = PRESENTATION_STYLE_ASSIGNMENT (( #1662 ) ) ;
#78 = LINE ( 'NONE', #6132, #2705 ) ;
#79 = CARTESIAN_POINT ( 'NONE',  ( 0.8307136591724870733, 0.1523931031255262858, 0.4490000000000000657 ) ) ;
#80 = COLOUR_RGB ( '',1.000000000000000000, 1.000000000000000000, 0.7254901960784313486 ) ;
#81 = CARTESIAN_POINT ( 'NONE',  ( 0.8002023036998495709, 0.2354828452610119582, 0.4500000000000000111 ) ) ;
#82 = CARTESIAN_POINT ( 'NONE',  ( 0.4223186534603831643, 0.6417296207077182180, 0.4490000000000000657 ) ) ;
#83 = PRESENTATION_LAYER_ASSIGNMENT (  '', '', ( #2980 ) ) ;
#84 = CARTESIAN_POINT ( 'NONE',  ( 0.8271208896095069152, 0.2809350592521072110, 0.4500000000000001221 ) ) ;
#85 = CARTESIAN_POINT ( 'NONE',  ( 0.8856437475344749455, 0.4189029941506529076, 0.4490000000000088365 ) ) ;
#86 = ORIENTED_EDGE ( 'NONE', *, *, #5686, .F. ) ;
#87 = CARTESIAN_POINT ( 'NONE',  ( 0.7876488069795454239, 0.4077241414574783174, 0.4500000000000003442 ) ) ;
#88 =( NAMED_UNIT ( * ) PLANE_ANGLE_UNIT ( ) SI_UNIT ( $, .RADIAN. ) );
#89 = CARTESIAN_POINT ( 'NONE',  ( 0.8134626639248524471, 0.3607973521932674732, 0.4500000000000000111 ) ) ;
#90 = CARTESIAN_POINT ( 'NONE',  ( 0.7170979501901444397, 0.6731074947781112705, 0.4490000000000001212 ) ) ;
#91 = CARTESIAN_POINT ( 'NONE',  ( 0.8438364532998092749, 0.3828559428143903376, 0.4489999999999995106 ) ) ;
#92 = CARTESIAN_POINT ( 'NONE',  ( 0.4269489094286429420, 0.6376523231111941303, 0.4500000000000000111 ) ) ;
#93 = CARTESIAN_POINT ( 'NONE',  ( 0.9216826693339206233, 0.2756804445583339036, 0.4490000000000001767 ) ) ;
#94 = ORIENTED_EDGE ( 'NONE', *, *, #3819, .T. ) ;
#95 = APPLICATION_PROTOCOL_DEFINITION ( 'draft international standard', 'automotive_design', 1998, #5794 ) ;
#96 = EDGE_LOOP ( 'NONE', ( #2087, #147, #3630, #5855, #5827, #14, #4773 ) ) ;
#97 = CARTESIAN_POINT ( 'NONE',  ( 0.6945959755502565391, 0.5582772076940394346, 0.4490000000000000102 ) ) ;
#98 = DIRECTION ( 'NONE',  ( 1.000000000000000000, 0.0000000000000000000, 0.0000000000000000000 ) ) ;
#99 = FILL_AREA_STYLE ('',( #5647 ) ) ;
#100 = PRESENTATION_LAYER_ASSIGNMENT (  '', '', ( #6032 ) ) ;
#101 = CARTESIAN_POINT ( 'NONE',  ( 0.8196677834280142738, 0.3251903445237920853, 0.4494999999999965135 ) ) ;
#102 = CARTESIAN_POINT ( 'NONE',  ( 0.4111686596913720071, 0.4935308224767661067, 0.4499999999999965694 ) ) ;
#103 = DIRECTION ( 'NONE',  ( 0.0000000000000000000, -1.000000000000000000, 0.0000000000000000000 ) ) ;
#104 = VERTEX_POINT ( 'NONE', #473 ) ;
#105 = ADVANCED_FACE ( 'NONE', ( #7123 ), #1145, .F. ) ;
#106 = CARTESIAN_POINT ( 'NONE',  ( 0.7125616095551107199, 0.6807249809393199902, 0.4499999999999995670 ) ) ;
#107 = PRESENTATION_STYLE_ASSIGNMENT (( #2415 ) ) ;
#108 = EDGE_CURVE ( 'NONE', #1232, #3917, #4381, .T. ) ;
#109 = UNCERTAINTY_MEASURE_WITH_UNIT (LENGTH_MEASURE( 1.000000000000000082E-05 ), #3464, 'distance_accuracy_value', 'NONE');
#110 = AXIS2_PLACEMENT_3D ( 'NONE', #3884, #4442, #3336 ) ;
#111 = CARTESIAN_POINT ( 'NONE',  ( 0.4592225597990707286, 0.7266525084684629654, 0.4489999999999929048 ) ) ;
#112 = DIRECTION ( 'NONE',  ( 0.0000000000000000000, -0.0000000000000000000, -1.000000000000000000 ) ) ;
#113 = VERTEX_POINT ( 'NONE', #5619 ) ;
#114 = VERTEX_POINT ( 'NONE', #1650 ) ;
#115 = DIRECTION ( 'NONE',  ( 0.0000000000000000000, 0.0000000000000000000, 1.000000000000000000 ) ) ;
#116 = DIRECTION ( 'NONE',  ( 0.7287710014662215352, -0.6847574953382552509, 0.0000000000000000000 ) ) ;
#117 = EDGE_CURVE ( 'NONE', #638, #5242, #6583, .T. ) ;
#118 = CARTESIAN_POINT ( 'NONE',  ( 0.7722861579850248681, 0.1820039817375624924, 0.4489999999999998992 ) ) ;
#119 = CARTESIAN_POINT ( 'NONE',  ( 0.7856938417880572345, 0.4057525774297749965, 0.4500000000000000666 ) ) ;
#120 = CARTESIAN_POINT ( 'NONE',  ( 0.4045780452424467821, 0.6571675825870526566, 0.4494999999999866880 ) ) ;
#121 = CARTESIAN_POINT ( 'NONE',  ( 0.6255123727133085065, 0.2688436824074637577, 0.4499999999999990119 ) ) ;
#122 = CARTESIAN_POINT ( 'NONE',  ( 0.9180385099237406976, 0.3609663361103305212, 0.4489999999999885749 ) ) ;
#123 = ORIENTED_EDGE ( 'NONE', *, *, #5554, .T. ) ;
#124 = SURFACE_SIDE_STYLE ('',( #5160 ) ) ;
#125 = FILL_AREA_STYLE ('',( #1674 ) ) ;
#126 = CARTESIAN_POINT ( 'NONE',  ( 0.7269495300550262717, 0.6388998309820500543, 0.4490000000000003433 ) ) ;
#127 = CARTESIAN_POINT ( 'NONE',  ( 0.6655063300653769609, 0.4928982751255281403, 0.4500000000000007883 ) ) ;
#128 = CARTESIAN_POINT ( 'NONE',  ( 0.4052913307953756039, 0.5422066219314348734, 0.4499999999999999556 ) ) ;
#129 = CARTESIAN_POINT ( 'NONE',  ( 0.4492011101601591228, 0.5173105109569351434, 0.4489999999999999547 ) ) ;
#130 = ORIENTED_EDGE ( 'NONE', *, *, #382, .F. ) ;
#131 = VERTEX_POINT ( 'NONE', #2758 ) ;
#132 =( NAMED_UNIT ( * ) PLANE_ANGLE_UNIT ( ) SI_UNIT ( $, .RADIAN. ) );
#133 = CARTESIAN_POINT ( 'NONE',  ( 0.3606849073768320091, 0.4939549711517767228, 0.4489999999999988445 ) ) ;
#134 = CARTESIAN_POINT ( 'NONE',  ( 0.3856565208033442826, 0.7212993600977364306, 0.4500000000000001221 ) ) ;
#135 = CARTESIAN_POINT ( 'NONE',  ( 0.5492424022856492449, 0.5221439620761955114, 0.4499999999999991229 ) ) ;
#136 = ORIENTED_EDGE ( 'NONE', *, *, #59, .T. ) ;
#137 = COLOUR_RGB ( '',0.5607843137254902022, 0.5607843137254902022, 0.5607843137254902022 ) ;
#138 = CARTESIAN_POINT ( 'NONE',  ( 0.6943995406346001875, 0.7009586802563012586, 0.4499999999999995670 ) ) ;
#139 = CARTESIAN_POINT ( 'NONE',  ( 0.6422447900840542179, 0.4302286851386946109, 0.4490000000000000657 ) ) ;
#140 = CARTESIAN_POINT ( 'NONE',  ( 0.8287048229797335797, 0.3259599677264777839, 0.4499999999999999001 ) ) ;
#141 = CARTESIAN_POINT ( 'NONE',  ( 0.6370954898204381767, 0.7212993600977364306, 0.4500000000000000111 ) ) ;
#142 = CARTESIAN_POINT ( 'NONE',  ( 0.8840672632462134306, 0.2397732881781988734, 0.4490000000000000102 ) ) ;
#143 = CARTESIAN_POINT ( 'NONE',  ( 0.9131404826389107887, 0.3362588055264616460, 0.4500000000000001776 ) ) ;
#144 = PRESENTATION_STYLE_ASSIGNMENT (( #6726 ) ) ;
#145 = COLOUR_RGB ( '',1.000000000000000000, 1.000000000000000000, 1.000000000000000000 ) ;
#146 = CARTESIAN_POINT ( 'NONE',  ( 1.240000000000000213, 0.05895042793126351044, 0.4399999999999999467 ) ) ;
#147 = ORIENTED_EDGE ( 'NONE', *, *, #5606, .F. ) ;
#148 = ORIENTED_EDGE ( 'NONE', *, *, #3868, .T. ) ;
#149 = EDGE_CURVE ( 'NONE', #6894, #6175, #2099, .T. ) ;
#150 = CARTESIAN_POINT ( 'NONE',  ( 0.8146140172635991661, 0.3641497350975002045, 0.4500000000000002887 ) ) ;
#151 = SURFACE_STYLE_USAGE ( .BOTH. , #3609 ) ;
#152 = CARTESIAN_POINT ( 'NONE',  ( 0.3954362059715527122, 0.7196864615412812416, 0.4500000000000000666 ) ) ;
#153 = DIRECTION ( 'NONE',  ( -1.000000000000000000, -0.0000000000000000000, 0.0000000000000000000 ) ) ;
#154 = MECHANICAL_DESIGN_GEOMETRIC_PRESENTATION_REPRESENTATION (  '', ( #6429 ), #725 ) ;
#155 = CARTESIAN_POINT ( 'NONE',  ( 0.6097883184963581726, 0.4930244314124606619, 0.4500000000000000111 ) ) ;
#156 = EDGE_CURVE ( 'NONE', #179, #6607, #3629, .T. ) ;
#157 = CARTESIAN_POINT ( 'NONE',  ( 0.09000000000000023259, 0.04999999999999996808, -0.005000000000000013115 ) ) ;
#158 = CARTESIAN_POINT ( 'NONE',  ( 0.9216826693339206233, 0.2756804445583339036, 0.4490000000000001212 ) ) ;
#159 = CARTESIAN_POINT ( 'NONE',  ( 0.3169250699647780944, 0.7084167649547996604, 0.4489999999999997882 ) ) ;
#160 = ADVANCED_FACE ( 'NONE', ( #4454 ), #3900, .F. ) ;
#161 = AXIS2_PLACEMENT_3D ( 'NONE', #4083, #257, #753 ) ;
#162 = FACE_OUTER_BOUND ( 'NONE', #3994, .T. ) ;
#163 = CARTESIAN_POINT ( 'NONE',  ( 0.6216589397215321888, 0.3797402999403546309, 0.4490000000000130553 ) ) ;
#164 = CARTESIAN_POINT ( 'NONE',  ( 0.3167546110811221283, 0.7016888165614115769, 0.4500000000000000666 ) ) ;
#165 = CARTESIAN_POINT ( 'NONE',  ( 0.3701929160589207957, 0.7160898182743561380, 0.4500000000000006217 ) ) ;
#166 = CARTESIAN_POINT ( 'NONE',  ( 0.8704958630827124288, 0.3565951675433722268, 0.4500000000000000111 ) ) ;
#167 = PRESENTATION_LAYER_ASSIGNMENT (  '', '', ( #3300 ) ) ;
#168 = CARTESIAN_POINT ( 'NONE',  ( 0.7349990763863167853, 0.5306120911875025214, 0.4500000000000004552 ) ) ;
#169 = CARTESIAN_POINT ( 'NONE',  ( 0.3950827837780095941, 0.4907988132389800584, 0.4490000000000000102 ) ) ;
#170 = ORIENTED_EDGE ( 'NONE', *, *, #1555, .F. ) ;
#171 = MECHANICAL_DESIGN_GEOMETRIC_PRESENTATION_REPRESENTATION (  '', ( #4829 ), #2009 ) ;
#172 = ORIENTED_EDGE ( 'NONE', *, *, #1110, .F. ) ;
#173 = FACE_OUTER_BOUND ( 'NONE', #3722, .T. ) ;
#174 =( GEOMETRIC_REPRESENTATION_CONTEXT ( 3 ) GLOBAL_UNCERTAINTY_ASSIGNED_CONTEXT ( ( #4417 ) ) GLOBAL_UNIT_ASSIGNED_CONTEXT ( ( #1856, #3551, #1339 ) ) REPRESENTATION_CONTEXT ( 'NONE', 'WORKASPACE' ) );
#175 = CARTESIAN_POINT ( 'NONE',  ( 0.6353611930291097609, 0.5381859019309563896, 0.4489999999999999547 ) ) ;
#176 = CARTESIAN_POINT ( 'NONE',  ( 0.6124374429711588741, 0.4269754391185820452, 0.4499999999999997335 ) ) ;
#177 = STYLED_ITEM ( 'NONE', ( #6617 ), #3771 ) ;
#178 = CARTESIAN_POINT ( 'NONE',  ( 0.3905531219314042901, 0.7210465710875713086, 0.4499999999999999001 ) ) ;
#179 = VERTEX_POINT ( 'NONE', #4667 ) ;
#180 = DIRECTION ( 'NONE',  ( 0.0000000000000000000, 0.1104315260748466032, -0.9938837346736190126 ) ) ;
#181 = LINE ( 'NONE', #3532, #829 ) ;
#182 = CARTESIAN_POINT ( 'NONE',  ( 0.4561231713583907554, 0.6043690764978124630, 0.4500000000000005107 ) ) ;
#183 = CARTESIAN_POINT ( 'NONE',  ( 0.4046960024187098437, 0.7666709720659254934, 0.4490000000000065605 ) ) ;
#184 = CARTESIAN_POINT ( 'NONE',  ( 0.5522982064269944535, 0.3459781109829264678, 0.4490000000000071156 ) ) ;
#185 = FILL_AREA_STYLE ('',( #219 ) ) ;
#186 = SURFACE_SIDE_STYLE ('',( #6371 ) ) ;
#187 = ORIENTED_EDGE ( 'NONE', *, *, #5376, .T. ) ;
#188 = EDGE_LOOP ( 'NONE', ( #7194, #237, #6127, #236 ) ) ;
#189 = CARTESIAN_POINT ( 'NONE',  ( 0.8196677834280143848, 0.2810931223015699087, 0.4489999999999799707 ) ) ;
#190 = DIRECTION ( 'NONE',  ( 0.0000000000000000000, -0.0000000000000000000, 1.000000000000000000 ) ) ;
#191 = SURFACE_STYLE_FILL_AREA ( #2981 ) ;
#192 = CARTESIAN_POINT ( 'NONE',  ( 0.5391512177199454525, 0.5317172529240469236, 0.4490000000000000657 ) ) ;
#193 = FACE_OUTER_BOUND ( 'NONE', #96, .T. ) ;
#194 = DIRECTION ( 'NONE',  ( 0.0000000000000000000, 0.0000000000000000000, 1.000000000000000000 ) ) ;
#195 = CARTESIAN_POINT ( 'NONE',  ( 0.6361549674640297747, 0.2804708158109958660, 0.4489999999999999547 ) ) ;
#196 = EDGE_CURVE ( 'NONE', #7176, #1410, #5108, .T. ) ;
#197 = CARTESIAN_POINT ( 'NONE',  ( 0.3657632027656212426, 0.1733941372588348462, 0.4489999999999999547 ) ) ;
#198 = CARTESIAN_POINT ( 'NONE',  ( 0.8196677834280143848, 0.2810931223015699643, 0.4500000000000000666 ) ) ;
#199 = PRESENTATION_LAYER_ASSIGNMENT (  '', '', ( #3342 ) ) ;
#200 = ADVANCED_FACE ( 'NONE', ( #1872 ), #2323, .T. ) ;
#201 = FACE_OUTER_BOUND ( 'NONE', #1093, .T. ) ;
#202 = UNCERTAINTY_MEASURE_WITH_UNIT (LENGTH_MEASURE( 1.000000000000000082E-05 ), #4515, 'distance_accuracy_value', 'NONE');
#203 = CARTESIAN_POINT ( 'NONE',  ( 0.6701453861080569618, 0.3548667092083191421, 0.4489999999999999547 ) ) ;
#204 = EDGE_LOOP ( 'NONE', ( #2412, #612, #5148, #6265 ) ) ;
#205 = ORIENTED_EDGE ( 'NONE', *, *, #459, .F. ) ;
#206 = SURFACE_STYLE_FILL_AREA ( #4733 ) ;
#207 = EDGE_CURVE ( 'NONE', #5190, #2291, #6503, .T. ) ;
#208 = CARTESIAN_POINT ( 'NONE',  ( 0.6124374429711588741, 0.4269754391185820452, 0.4490000000000000657 ) ) ;
#209 = COLOUR_RGB ( '',1.000000000000000000, 1.000000000000000000, 1.000000000000000000 ) ;
#210 = CARTESIAN_POINT ( 'NONE',  ( 0.5024050922740213032, 0.6574224831614670084, 0.4490000000000066716 ) ) ;
#211 = ORIENTED_EDGE ( 'NONE', *, *, #5594, .F. ) ;
#212 = SURFACE_STYLE_FILL_AREA ( #5215 ) ;
#213 = CARTESIAN_POINT ( 'NONE',  ( 0.6354651200179060044, 0.4302876490299005763, 0.4499999999999945710 ) ) ;
#214 = CARTESIAN_POINT ( 'NONE',  ( 0.6103232425556499585, 0.7178084436919088818, 0.4499999999999979017 ) ) ;
#215 =( BOUNDED_SURFACE ( )  B_SPLINE_SURFACE ( 3, 3, ( 
 ( #6450, #3689, #4272, #1729 ),
 ( #1694, #3972, #6086, #3939 ),
 ( #6690, #5076, #1036, #5552 ),
 ( #1071, #4968, #3840, #2761 ) ),
 .UNSPECIFIED., .F., .F., .F. ) 
 B_SPLINE_SURFACE_WITH_KNOTS ( ( 4, 4 ),
 ( 4, 4 ),
 ( 0.0000000000000000000, 1.000000000000000000 ),
 ( 0.0000000000000000000, 1.000000000000000000 ),
 .UNSPECIFIED. ) 
 GEOMETRIC_REPRESENTATION_ITEM ( )  RATIONAL_B_SPLINE_SURFACE ( (
 ( 1.000000000000000000, 0.8300853452567528157, 0.8300853452567528157, 1.000000000000000000),
 ( 0.8047378541243648264, 0.6680010994820018144, 0.6680010994820018144, 0.8047378541243648264),
 ( 0.8047378541243648264, 0.6680010994820018144, 0.6680010994820018144, 0.8047378541243648264),
 ( 1.000000000000000000, 0.8300853452567528157, 0.8300853452567528157, 1.000000000000000000) ) ) 
 REPRESENTATION_ITEM ( '' )  SURFACE ( )  );
#216 = PRESENTATION_STYLE_ASSIGNMENT (( #1806 ) ) ;
#217 = VECTOR ( 'NONE', #3784, 1000.000000000000000 ) ;
#218 =( NAMED_UNIT ( * ) SI_UNIT ( $, .STERADIAN. ) SOLID_ANGLE_UNIT ( ) );
#219 = FILL_AREA_STYLE_COLOUR ( '', #1335 ) ;
#220 = ORIENTED_EDGE ( 'NONE', *, *, #2226, .F. ) ;
#221 = CARTESIAN_POINT ( 'NONE',  ( 0.8582772324731173796, 0.2739730944959270498, 0.4490000000000001212 ) ) ;
#222 = CARTESIAN_POINT ( 'NONE',  ( 0.6428611557131312937, 0.4907598993449151514, 0.4490000000000086144 ) ) ;
#223 = CARTESIAN_POINT ( 'NONE',  ( 0.3856565208033442826, 0.7212993600977365416, 0.4490000000000000102 ) ) ;
#224 = VECTOR ( 'NONE', #52, 1000.000000000000000 ) ;
#225 = FILL_AREA_STYLE_COLOUR ( '', #3567 ) ;
#226 = CARTESIAN_POINT ( 'NONE',  ( 0.9075299340832003736, 0.2922909808955425626, 0.4499999999999999556 ) ) ;
#227 = SURFACE_STYLE_FILL_AREA ( #4646 ) ;
#228 =( GEOMETRIC_REPRESENTATION_CONTEXT ( 3 ) GLOBAL_UNCERTAINTY_ASSIGNED_CONTEXT ( ( #4851 ) ) GLOBAL_UNIT_ASSIGNED_CONTEXT ( ( #4531, #3352, #2832 ) ) REPRESENTATION_CONTEXT ( 'NONE', 'WORKASPACE' ) );
#229 = CARTESIAN_POINT ( 'NONE',  ( 0.6681779216871021054, 0.3317358532314023112, 0.4490000000000000102 ) ) ;
#230 = CARTESIAN_POINT ( 'NONE',  ( 0.6358056874077153697, 0.3828559428143903376, 0.4494999999999969020 ) ) ;
#231 = CARTESIAN_POINT ( 'NONE',  ( 0.8367660653232251722, 0.1522610720368864634, 0.4489999999999995661 ) ) ;
#232 = CARTESIAN_POINT ( 'NONE',  ( 0.3031862350127459416, 0.5469775285005141763, 0.4500000000000000666 ) ) ;
#233 = FACE_OUTER_BOUND ( 'NONE', #7035, .T. ) ;
#234 = CARTESIAN_POINT ( 'NONE',  ( 0.6598683543414759489, 0.2347168369116126030, 0.4490000000000641256 ) ) ;
#235 = DIRECTION ( 'NONE',  ( -0.7377937433794795608, -0.6750262159576430054, 0.0000000000000000000 ) ) ;
#236 = ORIENTED_EDGE ( 'NONE', *, *, #4834, .F. ) ;
#237 = ORIENTED_EDGE ( 'NONE', *, *, #5279, .T. ) ;
#238 = EDGE_CURVE ( 'NONE', #1758, #5106, #4183, .T. ) ;
#239 = DIRECTION ( 'NONE',  ( 0.0000000000000000000, -1.000000000000000000, -5.221230660310933290E-13 ) ) ;
#240 = CARTESIAN_POINT ( 'NONE',  ( 0.6378375103866775753, 0.7687886763370526122, 0.4495000000000000107 ) ) ;
#241 = FILL_AREA_STYLE_COLOUR ( '', #3482 ) ;
#242 = CARTESIAN_POINT ( 'NONE',  ( 0.4237115755576177367, 0.6941626079609842792, 0.4500000000000000666 ) ) ;
#243 = CARTESIAN_POINT ( 'NONE',  ( 0.4185976617007489686, 0.4958408277401174513, 0.4499999999999965139 ) ) ;
#244 = ORIENTED_EDGE ( 'NONE', *, *, #3314, .T. ) ;
#245 = EDGE_CURVE ( 'NONE', #3744, #6948, #3042, .T. ) ;
#246 = CARTESIAN_POINT ( 'NONE',  ( 0.6370954898204381767, 0.7212993600977364306, 0.4500000000000000111 ) ) ;
#247 = CARTESIAN_POINT ( 'NONE',  ( 0.8841175697528007582, 0.2383209368047749799, 0.4489999999999999547 ) ) ;
#248 = CARTESIAN_POINT ( 'NONE',  ( 0.4184303125955012859, 0.5647057482218649227, 0.4500000000000000666 ) ) ;
#249 = UNCERTAINTY_MEASURE_WITH_UNIT (LENGTH_MEASURE( 1.000000000000000082E-05 ), #5492, 'distance_accuracy_value', 'NONE');
#250 = CARTESIAN_POINT ( 'NONE',  ( 0.4310490145295887698, 0.7542363321368911189, 0.4490000000000066160 ) ) ;
#251 = CARTESIAN_POINT ( 'NONE',  ( 0.6385087623275870206, 0.4303452590537065747, 0.4489999999999430003 ) ) ;
#252 = CARTESIAN_POINT ( 'NONE',  ( 0.6255123727133085065, 0.2688436824074637577, 0.4490000000000473612 ) ) ;
#253 = STYLED_ITEM ( 'NONE', ( #5041 ), #6907 ) ;
#254 = CARTESIAN_POINT ( 'NONE',  ( 0.3600000000000003753, 0.01833333333333325363, 0.1650000000000000078 ) ) ;
#255 = ORIENTED_EDGE ( 'NONE', *, *, #6639, .T. ) ;
#256 = ORIENTED_EDGE ( 'NONE', *, *, #3182, .T. ) ;
#257 = DIRECTION ( 'NONE',  ( 1.000000000000000000, -2.551063935260010984E-16, -0.0000000000000000000 ) ) ;
#258 = CARTESIAN_POINT ( 'NONE',  ( 0.7442367656880989335, 0.5408714507489825740, 0.4490000000000087810 ) ) ;
#259 = CARTESIAN_POINT ( 'NONE',  ( 0.4145364431801650817, 0.7059439165444613140, 0.4500000000000000111 ) ) ;
#260 = CARTESIAN_POINT ( 'NONE',  ( 0.5151310406828057964, 0.5648313297714642189, 0.4500000000000000111 ) ) ;
#261 = COLOUR_RGB ( '',1.000000000000000000, 1.000000000000000000, 1.000000000000000000 ) ;
#262 = CARTESIAN_POINT ( 'NONE',  ( 0.9265850683950432876, 0.2658868984275427616, 0.4500000000000000666 ) ) ;
#263 = CARTESIAN_POINT ( 'NONE',  ( 0.3179336485781905086, 0.7149785559936955304, 0.4489999999999998992 ) ) ;
#264 = CARTESIAN_POINT ( 'NONE',  ( 0.5836746450260973385, 0.5007606054347254476, 0.4490000000000062275 ) ) ;
#265 = CARTESIAN_POINT ( 'NONE',  ( 0.3600000000000003753, 0.8500000000000000888, 0.0000000000000000000 ) ) ;
#266 = AXIS2_PLACEMENT_3D ( 'NONE', #2083, #2004, #1450 ) ;
#267 = SURFACE_STYLE_USAGE ( .BOTH. , #1234 ) ;
#268 = CARTESIAN_POINT ( 'NONE',  ( 0.004142135623730978239, 1.494378654794433752E-18, 0.0000000000000000000 ) ) ;
#269 = UNCERTAINTY_MEASURE_WITH_UNIT (LENGTH_MEASURE( 1.000000000000000082E-05 ), #2639, 'distance_accuracy_value', 'NONE');
#270 = CARTESIAN_POINT ( 'NONE',  ( 0.9375078162093271050, 0.7145151720635484205, 0.4489999999999999547 ) ) ;
#271 = SURFACE_STYLE_FILL_AREA ( #910 ) ;
#272 = MECHANICAL_DESIGN_GEOMETRIC_PRESENTATION_REPRESENTATION (  '', ( #2822 ), #3773 ) ;
#273 = CARTESIAN_POINT ( 'NONE',  ( 0.09000000000000023259, 0.04999999999999996808, -0.005000000000000013115 ) ) ;
#274 = ORIENTED_EDGE ( 'NONE', *, *, #4799, .F. ) ;
#275 = ORIENTED_EDGE ( 'NONE', *, *, #117, .F. ) ;
#276 = LINE ( 'NONE', #5788, #2118 ) ;
#277 = CARTESIAN_POINT ( 'NONE',  ( 0.7171706398784485348, 0.5859002477408884468, 0.4489999999999997327 ) ) ;
#278 = VECTOR ( 'NONE', #5202, 1000.000000000000000 ) ;
#279 = CARTESIAN_POINT ( 'NONE',  ( 0.3649646961217261620, 0.5465950550997595858, 0.4490000000000000102 ) ) ;
#280 = CARTESIAN_POINT ( 'NONE',  ( 0.6428611557131312937, 0.4907598993449151514, 0.4500000000000000111 ) ) ;
#281 = ORIENTED_EDGE ( 'NONE', *, *, #5815, .T. ) ;
#282 = CARTESIAN_POINT ( 'NONE',  ( 0.4537036949702342725, 0.5232130348562052946, 0.4489999999999998992 ) ) ;
#283 = CARTESIAN_POINT ( 'NONE',  ( 0.4544235309211727136, 0.7323695589475636147, 0.4499999999999992339 ) ) ;
#284 = CARTESIAN_POINT ( 'NONE',  ( 0.8840986205796680375, 0.2369929760139772579, 0.4500000000000000666 ) ) ;
#285 = STYLED_ITEM ( 'NONE', ( #1861 ), #6595 ) ;
#286 = EDGE_CURVE ( 'NONE', #3817, #5669, #3198, .T. ) ;
#287 = CARTESIAN_POINT ( 'NONE',  ( 0.8421157768484860418, 0.3827712476292669530, 0.4500000000000001221 ) ) ;
#288 = CARTESIAN_POINT ( 'NONE',  ( 0.4077017252078546372, 0.5864717639122717374, 0.4489999999999999547 ) ) ;
#289 = EDGE_CURVE ( 'NONE', #5147, #6855, #3632, .T. ) ;
#290 = CARTESIAN_POINT ( 'NONE',  ( 0.4136370912808971512, 0.5494086351608715724, 0.4489999999999998992 ) ) ;
#291 = DIRECTION ( 'NONE',  ( -1.000000000000000000, 0.0000000000000000000, -0.0000000000000000000 ) ) ;
#292 = CARTESIAN_POINT ( 'NONE',  ( 1.245857864376269220, 0.05895042793126351044, 0.4500000000000000111 ) ) ;
#293 = ORIENTED_EDGE ( 'NONE', *, *, #550, .F. ) ;
#294 = ORIENTED_EDGE ( 'NONE', *, *, #1837, .F. ) ;
#295 = CARTESIAN_POINT ( 'NONE',  ( 0.8800617820237567335, 0.2548223278241481538, 0.4490000000000000102 ) ) ;
#296 = CARTESIAN_POINT ( 'NONE',  ( 0.6284404296937929901, 0.3821416946245264068, 0.4499999999999986788 ) ) ;
#297 = CARTESIAN_POINT ( 'NONE',  ( 0.6817404477691364484, 0.2612345348130552525, 0.4490000000000640701 ) ) ;
#298 = EDGE_CURVE ( 'NONE', #5935, #4030, #5863, .T. ) ;
#299 = LINE ( 'NONE', #2573, #570 ) ;
#300 =( LENGTH_UNIT ( ) NAMED_UNIT ( * ) SI_UNIT ( .MILLI., .METRE. ) );
#301 = CARTESIAN_POINT ( 'NONE',  ( 0.4631054103209896744, 0.5430221413722238211, 0.4490000000000000102 ) ) ;
#302 = CARTESIAN_POINT ( 'NONE',  ( 0.7271979871494980152, 0.6295538172291467172, 0.4500000000000000666 ) ) ;
#303 = VECTOR ( 'NONE', #2054, 1000.000000000000000 ) ;
#304 = CARTESIAN_POINT ( 'NONE',  ( 0.5492424022856492449, 0.5221439620761955114, 0.4490000000000060054 ) ) ;
#305 = FACE_OUTER_BOUND ( 'NONE', #6535, .T. ) ;
#306 = CARTESIAN_POINT ( 'NONE',  ( 0.3642439273204383099, 0.7039678797291467616, 0.4500000000000001221 ) ) ;
#307 = CARTESIAN_POINT ( 'NONE',  ( 0.8495156539723812683, 0.3305919223065551527, 0.4499999999999999556 ) ) ;
#308 = VECTOR ( 'NONE', #3077, 1000.000000000000000 ) ;
#309 = CARTESIAN_POINT ( 'NONE',  ( 0.6497084108799515700, 0.3806336465358192145, 0.4500000000000000666 ) ) ;
#310 = VERTEX_POINT ( 'NONE', #2492 ) ;
#311 = FACE_OUTER_BOUND ( 'NONE', #5801, .T. ) ;
#312 = SURFACE_STYLE_FILL_AREA ( #5752 ) ;
#313 = B_SPLINE_CURVE_WITH_KNOTS ( 'NONE', 3,
 ( #134, #6219, #178, #2378, #778, #4625, #2410, #2862, #5104, #680, #6360 ),
 .UNSPECIFIED., .F., .F.,
 ( 4, 1, 1, 1, 1, 1, 1, 1, 4 ),
 ( 0.0000000000000000000, 4.856464094845890710E-06, 9.859692551888524429E-06, 1.514423585959533747E-05, 2.077948182814431705E-05, 2.686539181061852382E-05, 3.351922963242849867E-05, 4.079630780240507183E-05, 4.870737453781198527E-05 ),
 .UNSPECIFIED. ) ;
#314 =( NAMED_UNIT ( * ) PLANE_ANGLE_UNIT ( ) SI_UNIT ( $, .RADIAN. ) );
#315 = ORIENTED_EDGE ( 'NONE', *, *, #558, .F. ) ;
#316 = ORIENTED_EDGE ( 'NONE', *, *, #3229, .T. ) ;
#317 = CARTESIAN_POINT ( 'NONE',  ( 0.9301984899307609300, 0.2205933839716863187, 0.4489999999999997882 ) ) ;
#318 = CARTESIAN_POINT ( 'NONE',  ( 0.4592225597990707286, 0.7266525084684629654, 0.4489999999999999547 ) ) ;
#319 = CARTESIAN_POINT ( 'NONE',  ( 0.6429649063099086570, 0.3825018242243091726, 0.4490000000000104463 ) ) ;
#320 = CARTESIAN_POINT ( 'NONE',  ( 0.5716513547428652142, 0.3984115321368533191, 0.4499999999999944045 ) ) ;
#321 = AXIS2_PLACEMENT_3D ( 'NONE', #479, #6055, #5555 ) ;
#322 = CARTESIAN_POINT ( 'NONE',  ( 0.3933831812245353055, 0.6002726013350815348, 0.4489999999999998992 ) ) ;
#323 = CARTESIAN_POINT ( 'NONE',  ( 0.4182355159740038797, 0.5583465072597912915, 0.4489999999999997882 ) ) ;
#324 = DIRECTION ( 'NONE',  ( -1.000000000000000000, 2.551063935260010984E-16, 0.0000000000000000000 ) ) ;
#325 = ORIENTED_EDGE ( 'NONE', *, *, #679, .T. ) ;
#326 = ORIENTED_EDGE ( 'NONE', *, *, #4799, .T. ) ;
#327 =( NAMED_UNIT ( * ) SI_UNIT ( $, .STERADIAN. ) SOLID_ANGLE_UNIT ( ) );
#328 = EDGE_CURVE ( 'NONE', #1321, #2082, #4145, .T. ) ;
#329 = FILL_AREA_STYLE ('',( #3685 ) ) ;
#330 = CARTESIAN_POINT ( 'NONE',  ( 0.9280788126719051734, 0.2124644795248139262, 0.4499999999999943490 ) ) ;
#331 = CARTESIAN_POINT ( 'NONE',  ( 0.7856938417880572345, 0.4057525774297749965, 0.4489999999999999547 ) ) ;
#332 = CARTESIAN_POINT ( 'NONE',  ( 0.9031648288805536051, 0.2956337427154180908, 0.4490000000000001767 ) ) ;
#333 = PRESENTATION_STYLE_ASSIGNMENT (( #4908 ) ) ;
#334 = CARTESIAN_POINT ( 'NONE',  ( 0.3837810519967270184, 0.7687253566128577909, 0.4489999999999999547 ) ) ;
#335 = EDGE_CURVE ( 'NONE', #131, #1791, #4243, .T. ) ;
#336 = CARTESIAN_POINT ( 'NONE',  ( 0.7212970569322878500, 0.1589777376861852554, 0.4489999999999999547 ) ) ;
#337 = CARTESIAN_POINT ( 'NONE',  ( 0.8196677834280143848, 0.2810931223015698532, 0.4490000000000000102 ) ) ;
#338 = DIRECTION ( 'NONE',  ( -1.000000000000000000, 0.0000000000000000000, -0.0000000000000000000 ) ) ;
#339 = CARTESIAN_POINT ( 'NONE',  ( 0.6382375811230845963, 0.3827356533267410876, 0.4499999999999999556 ) ) ;
#340 = CARTESIAN_POINT ( 'NONE',  ( 0.8750989923423645456, 0.2136379168548450946, 0.4500000000000002331 ) ) ;
#341 = FILL_AREA_STYLE_COLOUR ( '', #1427 ) ;
#342 = VERTEX_POINT ( 'NONE', #990 ) ;
#343 = ORIENTED_EDGE ( 'NONE', *, *, #3193, .T. ) ;
#344 = CARTESIAN_POINT ( 'NONE',  ( 0.7125616095551107199, 0.6807249809393199902, 0.4500000000000001221 ) ) ;
#345 = CARTESIAN_POINT ( 'NONE',  ( 1.160000000000000142, -0.09999999999999999167, -0.005000000000000013115 ) ) ;
#346 = CARTESIAN_POINT ( 'NONE',  ( 0.6020084522584147058, 0.7642091207610470782, 0.4490000000000064495 ) ) ;
#347 = FILL_AREA_STYLE_COLOUR ( '', #2532 ) ;
#348 = ORIENTED_EDGE ( 'NONE', *, *, #298, .F. ) ;
#349 = VERTEX_POINT ( 'NONE', #1532 ) ;
#350 = CARTESIAN_POINT ( 'NONE',  ( 0.8991920881423439704, 0.1711191824343846757, 0.4489999999999995106 ) ) ;
#351 = CARTESIAN_POINT ( 'NONE',  ( 0.8592596316417661084, 0.3790277639116239605, 0.4499999999999999556 ) ) ;
#352 = CARTESIAN_POINT ( 'NONE',  ( 0.7177909531651798236, 0.3543342033635364374, 0.4489999999999998992 ) ) ;
#353 =( LENGTH_UNIT ( ) NAMED_UNIT ( * ) SI_UNIT ( .MILLI., .METRE. ) );
#354 = CARTESIAN_POINT ( 'NONE',  ( 0.4048449353822213825, 0.5894682629311009947, 0.4500000000000000111 ) ) ;
#355 = B_SPLINE_CURVE_WITH_KNOTS ( 'NONE', 3,
 ( #6804, #820, #3050, #5295, #6877, #295, #2503, #5224, #5802, #5767, #2908, #221, #789, #1769, #5698, #4012, #696, #5149, #189 ),
 .UNSPECIFIED., .F., .F.,
 ( 4, 1, 1, 1, 1, 1, 1, 1, 1, 1, 1, 1, 1, 1, 1, 1, 4 ),
 ( 0.0000000000000000000, 4.415935131301969788E-06, 8.791115002813298579E-06, 1.302397434112838916E-05, 1.735267905686700360E-05, 2.175156924430258988E-05, 2.637714185202699328E-05, 3.116689600068116062E-05, 3.624620206010677675E-05, 4.156883809725554183E-05, 4.709913442070943768E-05, 5.288851321012655570E-05, 5.897472391589012503E-05, 6.541724407571444702E-05, 7.226669670411836307E-05, 7.955692388400567128E-05, 8.724830480321486945E-05 ),
 .UNSPECIFIED. ) ;
#356 = LINE ( 'NONE', #4745, #4260 ) ;
#357 = VERTEX_POINT ( 'NONE', #5543 ) ;
#358 = CARTESIAN_POINT ( 'NONE',  ( 0.9215706329632431526, 0.1972187526252733025, 0.4499999999999995670 ) ) ;
#359 = PRESENTATION_STYLE_ASSIGNMENT (( #5368 ) ) ;
#360 = CARTESIAN_POINT ( 'NONE',  ( 0.8441544621139117632, 0.4303452590537065747, 0.4489999999999999547 ) ) ;
#361 = CARTESIAN_POINT ( 'NONE',  ( 0.8678482458566479929, 0.1555343919980496925, 0.4499999999999946820 ) ) ;
#362 = CARTESIAN_POINT ( 'NONE',  ( 0.4185174315939425571, 0.5631959780197450804, 0.4494999999999746421 ) ) ;
#363 = CARTESIAN_POINT ( 'NONE',  ( 0.5449081680433990327, 0.1830404046199459178, 0.4489999999999999547 ) ) ;
#364 = PRESENTATION_STYLE_ASSIGNMENT (( #5373 ) ) ;
#365 =( NAMED_UNIT ( * ) SI_UNIT ( $, .STERADIAN. ) SOLID_ANGLE_UNIT ( ) );
#366 = CARTESIAN_POINT ( 'NONE',  ( 0.3790588858736884115, 0.7686010546765055240, 0.4489999999999998992 ) ) ;
#367 = CARTESIAN_POINT ( 'NONE',  ( 0.5449081680433990327, 0.1589777376861852554, 0.4489999999999999547 ) ) ;
#368 = CARTESIAN_POINT ( 'NONE',  ( 0.5991816723169032244, 0.3353666265750742115, 0.4489999999999999547 ) ) ;
#369 =( GEOMETRIC_REPRESENTATION_CONTEXT ( 3 ) GLOBAL_UNCERTAINTY_ASSIGNED_CONTEXT ( ( #2583 ) ) GLOBAL_UNIT_ASSIGNED_CONTEXT ( ( #6985, #5374, #971 ) ) REPRESENTATION_CONTEXT ( 'NONE', 'WORKASPACE' ) );
#370 = SURFACE_STYLE_USAGE ( .BOTH. , #3063 ) ;
#371 = EDGE_CURVE ( 'NONE', #1141, #593, #956, .T. ) ;
#372 = FACE_OUTER_BOUND ( 'NONE', #4545, .T. ) ;
#373 = EDGE_CURVE ( 'NONE', #3429, #5366, #5557, .T. ) ;
#374 = SURFACE_STYLE_USAGE ( .BOTH. , #5382 ) ;
#375 = CARTESIAN_POINT ( 'NONE',  ( 0.8774461438592143780, 0.2167564648033994679, 0.4490000000000000102 ) ) ;
#376 = MECHANICAL_DESIGN_GEOMETRIC_PRESENTATION_REPRESENTATION (  '', ( #6996 ), #6083 ) ;
#377 = VERTEX_POINT ( 'NONE', #6113 ) ;
#378 = CARTESIAN_POINT ( 'NONE',  ( 0.3595914480167095029, 0.5514111365555630639, 0.4500000000000003442 ) ) ;
#379 = CARTESIAN_POINT ( 'NONE',  ( 0.6370954898204381767, 0.7212993600977364306, 0.4500000000000000666 ) ) ;
#380 = SURFACE_STYLE_FILL_AREA ( #3151 ) ;
#381 = AXIS2_PLACEMENT_3D ( 'NONE', #6896, #2894, #6355 ) ;
#382 = EDGE_CURVE ( 'NONE', #1957, #4072, #3896, .T. ) ;
#383 = CARTESIAN_POINT ( 'NONE',  ( 0.8245751200994463348, 0.3763255311933852432, 0.4489999999999992886 ) ) ;
#384 = ORIENTED_EDGE ( 'NONE', *, *, #4172, .F. ) ;
#385 = VERTEX_POINT ( 'NONE', #2621 ) ;
#386 = CARTESIAN_POINT ( 'NONE',  ( 2.168404344971008868E-16, 0.8500000000000000888, 0.0000000000000000000 ) ) ;
#387 = VECTOR ( 'NONE', #5707, 1000.000000000000000 ) ;
#388 = DIRECTION ( 'NONE',  ( 0.0000000000000000000, 0.0000000000000000000, 1.000000000000000000 ) ) ;
#389 = CARTESIAN_POINT ( 'NONE',  ( 0.7121360739688262775, 0.3809010354865931536, 0.4490000000000000657 ) ) ;
#390 = COLOUR_RGB ( '',0.2941176470588235392, 0.2941176470588235392, 0.2941176470588235392 ) ;
#391 = FACE_OUTER_BOUND ( 'NONE', #4047, .T. ) ;
#392 = CARTESIAN_POINT ( 'NONE',  ( 0.4266418837121218610, 0.7572421578109236329, 0.4489999999999998437 ) ) ;
#393 = UNCERTAINTY_MEASURE_WITH_UNIT (LENGTH_MEASURE( 1.000000000000000082E-05 ), #2486, 'distance_accuracy_value', 'NONE');
#394 = LINE ( 'NONE', #7051, #5083 ) ;
#395 =( GEOMETRIC_REPRESENTATION_CONTEXT ( 3 ) GLOBAL_UNCERTAINTY_ASSIGNED_CONTEXT ( ( #701 ) ) GLOBAL_UNIT_ASSIGNED_CONTEXT ( ( #7116, #1603, #4371 ) ) REPRESENTATION_CONTEXT ( 'NONE', 'WORKASPACE' ) );
#396 = DIRECTION ( 'NONE',  ( 0.8573969048595114772, 0.5146557563433347138, 0.0000000000000000000 ) ) ;
#397 = CARTESIAN_POINT ( 'NONE',  ( 0.3643185150002698491, 0.7050534951584471743, 0.4489999999999999547 ) ) ;
#398 = VERTEX_POINT ( 'NONE', #4730 ) ;
#399 = COLOUR_RGB ( '',1.000000000000000000, 1.000000000000000000, 1.000000000000000000 ) ;
#400 = CARTESIAN_POINT ( 'NONE',  ( 0.9316068859921168288, 0.2378439235836211918, 0.4499999999999997891 ) ) ;
#401 = CARTESIAN_POINT ( 'NONE',  ( 0.6704156466758776078, 0.3476629673870399451, 0.4489999999999999547 ) ) ;
#402 = CARTESIAN_POINT ( 'NONE',  ( 0.7876488069795454239, 0.4077241414574783174, 0.4489999999999998992 ) ) ;
#403 = MECHANICAL_DESIGN_GEOMETRIC_PRESENTATION_REPRESENTATION (  '', ( #5646 ), #174 ) ;
#404 = FILL_AREA_STYLE ('',( #1922 ) ) ;
#405 =( NAMED_UNIT ( * ) SI_UNIT ( $, .STERADIAN. ) SOLID_ANGLE_UNIT ( ) );
#406 = MECHANICAL_DESIGN_GEOMETRIC_PRESENTATION_REPRESENTATION (  '', ( #4131 ), #4491 ) ;
#407 = SURFACE_STYLE_FILL_AREA ( #5449 ) ;
#408 = CARTESIAN_POINT ( 'NONE',  ( 0.7816216069967532043, 0.4012631076988326662, 0.4490000000000074487 ) ) ;
#409 = CARTESIAN_POINT ( 'NONE',  ( 0.7271170842420837666, 0.6263870496047119207, 0.4499999999999996780 ) ) ;
#410 = CARTESIAN_POINT ( 'NONE',  ( 0.5151310406828057964, 0.5648313297714642189, 0.4490000000000061164 ) ) ;
#411 = CARTESIAN_POINT ( 'NONE',  ( 0.5281996065165129872, 0.7147885280549062248, 0.4500000000000002331 ) ) ;
#412 = CARTESIAN_POINT ( 'NONE',  ( 0.6952436512346842346, 0.4076388539504267605, 0.4500000000000000111 ) ) ;
#413 = CARTESIAN_POINT ( 'NONE',  ( 0.4999680411949428138, 0.6329484489489595189, 0.4500000000000000666 ) ) ;
#414 = UNCERTAINTY_MEASURE_WITH_UNIT (LENGTH_MEASURE( 1.000000000000000082E-05 ), #512, 'distance_accuracy_value', 'NONE');
#415 = CARTESIAN_POINT ( 'NONE',  ( 0.6155419848623348011, 0.3756708329161146387, 0.4500000000000000111 ) ) ;
#416 = CARTESIAN_POINT ( 'NONE',  ( 0.8900184999700109234, 0.4974211549695313206, 0.4489999999999999547 ) ) ;
#417 =( NAMED_UNIT ( * ) PLANE_ANGLE_UNIT ( ) SI_UNIT ( $, .RADIAN. ) );
#418 = VECTOR ( 'NONE', #2890, 1000.000000000000114 ) ;
#419 = EDGE_CURVE ( 'NONE', #2082, #104, #4169, .T. ) ;
#420 = ORIENTED_EDGE ( 'NONE', *, *, #2555, .T. ) ;
#421 = CARTESIAN_POINT ( 'NONE',  ( 0.8425291837306945197, 0.4974211549695313206, 0.4489999999999999547 ) ) ;
#422 = SURFACE_STYLE_USAGE ( .BOTH. , #4836 ) ;
#423 = EDGE_CURVE ( 'NONE', #6400, #2502, #6577, .T. ) ;
#424 = FILL_AREA_STYLE ('',( #5354 ) ) ;
#425 = CARTESIAN_POINT ( 'NONE',  ( 0.6107236872378570824, 0.7663108051786938768, 0.4490000000000065605 ) ) ;
#426 = CARTESIAN_POINT ( 'NONE',  ( 0.7745635880063090895, 0.6241771531654215499, 0.4499999999999999556 ) ) ;
#427 = ORIENTED_EDGE ( 'NONE', *, *, #156, .F. ) ;
#428 = ORIENTED_EDGE ( 'NONE', *, *, #2592, .F. ) ;
#429 = CARTESIAN_POINT ( 'NONE',  ( 0.9315160659954343503, 0.2349081864857078816, 0.4489999999999995106 ) ) ;
#430 =( NAMED_UNIT ( * ) SI_UNIT ( $, .STERADIAN. ) SOLID_ANGLE_UNIT ( ) );
#431 = CARTESIAN_POINT ( 'NONE',  ( 0.6358056874077153697, 0.3828559428143903376, 0.4494999999999969020 ) ) ;
#432 = FILL_AREA_STYLE ('',( #958 ) ) ;
#433 = ADVANCED_FACE ( 'NONE', ( #3067 ), #5950, .T. ) ;
#434 = CARTESIAN_POINT ( 'NONE',  ( 0.4355335073562080495, 0.7507929972749224357, 0.4490000000000000657 ) ) ;
#435 =( GEOMETRIC_REPRESENTATION_CONTEXT ( 3 ) GLOBAL_UNCERTAINTY_ASSIGNED_CONTEXT ( ( #6224 ) ) GLOBAL_UNIT_ASSIGNED_CONTEXT ( ( #4898, #1610, #5974 ) ) REPRESENTATION_CONTEXT ( 'NONE', 'WORKASPACE' ) );
#436 = DIRECTION ( 'NONE',  ( -0.0000000000000000000, -1.000000000000000000, 0.0000000000000000000 ) ) ;
#437 = ORIENTED_EDGE ( 'NONE', *, *, #5813, .T. ) ;
#438 = CARTESIAN_POINT ( 'NONE',  ( 0.6255123727133085065, 0.2688436824074637577, 0.4490000000000000657 ) ) ;
#439 = VECTOR ( 'NONE', #5600, 1000.000000000000000 ) ;
#440 = CARTESIAN_POINT ( 'NONE',  ( 0.4632859057570742345, 0.3794638487972963325, 0.4489999999999999547 ) ) ;
#441 =( LENGTH_UNIT ( ) NAMED_UNIT ( * ) SI_UNIT ( .MILLI., .METRE. ) );
#442 =( NAMED_UNIT ( * ) SI_UNIT ( $, .STERADIAN. ) SOLID_ANGLE_UNIT ( ) );
#443 = DIRECTION ( 'NONE',  ( -0.0000000000000000000, -0.0000000000000000000, 1.000000000000000000 ) ) ;
#444 =( NAMED_UNIT ( * ) PLANE_ANGLE_UNIT ( ) SI_UNIT ( $, .RADIAN. ) );
#445 = CARTESIAN_POINT ( 'NONE',  ( 0.5245556039408351134, 0.3989153879265698310, 0.4489999999999999547 ) ) ;
#446 = CARTESIAN_POINT ( 'NONE',  ( 0.5024050922740211922, 0.6574224831614670084, 0.4500000000000001776 ) ) ;
#447 =( NAMED_UNIT ( * ) PLANE_ANGLE_UNIT ( ) SI_UNIT ( $, .RADIAN. ) );
#448 =( GEOMETRIC_REPRESENTATION_CONTEXT ( 3 ) GLOBAL_UNCERTAINTY_ASSIGNED_CONTEXT ( ( #6817 ) ) GLOBAL_UNIT_ASSIGNED_CONTEXT ( ( #5953, #6555, #1993 ) ) REPRESENTATION_CONTEXT ( 'NONE', 'WORKASPACE' ) );
#449 = CARTESIAN_POINT ( 'NONE',  ( 0.5465315672330743890, 0.7343641514829049033, 0.4490000000000000102 ) ) ;
#450 = CARTESIAN_POINT ( 'NONE',  ( 0.6249809054859343238, 0.3811153958488447957, 0.4500000000000000111 ) ) ;
#451 = CARTESIAN_POINT ( 'NONE',  ( 0.3366709090524661607, 0.7491053172828343598, 0.4490000000000059499 ) ) ;
#452 = CARTESIAN_POINT ( 'NONE',  ( 0.8722780961633899155, 0.2108216401772527171, 0.4489999999999999547 ) ) ;
#453 = CIRCLE ( 'NONE', #2188, 0.009999999999999949901 ) ;
#454 = ORIENTED_EDGE ( 'NONE', *, *, #4947, .F. ) ;
#455 = CARTESIAN_POINT ( 'NONE',  ( 0.6798149741723394923, 0.7110638708022737342, 0.4499999999999999001 ) ) ;
#456 = DIRECTION ( 'NONE',  ( 0.0000000000000000000, 1.000000000000000000, 0.0000000000000000000 ) ) ;
#457 = CARTESIAN_POINT ( 'NONE',  ( 0.4170371675247460663, 0.6463974959621420213, 0.4489999999999998992 ) ) ;
#458 = CARTESIAN_POINT ( 'NONE',  ( 0.8968410924119319949, 0.4098635943543103011, 0.4490000000000000102 ) ) ;
#459 = EDGE_CURVE ( 'NONE', #377, #1750, #3813, .T. ) ;
#460 = CARTESIAN_POINT ( 'NONE',  ( 0.6677225688834884654, 0.2437350630495551118, 0.4489999999999998437 ) ) ;
#461 = CARTESIAN_POINT ( 'NONE',  ( 0.3856565208033442826, 0.7212993600977364306, 0.4489999999999791935 ) ) ;
#462 = VERTEX_POINT ( 'NONE', #6627 ) ;
#463 = STYLED_ITEM ( 'NONE', ( #6187 ), #2546 ) ;
#464 = CARTESIAN_POINT ( 'NONE',  ( 0.3913156787240187895, 0.6689202435831720361, 0.4489999999999997327 ) ) ;
#465 = CARTESIAN_POINT ( 'NONE',  ( 0.3216301259943905588, 0.7273883955039578408, 0.4500000000000010658 ) ) ;
#466 = CARTESIAN_POINT ( 'NONE',  ( 0.5476568297407427011, 0.6388645171009157409, 0.4490000000000004543 ) ) ;
#467 =( NAMED_UNIT ( * ) SI_UNIT ( $, .STERADIAN. ) SOLID_ANGLE_UNIT ( ) );
#468 = UNCERTAINTY_MEASURE_WITH_UNIT (LENGTH_MEASURE( 1.000000000000000082E-05 ), #4014, 'distance_accuracy_value', 'NONE');
#469 = PRESENTATION_STYLE_ASSIGNMENT (( #6507 ) ) ;
#470 = CARTESIAN_POINT ( 'NONE',  ( 0.3676467713036473128, 0.7133316938849203481, 0.4500000000000001776 ) ) ;
#471 = EDGE_LOOP ( 'NONE', ( #4711, #4566, #6747, #4452 ) ) ;
#472 = CARTESIAN_POINT ( 'NONE',  ( 0.9058328882946586891, 0.1769341667105327198, 0.4499999999999998446 ) ) ;
#473 = CARTESIAN_POINT ( 'NONE',  ( 0.8900184999700109234, 0.4974211549695313206, 0.4500000000000000666 ) ) ;
#474 = DIRECTION ( 'NONE',  ( -0.0000000000000000000, -1.000000000000000000, -0.0000000000000000000 ) ) ;
#475 = FILL_AREA_STYLE ('',( #2173 ) ) ;
#476 = CARTESIAN_POINT ( 'NONE',  ( 0.3834304591046263089, 0.6088302428434628766, 0.4489999999999203517 ) ) ;
#477 = CARTESIAN_POINT ( 'NONE',  ( 0.01000000000000024307, 0.8500000000000000888, 1.058517010615032372E-19 ) ) ;
#478 = B_SPLINE_CURVE_WITH_KNOTS ( 'NONE', 3,
 ( #1166, #3993, #5643, #2370, #6820, #332, #4584, #3650, #2852, #6416, #93, #3095, #5337, #4027, #2297, #1826, #4060, #1437, #1478 ),
 .UNSPECIFIED., .F., .F.,
 ( 4, 1, 1, 1, 1, 1, 1, 1, 1, 1, 1, 1, 1, 1, 1, 1, 4 ),
 ( 1.212174879515270318E-19, 5.988708679054516498E-06, 1.176754394715554644E-05, 1.744680302568883074E-05, 2.303948180973387845E-05, 2.855532035914258853E-05, 3.403077584178448492E-05, 3.950311259122339061E-05, 4.505161006588421634E-05, 5.059959471670965681E-05, 5.609139449172422177E-05, 6.158319426673889514E-05, 6.713399886235094094E-05, 7.276217741478482751E-05, 7.850644405372830077E-05, 8.440322689374162675E-05, 9.043454352359942743E-05 ),
 .UNSPECIFIED. ) ;
#479 = CARTESIAN_POINT ( 'NONE',  ( 0.3549509030861340841, 0.3794638487972963325, 0.4489999999999999547 ) ) ;
#480 = CARTESIAN_POINT ( 'NONE',  ( 0.09000000000000023259, 0.01833333333333329526, 0.1650000000000000078 ) ) ;
#481 = FACE_OUTER_BOUND ( 'NONE', #4899, .T. ) ;
#482 = CARTESIAN_POINT ( 'NONE',  ( 0.5489163453945823390, 0.6482664026142810343, 0.4490000000000000102 ) ) ;
#483 = SURFACE_SIDE_STYLE ('',( #2661 ) ) ;
#484 = ORIENTED_EDGE ( 'NONE', *, *, #2677, .F. ) ;
#485 =( LENGTH_UNIT ( ) NAMED_UNIT ( * ) SI_UNIT ( .MILLI., .METRE. ) );
#486 = CARTESIAN_POINT ( 'NONE',  ( 0.8337086274182157197, 0.3813488222582117060, 0.4489999999999998437 ) ) ;
#487 = AXIS2_PLACEMENT_3D ( 'NONE', #7083, #5473, #4843 ) ;
#488 = CARTESIAN_POINT ( 'NONE',  ( 0.5338723078033592584, 0.7217243959760598626, 0.4490000000000063940 ) ) ;
#489 = CARTESIAN_POINT ( 'NONE',  ( 1.250000000000000444, 0.05895042793126350350, 0.4400000000000000022 ) ) ;
#490 = ORIENTED_EDGE ( 'NONE', *, *, #1411, .T. ) ;
#491 = CARTESIAN_POINT ( 'NONE',  ( 0.7208104100682093396, 0.5939017185906994012, 0.4500000000000000111 ) ) ;
#492 = CARTESIAN_POINT ( 'NONE',  ( 0.3834304591046263089, 0.6088302428434628766, 0.4500000000000000666 ) ) ;
#493 = CARTESIAN_POINT ( 'NONE',  ( 0.8584681604273878275, 0.3357024603201614887, 0.4489999999999998992 ) ) ;
#494 = CARTESIAN_POINT ( 'NONE',  ( 0.4495433732112826819, 0.7376579224657012768, 0.4489999999999999547 ) ) ;
#495 = CARTESIAN_POINT ( 'NONE',  ( 0.3332005073241322002, 0.5078392353954016558, 0.4500000000000001221 ) ) ;
#496 =( LENGTH_UNIT ( ) NAMED_UNIT ( * ) SI_UNIT ( .MILLI., .METRE. ) );
#497 = ORIENTED_EDGE ( 'NONE', *, *, #6256, .F. ) ;
#498 = EDGE_CURVE ( 'NONE', #4586, #4808, #2922, .T. ) ;
#499 =( LENGTH_UNIT ( ) NAMED_UNIT ( * ) SI_UNIT ( .MILLI., .METRE. ) );
#500 =( NAMED_UNIT ( * ) PLANE_ANGLE_UNIT ( ) SI_UNIT ( $, .RADIAN. ) );
#501 = FACE_OUTER_BOUND ( 'NONE', #188, .T. ) ;
#502 = EDGE_CURVE ( 'NONE', #620, #1327, #520, .T. ) ;
#503 = CARTESIAN_POINT ( 'NONE',  ( 0.3549509030861340841, 0.4235610710195185091, 0.4500000000000000666 ) ) ;
#504 = DIRECTION ( 'NONE',  ( 1.000000000000000000, 0.0000000000000000000, -6.398792673177310671E-14 ) ) ;
#505 = LINE ( 'NONE', #617, #5573 ) ;
#506 = CARTESIAN_POINT ( 'NONE',  ( 1.250000000000000222, 0.7910495720687358290, 0.4400000000000000022 ) ) ;
#507 = FILL_AREA_STYLE_COLOUR ( '', #1987 ) ;
#508 = LINE ( 'NONE', #3906, #3233 ) ;
#509 = STYLED_ITEM ( 'NONE', ( #3882 ), #3310 ) ;
#510 = SURFACE_SIDE_STYLE ('',( #3874 ) ) ;
#511 = DIRECTION ( 'NONE',  ( -0.4276104714197607182, -0.9039630992093482531, 0.0000000000000000000 ) ) ;
#512 =( LENGTH_UNIT ( ) NAMED_UNIT ( * ) SI_UNIT ( .MILLI., .METRE. ) );
#513 = SURFACE_SIDE_STYLE ('',( #8 ) ) ;
#514 = EDGE_CURVE ( 'NONE', #2127, #4841, #6308, .T. ) ;
#515 = VECTOR ( 'NONE', #4134, 1000.000000000000000 ) ;
#516 = SURFACE_STYLE_USAGE ( .BOTH. , #1043 ) ;
#517 = DIRECTION ( 'NONE',  ( 0.0000000000000000000, 0.0000000000000000000, 1.000000000000000000 ) ) ;
#518 =( GEOMETRIC_REPRESENTATION_CONTEXT ( 3 ) GLOBAL_UNCERTAINTY_ASSIGNED_CONTEXT ( ( #5942 ) ) GLOBAL_UNIT_ASSIGNED_CONTEXT ( ( #441, #3837, #3247 ) ) REPRESENTATION_CONTEXT ( 'NONE', 'WORKASPACE' ) );
#519 = FILL_AREA_STYLE ('',( #4016 ) ) ;
#520 = LINE ( 'NONE', #1777, #1217 ) ;
#521 = CARTESIAN_POINT ( 'NONE',  ( 0.6681779216871021054, 0.3317358532314023112, 0.4499999999999989564 ) ) ;
#522 = VERTEX_POINT ( 'NONE', #5734 ) ;
#523 = CARTESIAN_POINT ( 'NONE',  ( 1.240000000000000213, -2.365137165199430178E-16, 8.679839487043211355E-18 ) ) ;
#524 = CARTESIAN_POINT ( 'NONE',  ( 0.7130605014507888084, 0.3197030461862863104, 0.4499999999999970690 ) ) ;
#525 = CARTESIAN_POINT ( 'NONE',  ( 0.7271142849902163530, 0.6327023750654863221, 0.4490000000000002878 ) ) ;
#526 = CARTESIAN_POINT ( 'NONE',  ( 0.3943607643324321677, 0.5383711293744702919, 0.4489999999999998992 ) ) ;
#527 = PRESENTATION_LAYER_ASSIGNMENT (  '', '', ( #1558 ) ) ;
#528 = CARTESIAN_POINT ( 'NONE',  ( 0.4185174315939425571, 0.5631959780197450804, 0.4500000000000000666 ) ) ;
#529 = CARTESIAN_POINT ( 'NONE',  ( 0.9098027582634253818, 0.3933794148620262110, 0.4499999999999996780 ) ) ;
#530 = ORIENTED_EDGE ( 'NONE', *, *, #3082, .T. ) ;
#531 = FACE_OUTER_BOUND ( 'NONE', #4290, .T. ) ;
#532 = CARTESIAN_POINT ( 'NONE',  ( 0.3837810519967270184, 0.7687253566128577909, 0.4500000000000011768 ) ) ;
#533 = B_SPLINE_SURFACE_WITH_KNOTS ( 'NONE', 3, 1, ( 
 ( #1283, #7039 ),
 ( #1978, #426 ),
 ( #4737, #2085 ),
 ( #7003, #3196 ),
 ( #917, #4325 ),
 ( #2046, #6531 ),
 ( #6498, #4178 ),
 ( #5428, #1382 ),
 ( #6431, #1418 ),
 ( #6399, #3113 ),
 ( #5964, #5355 ),
 ( #2524, #2595 ),
 ( #6468, #3710 ),
 ( #1490, #1525 ),
 ( #2629, #3668 ),
 ( #4771, #1454 ),
 ( #6936, #5858 ),
 ( #5278, #280 ),
 ( #842, #5826 ) ),
 .UNSPECIFIED., .F., .F., .F.,
 ( 4, 1, 1, 1, 1, 1, 1, 1, 1, 1, 1, 1, 1, 1, 1, 1, 4 ),
 ( 2, 2 ),
 ( 0.0000000000000000000, 0.06572231519156143675, 0.1295079307025845672, 0.1917221026921615834, 0.2531611245020888856, 0.3143157037352573013, 0.3759517397728625587, 0.4386196008234092281, 0.5029729018927764361, 0.5671286457242651347, 0.6295522895796740181, 0.6904767824348743144, 0.7510723384108290990, 0.8116678943867836615, 0.8729293555873911536, 0.9355013707158073011, 1.000000000000000000 ),
 ( 0.0000000000000000000, 1.000000000000000000 ),
 .UNSPECIFIED. ) ;
#534 = CARTESIAN_POINT ( 'NONE',  ( 0.4575948596663008683, 0.7285915765717496662, 0.4489999999999999547 ) ) ;
#535 = UNCERTAINTY_MEASURE_WITH_UNIT (LENGTH_MEASURE( 1.000000000000000082E-05 ), #2994, 'distance_accuracy_value', 'NONE');
#536 = CARTESIAN_POINT ( 'NONE',  ( 0.3107397054048466334, 0.5334028934129164679, 0.4490000000000000102 ) ) ;
#537 = FACE_OUTER_BOUND ( 'NONE', #7042, .T. ) ;
#538 = EDGE_LOOP ( 'NONE', ( #7160, #384, #4327, #6545 ) ) ;
#539 = VERTEX_POINT ( 'NONE', #6197 ) ;
#540 = CARTESIAN_POINT ( 'NONE',  ( 0.8985011627328334249, 0.2986759802636662076, 0.4499999999999989564 ) ) ;
#541 = CARTESIAN_POINT ( 'NONE',  ( 0.7242195098240641338, 0.7376884908456790013, 0.4500000000000001221 ) ) ;
#542 = AXIS2_PLACEMENT_3D ( 'NONE', #2562, #5792, #5213 ) ;
#543 = LINE ( 'NONE', #3838, #6306 ) ;
#544 = CARTESIAN_POINT ( 'NONE',  ( 0.01000000000000002623, -6.408770373945876678E-18, -3.471935794817285158E-17 ) ) ;
#545 = DIRECTION ( 'NONE',  ( 1.000000000000000000, -0.0000000000000000000, 0.0000000000000000000 ) ) ;
#546 = CARTESIAN_POINT ( 'NONE',  ( 0.4660067478332588498, 0.5659520544086339422, 0.4490000000000000102 ) ) ;
#547 =( NAMED_UNIT ( * ) SI_UNIT ( $, .STERADIAN. ) SOLID_ANGLE_UNIT ( ) );
#548 = VERTEX_POINT ( 'NONE', #1188 ) ;
#549 = AXIS2_PLACEMENT_3D ( 'NONE', #3983, #194, #4127 ) ;
#550 = EDGE_CURVE ( 'NONE', #7018, #4218, #2843, .T. ) ;
#551 = CARTESIAN_POINT ( 'NONE',  ( 0.3326926642496892961, 0.6580386116180654277, 0.4500000000000001221 ) ) ;
#552 = PRESENTATION_STYLE_ASSIGNMENT (( #7169 ) ) ;
#553 = FILL_AREA_STYLE ('',( #5661 ) ) ;
#554 =( NAMED_UNIT ( * ) SI_UNIT ( $, .STERADIAN. ) SOLID_ANGLE_UNIT ( ) );
#555 = CARTESIAN_POINT ( 'NONE',  ( 0.6876274690366966924, 0.4145114609565704877, 0.4490000000000083924 ) ) ;
#556 = STYLED_ITEM ( 'NONE', ( #2650 ), #1336 ) ;
#557 = SURFACE_STYLE_FILL_AREA ( #5565 ) ;
#558 = EDGE_CURVE ( 'NONE', #5872, #4368, #2223, .T. ) ;
#559 = FILL_AREA_STYLE ('',( #6743 ) ) ;
#560 = MECHANICAL_DESIGN_GEOMETRIC_PRESENTATION_REPRESENTATION (  '', ( #6836 ), #902 ) ;
#561 = CARTESIAN_POINT ( 'NONE',  ( 0.7524283316082216455, 0.5517620972877614882, 0.4500000000000006772 ) ) ;
#562 = CARTESIAN_POINT ( 'NONE',  ( 0.3883065942541989446, 0.5381262831746594921, 0.4489999999999999547 ) ) ;
#563 = CARTESIAN_POINT ( 'NONE',  ( 0.9178787902455733949, 0.3678561982975943612, 0.4489999999999999547 ) ) ;
#564 =( NAMED_UNIT ( * ) SI_UNIT ( $, .STERADIAN. ) SOLID_ANGLE_UNIT ( ) );
#565 = ORIENTED_EDGE ( 'NONE', *, *, #3040, .F. ) ;
#566 = CARTESIAN_POINT ( 'NONE',  ( 0.7237190851252900403, 0.6022681401253193734, 0.4500000000000002331 ) ) ;
#567 = PRESENTATION_STYLE_ASSIGNMENT (( #4414 ) ) ;
#568 = CARTESIAN_POINT ( 'NONE',  ( 1.160000000000000142, -0.09999999999999999167, 0.1650000000000000078 ) ) ;
#569 = CARTESIAN_POINT ( 'NONE',  ( 0.5516923560775870428, 0.3353666265750742115, 0.4499999999999996225 ) ) ;
#570 = VECTOR ( 'NONE', #3215, 1000.000000000000000 ) ;
#571 = DIRECTION ( 'NONE',  ( 0.0000000000000000000, 0.0000000000000000000, 1.000000000000000000 ) ) ;
#572 = CARTESIAN_POINT ( 'NONE',  ( 0.5219384089992237241, 0.5532587371566837220, 0.4499999999999994560 ) ) ;
#573 = VERTEX_POINT ( 'NONE', #5773 ) ;
#574 = ORIENTED_EDGE ( 'NONE', *, *, #4162, .F. ) ;
#575 =( NAMED_UNIT ( * ) PLANE_ANGLE_UNIT ( ) SI_UNIT ( $, .RADIAN. ) );
#576 = CARTESIAN_POINT ( 'NONE',  ( 0.7520833917449418760, 0.7068011428967098109, 0.4500000000000000666 ) ) ;
#577 = CARTESIAN_POINT ( 'NONE',  ( 0.8900000000000001243, 0.8500000000000000888, 0.0000000000000000000 ) ) ;
#578 = LINE ( 'NONE', #4383, #2574 ) ;
#579 = PLANE ( 'NONE',  #6396 ) ;
#580 =( NAMED_UNIT ( * ) PLANE_ANGLE_UNIT ( ) SI_UNIT ( $, .RADIAN. ) );
#581 = DIRECTION ( 'NONE',  ( 1.000000000000000000, 0.0000000000000000000, 0.0000000000000000000 ) ) ;
#582 = CARTESIAN_POINT ( 'NONE',  ( 0.4598389461743770390, 0.5970584276361374787, 0.4500000000000000666 ) ) ;
#583 = FILL_AREA_STYLE_COLOUR ( '', #5797 ) ;
#584 = CARTESIAN_POINT ( 'NONE',  ( 0.3489787374550784582, 0.6398888145531049787, 0.4500000000000001776 ) ) ;
#585 = CARTESIAN_POINT ( 'NONE',  ( 0.7242195098240641338, 0.7376884908456790013, 0.4500000000000001221 ) ) ;
#586 =( NAMED_UNIT ( * ) SI_UNIT ( $, .STERADIAN. ) SOLID_ANGLE_UNIT ( ) );
#587 = CARTESIAN_POINT ( 'NONE',  ( 0.7121360739688262775, 0.3809010354865931536, 0.4490000000000085589 ) ) ;
#588 = DIRECTION ( 'NONE',  ( 1.000000000000000000, 0.0000000000000000000, -0.0000000000000000000 ) ) ;
#589 = CARTESIAN_POINT ( 'NONE',  ( 0.8147030598432791759, 0.2087842902831514580, 0.4499999999999999556 ) ) ;
#590 = CARTESIAN_POINT ( 'NONE',  ( 0.6704156466758776078, 0.3476629673870399451, 0.4500000000000000111 ) ) ;
#591 = CARTESIAN_POINT ( 'NONE',  ( 0.6817404477691364484, 0.2612345348130552525, 0.4499999999999999001 ) ) ;
#592 = B_SPLINE_SURFACE_WITH_KNOTS ( 'NONE', 3, 1, ( 
 ( #4806, #3526 ),
 ( #7004, #3627 ),
 ( #2448, #5859 ),
 ( #6863, #3007 ),
 ( #2012, #844 ),
 ( #2525, #2411 ),
 ( #5753, #3072 ),
 ( #4252, #741 ),
 ( #1869, #4103 ),
 ( #5248, #6325 ),
 ( #1320, #45 ),
 ( #5632, #4507 ),
 ( #6702, #4543 ),
 ( #3749, #5469 ),
 ( #628, #591 ),
 ( #5389, #2631 ),
 ( #460, #2845 ),
 ( #2260, #1491 ),
 ( #2049, #5965 ) ),
 .UNSPECIFIED., .F., .F., .F.,
 ( 4, 1, 1, 1, 1, 1, 1, 1, 1, 1, 1, 1, 1, 1, 1, 1, 4 ),
 ( 2, 2 ),
 ( 0.0000000000000000000, 0.04551775165131808493, 0.09161599061816488865, 0.1392465550335722502, 0.1882415637234045869, 0.2386730793725370670, 0.2906638743206416131, 0.3448398555786327813, 0.4004316067351771924, 0.4591437176132944220, 0.5225510475946140154, 0.5901008583230447080, 0.6622596565248676237, 0.7396813070012570046, 0.8215754713854224178, 0.9083300466844453913, 1.000000000000000000 ),
 ( 0.0000000000000000000, 1.000000000000000000 ),
 .UNSPECIFIED. ) ;
#593 = VERTEX_POINT ( 'NONE', #2945 ) ;
#594 = CARTESIAN_POINT ( 'NONE',  ( 0.8028353649748599663, 0.2264590175265735472, 0.4499999999999996780 ) ) ;
#595 = ADVANCED_FACE ( 'NONE', ( #193 ), #4644, .F. ) ;
#596 = SURFACE_SIDE_STYLE ('',( #6631 ) ) ;
#597 =( NAMED_UNIT ( * ) PLANE_ANGLE_UNIT ( ) SI_UNIT ( $, .RADIAN. ) );
#598 = ADVANCED_FACE ( 'NONE', ( #4788 ), #898, .T. ) ;
#599 = SURFACE_STYLE_FILL_AREA ( #559 ) ;
#600 = CARTESIAN_POINT ( 'NONE',  ( 0.6382085206697973856, 0.4906369669353431440, 0.4494999999999982898 ) ) ;
#601 = CARTESIAN_POINT ( 'NONE',  ( 0.3903657337718870468, 0.5382095600696379378, 0.4500000000000000111 ) ) ;
#602 = CARTESIAN_POINT ( 'NONE',  ( 0.9168150879384613372, 0.3745818876839499545, 0.4489999999999998992 ) ) ;
#603 = ORIENTED_EDGE ( 'NONE', *, *, #4034, .T. ) ;
#604 = CARTESIAN_POINT ( 'NONE',  ( 0.6410921530975469684, 0.5382100566629300920, 0.4489999999999998992 ) ) ;
#605 = FACE_OUTER_BOUND ( 'NONE', #2388, .T. ) ;
#606 =( GEOMETRIC_REPRESENTATION_CONTEXT ( 3 ) GLOBAL_UNCERTAINTY_ASSIGNED_CONTEXT ( ( #2077 ) ) GLOBAL_UNIT_ASSIGNED_CONTEXT ( ( #6884, #6343, #3547 ) ) REPRESENTATION_CONTEXT ( 'NONE', 'WORKASPACE' ) );
#607 = EDGE_CURVE ( 'NONE', #2928, #539, #2383, .T. ) ;
#608 = CARTESIAN_POINT ( 'NONE',  ( 0.3798128437262592860, 0.4907566224429018575, 0.4489999999999989000 ) ) ;
#609 =( GEOMETRIC_REPRESENTATION_CONTEXT ( 3 ) GLOBAL_UNCERTAINTY_ASSIGNED_CONTEXT ( ( #5512 ) ) GLOBAL_UNIT_ASSIGNED_CONTEXT ( ( #998, #2207, #4891 ) ) REPRESENTATION_CONTEXT ( 'NONE', 'WORKASPACE' ) );
#610 = SURFACE_STYLE_FILL_AREA ( #3968 ) ;
#611 = CARTESIAN_POINT ( 'NONE',  ( 0.6333424222889073585, 0.4907472433660212685, 0.4499999999999992339 ) ) ;
#612 = ORIENTED_EDGE ( 'NONE', *, *, #3444, .T. ) ;
#613 = CARTESIAN_POINT ( 'NONE',  ( 0.7600000000000002309, 0.8000000000000000444, -0.005000000000000013115 ) ) ;
#614 = COLOUR_RGB ( '',1.000000000000000000, 1.000000000000000000, 1.000000000000000000 ) ;
#615 = LINE ( 'NONE', #4077, #853 ) ;
#616 = COLOUR_RGB ( '',0.5607843137254902022, 0.5607843137254902022, 0.5607843137254902022 ) ;
#617 = CARTESIAN_POINT ( 'NONE',  ( 1.160000000000000142, 0.04999999999999999584, 0.1650000000000000078 ) ) ;
#618 = FACE_OUTER_BOUND ( 'NONE', #4116, .T. ) ;
#619 = CARTESIAN_POINT ( 'NONE',  ( 0.4409938512660595555, 0.6241108340811472033, 0.4500000000000001776 ) ) ;
#620 = VERTEX_POINT ( 'NONE', #1038 ) ;
#621 = FILL_AREA_STYLE ('',( #4461 ) ) ;
#622 = CARTESIAN_POINT ( 'NONE',  ( 0.7648536225169888514, 0.6830632954575400761, 0.4500000000000000666 ) ) ;
#623 = CARTESIAN_POINT ( 'NONE',  ( 0.3642439273204383099, 0.7039678797291467616, 0.4489999999999689795 ) ) ;
#624 = CARTESIAN_POINT ( 'NONE',  ( 0.7520740946920952963, 0.2370785646264057522, 0.4500000000000000666 ) ) ;
#625 = CARTESIAN_POINT ( 'NONE',  ( 0.8198001330246033058, 0.2051034914807614018, 0.4500000000000001776 ) ) ;
#626 = VECTOR ( 'NONE', #338, 1000.000000000000000 ) ;
#627 =( NAMED_UNIT ( * ) SI_UNIT ( $, .STERADIAN. ) SOLID_ANGLE_UNIT ( ) );
#628 = CARTESIAN_POINT ( 'NONE',  ( 0.6817404477691364484, 0.2612345348130552525, 0.4489999999999998992 ) ) ;
#629 = VERTEX_POINT ( 'NONE', #5982 ) ;
#630 = CARTESIAN_POINT ( 'NONE',  ( 0.8111375980699022659, 0.2123667217757424786, 0.4499999999999996780 ) ) ;
#631 = STYLED_ITEM ( 'NONE', ( #5096 ), #6558 ) ;
#632 = FILL_AREA_STYLE ('',( #5502 ) ) ;
#633 = COLOUR_RGB ( '',1.000000000000000000, 1.000000000000000000, 0.7254901960784313486 ) ;
#634 = CARTESIAN_POINT ( 'NONE',  ( 0.7600000000000002309, 0.9499999999999999556, -0.005000000000000013115 ) ) ;
#635 = CARTESIAN_POINT ( 'NONE',  ( 0.8664617053579825035, 0.3721310834510782040, 0.4490000000000007874 ) ) ;
#636 = ADVANCED_FACE ( 'NONE', ( #3805 ), #6169, .T. ) ;
#637 = CARTESIAN_POINT ( 'NONE',  ( 0.4322094714828540463, 0.5024823053091470593, 0.4499999999999999556 ) ) ;
#638 = VERTEX_POINT ( 'NONE', #2872 ) ;
#639 = ORIENTED_EDGE ( 'NONE', *, *, #5197, .T. ) ;
#640 = EDGE_CURVE ( 'NONE', #6718, #2003, #5186, .T. ) ;
#641 = CARTESIAN_POINT ( 'NONE',  ( 0.7072987420430844052, 0.5711117341669983416, 0.4489999999999997327 ) ) ;
#642 =( NAMED_UNIT ( * ) SI_UNIT ( $, .STERADIAN. ) SOLID_ANGLE_UNIT ( ) );
#643 = DIRECTION ( 'NONE',  ( 0.0000000000000000000, 0.1104315260748466032, 0.9938837346736190126 ) ) ;
#644 = CARTESIAN_POINT ( 'NONE',  ( 0.3283163568263117171, 0.5119707156052473174, 0.4489999999999988445 ) ) ;
#645 = DIRECTION ( 'NONE',  ( 0.0000000000000000000, 1.000000000000000000, 4.238498524336620153E-13 ) ) ;
#646 =( NAMED_UNIT ( * ) PLANE_ANGLE_UNIT ( ) SI_UNIT ( $, .RADIAN. ) );
#647 = ORIENTED_EDGE ( 'NONE', *, *, #1246, .T. ) ;
#648 = ADVANCED_FACE ( 'NONE', ( #692 ), #1683, .T. ) ;
#649 = CARTESIAN_POINT ( 'NONE',  ( 0.9243717802304711739, 0.2709035056202087621, 0.4499999999999988454 ) ) ;
#650 = CARTESIAN_POINT ( 'NONE',  ( 0.4409938512660595555, 0.6241108340811472033, 0.4500000000000005107 ) ) ;
#651 = B_SPLINE_SURFACE_WITH_KNOTS ( 'NONE', 3, 1, ( 
 ( #1004, #2146 ),
 ( #4429, #6590 ),
 ( #1583, #6621 ),
 ( #1042, #4146 ),
 ( #4076, #4223 ),
 ( #4108, #745 ),
 ( #5796, #781 ),
 ( #3012, #3043 ),
 ( #4742, #2931 ),
 ( #850, #6404 ),
 ( #6365, #3633 ),
 ( #6868, #1840 ),
 ( #1911, #6294 ),
 ( #1288, #1387 ),
 ( #6329, #5865 ),
 ( #5180, #1873 ),
 ( #4701, #1323 ),
 ( #6906, #284 ),
 ( #247, #4668 ) ),
 .UNSPECIFIED., .F., .F., .F.,
 ( 4, 1, 1, 1, 1, 1, 1, 1, 1, 1, 1, 1, 1, 1, 1, 1, 4 ),
 ( 2, 2 ),
 ( 0.0000000000000000000, 0.06940222273328035263, 0.1359434277415503267, 0.2010203772821999302, 0.2641806354860672945, 0.3259547982266991495, 0.3884537906252660822, 0.4508185688551912262, 0.5142656197867429002, 0.5774921763904650174, 0.6388352985771126313, 0.6986336447043982600, 0.7580571493169929731, 0.8170324353081861446, 0.8764147980799069648, 0.9372779555277136465, 1.000000000000000000 ),
 ( 0.0000000000000000000, 1.000000000000000000 ),
 .UNSPECIFIED. ) ;
#652 =( NAMED_UNIT ( * ) PLANE_ANGLE_UNIT ( ) SI_UNIT ( $, .RADIAN. ) );
#653 = SURFACE_STYLE_FILL_AREA ( #1148 ) ;
#654 = CARTESIAN_POINT ( 'NONE',  ( 0.3862821599516608195, 0.5382282564367192323, 0.4489999999999999547 ) ) ;
#655 = ORIENTED_EDGE ( 'NONE', *, *, #5372, .F. ) ;
#656 = CARTESIAN_POINT ( 'NONE',  ( 0.3834304591046263089, 0.6088302428434628766, 0.4489999999999999547 ) ) ;
#657 = CARTESIAN_POINT ( 'NONE',  ( 0.4002908961607563043, 0.7175469472381262870, 0.4490000000000000102 ) ) ;
#658 = CARTESIAN_POINT ( 'NONE',  ( 0.4237115755576177367, 0.6941626079609843902, 0.4489999999999834679 ) ) ;
#659 = CARTESIAN_POINT ( 'NONE',  ( 0.7541592481338641463, 0.2211535340597851063, 0.4490000000000000102 ) ) ;
#660 = PRESENTATION_LAYER_ASSIGNMENT (  '', '', ( #6018 ) ) ;
#661 = CARTESIAN_POINT ( 'NONE',  ( 0.8013455524092238935, 0.2307904178517286020, 0.4499999999999999001 ) ) ;
#662 = CARTESIAN_POINT ( 'NONE',  ( 0.4269489094286429420, 0.6376523231111941303, 0.4489999999999998992 ) ) ;
#663 =( NAMED_UNIT ( * ) PLANE_ANGLE_UNIT ( ) SI_UNIT ( $, .RADIAN. ) );
#664 = VERTEX_POINT ( 'NONE', #6227 ) ;
#665 = CARTESIAN_POINT ( 'NONE',  ( 0.7915018379151846917, 0.4116098869548449612, 0.4500000000000002331 ) ) ;
#666 = DIRECTION ( 'NONE',  ( 0.0000000000000000000, -0.0000000000000000000, -1.000000000000000000 ) ) ;
#667 = STYLED_ITEM ( 'NONE', ( #5009 ), #1152 ) ;
#668 = CYLINDRICAL_SURFACE ( 'NONE', #1646, 0.009999999999999998473 ) ;
#669 = CARTESIAN_POINT ( 'NONE',  ( 0.7236391279376748198, 0.6567403443645426497, 0.4490000000000003433 ) ) ;
#670 = CARTESIAN_POINT ( 'NONE',  ( 0.4223186534603831643, 0.6417296207077182180, 0.4500000000000001776 ) ) ;
#671 = CARTESIAN_POINT ( 'NONE',  ( 0.4185976617007489686, 0.4958408277401174513, 0.4499999999999999001 ) ) ;
#672 = VECTOR ( 'NONE', #4234, 1000.000000000000000 ) ;
#673 = EDGE_LOOP ( 'NONE', ( #6966, #2350, #5294, #136 ) ) ;
#674 = ORIENTED_EDGE ( 'NONE', *, *, #6992, .F. ) ;
#675 = PRESENTATION_STYLE_ASSIGNMENT (( #6251 ) ) ;
#676 = DIRECTION ( 'NONE',  ( 0.0000000000000000000, 1.000000000000000000, 0.0000000000000000000 ) ) ;
#677 = PRESENTATION_LAYER_ASSIGNMENT (  '', '', ( #3835 ) ) ;
#678 = CARTESIAN_POINT ( 'NONE',  ( 0.5518974551512056959, 0.3389589421095928756, 0.4489999999999999547 ) ) ;
#679 = EDGE_CURVE ( 'NONE', #462, #4072, #7097, .T. ) ;
#680 = CARTESIAN_POINT ( 'NONE',  ( 0.4221904372604517452, 0.6963083316676680345, 0.4499999999999999001 ) ) ;
#681 = CARTESIAN_POINT ( 'NONE',  ( 0.6237812041071955083, 0.4909639214788508732, 0.4499999999999991784 ) ) ;
#682 = ORIENTED_EDGE ( 'NONE', *, *, #1298, .T. ) ;
#683 = PRESENTATION_LAYER_ASSIGNMENT (  '', '', ( #1714 ) ) ;
#684 = CARTESIAN_POINT ( 'NONE',  ( 0.4513200641529059309, 0.6117205963620716558, 0.4490000000000005098 ) ) ;
#685 = FILL_AREA_STYLE_COLOUR ( '', #1440 ) ;
#686 = FILL_AREA_STYLE ('',( #6660 ) ) ;
#687 = CARTESIAN_POINT ( 'NONE',  ( 0.4660067478332588498, 0.5659520544086339422, 0.4495000000000000107 ) ) ;
#688 = UNCERTAINTY_MEASURE_WITH_UNIT (LENGTH_MEASURE( 1.000000000000000082E-05 ), #3476, 'distance_accuracy_value', 'NONE');
#689 = STYLED_ITEM ( 'NONE', ( #6734 ), #2368 ) ;
#690 = ADVANCED_FACE ( 'NONE', ( #618 ), #5078, .F. ) ;
#691 = CARTESIAN_POINT ( 'NONE',  ( 0.4575948596663008683, 0.7285915765717496662, 0.4490000000000066160 ) ) ;
#692 = FACE_OUTER_BOUND ( 'NONE', #6939, .T. ) ;
#693 = CARTESIAN_POINT ( 'NONE',  ( 0.6382375811230845963, 0.3827356533267410876, 0.4500000000000000666 ) ) ;
#694 = ORIENTED_EDGE ( 'NONE', *, *, #286, .T. ) ;
#695 = EDGE_LOOP ( 'NONE', ( #2043, #6839, #2089, #4254 ) ) ;
#696 = CARTESIAN_POINT ( 'NONE',  ( 0.8271208896095068042, 0.2809350592521072110, 0.4490000000000000657 ) ) ;
#697 =( NAMED_UNIT ( * ) PLANE_ANGLE_UNIT ( ) SI_UNIT ( $, .RADIAN. ) );
#698 = CARTESIAN_POINT ( 'NONE',  ( 0.9216826693339206233, 0.2756804445583339036, 0.4500000000000001776 ) ) ;
#699 = EDGE_LOOP ( 'NONE', ( #244, #4561, #953 ) ) ;
#700 =( NAMED_UNIT ( * ) PLANE_ANGLE_UNIT ( ) SI_UNIT ( $, .RADIAN. ) );
#701 = UNCERTAINTY_MEASURE_WITH_UNIT (LENGTH_MEASURE( 1.000000000000000082E-05 ), #7116, 'distance_accuracy_value', 'NONE');
#702 = CARTESIAN_POINT ( 'NONE',  ( 0.7140576496916891669, 0.5130928345423616532, 0.4500000000000006772 ) ) ;
#703 = CARTESIAN_POINT ( 'NONE',  ( 0.4631054103209896744, 0.5430221413722238211, 0.4499999999999999556 ) ) ;
#704 = EDGE_LOOP ( 'NONE', ( #807, #7115, #3234, #5926, #5547 ) ) ;
#705 = ORIENTED_EDGE ( 'NONE', *, *, #6042, .F. ) ;
#706 = CARTESIAN_POINT ( 'NONE',  ( 0.5999381521228969172, 0.5459701231261597787, 0.4489999999999998437 ) ) ;
#707 = FILL_AREA_STYLE ('',( #5714 ) ) ;
#708 = CARTESIAN_POINT ( 'NONE',  ( 0.4659593870232577872, 0.5632798820748439184, 0.4499999999999965139 ) ) ;
#709 = CARTESIAN_POINT ( 'NONE',  ( 0.5000562596548264738, 0.6251668211438349276, 0.4499999999999992895 ) ) ;
#710 = EDGE_LOOP ( 'NONE', ( #2643, #3296, #674 ) ) ;
#711 = CARTESIAN_POINT ( 'NONE',  ( 0.4626452487648866629, 0.5896831716648001098, 0.4490000000000006208 ) ) ;
#712 = CARTESIAN_POINT ( 'NONE',  ( 0.6792238263192224013, 0.4202754444771495401, 0.4500000000000000666 ) ) ;
#713 = FILL_AREA_STYLE_COLOUR ( '', #1404 ) ;
#714 = CARTESIAN_POINT ( 'NONE',  ( 1.240000000000000213, 0.8500000000000000888, 0.4500000000000000111 ) ) ;
#715 = CARTESIAN_POINT ( 'NONE',  ( 0.4401315268448013351, 0.7469013023680096675, 0.4490000000000065050 ) ) ;
#716 = CARTESIAN_POINT ( 'NONE',  ( 0.6232443392506640256, 0.2664117153838348462, 0.4489999999999999547 ) ) ;
#717 = ADVANCED_FACE ( 'NONE', ( #2023 ), #4227, .F. ) ;
#718 =( GEOMETRIC_REPRESENTATION_CONTEXT ( 3 ) GLOBAL_UNCERTAINTY_ASSIGNED_CONTEXT ( ( #4058 ) ) GLOBAL_UNIT_ASSIGNED_CONTEXT ( ( #6340, #4232, #442 ) ) REPRESENTATION_CONTEXT ( 'NONE', 'WORKASPACE' ) );
#719 = DIRECTION ( 'NONE',  ( 0.0000000000000000000, 0.0000000000000000000, 1.000000000000000000 ) ) ;
#720 = ORIENTED_EDGE ( 'NONE', *, *, #5472, .T. ) ;
#721 = VERTEX_POINT ( 'NONE', #3569 ) ;
#722 = EDGE_CURVE ( 'NONE', #5861, #1021, #6443, .T. ) ;
#723 = FILL_AREA_STYLE_COLOUR ( '', #3779 ) ;
#724 = CARTESIAN_POINT ( 'NONE',  ( 2.168404344971008868E-16, 0.1589777376861852831, 0.4500000000000000666 ) ) ;
#725 =( GEOMETRIC_REPRESENTATION_CONTEXT ( 3 ) GLOBAL_UNCERTAINTY_ASSIGNED_CONTEXT ( ( #960 ) ) GLOBAL_UNIT_ASSIGNED_CONTEXT ( ( #3159, #2166, #467 ) ) REPRESENTATION_CONTEXT ( 'NONE', 'WORKASPACE' ) );
#726 =( NAMED_UNIT ( * ) PLANE_ANGLE_UNIT ( ) SI_UNIT ( $, .RADIAN. ) );
#727 = CARTESIAN_POINT ( 'NONE',  ( 0.7653942791545099711, 0.3591112846947322468, 0.4500000000000000666 ) ) ;
#728 = MECHANICAL_DESIGN_GEOMETRIC_PRESENTATION_REPRESENTATION (  '', ( #5978 ), #2129 ) ;
#729 = EDGE_CURVE ( 'NONE', #2854, #2423, #1955, .T. ) ;
#730 = CARTESIAN_POINT ( 'NONE',  ( 0.6249809054859343238, 0.3811153958488448512, 0.4490000000000130553 ) ) ;
#731 = CARTESIAN_POINT ( 'NONE',  ( 0.5474170042435151373, 0.6291828069460272399, 0.4494999999999998996 ) ) ;
#732 = PRESENTATION_STYLE_ASSIGNMENT (( #5742 ) ) ;
#733 = CARTESIAN_POINT ( 'NONE',  ( 0.8692522995300183686, 0.3498868463785256289, 0.4499999999999999556 ) ) ;
#734 = PRESENTATION_LAYER_ASSIGNMENT (  '', '', ( #2131 ) ) ;
#735 = FILL_AREA_STYLE_COLOUR ( '', #4599 ) ;
#736 = ORIENTED_EDGE ( 'NONE', *, *, #6872, .T. ) ;
#737 = VERTEX_POINT ( 'NONE', #6408 ) ;
#738 = COLOUR_RGB ( '',1.000000000000000000, 1.000000000000000000, 1.000000000000000000 ) ;
#739 = CARTESIAN_POINT ( 'NONE',  ( 0.7208104100682093396, 0.5939017185906994012, 0.4489999999999997882 ) ) ;
#740 = SURFACE_SIDE_STYLE ('',( #6901 ) ) ;
#741 = CARTESIAN_POINT ( 'NONE',  ( 0.7109346289365127136, 0.3131002117645452776, 0.4500000000000000111 ) ) ;
#742 = ORIENTED_EDGE ( 'NONE', *, *, #7089, .F. ) ;
#743 = CARTESIAN_POINT ( 'NONE',  ( 0.7271142849902163530, 0.6327023750654864331, 0.4499999999999995115 ) ) ;
#744 = CARTESIAN_POINT ( 'NONE',  ( 0.7074644933611362596, 0.3904732823088865046, 0.4499999999999998446 ) ) ;
#745 = CARTESIAN_POINT ( 'NONE',  ( 0.8588807131728966038, 0.2024273514961398290, 0.4499999999999999001 ) ) ;
#746 = CARTESIAN_POINT ( 'NONE',  ( 0.7600000000000002309, 0.9499999999999999556, 0.1650000000000000078 ) ) ;
#747 =( NAMED_UNIT ( * ) PLANE_ANGLE_UNIT ( ) SI_UNIT ( $, .RADIAN. ) );
#748 =( NAMED_UNIT ( * ) PLANE_ANGLE_UNIT ( ) SI_UNIT ( $, .RADIAN. ) );
#749 = STYLED_ITEM ( 'NONE', ( #2995 ), #2948 ) ;
#750 = CARTESIAN_POINT ( 'NONE',  ( 0.4078463691651939005, 0.1521935496519971065, 0.4489999999999999547 ) ) ;
#751 = ORIENTED_EDGE ( 'NONE', *, *, #6070, .T. ) ;
#752 = ORIENTED_EDGE ( 'NONE', *, *, #5197, .F. ) ;
#753 = DIRECTION ( 'NONE',  ( -3.388131789017192482E-16, -1.000000000000000000, 0.0000000000000000000 ) ) ;
#754 = DIRECTION ( 'NONE',  ( -0.0000000000000000000, -0.0000000000000000000, 1.000000000000000000 ) ) ;
#755 = VECTOR ( 'NONE', #6616, 1000.000000000000227 ) ;
#756 =( NAMED_UNIT ( * ) PLANE_ANGLE_UNIT ( ) SI_UNIT ( $, .RADIAN. ) );
#757 =( NAMED_UNIT ( * ) PLANE_ANGLE_UNIT ( ) SI_UNIT ( $, .RADIAN. ) );
#758 = CARTESIAN_POINT ( 'NONE',  ( 0.7679597672373431605, 0.3728762529915798374, 0.4490000000000001767 ) ) ;
#759 = EDGE_CURVE ( 'NONE', #6729, #539, #2626, .T. ) ;
#760 = SURFACE_SIDE_STYLE ('',( #1852 ) ) ;
#761 = CARTESIAN_POINT ( 'NONE',  ( 0.9031648288805536051, 0.2956337427154180908, 0.4500000000000001776 ) ) ;
#762 = PRESENTATION_STYLE_ASSIGNMENT (( #1893 ) ) ;
#763 = PRESENTATION_LAYER_ASSIGNMENT (  '', '', ( #6128 ) ) ;
#764 = CARTESIAN_POINT ( 'NONE',  ( 0.3600000000000003753, 0.04999999999999999584, 0.0000000000000000000 ) ) ;
#765 = CARTESIAN_POINT ( 'NONE',  ( 0.3686430492488570465, 0.6913005286340613287, 0.4495000000000000107 ) ) ;
#766 = CARTESIAN_POINT ( 'NONE',  ( 0.8218607484706454969, 0.1535358991094895320, 0.4489999999999997327 ) ) ;
#767 = CARTESIAN_POINT ( 'NONE',  ( 0.3489787374550784582, 0.6398888145531049787, 0.4499999999999990119 ) ) ;
#768 = CARTESIAN_POINT ( 'NONE',  ( 0.3656138721646202128, 0.7104391305741044604, 0.4500000000000005662 ) ) ;
#769 =( GEOMETRIC_REPRESENTATION_CONTEXT ( 3 ) GLOBAL_UNCERTAINTY_ASSIGNED_CONTEXT ( ( #3385 ) ) GLOBAL_UNIT_ASSIGNED_CONTEXT ( ( #3637, #2421, #2536 ) ) REPRESENTATION_CONTEXT ( 'NONE', 'WORKASPACE' ) );
#770 = UNCERTAINTY_MEASURE_WITH_UNIT (LENGTH_MEASURE( 1.000000000000000082E-05 ), #5730, 'distance_accuracy_value', 'NONE');
#771 = SURFACE_STYLE_USAGE ( .BOTH. , #5785 ) ;
#772 = CARTESIAN_POINT ( 'NONE',  ( 0.4308577452655888984, 0.6341228229858453247, 0.4500000000000003442 ) ) ;
#773 = EDGE_LOOP ( 'NONE', ( #7054, #3704, #5575, #484 ) ) ;
#774 = ORIENTED_EDGE ( 'NONE', *, *, #4407, .T. ) ;
#775 = COLOUR_RGB ( '',1.000000000000000000, 1.000000000000000000, 1.000000000000000000 ) ;
#776 = CARTESIAN_POINT ( 'NONE',  ( 0.5799599062200107014, 0.5584788472772237444, 0.4494999999999993445 ) ) ;
#777 = CARTESIAN_POINT ( 'NONE',  ( 0.5799599062200107014, 0.5584788472772237444, 0.4494999999999993445 ) ) ;
#778 = CARTESIAN_POINT ( 'NONE',  ( 0.4002908961607563043, 0.7175469472381262870, 0.4499999999999999001 ) ) ;
#779 = ORIENTED_EDGE ( 'NONE', *, *, #2863, .T. ) ;
#780 = CARTESIAN_POINT ( 'NONE',  ( 0.4078463691651939005, 0.1521935496519971065, 0.4489999999999999547 ) ) ;
#781 = CARTESIAN_POINT ( 'NONE',  ( 0.8625437579128081289, 0.2039608209101769487, 0.4500000000000001776 ) ) ;
#782 = COLOUR_RGB ( '',1.000000000000000000, 1.000000000000000000, 1.000000000000000000 ) ;
#783 = B_SPLINE_CURVE_WITH_KNOTS ( 'NONE', 3,
 ( #400, #860, #2065, #5329, #4341, #3311, #2828, #649, #7195, #7161, #1649, #6184, #1726, #3934, #540, #1576, #7122, #4527, #2243 ),
 .UNSPECIFIED., .F., .F.,
 ( 4, 1, 1, 1, 1, 1, 1, 1, 1, 1, 1, 1, 1, 1, 1, 1, 4 ),
 ( 0.0000000000000000000, 5.994520307525976148E-06, 1.185532759934344272E-05, 1.756454917271033474E-05, 2.315839089873203115E-05, 2.867533071694372150E-05, 3.413362569572486640E-05, 3.959192067450589949E-05, 4.510605775206796429E-05, 5.062070452479013733E-05, 5.605965521952519507E-05, 6.150170562045484044E-05, 6.698389271601853164E-05, 7.254245125338024125E-05, 7.818706186948242614E-05, 8.393064117304416011E-05, 8.988281347564386543E-05 ),
 .UNSPECIFIED. ) ;
#784 = SURFACE_STYLE_FILL_AREA ( #4149 ) ;
#785 = CARTESIAN_POINT ( 'NONE',  ( 0.6232443392506640256, 0.2664117153838349017, 0.4490000000000478053 ) ) ;
#786 =( LENGTH_UNIT ( ) NAMED_UNIT ( * ) SI_UNIT ( .MILLI., .METRE. ) );
#787 = ORIENTED_EDGE ( 'NONE', *, *, #419, .T. ) ;
#788 = EDGE_LOOP ( 'NONE', ( #2716, #4555 ) ) ;
#789 = CARTESIAN_POINT ( 'NONE',  ( 0.8529315247656620302, 0.2760378438518398259, 0.4490000000000001212 ) ) ;
#790 = SURFACE_STYLE_FILL_AREA ( #3510 ) ;
#791 = CARTESIAN_POINT ( 'NONE',  ( 0.5003099804809207907, 0.6159866469172914361, 0.4490000000000000657 ) ) ;
#792 = CARTESIAN_POINT ( 'NONE',  ( 0.9243717802304711739, 0.2709035056202087621, 0.4499999999999999556 ) ) ;
#793 =( NAMED_UNIT ( * ) SI_UNIT ( $, .STERADIAN. ) SOLID_ANGLE_UNIT ( ) );
#794 = VECTOR ( 'NONE', #5951, 1000.000000000000000 ) ;
#795 = SURFACE_SIDE_STYLE ('',( #4054 ) ) ;
#796 = CARTESIAN_POINT ( 'NONE',  ( 0.3856482992913177199, 0.6739913811735904758, 0.4490000000000001212 ) ) ;
#797 = CARTESIAN_POINT ( 'NONE',  ( 0.3841492347146543418, 0.7212464996813249263, 0.4500000000000007327 ) ) ;
#798 = CARTESIAN_POINT ( 'NONE',  ( 0.6651515504901444054, 0.3677453652535627171, 0.4490000000000000102 ) ) ;
#799 = EDGE_CURVE ( 'NONE', #539, #5749, #925, .T. ) ;
#800 = EDGE_LOOP ( 'NONE', ( #919, #1538, #1501, #4606 ) ) ;
#801 = CARTESIAN_POINT ( 'NONE',  ( 0.7600000000000002309, 0.8000000000000000444, 0.1650000000000000078 ) ) ;
#802 = CARTESIAN_POINT ( 'NONE',  ( 0.9168150879384613372, 0.3745818876839499545, 0.4499999999999962919 ) ) ;
#803 = EDGE_CURVE ( 'NONE', #6718, #131, #825, .T. ) ;
#804 = SURFACE_STYLE_USAGE ( .BOTH. , #6900 ) ;
#805 = CARTESIAN_POINT ( 'NONE',  ( 0.5069607172398549189, 0.6749114057774895370, 0.4490000000000065605 ) ) ;
#806 = DIRECTION ( 'NONE',  ( 0.8573969048595114772, 0.5146557563433347138, 0.0000000000000000000 ) ) ;
#807 = ORIENTED_EDGE ( 'NONE', *, *, #3857, .F. ) ;
#808 = EDGE_LOOP ( 'NONE', ( #1392, #5787, #1349, #4637 ) ) ;
#809 = CARTESIAN_POINT ( 'NONE',  ( 2.168404344971008868E-16, 0.0000000000000000000, 0.0000000000000000000 ) ) ;
#810 = DIRECTION ( 'NONE',  ( -0.0000000000000000000, -1.000000000000000000, 0.0000000000000000000 ) ) ;
#811 = CARTESIAN_POINT ( 'NONE',  ( 0.6207702821908558377, 0.4288828795116081949, 0.4499999999999943490 ) ) ;
#812 = ADVANCED_FACE ( 'NONE', ( #537 ), #4966, .T. ) ;
#813 = CARTESIAN_POINT ( 'NONE',  ( 0.4125010917314502756, 0.5806293509899915772, 0.4490000000000000102 ) ) ;
#814 = CARTESIAN_POINT ( 'NONE',  ( 0.8529315247656621413, 0.2760378438518398259, 0.4500000000000001221 ) ) ;
#815 = CARTESIAN_POINT ( 'NONE',  ( 0.5716513547428652142, 0.3984115321368533191, 0.4490000000000073377 ) ) ;
#816 = COLOUR_RGB ( '',1.000000000000000000, 1.000000000000000000, 1.000000000000000000 ) ;
#817 =( LENGTH_UNIT ( ) NAMED_UNIT ( * ) SI_UNIT ( .MILLI., .METRE. ) );
#818 = ORIENTED_EDGE ( 'NONE', *, *, #238, .T. ) ;
#819 = ORIENTED_EDGE ( 'NONE', *, *, #514, .F. ) ;
#820 = CARTESIAN_POINT ( 'NONE',  ( 0.8840672632462134306, 0.2397732881781988734, 0.4490000000000001767 ) ) ;
#821 =( NAMED_UNIT ( * ) SI_UNIT ( $, .STERADIAN. ) SOLID_ANGLE_UNIT ( ) );
#822 = CARTESIAN_POINT ( 'NONE',  ( 0.6055041060611402459, 0.3631353241441392932, 0.4499999999999986233 ) ) ;
#823 = CARTESIAN_POINT ( 'NONE',  ( 0.4052913307953756039, 0.5422066219314348734, 0.4500000000000001221 ) ) ;
#824 = CARTESIAN_POINT ( 'NONE',  ( 0.5492424022856492449, 0.5221439620761955114, 0.4489999999999997882 ) ) ;
#825 = B_SPLINE_CURVE_WITH_KNOTS ( 'NONE', 3,
 ( #785, #252, #3017, #4782, #6978, #1986, #5908, #5365, #1100, #7159, #6008, #5546, #3897, #2169, #4419 ),
 .UNSPECIFIED., .F., .F.,
 ( 4, 1, 1, 1, 1, 1, 1, 1, 1, 1, 1, 1, 4 ),
 ( 1.533293416683374186E-19, 9.986061552772695918E-06, 1.934003981924139088E-05, 2.799489246309808951E-05, 3.599889190201816615E-05, 4.334188863264500487E-05, 5.000923839464278012E-05, 5.608853431165767845E-05, 6.150449643709364890E-05, 7.130921991340850581E-05, 8.030283047897643193E-05, 8.855495520348818515E-05, 9.616413886132629655E-05 ),
 .UNSPECIFIED. ) ;
#826 = CARTESIAN_POINT ( 'NONE',  ( 0.9265850683950432876, 0.2658868984275427616, 0.4489999999999999547 ) ) ;
#827 = CARTESIAN_POINT ( 'NONE',  ( 0.5095862260473345007, 0.5769157269144631339, 0.4490000000000061720 ) ) ;
#828 = FILL_AREA_STYLE_COLOUR ( '', #2353 ) ;
#829 = VECTOR ( 'NONE', #2453, 1000.000000000000000 ) ;
#830 = CARTESIAN_POINT ( 'NONE',  ( 0.3842946584333677973, 0.4906771120643029782, 0.4499999999999997335 ) ) ;
#831 = FILL_AREA_STYLE ('',( #6279 ) ) ;
#832 = UNCERTAINTY_MEASURE_WITH_UNIT (LENGTH_MEASURE( 1.000000000000000082E-05 ), #817, 'distance_accuracy_value', 'NONE');
#833 =( LENGTH_UNIT ( ) NAMED_UNIT ( * ) SI_UNIT ( .MILLI., .METRE. ) );
#834 = VECTOR ( 'NONE', #1362, 1000.000000000000000 ) ;
#835 = ORIENTED_EDGE ( 'NONE', *, *, #4936, .F. ) ;
#836 = CARTESIAN_POINT ( 'NONE',  ( 0.8730262601459805039, 0.4253440585231643700, 0.4499999999999963474 ) ) ;
#837 = COLOUR_RGB ( '',1.000000000000000000, 1.000000000000000000, 0.7254901960784313486 ) ;
#838 = PRESENTATION_LAYER_ASSIGNMENT (  '', '', ( #7128 ) ) ;
#839 = CARTESIAN_POINT ( 'NONE',  ( 0.5666828061570733377, 0.3911538942522158058, 0.4499999999999995670 ) ) ;
#840 = VECTOR ( 'NONE', #4364, 1000.000000000000000 ) ;
#841 =( LENGTH_UNIT ( ) NAMED_UNIT ( * ) SI_UNIT ( .MILLI., .METRE. ) );
#842 = CARTESIAN_POINT ( 'NONE',  ( 0.6382085206697972746, 0.4906369669353432550, 0.4489999999999999547 ) ) ;
#843 = ADVANCED_FACE ( 'NONE', ( #4377 ), #6543, .F. ) ;
#844 = CARTESIAN_POINT ( 'NONE',  ( 0.7162180394234028968, 0.3325378492392638830, 0.4499999999999999001 ) ) ;
#845 = ORIENTED_EDGE ( 'NONE', *, *, #6565, .F. ) ;
#846 = COLOUR_RGB ( '',1.000000000000000000, 1.000000000000000000, 1.000000000000000000 ) ;
#847 = ORIENTED_EDGE ( 'NONE', *, *, #6965, .F. ) ;
#848 = CARTESIAN_POINT ( 'NONE',  ( 0.8457348425935314884, 0.3827841608366167048, 0.4500000000000000111 ) ) ;
#849 = CARTESIAN_POINT ( 'NONE',  ( 0.6704156466758776078, 0.3476629673870399451, 0.4490000000000230473 ) ) ;
#850 = CARTESIAN_POINT ( 'NONE',  ( 0.8722780961633899155, 0.2108216401772527171, 0.4489999999999999547 ) ) ;
#851 = STYLED_ITEM ( 'NONE', ( #6359 ), #6424 ) ;
#852 = CARTESIAN_POINT ( 'NONE',  ( 0.3834304591046263089, 0.6088302428434628766, 0.4489999999999999547 ) ) ;
#853 = VECTOR ( 'NONE', #6296, 1000.000000000000000 ) ;
#854 = CARTESIAN_POINT ( 'NONE',  ( 0.8818567377913242300, 0.2509424009896661922, 0.4489999999999999547 ) ) ;
#855 = EDGE_CURVE ( 'NONE', #1493, #2884, #1083, .T. ) ;
#856 = FILL_AREA_STYLE_COLOUR ( '', #80 ) ;
#857 = CARTESIAN_POINT ( 'NONE',  ( 0.6497084108799515700, 0.3806336465358192145, 0.4500000000000001776 ) ) ;
#858 = VERTEX_POINT ( 'NONE', #3381 ) ;
#859 = ORIENTED_EDGE ( 'NONE', *, *, #335, .F. ) ;
#860 = CARTESIAN_POINT ( 'NONE',  ( 0.9315620838335807452, 0.2398415753997744926, 0.4499999999999990119 ) ) ;
#861 = CARTESIAN_POINT ( 'NONE',  ( 0.7524283316082216455, 0.5517620972877614882, 0.4490000000000086700 ) ) ;
#862 = SURFACE_STYLE_USAGE ( .BOTH. , #7060 ) ;
#863 = CARTESIAN_POINT ( 'NONE',  ( 0.7950398674913784491, 0.7620044883028647131, 0.4489999999999999547 ) ) ;
#864 = FILL_AREA_STYLE_COLOUR ( '', #775 ) ;
#865 = PRESENTATION_LAYER_ASSIGNMENT (  '', '', ( #1923 ) ) ;
#866 = CARTESIAN_POINT ( 'NONE',  ( 0.6097883184963581726, 0.4930244314124606619, 0.4490000000000061164 ) ) ;
#867 = CARTESIAN_POINT ( 'NONE',  ( 0.3976819295380898955, 0.6632185687262847074, 0.4490000000000000102 ) ) ;
#868 = VECTOR ( 'NONE', #6858, 1000.000000000000000 ) ;
#869 = DIRECTION ( 'NONE',  ( 0.6847574953382552509, 0.7287710014662215352, 0.0000000000000000000 ) ) ;
#870 = CARTESIAN_POINT ( 'NONE',  ( 0.5281996065165129872, 0.7147885280549062248, 0.4490000000000001212 ) ) ;
#871 = COLOUR_RGB ( '',0.5607843137254902022, 0.5607843137254902022, 0.5607843137254902022 ) ;
#872 = CARTESIAN_POINT ( 'NONE',  ( 0.6429649063099086570, 0.3825018242243091726, 0.4499999999999999001 ) ) ;
#873 = B_SPLINE_CURVE_WITH_KNOTS ( 'NONE', 3,
 ( #2523, #3626, #1867, #6323, #4177, #3071, #2409, #5277, #6860, #1942, #777 ),
 .UNSPECIFIED., .F., .F.,
 ( 4, 1, 1, 1, 1, 1, 1, 1, 4 ),
 ( 0.0000000000000000000, 8.068047673087721394E-06, 1.597550710465769241E-05, 2.377695594420684355E-05, 3.147842511222859435E-05, 3.919011472821399216E-05, 4.692275040967688426E-05, 5.478239569573577873E-05, 6.282320171196160530E-05 ),
 .UNSPECIFIED. ) ;
#874 = CARTESIAN_POINT ( 'NONE',  ( 0.8811778216320120816, 0.2233522504467898850, 0.4489999999999999547 ) ) ;
#875 = VERTEX_POINT ( 'NONE', #1172 ) ;
#876 =( LENGTH_UNIT ( ) NAMED_UNIT ( * ) SI_UNIT ( .MILLI., .METRE. ) );
#877 = CARTESIAN_POINT ( 'NONE',  ( 0.6719170608900196795, 0.7147443779176452239, 0.4500000000000001776 ) ) ;
#878 = STYLED_ITEM ( 'NONE', ( #5316 ), #931 ) ;
#879 = CARTESIAN_POINT ( 'NONE',  ( 0.5588791212278434450, 0.3748454818169395519, 0.4499999999999996225 ) ) ;
#880 = FILL_AREA_STYLE_COLOUR ( '', #399 ) ;
#881 = SURFACE_STYLE_USAGE ( .BOTH. , #4886 ) ;
#882 =( NAMED_UNIT ( * ) PLANE_ANGLE_UNIT ( ) SI_UNIT ( $, .RADIAN. ) );
#883 = ORIENTED_EDGE ( 'NONE', *, *, #4110, .T. ) ;
#884 = ORIENTED_EDGE ( 'NONE', *, *, #1595, .F. ) ;
#885 = CARTESIAN_POINT ( 'NONE',  ( 0.9313369874584652708, 0.2291195108236951106, 0.4489999999999993996 ) ) ;
#886 = CARTESIAN_POINT ( 'NONE',  ( 0.8900184999700109234, 0.4974211549695313206, 0.4489999999999999547 ) ) ;
#887 = CARTESIAN_POINT ( 'NONE',  ( 0.6382375811230845963, 0.3827356533267410876, 0.4490000000000105018 ) ) ;
#888 = STYLED_ITEM ( 'NONE', ( #3054 ), #1249 ) ;
#889 = CARTESIAN_POINT ( 'NONE',  ( 0.4077017252078546372, 0.5864717639122717374, 0.4500000000000000111 ) ) ;
#890 = UNCERTAINTY_MEASURE_WITH_UNIT (LENGTH_MEASURE( 1.000000000000000082E-05 ), #496, 'distance_accuracy_value', 'NONE');
#891 = CARTESIAN_POINT ( 'NONE',  ( 0.8800617820237567335, 0.2548223278241482093, 0.4489999999999998437 ) ) ;
#892 = EDGE_LOOP ( 'NONE', ( #2526, #7079, #454, #1167 ) ) ;
#893 = PRESENTATION_LAYER_ASSIGNMENT (  '', '', ( #4055 ) ) ;
#894 = EDGE_CURVE ( 'NONE', #4749, #5680, #3719, .T. ) ;
#895 = CARTESIAN_POINT ( 'NONE',  ( 0.9171932574891464851, 0.1900326603083695165, 0.4499999999999996225 ) ) ;
#896 = ADVANCED_FACE ( 'NONE', ( #5616 ), #1284, .F. ) ;
#897 = CARTESIAN_POINT ( 'NONE',  ( 0.7780771700586379680, 0.3962910080127788337, 0.4499999999999999556 ) ) ;
#898 = PLANE ( 'NONE',  #5558 ) ;
#899 = CARTESIAN_POINT ( 'NONE',  ( 0.6358056874077153697, 0.3828559428143903376, 0.4494999999999969020 ) ) ;
#900 = CARTESIAN_POINT ( 'NONE',  ( 0.01000000000000023266, 0.7910495720687361620, 0.4499999999999999001 ) ) ;
#901 = CARTESIAN_POINT ( 'NONE',  ( 0.3366709090524661607, 0.7491053172828342488, 0.4489999999999999547 ) ) ;
#902 =( GEOMETRIC_REPRESENTATION_CONTEXT ( 3 ) GLOBAL_UNCERTAINTY_ASSIGNED_CONTEXT ( ( #2058 ) ) GLOBAL_UNIT_ASSIGNED_CONTEXT ( ( #6529, #2008, #5465 ) ) REPRESENTATION_CONTEXT ( 'NONE', 'WORKASPACE' ) );
#903 = CARTESIAN_POINT ( 'NONE',  ( 0.3733229210947570098, 0.6859634688306001093, 0.4499999999999995670 ) ) ;
#904 = CARTESIAN_POINT ( 'NONE',  ( 0.5338723078033592584, 0.7217243959760597516, 0.4499999999999999556 ) ) ;
#905 = CARTESIAN_POINT ( 'NONE',  ( 0.3435314924495284084, 0.5009632211042646110, 0.4499999999999995670 ) ) ;
#906 = CARTESIAN_POINT ( 'NONE',  ( 0.6020084522584147058, 0.7642091207610469672, 0.4499999999999999556 ) ) ;
#907 = CARTESIAN_POINT ( 'NONE',  ( 0.6221664664187168681, 0.5392916694034344260, 0.4500000000000000666 ) ) ;
#908 = MECHANICAL_DESIGN_GEOMETRIC_PRESENTATION_REPRESENTATION (  '', ( #4428 ), #1842 ) ;
#909 = CARTESIAN_POINT ( 'NONE',  ( 0.6055041060611402459, 0.3631353241441392932, 0.4490000000000000102 ) ) ;
#910 = FILL_AREA_STYLE ('',( #5309 ) ) ;
#911 = CARTESIAN_POINT ( 'NONE',  ( 0.5773611730987844304, 0.5606822887382629794, 0.4490000000000000102 ) ) ;
#912 = ORIENTED_EDGE ( 'NONE', *, *, #3450, .T. ) ;
#913 = CARTESIAN_POINT ( 'NONE',  ( 0.3762653764281002067, 0.5401066718142728540, 0.4500000000000003442 ) ) ;
#914 = CARTESIAN_POINT ( 'NONE',  ( 0.6401730467978860029, 0.7212133370895610351, 0.4500000000000001221 ) ) ;
#915 = SURFACE_STYLE_FILL_AREA ( #424 ) ;
#916 = CARTESIAN_POINT ( 'NONE',  ( 0.6378375103866775753, 0.7687886763370526122, 0.4489999999999984004 ) ) ;
#917 = CARTESIAN_POINT ( 'NONE',  ( 0.7692908395220834361, 0.5879429161936720050, 0.4489999999999998437 ) ) ;
#918 =( NAMED_UNIT ( * ) PLANE_ANGLE_UNIT ( ) SI_UNIT ( $, .RADIAN. ) );
#919 = ORIENTED_EDGE ( 'NONE', *, *, #6120, .T. ) ;
#920 = ORIENTED_EDGE ( 'NONE', *, *, #1259, .F. ) ;
#921 = CARTESIAN_POINT ( 'NONE',  ( 0.8398613431235271154, 0.1521935496519972175, 0.4489999999999042535 ) ) ;
#922 = CARTESIAN_POINT ( 'NONE',  ( 0.4447576346734009034, 0.7424879227730910580, 0.4499999999999990674 ) ) ;
#923 = DIRECTION ( 'NONE',  ( -0.0000000000000000000, -1.000000000000000000, -0.0000000000000000000 ) ) ;
#924 = CARTESIAN_POINT ( 'NONE',  ( 0.9131404826389108997, 0.3362588055264616460, 0.4489999999999998437 ) ) ;
#925 = LINE ( 'NONE', #3164, #2277 ) ;
#926 = VERTEX_POINT ( 'NONE', #3932 ) ;
#927 = CARTESIAN_POINT ( 'NONE',  ( 0.8495402042329589509, 0.1523829929221840185, 0.4499999999999998446 ) ) ;
#928 =( NAMED_UNIT ( * ) SI_UNIT ( $, .STERADIAN. ) SOLID_ANGLE_UNIT ( ) );
#929 = CARTESIAN_POINT ( 'NONE',  ( 0.7162180394234030079, 0.3325378492392638830, 0.4490000000000640701 ) ) ;
#930 = CARTESIAN_POINT ( 'NONE',  ( 0.7600000000000002309, 0.8000000000000000444, 0.0000000000000000000 ) ) ;
#931 = ADVANCED_FACE ( 'NONE', ( #4524 ), #6717, .T. ) ;
#932 = CARTESIAN_POINT ( 'NONE',  ( 2.056993547213643565E-16, 0.7941871895827896655, 0.4458578643762690641 ) ) ;
#933 = PRESENTATION_STYLE_ASSIGNMENT (( #6986 ) ) ;
#934 = EDGE_CURVE ( 'NONE', #5258, #4626, #6362, .T. ) ;
#935 = CARTESIAN_POINT ( 'NONE',  ( 0.7629663421572716597, 0.1960571176387765346, 0.4500000000000005662 ) ) ;
#936 = PRESENTATION_STYLE_ASSIGNMENT (( #4946 ) ) ;
#937 = VECTOR ( 'NONE', #719, 1000.000000000000000 ) ;
#938 = CARTESIAN_POINT ( 'NONE',  ( 0.3798128437262593415, 0.4907566224429019686, 0.4499999999999996780 ) ) ;
#939 = CARTESIAN_POINT ( 'NONE',  ( 0.5766858339748921480, 0.7546155061835940758, 0.4489999999999998992 ) ) ;
#940 = PRESENTATION_LAYER_ASSIGNMENT (  '', '', ( #1754 ) ) ;
#941 = CARTESIAN_POINT ( 'NONE',  ( 0.5862985183406226319, 0.5536320685238536043, 0.4500000000000000666 ) ) ;
#942 =( BOUNDED_CURVE ( )  B_SPLINE_CURVE ( 3, ( #6486, #3216, #6585, #477 ),
 .UNSPECIFIED., .F., .T. ) 
 B_SPLINE_CURVE_WITH_KNOTS ( ( 4, 4 ),
 ( 1.570796326794896336, 3.141592653589793116 ),
 .UNSPECIFIED. ) 
 CURVE ( )  GEOMETRIC_REPRESENTATION_ITEM ( )  RATIONAL_B_SPLINE_CURVE ( ( 1.000000000000000000, 0.8047378541243649375, 0.8047378541243649375, 1.000000000000000000 ) ) 
 REPRESENTATION_ITEM ( '' )  );
#943 = CARTESIAN_POINT ( 'NONE',  ( 0.6358056874077152587, 0.3828559428143903376, 0.4499999999999999556 ) ) ;
#944 = CARTESIAN_POINT ( 'NONE',  ( 0.8692252463062026813, 0.2082370512933719997, 0.4489999999999999547 ) ) ;
#945 = ADVANCED_FACE ( 'NONE', ( #1348 ), #592, .T. ) ;
#946 = VERTEX_POINT ( 'NONE', #2668 ) ;
#947 = CARTESIAN_POINT ( 'NONE',  ( 0.6750331110584962824, 0.2526474701383337740, 0.4499999999999971245 ) ) ;
#948 = PRESENTATION_LAYER_ASSIGNMENT (  '', '', ( #5751 ) ) ;
#949 = CARTESIAN_POINT ( 'NONE',  ( 0.8128835953938263748, 0.3591112846947322468, 0.4489999999999966240 ) ) ;
#950 = CARTESIAN_POINT ( 'NONE',  ( 0.8441544621139117632, 0.4303452590537065747, 0.4489999999999999547 ) ) ;
#951 =( LENGTH_UNIT ( ) NAMED_UNIT ( * ) SI_UNIT ( .MILLI., .METRE. ) );
#952 = VERTEX_POINT ( 'NONE', #4924 ) ;
#953 = ORIENTED_EDGE ( 'NONE', *, *, #3193, .F. ) ;
#954 = SURFACE_STYLE_USAGE ( .BOTH. , #2090 ) ;
#955 = MECHANICAL_DESIGN_GEOMETRIC_PRESENTATION_REPRESENTATION (  '', ( #2239 ), #4950 ) ;
#956 = LINE ( 'NONE', #2199, #5313 ) ;
#957 =( GEOMETRIC_REPRESENTATION_CONTEXT ( 3 ) GLOBAL_UNCERTAINTY_ASSIGNED_CONTEXT ( ( #414 ) ) GLOBAL_UNIT_ASSIGNED_CONTEXT ( ( #512, #5378, #6560 ) ) REPRESENTATION_CONTEXT ( 'NONE', 'WORKASPACE' ) );
#958 = FILL_AREA_STYLE_COLOUR ( '', #1647 ) ;
#959 = DIRECTION ( 'NONE',  ( 1.000000000000000000, 0.0000000000000000000, 0.0000000000000000000 ) ) ;
#960 = UNCERTAINTY_MEASURE_WITH_UNIT (LENGTH_MEASURE( 1.000000000000000082E-05 ), #3159, 'distance_accuracy_value', 'NONE');
#961 = CARTESIAN_POINT ( 'NONE',  ( 0.8826335286203220720, 0.3055267995184502428, 0.4489999999999669256 ) ) ;
#962 = CARTESIAN_POINT ( 'NONE',  ( 0.3644691791263945935, 0.7072463948482177187, 0.4500000000000001221 ) ) ;
#963 = ORIENTED_EDGE ( 'NONE', *, *, #5290, .F. ) ;
#964 = PRESENTATION_LAYER_ASSIGNMENT (  '', '', ( #3302 ) ) ;
#965 = CARTESIAN_POINT ( 'NONE',  ( 0.9315160659954343503, 0.2349081864857079094, 0.4499999999999997335 ) ) ;
#966 =( LENGTH_UNIT ( ) NAMED_UNIT ( * ) SI_UNIT ( .MILLI., .METRE. ) );
#967 = CARTESIAN_POINT ( 'NONE',  ( 0.8919923804223051089, 0.1660778527359922652, 0.4499999999999946820 ) ) ;
#968 = DIRECTION ( 'NONE',  ( -0.6847574953382550289, -0.7287710014662217572, 0.0000000000000000000 ) ) ;
#969 = CARTESIAN_POINT ( 'NONE',  ( 0.7600000000000002309, 0.9499999999999999556, -0.005000000000000013115 ) ) ;
#970 = LINE ( 'NONE', #3217, #4532 ) ;
#971 =( NAMED_UNIT ( * ) SI_UNIT ( $, .STERADIAN. ) SOLID_ANGLE_UNIT ( ) );
#972 =( LENGTH_UNIT ( ) NAMED_UNIT ( * ) SI_UNIT ( .MILLI., .METRE. ) );
#973 = CARTESIAN_POINT ( 'NONE',  ( 0.6333424222889073585, 0.4907472433660211575, 0.4490000000000061164 ) ) ;
#974 = CARTESIAN_POINT ( 'NONE',  ( 0.4999680411949428138, 0.6329484489489595189, 0.4500000000000001221 ) ) ;
#975 =( NAMED_UNIT ( * ) SI_UNIT ( $, .STERADIAN. ) SOLID_ANGLE_UNIT ( ) );
#976 = EDGE_CURVE ( 'NONE', #4420, #1049, #3004, .T. ) ;
#977 = PRODUCT_DEFINITION_CONTEXT ( 'detailed design', #5794, 'design' ) ;
#978 = CARTESIAN_POINT ( 'NONE',  ( 0.8424584151053647885, 0.1996828658913134547, 0.4494999999999811369 ) ) ;
#979 = MECHANICAL_DESIGN_GEOMETRIC_PRESENTATION_REPRESENTATION (  '', ( #1558 ), #2851 ) ;
#980 = EDGE_LOOP ( 'NONE', ( #1263, #5659 ) ) ;
#981 = CARTESIAN_POINT ( 'NONE',  ( 0.7207663436280822289, 0.6651032333483777315, 0.4490000000000000657 ) ) ;
#982 =( GEOMETRIC_REPRESENTATION_CONTEXT ( 3 ) GLOBAL_UNCERTAINTY_ASSIGNED_CONTEXT ( ( #4631 ) ) GLOBAL_UNIT_ASSIGNED_CONTEXT ( ( #6223, #1727, #4106 ) ) REPRESENTATION_CONTEXT ( 'NONE', 'WORKASPACE' ) );
#983 = ADVANCED_FACE ( 'NONE', ( #6499 ), #4840, .T. ) ;
#984 = CARTESIAN_POINT ( 'NONE',  ( 0.8856437475344749455, 0.4189029941506529076, 0.4499999999999999001 ) ) ;
#985 = CARTESIAN_POINT ( 'NONE',  ( 1.245857864376269220, 0.04901159058452724676, 0.4411043152607485029 ) ) ;
#986 = ORIENTED_EDGE ( 'NONE', *, *, #1606, .T. ) ;
#987 = MECHANICAL_DESIGN_GEOMETRIC_PRESENTATION_REPRESENTATION (  '', ( #5444 ), #6237 ) ;
#988 = SURFACE_STYLE_FILL_AREA ( #5968 ) ;
#989 = CARTESIAN_POINT ( 'NONE',  ( 0.3950827837780096496, 0.4907988132389800584, 0.4490000000000000102 ) ) ;
#990 = CARTESIAN_POINT ( 'NONE',  ( 0.3657632027656212426, 0.1733941372588348462, 0.4489999999999999547 ) ) ;
#991 = CARTESIAN_POINT ( 'NONE',  ( 0.4447576346734009034, 0.7424879227730910580, 0.4499999999999999556 ) ) ;
#992 = COLOUR_RGB ( '',1.000000000000000000, 1.000000000000000000, 1.000000000000000000 ) ;
#993 = ORIENTED_EDGE ( 'NONE', *, *, #3128, .F. ) ;
#994 = FILL_AREA_STYLE_COLOUR ( '', #2468 ) ;
#995 = CARTESIAN_POINT ( 'NONE',  ( 0.7344448507465249909, 0.7282088904604492319, 0.4500000000000001221 ) ) ;
#996 = CARTESIAN_POINT ( 'NONE',  ( 0.8273348594486507057, 0.4289301222101792321, 0.4500000000000001221 ) ) ;
#997 = SURFACE_SIDE_STYLE ('',( #6013 ) ) ;
#998 =( LENGTH_UNIT ( ) NAMED_UNIT ( * ) SI_UNIT ( .MILLI., .METRE. ) );
#999 = B_SPLINE_SURFACE_WITH_KNOTS ( 'NONE', 3, 1, ( 
 ( #1731, #34 ),
 ( #4498, #619 ),
 ( #2209, #6657 ),
 ( #2249, #3355 ),
 ( #3388, #5079 ),
 ( #7167, #582 ),
 ( #2144, #4389 ),
 ( #6587, #1581 ),
 ( #6728, #3428 ),
 ( #6054, #1039 ),
 ( #546, #5521 ) ),
 .UNSPECIFIED., .F., .F., .F.,
 ( 4, 1, 1, 1, 1, 1, 1, 1, 4 ),
 ( 2, 2 ),
 ( 0.0000000000000000000, 0.1508330973407552567, 0.2899541833158780224, 0.4171386481520535372, 0.5352551839062617001, 0.6487510952936680342, 0.7624054615861202144, 0.8798267012501022055, 1.000000000000000000 ),
 ( 0.0000000000000000000, 1.000000000000000000 ),
 .UNSPECIFIED. ) ;
#1000 = FILL_AREA_STYLE_COLOUR ( '', #4780 ) ;
#1001 = CARTESIAN_POINT ( 'NONE',  ( 0.7816216069967532043, 0.4012631076988326106, 0.4490000000000000102 ) ) ;
#1002 = SURFACE_SIDE_STYLE ('',( #6126 ) ) ;
#1003 = SURFACE_STYLE_USAGE ( .BOTH. , #35 ) ;
#1004 = CARTESIAN_POINT ( 'NONE',  ( 0.8424584151053646774, 0.1996828658913134547, 0.4489999999999999547 ) ) ;
#1005 = CARTESIAN_POINT ( 'NONE',  ( 0.7564474798783690224, 0.2122595783576748385, 0.4489999999999996216 ) ) ;
#1006 = CARTESIAN_POINT ( 'NONE',  ( 0.6322545889835698985, 0.2030749599084074875, 0.4489999999999999547 ) ) ;
#1007 = STYLED_ITEM ( 'NONE', ( #364 ), #1795 ) ;
#1008 = CARTESIAN_POINT ( 'NONE',  ( 0.5101980998486425056, 0.6833446248878595197, 0.4489999999999998992 ) ) ;
#1009 = CARTESIAN_POINT ( 'NONE',  ( 0.3721163454726250097, 0.7676866556531209973, 0.4490000000000060054 ) ) ;
#1010 = CARTESIAN_POINT ( 'NONE',  ( 0.5475244800588278116, 0.6255561884167837317, 0.4490000000000000102 ) ) ;
#1011 = MECHANICAL_DESIGN_GEOMETRIC_PRESENTATION_REPRESENTATION (  '', ( #6719 ), #5925 ) ;
#1012 = ORIENTED_EDGE ( 'NONE', *, *, #5384, .F. ) ;
#1013 = CARTESIAN_POINT ( 'NONE',  ( 2.168404344971008868E-16, 0.0000000000000000000, 0.0000000000000000000 ) ) ;
#1014 = CARTESIAN_POINT ( 'NONE',  ( 0.7207663436280822289, 0.6651032333483777315, 0.4500000000000001776 ) ) ;
#1015 = VECTOR ( 'NONE', #5418, 1000.000000000000000 ) ;
#1016 = SURFACE_STYLE_USAGE ( .BOTH. , #2559 ) ;
#1017 = EDGE_CURVE ( 'NONE', #1021, #3888, #6035, .T. ) ;
#1018 = CARTESIAN_POINT ( 'NONE',  ( 0.8421157768484860418, 0.3827712476292669530, 0.4489999999999993996 ) ) ;
#1019 = FACE_OUTER_BOUND ( 'NONE', #6222, .T. ) ;
#1020 = CARTESIAN_POINT ( 'NONE',  ( 0.3600000000000003753, -0.09999999999999993616, -0.005000000000000013115 ) ) ;
#1021 = VERTEX_POINT ( 'NONE', #3579 ) ;
#1022 = AXIS2_PLACEMENT_3D ( 'NONE', #746, #1218, #3504 ) ;
#1023 = EDGE_CURVE ( 'NONE', #1232, #1750, #2521, .T. ) ;
#1024 = CARTESIAN_POINT ( 'NONE',  ( 0.7012325757451521868, 0.5643769210681790494, 0.4500000000000001776 ) ) ;
#1025 = CARTESIAN_POINT ( 'NONE',  ( 0.4048449353822213825, 0.5894682629311009947, 0.4499999999999994560 ) ) ;
#1026 = CARTESIAN_POINT ( 'NONE',  ( 0.8368792441169357055, 0.3271328287803115242, 0.4489999999999997327 ) ) ;
#1027 = SURFACE_SIDE_STYLE ('',( #1571 ) ) ;
#1028 = CARTESIAN_POINT ( 'NONE',  ( 0.4136645099986887564, 0.7638772663139192787, 0.4500000000000000111 ) ) ;
#1029 = UNCERTAINTY_MEASURE_WITH_UNIT (LENGTH_MEASURE( 1.000000000000000082E-05 ), #3964, 'distance_accuracy_value', 'NONE');
#1030 = PRESENTATION_STYLE_ASSIGNMENT (( #2134 ) ) ;
#1031 = ORIENTED_EDGE ( 'NONE', *, *, #7089, .T. ) ;
#1032 = ADVANCED_FACE ( 'NONE', ( #2429 ), #1741, .T. ) ;
#1033 = CARTESIAN_POINT ( 'NONE',  ( 0.7590662286268885506, 0.6951991909835628647, 0.4500000000000000111 ) ) ;
#1034 = CARTESIAN_POINT ( 'NONE',  ( 0.09000000000000023259, 0.04999999999999996808, -0.005000000000000013115 ) ) ;
#1035 = B_SPLINE_SURFACE_WITH_KNOTS ( 'NONE', 3, 1, ( 
 ( #5306, #5345 ),
 ( #1998, #2551 ),
 ( #6561, #941 ),
 ( #4316, #2692 ),
 ( #6494, #4796 ),
 ( #2076, #2149 ),
 ( #6422, #3184 ),
 ( #4948, #907 ),
 ( #7137, #5991 ),
 ( #3257, #4914 ),
 ( #2113, #1515 ) ),
 .UNSPECIFIED., .F., .F., .F.,
 ( 4, 1, 1, 1, 1, 1, 1, 1, 4 ),
 ( 2, 2 ),
 ( 0.0000000000000000000, 0.1279910255623735726, 0.2530983915017061547, 0.3761840584327915127, 0.4989363124701257091, 0.6215258806257293323, 0.7457068938016901960, 0.8715753502968703881, 1.000000000000000000 ),
 ( 0.0000000000000000000, 1.000000000000000000 ),
 .UNSPECIFIED. ) ;
#1036 = CARTESIAN_POINT ( 'NONE',  ( 1.596397453640112681E-17, 0.05347488369808212072, 0.4437653199154556471 ) ) ;
#1037 = DIRECTION ( 'NONE',  ( 1.000000000000000000, -0.0000000000000000000, 0.0000000000000000000 ) ) ;
#1038 = CARTESIAN_POINT ( 'NONE',  ( 0.7653942791545099711, 0.3591112846947322468, 0.4500000000000000666 ) ) ;
#1039 = CARTESIAN_POINT ( 'NONE',  ( 0.4659402087581938634, 0.5686944953164928540, 0.4500000000000000666 ) ) ;
#1040 = CARTESIAN_POINT ( 'NONE',  ( 0.3642439273204382544, 0.7039678797291466505, 0.4500000000000001221 ) ) ;
#1041 = CARTESIAN_POINT ( 'NONE',  ( 0.3167546110811221283, 0.7016888165614115769, 0.4489999999999999547 ) ) ;
#1042 = CARTESIAN_POINT ( 'NONE',  ( 0.8510257831932583894, 0.2003038986382085218, 0.4489999999999998437 ) ) ;
#1043 = SURFACE_SIDE_STYLE ('',( #6059 ) ) ;
#1044 = CARTESIAN_POINT ( 'NONE',  ( 0.7593483929861749582, 0.2038884318335568158, 0.4490000000000001212 ) ) ;
#1045 = CARTESIAN_POINT ( 'NONE',  ( 0.6100679570239646576, 0.3700845530095455693, 0.4499999999999999556 ) ) ;
#1046 = CARTESIAN_POINT ( 'NONE',  ( 0.5574245616368681544, 0.6738309775418339642, 0.4499999999999999556 ) ) ;
#1047 = PRESENTATION_STYLE_ASSIGNMENT (( #5087 ) ) ;
#1048 = B_SPLINE_CURVE_WITH_KNOTS ( 'NONE', 3,
 ( #6942, #213, #1949, #811, #5322, #2381, #5758, #3499, #5252, #3078, #320, #5285, #2969, #2416, #2493, #4184, #4628, #2531, #4778 ),
 .UNSPECIFIED., .F., .F.,
 ( 4, 1, 1, 1, 1, 1, 1, 1, 1, 1, 1, 1, 1, 1, 1, 1, 4 ),
 ( 0.0000000000000000000, 9.135491529662300258E-06, 1.792404555706550849E-05, 2.643254378735700522E-05, 3.477524794687374458E-05, 4.301195261870003364E-05, 5.130386461750585322E-05, 5.969151511688848371E-05, 6.824869738855518985E-05, 7.694641287422774494E-05, 8.568998771532081366E-05, 9.461827213157921455E-05, 0.0001037259754990680120, 0.0001131919841656799623, 0.0001230408969121639655, 0.0001333457921579142612, 0.0001441482489930522536 ),
 .UNSPECIFIED. ) ;
#1049 = VERTEX_POINT ( 'NONE', #122 ) ;
#1050 = PLANE ( 'NONE',  #1882 ) ;
#1051 = CARTESIAN_POINT ( 'NONE',  ( 0.7162180394234028968, 0.3325378492392638830, 0.4499999999999969580 ) ) ;
#1052 = PRESENTATION_STYLE_ASSIGNMENT (( #51 ) ) ;
#1053 = CARTESIAN_POINT ( 'NONE',  ( 0.8409604855569888793, 0.2792290251457559824, 0.4500000000000001221 ) ) ;
#1054 = VECTOR ( 'NONE', #968, 1000.000000000000000 ) ;
#1055 = CARTESIAN_POINT ( 'NONE',  ( 0.8730262601459805039, 0.4253440585231643700, 0.4499999999999999001 ) ) ;
#1056 = CARTESIAN_POINT ( 'NONE',  ( 1.250000000000000222, 0.05895042793126351044, 0.4458578643762690641 ) ) ;
#1057 = VERTEX_POINT ( 'NONE', #2322 ) ;
#1058 = CARTESIAN_POINT ( 'NONE',  ( 0.6410921530975469684, 0.5382100566629300920, 0.4500000000000000111 ) ) ;
#1059 = CARTESIAN_POINT ( 'NONE',  ( 0.4077017252078546372, 0.5864717639122717374, 0.4499999999999994560 ) ) ;
#1060 = CARTESIAN_POINT ( 'NONE',  ( 0.8705491936844246270, 0.3579452523763562155, 0.4494999999999974016 ) ) ;
#1061 = B_SPLINE_SURFACE_WITH_KNOTS ( 'NONE', 3, 1, ( 
 ( #2181, #2212 ),
 ( #6696, #5626 ),
 ( #6130, #1770 ),
 ( #1734, #3876 ),
 ( #2876, #1117 ),
 ( #5081, #4013 ),
 ( #3357, #4430 ),
 ( #6231, #4569 ),
 ( #5592, #585 ),
 ( #2803, #1079 ),
 ( #6092, #3322 ),
 ( #3976, #5045 ),
 ( #2254, #3391 ),
 ( #6192, #622 ),
 ( #76, #6158 ),
 ( #2284, #4500 ),
 ( #1150, #1700 ),
 ( #3944, #1225 ),
 ( #4537, #2317 ) ),
 .UNSPECIFIED., .F., .F., .F.,
 ( 4, 1, 1, 1, 1, 1, 1, 1, 1, 1, 1, 1, 1, 1, 1, 1, 4 ),
 ( 2, 2 ),
 ( 0.0000000000000000000, 0.06339559666158973983, 0.1251572666424212443, 0.1856494665262525823, 0.2459766793408151297, 0.3061083686579562091, 0.3673505880891745345, 0.4299020782799137796, 0.4945399581831932401, 0.5593725826940474377, 0.6224096858457368597, 0.6843574258194751181, 0.7458066007722099489, 0.8074302750159152442, 0.8699955160697814271, 0.9339278677192729416, 1.000000000000000000 ),
 ( 0.0000000000000000000, 1.000000000000000000 ),
 .UNSPECIFIED. ) ;
#1062 = CARTESIAN_POINT ( 'NONE',  ( 0.4355335073562080495, 0.7507929972749224357, 0.4500000000000001221 ) ) ;
#1063 = ADVANCED_FACE ( 'NONE', ( #6810 ), #1615, .T. ) ;
#1064 = PRESENTATION_LAYER_ASSIGNMENT (  '', '', ( #177 ) ) ;
#1065 = ORIENTED_EDGE ( 'NONE', *, *, #2154, .T. ) ;
#1066 = FILL_AREA_STYLE ('',( #5033 ) ) ;
#1067 = CARTESIAN_POINT ( 'NONE',  ( 0.6378375103866775753, 0.7687886763370526122, 0.4500000000000000666 ) ) ;
#1068 = CARTESIAN_POINT ( 'NONE',  ( 0.8907468742909037118, 0.3100692664075859750, 0.4500000000000005662 ) ) ;
#1069 = MECHANICAL_DESIGN_GEOMETRIC_PRESENTATION_REPRESENTATION (  '', ( #3300 ), #2007 ) ;
#1070 = EDGE_CURVE ( 'NONE', #114, #4995, #3362, .T. ) ;
#1071 = CARTESIAN_POINT ( 'NONE',  ( 1.524659305057740610E-17, 0.05895042793126381575, 0.4399999999999999467 ) ) ;
#1072 = VECTOR ( 'NONE', #4251, 1000.000000000000000 ) ;
#1073 = DIRECTION ( 'NONE',  ( 0.0000000000000000000, 0.0000000000000000000, 1.000000000000000000 ) ) ;
#1074 = CARTESIAN_POINT ( 'NONE',  ( 0.3686430492488570465, 0.6913005286340613287, 0.4500000000000001221 ) ) ;
#1075 = VERTEX_POINT ( 'NONE', #5303 ) ;
#1076 = COLOUR_RGB ( '',0.5607843137254902022, 0.5607843137254902022, 0.5607843137254902022 ) ;
#1077 = CARTESIAN_POINT ( 'NONE',  ( 0.3735991269999610620, 0.6171484925521164566, 0.4500000000000001221 ) ) ;
#1078 = CARTESIAN_POINT ( 'NONE',  ( 0.8028353649748599663, 0.2264590175265735195, 0.4489999999999998437 ) ) ;
#1079 = CARTESIAN_POINT ( 'NONE',  ( 0.7344448507465249909, 0.7282088904604492319, 0.4500000000000001221 ) ) ;
#1080 = STYLED_ITEM ( 'NONE', ( #1047 ), #6727 ) ;
#1081 = CARTESIAN_POINT ( 'NONE',  ( 0.8307136591724870733, 0.1523931031255262858, 0.4500000000000001776 ) ) ;
#1082 = VECTOR ( 'NONE', #2382, 1000.000000000000000 ) ;
#1083 = B_SPLINE_CURVE_WITH_KNOTS ( 'NONE', 3,
 ( #2787, #6289, #2306, #5176, #6753, #3455, #1140 ),
 .UNSPECIFIED., .F., .F.,
 ( 4, 1, 1, 1, 4 ),
 ( 0.0000000000000000000, 3.582202817654249238E-06, 7.008091439513372953E-06, 1.035898800888390086E-05, 1.366407269768688668E-05 ),
 .UNSPECIFIED. ) ;
#1084 = CARTESIAN_POINT ( 'NONE',  ( 0.3417781323574650143, 0.7536872393256349723, 0.4490000000000059499 ) ) ;
#1085 = FACE_OUTER_BOUND ( 'NONE', #3496, .T. ) ;
#1086 = ORIENTED_EDGE ( 'NONE', *, *, #2018, .T. ) ;
#1087 = CARTESIAN_POINT ( 'NONE',  ( 0.7177712286907476091, 0.3449298085352433541, 0.4499999999999970690 ) ) ;
#1088 = CARTESIAN_POINT ( 'NONE',  ( 0.8128835953938263748, 0.3591112846947322468, 0.4500000000000000666 ) ) ;
#1089 = FACE_OUTER_BOUND ( 'NONE', #5440, .T. ) ;
#1090 = CARTESIAN_POINT ( 'NONE',  ( 0.6908754528982463672, 0.5004405971207950277, 0.4500000000000007327 ) ) ;
#1091 = MECHANICAL_DESIGN_GEOMETRIC_PRESENTATION_REPRESENTATION (  '', ( #4434 ), #3087 ) ;
#1092 = PRESENTATION_STYLE_ASSIGNMENT (( #7146 ) ) ;
#1093 = EDGE_LOOP ( 'NONE', ( #993, #2015, #2156 ) ) ;
#1094 = FILL_AREA_STYLE_COLOUR ( '', #261 ) ;
#1095 = CARTESIAN_POINT ( 'NONE',  ( 0.3366709090524661607, 0.7491053172828342488, 0.4500000000000011768 ) ) ;
#1096 = CARTESIAN_POINT ( 'NONE',  ( 0.8287048229797334686, 0.3259599677264777284, 0.4489999999999997882 ) ) ;
#1097 = VECTOR ( 'NONE', #3762, 1000.000000000000000 ) ;
#1098 = CARTESIAN_POINT ( 'NONE',  ( 0.3191699953845023585, 0.5217247697082688651, 0.4490000000000001212 ) ) ;
#1099 = PRESENTATION_LAYER_ASSIGNMENT (  '', '', ( #6695 ) ) ;
#1100 = CARTESIAN_POINT ( 'NONE',  ( 0.6583089891651693337, 0.3097133355415008227, 0.4490000000000472502 ) ) ;
#1101 = VERTEX_POINT ( 'NONE', #1402 ) ;
#1102 = SURFACE_STYLE_USAGE ( .BOTH. , #6048 ) ;
#1103 = DIRECTION ( 'NONE',  ( 2.551063935260010491E-16, 1.000000000000000000, 0.0000000000000000000 ) ) ;
#1104 = DIRECTION ( 'NONE',  ( 0.0000000000000000000, -1.000000000000000000, 0.0000000000000000000 ) ) ;
#1105 = MECHANICAL_DESIGN_GEOMETRIC_PRESENTATION_REPRESENTATION (  '', ( #3342 ), #6706 ) ;
#1106 = COLOUR_RGB ( '',1.000000000000000000, 1.000000000000000000, 1.000000000000000000 ) ;
#1107 = CARTESIAN_POINT ( 'NONE',  ( 0.9159293631879114050, 0.3441693405309917964, 0.4500000000000003442 ) ) ;
#1108 = DIRECTION ( 'NONE',  ( 0.0000000000000000000, 0.1104315260748466032, 0.9938837346736190126 ) ) ;
#1109 = DIRECTION ( 'NONE',  ( 0.0000000000000000000, 1.000000000000000000, 0.0000000000000000000 ) ) ;
#1110 = EDGE_CURVE ( 'NONE', #3507, #1845, #3652, .T. ) ;
#1111 = FILL_AREA_STYLE ('',( #507 ) ) ;
#1112 = FILL_AREA_STYLE ('',( #5624 ) ) ;
#1113 = EDGE_LOOP ( 'NONE', ( #6290, #1221, #5249, #2251, #752, #845, #2961, #5967, #7074, #4674, #6238, #2875, #4636, #5357, #1768, #6434 ) ) ;
#1114 = MECHANICAL_DESIGN_GEOMETRIC_PRESENTATION_REPRESENTATION (  '', ( #3103 ), #3822 ) ;
#1115 = CARTESIAN_POINT ( 'NONE',  ( 0.3235327365263614974, 0.6726692836523764374, 0.4489999999999998437 ) ) ;
#1116 = ADVANCED_FACE ( 'NONE', ( #5881 ), #6689, .T. ) ;
#1117 = CARTESIAN_POINT ( 'NONE',  ( 0.6777459081648955497, 0.7632806897812071112, 0.4500000000000001776 ) ) ;
#1118 = FACE_BOUND ( 'NONE', #6638, .T. ) ;
#1119 = CARTESIAN_POINT ( 'NONE',  ( 0.6792238263192225123, 0.4202754444771495401, 0.4490000000000084479 ) ) ;
#1120 = MECHANICAL_DESIGN_GEOMETRIC_PRESENTATION_REPRESENTATION (  '', ( #3936 ), #3239 ) ;
#1121 = SURFACE_STYLE_USAGE ( .BOTH. , #6664 ) ;
#1122 = CARTESIAN_POINT ( 'NONE',  ( 0.8002023036998495709, 0.2354828452610119582, 0.4489999999999999547 ) ) ;
#1123 = CARTESIAN_POINT ( 'NONE',  ( 0.5474980662278191579, 0.6324552639853529001, 0.4499999999999999001 ) ) ;
#1124 = CARTESIAN_POINT ( 'NONE',  ( 0.8831488889321758018, 0.2468838296208004379, 0.4500000000000000666 ) ) ;
#1125 = CARTESIAN_POINT ( 'NONE',  ( 2.168404344971008868E-16, 0.7620044883028647131, 0.4500000000000000666 ) ) ;
#1126 = ORIENTED_EDGE ( 'NONE', *, *, #6380, .T. ) ;
#1127 = EDGE_CURVE ( 'NONE', #6763, #2907, #508, .T. ) ;
#1128 = CARTESIAN_POINT ( 'NONE',  ( 0.7212970569322878500, 0.8500000000000000888, 0.4500000000000000666 ) ) ;
#1129 = CARTESIAN_POINT ( 'NONE',  ( 0.8900000000000001243, -2.281646695267917193E-16, -1.007981359785663572E-17 ) ) ;
#1130 = SURFACE_STYLE_FILL_AREA ( #53 ) ;
#1131 = CARTESIAN_POINT ( 'NONE',  ( 0.4365995843992037662, 0.6287149789532554545, 0.4489999999999998992 ) ) ;
#1132 = CARTESIAN_POINT ( 'NONE',  ( 0.8914364891581553207, 0.4146589439617550110, 0.4489999999999998437 ) ) ;
#1133 = ORIENTED_EDGE ( 'NONE', *, *, #4530, .T. ) ;
#1134 = SURFACE_STYLE_USAGE ( .BOTH. , #1680 ) ;
#1135 = CARTESIAN_POINT ( 'NONE',  ( 0.3417781323574650143, 0.7536872393256348612, 0.4500000000000011768 ) ) ;
#1136 =( LENGTH_UNIT ( ) NAMED_UNIT ( * ) SI_UNIT ( .MILLI., .METRE. ) );
#1137 = MECHANICAL_DESIGN_GEOMETRIC_PRESENTATION_REPRESENTATION (  '', ( #4065 ), #3366 ) ;
#1138 = CARTESIAN_POINT ( 'NONE',  ( 0.5518974551512056959, 0.3389589421095928756, 0.4499999999999996225 ) ) ;
#1139 = CARTESIAN_POINT ( 'NONE',  ( 0.3668289527467972211, 0.4924533950396651760, 0.4500000000000000666 ) ) ;
#1140 = CARTESIAN_POINT ( 'NONE',  ( 0.3642439273204383099, 0.7039678797291467616, 0.4500000000000001221 ) ) ;
#1141 = VERTEX_POINT ( 'NONE', #1582 ) ;
#1142 = ORIENTED_EDGE ( 'NONE', *, *, #1920, .F. ) ;
#1143 = B_SPLINE_CURVE_WITH_KNOTS ( 'NONE', 3,
 ( #1894, #5233, #6740, #3028, #1819, #4683, #1271, #2950, #665, #87, #2293 ),
 .UNSPECIFIED., .F., .F.,
 ( 4, 1, 1, 1, 1, 1, 1, 1, 4 ),
 ( 0.0000000000000000000, 8.658305987774532413E-06, 1.696652651152029870E-05, 2.510141170086784752E-05, 3.305865599096948572E-05, 4.101023524926628369E-05, 4.897579275045157163E-05, 5.706537143164329889E-05, 6.539745623127171247E-05 ),
 .UNSPECIFIED. ) ;
#1144 = PLANE ( 'NONE',  #5406 ) ;
#1145 = PLANE ( 'NONE',  #3916 ) ;
#1146 = SURFACE_SIDE_STYLE ('',( #3313 ) ) ;
#1147 = LINE ( 'NONE', #70, #5708 ) ;
#1148 = FILL_AREA_STYLE ('',( #2870 ) ) ;
#1149 = CARTESIAN_POINT ( 'NONE',  ( 0.3168926050019419405, 0.6984945243850608776, 0.4490000000000000102 ) ) ;
#1150 = CARTESIAN_POINT ( 'NONE',  ( 0.7743425574011557622, 0.6431465355791458061, 0.4489999999999998437 ) ) ;
#1151 = FILL_AREA_STYLE ('',( #6094 ) ) ;
#1152 = ADVANCED_FACE ( 'NONE', ( #6557 ), #3278, .T. ) ;
#1153 = CARTESIAN_POINT ( 'NONE',  ( 0.4660067478332587942, 0.5659520544086338312, 0.4489999999999023661 ) ) ;
#1154 = CARTESIAN_POINT ( 'NONE',  ( 0.8424584151053646774, 0.1996828658913134547, 0.4489999999999999547 ) ) ;
#1155 = ADVANCED_FACE ( 'NONE', ( #5589 ), #4390, .T. ) ;
#1156 = CARTESIAN_POINT ( 'NONE',  ( 0.5942971282504319053, 0.7112412720486408491, 0.4500000000000000111 ) ) ;
#1157 = CARTESIAN_POINT ( 'NONE',  ( 0.8662328240567112037, 0.4275348132470108142, 0.4490000000000087810 ) ) ;
#1158 = B_SPLINE_SURFACE_WITH_KNOTS ( 'NONE', 3, 1, ( 
 ( #1822, #6493 ),
 ( #5959, #413 ),
 ( #6960, #4204 ),
 ( #1997, #4872 ),
 ( #6421, #1405 ),
 ( #3658, #5884 ),
 ( #2111, #4351 ),
 ( #1008, #3256 ),
 ( #5495, #5380 ),
 ( #3102, #3223 ),
 ( #2550, #4830 ),
 ( #870, #6456 ),
 ( #5344, #4315 ),
 ( #1551, #5456 ),
 ( #449, #2619 ),
 ( #4795, #4240 ),
 ( #7030, #6021 ),
 ( #6523, #4278 ),
 ( #939, #1513 ),
 ( #1444, #3699 ),
 ( #5921, #3141 ),
 ( #2582, #906 ),
 ( #2039, #3775 ),
 ( #2657, #3183 ),
 ( #1482, #5416 ),
 ( #4913, #7105 ),
 ( #3738, #4979 ) ),
 .UNSPECIFIED., .F., .F., .F.,
 ( 4, 1, 1, 1, 1, 1, 1, 1, 1, 1, 1, 1, 1, 1, 1, 1, 1, 1, 1, 1, 1, 1, 1, 1, 4 ),
 ( 2, 2 ),
 ( 0.0000000000000000000, 0.04311434566197368951, 0.08568276482420902895, 0.1275943241639271586, 0.1690586225605483772, 0.2104320288213095413, 0.2518111664630526825, 0.2934438397982394031, 0.3353808532218248706, 0.3774766059607939650, 0.4186884906768270076, 0.4598730336711986943, 0.5008729046253149741, 0.5418727755794315870, 0.5832117768673232838, 0.6247632017340752908, 0.6669876223820889738, 0.7093697058942390887, 0.7511026519448573691, 0.7925683801202204615, 0.8335451085502578739, 0.8748274225565252360, 0.9160177232110670031, 0.9578592039763039745, 1.000000000000000000 ),
 ( 0.0000000000000000000, 1.000000000000000000 ),
 .UNSPECIFIED. ) ;
#1159 = ORIENTED_EDGE ( 'NONE', *, *, #1416, .F. ) ;
#1160 = CARTESIAN_POINT ( 'NONE',  ( 0.7723552007758737181, 0.6570025609362674102, 0.4490000000000061164 ) ) ;
#1161 = CARTESIAN_POINT ( 'NONE',  ( 0.8146140172635991661, 0.3641497350975002045, 0.4500000000000001221 ) ) ;
#1162 = CARTESIAN_POINT ( 'NONE',  ( 0.7125616095551107199, 0.6807249809393199902, 0.4490000000000003433 ) ) ;
#1163 = EDGE_CURVE ( 'NONE', #2907, #377, #4915, .T. ) ;
#1164 =( GEOMETRIC_REPRESENTATION_CONTEXT ( 3 ) GLOBAL_UNCERTAINTY_ASSIGNED_CONTEXT ( ( #7031 ) ) GLOBAL_UNIT_ASSIGNED_CONTEXT ( ( #3277, #2686, #5 ) ) REPRESENTATION_CONTEXT ( 'NONE', 'WORKASPACE' ) );
#1165 = CARTESIAN_POINT ( 'NONE',  ( 0.4000631592341367115, 0.5398634963302617606, 0.4500000000000001221 ) ) ;
#1166 = CARTESIAN_POINT ( 'NONE',  ( 0.8826335286203220720, 0.3055267995184502428, 0.4489999999999669256 ) ) ;
#1167 = ORIENTED_EDGE ( 'NONE', *, *, #5997, .T. ) ;
#1168 = ORIENTED_EDGE ( 'NONE', *, *, #3723, .T. ) ;
#1169 = SURFACE_SIDE_STYLE ('',( #4202 ) ) ;
#1170 = DIRECTION ( 'NONE',  ( 0.0000000000000000000, 0.0000000000000000000, -1.000000000000000000 ) ) ;
#1171 = CARTESIAN_POINT ( 'NONE',  ( 1.240000000000000213, 0.7910495720687359400, 0.4399999999999999467 ) ) ;
#1172 = CARTESIAN_POINT ( 'NONE',  ( 0.09000000000000023259, -0.09999999999999993616, 0.1650000000000000078 ) ) ;
#1173 = ORIENTED_EDGE ( 'NONE', *, *, #7181, .F. ) ;
#1174 = CARTESIAN_POINT ( 'NONE',  ( 0.6601365735976367777, 0.4280597760131801266, 0.4489999999999998437 ) ) ;
#1175 = CARTESIAN_POINT ( 'NONE',  ( 0.5474170042435151373, 0.6291828069460272399, 0.4494999999999998996 ) ) ;
#1176 = UNCERTAINTY_MEASURE_WITH_UNIT (LENGTH_MEASURE( 1.000000000000000082E-05 ), #300, 'distance_accuracy_value', 'NONE');
#1177 = CARTESIAN_POINT ( 'NONE',  ( 0.3426048509273565967, 0.6464364304578334997, 0.4489999999999991775 ) ) ;
#1178 = MECHANICAL_DESIGN_GEOMETRIC_PRESENTATION_REPRESENTATION (  '', ( #4589 ), #5525 ) ;
#1179 = CARTESIAN_POINT ( 'NONE',  ( 0.5245556039408351134, 0.4235610710195185091, 0.4489999999999999547 ) ) ;
#1180 = EDGE_LOOP ( 'NONE', ( #294, #6679, #3713, #2623 ) ) ;
#1181 = CARTESIAN_POINT ( 'NONE',  ( 0.3279957470003520004, 0.6646332561557865004, 0.4490000000000000102 ) ) ;
#1182 = SURFACE_STYLE_USAGE ( .BOTH. , #2839 ) ;
#1183 = VECTOR ( 'NONE', #5779, 1000.000000000000000 ) ;
#1184 = SURFACE_SIDE_STYLE ('',( #1735 ) ) ;
#1185 = DIRECTION ( 'NONE',  ( -0.0000000000000000000, -1.000000000000000000, -0.0000000000000000000 ) ) ;
#1186 = CARTESIAN_POINT ( 'NONE',  ( 0.7212970569322878500, 0.1589777376861852831, 0.4500000000000000666 ) ) ;
#1187 = CARTESIAN_POINT ( 'NONE',  ( 0.7993152193254503546, 0.2403879940964416817, 0.4490000000000000102 ) ) ;
#1188 = CARTESIAN_POINT ( 'NONE',  ( 2.204389150503327639E-16, 0.8399384609576251437, 0.0000000000000000000 ) ) ;
#1189 = COLOUR_RGB ( '',1.000000000000000000, 1.000000000000000000, 0.7254901960784313486 ) ;
#1190 = DIRECTION ( 'NONE',  ( 0.0000000000000000000, 0.0000000000000000000, 1.000000000000000000 ) ) ;
#1191 = ORIENTED_EDGE ( 'NONE', *, *, #459, .T. ) ;
#1192 = FACE_OUTER_BOUND ( 'NONE', #4807, .T. ) ;
#1193 = CARTESIAN_POINT ( 'NONE',  ( 0.8196677834280143848, 0.2810931223015699087, 0.4489999999999999547 ) ) ;
#1194 = ADVANCED_FACE ( 'NONE', ( #2584 ), #3269, .T. ) ;
#1195 = COLOUR_RGB ( '',1.000000000000000000, 1.000000000000000000, 0.7254901960784313486 ) ;
#1196 = SURFACE_SIDE_STYLE ('',( #5672 ) ) ;
#1197 = CARTESIAN_POINT ( 'NONE',  ( 0.6719170608900195685, 0.7147443779176452239, 0.4490000000000004543 ) ) ;
#1198 = UNCERTAINTY_MEASURE_WITH_UNIT (LENGTH_MEASURE( 1.000000000000000082E-05 ), #876, 'distance_accuracy_value', 'NONE');
#1199 = CARTESIAN_POINT ( 'NONE',  ( 0.9180385099237408086, 0.3609663361103305768, 0.4494999999999999551 ) ) ;
#1200 = LINE ( 'NONE', #3338, #1774 ) ;
#1201 = CARTESIAN_POINT ( 'NONE',  ( 0.4605960970908861696, 0.5360889778298250086, 0.4499999999999997335 ) ) ;
#1202 = ORIENTED_EDGE ( 'NONE', *, *, #640, .F. ) ;
#1203 =( NAMED_UNIT ( * ) PLANE_ANGLE_UNIT ( ) SI_UNIT ( $, .RADIAN. ) );
#1204 = EDGE_LOOP ( 'NONE', ( #4712, #4152, #3571, #2893, #2556, #3115 ) ) ;
#1205 = DIRECTION ( 'NONE',  ( -5.387956518521223678E-14, -5.221230660310933290E-13, 1.000000000000000000 ) ) ;
#1206 =( LENGTH_UNIT ( ) NAMED_UNIT ( * ) SI_UNIT ( .MILLI., .METRE. ) );
#1207 = ADVANCED_FACE ( 'NONE', ( #372 ), #4848, .T. ) ;
#1208 = ADVANCED_BREP_SHAPE_REPRESENTATION ( '7095E2CA-307A-46B5-9DE8-1FEC977057C4', ( #2440, #5627 ), #4810 ) ;
#1209 = CARTESIAN_POINT ( 'NONE',  ( 0.3332005073241322002, 0.5078392353954016558, 0.4489999999999989000 ) ) ;
#1210 = CARTESIAN_POINT ( 'NONE',  ( 0.4575377609864390571, 0.5294514786135339213, 0.4499999999999966804 ) ) ;
#1211 = VERTEX_POINT ( 'NONE', #119 ) ;
#1212 = ORIENTED_EDGE ( 'NONE', *, *, #1787, .F. ) ;
#1213 = STYLED_ITEM ( 'NONE', ( #3407 ), #2780 ) ;
#1214 = CARTESIAN_POINT ( 'NONE',  ( 0.4002908961607563043, 0.7175469472381262870, 0.4490000000000000102 ) ) ;
#1215 = CARTESIAN_POINT ( 'NONE',  ( 0.8343392640603918275, 0.2000298187076381129, 0.4489999999999997882 ) ) ;
#1216 = CARTESIAN_POINT ( 'NONE',  ( 0.4386579898204382433, 0.6266387364332065557, 0.4494999999999831908 ) ) ;
#1217 = VECTOR ( 'NONE', #1230, 1000.000000000000000 ) ;
#1218 = DIRECTION ( 'NONE',  ( 0.0000000000000000000, 0.0000000000000000000, 1.000000000000000000 ) ) ;
#1219 = CARTESIAN_POINT ( 'NONE',  ( 0.8438364532998092749, 0.3828559428143903376, 0.4500000000000000666 ) ) ;
#1220 = CARTESIAN_POINT ( 'NONE',  ( 0.8826335286203220720, 0.3055267995184502428, 0.4489999999999669256 ) ) ;
#1221 = ORIENTED_EDGE ( 'NONE', *, *, #1606, .F. ) ;
#1222 = VERTEX_POINT ( 'NONE', #4435 ) ;
#1223 = CARTESIAN_POINT ( 'NONE',  ( 0.3852019626742175240, 0.6073341433407981604, 0.4490000000000000102 ) ) ;
#1224 = STYLED_ITEM ( 'NONE', ( #1477 ), #598 ) ;
#1225 = CARTESIAN_POINT ( 'NONE',  ( 0.7745711339906472537, 0.6337124709080392826, 0.4500000000000000111 ) ) ;
#1226 = CARTESIAN_POINT ( 'NONE',  ( 0.4221904372604517452, 0.6963083316676680345, 0.4490000000000000102 ) ) ;
#1227 = DIRECTION ( 'NONE',  ( 0.0000000000000000000, -1.000000000000000000, 0.0000000000000000000 ) ) ;
#1228 = SURFACE_STYLE_USAGE ( .BOTH. , #6920 ) ;
#1229 = AXIS2_PLACEMENT_3D ( 'NONE', #5105, #103, #26 ) ;
#1230 = DIRECTION ( 'NONE',  ( 1.000000000000000000, -0.0000000000000000000, 0.0000000000000000000 ) ) ;
#1231 = CARTESIAN_POINT ( 'NONE',  ( 0.9316068859921168288, 0.2378439235836211918, 0.4500000000000000666 ) ) ;
#1232 = VERTEX_POINT ( 'NONE', #6626 ) ;
#1233 = PRESENTATION_STYLE_ASSIGNMENT (( #6239 ) ) ;
#1234 = SURFACE_SIDE_STYLE ('',( #1307 ) ) ;
#1235 = MECHANICAL_DESIGN_GEOMETRIC_PRESENTATION_REPRESENTATION (  '', ( #4988 ), #3930 ) ;
#1236 = CARTESIAN_POINT ( 'NONE',  ( 0.5245556039408351134, 0.4235610710195185091, 0.4489999999999999547 ) ) ;
#1237 = PRESENTATION_STYLE_ASSIGNMENT (( #6141 ) ) ;
#1238 = CARTESIAN_POINT ( 'NONE',  ( 0.4900000000000002132, 0.8000000000000000444, 0.0000000000000000000 ) ) ;
#1239 = CARTESIAN_POINT ( 'NONE',  ( 0.4185174315939425571, 0.5631959780197450804, 0.4490000000000000102 ) ) ;
#1240 = STYLED_ITEM ( 'NONE', ( #469 ), #1461 ) ;
#1241 = ORIENTED_EDGE ( 'NONE', *, *, #3862, .T. ) ;
#1242 = SHAPE_DEFINITION_REPRESENTATION ( #1960, #1208 ) ;
#1243 = ORIENTED_EDGE ( 'NONE', *, *, #4617, .T. ) ;
#1244 = CARTESIAN_POINT ( 'NONE',  ( 0.5862985183406226319, 0.5536320685238536043, 0.4489999999999999547 ) ) ;
#1245 =( GEOMETRIC_REPRESENTATION_CONTEXT ( 3 ) GLOBAL_UNCERTAINTY_ASSIGNED_CONTEXT ( ( #31 ) ) GLOBAL_UNIT_ASSIGNED_CONTEXT ( ( #2965, #6254, #4663 ) ) REPRESENTATION_CONTEXT ( 'NONE', 'WORKASPACE' ) );
#1246 = EDGE_CURVE ( 'NONE', #5975, #3166, #2399, .T. ) ;
#1247 = CARTESIAN_POINT ( 'NONE',  ( 0.5522982064269944535, 0.3459781109829264678, 0.4489999999999997882 ) ) ;
#1248 = CARTESIAN_POINT ( 'NONE',  ( 0.4658664633513164288, 0.5580369805005179762, 0.4499999999999963474 ) ) ;
#1249 = ADVANCED_FACE ( 'NONE', ( #5597 ), #2675, .T. ) ;
#1250 = ORIENTED_EDGE ( 'NONE', *, *, #3040, .T. ) ;
#1251 = PRESENTATION_LAYER_ASSIGNMENT (  '', '', ( #6836 ) ) ;
#1252 = CARTESIAN_POINT ( 'NONE',  ( 0.4145364431801650817, 0.7059439165444613140, 0.4489999999999998437 ) ) ;
#1253 = CARTESIAN_POINT ( 'NONE',  ( 0.6700341166346834854, 0.4248126023884322144, 0.4489999999999999547 ) ) ;
#1254 = DIRECTION ( 'NONE',  ( -1.000000000000000000, -0.0000000000000000000, 0.0000000000000000000 ) ) ;
#1255 = CARTESIAN_POINT ( 'NONE',  ( 0.5868257023039027409, 0.7067883732634460126, 0.4499999999999978462 ) ) ;
#1256 = UNCERTAINTY_MEASURE_WITH_UNIT (LENGTH_MEASURE( 1.000000000000000082E-05 ), #6693, 'distance_accuracy_value', 'NONE');
#1257 = VECTOR ( 'NONE', #2366, 1000.000000000000000 ) ;
#1258 = CARTESIAN_POINT ( 'NONE',  ( 0.3893039230481275537, 0.7686746356585583140, 0.4490000000000067826 ) ) ;
#1259 = EDGE_CURVE ( 'NONE', #5400, #3995, #2106, .T. ) ;
#1260 = CARTESIAN_POINT ( 'NONE',  ( 0.3464934455449085737, 0.5693667663504171639, 0.4489999999999998992 ) ) ;
#1261 = DIRECTION ( 'NONE',  ( -2.551063935260018380E-16, -1.000000000000000000, 0.0000000000000000000 ) ) ;
#1262 = ORIENTED_EDGE ( 'NONE', *, *, #4617, .F. ) ;
#1263 = ORIENTED_EDGE ( 'NONE', *, *, #1927, .F. ) ;
#1264 = CARTESIAN_POINT ( 'NONE',  ( 0.8289671305312019678, 0.3792372562627240873, 0.4500000000000002331 ) ) ;
#1265 = PRESENTATION_LAYER_ASSIGNMENT (  '', '', ( #4434 ) ) ;
#1266 = PRESENTATION_STYLE_ASSIGNMENT (( #2318 ) ) ;
#1267 =( LENGTH_UNIT ( ) NAMED_UNIT ( * ) SI_UNIT ( .MILLI., .METRE. ) );
#1268 = CARTESIAN_POINT ( 'NONE',  ( 0.4380422834920877362, 0.6272597781607480716, 0.4489999999999999547 ) ) ;
#1269 = SURFACE_SIDE_STYLE ('',( #2360 ) ) ;
#1270 = CARTESIAN_POINT ( 'NONE',  ( 0.6583089891651693337, 0.3097133355415008227, 0.4489999999999999547 ) ) ;
#1271 = CARTESIAN_POINT ( 'NONE',  ( 0.8046898258158016182, 0.4208945351565296367, 0.4500000000000002887 ) ) ;
#1272 = CARTESIAN_POINT ( 'NONE',  ( 0.3644651930778529114, 0.6252258171476035020, 0.4499999999999988454 ) ) ;
#1273 = SURFACE_STYLE_FILL_AREA ( #831 ) ;
#1274 = CARTESIAN_POINT ( 'NONE',  ( 0.8675320939355212202, 0.3459799466075555441, 0.4490000000000000102 ) ) ;
#1275 = UNCERTAINTY_MEASURE_WITH_UNIT (LENGTH_MEASURE( 1.000000000000000082E-05 ), #6484, 'distance_accuracy_value', 'NONE');
#1276 = DIRECTION ( 'NONE',  ( 0.4276104714197611067, 0.9039630992093481421, 0.0000000000000000000 ) ) ;
#1277 = FILL_AREA_STYLE_COLOUR ( '', #7019 ) ;
#1278 = ORIENTED_EDGE ( 'NONE', *, *, #2944, .T. ) ;
#1279 = ORIENTED_EDGE ( 'NONE', *, *, #1423, .F. ) ;
#1280 = SURFACE_SIDE_STYLE ('',( #3451 ) ) ;
#1281 = CARTESIAN_POINT ( 'NONE',  ( 0.5716513547428652142, 0.3984115321368533191, 0.4499999999999996780 ) ) ;
#1282 = CARTESIAN_POINT ( 'NONE',  ( 0.5281996065165129872, 0.7147885280549062248, 0.4490000000000067271 ) ) ;
#1283 = CARTESIAN_POINT ( 'NONE',  ( 0.7746873033888143079, 0.6289177996009415184, 0.4489999999999999547 ) ) ;
#1284 = PLANE ( 'NONE',  #3098 ) ;
#1285 = VECTOR ( 'NONE', #6801, 1000.000000000000227 ) ;
#1286 = CARTESIAN_POINT ( 'NONE',  ( 0.4660067478332587942, 0.5659520544086338312, 0.4489999999999023661 ) ) ;
#1287 = CARTESIAN_POINT ( 'NONE',  ( 0.7074644933611362596, 0.3904732823088865046, 0.4489999999999997327 ) ) ;
#1288 = CARTESIAN_POINT ( 'NONE',  ( 0.8811778216320120816, 0.2233522504467898850, 0.4489999999999999547 ) ) ;
#1289 = EDGE_CURVE ( 'NONE', #548, #1945, #942, .T. ) ;
#1290 = STYLED_ITEM ( 'NONE', ( #2229 ), #1208 ) ;
#1291 = CARTESIAN_POINT ( 'NONE',  ( 0.6354651200179058934, 0.4302876490299005208, 0.4490000000000074487 ) ) ;
#1292 = CARTESIAN_POINT ( 'NONE',  ( 0.4900000000000002132, 0.8000000000000000444, -0.005000000000000013115 ) ) ;
#1293 = ORIENTED_EDGE ( 'NONE', *, *, #3093, .F. ) ;
#1294 = ORIENTED_EDGE ( 'NONE', *, *, #5731, .T. ) ;
#1295 = LINE ( 'NONE', #1329, #1889 ) ;
#1296 = DIRECTION ( 'NONE',  ( 1.000000000000000000, -0.0000000000000000000, 0.0000000000000000000 ) ) ;
#1297 = CARTESIAN_POINT ( 'NONE',  ( 0.3905531219314042901, 0.7210465710875713086, 0.4490000000000000102 ) ) ;
#1298 = EDGE_CURVE ( 'NONE', #6840, #1101, #3731, .T. ) ;
#1299 = AXIS2_PLACEMENT_3D ( 'NONE', #2709, #7152, #2674 ) ;
#1300 = CARTESIAN_POINT ( 'NONE',  ( 0.6382085206697972746, 0.4906369669353432550, 0.4500000000000000666 ) ) ;
#1301 = CARTESIAN_POINT ( 'NONE',  ( 0.7663868907844854084, 0.3661388260093618174, 0.4500000000000001221 ) ) ;
#1302 = CARTESIAN_POINT ( 'NONE',  ( 0.3167546110811221283, 0.7016888165614115769, 0.4500000000000000666 ) ) ;
#1303 = VECTOR ( 'NONE', #6160, 1000.000000000000000 ) ;
#1304 = VECTOR ( 'NONE', #6151, 1000.000000000000000 ) ;
#1305 =( LENGTH_UNIT ( ) NAMED_UNIT ( * ) SI_UNIT ( .MILLI., .METRE. ) );
#1306 = CARTESIAN_POINT ( 'NONE',  ( 0.6009609090461859315, 0.3504771685080497190, 0.4490000000000131108 ) ) ;
#1307 = SURFACE_STYLE_FILL_AREA ( #5126 ) ;
#1308 = CARTESIAN_POINT ( 'NONE',  ( 0.3643185150002698491, 0.7050534951584471743, 0.4500000000000006772 ) ) ;
#1309 = CARTESIAN_POINT ( 'NONE',  ( 0.8542939059135163937, 0.3330209362220513114, 0.4490000000000000102 ) ) ;
#1310 = VECTOR ( 'NONE', #6178, 999.9999999999998863 ) ;
#1311 = FILL_AREA_STYLE ('',( #6316 ) ) ;
#1312 =( LENGTH_UNIT ( ) NAMED_UNIT ( * ) SI_UNIT ( .MILLI., .METRE. ) );
#1313 = ORIENTED_EDGE ( 'NONE', *, *, #289, .T. ) ;
#1314 = EDGE_LOOP ( 'NONE', ( #5860, #3368, #6803, #1725 ) ) ;
#1315 = FILL_AREA_STYLE ('',( #4031 ) ) ;
#1316 = VECTOR ( 'NONE', #6926, 1000.000000000000000 ) ;
#1317 = CARTESIAN_POINT ( 'NONE',  ( 0.6145203665121119485, 0.5408655028980988710, 0.4489999999999999547 ) ) ;
#1318 = CARTESIAN_POINT ( 'NONE',  ( 0.6207702821908558377, 0.4288828795116081949, 0.4499999999999996225 ) ) ;
#1319 = CARTESIAN_POINT ( 'NONE',  ( 0.3464934455449085737, 0.5693667663504171639, 0.4489999999999998992 ) ) ;
#1320 = CARTESIAN_POINT ( 'NONE',  ( 0.7019626821467945810, 0.2924874969662429325, 0.4489999999999998437 ) ) ;
#1321 = VERTEX_POINT ( 'NONE', #4906 ) ;
#1322 = CARTESIAN_POINT ( 'NONE',  ( 0.7170979501901444397, 0.6731074947781113815, 0.4499999999999993450 ) ) ;
#1323 = CARTESIAN_POINT ( 'NONE',  ( 0.8840612838281711738, 0.2343764110749117224, 0.4500000000000001776 ) ) ;
#1324 = CARTESIAN_POINT ( 'NONE',  ( 0.4660067478332587942, 0.5659520544086338312, 0.4499999999999999001 ) ) ;
#1325 = CARTESIAN_POINT ( 'NONE',  ( 0.6207702821908558377, 0.4288828795116081949, 0.4490000000000072822 ) ) ;
#1326 = VECTOR ( 'NONE', #1465, 1000.000000000000000 ) ;
#1327 = VERTEX_POINT ( 'NONE', #4863 ) ;
#1328 = ORIENTED_EDGE ( 'NONE', *, *, #4567, .F. ) ;
#1329 = CARTESIAN_POINT ( 'NONE',  ( 0.6370954898204381767, 0.7212993600977364306, 0.4495000000000000107 ) ) ;
#1330 =( NAMED_UNIT ( * ) PLANE_ANGLE_UNIT ( ) SI_UNIT ( $, .RADIAN. ) );
#1331 = CARTESIAN_POINT ( 'NONE',  ( 0.4237115755576177367, 0.6941626079609842792, 0.4500000000000001221 ) ) ;
#1332 = FILL_AREA_STYLE_COLOUR ( '', #145 ) ;
#1333 = CARTESIAN_POINT ( 'NONE',  ( 0.6333424222889073585, 0.4907472433660212685, 0.4500000000000000111 ) ) ;
#1334 = EDGE_CURVE ( 'NONE', #4000, #4595, #2685, .T. ) ;
#1335 = COLOUR_RGB ( '',1.000000000000000000, 1.000000000000000000, 1.000000000000000000 ) ;
#1336 = ADVANCED_FACE ( 'NONE', ( #3133 ), #4942, .F. ) ;
#1337 = CARTESIAN_POINT ( 'NONE',  ( 0.5991816723169032244, 0.3353666265750742115, 0.4495000000000048401 ) ) ;
#1338 = CARTESIAN_POINT ( 'NONE',  ( 0.4045780452424467821, 0.6571675825870526566, 0.4494999999999866880 ) ) ;
#1339 =( NAMED_UNIT ( * ) SI_UNIT ( $, .STERADIAN. ) SOLID_ANGLE_UNIT ( ) );
#1340 = UNCERTAINTY_MEASURE_WITH_UNIT (LENGTH_MEASURE( 1.000000000000000082E-05 ), #5572, 'distance_accuracy_value', 'NONE');
#1341 = CARTESIAN_POINT ( 'NONE',  ( 0.7743198028758304652, 0.6148355572665664681, 0.4500000000000006217 ) ) ;
#1342 = CARTESIAN_POINT ( 'NONE',  ( 0.5474170042435151373, 0.6291828069460271289, 0.4489999999999999547 ) ) ;
#1343 = EDGE_CURVE ( 'NONE', #1539, #4062, #505, .T. ) ;
#1344 = ORIENTED_EDGE ( 'NONE', *, *, #3542, .T. ) ;
#1345 = MECHANICAL_DESIGN_GEOMETRIC_PRESENTATION_REPRESENTATION (  '', ( #4522 ), #6022 ) ;
#1346 = CARTESIAN_POINT ( 'NONE',  ( 0.6724098249795475990, 0.5445605382225171542, 0.4489999999999997882 ) ) ;
#1347 = CARTESIAN_POINT ( 'NONE',  ( 0.5899915143836494957, 0.4162122405584776641, 0.4499999999999995670 ) ) ;
#1348 = FACE_OUTER_BOUND ( 'NONE', #6684, .T. ) ;
#1349 = ORIENTED_EDGE ( 'NONE', *, *, #5904, .T. ) ;
#1350 = PRESENTATION_STYLE_ASSIGNMENT (( #1871 ) ) ;
#1351 = CARTESIAN_POINT ( 'NONE',  ( 0.6651515504901444054, 0.3677453652535627171, 0.4490000000000106128 ) ) ;
#1352 = LINE ( 'NONE', #3600, #2580 ) ;
#1353 = MECHANICAL_DESIGN_GEOMETRIC_PRESENTATION_REPRESENTATION (  '', ( #3835 ), #6834 ) ;
#1354 = CARTESIAN_POINT ( 'NONE',  ( 0.4100477107691551937, 0.5837595703951855564, 0.4500000000000001221 ) ) ;
#1355 = CARTESIAN_POINT ( 'NONE',  ( 0.8529315247656621413, 0.2760378438518398259, 0.4489999999999999547 ) ) ;
#1356 = COLOUR_RGB ( '',1.000000000000000000, 1.000000000000000000, 1.000000000000000000 ) ;
#1357 = CARTESIAN_POINT ( 'NONE',  ( 0.8978943593030291881, 0.3156593899349411370, 0.4499999999999999556 ) ) ;
#1358 = CARTESIAN_POINT ( 'NONE',  ( 1.240000000000000213, 0.05895042793126351738, 0.4399999999999999467 ) ) ;
#1359 = CARTESIAN_POINT ( 'NONE',  ( 0.5516923560775870428, 0.3353666265750742115, 0.4489999999999999547 ) ) ;
#1360 = ORIENTED_EDGE ( 'NONE', *, *, #1916, .F. ) ;
#1361 = ORIENTED_EDGE ( 'NONE', *, *, #3943, .T. ) ;
#1362 = DIRECTION ( 'NONE',  ( -0.0000000000000000000, 0.0000000000000000000, 1.000000000000000000 ) ) ;
#1363 = CARTESIAN_POINT ( 'NONE',  ( 0.7349990763863167853, 0.5306120911875025214, 0.4490000000000084479 ) ) ;
#1364 = CARTESIAN_POINT ( 'NONE',  ( 0.6216589397215321888, 0.3797402999403546309, 0.4499999999999986233 ) ) ;
#1365 = STYLED_ITEM ( 'NONE', ( #1237 ), #2190 ) ;
#1366 = CARTESIAN_POINT ( 'NONE',  ( 0.5000562596548264738, 0.6251668211438349276, 0.4489999999999999547 ) ) ;
#1367 = CARTESIAN_POINT ( 'NONE',  ( 0.9315620838335807452, 0.2398415753997744926, 0.4500000000000001221 ) ) ;
#1368 = CARTESIAN_POINT ( 'NONE',  ( 0.6410921530975469684, 0.5382100566629300920, 0.4499999999999995670 ) ) ;
#1369 = PRESENTATION_LAYER_ASSIGNMENT (  '', '', ( #463 ) ) ;
#1370 = CARTESIAN_POINT ( 'NONE',  ( 0.7907352074419575771, 0.1653601555346154162, 0.4489999999999997327 ) ) ;
#1371 = ADVANCED_FACE ( 'NONE', ( #3873 ), #6088, .T. ) ;
#1372 = CARTESIAN_POINT ( 'NONE',  ( 0.3382509323193431672, 0.5041448940283227431, 0.4499999999999996225 ) ) ;
#1373 = LINE ( 'NONE', #1236, #387 ) ;
#1374 = CARTESIAN_POINT ( 'NONE',  ( 0.8620632258701498296, 0.3388166586738850516, 0.4489999999999998437 ) ) ;
#1375 = FILL_AREA_STYLE ('',( #3590 ) ) ;
#1376 = ORIENTED_EDGE ( 'NONE', *, *, #3943, .F. ) ;
#1377 = ORIENTED_EDGE ( 'NONE', *, *, #1416, .T. ) ;
#1378 = CARTESIAN_POINT ( 'NONE',  ( 0.8856437475344749455, 0.4189029941506529076, 0.4499999999999963474 ) ) ;
#1379 = ADVANCED_FACE ( 'NONE', ( #1654 ), #3743, .T. ) ;
#1380 = CARTESIAN_POINT ( 'NONE',  ( 0.5772612432725883203, 0.4050226469377988803, 0.4490000000000000102 ) ) ;
#1381 = CARTESIAN_POINT ( 'NONE',  ( 0.3762653764281002067, 0.5401066718142728540, 0.4489999999999999547 ) ) ;
#1382 = CARTESIAN_POINT ( 'NONE',  ( 0.7524283316082216455, 0.5517620972877614882, 0.4500000000000000666 ) ) ;
#1383 = EDGE_LOOP ( 'NONE', ( #5293, #6938, #5726, #1241 ) ) ;
#1384 = EDGE_LOOP ( 'NONE', ( #5429, #4918, #4958, #1810 ) ) ;
#1385 = CARTESIAN_POINT ( 'NONE',  ( 0.8704571831291668671, 0.3596678140306925897, 0.4489999999999998992 ) ) ;
#1386 = CARTESIAN_POINT ( 'NONE',  ( 0.8900000000000001243, 0.04999999999999999584, -0.005000000000000013115 ) ) ;
#1387 = CARTESIAN_POINT ( 'NONE',  ( 0.8811778216320120816, 0.2233522504467898850, 0.4500000000000000666 ) ) ;
#1388 = CARTESIAN_POINT ( 'NONE',  ( 0.8471954435716310128, 0.2778820474699633669, 0.4500000000000000666 ) ) ;
#1389 = CARTESIAN_POINT ( 'NONE',  ( 0.3686430492488570465, 0.6913005286340613287, 0.4500000000000000666 ) ) ;
#1390 = SURFACE_SIDE_STYLE ('',( #3086 ) ) ;
#1391 = COLOUR_RGB ( '',1.000000000000000000, 1.000000000000000000, 1.000000000000000000 ) ;
#1392 = ORIENTED_EDGE ( 'NONE', *, *, #498, .T. ) ;
#1393 = ORIENTED_EDGE ( 'NONE', *, *, #6509, .F. ) ;
#1394 = DIRECTION ( 'NONE',  ( 0.4277665239595013769, 0.9038892636709462414, 0.0000000000000000000 ) ) ;
#1395 =( LENGTH_UNIT ( ) NAMED_UNIT ( * ) SI_UNIT ( .MILLI., .METRE. ) );
#1396 = CARTESIAN_POINT ( 'NONE',  ( 0.9118125835148894742, 0.1833301969255166364, 0.4499999999999948486 ) ) ;
#1397 = DIRECTION ( 'NONE',  ( -1.000000000000000000, 2.519953399464156897E-16, 2.799948221626842572E-17 ) ) ;
#1398 = FILL_AREA_STYLE ('',( #4233 ) ) ;
#1399 = MECHANICAL_DESIGN_GEOMETRIC_PRESENTATION_REPRESENTATION (  '', ( #5040 ), #2926 ) ;
#1400 = CARTESIAN_POINT ( 'NONE',  ( 0.4440404566294671174, 0.5118494217481494024, 0.4499999999999996780 ) ) ;
#1401 = CARTESIAN_POINT ( 'NONE',  ( 0.7721898415516871284, 0.3852913190602409443, 0.4490000000000074487 ) ) ;
#1402 = CARTESIAN_POINT ( 'NONE',  ( 1.159999999999999920, -9.743819811261404877E-17, 1.082646645695712389E-17 ) ) ;
#1403 = CARTESIAN_POINT ( 'NONE',  ( 0.5300085800649206869, 0.5421925328511559838, 0.4490000000000060609 ) ) ;
#1404 = COLOUR_RGB ( '',1.000000000000000000, 1.000000000000000000, 1.000000000000000000 ) ;
#1405 = CARTESIAN_POINT ( 'NONE',  ( 0.5024050922740211922, 0.6574224831614670084, 0.4500000000000001776 ) ) ;
#1406 = UNCERTAINTY_MEASURE_WITH_UNIT (LENGTH_MEASURE( 1.000000000000000082E-05 ), #5022, 'distance_accuracy_value', 'NONE');
#1407 = CARTESIAN_POINT ( 'NONE',  ( 0.6681864312693811536, 0.3616257467424339178, 0.4489999999999998992 ) ) ;
#1408 =( GEOMETRIC_REPRESENTATION_CONTEXT ( 3 ) GLOBAL_UNCERTAINTY_ASSIGNED_CONTEXT ( ( #4580 ) ) GLOBAL_UNIT_ASSIGNED_CONTEXT ( ( #5660, #4974, #1619 ) ) REPRESENTATION_CONTEXT ( 'NONE', 'WORKASPACE' ) );
#1409 = CARTESIAN_POINT ( 'NONE',  ( 0.8588807131728966038, 0.2024273514961398290, 0.4489999999999997882 ) ) ;
#1410 = VERTEX_POINT ( 'NONE', #6912 ) ;
#1411 = EDGE_CURVE ( 'NONE', #2241, #3825, #56, .T. ) ;
#1412 = CARTESIAN_POINT ( 'NONE',  ( 0.6872522516101335910, 0.7063655087495971374, 0.4500000000000001776 ) ) ;
#1413 = COLOUR_RGB ( '',0.5607843137254902022, 0.5607843137254902022, 0.5607843137254902022 ) ;
#1414 = PRESENTATION_LAYER_ASSIGNMENT (  '', '', ( #6551 ) ) ;
#1415 =( GEOMETRIC_REPRESENTATION_CONTEXT ( 3 ) GLOBAL_UNCERTAINTY_ASSIGNED_CONTEXT ( ( #1406 ) ) GLOBAL_UNIT_ASSIGNED_CONTEXT ( ( #5022, #4991, #1635 ) ) REPRESENTATION_CONTEXT ( 'NONE', 'WORKASPACE' ) );
#1416 = EDGE_CURVE ( 'NONE', #2266, #113, #3568, .T. ) ;
#1417 = DIRECTION ( 'NONE',  ( 7.637335868867623465E-14, -9.393509090954893408E-13, -1.000000000000000000 ) ) ;
#1418 = CARTESIAN_POINT ( 'NONE',  ( 0.7442367656880989335, 0.5408714507489825740, 0.4500000000000001776 ) ) ;
#1419 = SURFACE_STYLE_FILL_AREA ( #3596 ) ;
#1420 = EDGE_LOOP ( 'NONE', ( #6738, #2501, #4925, #1212 ) ) ;
#1421 = VECTOR ( 'NONE', #4912, 1000.000000000000000 ) ;
#1422 = ORIENTED_EDGE ( 'NONE', *, *, #5019, .T. ) ;
#1423 = EDGE_CURVE ( 'NONE', #462, #6973, #6871, .T. ) ;
#1424 = CARTESIAN_POINT ( 'NONE',  ( 0.4045780452424467821, 0.6571675825870526566, 0.4500000000000000666 ) ) ;
#1425 = CARTESIAN_POINT ( 'NONE',  ( 0.8438364532998092749, 0.3828559428143903376, 0.4489999999999999547 ) ) ;
#1426 = SURFACE_STYLE_USAGE ( .BOTH. , #1027 ) ;
#1427 = COLOUR_RGB ( '',1.000000000000000000, 1.000000000000000000, 1.000000000000000000 ) ;
#1428 = PRESENTATION_STYLE_ASSIGNMENT (( #2276 ) ) ;
#1429 = CARTESIAN_POINT ( 'NONE',  ( 0.4169498034455125235, 0.5723327687254197160, 0.4489999999999998992 ) ) ;
#1430 = COLOUR_RGB ( '',0.5607843137254902022, 0.5607843137254902022, 0.5607843137254902022 ) ;
#1431 = CARTESIAN_POINT ( 'NONE',  ( 0.8831488889321758018, 0.2468838296208004379, 0.4489999999999998437 ) ) ;
#1432 = SURFACE_STYLE_FILL_AREA ( #3124 ) ;
#1433 = EDGE_LOOP ( 'NONE', ( #1487, #7073, #6895, #4621 ) ) ;
#1434 =( NAMED_UNIT ( * ) PLANE_ANGLE_UNIT ( ) SI_UNIT ( $, .RADIAN. ) );
#1435 = PLANE ( 'NONE',  #3430 ) ;
#1436 = VECTOR ( 'NONE', #923, 1000.000000000000000 ) ;
#1437 = CARTESIAN_POINT ( 'NONE',  ( 0.9315620838335807452, 0.2398415753997744926, 0.4490000000000000657 ) ) ;
#1438 = CARTESIAN_POINT ( 'NONE',  ( 2.049819732355406574E-16, 0.7910495720687361620, 0.4400000000000000022 ) ) ;
#1439 = CARTESIAN_POINT ( 'NONE',  ( 0.7208104100682093396, 0.5939017185906994012, 0.4499999999999995670 ) ) ;
#1440 = COLOUR_RGB ( '',1.000000000000000000, 1.000000000000000000, 1.000000000000000000 ) ;
#1441 = CARTESIAN_POINT ( 'NONE',  ( 0.3856482992913177199, 0.6739913811735904758, 0.4499999999999998446 ) ) ;
#1442 = CARTESIAN_POINT ( 'NONE',  ( 0.5534529269811031549, 0.7401114113219193769, 0.4500000000000000666 ) ) ;
#1443 = CARTESIAN_POINT ( 'NONE',  ( 0.3107397054048466334, 0.5334028934129164679, 0.4499999999999996780 ) ) ;
#1444 = CARTESIAN_POINT ( 'NONE',  ( 0.5849995436459157760, 0.7583593316718039157, 0.4490000000000000657 ) ) ;
#1445 = AXIS2_PLACEMENT_3D ( 'NONE', #3094, #3649, #3175 ) ;
#1446 = CARTESIAN_POINT ( 'NONE',  ( 0.6358056874077152587, 0.3828559428143903376, 0.4489999999999999547 ) ) ;
#1447 = CARTESIAN_POINT ( 'NONE',  ( 0.8550495181345957318, 0.2012040623607240786, 0.4500000000000003997 ) ) ;
#1448 = CARTESIAN_POINT ( 'NONE',  ( 0.8625437579128081289, 0.2039608209101769487, 0.4490000000000001767 ) ) ;
#1449 = ORIENTED_EDGE ( 'NONE', *, *, #4266, .F. ) ;
#1450 = DIRECTION ( 'NONE',  ( 0.0000000000000000000, -1.000000000000000000, 0.0000000000000000000 ) ) ;
#1451 = CARTESIAN_POINT ( 'NONE',  ( 0.6401730467978860029, 0.7212133370895610351, 0.4490000000000000102 ) ) ;
#1452 = STYLED_ITEM ( 'NONE', ( #6830 ), #896 ) ;
#1453 = CARTESIAN_POINT ( 'NONE',  ( 0.8289671305312019678, 0.3792372562627240873, 0.4489999999999993441 ) ) ;
#1454 = CARTESIAN_POINT ( 'NONE',  ( 0.6655063300653769609, 0.4928982751255281403, 0.4500000000000001776 ) ) ;
#1455 = AXIS2_PLACEMENT_3D ( 'NONE', #6199, #6737, #1190 ) ;
#1456 = CARTESIAN_POINT ( 'NONE',  ( 0.8441544621139117632, 0.4303452590537065747, 0.4490000000000219371 ) ) ;
#1457 = ORIENTED_EDGE ( 'NONE', *, *, #729, .T. ) ;
#1458 = ORIENTED_EDGE ( 'NONE', *, *, #2730, .T. ) ;
#1459 = CARTESIAN_POINT ( 'NONE',  ( 0.3913156787240187895, 0.6689202435831720361, 0.4499999999999998446 ) ) ;
#1460 = CARTESIAN_POINT ( 'NONE',  ( 0.4492011101601591228, 0.5173105109569352544, 0.4489999999999999547 ) ) ;
#1461 = ADVANCED_FACE ( 'NONE', ( #5437 ), #5944, .T. ) ;
#1462 = CARTESIAN_POINT ( 'NONE',  ( 0.3955140905922453487, 0.7684474544987284217, 0.4489999999999999547 ) ) ;
#1463 = UNCERTAINTY_MEASURE_WITH_UNIT (LENGTH_MEASURE( 1.000000000000000082E-05 ), #6977, 'distance_accuracy_value', 'NONE');
#1464 = EDGE_CURVE ( 'NONE', #3995, #3744, #3241, .T. ) ;
#1465 = DIRECTION ( 'NONE',  ( 1.000000000000000000, -0.0000000000000000000, 0.0000000000000000000 ) ) ;
#1466 = FACE_OUTER_BOUND ( 'NONE', #7109, .T. ) ;
#1467 = CARTESIAN_POINT ( 'NONE',  ( 1.160000000000000142, -0.09999999999999999167, 0.1650000000000000078 ) ) ;
#1468 = ORIENTED_EDGE ( 'NONE', *, *, #2815, .T. ) ;
#1469 = VECTOR ( 'NONE', #571, 1000.000000000000000 ) ;
#1470 = CARTESIAN_POINT ( 'NONE',  ( 0.8763431035552328163, 0.1582392343312819805, 0.4499999999999997335 ) ) ;
#1471 = CARTESIAN_POINT ( 'NONE',  ( 0.8900000000000001243, -0.09999999999999999167, -0.005000000000000013115 ) ) ;
#1472 = CARTESIAN_POINT ( 'NONE',  ( 0.8495402042329589509, 0.1523829929221840185, 0.4499999999999947931 ) ) ;
#1473 = CARTESIAN_POINT ( 'NONE',  ( 0.4164613178157194895, 0.5537016110146545378, 0.4500000000000001776 ) ) ;
#1474 = COLOUR_RGB ( '',1.000000000000000000, 1.000000000000000000, 1.000000000000000000 ) ;
#1475 = EDGE_CURVE ( 'NONE', #1049, #7006, #6916, .T. ) ;
#1476 = DIRECTION ( 'NONE',  ( 0.0000000000000000000, -0.9938837346736192346, -0.1104315260748429672 ) ) ;
#1477 = PRESENTATION_STYLE_ASSIGNMENT (( #5408 ) ) ;
#1478 = CARTESIAN_POINT ( 'NONE',  ( 0.9316068859921168288, 0.2378439235836211918, 0.4489999999999357283 ) ) ;
#1479 = SURFACE_STYLE_FILL_AREA ( #5984 ) ;
#1480 = CARTESIAN_POINT ( 'NONE',  ( 0.4022069131233205197, 0.6592481288252860505, 0.4499999999999996780 ) ) ;
#1481 = LINE ( 'NONE', #6420, #5534 ) ;
#1482 = CARTESIAN_POINT ( 'NONE',  ( 0.6286822395389578544, 0.7686666966775210774, 0.4489999999999998992 ) ) ;
#1483 = SURFACE_SIDE_STYLE ('',( #3812 ) ) ;
#1484 = CARTESIAN_POINT ( 'NONE',  ( 0.6021662316168909790, 0.3549868542116395020, 0.4489999999999998437 ) ) ;
#1485 = CARTESIAN_POINT ( 'NONE',  ( 0.8468020139239418320, 0.1997573513955349933, 0.4500000000000002887 ) ) ;
#1486 = CARTESIAN_POINT ( 'NONE',  ( 0.5722409547152408349, 0.5650236739246543571, 0.4500000000000001776 ) ) ;
#1487 = ORIENTED_EDGE ( 'NONE', *, *, #5559, .T. ) ;
#1488 = CARTESIAN_POINT ( 'NONE',  ( 0.3544593302431795490, 0.5573236532942394961, 0.4500000000000004552 ) ) ;
#1489 = CARTESIAN_POINT ( 'NONE',  ( 0.7257136939080760518, 0.6480106290913730804, 0.4489999999999998437 ) ) ;
#1490 = CARTESIAN_POINT ( 'NONE',  ( 0.6908754528982463672, 0.5004405971207950277, 0.4490000000000000102 ) ) ;
#1491 = CARTESIAN_POINT ( 'NONE',  ( 0.6625340714462883973, 0.2377776190614239726, 0.4499999999999999001 ) ) ;
#1492 = ORIENTED_EDGE ( 'NONE', *, *, #4847, .T. ) ;
#1493 = VERTEX_POINT ( 'NONE', #1389 ) ;
#1494 = CARTESIAN_POINT ( 'NONE',  ( 0.3692515313927786647, 0.6905323485969336872, 0.4490000000000000102 ) ) ;
#1495 = CARTESIAN_POINT ( 'NONE',  ( 0.4111686596913720071, 0.4935308224767661067, 0.4490000000000000102 ) ) ;
#1496 = CARTESIAN_POINT ( 'NONE',  ( 0.3861865354935153372, 0.7687886763370527232, 0.4500000000000000666 ) ) ;
#1497 = CARTESIAN_POINT ( 'NONE',  ( 0.09000000000000023259, -0.09999999999999993616, -0.005000000000000013115 ) ) ;
#1498 = DIRECTION ( 'NONE',  ( -0.0000000000000000000, 1.000000000000000000, -1.224646799147353207E-16 ) ) ;
#1499 = SURFACE_SIDE_STYLE ('',( #7090 ) ) ;
#1500 = CARTESIAN_POINT ( 'NONE',  ( 0.3856565208033442271, 0.7212993600977364306, 0.4489999999999999547 ) ) ;
#1501 = ORIENTED_EDGE ( 'NONE', *, *, #5146, .T. ) ;
#1502 = CARTESIAN_POINT ( 'NONE',  ( 0.9301984899307609300, 0.2205933839716863465, 0.4490000000000002323 ) ) ;
#1503 = CARTESIAN_POINT ( 'NONE',  ( 0.7950398674913784491, 0.7145151720635484205, 0.4489999999999999547 ) ) ;
#1504 = CARTESIAN_POINT ( 'NONE',  ( 0.8589264417421468290, 0.1535792072804661734, 0.4499999999999946265 ) ) ;
#1505 = CARTESIAN_POINT ( 'NONE',  ( 1.250000000000000444, 0.8009884094154721135, 0.4411043152607484474 ) ) ;
#1506 = PRESENTATION_STYLE_ASSIGNMENT (( #862 ) ) ;
#1507 = SURFACE_SIDE_STYLE ('',( #1479 ) ) ;
#1508 = ADVANCED_FACE ( 'NONE', ( #1466 ), #69, .T. ) ;
#1509 = CARTESIAN_POINT ( 'NONE',  ( 0.8218607484706454969, 0.1535358991094895320, 0.4500000000000007883 ) ) ;
#1510 = CARTESIAN_POINT ( 'NONE',  ( 0.5934029968068332828, 0.7616287507010536251, 0.4500000000000000666 ) ) ;
#1511 = VECTOR ( 'NONE', #1883, 1000.000000000000000 ) ;
#1512 = DIRECTION ( 'NONE',  ( 0.0000000000000000000, 0.0000000000000000000, -1.000000000000000000 ) ) ;
#1513 = CARTESIAN_POINT ( 'NONE',  ( 0.5766858339748921480, 0.7546155061835940758, 0.4500000000000000111 ) ) ;
#1514 = AXIS2_PLACEMENT_3D ( 'NONE', #4156, #1227, #6881 ) ;
#1515 = CARTESIAN_POINT ( 'NONE',  ( 0.6380495162627459749, 0.5381262831746594921, 0.4500000000000000666 ) ) ;
#1516 = CARTESIAN_POINT ( 'NONE',  ( 0.6009609090461859315, 0.3504771685080497190, 0.4490000000000000657 ) ) ;
#1517 = CARTESIAN_POINT ( 'NONE',  ( 0.6278896101003242913, 0.7210523456751634086, 0.4500000000000001221 ) ) ;
#1518 = STYLED_ITEM ( 'NONE', ( #1956 ), #7170 ) ;
#1519 = CARTESIAN_POINT ( 'NONE',  ( 0.5492171668513514682, 0.6080802833161661480, 0.4499999999999997335 ) ) ;
#1520 = ORIENTED_EDGE ( 'NONE', *, *, #3728, .F. ) ;
#1521 = FILL_AREA_STYLE ('',( #2625 ) ) ;
#1522 = PRESENTATION_STYLE_ASSIGNMENT (( #4286 ) ) ;
#1523 = STYLED_ITEM ( 'NONE', ( #1534 ), #5417 ) ;
#1524 = CARTESIAN_POINT ( 'NONE',  ( 0.4068036938194940499, 0.6552413960062841713, 0.4489999999999998437 ) ) ;
#1525 = CARTESIAN_POINT ( 'NONE',  ( 0.6908754528982463672, 0.5004405971207950277, 0.4500000000000001221 ) ) ;
#1526 = CARTESIAN_POINT ( 'NONE',  ( 0.9178787902455733949, 0.3678561982975944167, 0.4490000000000088365 ) ) ;
#1527 = ORIENTED_EDGE ( 'NONE', *, *, #5947, .T. ) ;
#1528 = CARTESIAN_POINT ( 'NONE',  ( 0.3865575457766348699, 0.4906369669353432550, 0.4489999999998587898 ) ) ;
#1529 = EDGE_LOOP ( 'NONE', ( #6783, #1449, #5506, #4774, #6647, #3933, #2564, #6137, #1781, #835, #6001, #6373, #2739, #4656, #3712, #211 ) ) ;
#1530 =( LENGTH_UNIT ( ) NAMED_UNIT ( * ) SI_UNIT ( .MILLI., .METRE. ) );
#1531 = VECTOR ( 'NONE', #6386, 999.9999999999998863 ) ;
#1532 = CARTESIAN_POINT ( 'NONE',  ( 2.107184268924837894E-17, 0.05895042793126380881, 0.4399999999999999467 ) ) ;
#1533 = AXIS2_PLACEMENT_3D ( 'NONE', #368, #2579, #4827 ) ;
#1534 = PRESENTATION_STYLE_ASSIGNMENT (( #7086 ) ) ;
#1535 = LINE ( 'NONE', #4374, #2534 ) ;
#1536 = UNCERTAINTY_MEASURE_WITH_UNIT (LENGTH_MEASURE( 1.000000000000000082E-05 ), #5496, 'distance_accuracy_value', 'NONE');
#1537 = VECTOR ( 'NONE', #6139, 1000.000000000000000 ) ;
#1538 = ORIENTED_EDGE ( 'NONE', *, *, #2357, .T. ) ;
#1539 = VERTEX_POINT ( 'NONE', #1574 ) ;
#1540 = MECHANICAL_DESIGN_GEOMETRIC_PRESENTATION_REPRESENTATION (  '', ( #631 ), #1415 ) ;
#1541 = CARTESIAN_POINT ( 'NONE',  ( 0.8431333627575814393, 0.1522575925277634967, 0.4490000000000000102 ) ) ;
#1542 = SURFACE_STYLE_USAGE ( .BOTH. , #28 ) ;
#1543 = MECHANICAL_DESIGN_GEOMETRIC_PRESENTATION_REPRESENTATION (  '', ( #4720 ), #55 ) ;
#1544 = DIRECTION ( 'NONE',  ( -0.0000000000000000000, -0.0000000000000000000, 1.000000000000000000 ) ) ;
#1545 = LINE ( 'NONE', #1505, #4812 ) ;
#1546 = CARTESIAN_POINT ( 'NONE',  ( 1.240000000000000213, 0.7803050650922879194, 0.5367005627880322427 ) ) ;
#1547 = CARTESIAN_POINT ( 'NONE',  ( 0.004142135623731170793, 0.7964058202037462841, 0.4499999999999999556 ) ) ;
#1548 = CARTESIAN_POINT ( 'NONE',  ( 0.5245556039408351134, 0.3989153879265698310, 0.4489999999999999547 ) ) ;
#1549 = FACE_BOUND ( 'NONE', #4265, .T. ) ;
#1550 = EDGE_CURVE ( 'NONE', #2906, #5861, #6045, .T. ) ;
#1551 = CARTESIAN_POINT ( 'NONE',  ( 0.5399759500496672526, 0.7282639320672215089, 0.4489999999999998992 ) ) ;
#1552 = LINE ( 'NONE', #4874, #1015 ) ;
#1553 = UNCERTAINTY_MEASURE_WITH_UNIT (LENGTH_MEASURE( 1.000000000000000082E-05 ), #6847, 'distance_accuracy_value', 'NONE');
#1554 = CARTESIAN_POINT ( 'NONE',  ( 0.6284404296937929901, 0.3821416946245264068, 0.4490000000000000657 ) ) ;
#1555 = EDGE_CURVE ( 'NONE', #5749, #4842, #4421, .T. ) ;
#1556 = CARTESIAN_POINT ( 'NONE',  ( 0.5476568297407428121, 0.6388645171009157409, 0.4499999999999999556 ) ) ;
#1557 = PRESENTATION_STYLE_ASSIGNMENT (( #3703 ) ) ;
#1558 = STYLED_ITEM ( 'NONE', ( #2302 ), #2989 ) ;
#1559 = ORIENTED_EDGE ( 'NONE', *, *, #3079, .T. ) ;
#1560 = CARTESIAN_POINT ( 'NONE',  ( 0.6798149741723394923, 0.7110638708022737342, 0.4489999999999997882 ) ) ;
#1561 = MECHANICAL_DESIGN_GEOMETRIC_PRESENTATION_REPRESENTATION (  '', ( #3808 ), #4143 ) ;
#1562 = DIRECTION ( 'NONE',  ( 0.9038892636709462414, -0.4277665239595013769, 0.0000000000000000000 ) ) ;
#1563 = ADVANCED_FACE ( 'NONE', ( #4523 ), #4376, .F. ) ;
#1564 =( LENGTH_UNIT ( ) NAMED_UNIT ( * ) SI_UNIT ( .MILLI., .METRE. ) );
#1565 = CARTESIAN_POINT ( 'NONE',  ( 0.9178787902455733949, 0.3678561982975943612, 0.4499999999999999001 ) ) ;
#1566 = DIRECTION ( 'NONE',  ( -1.000000000000000000, 0.0000000000000000000, -0.0000000000000000000 ) ) ;
#1567 = EDGE_LOOP ( 'NONE', ( #6646, #847, #1012, #2818, #275, #5705 ) ) ;
#1568 = CARTESIAN_POINT ( 'NONE',  ( 0.3692515313927786647, 0.6905323485969336872, 0.4500000000000001221 ) ) ;
#1569 = CARTESIAN_POINT ( 'NONE',  ( 0.3179336485781905086, 0.7149785559936955304, 0.4500000000000011213 ) ) ;
#1570 = CARTESIAN_POINT ( 'NONE',  ( 0.6278896101003242913, 0.7210523456751634086, 0.4490000000000006208 ) ) ;
#1571 = SURFACE_STYLE_FILL_AREA ( #6504 ) ;
#1572 = CARTESIAN_POINT ( 'NONE',  ( 0.4495433732112826819, 0.7376579224657012768, 0.4500000000000000111 ) ) ;
#1573 = VECTOR ( 'NONE', #4189, 1000.000000000000000 ) ;
#1574 = CARTESIAN_POINT ( 'NONE',  ( 1.159999999999999920, -0.09999999999999999167, 0.1650000000000000078 ) ) ;
#1575 = EDGE_LOOP ( 'NONE', ( #2749, #3487 ) ) ;
#1576 = CARTESIAN_POINT ( 'NONE',  ( 0.8934925498514032505, 0.3012946789347525356, 0.4499999999999990674 ) ) ;
#1577 = CARTESIAN_POINT ( 'NONE',  ( 0.7743425574011557622, 0.6431465355791458061, 0.4499999999999999556 ) ) ;
#1578 = LINE ( 'NONE', #1034, #5766 ) ;
#1579 = CARTESIAN_POINT ( 'NONE',  ( 0.8978943593030291881, 0.3156593899349411370, 0.4500000000000002887 ) ) ;
#1580 = DIRECTION ( 'NONE',  ( 0.0000000000000000000, 0.0000000000000000000, 1.000000000000000000 ) ) ;
#1581 = CARTESIAN_POINT ( 'NONE',  ( 0.4646237292664576191, 0.5820624308311258543, 0.4500000000000001221 ) ) ;
#1582 = CARTESIAN_POINT ( 'NONE',  ( 0.3031862350127459416, 0.5469775285005141763, 0.4489999999999418345 ) ) ;
#1583 = CARTESIAN_POINT ( 'NONE',  ( 0.8468020139239418320, 0.1997573513955349933, 0.4489999999999999547 ) ) ;
#1584 = CARTESIAN_POINT ( 'NONE',  ( 0.7518259030861340619, 0.2403879940964416539, 0.4489999999999730873 ) ) ;
#1585 = PRESENTATION_STYLE_ASSIGNMENT (( #2213 ) ) ;
#1586 = VECTOR ( 'NONE', #3595, 1000.000000000000000 ) ;
#1587 = FILL_AREA_STYLE_COLOUR ( '', #6322 ) ;
#1588 = CARTESIAN_POINT ( 'NONE',  ( 0.7722861579850248681, 0.1820039817375624924, 0.4500000000000000111 ) ) ;
#1589 = CARTESIAN_POINT ( 'NONE',  ( 0.6155419848623348011, 0.3756708329161146387, 0.4490000000000000102 ) ) ;
#1590 = CARTESIAN_POINT ( 'NONE',  ( 0.5509093676230965020, 0.6572315382995600475, 0.4500000000000000111 ) ) ;
#1591 = ORIENTED_EDGE ( 'NONE', *, *, #3981, .F. ) ;
#1592 = SURFACE_STYLE_USAGE ( .BOTH. , #3400 ) ;
#1593 = B_SPLINE_CURVE_WITH_KNOTS ( 'NONE', 3,
 ( #6902, #6861, #3494, #4558, #102, #243, #5212, #5685, #5715, #6324, #2897, #3006, #1210, #5136, #3998, #3454, #1248, #708, #6829 ),
 .UNSPECIFIED., .F., .F.,
 ( 4, 1, 1, 1, 1, 1, 1, 1, 1, 1, 1, 1, 1, 1, 1, 1, 4 ),
 ( 0.0000000000000000000, 8.651656230113376569E-06, 1.693466092851044871E-05, 2.491439989056311945E-05, 3.269835180215698364E-05, 4.025507560021352832E-05, 4.778195587426809345E-05, 5.527361809818466575E-05, 6.286803708244194345E-05, 7.044762320296102289E-05, 7.778887359693844922E-05, 8.512092058103677326E-05, 9.238202055326188934E-05, 9.969639529991187901E-05, 0.0001072103689742074278, 0.0001149216942566472812, 0.0001229373147862887700 ),
 .UNSPECIFIED. ) ;
#1594 = CARTESIAN_POINT ( 'NONE',  ( 0.7148128668492125248, 0.3261758017669613152, 0.4499999999999971245 ) ) ;
#1595 = EDGE_CURVE ( 'NONE', #6856, #5861, #5175, .T. ) ;
#1596 = CARTESIAN_POINT ( 'NONE',  ( 0.8205959956882327155, 0.3728286728184617149, 0.4500000000000000111 ) ) ;
#1597 = MECHANICAL_DESIGN_GEOMETRIC_PRESENTATION_REPRESENTATION (  '', ( #6963 ), #5823 ) ;
#1598 = CARTESIAN_POINT ( 'NONE',  ( 0.8800617820237567335, 0.2548223278241482093, 0.4500000000000000111 ) ) ;
#1599 = CARTESIAN_POINT ( 'NONE',  ( 0.8134626639248524471, 0.3607973521932674732, 0.4489999999999992886 ) ) ;
#1600 = ORIENTED_EDGE ( 'NONE', *, *, #2443, .T. ) ;
#1601 = PRESENTATION_LAYER_ASSIGNMENT (  '', '', ( #2419 ) ) ;
#1602 = CARTESIAN_POINT ( 'NONE',  ( 0.7012325757451521868, 0.5643769210681790494, 0.4490000000000001212 ) ) ;
#1603 =( NAMED_UNIT ( * ) PLANE_ANGLE_UNIT ( ) SI_UNIT ( $, .RADIAN. ) );
#1604 = CARTESIAN_POINT ( 'NONE',  ( 0.8703882334341055405, 0.3538704813126220539, 0.4489999999999997327 ) ) ;
#1605 = CARTESIAN_POINT ( 'NONE',  ( 0.3856565208033442826, 0.7212993600977365416, 0.4495000000000000662 ) ) ;
#1606 = EDGE_CURVE ( 'NONE', #5072, #3760, #313, .T. ) ;
#1607 = CARTESIAN_POINT ( 'NONE',  ( 0.09000000000000023259, -0.09999999999999993616, -0.005000000000000013115 ) ) ;
#1608 = UNCERTAINTY_MEASURE_WITH_UNIT (LENGTH_MEASURE( 1.000000000000000082E-05 ), #1866, 'distance_accuracy_value', 'NONE');
#1609 = CARTESIAN_POINT ( 'NONE',  ( 0.3283163568263117726, 0.5119707156052474284, 0.4500000000000000666 ) ) ;
#1610 =( NAMED_UNIT ( * ) PLANE_ANGLE_UNIT ( ) SI_UNIT ( $, .RADIAN. ) );
#1611 = ORIENTED_EDGE ( 'NONE', *, *, #5425, .T. ) ;
#1612 = CARTESIAN_POINT ( 'NONE',  ( 0.6901258815826423199, 0.7588412652339595610, 0.4500000000000000666 ) ) ;
#1613 = FILL_AREA_STYLE_COLOUR ( '', #4607 ) ;
#1614 = PRESENTATION_STYLE_ASSIGNMENT (( #6653 ) ) ;
#1615 = B_SPLINE_SURFACE_WITH_KNOTS ( 'NONE', 3, 1, ( 
 ( #4053, #1302 ),
 ( #1780, #2913 ),
 ( #159, #5265 ),
 ( #263, #2396 ),
 ( #6848, #5775 ),
 ( #1853, #4088 ),
 ( #6309, #2471 ),
 ( #2985, #5231 ),
 ( #6382, #5339 ),
 ( #901, #3097 ),
 ( #3136, #3733 ),
 ( #4790, #6453 ),
 ( #7065, #5451 ),
 ( #3178, #3692 ),
 ( #5955, #4199 ),
 ( #6488, #5411 ),
 ( #366, #1968 ),
 ( #334, #6922 ),
 ( #5916, #3057 ) ),
 .UNSPECIFIED., .F., .F., .F.,
 ( 4, 1, 1, 1, 1, 1, 1, 1, 1, 1, 1, 1, 1, 1, 1, 1, 4 ),
 ( 2, 2 ),
 ( 0.0000000000000000000, 0.06317288010652137575, 0.1244573597770006201, 0.1848409152554606749, 0.2445668214643685889, 0.3043191726186555979, 0.3651997864614177081, 0.4274209827764751113, 0.4912616890772873446, 0.5554990019310215299, 0.6186045181428793116, 0.6804947639253087210, 0.7424733052606058425, 0.8049906647647703251, 0.8682519711837799470, 0.9328872172654759654, 0.9999999999999998890 ),
 ( 0.0000000000000000000, 1.000000000000000000 ),
 .UNSPECIFIED. ) ;
#1616 = CARTESIAN_POINT ( 'NONE',  ( 0.5399154292587392545, 0.7280551800658080497, 0.4489999999999998992 ) ) ;
#1617 = CARTESIAN_POINT ( 'NONE',  ( 1.250000000000000222, 0.7910495720687358290, 0.4400000000000000577 ) ) ;
#1618 =( NAMED_UNIT ( * ) SI_UNIT ( $, .STERADIAN. ) SOLID_ANGLE_UNIT ( ) );
#1619 =( NAMED_UNIT ( * ) SI_UNIT ( $, .STERADIAN. ) SOLID_ANGLE_UNIT ( ) );
#1620 = CARTESIAN_POINT ( 'NONE',  ( 0.8651015384221079074, 0.3422706663032345498, 0.4499999999999999556 ) ) ;
#1621 = FACE_OUTER_BOUND ( 'NONE', #699, .T. ) ;
#1622 = FACE_BOUND ( 'NONE', #1529, .T. ) ;
#1623 = PRESENTATION_STYLE_ASSIGNMENT (( #516 ) ) ;
#1624 = CARTESIAN_POINT ( 'NONE',  ( 0.7672730432113925580, 0.1887518972885491308, 0.4490000000000002323 ) ) ;
#1625 = FILL_AREA_STYLE_COLOUR ( '', #4638 ) ;
#1626 = CARTESIAN_POINT ( 'NONE',  ( 0.5574245616368681544, 0.6738309775418339642, 0.4489999999999998992 ) ) ;
#1627 = CARTESIAN_POINT ( 'NONE',  ( 0.7600000000000002309, 0.8500000000000000888, -7.877415301576980184E-18 ) ) ;
#1628 = ORIENTED_EDGE ( 'NONE', *, *, #5776, .F. ) ;
#1629 = CARTESIAN_POINT ( 'NONE',  ( 0.7600000000000002309, 0.8316666666666665542, 0.1650000000000000078 ) ) ;
#1630 = CARTESIAN_POINT ( 'NONE',  ( 0.7019626821467945810, 0.2924874969662429325, 0.4499999999999969025 ) ) ;
#1631 = CARTESIAN_POINT ( 'NONE',  ( 0.01000000000000002623, 0.009938837346736187350, -0.001104315260748466032 ) ) ;
#1632 =( GEOMETRIC_REPRESENTATION_CONTEXT ( 3 ) GLOBAL_UNCERTAINTY_ASSIGNED_CONTEXT ( ( #5459 ) ) GLOBAL_UNIT_ASSIGNED_CONTEXT ( ( #4554, #3448, #564 ) ) REPRESENTATION_CONTEXT ( 'NONE', 'WORKASPACE' ) );
#1633 = FILL_AREA_STYLE ('',( #2193 ) ) ;
#1634 = FACE_OUTER_BOUND ( 'NONE', #1204, .T. ) ;
#1635 =( NAMED_UNIT ( * ) SI_UNIT ( $, .STERADIAN. ) SOLID_ANGLE_UNIT ( ) );
#1636 = CARTESIAN_POINT ( 'NONE',  ( 0.9061061006282998820, 0.3991328626693183002, 0.4490000000000000102 ) ) ;
#1637 = VERTEX_POINT ( 'NONE', #6288 ) ;
#1638 = CARTESIAN_POINT ( 'NONE',  ( 0.3861865354935153372, 0.7687886763370527232, 0.4500000000000000666 ) ) ;
#1639 = CARTESIAN_POINT ( 'NONE',  ( 0.7179049629151939005, 0.3510020599351168502, 0.4490000000000236025 ) ) ;
#1640 =( GEOMETRIC_REPRESENTATION_CONTEXT ( 3 ) GLOBAL_UNCERTAINTY_ASSIGNED_CONTEXT ( ( #6506 ) ) GLOBAL_UNIT_ASSIGNED_CONTEXT ( ( #4577, #700, #4648 ) ) REPRESENTATION_CONTEXT ( 'NONE', 'WORKASPACE' ) );
#1641 = EDGE_CURVE ( 'NONE', #1410, #4248, #1593, .T. ) ;
#1642 = SURFACE_STYLE_USAGE ( .BOTH. , #1753 ) ;
#1643 = CARTESIAN_POINT ( 'NONE',  ( 0.3236469948460475310, 0.5166028786717218324, 0.4500000000000001221 ) ) ;
#1644 = EDGE_CURVE ( 'NONE', #1862, #3429, #2557, .T. ) ;
#1645 = CARTESIAN_POINT ( 'NONE',  ( 0.3701929160589207957, 0.7160898182743561380, 0.4489999999999998992 ) ) ;
#1646 = AXIS2_PLACEMENT_3D ( 'NONE', #1631, #4548, #6205 ) ;
#1647 = COLOUR_RGB ( '',1.000000000000000000, 1.000000000000000000, 1.000000000000000000 ) ;
#1648 = ORIENTED_EDGE ( 'NONE', *, *, #196, .T. ) ;
#1649 = CARTESIAN_POINT ( 'NONE',  ( 0.9153087687276725282, 0.2846261654083217518, 0.4499999999999991229 ) ) ;
#1650 = CARTESIAN_POINT ( 'NONE',  ( 0.7271979871494980152, 0.6295538172291467172, 0.4500000000000000666 ) ) ;
#1651 = DIRECTION ( 'NONE',  ( 1.000000000000000000, -0.0000000000000000000, 0.0000000000000000000 ) ) ;
#1652 = CARTESIAN_POINT ( 'NONE',  ( 0.6625340714462885083, 0.2377776190614239726, 0.4490000000000640701 ) ) ;
#1653 = B_SPLINE_CURVE_WITH_KNOTS ( 'NONE', 3,
 ( #362, #1963, #3645, #1473, #5840, #3092, #823, #2572, #4271, #6550, #4786 ),
 .UNSPECIFIED., .F., .F.,
 ( 4, 1, 1, 1, 1, 1, 1, 1, 4 ),
 ( 0.0000000000000000000, 4.871571568947151676E-06, 9.686136376940178753E-06, 1.476348859232915985E-05, 2.025762919256576447E-05, 2.597355304122855578E-05, 3.159305138126871325E-05, 3.741378223588837749E-05, 4.360508983493865530E-05 ),
 .UNSPECIFIED. ) ;
#1654 = FACE_OUTER_BOUND ( 'NONE', #7121, .T. ) ;
#1655 = ADVANCED_FACE ( 'NONE', ( #5247 ), #533, .T. ) ;
#1656 = CARTESIAN_POINT ( 'NONE',  ( 1.250000000000000222, 0.7910495720687359400, 0.4399999999999999467 ) ) ;
#1657 = SURFACE_STYLE_FILL_AREA ( #1111 ) ;
#1658 = STYLED_ITEM ( 'NONE', ( #77 ), #3588 ) ;
#1659 =( NAMED_UNIT ( * ) PLANE_ANGLE_UNIT ( ) SI_UNIT ( $, .RADIAN. ) );
#1660 = CARTESIAN_POINT ( 'NONE',  ( 0.8228156980740949367, 0.3254584310069631448, 0.4499999999999999001 ) ) ;
#1661 =( LENGTH_UNIT ( ) NAMED_UNIT ( * ) SI_UNIT ( .MILLI., .METRE. ) );
#1662 = SURFACE_STYLE_USAGE ( .BOTH. , #4431 ) ;
#1663 = VECTOR ( 'NONE', #6893, 1000.000000000000000 ) ;
#1664 = CARTESIAN_POINT ( 'NONE',  ( 0.7154097230649222317, 0.3710029353280774322, 0.4490000000000085034 ) ) ;
#1665 = CARTESIAN_POINT ( 'NONE',  ( 0.8218607484706454969, 0.1535358991094895320, 0.4500000000000001776 ) ) ;
#1666 = VECTOR ( 'NONE', #474, 1000.000000000000000 ) ;
#1667 = CARTESIAN_POINT ( 'NONE',  ( 0.8266828704557714902, 0.2019047022156224835, 0.4489999999999998437 ) ) ;
#1668 = CARTESIAN_POINT ( 'NONE',  ( 0.3472358494932596962, 0.7577312446372790333, 0.4490000000000057834 ) ) ;
#1669 = CARTESIAN_POINT ( 'NONE',  ( 0.8675328512497202382, 0.2685663445577742281, 0.4500000000000000666 ) ) ;
#1670 = SURFACE_SIDE_STYLE ('',( #6668 ) ) ;
#1671 = DIRECTION ( 'NONE',  ( 1.000000000000000000, -0.0000000000000000000, 0.0000000000000000000 ) ) ;
#1672 = B_SPLINE_CURVE_WITH_KNOTS ( 'NONE', 3,
 ( #2840, #6698, #4396, #5562, #7136, #1119, #555, #4503, #3360, #1703, #587, #1664, #6095, #5047, #7171 ),
 .UNSPECIFIED., .F., .F.,
 ( 4, 1, 1, 1, 1, 1, 1, 1, 1, 1, 1, 1, 4 ),
 ( 1.084202172485504434E-19, 1.130076315506395918E-05, 2.206173798022122485E-05, 3.247788509124091371E-05, 4.273679257442927634E-05, 5.297044603604761761E-05, 6.322879609109572621E-05, 7.367659975614419365E-05, 8.453649288970773183E-05, 9.539441122195534736E-05, 0.0001058274263763693936, 0.0001160310007488300760, 0.0001261041406570301965 ),
 .UNSPECIFIED. ) ;
#1673 = CARTESIAN_POINT ( 'NONE',  ( 0.7019840185080535866, 0.7530358383880206841, 0.4490000000000062830 ) ) ;
#1674 = FILL_AREA_STYLE_COLOUR ( '', #837 ) ;
#1675 = DIRECTION ( 'NONE',  ( 0.0000000000000000000, -0.0000000000000000000, 1.000000000000000000 ) ) ;
#1676 =( NAMED_UNIT ( * ) PLANE_ANGLE_UNIT ( ) SI_UNIT ( $, .RADIAN. ) );
#1677 = CARTESIAN_POINT ( 'NONE',  ( 0.4380422834920877362, 0.6272597781607480716, 0.4500000000000001776 ) ) ;
#1678 = CARTESIAN_POINT ( 'NONE',  ( 0.4660067478332587942, 0.5659520544086338312, 0.4499999999999999001 ) ) ;
#1679 = VERTEX_POINT ( 'NONE', #5932 ) ;
#1680 = SURFACE_SIDE_STYLE ('',( #3343 ) ) ;
#1681 = CARTESIAN_POINT ( 'NONE',  ( 0.3852019626742175240, 0.6073341433407981604, 0.4499999999999995115 ) ) ;
#1682 = CARTESIAN_POINT ( 'NONE',  ( 0.9375078162093271050, 0.7620044883028647131, 0.4489999999999999547 ) ) ;
#1683 = B_SPLINE_SURFACE_WITH_KNOTS ( 'NONE', 3, 1, ( 
 ( #1844, #2312 ),
 ( #1260, #6155 ),
 ( #6691, #5145 ),
 ( #6263, #2348 ),
 ( #4602, #4564 ),
 ( #3426, #4080 ),
 ( #4008, #2385 ),
 ( #4634, #6301 ),
 ( #5658, #3505 ),
 ( #654, #6799 ),
 ( #4045, #5112 ) ),
 .UNSPECIFIED., .F., .F., .F.,
 ( 4, 1, 1, 1, 1, 1, 1, 1, 4 ),
 ( 2, 2 ),
 ( 0.0000000000000000000, 0.1604579205559356903, 0.3076115473748592954, 0.4421388877557700381, 0.5662291941703347931, 0.6812222080152130488, 0.7895580052436292906, 0.8950288924051351680, 1.000000000000000000 ),
 ( 0.0000000000000000000, 1.000000000000000000 ),
 .UNSPECIFIED. ) ;
#1684 = CARTESIAN_POINT ( 'NONE',  ( 0.3107397054048465779, 0.5334028934129164679, 0.4489999999999989000 ) ) ;
#1685 = CARTESIAN_POINT ( 'NONE',  ( 0.3435314924495284084, 0.5009632211042646110, 0.4500000000000000111 ) ) ;
#1686 = CARTESIAN_POINT ( 'NONE',  ( 2.168404344971008868E-16, 0.8500000000000000888, 0.4500000000000000666 ) ) ;
#1687 = ORIENTED_EDGE ( 'NONE', *, *, #6552, .T. ) ;
#1688 = ORIENTED_EDGE ( 'NONE', *, *, #4307, .T. ) ;
#1689 = EDGE_CURVE ( 'NONE', #1141, #5765, #5895, .T. ) ;
#1690 = DIRECTION ( 'NONE',  ( -2.551063935260010491E-16, -1.000000000000000000, 0.0000000000000000000 ) ) ;
#1691 = CARTESIAN_POINT ( 'NONE',  ( 0.7979407045173340096, 0.4165870977184409352, 0.4490000000000112790 ) ) ;
#1692 = VECTOR ( 'NONE', #6370, 1000.000000000000000 ) ;
#1693 = ADVANCED_FACE ( 'NONE', ( #4805 ), #4449, .T. ) ;
#1694 = CARTESIAN_POINT ( 'NONE',  ( 0.004142135623730973035, 0.05895042793126384351, 0.4500000000000000111 ) ) ;
#1695 = PRESENTATION_STYLE_ASSIGNMENT (( #1730 ) ) ;
#1696 = DIRECTION ( 'NONE',  ( -0.0000000000000000000, 0.0000000000000000000, 1.000000000000000000 ) ) ;
#1697 = CYLINDRICAL_SURFACE ( 'NONE', #3517, 0.01000000000000002623 ) ;
#1698 = PRESENTATION_LAYER_ASSIGNMENT (  '', '', ( #4873 ) ) ;
#1699 = FACE_OUTER_BOUND ( 'NONE', #538, .T. ) ;
#1700 = CARTESIAN_POINT ( 'NONE',  ( 0.7743425574011557622, 0.6431465355791458061, 0.4499999999999999556 ) ) ;
#1701 = CARTESIAN_POINT ( 'NONE',  ( 0.6601365735976367777, 0.4280597760131801266, 0.4499999999999998446 ) ) ;
#1702 = ADVANCED_FACE ( 'NONE', ( #1019 ), #5090, .T. ) ;
#1703 = CARTESIAN_POINT ( 'NONE',  ( 0.7074644933611363706, 0.3904732823088865046, 0.4490000000000082814 ) ) ;
#1704 = PRESENTATION_STYLE_ASSIGNMENT (( #3879 ) ) ;
#1705 = CARTESIAN_POINT ( 'NONE',  ( 0.3244713371634093124, 0.7332057302294440193, 0.4490000000000060609 ) ) ;
#1706 = SURFACE_STYLE_USAGE ( .BOTH. , #4506 ) ;
#1707 = CARTESIAN_POINT ( 'NONE',  ( 0.9061061006282998820, 0.3991328626693183002, 0.4490000000000088920 ) ) ;
#1708 = EDGE_LOOP ( 'NONE', ( #3382, #5610, #3008 ) ) ;
#1709 = PRESENTATION_LAYER_ASSIGNMENT (  '', '', ( #7179 ) ) ;
#1710 = CARTESIAN_POINT ( 'NONE',  ( 0.8266828704557714902, 0.2019047022156224835, 0.4499999999999995670 ) ) ;
#1711 = CARTESIAN_POINT ( 'NONE',  ( 0.7648536225169888514, 0.6830632954575400761, 0.4490000000000061720 ) ) ;
#1712 = CARTESIAN_POINT ( 'NONE',  ( 0.3549509030861340841, 0.3794638487972963325, 0.4489999999999999547 ) ) ;
#1713 = CARTESIAN_POINT ( 'NONE',  ( 0.3657632027656212426, 0.1733941372588348462, 0.4500000000000000666 ) ) ;
#1714 = STYLED_ITEM ( 'NONE', ( #3303 ), #1874 ) ;
#1715 = CARTESIAN_POINT ( 'NONE',  ( 0.3642439273204383099, 0.7039678797291467616, 0.4500000000000001221 ) ) ;
#1716 = CARTESIAN_POINT ( 'NONE',  ( 0.4386579898204382433, 0.6266387364332065557, 0.4489999999999999547 ) ) ;
#1717 = CARTESIAN_POINT ( 'NONE',  ( 0.3865575457766348699, 0.4906369669353432550, 0.4489999999999999547 ) ) ;
#1718 = ORIENTED_EDGE ( 'NONE', *, *, #7044, .T. ) ;
#1719 = CARTESIAN_POINT ( 'NONE',  ( 0.3933831812245353055, 0.6002726013350815348, 0.4499999999999994005 ) ) ;
#1720 =( NAMED_UNIT ( * ) SI_UNIT ( $, .STERADIAN. ) SOLID_ANGLE_UNIT ( ) );
#1721 = MECHANICAL_DESIGN_GEOMETRIC_PRESENTATION_REPRESENTATION (  '', ( #689 ), #6044 ) ;
#1722 = PRESENTATION_STYLE_ASSIGNMENT (( #1642 ) ) ;
#1723 = CARTESIAN_POINT ( 'NONE',  ( 0.3044190385293000234, 0.5446161642154427884, 0.4490000000000000657 ) ) ;
#1724 = CARTESIAN_POINT ( 'NONE',  ( 0.6097883184963581726, 0.4930244314124606619, 0.4499999999999992339 ) ) ;
#1725 = ORIENTED_EDGE ( 'NONE', *, *, #799, .T. ) ;
#1726 = CARTESIAN_POINT ( 'NONE',  ( 0.9075299340832003736, 0.2922909808955425626, 0.4499999999999988454 ) ) ;
#1727 =( NAMED_UNIT ( * ) PLANE_ANGLE_UNIT ( ) SI_UNIT ( $, .RADIAN. ) );
#1728 = CARTESIAN_POINT ( 'NONE',  ( 0.4513200641529059309, 0.6117205963620716558, 0.4500000000000003997 ) ) ;
#1729 = CARTESIAN_POINT ( 'NONE',  ( 0.01000000000000002623, 0.04901159058452757983, 0.4411043152607484474 ) ) ;
#1730 = SURFACE_STYLE_USAGE ( .BOTH. , #6725 ) ;
#1731 = CARTESIAN_POINT ( 'NONE',  ( 0.4386579898204382433, 0.6266387364332065557, 0.4489999999999999547 ) ) ;
#1732 = ORIENTED_EDGE ( 'NONE', *, *, #2902, .T. ) ;
#1733 = PRODUCT_RELATED_PRODUCT_CATEGORY ( 'part', '', ( #7117 ) ) ;
#1734 = CARTESIAN_POINT ( 'NONE',  ( 0.6648750962851461832, 0.7664743542067063986, 0.4489999999999999547 ) ) ;
#1735 = SURFACE_STYLE_FILL_AREA ( #6732 ) ;
#1736 = LINE ( 'NONE', #2148, #6777 ) ;
#1737 = CARTESIAN_POINT ( 'NONE',  ( 0.7564474798783690224, 0.2122595783576748385, 0.4489999999999999547 ) ) ;
#1738 = DIRECTION ( 'NONE',  ( 0.0000000000000000000, -0.9938837346736186795, -0.1104315260748483241 ) ) ;
#1739 = CARTESIAN_POINT ( 'NONE',  ( 0.4068036938194940499, 0.6552413960062841713, 0.4489999999999998437 ) ) ;
#1740 = CARTESIAN_POINT ( 'NONE',  ( 0.8818567377913242300, 0.2509424009896661922, 0.4500000000000001776 ) ) ;
#1741 = PLANE ( 'NONE',  #549 ) ;
#1742 = EDGE_CURVE ( 'NONE', #7006, #5390, #478, .T. ) ;
#1743 = B_SPLINE_SURFACE_WITH_KNOTS ( 'NONE', 3, 1, ( 
 ( #4330, #3267 ),
 ( #604, #1058 ),
 ( #4447, #3297 ),
 ( #5026, #19 ),
 ( #6680, #7186 ),
 ( #6177, #6640 ),
 ( #6111, #5576 ),
 ( #3376, #3411 ),
 ( #97, #5645 ),
 ( #1602, #1024 ),
 ( #641, #5507 ),
 ( #1751, #2783 ),
 ( #2232, #3927 ),
 ( #3996, #491 ),
 ( #2855, #566 ),
 ( #5098, #4478 ),
 ( #4556, #5541 ),
 ( #2300, #2704 ),
 ( #7149, #2163 ) ),
 .UNSPECIFIED., .F., .F., .F.,
 ( 4, 1, 1, 1, 1, 1, 1, 1, 1, 1, 1, 1, 1, 1, 1, 1, 4 ),
 ( 2, 2 ),
 ( 0.0000000000000000000, 0.06414744487667151107, 0.1262121152536826441, 0.1868412890216903655, 0.2469358694509781738, 0.3072563614860033265, 0.3681505022006760219, 0.4300707669516563580, 0.4938754417369539129, 0.5579806818508441513, 0.6208695259285353929, 0.6825247313751576783, 0.7440356981057700825, 0.8058886825781879093, 0.8689681377436664356, 0.9332474288479393199, 0.9999999999999998890 ),
 ( 0.0000000000000000000, 1.000000000000000000 ),
 .UNSPECIFIED. ) ;
#1744 = EDGE_LOOP ( 'NONE', ( #818, #2449, #3572, #5318 ) ) ;
#1745 = CARTESIAN_POINT ( 'NONE',  ( 0.6100679570239647687, 0.3700845530095455693, 0.4490000000000130553 ) ) ;
#1746 = PRESENTATION_STYLE_ASSIGNMENT (( #6674 ) ) ;
#1747 = MECHANICAL_DESIGN_GEOMETRIC_PRESENTATION_REPRESENTATION (  '', ( #253 ), #1164 ) ;
#1748 = B_SPLINE_CURVE_WITH_KNOTS ( 'NONE', 3,
 ( #230, #2431, #6310, #5739, #730, #163, #4056, #6774, #6887, #1745, #2363, #5778, #6277, #6347, #1306, #1782, #4021, #1854, #1337 ),
 .UNSPECIFIED., .F., .F.,
 ( 4, 1, 1, 1, 1, 1, 1, 1, 1, 1, 1, 1, 1, 1, 1, 1, 4 ),
 ( 0.0000000000000000000, 3.786096035696345963E-06, 7.453538061846625291E-06, 1.105901045198887224E-05, 1.463844451280052491E-05, 1.826390934669782680E-05, 2.199077029299504669E-05, 2.583371389247166911E-05, 2.983068161567136638E-05, 3.398381080086933194E-05, 3.818410722872583651E-05, 4.251988892616483849E-05, 4.700035414384033547E-05, 5.168857483556356613E-05, 5.656498520594654419E-05, 6.166305920906079980E-05, 6.704986726123877733E-05 ),
 .UNSPECIFIED. ) ;
#1749 = ORIENTED_EDGE ( 'NONE', *, *, #4614, .F. ) ;
#1750 = VERTEX_POINT ( 'NONE', #5409 ) ;
#1751 = CARTESIAN_POINT ( 'NONE',  ( 0.7125912702023687872, 0.5783392577157856485, 0.4490000000000000102 ) ) ;
#1752 = DIRECTION ( 'NONE',  ( -1.000000000000000000, 0.0000000000000000000, -0.0000000000000000000 ) ) ;
#1753 = SURFACE_SIDE_STYLE ('',( #5684 ) ) ;
#1754 = STYLED_ITEM ( 'NONE', ( #3200 ), #4753 ) ;
#1755 = SURFACE_SIDE_STYLE ('',( #3525 ) ) ;
#1756 = CARTESIAN_POINT ( 'NONE',  ( 0.5300085800649206869, 0.5421925328511559838, 0.4499999999999991784 ) ) ;
#1757 = ORIENTED_EDGE ( 'NONE', *, *, #4205, .T. ) ;
#1758 = VERTEX_POINT ( 'NONE', #3732 ) ;
#1759 =( LENGTH_UNIT ( ) NAMED_UNIT ( * ) SI_UNIT ( .MILLI., .METRE. ) );
#1760 = PRESENTATION_STYLE_ASSIGNMENT (( #4562 ) ) ;
#1761 = COLOUR_RGB ( '',1.000000000000000000, 1.000000000000000000, 1.000000000000000000 ) ;
#1762 = CARTESIAN_POINT ( 'NONE',  ( 0.6189273391622499565, 0.7198033044701083183, 0.4499999999999978462 ) ) ;
#1763 = UNCERTAINTY_MEASURE_WITH_UNIT (LENGTH_MEASURE( 1.000000000000000082E-05 ), #4113, 'distance_accuracy_value', 'NONE');
#1764 = STYLED_ITEM ( 'NONE', ( #1959 ), #5598 ) ;
#1765 = CARTESIAN_POINT ( 'NONE',  ( 0.9179282175933884957, 0.3580950648116366097, 0.4489999999999998992 ) ) ;
#1766 = CARTESIAN_POINT ( 'NONE',  ( 1.240000000000000213, 0.7910495720687359400, 0.4500000000000000666 ) ) ;
#1767 = CARTESIAN_POINT ( 'NONE',  ( 0.6358056874077153697, 0.3828559428143903376, 0.4494999999999969020 ) ) ;
#1768 = ORIENTED_EDGE ( 'NONE', *, *, #5904, .F. ) ;
#1769 = CARTESIAN_POINT ( 'NONE',  ( 0.8471954435716310128, 0.2778820474699633669, 0.4490000000000000657 ) ) ;
#1770 = CARTESIAN_POINT ( 'NONE',  ( 0.6515192660874921105, 0.7684344311807755901, 0.4500000000000000666 ) ) ;
#1771 = VECTOR ( 'NONE', #5595, 1000.000000000000000 ) ;
#1772 = VECTOR ( 'NONE', #2548, 1000.000000000000000 ) ;
#1773 = PRESENTATION_STYLE_ASSIGNMENT (( #4640 ) ) ;
#1774 = VECTOR ( 'NONE', #2781, 1000.000000000000000 ) ;
#1775 = CARTESIAN_POINT ( 'NONE',  ( 0.5021314550143107791, 0.6024708871356283524, 0.4489999999999999547 ) ) ;
#1776 = SURFACE_STYLE_FILL_AREA ( #6769 ) ;
#1777 = CARTESIAN_POINT ( 'NONE',  ( 2.168404344971008868E-16, 0.3591112846947322468, 0.4500000000000000666 ) ) ;
#1778 = VECTOR ( 'NONE', #1785, 1000.000000000000000 ) ;
#1779 = CARTESIAN_POINT ( 'NONE',  ( 0.9243717802304711739, 0.2709035056202087621, 0.4489999999999998437 ) ) ;
#1780 = CARTESIAN_POINT ( 'NONE',  ( 0.3168120025689066255, 0.7039540371222455795, 0.4489999999999998992 ) ) ;
#1781 = ORIENTED_EDGE ( 'NONE', *, *, #7055, .F. ) ;
#1782 = CARTESIAN_POINT ( 'NONE',  ( 0.6000832846895902684, 0.3456891196253094045, 0.4490000000000129998 ) ) ;
#1783 = COLOUR_RGB ( '',1.000000000000000000, 1.000000000000000000, 1.000000000000000000 ) ;
#1784 = ADVANCED_FACE ( 'NONE', ( #4309 ), #7064, .T. ) ;
#1785 = DIRECTION ( 'NONE',  ( 0.0000000000000000000, 0.0000000000000000000, 1.000000000000000000 ) ) ;
#1786 = COLOUR_RGB ( '',1.000000000000000000, 1.000000000000000000, 1.000000000000000000 ) ;
#1787 = EDGE_CURVE ( 'NONE', #4595, #4626, #970, .T. ) ;
#1788 = LINE ( 'NONE', #6105, #5549 ) ;
#1789 = CARTESIAN_POINT ( 'NONE',  ( 0.4182355159740038797, 0.5583465072597912915, 0.4499999999999998446 ) ) ;
#1790 = CARTESIAN_POINT ( 'NONE',  ( 0.4383321610251954548, 0.5068938618113542072, 0.4499999999999999556 ) ) ;
#1791 = VERTEX_POINT ( 'NONE', #899 ) ;
#1792 = FILL_AREA_STYLE ('',( #3925 ) ) ;
#1793 = VERTEX_POINT ( 'NONE', #2651 ) ;
#1794 = CARTESIAN_POINT ( 'NONE',  ( 0.9128483152016535485, 0.3873688106387151442, 0.4499999999999964029 ) ) ;
#1795 = ADVANCED_FACE ( 'NONE', ( #2107 ), #2155, .T. ) ;
#1796 = CARTESIAN_POINT ( 'NONE',  ( 0.3547475103000922170, 0.4958576717419488911, 0.4489999999999989000 ) ) ;
#1797 = SURFACE_STYLE_USAGE ( .BOTH. , #1755 ) ;
#1798 = VERTEX_POINT ( 'NONE', #1607 ) ;
#1799 = COLOUR_RGB ( '',1.000000000000000000, 1.000000000000000000, 1.000000000000000000 ) ;
#1800 = COLOUR_RGB ( '',1.000000000000000000, 1.000000000000000000, 1.000000000000000000 ) ;
#1801 = CARTESIAN_POINT ( 'NONE',  ( 0.6551740625628710291, 0.7198359827331078931, 0.4499999999999995115 ) ) ;
#1802 =( NAMED_UNIT ( * ) SI_UNIT ( $, .STERADIAN. ) SOLID_ANGLE_UNIT ( ) );
#1803 = CARTESIAN_POINT ( 'NONE',  ( 0.8620632258701498296, 0.3388166586738850516, 0.4499999999999997335 ) ) ;
#1804 = CARTESIAN_POINT ( 'NONE',  ( 0.5671664126385502769, 0.6886781167048271479, 0.4499999999999979572 ) ) ;
#1805 = MECHANICAL_DESIGN_GEOMETRIC_PRESENTATION_REPRESENTATION (  '', ( #4033 ), #769 ) ;
#1806 = SURFACE_STYLE_USAGE ( .BOTH. , #4632 ) ;
#1807 = CARTESIAN_POINT ( 'NONE',  ( 0.8546227947966713590, 0.3813065042755855449, 0.4500000000000000666 ) ) ;
#1808 = LINE ( 'NONE', #5188, #1511 ) ;
#1809 = EDGE_LOOP ( 'NONE', ( #819, #1981, #5945, #2404 ) ) ;
#1810 = ORIENTED_EDGE ( 'NONE', *, *, #6872, .F. ) ;
#1811 = CARTESIAN_POINT ( 'NONE',  ( 0.8205959956882327155, 0.3728286728184617149, 0.4500000000000001776 ) ) ;
#1812 = AXIS2_PLACEMENT_3D ( 'NONE', #1358, #5325, #3605 ) ;
#1813 = CARTESIAN_POINT ( 'NONE',  ( 0.4999276880041989002, 0.6298188245742321056, 0.4500000000000000666 ) ) ;
#1814 = MECHANICAL_DESIGN_GEOMETRIC_PRESENTATION_REPRESENTATION (  '', ( #6943 ), #7168 ) ;
#1815 = CARTESIAN_POINT ( 'NONE',  ( 0.4170371675247460663, 0.6463974959621420213, 0.4489999999999998992 ) ) ;
#1816 = CARTESIAN_POINT ( 'NONE',  ( 0.9153087687276725282, 0.2846261654083217518, 0.4490000000000001767 ) ) ;
#1817 = SURFACE_SIDE_STYLE ('',( #227 ) ) ;
#1818 = CARTESIAN_POINT ( 'NONE',  ( 0.6618073053941400108, 0.3158878296151961806, 0.4490000000000001212 ) ) ;
#1819 = CARTESIAN_POINT ( 'NONE',  ( 0.8194129468363290369, 0.4270735233168556633, 0.4500000000000004552 ) ) ;
#1820 = DIRECTION ( 'NONE',  ( 0.0000000000000000000, -1.000000000000000000, 0.0000000000000000000 ) ) ;
#1821 = COLOUR_RGB ( '',1.000000000000000000, 1.000000000000000000, 1.000000000000000000 ) ;
#1822 = CARTESIAN_POINT ( 'NONE',  ( 0.4999276880041989002, 0.6298188245742321056, 0.4489999999999999547 ) ) ;
#1823 = CARTESIAN_POINT ( 'NONE',  ( 0.8542939059135163937, 0.3330209362220513114, 0.4500000000000000666 ) ) ;
#1824 = LINE ( 'NONE', #6281, #6349 ) ;
#1825 = CARTESIAN_POINT ( 'NONE',  ( 0.4592225597990707286, 0.7266525084684629654, 0.4489999999999999547 ) ) ;
#1826 = CARTESIAN_POINT ( 'NONE',  ( 0.9308925276597845855, 0.2496236817218264181, 0.4489999999999999547 ) ) ;
#1827 = ORIENTED_EDGE ( 'NONE', *, *, #5290, .T. ) ;
#1828 = ORIENTED_EDGE ( 'NONE', *, *, #3669, .F. ) ;
#1829 = CARTESIAN_POINT ( 'NONE',  ( 0.4275643508118495140, 0.7565714356102785088, 0.4489999999999998437 ) ) ;
#1830 = B_SPLINE_CURVE_WITH_KNOTS ( 'NONE', 3,
 ( #492, #1681, #4519, #1719, #6575, #6072, #1025, #1059, #2706, #4959, #7150, #2164, #3298, #6641, #5542 ),
 .UNSPECIFIED., .F., .F.,
 ( 4, 1, 1, 1, 1, 1, 1, 1, 1, 1, 1, 1, 4 ),
 ( 0.0000000000000000000, 6.963335978668689059E-06, 1.331704691872927407E-05, 1.913803707981916717E-05, 2.439249554641251814E-05, 2.908221266537428743E-05, 3.324806887342825250E-05, 3.682180205551451144E-05, 3.984648192168161542E-05, 4.518939521449648870E-05, 5.012934161128621572E-05, 5.480131793572393058E-05, 5.933104161438055278E-05 ),
 .UNSPECIFIED. ) ;
#1831 =( GEOMETRIC_REPRESENTATION_CONTEXT ( 3 ) GLOBAL_UNCERTAINTY_ASSIGNED_CONTEXT ( ( #269 ) ) GLOBAL_UNIT_ASSIGNED_CONTEXT ( ( #2639, #4930, #3755 ) ) REPRESENTATION_CONTEXT ( 'NONE', 'WORKASPACE' ) );
#1832 = CARTESIAN_POINT ( 'NONE',  ( 0.5970846551294843874, 0.4205515887139544828, 0.4499999999999996780 ) ) ;
#1833 = B_SPLINE_CURVE_WITH_KNOTS ( 'NONE', 3,
 ( #978, #3742, #4800, #6461, #3225, #1409, #1448, #5888, #944, #452, #2152, #375, #5499, #874, #4917, #5348, #2695, #2116, #2587 ),
 .UNSPECIFIED., .F., .F.,
 ( 4, 1, 1, 1, 1, 1, 1, 1, 1, 1, 1, 1, 1, 1, 1, 1, 4 ),
 ( 0.0000000000000000000, 4.414528659311404599E-06, 8.647074029839757248E-06, 1.278648120577158751E-05, 1.680397169800012028E-05, 2.073329558826677373E-05, 2.470872436065471806E-05, 2.867561605352819370E-05, 3.271134882483343783E-05, 3.673305641811001345E-05, 4.063496273003480952E-05, 4.443860910275737814E-05, 4.821841259921268098E-05, 5.196970585677522731E-05, 5.574689240771377765E-05, 5.961826917733248674E-05, 6.360788582055761477E-05 ),
 .UNSPECIFIED. ) ;
#1834 = CARTESIAN_POINT ( 'NONE',  ( 0.5229761198392171018, 0.7074107486364816788, 0.4490000000000065050 ) ) ;
#1835 = CARTESIAN_POINT ( 'NONE',  ( 0.5517528103001877460, 0.5982884212072959729, 0.4499999999999983458 ) ) ;
#1836 = ORIENTED_EDGE ( 'NONE', *, *, #7044, .F. ) ;
#1837 = EDGE_CURVE ( 'NONE', #6948, #2854, #1535, .T. ) ;
#1838 = CARTESIAN_POINT ( 'NONE',  ( 0.3905531219314042901, 0.7210465710875713086, 0.4490000000000000102 ) ) ;
#1839 = CARTESIAN_POINT ( 'NONE',  ( 0.7018420474194082548, 0.3995134325593362457, 0.4489999999999998992 ) ) ;
#1840 = CARTESIAN_POINT ( 'NONE',  ( 0.8774461438592143780, 0.2167564648033994679, 0.4500000000000001221 ) ) ;
#1841 = CARTESIAN_POINT ( 'NONE',  ( 0.4658086544030170528, 0.5741165731691290075, 0.4500000000000004552 ) ) ;
#1842 =( GEOMETRIC_REPRESENTATION_CONTEXT ( 3 ) GLOBAL_UNCERTAINTY_ASSIGNED_CONTEXT ( ( #6006 ) ) GLOBAL_UNIT_ASSIGNED_CONTEXT ( ( #4352, #5458, #6993 ) ) REPRESENTATION_CONTEXT ( 'NONE', 'WORKASPACE' ) );
#1843 = CARTESIAN_POINT ( 'NONE',  ( 0.5588791212278434450, 0.3748454818169395519, 0.4490000000000072822 ) ) ;
#1844 = CARTESIAN_POINT ( 'NONE',  ( 0.3449513925982160556, 0.5720472233455996536, 0.4489999999999999547 ) ) ;
#1845 = VERTEX_POINT ( 'NONE', #2752 ) ;
#1846 = ORIENTED_EDGE ( 'NONE', *, *, #6250, .F. ) ;
#1847 = FACE_OUTER_BOUND ( 'NONE', #5463, .T. ) ;
#1848 = LINE ( 'NONE', #1887, #3059 ) ;
#1849 = SURFACE_STYLE_FILL_AREA ( #2427 ) ;
#1850 =( LENGTH_UNIT ( ) NAMED_UNIT ( * ) SI_UNIT ( .MILLI., .METRE. ) );
#1851 = CARTESIAN_POINT ( 'NONE',  ( 0.5003099804809207907, 0.6159866469172914361, 0.4500000000000001776 ) ) ;
#1852 = SURFACE_STYLE_FILL_AREA ( #6846 ) ;
#1853 = CARTESIAN_POINT ( 'NONE',  ( 0.3216301259943905588, 0.7273883955039578408, 0.4489999999999998437 ) ) ;
#1854 = CARTESIAN_POINT ( 'NONE',  ( 0.5992612315074493656, 0.3371531697785393744, 0.4490000000000130553 ) ) ;
#1855 = CARTESIAN_POINT ( 'NONE',  ( 0.4078463691651938450, 0.1521935496519972175, 0.4489999999999999547 ) ) ;
#1856 =( LENGTH_UNIT ( ) NAMED_UNIT ( * ) SI_UNIT ( .MILLI., .METRE. ) );
#1857 = LINE ( 'NONE', #2954, #4473 ) ;
#1858 = SURFACE_SIDE_STYLE ('',( #6852 ) ) ;
#1859 = UNCERTAINTY_MEASURE_WITH_UNIT (LENGTH_MEASURE( 1.000000000000000082E-05 ), #5990, 'distance_accuracy_value', 'NONE');
#1860 = CARTESIAN_POINT ( 'NONE',  ( 0.7746873033888143079, 0.6289177996009415184, 0.4494999999999961804 ) ) ;
#1861 = PRESENTATION_STYLE_ASSIGNMENT (( #2996 ) ) ;
#1862 = VERTEX_POINT ( 'NONE', #4416 ) ;
#1863 = ORIENTED_EDGE ( 'NONE', *, *, #6999, .F. ) ;
#1864 = CARTESIAN_POINT ( 'NONE',  ( 0.7600000000000002309, 0.9499999999999999556, 0.1650000000000000078 ) ) ;
#1865 = CARTESIAN_POINT ( 'NONE',  ( 0.01000000000000023787, 0.8009884094154724465, 0.4411043152607485029 ) ) ;
#1866 =( LENGTH_UNIT ( ) NAMED_UNIT ( * ) SI_UNIT ( .MILLI., .METRE. ) );
#1867 = CARTESIAN_POINT ( 'NONE',  ( 0.6300380555541250649, 0.5383039527783713973, 0.4500000000000005107 ) ) ;
#1868 = CARTESIAN_POINT ( 'NONE',  ( 0.5799599062200107014, 0.5584788472772237444, 0.4494999999999993445 ) ) ;
#1869 = CARTESIAN_POINT ( 'NONE',  ( 0.7083859376020033016, 0.3064047341520544365, 0.4489999999999998992 ) ) ;
#1870 = ORIENTED_EDGE ( 'NONE', *, *, #5019, .F. ) ;
#1871 = SURFACE_STYLE_USAGE ( .BOTH. , #5828 ) ;
#1872 = FACE_OUTER_BOUND ( 'NONE', #6444, .T. ) ;
#1873 = CARTESIAN_POINT ( 'NONE',  ( 0.8834188315098643329, 0.2305530142575045738, 0.4499999999999997335 ) ) ;
#1874 = ADVANCED_FACE ( 'NONE', ( #3864 ), #3213, .T. ) ;
#1875 = CIRCLE ( 'NONE', #487, 0.01000000000000000368 ) ;
#1876 = CARTESIAN_POINT ( 'NONE',  ( 0.4454841972825843710, 0.6192513180006828932, 0.4500000000000003997 ) ) ;
#1877 = EDGE_CURVE ( 'NONE', #5669, #4808, #3830, .T. ) ;
#1878 = VECTOR ( 'NONE', #6913, 1000.000000000000000 ) ;
#1879 = SURFACE_STYLE_USAGE ( .BOTH. , #6760 ) ;
#1880 = CARTESIAN_POINT ( 'NONE',  ( 0.9177110859042711954, 0.3524424143960628864, 0.4500000000000001776 ) ) ;
#1881 = DIRECTION ( 'NONE',  ( -1.000000000000000000, 0.0000000000000000000, 0.0000000000000000000 ) ) ;
#1882 = AXIS2_PLACEMENT_3D ( 'NONE', #6669, #1671, #3438 ) ;
#1883 = DIRECTION ( 'NONE',  ( -1.000000000000000000, 0.0000000000000000000, -0.0000000000000000000 ) ) ;
#1884 = ORIENTED_EDGE ( 'NONE', *, *, #6165, .F. ) ;
#1885 = ORIENTED_EDGE ( 'NONE', *, *, #3237, .F. ) ;
#1886 = CARTESIAN_POINT ( 'NONE',  ( 0.3976650726133582059, 0.5963544005146282911, 0.4490000000000000657 ) ) ;
#1887 = CARTESIAN_POINT ( 'NONE',  ( 1.250000000000000222, 0.04901159058452731615, 0.4411043152607485029 ) ) ;
#1888 = CARTESIAN_POINT ( 'NONE',  ( 0.4098241972258935828, 0.7106495557316864220, 0.4489999999999998992 ) ) ;
#1889 = VECTOR ( 'NONE', #6304, 1000.000000000000000 ) ;
#1890 = EDGE_CURVE ( 'NONE', #5975, #1057, #5353, .T. ) ;
#1891 = CARTESIAN_POINT ( 'NONE',  ( 0.6097883184963581726, 0.4930244314124606619, 0.4489999999999998992 ) ) ;
#1892 = CARTESIAN_POINT ( 'NONE',  ( 0.8934925498514032505, 0.3012946789347525356, 0.4500000000000001776 ) ) ;
#1893 = SURFACE_STYLE_USAGE ( .BOTH. , #1817 ) ;
#1894 = CARTESIAN_POINT ( 'NONE',  ( 0.8441544621139117632, 0.4303452590537065747, 0.4499999999999999001 ) ) ;
#1895 = LINE ( 'NONE', #5305, #1310 ) ;
#1896 = CARTESIAN_POINT ( 'NONE',  ( 0.3326926642496892961, 0.6580386116180654277, 0.4499999999999989009 ) ) ;
#1897 = LINE ( 'NONE', #3030, #3653 ) ;
#1898 = CARTESIAN_POINT ( 'NONE',  ( 2.986229168051810287E-17, 0.004167625929698088802, 0.0000000000000000000 ) ) ;
#1899 = PRESENTATION_LAYER_ASSIGNMENT (  '', '', ( #5992 ) ) ;
#1900 = PRESENTATION_STYLE_ASSIGNMENT (( #4059 ) ) ;
#1901 = AXIS2_PLACEMENT_3D ( 'NONE', #4139, #1417, #3667 ) ;
#1902 = EDGE_LOOP ( 'NONE', ( #1393, #4585, #920, #3683, #6773, #1908 ) ) ;
#1903 = VECTOR ( 'NONE', #6889, 1000.000000000000000 ) ;
#1904 = PRESENTATION_STYLE_ASSIGNMENT (( #2376 ) ) ;
#1905 = CARTESIAN_POINT ( 'NONE',  ( 0.8841175697528007582, 0.2383209368047749799, 0.4500000000000001221 ) ) ;
#1906 = FILL_AREA_STYLE_COLOUR ( '', #4287 ) ;
#1907 = SURFACE_SIDE_STYLE ('',( #4696 ) ) ;
#1908 = ORIENTED_EDGE ( 'NONE', *, *, #3401, .F. ) ;
#1909 = CARTESIAN_POINT ( 'NONE',  ( 0.7269495300550262717, 0.6388998309820500543, 0.4499999999999995670 ) ) ;
#1910 = CARTESIAN_POINT ( 'NONE',  ( 0.4401315268448013351, 0.7469013023680096675, 0.4499999999999990119 ) ) ;
#1911 = CARTESIAN_POINT ( 'NONE',  ( 0.8795912705063712034, 0.2199254669060040634, 0.4490000000000001212 ) ) ;
#1912 =( NAMED_UNIT ( * ) PLANE_ANGLE_UNIT ( ) SI_UNIT ( $, .RADIAN. ) );
#1913 =( NAMED_UNIT ( * ) SI_UNIT ( $, .STERADIAN. ) SOLID_ANGLE_UNIT ( ) );
#1914 = CARTESIAN_POINT ( 'NONE',  ( 0.4266418837121218610, 0.7572421578109236329, 0.4490000000000065050 ) ) ;
#1915 = CARTESIAN_POINT ( 'NONE',  ( 1.160000000000000142, 0.04999999999999999584, -0.005000000000000013115 ) ) ;
#1916 = EDGE_CURVE ( 'NONE', #7176, #1141, #6908, .T. ) ;
#1917 = DIRECTION ( 'NONE',  ( 0.0000000000000000000, 1.000000000000000000, 0.0000000000000000000 ) ) ;
#1918 = ORIENTED_EDGE ( 'NONE', *, *, #934, .F. ) ;
#1919 = LINE ( 'NONE', #4751, #5054 ) ;
#1920 = EDGE_CURVE ( 'NONE', #377, #1232, #453, .T. ) ;
#1921 = CARTESIAN_POINT ( 'NONE',  ( 0.6382085206697973856, 0.4906369669353431440, 0.4494999999999982898 ) ) ;
#1922 = FILL_AREA_STYLE_COLOUR ( '', #1195 ) ;
#1923 = STYLED_ITEM ( 'NONE', ( #4964 ), #105 ) ;
#1924 = CARTESIAN_POINT ( 'NONE',  ( 0.5492424022856492449, 0.5221439620761955114, 0.4499999999999999001 ) ) ;
#1925 = CARTESIAN_POINT ( 'NONE',  ( 0.9115698681421887661, 0.2886191196712434293, 0.4500000000000000111 ) ) ;
#1926 =( NAMED_UNIT ( * ) SI_UNIT ( $, .STERADIAN. ) SOLID_ANGLE_UNIT ( ) );
#1927 = EDGE_CURVE ( 'NONE', #1862, #3429, #3795, .T. ) ;
#1928 = CARTESIAN_POINT ( 'NONE',  ( 0.5963819249943782541, 0.4961282791688648719, 0.4490000000000061164 ) ) ;
#1929 = LINE ( 'NONE', #3550, #5066 ) ;
#1930 = CARTESIAN_POINT ( 'NONE',  ( 0.8826335286203220720, 0.3055267995184502428, 0.4495000000000000107 ) ) ;
#1931 = MECHANICAL_DESIGN_GEOMETRIC_PRESENTATION_REPRESENTATION (  '', ( #2980 ), #5438 ) ;
#1932 = CARTESIAN_POINT ( 'NONE',  ( 0.8584681604273878275, 0.3357024603201614887, 0.4500000000000001776 ) ) ;
#1933 = UNCERTAINTY_MEASURE_WITH_UNIT (LENGTH_MEASURE( 1.000000000000000082E-05 ), #5853, 'distance_accuracy_value', 'NONE');
#1934 = CARTESIAN_POINT ( 'NONE',  ( 0.6681864312693811536, 0.3616257467424339178, 0.4499999999999999556 ) ) ;
#1935 = B_SPLINE_CURVE_WITH_KNOTS ( 'NONE', 3,
 ( #232, #2433, #5814, #1443, #4763, #1971, #4277, #4350, #4203, #1372, #905, #7029, #7104, #3101, #3222, #2109, #938, #830, #5455 ),
 .UNSPECIFIED., .F., .F.,
 ( 4, 1, 1, 1, 1, 1, 1, 1, 1, 1, 1, 1, 1, 1, 1, 1, 4 ),
 ( 0.0000000000000000000, 7.994027945637010359E-06, 1.565069570412394592E-05, 2.297481027709932027E-05, 3.004839149651379729E-05, 3.681212382188134307E-05, 4.337351734429552226E-05, 4.976891554590073867E-05, 5.599457099234270174E-05, 6.213267930750802513E-05, 6.825060094972709311E-05, 7.443411566244497997E-05, 8.067195219209814621E-05, 8.694775821908283530E-05, 9.339830905166966149E-05, 0.0001000566805234115811, 0.0001068469634212225331 ),
 .UNSPECIFIED. ) ;
#1936 = ORIENTED_EDGE ( 'NONE', *, *, #3781, .T. ) ;
#1937 = PRESENTATION_LAYER_ASSIGNMENT (  '', '', ( #4522 ) ) ;
#1938 =( NAMED_UNIT ( * ) PLANE_ANGLE_UNIT ( ) SI_UNIT ( $, .RADIAN. ) );
#1939 = CARTESIAN_POINT ( 'NONE',  ( 0.6410921530975469684, 0.5382100566629300920, 0.4489999999999997882 ) ) ;
#1940 = CARTESIAN_POINT ( 'NONE',  ( 0.6385087623275870206, 0.4303452590537065747, 0.4499999999999996225 ) ) ;
#1941 = STYLED_ITEM ( 'NONE', ( #1704 ), #1207 ) ;
#1942 = CARTESIAN_POINT ( 'NONE',  ( 0.5820887647755943473, 0.5568510293543411649, 0.4500000000000005662 ) ) ;
#1943 =( NAMED_UNIT ( * ) PLANE_ANGLE_UNIT ( ) SI_UNIT ( $, .RADIAN. ) );
#1944 =( LENGTH_UNIT ( ) NAMED_UNIT ( * ) SI_UNIT ( .MILLI., .METRE. ) );
#1945 = VERTEX_POINT ( 'NONE', #6644 ) ;
#1946 = ORIENTED_EDGE ( 'NONE', *, *, #3093, .T. ) ;
#1947 = CARTESIAN_POINT ( 'NONE',  ( 0.4322094714828540463, 0.5024823053091470593, 0.4490000000000000102 ) ) ;
#1948 = DIRECTION ( 'NONE',  ( 0.0000000000000000000, 1.000000000000000000, -0.0000000000000000000 ) ) ;
#1949 = CARTESIAN_POINT ( 'NONE',  ( 0.6294934234495273007, 0.4301746168314807273, 0.4499999999999946265 ) ) ;
#1950 = COLOUR_RGB ( '',1.000000000000000000, 1.000000000000000000, 1.000000000000000000 ) ;
#1951 = CARTESIAN_POINT ( 'NONE',  ( 0.8205959956882327155, 0.3728286728184617149, 0.4489999999999998992 ) ) ;
#1952 = CARTESIAN_POINT ( 'NONE',  ( 0.8582772324731173796, 0.2739730944959270498, 0.4489999999999999547 ) ) ;
#1953 = AXIS2_PLACEMENT_3D ( 'NONE', #4176, #3666, #4138 ) ;
#1954 = CARTESIAN_POINT ( 'NONE',  ( 0.9159293631879114050, 0.3441693405309917964, 0.4489999999999996216 ) ) ;
#1955 = LINE ( 'NONE', #3681, #1692 ) ;
#1956 = PRESENTATION_STYLE_ASSIGNMENT (( #5326 ) ) ;
#1957 = VERTEX_POINT ( 'NONE', #101 ) ;
#1958 = ORIENTED_EDGE ( 'NONE', *, *, #2443, .F. ) ;
#1959 = PRESENTATION_STYLE_ASSIGNMENT (( #5976 ) ) ;
#1960 = PRODUCT_DEFINITION_SHAPE ( 'NONE', 'NONE',  #5103 ) ;
#1961 = CARTESIAN_POINT ( 'NONE',  ( 0.8398613431235271154, 0.1521935496519972175, 0.4500000000000000666 ) ) ;
#1962 =( GEOMETRIC_REPRESENTATION_CONTEXT ( 3 ) GLOBAL_UNCERTAINTY_ASSIGNED_CONTEXT ( ( #1536 ) ) GLOBAL_UNIT_ASSIGNED_CONTEXT ( ( #5496, #3659, #5922 ) ) REPRESENTATION_CONTEXT ( 'NONE', 'WORKASPACE' ) );
#1963 = CARTESIAN_POINT ( 'NONE',  ( 0.4184230917346707379, 0.5615731577264375662, 0.4500000000000001776 ) ) ;
#1964 =( NAMED_UNIT ( * ) PLANE_ANGLE_UNIT ( ) SI_UNIT ( $, .RADIAN. ) );
#1965 = ADVANCED_FACE ( 'NONE', ( #4557 ), #6514, .T. ) ;
#1966 = CARTESIAN_POINT ( 'NONE',  ( 0.3894402360837442290, 0.4906916930052381831, 0.4489999999999998437 ) ) ;
#1967 = CARTESIAN_POINT ( 'NONE',  ( 0.01000000000000023266, 0.8003969107598877253, 0.4464278031610111053 ) ) ;
#1968 = CARTESIAN_POINT ( 'NONE',  ( 0.3790588858736884115, 0.7686010546765055240, 0.4500000000000000111 ) ) ;
#1969 = CARTESIAN_POINT ( 'NONE',  ( 0.7672730432113925580, 0.1887518972885491308, 0.4500000000000008993 ) ) ;
#1970 = CARTESIAN_POINT ( 'NONE',  ( 0.3706521769281745371, 0.6887640996020685247, 0.4490000000000000657 ) ) ;
#1971 = CARTESIAN_POINT ( 'NONE',  ( 0.3191699953845023585, 0.5217247697082688651, 0.4499999999999997891 ) ) ;
#1972 = FILL_AREA_STYLE ('',( #6390 ) ) ;
#1973 = ADVANCED_FACE ( 'NONE', ( #5314 ), #4661, .F. ) ;
#1974 = CARTESIAN_POINT ( 'NONE',  ( 0.4110275124240767575, 0.6515858940552348155, 0.4500000000000001776 ) ) ;
#1975 = EDGE_LOOP ( 'NONE', ( #3563, #574, #3154, #3332, #3456, #3540, #86, #4359 ) ) ;
#1976 = CARTESIAN_POINT ( 'NONE',  ( 0.7271142849902163530, 0.6327023750654864331, 0.4500000000000000666 ) ) ;
#1977 = CARTESIAN_POINT ( 'NONE',  ( 0.6207702821908558377, 0.4288828795116081949, 0.4489999999999999547 ) ) ;
#1978 = CARTESIAN_POINT ( 'NONE',  ( 0.7745635880063090895, 0.6241771531654215499, 0.4489999999999998437 ) ) ;
#1979 = CARTESIAN_POINT ( 'NONE',  ( 2.168404344971008868E-16, 0.4235610710195185091, 0.4500000000000000666 ) ) ;
#1980 = EDGE_LOOP ( 'NONE', ( #4888, #4509 ) ) ;
#1981 = ORIENTED_EDGE ( 'NONE', *, *, #6075, .F. ) ;
#1982 = CARTESIAN_POINT ( 'NONE',  ( 0.4658664633513164288, 0.5580369805005179762, 0.4489999999999998437 ) ) ;
#1983 = FACE_OUTER_BOUND ( 'NONE', #3190, .T. ) ;
#1984 =( NAMED_UNIT ( * ) SI_UNIT ( $, .STERADIAN. ) SOLID_ANGLE_UNIT ( ) );
#1985 = CARTESIAN_POINT ( 'NONE',  ( 0.8471954435716310128, 0.2778820474699633669, 0.4489999999999998992 ) ) ;
#1986 = CARTESIAN_POINT ( 'NONE',  ( 0.6467549324357146912, 0.2933161633223050346, 0.4490000000000473612 ) ) ;
#1987 = COLOUR_RGB ( '',0.5607843137254902022, 0.5607843137254902022, 0.5607843137254902022 ) ;
#1988 = ORIENTED_EDGE ( 'NONE', *, *, #7124, .F. ) ;
#1989 = CARTESIAN_POINT ( 'NONE',  ( 0.9301984899307609300, 0.2205933839716863465, 0.4500000000000000666 ) ) ;
#1990 = CARTESIAN_POINT ( 'NONE',  ( 0.6185099852934374809, 0.3779176004410791379, 0.4499999999999985123 ) ) ;
#1991 = MECHANICAL_DESIGN_GEOMETRIC_PRESENTATION_REPRESENTATION (  '', ( #1290 ), #1632 ) ;
#1992 = PRESENTATION_LAYER_ASSIGNMENT (  '', '', ( #4465 ) ) ;
#1993 =( NAMED_UNIT ( * ) SI_UNIT ( $, .STERADIAN. ) SOLID_ANGLE_UNIT ( ) );
#1994 = CARTESIAN_POINT ( 'NONE',  ( 0.3976819295380898955, 0.6632185687262847074, 0.4499999999999997335 ) ) ;
#1995 = CARTESIAN_POINT ( 'NONE',  ( 0.5465315672330743890, 0.7343641514829049033, 0.4500000000000001776 ) ) ;
#1996 = CARTESIAN_POINT ( 'NONE',  ( 0.7179049629151939005, 0.3510020599351168502, 0.4500000000000000111 ) ) ;
#1997 = CARTESIAN_POINT ( 'NONE',  ( 0.5010142748934545143, 0.6483852296141183746, 0.4489999999999998992 ) ) ;
#1998 = CARTESIAN_POINT ( 'NONE',  ( 0.5820887647755943473, 0.5568510293543411649, 0.4489999999999999547 ) ) ;
#1999 = CARTESIAN_POINT ( 'NONE',  ( 0.5992612315074493656, 0.3371531697785393744, 0.4499999999999999556 ) ) ;
#2000 = AXIS2_PLACEMENT_3D ( 'NONE', #3937, #1104, #5585 ) ;
#2001 =( NAMED_UNIT ( * ) SI_UNIT ( $, .STERADIAN. ) SOLID_ANGLE_UNIT ( ) );
#2002 = ADVANCED_FACE ( 'NONE', ( #5893 ), #5245, .F. ) ;
#2003 = VERTEX_POINT ( 'NONE', #7037 ) ;
#2004 = DIRECTION ( 'NONE',  ( -1.000000000000000000, 2.551063935260010984E-16, 0.0000000000000000000 ) ) ;
#2005 = CARTESIAN_POINT ( 'NONE',  ( 0.6551740625628710291, 0.7198359827331078931, 0.4489999999999999547 ) ) ;
#2006 = ADVANCED_FACE ( 'NONE', ( #2045 ), #6568, .T. ) ;
#2007 =( GEOMETRIC_REPRESENTATION_CONTEXT ( 3 ) GLOBAL_UNCERTAINTY_ASSIGNED_CONTEXT ( ( #1029 ) ) GLOBAL_UNIT_ASSIGNED_CONTEXT ( ( #3964, #5812, #642 ) ) REPRESENTATION_CONTEXT ( 'NONE', 'WORKASPACE' ) );
#2008 =( NAMED_UNIT ( * ) PLANE_ANGLE_UNIT ( ) SI_UNIT ( $, .RADIAN. ) );
#2009 =( GEOMETRIC_REPRESENTATION_CONTEXT ( 3 ) GLOBAL_UNCERTAINTY_ASSIGNED_CONTEXT ( ( #4206 ) ) GLOBAL_UNIT_ASSIGNED_CONTEXT ( ( #5485, #1434, #3170 ) ) REPRESENTATION_CONTEXT ( 'NONE', 'WORKASPACE' ) );
#2010 = CARTESIAN_POINT ( 'NONE',  ( 0.5686331466361549403, 0.7502170604216540362, 0.4490000000000065050 ) ) ;
#2011 = SURFACE_STYLE_FILL_AREA ( #2561 ) ;
#2012 = CARTESIAN_POINT ( 'NONE',  ( 0.7162180394234028968, 0.3325378492392638830, 0.4489999999999998992 ) ) ;
#2013 = ORIENTED_EDGE ( 'NONE', *, *, #6391, .T. ) ;
#2014 = PRESENTATION_LAYER_ASSIGNMENT (  '', '', ( #509 ) ) ;
#2015 = ORIENTED_EDGE ( 'NONE', *, *, #2226, .T. ) ;
#2016 = CARTESIAN_POINT ( 'NONE',  ( 0.3976819295380898955, 0.6632185687262847074, 0.4490000000000000102 ) ) ;
#2017 = CARTESIAN_POINT ( 'NONE',  ( 0.3600000000000003753, 0.04999999999999996808, 0.1650000000000000078 ) ) ;
#2018 = EDGE_CURVE ( 'NONE', #5765, #593, #3262, .T. ) ;
#2019 = MECHANICAL_DESIGN_GEOMETRIC_PRESENTATION_REPRESENTATION (  '', ( #1080 ), #5848 ) ;
#2020 = CARTESIAN_POINT ( 'NONE',  ( 0.3976650726133582059, 0.5963544005146282911, 0.4500000000000001221 ) ) ;
#2021 = CARTESIAN_POINT ( 'NONE',  ( 0.8271208896095069152, 0.2809350592521072110, 0.4500000000000000666 ) ) ;
#2022 = CARTESIAN_POINT ( 'NONE',  ( 0.3865575457766348699, 0.4906369669353432550, 0.4500000000000000666 ) ) ;
#2023 = FACE_OUTER_BOUND ( 'NONE', #4769, .T. ) ;
#2024 = ORIENTED_EDGE ( 'NONE', *, *, #6427, .F. ) ;
#2025 = CARTESIAN_POINT ( 'NONE',  ( 0.8919923804223051089, 0.1660778527359922652, 0.4489999999999999547 ) ) ;
#2026 = DIRECTION ( 'NONE',  ( 0.0000000000000000000, 1.000000000000000000, 0.0000000000000000000 ) ) ;
#2027 = CARTESIAN_POINT ( 'NONE',  ( 0.9215706329632431526, 0.1972187526252733025, 0.4499999999999945155 ) ) ;
#2028 = CARTESIAN_POINT ( 'NONE',  ( 1.250000000000000222, -3.188829919075013853E-16, 0.0000000000000000000 ) ) ;
#2029 = COLOUR_RGB ( '',1.000000000000000000, 1.000000000000000000, 0.7254901960784313486 ) ;
#2030 = CARTESIAN_POINT ( 'NONE',  ( 1.250000000000000222, 0.0000000000000000000, 0.4399999999999999467 ) ) ;
#2031 = CARTESIAN_POINT ( 'NONE',  ( 0.7749445365577706246, 0.3909594504493039135, 0.4490000000000000102 ) ) ;
#2032 = SURFACE_STYLE_FILL_AREA ( #3134 ) ;
#2033 =( LENGTH_UNIT ( ) NAMED_UNIT ( * ) SI_UNIT ( .MILLI., .METRE. ) );
#2034 = CARTESIAN_POINT ( 'NONE',  ( 0.7856938417880571235, 0.4057525774297749965, 0.4490000000000144986 ) ) ;
#2035 = CARTESIAN_POINT ( 'NONE',  ( 0.6558740701873821966, 0.5396085484586736758, 0.4499999999999997891 ) ) ;
#2036 = CARTESIAN_POINT ( 'NONE',  ( 0.7950398674913784491, 0.7145151720635484205, 0.4489999999999999547 ) ) ;
#2037 = CARTESIAN_POINT ( 'NONE',  ( 0.5229761198392171018, 0.7074107486364815678, 0.4500000000000000666 ) ) ;
#2038 = CARTESIAN_POINT ( 'NONE',  ( 0.7121360739688262775, 0.3809010354865931536, 0.4500000000000000666 ) ) ;
#2039 = CARTESIAN_POINT ( 'NONE',  ( 0.6107236872378570824, 0.7663108051786938768, 0.4489999999999999547 ) ) ;
#2040 = COLOUR_RGB ( '',1.000000000000000000, 1.000000000000000000, 1.000000000000000000 ) ;
#2041 = CARTESIAN_POINT ( 'NONE',  ( 0.8439264540532257497, 0.1997080403205863941, 0.4500000000000002887 ) ) ;
#2042 = FACE_OUTER_BOUND ( 'NONE', #4691, .T. ) ;
#2043 = ORIENTED_EDGE ( 'NONE', *, *, #5824, .T. ) ;
#2044 = COLOUR_RGB ( '',0.2941176470588235392, 0.2941176470588235392, 0.2941176470588235392 ) ;
#2045 = FACE_OUTER_BOUND ( 'NONE', #2782, .T. ) ;
#2046 = CARTESIAN_POINT ( 'NONE',  ( 0.7649574280125827075, 0.5753128462286505318, 0.4490000000000000657 ) ) ;
#2047 =( GEOMETRIC_REPRESENTATION_CONTEXT ( 3 ) GLOBAL_UNCERTAINTY_ASSIGNED_CONTEXT ( ( #249 ) ) GLOBAL_UNIT_ASSIGNED_CONTEXT ( ( #5492, #2250, #547 ) ) REPRESENTATION_CONTEXT ( 'NONE', 'WORKASPACE' ) );
#2048 = EDGE_CURVE ( 'NONE', #5975, #349, #4323, .T. ) ;
#2049 = CARTESIAN_POINT ( 'NONE',  ( 0.6598683543414759489, 0.2347168369116126030, 0.4489999999999999547 ) ) ;
#2050 = EDGE_LOOP ( 'NONE', ( #490, #420, #1827, #3272 ) ) ;
#2051 = ORIENTED_EDGE ( 'NONE', *, *, #4250, .F. ) ;
#2052 = CARTESIAN_POINT ( 'NONE',  ( 0.4999276880041989002, 0.6298188245742321056, 0.4495000000000006768 ) ) ;
#2053 = CARTESIAN_POINT ( 'NONE',  ( 0.8702775980048872428, 0.3630298896958735200, 0.4500000000000000111 ) ) ;
#2054 = DIRECTION ( 'NONE',  ( -0.0000000000000000000, -0.0000000000000000000, 1.000000000000000000 ) ) ;
#2055 =( NAMED_UNIT ( * ) PLANE_ANGLE_UNIT ( ) SI_UNIT ( $, .RADIAN. ) );
#2056 = STYLED_ITEM ( 'NONE', ( #1695 ), #1379 ) ;
#2057 = CARTESIAN_POINT ( 'NONE',  ( 0.3861865354935153372, 0.7687886763370527232, 0.4500000000000000666 ) ) ;
#2058 = UNCERTAINTY_MEASURE_WITH_UNIT (LENGTH_MEASURE( 1.000000000000000082E-05 ), #6529, 'distance_accuracy_value', 'NONE');
#2059 = CARTESIAN_POINT ( 'NONE',  ( 0.8713537815050692581, 0.2653406448499532888, 0.4490000000000000657 ) ) ;
#2060 = CARTESIAN_POINT ( 'NONE',  ( 0.3798128437262593415, 0.4907566224429019686, 0.4490000000000000102 ) ) ;
#2061 = ADVANCED_FACE ( 'NONE', ( #7076 ), #4883, .T. ) ;
#2062 = FILL_AREA_STYLE ('',( #6080 ) ) ;
#2063 = ORIENTED_EDGE ( 'NONE', *, *, #3577, .T. ) ;
#2064 = PRESENTATION_LAYER_ASSIGNMENT (  '', '', ( #3244 ) ) ;
#2065 = CARTESIAN_POINT ( 'NONE',  ( 0.9314734788678196153, 0.2437923196620280231, 0.4499999999999990119 ) ) ;
#2066 = CARTESIAN_POINT ( 'NONE',  ( 0.6651295558348203629, 0.3232520125440654923, 0.4489999999999998992 ) ) ;
#2067 = FACE_OUTER_BOUND ( 'NONE', #6425, .T. ) ;
#2068 = DIRECTION ( 'NONE',  ( 0.0000000000000000000, -0.1104315260748466032, -0.9938837346736189016 ) ) ;
#2069 = PRESENTATION_LAYER_ASSIGNMENT (  '', '', ( #5232 ) ) ;
#2070 =( NAMED_UNIT ( * ) PLANE_ANGLE_UNIT ( ) SI_UNIT ( $, .RADIAN. ) );
#2071 = CARTESIAN_POINT ( 'NONE',  ( 0.4185174315939425016, 0.5631959780197449694, 0.4489999999999999547 ) ) ;
#2072 = SURFACE_SIDE_STYLE ('',( #5450 ) ) ;
#2073 = CARTESIAN_POINT ( 'NONE',  ( 0.6875701374241607322, 0.5528753680955810212, 0.4499999999999995670 ) ) ;
#2074 = PRESENTATION_LAYER_ASSIGNMENT (  '', '', ( #1365 ) ) ;
#2075 = CARTESIAN_POINT ( 'NONE',  ( 0.7593483929861749582, 0.2038884318335568158, 0.4500000000000008438 ) ) ;
#2076 = CARTESIAN_POINT ( 'NONE',  ( 0.6071105897109853045, 0.5431129260735960695, 0.4490000000000001212 ) ) ;
#2077 = UNCERTAINTY_MEASURE_WITH_UNIT (LENGTH_MEASURE( 1.000000000000000082E-05 ), #6884, 'distance_accuracy_value', 'NONE');
#2078 = CARTESIAN_POINT ( 'NONE',  ( 1.240000000000000213, 0.7902439024390240929, 0.5378048780487806324 ) ) ;
#2079 = CARTESIAN_POINT ( 'NONE',  ( 0.6339996194181964917, 0.7212162909437804803, 0.4500000000000000111 ) ) ;
#2080 = CARTESIAN_POINT ( 'NONE',  ( 0.5554142301404908499, 0.5891209212083522440, 0.4489999999999999547 ) ) ;
#2081 = ORIENTED_EDGE ( 'NONE', *, *, #207, .T. ) ;
#2082 = VERTEX_POINT ( 'NONE', #2263 ) ;
#2083 = CARTESIAN_POINT ( 'NONE',  ( 1.250000000000000222, 0.05895042793126351738, 0.4399999999999999467 ) ) ;
#2084 = CARTESIAN_POINT ( 'NONE',  ( 0.4045780452424467821, 0.6571675825870526566, 0.4489999999999999547 ) ) ;
#2085 = CARTESIAN_POINT ( 'NONE',  ( 0.7743198028758304652, 0.6148355572665664681, 0.4500000000000000111 ) ) ;
#2086 = CARTESIAN_POINT ( 'NONE',  ( 0.9018062512858230351, 0.4046769543215032461, 0.4490000000000088365 ) ) ;
#2087 = ORIENTED_EDGE ( 'NONE', *, *, #4205, .F. ) ;
#2088 = CARTESIAN_POINT ( 'NONE',  ( 0.6608749748575576399, 0.3730427036401168239, 0.4500000000000001221 ) ) ;
#2089 = ORIENTED_EDGE ( 'NONE', *, *, #3737, .T. ) ;
#2090 = SURFACE_SIDE_STYLE ('',( #988 ) ) ;
#2091 = B_SPLINE_CURVE_WITH_KNOTS ( 'NONE', 3,
 ( #4164, #231, #2301, #766, #2988, #5234, #6384, #1370, #3615, #4313, #4276, #5987, #3281, #6057, #1005, #4870, #5918, #4237, #1584 ),
 .UNSPECIFIED., .F., .F.,
 ( 4, 1, 1, 1, 1, 1, 1, 1, 1, 1, 1, 1, 1, 1, 1, 1, 4 ),
 ( 0.0000000000000000000, 9.343226444019978508E-06, 1.826944295339508434E-05, 2.690262951061696804E-05, 3.532084545583512292E-05, 4.360822682016450460E-05, 5.182646715824013950E-05, 6.007478002048851555E-05, 6.846132709696421367E-05, 7.688359887376397701E-05, 8.531262603306298054E-05, 9.380304776597670347E-05, 0.0001024434835650964208, 0.0001113180600417586815, 0.0001205176304278186979, 0.0001301473550187912467, 0.0001401644203144368148 ),
 .UNSPECIFIED. ) ;
#2092 = CARTESIAN_POINT ( 'NONE',  ( 0.8457348425935314884, 0.3827841608366167048, 0.4489999999999998992 ) ) ;
#2093 = CARTESIAN_POINT ( 'NONE',  ( 0.6021250161943081380, 0.7149189122315792178, 0.4490000000000006763 ) ) ;
#2094 = CARTESIAN_POINT ( 'NONE',  ( 0.3549509030861340841, 0.8500000000000000888, 0.4500000000000000666 ) ) ;
#2095 = CARTESIAN_POINT ( 'NONE',  ( 0.9091116734257393972, 0.3288214896694119371, 0.4489999999999996216 ) ) ;
#2096 = ORIENTED_EDGE ( 'NONE', *, *, #4897, .T. ) ;
#2097 = EDGE_CURVE ( 'NONE', #5080, #5132, #5059, .T. ) ;
#2098 = CARTESIAN_POINT ( 'NONE',  ( 0.3657632027656212426, 0.1733941372588348462, 0.4489999999999999547 ) ) ;
#2099 = LINE ( 'NONE', #5003, #2505 ) ;
#2100 =( NAMED_UNIT ( * ) SI_UNIT ( $, .STERADIAN. ) SOLID_ANGLE_UNIT ( ) );
#2101 = LINE ( 'NONE', #577, #1666 ) ;
#2102 = ADVANCED_FACE ( 'NONE', ( #5604 ), #3957, .T. ) ;
#2103 = CARTESIAN_POINT ( 'NONE',  ( 0.6931431677245916134, 0.2774984331157783202, 0.4490000000000641811 ) ) ;
#2104 = VECTOR ( 'NONE', #1917, 1000.000000000000000 ) ;
#2105 = LINE ( 'NONE', #2030, #3603 ) ;
#2106 = LINE ( 'NONE', #969, #4880 ) ;
#2107 = FACE_OUTER_BOUND ( 'NONE', #7093, .T. ) ;
#2108 = DIRECTION ( 'NONE',  ( -1.000000000000000000, 0.0000000000000000000, -0.0000000000000000000 ) ) ;
#2109 = CARTESIAN_POINT ( 'NONE',  ( 0.3732073264193358497, 0.4914057585035639941, 0.4499999999999996780 ) ) ;
#2110 = EDGE_CURVE ( 'NONE', #4879, #6463, #5094, .T. ) ;
#2111 = CARTESIAN_POINT ( 'NONE',  ( 0.5069607172398549189, 0.6749114057774895370, 0.4489999999999999547 ) ) ;
#2112 = VECTOR ( 'NONE', #7127, 999.9999999999998863 ) ;
#2113 = CARTESIAN_POINT ( 'NONE',  ( 0.6380495162627459749, 0.5381262831746594921, 0.4489999999999999547 ) ) ;
#2114 = CARTESIAN_POINT ( 'NONE',  ( 0.5994160854991291698, 0.3406304970925214670, 0.4490000000000000102 ) ) ;
#2115 = CARTESIAN_POINT ( 'NONE',  ( 0.5671664126385502769, 0.6886781167048271479, 0.4490000000000000102 ) ) ;
#2116 = CARTESIAN_POINT ( 'NONE',  ( 0.8840986205796680375, 0.2369929760139772579, 0.4489999999999999547 ) ) ;
#2117 = B_SPLINE_SURFACE_WITH_KNOTS ( 'NONE', 3, 1, ( 
 ( #1342, #3662 ),
 ( #1010, #4246 ),
 ( #4358, #2622 ),
 ( #6995, #1519 ),
 ( #4878, #7072 ),
 ( #2080, #3146 ),
 ( #6564, #5383 ),
 ( #3260, #6025 ),
 ( #7140, #1486 ),
 ( #911, #3106 ),
 ( #3780, #5994 ) ),
 .UNSPECIFIED., .F., .F., .F.,
 ( 4, 1, 1, 1, 1, 1, 1, 1, 4 ),
 ( 2, 2 ),
 ( 0.0000000000000000000, 0.1348068327792197318, 0.2641990558543179102, 0.3884618167279417777, 0.5099420983643726535, 0.6304096106127716759, 0.7506710345119790295, 0.8734547255294232704, 1.000000000000000000 ),
 ( 0.0000000000000000000, 1.000000000000000000 ),
 .UNSPECIFIED. ) ;
#2118 = VECTOR ( 'NONE', #3034, 1000.000000000000000 ) ;
#2119 = ORIENTED_EDGE ( 'NONE', *, *, #2730, .F. ) ;
#2120 = B_SPLINE_CURVE_WITH_KNOTS ( 'NONE', 3,
 ( #600, #3442, #2816, #127, #6172, #1090, #3483, #702, #2917, #168, #3337, #561, #2779, #2957, #4729, #3516, #1341, #3587, #1860 ),
 .UNSPECIFIED., .F., .F.,
 ( 4, 1, 1, 1, 1, 1, 1, 1, 1, 1, 1, 1, 1, 1, 1, 1, 4 ),
 ( 0.0000000000000000000, 1.396056633195272885E-05, 2.750412186822968647E-05, 4.076401129805098695E-05, 5.387976721429637623E-05, 6.699552313054180617E-05, 8.018247660823460778E-05, 9.369391755507668984E-05, 0.0001075802671918862750, 0.0001215093775967054815, 0.0001350736787421279444, 0.0001484146439547406383, 0.0001616513990511244346, 0.0001749497210289217169, 0.0001884158223164551001, 0.0002022220586078100684, 0.0002164474886813475137 ),
 .UNSPECIFIED. ) ;
#2121 = CARTESIAN_POINT ( 'NONE',  ( 0.7125616095551107199, 0.6807249809393199902, 0.4490000000000000102 ) ) ;
#2122 = AXIS2_PLACEMENT_3D ( 'NONE', #3971, #1690, #3836 ) ;
#2123 = CARTESIAN_POINT ( 'NONE',  ( 0.5465315672330745000, 0.7343641514829049033, 0.4490000000000066160 ) ) ;
#2124 = CARTESIAN_POINT ( 'NONE',  ( 0.9098027582634253818, 0.3933794148620262110, 0.4489999999999997882 ) ) ;
#2125 = FILL_AREA_STYLE_COLOUR ( '', #6253 ) ;
#2126 = FILL_AREA_STYLE_COLOUR ( '', #5852 ) ;
#2127 = VERTEX_POINT ( 'NONE', #5569 ) ;
#2128 = CARTESIAN_POINT ( 'NONE',  ( 0.3733229210947570098, 0.6859634688306001093, 0.4499999999999999556 ) ) ;
#2129 =( GEOMETRIC_REPRESENTATION_CONTEXT ( 3 ) GLOBAL_UNCERTAINTY_ASSIGNED_CONTEXT ( ( #6315 ) ) GLOBAL_UNIT_ASSIGNED_CONTEXT ( ( #3403, #5638, #3987 ) ) REPRESENTATION_CONTEXT ( 'NONE', 'WORKASPACE' ) );
#2130 = CARTESIAN_POINT ( 'NONE',  ( 0.6103232425556499585, 0.7178084436919087707, 0.4490000000000005098 ) ) ;
#2131 = STYLED_ITEM ( 'NONE', ( #936 ), #6131 ) ;
#2132 = CARTESIAN_POINT ( 'NONE',  ( 0.4401315268448013351, 0.7469013023680096675, 0.4499999999999999001 ) ) ;
#2133 = UNCERTAINTY_MEASURE_WITH_UNIT (LENGTH_MEASURE( 1.000000000000000082E-05 ), #66, 'distance_accuracy_value', 'NONE');
#2134 = SURFACE_STYLE_USAGE ( .BOTH. , #7119 ) ;
#2135 = ORIENTED_EDGE ( 'NONE', *, *, #5554, .F. ) ;
#2136 = SURFACE_STYLE_FILL_AREA ( #6615 ) ;
#2137 = SURFACE_STYLE_FILL_AREA ( #6152 ) ;
#2138 = VECTOR ( 'NONE', #2932, 1000.000000000000000 ) ;
#2139 = LINE ( 'NONE', #5551, #5854 ) ;
#2140 = DIRECTION ( 'NONE',  ( 6.398792673177310671E-14, -8.250565254936581839E-16, 1.000000000000000000 ) ) ;
#2141 = EDGE_CURVE ( 'NONE', #3557, #3068, #4989, .T. ) ;
#2142 = CARTESIAN_POINT ( 'NONE',  ( 0.7721898415516871284, 0.3852913190602408888, 0.4490000000000000102 ) ) ;
#2143 = CARTESIAN_POINT ( 'NONE',  ( 1.250000000000000222, 0.7910495720687359400, 0.4399999999999999467 ) ) ;
#2144 = CARTESIAN_POINT ( 'NONE',  ( 0.4626452487648866629, 0.5896831716648001098, 0.4490000000000000657 ) ) ;
#2145 = EDGE_CURVE ( 'NONE', #721, #573, #6243, .T. ) ;
#2146 = CARTESIAN_POINT ( 'NONE',  ( 0.8424584151053646774, 0.1996828658913134547, 0.4500000000000000666 ) ) ;
#2147 = FILL_AREA_STYLE_COLOUR ( '', #846 ) ;
#2148 = CARTESIAN_POINT ( 'NONE',  ( 0.09000000000000023259, 0.04999999999999996808, 0.1650000000000000078 ) ) ;
#2149 = CARTESIAN_POINT ( 'NONE',  ( 0.6071105897109853045, 0.5431129260735960695, 0.4500000000000001776 ) ) ;
#2150 = PRESENTATION_STYLE_ASSIGNMENT (( #4798 ) ) ;
#2151 = CARTESIAN_POINT ( 'NONE',  ( 0.5798142021585889205, 0.7014071524627348841, 0.4490000000000001767 ) ) ;
#2152 = CARTESIAN_POINT ( 'NONE',  ( 0.8750989923423645456, 0.2136379168548450946, 0.4489999999999998992 ) ) ;
#2153 = VECTOR ( 'NONE', #2518, 1000.000000000000000 ) ;
#2154 = EDGE_CURVE ( 'NONE', #5366, #310, #3967, .T. ) ;
#2155 = B_SPLINE_SURFACE_WITH_KNOTS ( 'NONE', 3, 1, ( 
 ( #2071, #6870 ),
 ( #4703, #248 ),
 ( #6439, #5903 ),
 ( #1429, #3676 ),
 ( #4744, #6944 ),
 ( #813, #2454 ),
 ( #7013, #1354 ),
 ( #288, #889 ),
 ( #6909, #354 ),
 ( #3601, #4147 ),
 ( #4813, #2020 ),
 ( #322, #6297 ),
 ( #6367, #5832 ),
 ( #2495, #6405 ),
 ( #852, #3081 ) ),
 .UNSPECIFIED., .F., .F., .F.,
 ( 4, 1, 1, 1, 1, 1, 1, 1, 1, 1, 1, 1, 4 ),
 ( 2, 2 ),
 ( 0.0000000000000000000, 0.07634660635316933841, 0.1550908218146645479, 0.2383515612585577204, 0.3284041399329875599, 0.3793838595513598366, 0.4396176441748218533, 0.5098314158313143052, 0.5888746449969570751, 0.6774363544094509360, 0.7755467196196752511, 0.8826358717258567799, 1.000000000000000000 ),
 ( 0.0000000000000000000, 1.000000000000000000 ),
 .UNSPECIFIED. ) ;
#2156 = ORIENTED_EDGE ( 'NONE', *, *, #6346, .T. ) ;
#2157 = CARTESIAN_POINT ( 'NONE',  ( 0.7993152193254503546, 0.2403879940964416539, 0.4494999999999906848 ) ) ;
#2158 = DIRECTION ( 'NONE',  ( -2.817178834852666069E-17, -0.1104315260748466032, 0.9938837346736189016 ) ) ;
#2159 = DIRECTION ( 'NONE',  ( -0.8573969048595114772, -0.5146557563433347138, 0.0000000000000000000 ) ) ;
#2160 = CARTESIAN_POINT ( 'NONE',  ( 0.6196418063768800444, 0.7677006851489529549, 0.4490000000000066716 ) ) ;
#2161 =( BOUNDED_CURVE ( )  B_SPLINE_CURVE ( 3, ( #4402, #6167, #6629, #523 ),
 .UNSPECIFIED., .F., .T. ) 
 B_SPLINE_CURVE_WITH_KNOTS ( ( 4, 4 ),
 ( 4.712388980384691450, 6.283185307179586232 ),
 .UNSPECIFIED. ) 
 CURVE ( )  GEOMETRIC_REPRESENTATION_ITEM ( )  RATIONAL_B_SPLINE_CURVE ( ( 1.000000000000000000, 0.8047378541243654926, 0.8047378541243654926, 1.000000000000000000 ) ) 
 REPRESENTATION_ITEM ( '' )  );
#2162 = ORIENTED_EDGE ( 'NONE', *, *, #894, .F. ) ;
#2163 = CARTESIAN_POINT ( 'NONE',  ( 0.7271979871494980152, 0.6295538172291467172, 0.4500000000000000666 ) ) ;
#2164 = CARTESIAN_POINT ( 'NONE',  ( 0.4169498034455125235, 0.5723327687254197160, 0.4499999999999994005 ) ) ;
#2165 = CARTESIAN_POINT ( 'NONE',  ( 0.8675320939355211092, 0.3459799466075555441, 0.4489999999999997882 ) ) ;
#2166 =( NAMED_UNIT ( * ) PLANE_ANGLE_UNIT ( ) SI_UNIT ( $, .RADIAN. ) );
#2167 = CARTESIAN_POINT ( 'NONE',  ( 0.4310490145295887698, 0.7542363321368911189, 0.4500000000000000111 ) ) ;
#2168 = CARTESIAN_POINT ( 'NONE',  ( 0.3732073264193358497, 0.4914057585035639941, 0.4490000000000000102 ) ) ;
#2169 = CARTESIAN_POINT ( 'NONE',  ( 0.6702926006019900296, 0.3451281876885403110, 0.4490000000000471947 ) ) ;
#2170 = ORIENTED_EDGE ( 'NONE', *, *, #149, .T. ) ;
#2171 = CARTESIAN_POINT ( 'NONE',  ( 0.3861865354935153372, 0.7687886763370527232, 0.4500000000000000666 ) ) ;
#2172 = SURFACE_STYLE_USAGE ( .BOTH. , #1146 ) ;
#2173 = FILL_AREA_STYLE_COLOUR ( '', #3169 ) ;
#2174 = CARTESIAN_POINT ( 'NONE',  ( 0.3168926050019419405, 0.6984945243850608776, 0.4489999999999992886 ) ) ;
#2175 = MECHANICAL_DESIGN_GEOMETRIC_PRESENTATION_REPRESENTATION (  '', ( #1240 ), #2759 ) ;
#2176 =( NAMED_UNIT ( * ) PLANE_ANGLE_UNIT ( ) SI_UNIT ( $, .RADIAN. ) );
#2177 = CARTESIAN_POINT ( 'NONE',  ( 1.245857864376269220, 0.7964058202037487266, 0.4500000000000000666 ) ) ;
#2178 = PRESENTATION_STYLE_ASSIGNMENT (( #5623 ) ) ;
#2179 = CARTESIAN_POINT ( 'NONE',  ( 0.3426048509273565967, 0.6464364304578334997, 0.4489999999999998992 ) ) ;
#2180 = CARTESIAN_POINT ( 'NONE',  ( 0.8396918467717785495, 0.1998010886795798247, 0.4489999999999998992 ) ) ;
#2181 = CARTESIAN_POINT ( 'NONE',  ( 0.6378375103866775753, 0.7687886763370526122, 0.4489999999999999547 ) ) ;
#2182 = CARTESIAN_POINT ( 'NONE',  ( 0.6495383917921014882, 0.4300011055378271663, 0.4500000000000000111 ) ) ;
#2183 = CARTESIAN_POINT ( 'NONE',  ( 0.3652939493697267559, 0.6973983330377369061, 0.4489999999999999547 ) ) ;
#2184 = CARTESIAN_POINT ( 'NONE',  ( 0.7271979871494980152, 0.6295538172291467172, 0.4495000000000000107 ) ) ;
#2185 = CARTESIAN_POINT ( 'NONE',  ( 0.8045579589698350631, 0.2224501469254265007, 0.4499999999999999556 ) ) ;
#2186 = CARTESIAN_POINT ( 'NONE',  ( 0.6103232425556499585, 0.7178084436919088818, 0.4500000000000000111 ) ) ;
#2187 = CARTESIAN_POINT ( 'NONE',  ( 0.8529315247656621413, 0.2760378438518398259, 0.4500000000000001776 ) ) ;
#2188 = AXIS2_PLACEMENT_3D ( 'NONE', #1171, #2200, #5649 ) ;
#2189 = ORIENTED_EDGE ( 'NONE', *, *, #7038, .T. ) ;
#2190 = ADVANCED_FACE ( 'NONE', ( #1089 ), #2611, .T. ) ;
#2191 = CARTESIAN_POINT ( 'NONE',  ( 0.3883065942541989446, 0.5381262831746594921, 0.4494999999999709783 ) ) ;
#2192 = VECTOR ( 'NONE', #6625, 1000.000000000000000 ) ;
#2193 = FILL_AREA_STYLE_COLOUR ( '', #5936 ) ;
#2194 = CARTESIAN_POINT ( 'NONE',  ( 0.8675328512497202382, 0.2685663445577742281, 0.4500000000000000111 ) ) ;
#2195 = CARTESIAN_POINT ( 'NONE',  ( 0.4660067478332587942, 0.5659520544086338312, 0.4489999999999999547 ) ) ;
#2196 = SURFACE_STYLE_FILL_AREA ( #6534 ) ;
#2197 = ORIENTED_EDGE ( 'NONE', *, *, #2682, .T. ) ;
#2198 = SURFACE_SIDE_STYLE ('',( #3377 ) ) ;
#2199 = CARTESIAN_POINT ( 'NONE',  ( 0.3031862350127459416, 0.5469775285005141763, 0.4489999999999999547 ) ) ;
#2200 = DIRECTION ( 'NONE',  ( -0.0000000000000000000, 0.1104315260748466032, -0.9938837346736189016 ) ) ;
#2201 = UNCERTAINTY_MEASURE_WITH_UNIT (LENGTH_MEASURE( 1.000000000000000082E-05 ), #1530, 'distance_accuracy_value', 'NONE');
#2202 = CARTESIAN_POINT ( 'NONE',  ( 0.3734071465316713967, 0.7183791586416338193, 0.4490000000000000102 ) ) ;
#2203 = VERTEX_POINT ( 'NONE', #234 ) ;
#2204 = ORIENTED_EDGE ( 'NONE', *, *, #5776, .T. ) ;
#2205 = CYLINDRICAL_SURFACE ( 'NONE', #2122, 0.01000000000000000021 ) ;
#2206 = CARTESIAN_POINT ( 'NONE',  ( 0.7133621465603305900, 0.7460289969036232316, 0.4499999999999999556 ) ) ;
#2207 =( NAMED_UNIT ( * ) PLANE_ANGLE_UNIT ( ) SI_UNIT ( $, .RADIAN. ) );
#2208 = CARTESIAN_POINT ( 'NONE',  ( 1.250000000000000444, 0.7965251163019198000, 0.4437653199154538708 ) ) ;
#2209 = CARTESIAN_POINT ( 'NONE',  ( 0.4454841972825843710, 0.6192513180006828932, 0.4489999999999999547 ) ) ;
#2210 = CARTESIAN_POINT ( 'NONE',  ( 0.3644651930778529114, 0.6252258171476035020, 0.4489999999999999547 ) ) ;
#2211 = CARTESIAN_POINT ( 'NONE',  ( 0.8013455524092237825, 0.2307904178517286020, 0.4489999999999997327 ) ) ;
#2212 = CARTESIAN_POINT ( 'NONE',  ( 0.6378375103866775753, 0.7687886763370526122, 0.4500000000000000666 ) ) ;
#2213 = SURFACE_STYLE_USAGE ( .BOTH. , #513 ) ;
#2214 = CARTESIAN_POINT ( 'NONE',  ( 0.7721898415516871284, 0.3852913190602408888, 0.4500000000000001221 ) ) ;
#2215 = CARTESIAN_POINT ( 'NONE',  ( 0.8218607484706454969, 0.1535358991094895320, 0.4490000000000000657 ) ) ;
#2216 = CARTESIAN_POINT ( 'NONE',  ( 0.8028353649748599663, 0.2264590175265735472, 0.4500000000000000111 ) ) ;
#2217 = CARTESIAN_POINT ( 'NONE',  ( 0.5489163453945823390, 0.6482664026142810343, 0.4500000000000000666 ) ) ;
#2218 = COLOUR_RGB ( '',1.000000000000000000, 1.000000000000000000, 1.000000000000000000 ) ;
#2219 = FILL_AREA_STYLE_COLOUR ( '', #1106 ) ;
#2220 = VECTOR ( 'NONE', #3131, 1000.000000000000000 ) ;
#2221 = CARTESIAN_POINT ( 'NONE',  ( 0.7178605735394290033, 0.3489865440846074418, 0.4499999999999970690 ) ) ;
#2222 = CARTESIAN_POINT ( 'NONE',  ( 0.8146140172635991661, 0.3641497350975002045, 0.4490000000000000102 ) ) ;
#2223 = B_SPLINE_CURVE_WITH_KNOTS ( 'NONE', 3,
 ( #120, #1739, #2358, #1815, #82, #662, #4017, #3474, #6272, #1268, #3512 ),
 .UNSPECIFIED., .F., .F.,
 ( 4, 1, 1, 1, 1, 1, 1, 1, 4 ),
 ( 0.0000000000000000000, 8.830873216447992182E-06, 1.675916268678261773E-05, 2.381978777309224930E-05, 2.997796380251485938E-05, 3.526918647538774073E-05, 3.961947865202982398E-05, 4.314341878467663839E-05, 4.576703574174032782E-05 ),
 .UNSPECIFIED. ) ;
#2224 = SURFACE_SIDE_STYLE ('',( #16 ) ) ;
#2225 = CARTESIAN_POINT ( 'NONE',  ( 0.8704571831291669781, 0.3596678140306925897, 0.4490000000000005098 ) ) ;
#2226 = EDGE_CURVE ( 'NONE', #4963, #4995, #3553, .T. ) ;
#2227 = CARTESIAN_POINT ( 'NONE',  ( 0.3903657337718870468, 0.5382095600696379378, 0.4489999999999999547 ) ) ;
#2228 = CARTESIAN_POINT ( 'NONE',  ( 0.9168150879384613372, 0.3745818876839499545, 0.4499999999999998446 ) ) ;
#2229 = PRESENTATION_STYLE_ASSIGNMENT (( #6785 ) ) ;
#2230 = ORIENTED_EDGE ( 'NONE', *, *, #4395, .T. ) ;
#2231 = EDGE_CURVE ( 'NONE', #737, #1793, #3384, .T. ) ;
#2232 = CARTESIAN_POINT ( 'NONE',  ( 0.7171706398784485348, 0.5859002477408884468, 0.4489999999999998437 ) ) ;
#2233 = CARTESIAN_POINT ( 'NONE',  ( 0.4900000000000002132, 0.9499999999999999556, -0.005000000000000013115 ) ) ;
#2234 = CARTESIAN_POINT ( 'NONE',  ( 0.8398613431235271154, 0.1521935496519972175, 0.4494999999999997886 ) ) ;
#2235 = COLOUR_RGB ( '',1.000000000000000000, 1.000000000000000000, 1.000000000000000000 ) ;
#2236 = CARTESIAN_POINT ( 'NONE',  ( 0.3732073264193358497, 0.4914057585035639941, 0.4489999999999989000 ) ) ;
#2237 = SURFACE_SIDE_STYLE ('',( #610 ) ) ;
#2238 = CARTESIAN_POINT ( 'NONE',  ( 0.5095862260473345007, 0.5769157269144631339, 0.4499999999999993450 ) ) ;
#2239 = STYLED_ITEM ( 'NONE', ( #732 ), #4158 ) ;
#2240 = VECTOR ( 'NONE', #3598, 1000.000000000000000 ) ;
#2241 = VERTEX_POINT ( 'NONE', #5783 ) ;
#2242 = ADVANCED_FACE ( 'NONE', ( #201 ), #1035, .T. ) ;
#2243 = CARTESIAN_POINT ( 'NONE',  ( 0.8826335286203220720, 0.3055267995184502428, 0.4500000000000000666 ) ) ;
#2244 = CARTESIAN_POINT ( 'NONE',  ( 0.0000000000000000000, 0.0000000000000000000, 0.4500000000000000666 ) ) ;
#2245 = CARTESIAN_POINT ( 'NONE',  ( 0.3686430492488570465, 0.6913005286340613287, 0.4489999999999999547 ) ) ;
#2246 = MECHANICAL_DESIGN_GEOMETRIC_PRESENTATION_REPRESENTATION (  '', ( #2131 ), #957 ) ;
#2247 = CARTESIAN_POINT ( 'NONE',  ( 0.3644651930778529114, 0.6252258171476035020, 0.4489999999999992331 ) ) ;
#2248 = SURFACE_STYLE_FILL_AREA ( #32 ) ;
#2249 = CARTESIAN_POINT ( 'NONE',  ( 0.4513200641529059309, 0.6117205963620716558, 0.4489999999999999547 ) ) ;
#2250 =( NAMED_UNIT ( * ) PLANE_ANGLE_UNIT ( ) SI_UNIT ( $, .RADIAN. ) );
#2251 = ORIENTED_EDGE ( 'NONE', *, *, #855, .F. ) ;
#2252 = VECTOR ( 'NONE', #5637, 1000.000000000000000 ) ;
#2253 = CARTESIAN_POINT ( 'NONE',  ( 0.3326926642496892961, 0.6580386116180654277, 0.4490000000000000102 ) ) ;
#2254 = CARTESIAN_POINT ( 'NONE',  ( 0.7590662286268885506, 0.6951991909835628647, 0.4489999999999998992 ) ) ;
#2255 = CARTESIAN_POINT ( 'NONE',  ( 0.4660067478332587942, 0.5659520544086338312, 0.4499999999999999001 ) ) ;
#2256 = CARTESIAN_POINT ( 'NONE',  ( 0.7778951464180026143, 0.1757877114285712195, 0.4500000000000000666 ) ) ;
#2257 = PRESENTATION_LAYER_ASSIGNMENT (  '', '', ( #4720 ) ) ;
#2258 = CARTESIAN_POINT ( 'NONE',  ( 0.5474980662278191579, 0.6324552639853529001, 0.4489999999999998437 ) ) ;
#2259 = FILL_AREA_STYLE_COLOUR ( '', #4455 ) ;
#2260 = CARTESIAN_POINT ( 'NONE',  ( 0.6625340714462883973, 0.2377776190614239726, 0.4489999999999998992 ) ) ;
#2261 = CARTESIAN_POINT ( 'NONE',  ( 0.7590662286268885506, 0.6951991909835628647, 0.4490000000000061164 ) ) ;
#2262 = DIRECTION ( 'NONE',  ( 1.000000000000000000, -0.0000000000000000000, 0.0000000000000000000 ) ) ;
#2263 = CARTESIAN_POINT ( 'NONE',  ( 0.8900184999700109234, 0.4974211549695313206, 0.4489999999999999547 ) ) ;
#2264 = SURFACE_SIDE_STYLE ('',( #1130 ) ) ;
#2265 = STYLED_ITEM ( 'NONE', ( #6929 ), #2911 ) ;
#2266 = VERTEX_POINT ( 'NONE', #6457 ) ;
#2267 = PLANE ( 'NONE',  #2591 ) ;
#2268 = CARTESIAN_POINT ( 'NONE',  ( 0.7269582759978838737, 0.6201708477116411045, 0.4489999999999997327 ) ) ;
#2269 = VECTOR ( 'NONE', #6867, 1000.000000000000000 ) ;
#2270 = CARTESIAN_POINT ( 'NONE',  ( 0.3191699953845023585, 0.5217247697082688651, 0.4489999999999990110 ) ) ;
#2271 = EDGE_CURVE ( 'NONE', #6855, #5242, #1552, .T. ) ;
#2272 = DIRECTION ( 'NONE',  ( 1.000000000000000000, -2.551063935260010984E-16, -0.0000000000000000000 ) ) ;
#2273 = PRESENTATION_LAYER_ASSIGNMENT (  '', '', ( #5444 ) ) ;
#2274 = ORIENTED_EDGE ( 'NONE', *, *, #1742, .T. ) ;
#2275 = SURFACE_STYLE_FILL_AREA ( #2310 ) ;
#2276 = SURFACE_STYLE_USAGE ( .BOTH. , #68 ) ;
#2277 = VECTOR ( 'NONE', #324, 1000.000000000000000 ) ;
#2278 = UNCERTAINTY_MEASURE_WITH_UNIT (LENGTH_MEASURE( 1.000000000000000082E-05 ), #966, 'distance_accuracy_value', 'NONE');
#2279 = ADVANCED_FACE ( 'NONE', ( #4280 ), #2859, .T. ) ;
#2280 = CARTESIAN_POINT ( 'NONE',  ( 0.3800627603113274633, 0.6116796389586545146, 0.4489999999999992886 ) ) ;
#2281 = FILL_AREA_STYLE ('',( #73 ) ) ;
#2282 = ORIENTED_EDGE ( 'NONE', *, *, #5150, .F. ) ;
#2283 =( GEOMETRIC_REPRESENTATION_CONTEXT ( 3 ) GLOBAL_UNCERTAINTY_ASSIGNED_CONTEXT ( ( #688 ) ) GLOBAL_UNIT_ASSIGNED_CONTEXT ( ( #3476, #5704, #5122 ) ) REPRESENTATION_CONTEXT ( 'NONE', 'WORKASPACE' ) );
#2284 = CARTESIAN_POINT ( 'NONE',  ( 0.7723552007758737181, 0.6570025609362674102, 0.4489999999999998992 ) ) ;
#2285 = SURFACE_STYLE_FILL_AREA ( #1151 ) ;
#2286 = CARTESIAN_POINT ( 'NONE',  ( 0.7663868907844854084, 0.3661388260093618174, 0.4500000000000001221 ) ) ;
#2287 = CARTESIAN_POINT ( 'NONE',  ( 0.7518259030861340619, 0.2403879940964416539, 0.4489999999999999547 ) ) ;
#2288 = CARTESIAN_POINT ( 'NONE',  ( 0.8086667430741568685, 0.2153801792822913896, 0.4490000000000001767 ) ) ;
#2289 = CARTESIAN_POINT ( 'NONE',  ( 0.8409604855569888793, 0.2792290251457559824, 0.4500000000000001776 ) ) ;
#2290 = CARTESIAN_POINT ( 'NONE',  ( 0.8968410924119321059, 0.4098635943543103566, 0.4490000000000088920 ) ) ;
#2291 = VERTEX_POINT ( 'NONE', #1186 ) ;
#2292 = MECHANICAL_DESIGN_GEOMETRIC_PRESENTATION_REPRESENTATION (  '', ( #4055 ), #1245 ) ;
#2293 = CARTESIAN_POINT ( 'NONE',  ( 0.7856938417880572345, 0.4057525774297749965, 0.4500000000000000666 ) ) ;
#2294 = PRESENTATION_STYLE_ASSIGNMENT (( #2742 ) ) ;
#2295 = CARTESIAN_POINT ( 'NONE',  ( 0.7071732391807146190, 0.6879483275853796043, 0.4490000000000003988 ) ) ;
#2296 = CARTESIAN_POINT ( 'NONE',  ( 0.4052913307953756039, 0.5422066219314348734, 0.4489999999999998992 ) ) ;
#2297 = CARTESIAN_POINT ( 'NONE',  ( 0.9298874644424908187, 0.2552598326480882140, 0.4490000000000000102 ) ) ;
#2298 = ORIENTED_EDGE ( 'NONE', *, *, #5813, .F. ) ;
#2299 = ORIENTED_EDGE ( 'NONE', *, *, #3002, .T. ) ;
#2300 = CARTESIAN_POINT ( 'NONE',  ( 0.7271170842420837666, 0.6263870496047119207, 0.4490000000000000102 ) ) ;
#2301 = CARTESIAN_POINT ( 'NONE',  ( 0.8307136591724870733, 0.1523931031255262858, 0.4489999999999997327 ) ) ;
#2302 = PRESENTATION_STYLE_ASSIGNMENT (( #5578 ) ) ;
#2303 = CARTESIAN_POINT ( 'NONE',  ( 0.5538922937123569312, 0.3561736785241921832, 0.4499999999999995670 ) ) ;
#2304 =( GEOMETRIC_REPRESENTATION_CONTEXT ( 3 ) GLOBAL_UNCERTAINTY_ASSIGNED_CONTEXT ( ( #5675 ) ) GLOBAL_UNIT_ASSIGNED_CONTEXT ( ( #3766, #3647, #5334 ) ) REPRESENTATION_CONTEXT ( 'NONE', 'WORKASPACE' ) );
#2305 = FILL_AREA_STYLE ('',( #1906 ) ) ;
#2306 = CARTESIAN_POINT ( 'NONE',  ( 0.3666643028783553304, 0.6942222449900196102, 0.4500000000000001776 ) ) ;
#2307 = ORIENTED_EDGE ( 'NONE', *, *, #3128, .T. ) ;
#2308 = VERTEX_POINT ( 'NONE', #6196 ) ;
#2309 = CARTESIAN_POINT ( 'NONE',  ( 0.01000000000000002102, 0.05895042793126380187, 0.4500000000000000111 ) ) ;
#2310 = FILL_AREA_STYLE ('',( #6328 ) ) ;
#2311 = CARTESIAN_POINT ( 'NONE',  ( 0.5798142021585889205, 0.7014071524627348841, 0.4499999999999981237 ) ) ;
#2312 = CARTESIAN_POINT ( 'NONE',  ( 0.3449513925982160556, 0.5720472233455996536, 0.4500000000000000666 ) ) ;
#2313 = EDGE_CURVE ( 'NONE', #1798, #5281, #5049, .T. ) ;
#2314 = DIRECTION ( 'NONE',  ( 0.0000000000000000000, -0.0000000000000000000, 1.000000000000000000 ) ) ;
#2315 = ORIENTED_EDGE ( 'NONE', *, *, #2048, .F. ) ;
#2316 = EDGE_CURVE ( 'NONE', #114, #310, #3878, .T. ) ;
#2317 = CARTESIAN_POINT ( 'NONE',  ( 0.7746873033888143079, 0.6289177996009415184, 0.4500000000000000666 ) ) ;
#2318 = SURFACE_STYLE_USAGE ( .BOTH. , #4677 ) ;
#2319 = FILL_AREA_STYLE ('',( #1332 ) ) ;
#2320 = CARTESIAN_POINT ( 'NONE',  ( 0.5963819249943782541, 0.4961282791688648719, 0.4500000000000000666 ) ) ;
#2321 =( LENGTH_UNIT ( ) NAMED_UNIT ( * ) SI_UNIT ( .MILLI., .METRE. ) );
#2322 = CARTESIAN_POINT ( 'NONE',  ( 0.01000000000000021531, 0.7910495720687362731, 0.4500000000000000111 ) ) ;
#2323 = B_SPLINE_SURFACE_WITH_KNOTS ( 'NONE', 3, 1, ( 
 ( #5074, #67 ),
 ( #139, #4038 ),
 ( #6185, #4075 ),
 ( #1174, #2342 ),
 ( #1253, #3422 ),
 ( #5757, #712 ),
 ( #2866, #2930 ),
 ( #5179, #6832 ),
 ( #1839, #6293 ),
 ( #1287, #744 ),
 ( #389, #5394 ),
 ( #5283, #4699 ),
 ( #5361, #3158 ),
 ( #352, #6941 ),
 ( #3754, #4777 ) ),
 .UNSPECIFIED., .F., .F., .F.,
 ( 4, 1, 1, 1, 1, 1, 1, 1, 1, 1, 1, 1, 4 ),
 ( 2, 2 ),
 ( 0.0000000000000000000, 0.08961452888211607348, 0.1749485612865259443, 0.2575481258745663249, 0.3389007874900947237, 0.4200531858831909049, 0.5014014271193617533, 0.5842520267159581060, 0.6703704767286311483, 0.7564732666582519860, 0.8392065940498488752, 0.9201204666578205460, 1.000000000000000000 ),
 ( 0.0000000000000000000, 1.000000000000000000 ),
 .UNSPECIFIED. ) ;
#2324 = ORIENTED_EDGE ( 'NONE', *, *, #4407, .F. ) ;
#2325 = EDGE_CURVE ( 'NONE', #4586, #3243, #3912, .T. ) ;
#2326 = CARTESIAN_POINT ( 'NONE',  ( 0.7271979871494980152, 0.6295538172291467172, 0.4489999999999877978 ) ) ;
#2327 = CARTESIAN_POINT ( 'NONE',  ( 0.8702775980048872428, 0.3630298896958735200, 0.4490000000000005098 ) ) ;
#2328 = PRESENTATION_LAYER_ASSIGNMENT (  '', '', ( #3759 ) ) ;
#2329 = CARTESIAN_POINT ( 'NONE',  ( 0.4098105236799790552, 0.5455499390546274530, 0.4500000000000000111 ) ) ;
#2330 = CARTESIAN_POINT ( 'NONE',  ( 0.4111686596913720071, 0.4935308224767661067, 0.4490000000000000102 ) ) ;
#2331 =( LENGTH_UNIT ( ) NAMED_UNIT ( * ) SI_UNIT ( .MILLI., .METRE. ) );
#2332 = ORIENTED_EDGE ( 'NONE', *, *, #5686, .T. ) ;
#2333 = LINE ( 'NONE', #801, #5167 ) ;
#2334 = CARTESIAN_POINT ( 'NONE',  ( 0.9061061006282998820, 0.3991328626693183002, 0.4499999999999964029 ) ) ;
#2335 = CARTESIAN_POINT ( 'NONE',  ( 0.5773611730987844304, 0.5606822887382629794, 0.4489999999999999547 ) ) ;
#2336 =( GEOMETRIC_REPRESENTATION_CONTEXT ( 3 ) GLOBAL_UNCERTAINTY_ASSIGNED_CONTEXT ( ( #2201 ) ) GLOBAL_UNIT_ASSIGNED_CONTEXT ( ( #1530, #3889, #6713 ) ) REPRESENTATION_CONTEXT ( 'NONE', 'WORKASPACE' ) );
#2337 = CARTESIAN_POINT ( 'NONE',  ( 0.5722409547152408349, 0.5650236739246543571, 0.4499999999999986233 ) ) ;
#2338 = CARTESIAN_POINT ( 'NONE',  ( 0.5052149169284910757, 0.5894368269985874598, 0.4499999999999991784 ) ) ;
#2339 = B_SPLINE_CURVE_WITH_KNOTS ( 'NONE', 3,
 ( #2688, #7103, #4393, #2732, #3221, #3809, #1510, #3139, #5454, #6020, #6591, #1442, #1995, #3696, #904, #411, #2037, #4977, #7134, #3846, #3180, #3254, #446, #5494, #2656, #974, #5413 ),
 .UNSPECIFIED., .F., .F.,
 ( 4, 1, 1, 1, 1, 1, 1, 1, 1, 1, 1, 1, 1, 1, 1, 1, 1, 1, 1, 1, 1, 1, 1, 1, 4 ),
 ( 0.0000000000000000000, 9.178348337364352252E-06, 1.829150522216856274E-05, 2.726283379687243153E-05, 3.625420306073060634E-05, 4.517901518447363520E-05, 5.421033241545189925E-05, 6.329985022573776014E-05, 7.253075145311477906E-05, 8.172731339828894056E-05, 9.077729553736443944E-05, 9.978101140276174970E-05, 0.0001087108640138103618, 0.0001176407166248589060, 0.0001266107911698425128, 0.0001355868207956321579, 0.0001447553586169053965, 0.0001538893227027748921, 0.0001629570009182309100, 0.0001719694585605143009, 0.0001809806678967363085, 0.0001900116737190897607, 0.0001991400938553810078, 0.0002084115793541891964, 0.0002178019687194165022 ),
 .UNSPECIFIED. ) ;
#2340 = ORIENTED_EDGE ( 'NONE', *, *, #4539, .T. ) ;
#2341 = CARTESIAN_POINT ( 'NONE',  ( 0.4050896699022142333, 0.7145250815302993663, 0.4489999999999998992 ) ) ;
#2342 = CARTESIAN_POINT ( 'NONE',  ( 0.6601365735976367777, 0.4280597760131801266, 0.4499999999999999556 ) ) ;
#2343 = VECTOR ( 'NONE', #6202, 1000.000000000000000 ) ;
#2344 = SURFACE_SIDE_STYLE ('',( #2901 ) ) ;
#2345 = CARTESIAN_POINT ( 'NONE',  ( 0.5489163453945823390, 0.6482664026142810343, 0.4499999999999979572 ) ) ;
#2346 = UNCERTAINTY_MEASURE_WITH_UNIT (LENGTH_MEASURE( 1.000000000000000082E-05 ), #972, 'distance_accuracy_value', 'NONE');
#2347 = CARTESIAN_POINT ( 'NONE',  ( 0.8840672632462134306, 0.2397732881781988734, 0.4500000000000001776 ) ) ;
#2348 = CARTESIAN_POINT ( 'NONE',  ( 0.3544593302431795490, 0.5573236532942394961, 0.4500000000000001776 ) ) ;
#2349 = DIRECTION ( 'NONE',  ( 0.0000000000000000000, 1.000000000000000000, 0.0000000000000000000 ) ) ;
#2350 = ORIENTED_EDGE ( 'NONE', *, *, #5062, .T. ) ;
#2351 = ORIENTED_EDGE ( 'NONE', *, *, #3577, .F. ) ;
#2352 = CARTESIAN_POINT ( 'NONE',  ( 0.8173302825864950938, 0.3686873699070133958, 0.4500000000000002887 ) ) ;
#2353 = COLOUR_RGB ( '',1.000000000000000000, 1.000000000000000000, 1.000000000000000000 ) ;
#2354 = LINE ( 'NONE', #724, #3986 ) ;
#2355 = COLOUR_RGB ( '',1.000000000000000000, 1.000000000000000000, 1.000000000000000000 ) ;
#2356 = CARTESIAN_POINT ( 'NONE',  ( 0.5836746450260973385, 0.5007606054347254476, 0.4500000000000001776 ) ) ;
#2357 = EDGE_CURVE ( 'NONE', #3507, #4180, #4433, .T. ) ;
#2358 = CARTESIAN_POINT ( 'NONE',  ( 0.4110275124240767575, 0.6515858940552348155, 0.4489999999999999547 ) ) ;
#2359 = PRESENTATION_LAYER_ASSIGNMENT (  '', '', ( #1658 ) ) ;
#2360 = SURFACE_STYLE_FILL_AREA ( #5230 ) ;
#2361 = SURFACE_STYLE_USAGE ( .BOTH. , #3026 ) ;
#2362 = CARTESIAN_POINT ( 'NONE',  ( 0.6232443392506641366, 0.2664117153838349017, 0.4490000000000000102 ) ) ;
#2363 = CARTESIAN_POINT ( 'NONE',  ( 0.6076509144432330478, 0.3667671976943596701, 0.4490000000000131108 ) ) ;
#2364 = CARTESIAN_POINT ( 'NONE',  ( 0.3171729706529584081, 0.6920046022186432388, 0.4499999999999988454 ) ) ;
#2365 = DIRECTION ( 'NONE',  ( 0.0000000000000000000, 0.0000000000000000000, 1.000000000000000000 ) ) ;
#2366 = DIRECTION ( 'NONE',  ( 0.0000000000000000000, 0.0000000000000000000, 1.000000000000000000 ) ) ;
#2367 = UNCERTAINTY_MEASURE_WITH_UNIT (LENGTH_MEASURE( 1.000000000000000082E-05 ), #6115, 'distance_accuracy_value', 'NONE');
#2368 = ADVANCED_FACE ( 'NONE', ( #5563 ), #13, .T. ) ;
#2369 = PLANE ( 'NONE',  #4833 ) ;
#2370 = CARTESIAN_POINT ( 'NONE',  ( 0.8934925498514032505, 0.3012946789347525356, 0.4490000000000001212 ) ) ;
#2371 = ORIENTED_EDGE ( 'NONE', *, *, #4448, .F. ) ;
#2372 = PRODUCT_CONTEXT ( 'NONE', #4200, 'mechanical' ) ;
#2373 = ORIENTED_EDGE ( 'NONE', *, *, #1246, .F. ) ;
#2374 = CARTESIAN_POINT ( 'NONE',  ( 0.9098027582634253818, 0.3933794148620262110, 0.4499999999999961253 ) ) ;
#2375 = AXIS2_PLACEMENT_3D ( 'NONE', #3301, #676, #7188 ) ;
#2376 = SURFACE_STYLE_USAGE ( .BOTH. , #3594 ) ;
#2377 = CARTESIAN_POINT ( 'NONE',  ( 0.5010142748934545143, 0.6483852296141183746, 0.4490000000000065050 ) ) ;
#2378 = CARTESIAN_POINT ( 'NONE',  ( 0.3954362059715527122, 0.7196864615412812416, 0.4499999999999997891 ) ) ;
#2379 = CARTESIAN_POINT ( 'NONE',  ( 0.5021314550143107791, 0.6024708871356283524, 0.4499999999999992895 ) ) ;
#2380 = EDGE_LOOP ( 'NONE', ( #5897, #5328, #205, #2461 ) ) ;
#2381 = CARTESIAN_POINT ( 'NONE',  ( 0.6045670560248184167, 0.4241224705019307484, 0.4499999999999942379 ) ) ;
#2382 = DIRECTION ( 'NONE',  ( 0.0000000000000000000, 0.0000000000000000000, 1.000000000000000000 ) ) ;
#2383 = CIRCLE ( 'NONE', #3335, 0.01000000000000002623 ) ;
#2384 = SURFACE_STYLE_FILL_AREA ( #5184 ) ;
#2385 = CARTESIAN_POINT ( 'NONE',  ( 0.3705137378718256214, 0.5428110117273410307, 0.4500000000000000666 ) ) ;
#2386 = SURFACE_STYLE_USAGE ( .BOTH. , #186 ) ;
#2387 = ORIENTED_EDGE ( 'NONE', *, *, #2871, .F. ) ;
#2388 = EDGE_LOOP ( 'NONE', ( #27, #3116, #3520 ) ) ;
#2389 = CARTESIAN_POINT ( 'NONE',  ( 0.4632859057570742900, 0.3794638487972963325, 0.4489999999999999547 ) ) ;
#2390 = SURFACE_SIDE_STYLE ('',( #6805 ) ) ;
#2391 = FACE_OUTER_BOUND ( 'NONE', #892, .T. ) ;
#2392 = FILL_AREA_STYLE_COLOUR ( '', #2691 ) ;
#2393 = FILL_AREA_STYLE_COLOUR ( '', #2895 ) ;
#2394 = AXIS2_PLACEMENT_3D ( 'NONE', #6532, #6571, #1566 ) ;
#2395 = CARTESIAN_POINT ( 'NONE',  ( 0.8882252367463925324, 0.3036909240068918492, 0.4500000000000000111 ) ) ;
#2396 = CARTESIAN_POINT ( 'NONE',  ( 0.3179336485781905086, 0.7149785559936955304, 0.4500000000000000111 ) ) ;
#2397 = CARTESIAN_POINT ( 'NONE',  ( 0.6681779216871021054, 0.3317358532314023112, 0.4500000000000000666 ) ) ;
#2398 = CARTESIAN_POINT ( 'NONE',  ( 0.6322545889835698985, 0.2030749599084074875, 0.4489999999999999547 ) ) ;
#2399 = CIRCLE ( 'NONE', #6485, 0.009999999999999949901 ) ;
#2400 = FILL_AREA_STYLE_COLOUR ( '', #5478 ) ;
#2401 = LINE ( 'NONE', #4655, #1663 ) ;
#2402 = EDGE_LOOP ( 'NONE', ( #2998, #3898, #3197, #5170 ) ) ;
#2403 = ADVANCED_FACE ( 'NONE', ( #6341 ), #3611, .T. ) ;
#2404 = ORIENTED_EDGE ( 'NONE', *, *, #5376, .F. ) ;
#2405 = CARTESIAN_POINT ( 'NONE',  ( 0.8467188313160367574, 0.4302847193217502197, 0.4499999999999964029 ) ) ;
#2406 = EDGE_CURVE ( 'NONE', #357, #858, #299, .T. ) ;
#2407 = PRESENTATION_LAYER_ASSIGNMENT (  '', '', ( #5117 ) ) ;
#2408 = CARTESIAN_POINT ( 'NONE',  ( 0.6385087623275870206, 0.4303452590537065747, 0.4489999999999999547 ) ) ;
#2409 = CARTESIAN_POINT ( 'NONE',  ( 0.5999381521228969172, 0.5459701231261597787, 0.4500000000000004552 ) ) ;
#2410 = CARTESIAN_POINT ( 'NONE',  ( 0.4098241972258935828, 0.7106495557316864220, 0.4499999999999997891 ) ) ;
#2411 = CARTESIAN_POINT ( 'NONE',  ( 0.7148128668492125248, 0.3261758017669613152, 0.4500000000000000666 ) ) ;
#2412 = ORIENTED_EDGE ( 'NONE', *, *, #3981, .T. ) ;
#2413 = PRESENTATION_LAYER_ASSIGNMENT (  '', '', ( #4428 ) ) ;
#2414 = CARTESIAN_POINT ( 'NONE',  ( 0.7010568520765242395, 0.6947283103712061925, 0.4499999999999994560 ) ) ;
#2415 = SURFACE_STYLE_USAGE ( .BOTH. , #4003 ) ;
#2416 = CARTESIAN_POINT ( 'NONE',  ( 0.5588791212278434450, 0.3748454818169395519, 0.4499999999999943490 ) ) ;
#2417 = EDGE_CURVE ( 'NONE', #2827, #926, #3249, .T. ) ;
#2418 = CARTESIAN_POINT ( 'NONE',  ( 0.4592225597990707286, 0.7266525084684629654, 0.4500000000000000666 ) ) ;
#2419 = STYLED_ITEM ( 'NONE', ( #1506 ), #2457 ) ;
#2420 = CARTESIAN_POINT ( 'NONE',  ( 0.8826335286203220720, 0.3055267995184502428, 0.4500000000000001221 ) ) ;
#2421 =( NAMED_UNIT ( * ) PLANE_ANGLE_UNIT ( ) SI_UNIT ( $, .RADIAN. ) );
#2422 = CARTESIAN_POINT ( 'NONE',  ( 0.09000000000000023259, 0.04999999999999996808, -0.005000000000000013115 ) ) ;
#2423 = VERTEX_POINT ( 'NONE', #930 ) ;
#2424 = ORIENTED_EDGE ( 'NONE', *, *, #3324, .F. ) ;
#2425 = CARTESIAN_POINT ( 'NONE',  ( 0.8134626639248524471, 0.3607973521932674732, 0.4500000000000001776 ) ) ;
#2426 = CARTESIAN_POINT ( 'NONE',  ( 0.7592749955675411888, 0.5632781864686681184, 0.4490000000000087810 ) ) ;
#2427 = FILL_AREA_STYLE ('',( #6339 ) ) ;
#2428 = PRESENTATION_STYLE_ASSIGNMENT (( #2983 ) ) ;
#2429 = FACE_OUTER_BOUND ( 'NONE', #18, .T. ) ;
#2430 = CARTESIAN_POINT ( 'NONE',  ( 0.6299048809356051493, 0.2735536813222016472, 0.4499999999999999556 ) ) ;
#2431 = CARTESIAN_POINT ( 'NONE',  ( 0.6345493401366599784, 0.3828115064363112330, 0.4490000000000129998 ) ) ;
#2432 = CARTESIAN_POINT ( 'NONE',  ( 1.160000000000000142, -0.09999999999999999167, -0.005000000000000013115 ) ) ;
#2433 = CARTESIAN_POINT ( 'NONE',  ( 0.3044190385293000234, 0.5446161642154427884, 0.4499999999999997335 ) ) ;
#2434 = CARTESIAN_POINT ( 'NONE',  ( 0.3676467713036473128, 0.7133316938849203481, 0.4500000000000007883 ) ) ;
#2435 = CARTESIAN_POINT ( 'NONE',  ( 0.8651015384221079074, 0.3422706663032345498, 0.4500000000000001221 ) ) ;
#2436 = UNCERTAINTY_MEASURE_WITH_UNIT (LENGTH_MEASURE( 1.000000000000000082E-05 ), #3066, 'distance_accuracy_value', 'NONE');
#2437 = CARTESIAN_POINT ( 'NONE',  ( 0.6703236480995278246, 0.3501151711890711504, 0.4489999999999998992 ) ) ;
#2438 = FILL_AREA_STYLE ('',( #735 ) ) ;
#2439 = ORIENTED_EDGE ( 'NONE', *, *, #2676, .F. ) ;
#2440 = MANIFOLD_SOLID_BREP ( 'NONE', #2516 ) ;
#2441 = ORIENTED_EDGE ( 'NONE', *, *, #6956, .T. ) ;
#2442 = CARTESIAN_POINT ( 'NONE',  ( 0.5930182015669389628, 0.5495063098653082401, 0.4490000000000000102 ) ) ;
#2443 = EDGE_CURVE ( 'NONE', #349, #1793, #3132, .T. ) ;
#2444 = FILL_AREA_STYLE ('',( #5856 ) ) ;
#2445 = FACE_OUTER_BOUND ( 'NONE', #2520, .T. ) ;
#2446 = CARTESIAN_POINT ( 'NONE',  ( 0.5773611730987844304, 0.5606822887382629794, 0.4499999999999984013 ) ) ;
#2447 = EDGE_CURVE ( 'NONE', #2928, #1232, #2105, .T. ) ;
#2448 = CARTESIAN_POINT ( 'NONE',  ( 0.7177712286907476091, 0.3449298085352433541, 0.4490000000000000102 ) ) ;
#2449 = ORIENTED_EDGE ( 'NONE', *, *, #6075, .T. ) ;
#2450 = STYLED_ITEM ( 'NONE', ( #4635 ), #7087 ) ;
#2451 = CARTESIAN_POINT ( 'NONE',  ( 0.4237115755576177367, 0.6941626079609843902, 0.4489999999999834679 ) ) ;
#2452 = CARTESIAN_POINT ( 'NONE',  ( 0.4355335073562080495, 0.7507929972749224357, 0.4499999999999992339 ) ) ;
#2453 = DIRECTION ( 'NONE',  ( 0.0000000000000000000, -0.0000000000000000000, 1.000000000000000000 ) ) ;
#2454 = CARTESIAN_POINT ( 'NONE',  ( 0.4125010917314502756, 0.5806293509899915772, 0.4500000000000000666 ) ) ;
#2455 = CARTESIAN_POINT ( 'NONE',  ( 0.4355335073562080495, 0.7507929972749224357, 0.4490000000000067271 ) ) ;
#2456 = CARTESIAN_POINT ( 'NONE',  ( 0.5518974551512056959, 0.3389589421095928756, 0.4490000000000072822 ) ) ;
#2457 = ADVANCED_FACE ( 'NONE', ( #4346 ), #215, .T. ) ;
#2458 = DIRECTION ( 'NONE',  ( 0.0000000000000000000, 0.0000000000000000000, 1.000000000000000000 ) ) ;
#2459 = VECTOR ( 'NONE', #2547, 1000.000000000000000 ) ;
#2460 = LINE ( 'NONE', #2422, #5267 ) ;
#2461 = ORIENTED_EDGE ( 'NONE', *, *, #4483, .T. ) ;
#2462 = EDGE_LOOP ( 'NONE', ( #3621, #3539, #3834, #3227, #2441, #2298, #4856, #5064, #565, #4020, #1328, #497 ) ) ;
#2463 = B_SPLINE_CURVE_WITH_KNOTS ( 'NONE', 3,
 ( #476, #2280, #5037, #2247, #4495, #6724, #1177, #2684, #6053, #3276, #5520, #2721, #7165, #2174, #4427 ),
 .UNSPECIFIED., .F., .F.,
 ( 4, 1, 1, 1, 1, 1, 1, 1, 1, 1, 1, 1, 4 ),
 ( 5.421010862427522170E-20, 1.326793874900579488E-05, 2.546519036734727338E-05, 3.667141237826759625E-05, 4.685467697880182913E-05, 5.602404289559166476E-05, 6.415261111714334516E-05, 7.129785981435017594E-05, 7.747515114218859425E-05, 8.848923482185576644E-05, 9.884026095179471421E-05, 0.0001087383667003212598, 0.0001183321141320736020 ),
 .UNSPECIFIED. ) ;
#2464 = CARTESIAN_POINT ( 'NONE',  ( 0.4100477107691551937, 0.5837595703951855564, 0.4490000000000000657 ) ) ;
#2465 = CARTESIAN_POINT ( 'NONE',  ( 0.6520274486984928286, 0.4910020920965576519, 0.4490000000000086144 ) ) ;
#2466 = CARTESIAN_POINT ( 'NONE',  ( 0.6037290529188498178, 0.3591911867706752970, 0.4499999999999985678 ) ) ;
#2467 = PRESENTATION_STYLE_ASSIGNMENT (( #6919 ) ) ;
#2468 = COLOUR_RGB ( '',1.000000000000000000, 1.000000000000000000, 1.000000000000000000 ) ;
#2469 = CARTESIAN_POINT ( 'NONE',  ( 0.5963819249943782541, 0.4961282791688648719, 0.4489999999999999547 ) ) ;
#2470 = CARTESIAN_POINT ( 'NONE',  ( 0.9284599990146107373, 0.2606879160112522964, 0.4499999999999999556 ) ) ;
#2471 = CARTESIAN_POINT ( 'NONE',  ( 0.3244713371634093124, 0.7332057302294440193, 0.4500000000000001776 ) ) ;
#2472 = VECTOR ( 'NONE', #3157, 1000.000000000000000 ) ;
#2473 = CARTESIAN_POINT ( 'NONE',  ( 0.5391512177199454525, 0.5317172529240469236, 0.4490000000000062275 ) ) ;
#2474 = LINE ( 'NONE', #4724, #1183 ) ;
#2475 = CARTESIAN_POINT ( 'NONE',  ( 0.3279957470003520004, 0.6646332561557865004, 0.4499999999999989009 ) ) ;
#2476 = CARTESIAN_POINT ( 'NONE',  ( 0.8368792441169358165, 0.3271328287803115797, 0.4489999999999999547 ) ) ;
#2477 =( GEOMETRIC_REPRESENTATION_CONTEXT ( 3 ) GLOBAL_UNCERTAINTY_ASSIGNED_CONTEXT ( ( #4652 ) ) GLOBAL_UNIT_ASSIGNED_CONTEXT ( ( #5919, #447, #975 ) ) REPRESENTATION_CONTEXT ( 'NONE', 'WORKASPACE' ) );
#2478 = FACE_OUTER_BOUND ( 'NONE', #6821, .T. ) ;
#2479 = CARTESIAN_POINT ( 'NONE',  ( 0.6370954898204381767, 0.7212993600977364306, 0.4500000000000000111 ) ) ;
#2480 = DIRECTION ( 'NONE',  ( -0.6750262159576431165, 0.7377937433794796718, 0.0000000000000000000 ) ) ;
#2481 = ORIENTED_EDGE ( 'NONE', *, *, #5902, .F. ) ;
#2482 = ORIENTED_EDGE ( 'NONE', *, *, #1343, .T. ) ;
#2483 = FACE_OUTER_BOUND ( 'NONE', #1314, .T. ) ;
#2484 =( GEOMETRIC_REPRESENTATION_CONTEXT ( 3 ) GLOBAL_UNCERTAINTY_ASSIGNED_CONTEXT ( ( #3240 ) ) GLOBAL_UNIT_ASSIGNED_CONTEXT ( ( #4382, #1, #6795 ) ) REPRESENTATION_CONTEXT ( 'NONE', 'WORKASPACE' ) );
#2485 = CARTESIAN_POINT ( 'NONE',  ( 0.6300380555541250649, 0.5383039527783713973, 0.4489999999999998992 ) ) ;
#2486 =( LENGTH_UNIT ( ) NAMED_UNIT ( * ) SI_UNIT ( .MILLI., .METRE. ) );
#2487 = CARTESIAN_POINT ( 'NONE',  ( 0.5101980998486425056, 0.6833446248878595197, 0.4490000000000065050 ) ) ;
#2488 =( NAMED_UNIT ( * ) SI_UNIT ( $, .STERADIAN. ) SOLID_ANGLE_UNIT ( ) );
#2489 = ORIENTED_EDGE ( 'NONE', *, *, #4483, .F. ) ;
#2490 = ORIENTED_EDGE ( 'NONE', *, *, #6427, .T. ) ;
#2491 = LINE ( 'NONE', #886, #2472 ) ;
#2492 = CARTESIAN_POINT ( 'NONE',  ( 0.7271979871494980152, 0.6295538172291467172, 0.4489999999999877978 ) ) ;
#2493 = CARTESIAN_POINT ( 'NONE',  ( 0.5560283159676524534, 0.3658073687014982145, 0.4499999999999945710 ) ) ;
#2494 = CARTESIAN_POINT ( 'NONE',  ( 0.8245751200994463348, 0.3763255311933852432, 0.4489999999999998992 ) ) ;
#2495 = CARTESIAN_POINT ( 'NONE',  ( 0.3852019626742175240, 0.6073341433407981604, 0.4490000000000000102 ) ) ;
#2496 = CARTESIAN_POINT ( 'NONE',  ( 0.8582772324731173796, 0.2739730944959270498, 0.4500000000000001221 ) ) ;
#2497 = CARTESIAN_POINT ( 'NONE',  ( 0.9091116734257393972, 0.3288214896694118816, 0.4489999999999998437 ) ) ;
#2498 = SURFACE_STYLE_USAGE ( .BOTH. , #1390 ) ;
#2499 = VECTOR ( 'NONE', #6074, 1000.000000000000000 ) ;
#2500 = CARTESIAN_POINT ( 'NONE',  ( 1.239999999999999991, 0.04960308924011202353, 0.4464278031610111608 ) ) ;
#2501 = ORIENTED_EDGE ( 'NONE', *, *, #4029, .T. ) ;
#2502 = VERTEX_POINT ( 'NONE', #2 ) ;
#2503 = CARTESIAN_POINT ( 'NONE',  ( 0.8776648186413937847, 0.2585093094844259087, 0.4490000000000002323 ) ) ;
#2504 = FACE_OUTER_BOUND ( 'NONE', #4437, .T. ) ;
#2505 = VECTOR ( 'NONE', #3349, 1000.000000000000000 ) ;
#2506 = EDGE_CURVE ( 'NONE', #737, #4842, #6154, .T. ) ;
#2507 = CARTESIAN_POINT ( 'NONE',  ( 0.6750331110584962824, 0.2526474701383337740, 0.4490000000000642366 ) ) ;
#2508 = CARTESIAN_POINT ( 'NONE',  ( 0.4575377609864390571, 0.5294514786135339213, 0.4500000000000000666 ) ) ;
#2509 = CARTESIAN_POINT ( 'NONE',  ( 0.01000000000000023266, 0.8009884094154724465, 0.4411043152607484474 ) ) ;
#2510 = DIRECTION ( 'NONE',  ( 1.000000000000000000, 0.0000000000000000000, 0.0000000000000000000 ) ) ;
#2511 = PRESENTATION_LAYER_ASSIGNMENT (  '', '', ( #4033 ) ) ;
#2512 = CARTESIAN_POINT ( 'NONE',  ( 0.5219384089992237241, 0.5532587371566837220, 0.4490000000000062830 ) ) ;
#2513 = CARTESIAN_POINT ( 'NONE',  ( 1.160000000000000142, -0.09999999999999999167, -0.005000000000000013115 ) ) ;
#2514 = CARTESIAN_POINT ( 'NONE',  ( 0.3734071465316713967, 0.7183791586416338193, 0.4500000000000007327 ) ) ;
#2515 = PRESENTATION_LAYER_ASSIGNMENT (  '', '', ( #6134 ) ) ;
#2516 = CLOSED_SHELL ( 'NONE', ( #983, #4023, #6595, #2780, #4440, #1336, #843, #690, #3634, #5466, #2403, #5693, #105, #4298, #2989, #3310, #62, #3977, #1973, #160, #1032, #4837, #717, #3492, #2002, #7170, #931, #636, #6918, #2627, #3680, #3771, #6859, #5683, #2457, #3588, #3951, #2948, #1249, #6298, #1693, #1379, #6770, #5598, #2279, #5914, #1207, #5253, #2644, #5332, #2190, #5786, #1152, #4399, #1784, #5323, #6030, #2006, #6337, #4158, #6203, #1655, #2368, #1874, #6602, #3620, #812, #1116, #4665, #6522, #6907, #1702, #1508, #1461, #648, #6558, #1795, #5417, #1063, #4973, #3367, #3811, #2061, #4787, #1371, #598, #6295, #1194, #6131, #1965, #200, #945, #1155, #7087, #5065, #2102, #6727, #3623, #21, #2911, #1563, #595, #2546, #4761, #6822, #6424, #3226, #433, #6648, #2242, #4753, #896 ) ) ;
#2517 = CARTESIAN_POINT ( 'NONE',  ( 0.6608749748575576399, 0.3730427036401168239, 0.4500000000000000111 ) ) ;
#2518 = DIRECTION ( 'NONE',  ( 0.0000000000000000000, 0.0000000000000000000, 1.000000000000000000 ) ) ;
#2519 = CARTESIAN_POINT ( 'NONE',  ( 0.4068036938194940499, 0.6552413960062841713, 0.4500000000000001221 ) ) ;
#2520 = EDGE_LOOP ( 'NONE', ( #859, #3597, #5909, #1870, #742, #4525, #2371, #1591, #3926, #2569, #5091, #5966, #5208 ) ) ;
#2521 = CIRCLE ( 'NONE', #1455, 0.01000000000000002623 ) ;
#2522 = VECTOR ( 'NONE', #3206, 1000.000000000000000 ) ;
#2523 = CARTESIAN_POINT ( 'NONE',  ( 0.6380495162627459749, 0.5381262831746594921, 0.4500000000000000666 ) ) ;
#2524 = CARTESIAN_POINT ( 'NONE',  ( 0.7140576496916891669, 0.5130928345423616532, 0.4489999999999999547 ) ) ;
#2525 = CARTESIAN_POINT ( 'NONE',  ( 0.7148128668492125248, 0.3261758017669613152, 0.4490000000000000657 ) ) ;
#2526 = ORIENTED_EDGE ( 'NONE', *, *, #6992, .T. ) ;
#2527 = ORIENTED_EDGE ( 'NONE', *, *, #6688, .F. ) ;
#2528 = CARTESIAN_POINT ( 'NONE',  ( 0.3733229210947570098, 0.6859634688306001093, 0.4489999999999998437 ) ) ;
#2529 = DIRECTION ( 'NONE',  ( 0.0000000000000000000, 0.0000000000000000000, 1.000000000000000000 ) ) ;
#2530 = CARTESIAN_POINT ( 'NONE',  ( 0.8900184999700109234, 0.7145151720635484205, 0.4489999999999999547 ) ) ;
#2531 = CARTESIAN_POINT ( 'NONE',  ( 0.5518974551512056959, 0.3389589421095928756, 0.4499999999999943490 ) ) ;
#2532 = COLOUR_RGB ( '',1.000000000000000000, 1.000000000000000000, 1.000000000000000000 ) ;
#2533 = CARTESIAN_POINT ( 'NONE',  ( 0.4185174315939425571, 0.5631959780197450804, 0.4494999999999746421 ) ) ;
#2534 = VECTOR ( 'NONE', #6076, 1000.000000000000000 ) ;
#2535 = CARTESIAN_POINT ( 'NONE',  ( 0.9179282175933884957, 0.3580950648116366097, 0.4489999999999996771 ) ) ;
#2536 =( NAMED_UNIT ( * ) SI_UNIT ( $, .STERADIAN. ) SOLID_ANGLE_UNIT ( ) );
#2537 = EDGE_LOOP ( 'NONE', ( #6009, #6823, #5240, #1600 ) ) ;
#2538 = CARTESIAN_POINT ( 'NONE',  ( 0.9252902598202313866, 0.2046392621761362607, 0.4490000000000001767 ) ) ;
#2539 = LINE ( 'NONE', #1471, #5532 ) ;
#2540 = DIRECTION ( 'NONE',  ( 2.551063935260010491E-16, 1.000000000000000000, -0.0000000000000000000 ) ) ;
#2541 = B_SPLINE_CURVE_WITH_KNOTS ( 'NONE', 3,
 ( #4231, #7058, #3686, #5370, #3051, #5443, #2466, #822, #5948, #6982, #5877, #4305, #1990, #1364, #5977, #296, #5839, #4270, #2609 ),
 .UNSPECIFIED., .F., .F.,
 ( 4, 1, 1, 1, 1, 1, 1, 1, 1, 1, 1, 1, 1, 1, 1, 1, 4 ),
 ( 0.0000000000000000000, 5.385374525342446902E-06, 1.048209183896226100E-05, 1.535720450854371463E-05, 2.004417758013506519E-05, 2.452345046515958451E-05, 2.885807833284336578E-05, 3.305725698601991278E-05, 3.720928094859239578E-05, 4.120518500654981654E-05, 4.504710592938306730E-05, 4.877297509072581454E-05, 5.239747512300399615E-05, 5.597595663181593648E-05, 5.958046954068913490E-05, 6.324693559433189056E-05, 6.703202408154748399E-05 ),
 .UNSPECIFIED. ) ;
#2542 = EDGE_CURVE ( 'NONE', #5351, #638, #1147, .T. ) ;
#2543 = FILL_AREA_STYLE ('',( #3648 ) ) ;
#2544 = CARTESIAN_POINT ( 'NONE',  ( 0.7125912702023687872, 0.5783392577157856485, 0.4499999999999996780 ) ) ;
#2545 =( GEOMETRIC_REPRESENTATION_CONTEXT ( 3 ) GLOBAL_UNCERTAINTY_ASSIGNED_CONTEXT ( ( #1275 ) ) GLOBAL_UNIT_ASSIGNED_CONTEXT ( ( #6484, #2070, #405 ) ) REPRESENTATION_CONTEXT ( 'NONE', 'WORKASPACE' ) );
#2546 = ADVANCED_FACE ( 'NONE', ( #4386, #6654 ), #579, .T. ) ;
#2547 = DIRECTION ( 'NONE',  ( 0.0000000000000000000, 1.000000000000000000, 0.0000000000000000000 ) ) ;
#2548 = DIRECTION ( 'NONE',  ( 0.0000000000000000000, 0.0000000000000000000, 1.000000000000000000 ) ) ;
#2549 = CARTESIAN_POINT ( 'NONE',  ( 0.8900000000000001243, 0.01833333333333309750, 0.1650000000000000078 ) ) ;
#2550 = CARTESIAN_POINT ( 'NONE',  ( 0.5229761198392171018, 0.7074107486364815678, 0.4489999999999998992 ) ) ;
#2551 = CARTESIAN_POINT ( 'NONE',  ( 0.5820887647755943473, 0.5568510293543411649, 0.4500000000000000666 ) ) ;
#2552 = CARTESIAN_POINT ( 'NONE',  ( 0.6127236667933959602, 0.3730570928328242886, 0.4489999999999998992 ) ) ;
#2553 = CARTESIAN_POINT ( 'NONE',  ( 0.8588807131728966038, 0.2024273514961398290, 0.4500000000000001776 ) ) ;
#2554 = SURFACE_SIDE_STYLE ('',( #4951 ) ) ;
#2555 = EDGE_CURVE ( 'NONE', #3825, #946, #2796, .T. ) ;
#2556 = ORIENTED_EDGE ( 'NONE', *, *, #2676, .T. ) ;
#2557 = B_SPLINE_CURVE_WITH_KNOTS ( 'NONE', 3,
 ( #1868, #2446, #2337, #3562, #5791, #4140, #1835, #4591, #6791, #6752, #4069 ),
 .UNSPECIFIED., .F., .F.,
 ( 4, 1, 1, 1, 1, 1, 1, 1, 4 ),
 ( 0.0000000000000000000, 1.021924165444035468E-05, 2.013471431812441660E-05, 2.984649974570939587E-05, 3.957492796498584951E-05, 4.938514300056039716E-05, 5.942005886231988172E-05, 6.986920760644884190E-05, 8.075561649531566208E-05 ),
 .UNSPECIFIED. ) ;
#2558 = CARTESIAN_POINT ( 'NONE',  ( 0.6637200964576631668, 0.7176766301290350425, 0.4499999999999999556 ) ) ;
#2559 = SURFACE_SIDE_STYLE ('',( #915 ) ) ;
#2560 = CARTESIAN_POINT ( 'NONE',  ( 0.8205959956882327155, 0.3728286728184617149, 0.4489999999999992886 ) ) ;
#2561 = FILL_AREA_STYLE ('',( #347 ) ) ;
#2562 = CARTESIAN_POINT ( 'NONE',  ( 1.240000000000000213, 0.8500000000000000888, 0.4399999999999999467 ) ) ;
#2563 = ORIENTED_EDGE ( 'NONE', *, *, #328, .T. ) ;
#2564 = ORIENTED_EDGE ( 'NONE', *, *, #3723, .F. ) ;
#2565 = CARTESIAN_POINT ( 'NONE',  ( 0.4575948596663008683, 0.7285915765717496662, 0.4499999999999991229 ) ) ;
#2566 = DIRECTION ( 'NONE',  ( -1.000000000000000000, 0.0000000000000000000, -0.0000000000000000000 ) ) ;
#2567 = UNCERTAINTY_MEASURE_WITH_UNIT (LENGTH_MEASURE( 1.000000000000000082E-05 ), #3224, 'distance_accuracy_value', 'NONE');
#2568 = CARTESIAN_POINT ( 'NONE',  ( 0.3031862350127459416, 0.5469775285005141763, 0.4489999999999999547 ) ) ;
#2569 = ORIENTED_EDGE ( 'NONE', *, *, #4212, .F. ) ;
#2570 = CARTESIAN_POINT ( 'NONE',  ( 0.9058328882946586891, 0.1769341667105327198, 0.4490000000000000102 ) ) ;
#2571 = CARTESIAN_POINT ( 'NONE',  ( 0.8763431035552328163, 0.1582392343312819805, 0.4499999999999946820 ) ) ;
#2572 = CARTESIAN_POINT ( 'NONE',  ( 0.4000631592341367115, 0.5398634963302617606, 0.4500000000000002331 ) ) ;
#2573 = CARTESIAN_POINT ( 'NONE',  ( 0.6322545889835698985, 0.2030749599084074597, 0.4500000000000000666 ) ) ;
#2574 = VECTOR ( 'NONE', #3803, 1000.000000000000000 ) ;
#2575 = CARTESIAN_POINT ( 'NONE',  ( 0.7749445365577706246, 0.3909594504493039135, 0.4500000000000001221 ) ) ;
#2576 = CARTESIAN_POINT ( 'NONE',  ( 1.240000000000000213, -2.365137165199430178E-16, 8.679839487043211355E-18 ) ) ;
#2577 = CARTESIAN_POINT ( 'NONE',  ( 0.7237190851252900403, 0.6022681401253193734, 0.4499999999999998446 ) ) ;
#2578 = CARTESIAN_POINT ( 'NONE',  ( 0.5600583656941947597, 0.5136831169006519371, 0.4490000000000062275 ) ) ;
#2579 = DIRECTION ( 'NONE',  ( 0.0000000000000000000, 1.000000000000000000, 0.0000000000000000000 ) ) ;
#2580 = VECTOR ( 'NONE', #1254, 1000.000000000000000 ) ;
#2581 = DIRECTION ( 'NONE',  ( 0.0000000000000000000, 0.1104315260748466032, -0.9938837346736190126 ) ) ;
#2582 = CARTESIAN_POINT ( 'NONE',  ( 0.6020084522584147058, 0.7642091207610469672, 0.4489999999999998437 ) ) ;
#2583 = UNCERTAINTY_MEASURE_WITH_UNIT (LENGTH_MEASURE( 1.000000000000000082E-05 ), #6985, 'distance_accuracy_value', 'NONE');
#2584 = FACE_OUTER_BOUND ( 'NONE', #788, .T. ) ;
#2585 = PRESENTATION_STYLE_ASSIGNMENT (( #374 ) ) ;
#2586 = VECTOR ( 'NONE', #7048, 1000.000000000000000 ) ;
#2587 = CARTESIAN_POINT ( 'NONE',  ( 0.8841175697528007582, 0.2383209368047749521, 0.4489999999999383928 ) ) ;
#2588 = ORIENTED_EDGE ( 'NONE', *, *, #1289, .F. ) ;
#2589 = CARTESIAN_POINT ( 'NONE',  ( 0.3862821599516608195, 0.5382282564367192323, 0.4500000000000003442 ) ) ;
#2590 = CARTESIAN_POINT ( 'NONE',  ( 0.6598683543414759489, 0.2347168369116125752, 0.4500000000000000666 ) ) ;
#2591 = AXIS2_PLACEMENT_3D ( 'NONE', #2784, #3827, #4927 ) ;
#2592 = EDGE_CURVE ( 'NONE', #6703, #4586, #2463, .T. ) ;
#2593 =( GEOMETRIC_REPRESENTATION_CONTEXT ( 3 ) GLOBAL_UNCERTAINTY_ASSIGNED_CONTEXT ( ( #4353 ) ) GLOBAL_UNIT_ASSIGNED_CONTEXT ( ( #1395, #6268, #2100 ) ) REPRESENTATION_CONTEXT ( 'NONE', 'WORKASPACE' ) );
#2594 = DIRECTION ( 'NONE',  ( 2.551063935260010491E-16, 1.000000000000000000, -0.0000000000000000000 ) ) ;
#2595 = CARTESIAN_POINT ( 'NONE',  ( 0.7140576496916891669, 0.5130928345423616532, 0.4500000000000000666 ) ) ;
#2596 =( NAMED_UNIT ( * ) SI_UNIT ( $, .STERADIAN. ) SOLID_ANGLE_UNIT ( ) );
#2597 = ORIENTED_EDGE ( 'NONE', *, *, #2863, .F. ) ;
#2598 = EDGE_LOOP ( 'NONE', ( #2170, #883, #2189, #4217 ) ) ;
#2599 = DIRECTION ( 'NONE',  ( 1.000000000000000000, -0.0000000000000000000, 0.0000000000000000000 ) ) ;
#2600 = CARTESIAN_POINT ( 'NONE',  ( 0.8632153853917109432, 0.3758889293665752529, 0.4500000000000001221 ) ) ;
#2601 = CARTESIAN_POINT ( 'NONE',  ( 0.4592225597990707286, 0.7266525084684629654, 0.4500000000000000666 ) ) ;
#2602 = CARTESIAN_POINT ( 'NONE',  ( 0.4544235309211727136, 0.7323695589475636147, 0.4490000000000000657 ) ) ;
#2603 = COLOUR_RGB ( '',1.000000000000000000, 1.000000000000000000, 1.000000000000000000 ) ;
#2604 = LINE ( 'NONE', #5868, #6925 ) ;
#2605 = CARTESIAN_POINT ( 'NONE',  ( 0.3643185150002698491, 0.7050534951584471743, 0.4500000000000001221 ) ) ;
#2606 = ORIENTED_EDGE ( 'NONE', *, *, #4079, .F. ) ;
#2607 = CARTESIAN_POINT ( 'NONE',  ( 0.9316068859921168288, 0.2378439235836211918, 0.4499999999999997335 ) ) ;
#2608 = CARTESIAN_POINT ( 'NONE',  ( 0.7856938417880572345, 0.4057525774297749965, 0.4500000000000000666 ) ) ;
#2609 = CARTESIAN_POINT ( 'NONE',  ( 0.6358056874077153697, 0.3828559428143903376, 0.4494999999999969020 ) ) ;
#2610 = DIRECTION ( 'NONE',  ( 0.0000000000000000000, 0.1104315260748466032, 0.9938837346736190126 ) ) ;
#2611 = B_SPLINE_SURFACE_WITH_KNOTS ( 'NONE', 3, 1, ( 
 ( #4579, #5237 ),
 ( #5743, #6890 ),
 ( #2955, #4167 ),
 ( #2476, #6314 ),
 ( #3480, #5816 ),
 ( #6961, #307 ),
 ( #1309, #1823 ),
 ( #6280, #1932 ),
 ( #1374, #3031 ),
 ( #5849, #2435 ),
 ( #1274, #5709 ),
 ( #5269, #733 ),
 ( #6927, #5164 ),
 ( #5203, #166 ),
 ( #4686, #3065 ) ),
 .UNSPECIFIED., .F., .F., .F.,
 ( 4, 1, 1, 1, 1, 1, 1, 1, 1, 1, 1, 1, 4 ),
 ( 2, 2 ),
 ( 0.0000000000000000000, 0.1417037608121980985, 0.2650996741797977951, 0.3700579908892226988, 0.4580235488018168377, 0.5359935177706008913, 0.6098476150495544257, 0.6800751591995022327, 0.7485870935521852232, 0.8156303639700215324, 0.8780707438861867775, 0.9395839280433532226, 1.000000000000000000 ),
 ( 0.0000000000000000000, 1.000000000000000000 ),
 .UNSPECIFIED. ) ;
#2612 = CARTESIAN_POINT ( 'NONE',  ( 1.503863106635915319E-17, 0.05895042793126381575, 0.4399999999999999467 ) ) ;
#2613 = CARTESIAN_POINT ( 'NONE',  ( 0.7843384554522362384, 0.4042583202859101887, 0.4490000000000072267 ) ) ;
#2614 = CARTESIAN_POINT ( 'NONE',  ( 0.6945959755502565391, 0.5582772076940394346, 0.4499999999999996780 ) ) ;
#2615 = MECHANICAL_DESIGN_GEOMETRIC_PRESENTATION_REPRESENTATION (  '', ( #6928 ), #5204 ) ;
#2616 = CARTESIAN_POINT ( 'NONE',  ( 0.8307136591724870733, 0.1523931031255262858, 0.4500000000000007883 ) ) ;
#2617 = PLANE ( 'NONE',  #1533 ) ;
#2618 = B_SPLINE_CURVE_WITH_KNOTS ( 'NONE', 3,
 ( #6091, #6259, #6019, #3220, #2731, #1620, #1803, #4945, #5141, #4039, #2767, #2655, #140, #1660, #7133 ),
 .UNSPECIFIED., .F., .F.,
 ( 4, 1, 1, 1, 1, 1, 1, 1, 1, 1, 1, 1, 4 ),
 ( 0.0000000000000000000, 4.073221081852541995E-06, 8.220408914597480987E-06, 1.243010781749719869E-05, 1.695013127513326262E-05, 2.156917131408342937E-05, 2.630387689976867817E-05, 3.128308286724181453E-05, 3.653977882693502910E-05, 4.247037234886425063E-05, 4.954660909334117634E-05, 5.786589929982836720E-05, 6.741949534182551285E-05 ),
 .UNSPECIFIED. ) ;
#2619 = CARTESIAN_POINT ( 'NONE',  ( 0.5465315672330743890, 0.7343641514829049033, 0.4500000000000001221 ) ) ;
#2620 = CARTESIAN_POINT ( 'NONE',  ( 0.6076509144432330478, 0.3667671976943596701, 0.4500000000000000666 ) ) ;
#2621 = CARTESIAN_POINT ( 'NONE',  ( 0.3642439273204383099, 0.7039678797291467616, 0.4489999999999689795 ) ) ;
#2622 = CARTESIAN_POINT ( 'NONE',  ( 0.5477351148489745247, 0.6184486170005846217, 0.4500000000000001776 ) ) ;
#2623 = ORIENTED_EDGE ( 'NONE', *, *, #729, .F. ) ;
#2624 = CARTESIAN_POINT ( 'NONE',  ( 0.3464934455449085737, 0.5693667663504171639, 0.4500000000000002887 ) ) ;
#2625 = FILL_AREA_STYLE_COLOUR ( '', #1800 ) ;
#2626 = CIRCLE ( 'NONE', #1812, 0.009999999999999998473 ) ;
#2627 = ADVANCED_FACE ( 'NONE', ( #6618 ), #5254, .T. ) ;
#2628 = CARTESIAN_POINT ( 'NONE',  ( 0.8173302825864950938, 0.3686873699070133958, 0.4489999999999993996 ) ) ;
#2629 = CARTESIAN_POINT ( 'NONE',  ( 0.6784559319043602654, 0.4960184331422035076, 0.4489999999999998437 ) ) ;
#2630 = MECHANICAL_DESIGN_GEOMETRIC_PRESENTATION_REPRESENTATION (  '', ( #4873 ), #5109 ) ;
#2631 = CARTESIAN_POINT ( 'NONE',  ( 0.6750331110584962824, 0.2526474701383337740, 0.4500000000000000666 ) ) ;
#2632 = VERTEX_POINT ( 'NONE', #6331 ) ;
#2633 = CARTESIAN_POINT ( 'NONE',  ( 0.3734071465316713967, 0.7183791586416338193, 0.4490000000000000102 ) ) ;
#2634 = ORIENTED_EDGE ( 'NONE', *, *, #2774, .T. ) ;
#2635 = EDGE_CURVE ( 'NONE', #4808, #6401, #6813, .T. ) ;
#2636 = CARTESIAN_POINT ( 'NONE',  ( 0.8589264417421467179, 0.1535792072804661734, 0.4489999999999994551 ) ) ;
#2637 = DIRECTION ( 'NONE',  ( -0.0000000000000000000, 0.0000000000000000000, 1.000000000000000000 ) ) ;
#2638 = COLOUR_RGB ( '',1.000000000000000000, 1.000000000000000000, 0.7254901960784313486 ) ;
#2639 =( LENGTH_UNIT ( ) NAMED_UNIT ( * ) SI_UNIT ( .MILLI., .METRE. ) );
#2640 = UNCERTAINTY_MEASURE_WITH_UNIT (LENGTH_MEASURE( 1.000000000000000082E-05 ), #1206, 'distance_accuracy_value', 'NONE');
#2641 = SURFACE_SIDE_STYLE ('',( #1432 ) ) ;
#2642 = SURFACE_SIDE_STYLE ('',( #6580 ) ) ;
#2643 = ORIENTED_EDGE ( 'NONE', *, *, #607, .T. ) ;
#2644 = ADVANCED_FACE ( 'NONE', ( #3534 ), #7154, .T. ) ;
#2645 = CARTESIAN_POINT ( 'NONE',  ( 0.6255123727133085065, 0.2688436824074637577, 0.4500000000000001221 ) ) ;
#2646 = CARTESIAN_POINT ( 'NONE',  ( 0.8412700742750051086, 0.4302833354288071455, 0.4489999999999999547 ) ) ;
#2647 = CARTESIAN_POINT ( 'NONE',  ( 0.8356179244425298025, 0.4301619919668143166, 0.4490000000000110569 ) ) ;
#2648 = LINE ( 'NONE', #5913, #2220 ) ;
#2649 = VECTOR ( 'NONE', #5973, 1000.000000000000000 ) ;
#2650 = PRESENTATION_STYLE_ASSIGNMENT (( #5407 ) ) ;
#2651 = CARTESIAN_POINT ( 'NONE',  ( 1.483590862527946513E-17, 0.01006153904237490175, 1.355252715606880543E-17 ) ) ;
#2652 = FACE_OUTER_BOUND ( 'NONE', #4470, .T. ) ;
#2653 = SURFACE_STYLE_FILL_AREA ( #1112 ) ;
#2654 = VECTOR ( 'NONE', #3327, 1000.000000000000000 ) ;
#2655 = CARTESIAN_POINT ( 'NONE',  ( 0.8368792441169358165, 0.3271328287803115797, 0.4499999999999998446 ) ) ;
#2656 = CARTESIAN_POINT ( 'NONE',  ( 0.5000482366124848754, 0.6391680694759709347, 0.4500000000000001776 ) ) ;
#2657 = CARTESIAN_POINT ( 'NONE',  ( 0.6196418063768800444, 0.7677006851489529549, 0.4490000000000000657 ) ) ;
#2658 = PRESENTATION_STYLE_ASSIGNMENT (( #4091 ) ) ;
#2659 = CARTESIAN_POINT ( 'NONE',  ( 0.6000832846895902684, 0.3456891196253094045, 0.4489999999999998992 ) ) ;
#2660 = CARTESIAN_POINT ( 'NONE',  ( 0.3320353281587813954, 0.7440916492359325174, 0.4490000000000059499 ) ) ;
#2661 = SURFACE_STYLE_FILL_AREA ( #1375 ) ;
#2662 = ORIENTED_EDGE ( 'NONE', *, *, #3502, .T. ) ;
#2663 = CARTESIAN_POINT ( 'NONE',  ( 0.6719170608900196795, 0.7147443779176452239, 0.4490000000000001212 ) ) ;
#2664 = CARTESIAN_POINT ( 'NONE',  ( 0.8387014277522524264, 0.3826031864411457706, 0.4500000000000001776 ) ) ;
#2665 = DIRECTION ( 'NONE',  ( 0.0000000000000000000, -0.0000000000000000000, 1.000000000000000000 ) ) ;
#2666 = CARTESIAN_POINT ( 'NONE',  ( 0.4170371675247460663, 0.6463974959621420213, 0.4500000000000000111 ) ) ;
#2667 = CARTESIAN_POINT ( 'NONE',  ( 0.8968410924119319949, 0.4098635943543103011, 0.4499999999999999556 ) ) ;
#2668 = CARTESIAN_POINT ( 'NONE',  ( 0.6385087623275870206, 0.4303452590537065747, 0.4500000000000000666 ) ) ;
#2669 = CARTESIAN_POINT ( 'NONE',  ( 0.3643185150002698491, 0.7050534951584471743, 0.4489999999999999547 ) ) ;
#2670 = ORIENTED_EDGE ( 'NONE', *, *, #3862, .F. ) ;
#2671 = CARTESIAN_POINT ( 'NONE',  ( 0.4022069131233205197, 0.6592481288252860505, 0.4489999999999999547 ) ) ;
#2672 = CARTESIAN_POINT ( 'NONE',  ( 0.4033343614149758061, 0.4918235132963654221, 0.4489999999999998992 ) ) ;
#2673 = CARTESIAN_POINT ( 'NONE',  ( 0.5671664126385502769, 0.6886781167048270369, 0.4490000000000005653 ) ) ;
#2674 = DIRECTION ( 'NONE',  ( -0.4276104714197607182, -0.9039630992093482531, 0.0000000000000000000 ) ) ;
#2675 = B_SPLINE_SURFACE_WITH_KNOTS ( 'NONE', 3, 1, ( 
 ( #4573, #727 ),
 ( #4611, #5196 ),
 ( #6307, #1301 ),
 ( #758, #4679 ),
 ( #6883, #6808 ),
 ( #2142, #3250 ),
 ( #2031, #2575 ),
 ( #7062, #897 ),
 ( #1001, #5981 ),
 ( #5335, #5490 ),
 ( #331, #4387 ) ),
 .UNSPECIFIED., .F., .F., .F.,
 ( 4, 1, 1, 1, 1, 1, 1, 1, 4 ),
 ( 2, 2 ),
 ( 0.0000000000000000000, 0.1389342360692885359, 0.2723713666678130862, 0.4007019795223947800, 0.5249153332245823922, 0.6467750113322141559, 0.7657064925031566993, 0.8831152256608800766, 1.000000000000000000 ),
 ( 0.0000000000000000000, 1.000000000000000000 ),
 .UNSPECIFIED. ) ;
#2676 = EDGE_CURVE ( 'NONE', #4218, #46, #356, .T. ) ;
#2677 = EDGE_CURVE ( 'NONE', #1075, #1211, #2604, .T. ) ;
#2678 = CARTESIAN_POINT ( 'NONE',  ( 0.3068326193713700745, 0.5399930888242175930, 0.4489999999999998992 ) ) ;
#2679 = ORIENTED_EDGE ( 'NONE', *, *, #7174, .T. ) ;
#2680 = CARTESIAN_POINT ( 'NONE',  ( 0.8589264417421468290, 0.1535792072804661734, 0.4489999999999998992 ) ) ;
#2681 = CARTESIAN_POINT ( 'NONE',  ( 0.7876488069795454239, 0.4077241414574783174, 0.4490000000000110569 ) ) ;
#2682 = EDGE_CURVE ( 'NONE', #4030, #1637, #3293, .T. ) ;
#2683 = AXIS2_PLACEMENT_3D ( 'NONE', #4469, #3397, #6736 ) ;
#2684 = CARTESIAN_POINT ( 'NONE',  ( 0.3371562079185428384, 0.6524708470559588136, 0.4489999999999991775 ) ) ;
#2685 = LINE ( 'NONE', #6515, #2991 ) ;
#2686 =( NAMED_UNIT ( * ) PLANE_ANGLE_UNIT ( ) SI_UNIT ( $, .RADIAN. ) );
#2687 = CARTESIAN_POINT ( 'NONE',  ( 0.8111375980699021548, 0.2123667217757424786, 0.4489999999999998437 ) ) ;
#2688 = CARTESIAN_POINT ( 'NONE',  ( 0.6378375103866775753, 0.7687886763370526122, 0.4500000000000000666 ) ) ;
#2689 = CARTESIAN_POINT ( 'NONE',  ( 0.6876274690366966924, 0.4145114609565704877, 0.4499999999999998446 ) ) ;
#2690 = CARTESIAN_POINT ( 'NONE',  ( 0.3642906676384241038, 0.7028666092418928146, 0.4490000000000000102 ) ) ;
#2691 = COLOUR_RGB ( '',0.2941176470588235392, 0.2941176470588235392, 0.2941176470588235392 ) ;
#2692 = CARTESIAN_POINT ( 'NONE',  ( 0.5930182015669389628, 0.5495063098653082401, 0.4500000000000001221 ) ) ;
#2693 = DIRECTION ( 'NONE',  ( -0.6575212211385371708, -0.7534360249898373052, 0.0000000000000000000 ) ) ;
#2694 = DIRECTION ( 'NONE',  ( 0.0000000000000000000, 0.0000000000000000000, -1.000000000000000000 ) ) ;
#2695 = CARTESIAN_POINT ( 'NONE',  ( 0.8840612838281711738, 0.2343764110749117224, 0.4490000000000000657 ) ) ;
#2696 =( GEOMETRIC_REPRESENTATION_CONTEXT ( 3 ) GLOBAL_UNCERTAINTY_ASSIGNED_CONTEXT ( ( #5817 ) ) GLOBAL_UNIT_ASSIGNED_CONTEXT ( ( #3592, #1938, #3488 ) ) REPRESENTATION_CONTEXT ( 'NONE', 'WORKASPACE' ) );
#2697 = ORIENTED_EDGE ( 'NONE', *, *, #4575, .T. ) ;
#2698 = CARTESIAN_POINT ( 'NONE',  ( 0.6978940813726478565, 0.2851377157620917924, 0.4499999999999970135 ) ) ;
#2699 = CARTESIAN_POINT ( 'NONE',  ( 0.8337086274182157197, 0.3813488222582117060, 0.4499999999999999556 ) ) ;
#2700 = FACE_OUTER_BOUND ( 'NONE', #1980, .T. ) ;
#2701 =( NAMED_UNIT ( * ) PLANE_ANGLE_UNIT ( ) SI_UNIT ( $, .RADIAN. ) );
#2702 = LINE ( 'NONE', #6000, #5046 ) ;
#2703 = ORIENTED_EDGE ( 'NONE', *, *, #2271, .T. ) ;
#2704 = CARTESIAN_POINT ( 'NONE',  ( 0.7271170842420837666, 0.6263870496047119207, 0.4500000000000001221 ) ) ;
#2705 = VECTOR ( 'NONE', #5526, 1000.000000000000000 ) ;
#2706 = CARTESIAN_POINT ( 'NONE',  ( 0.4100477107691551937, 0.5837595703951855564, 0.4499999999999995670 ) ) ;
#2707 = CARTESIAN_POINT ( 'NONE',  ( 0.5618628169716057830, 0.6814889394846652682, 0.4490000000000005098 ) ) ;
#2708 = VECTOR ( 'NONE', #1296, 1000.000000000000000 ) ;
#2709 = CARTESIAN_POINT ( 'NONE',  ( 0.5245556039408351134, 0.3989153879265698310, 0.4489999999999999547 ) ) ;
#2710 = B_SPLINE_CURVE_WITH_KNOTS ( 'NONE', 3,
 ( #4392, #3908, #6129, #2211, #1078, #3321, #3280, #4976, #2687, #5689, #5453, #5524, #1215, #2180, #3459 ),
 .UNSPECIFIED., .F., .F.,
 ( 4, 1, 1, 1, 1, 1, 1, 1, 1, 1, 1, 1, 4 ),
 ( 0.0000000000000000000, 5.084761540829986236E-06, 9.903906559587305461E-06, 1.450737304645448067E-05, 1.883949845535480834E-05, 2.302144578215619265E-05, 2.704411039230330426E-05, 3.089432743968076301E-05, 3.472617327313393836E-05, 4.221796424311055439E-05, 4.965777092236824266E-05, 5.742771859660340258E-05, 6.574015930601858975E-05 ),
 .UNSPECIFIED. ) ;
#2711 = PRESENTATION_LAYER_ASSIGNMENT (  '', '', ( #4829 ) ) ;
#2712 = CARTESIAN_POINT ( 'NONE',  ( 0.3861865354935153372, 0.7687886763370527232, 0.4495000000000000107 ) ) ;
#2713 = UNCERTAINTY_MEASURE_WITH_UNIT (LENGTH_MEASURE( 1.000000000000000082E-05 ), #2869, 'distance_accuracy_value', 'NONE');
#2714 = MECHANICAL_DESIGN_GEOMETRIC_PRESENTATION_REPRESENTATION (  '', ( #5992 ), #2477 ) ;
#2715 = CARTESIAN_POINT ( 'NONE',  ( 0.3490165176760305910, 0.4981817476242150211, 0.4490000000000000102 ) ) ;
#2716 = ORIENTED_EDGE ( 'NONE', *, *, #5028, .T. ) ;
#2717 = STYLED_ITEM ( 'NONE', ( #1557 ), #6648 ) ;
#2718 = CARTESIAN_POINT ( 'NONE',  ( 0.7745711339906472537, 0.6337124709080392826, 0.4500000000000000111 ) ) ;
#2719 = EDGE_CURVE ( 'NONE', #1057, #1750, #3635, .T. ) ;
#2720 = CARTESIAN_POINT ( 'NONE',  ( 0.7856938417880571235, 0.4057525774297749965, 0.4490000000000144986 ) ) ;
#2721 = CARTESIAN_POINT ( 'NONE',  ( 0.3196754289821156503, 0.6823375563157275669, 0.4489999999999992886 ) ) ;
#2722 = DIRECTION ( 'NONE',  ( 0.0000000000000000000, 1.000000000000000000, -0.0000000000000000000 ) ) ;
#2723 = CARTESIAN_POINT ( 'NONE',  ( 1.245857864376269220, 0.8003969107598912780, 0.4464278031610081077 ) ) ;
#2724 = B_SPLINE_CURVE_WITH_KNOTS ( 'NONE', 3,
 ( #306, #1308, #4166, #768, #2434, #165, #2514, #6776, #5163, #797, #3552 ),
 .UNSPECIFIED., .F., .F.,
 ( 4, 1, 1, 1, 1, 1, 1, 1, 4 ),
 ( 0.0000000000000000000, 3.292111986515320301E-06, 6.649934368167642014E-06, 1.012968487026690362E-05, 1.396059353790625279E-05, 1.799330374327254712E-05, 2.202280475304240338E-05, 2.627515714856320364E-05, 3.084395710795484431E-05 ),
 .UNSPECIFIED. ) ;
#2725 = EDGE_CURVE ( 'NONE', #3289, #5310, #3612, .T. ) ;
#2726 = SURFACE_SIDE_STYLE ('',( #1657 ) ) ;
#2727 = SURFACE_STYLE_USAGE ( .BOTH. , #4972 ) ;
#2728 = SURFACE_STYLE_USAGE ( .BOTH. , #510 ) ;
#2729 = B_SPLINE_CURVE_WITH_KNOTS ( 'NONE', 3,
 ( #2746, #1677, #6635, #3886, #772, #6423, #5820, #4731, #1974, #2519, #3619 ),
 .UNSPECIFIED., .F., .F.,
 ( 4, 1, 1, 1, 1, 1, 1, 1, 4 ),
 ( 0.0000000000000000000, 2.623898312676452584E-06, 6.148216351226301347E-06, 1.049897505142768557E-05, 1.579076515286264914E-05, 2.194960158257181914E-05, 2.901098384743691833E-05, 3.694012354430179152E-05, 4.577194377999295824E-05 ),
 .UNSPECIFIED. ) ;
#2730 = EDGE_CURVE ( 'NONE', #3307, #629, #6441, .T. ) ;
#2731 = CARTESIAN_POINT ( 'NONE',  ( 0.8675320939355212202, 0.3459799466075555441, 0.4499999999999999001 ) ) ;
#2732 = CARTESIAN_POINT ( 'NONE',  ( 0.6196418063768800444, 0.7677006851489529549, 0.4500000000000001776 ) ) ;
#2733 = LINE ( 'NONE', #2804, #3188 ) ;
#2734 = CARTESIAN_POINT ( 'NONE',  ( 0.7520740946920952963, 0.2370785646264057522, 0.4489999999999999547 ) ) ;
#2735 = SURFACE_SIDE_STYLE ('',( #3328 ) ) ;
#2736 = CARTESIAN_POINT ( 'NONE',  ( 0.6232443392506640256, 0.2664117153838349017, 0.4500000000000000666 ) ) ;
#2737 = B_SPLINE_SURFACE_WITH_KNOTS ( 'NONE', 3, 1, ( 
 ( #2362, #6511 ),
 ( #438, #2645 ),
 ( #4901, #2430 ),
 ( #195, #3168 ),
 ( #4647, #4128 ),
 ( #4682, #3548 ),
 ( #6344, #3580 ),
 ( #4089, #5777 ),
 ( #1270, #7021 ),
 ( #1818, #4858 ),
 ( #2066, #6276 ),
 ( #229, #2397 ),
 ( #3027, #5402 ),
 ( #6850, #4303 ),
 ( #401, #6886 ) ),
 .UNSPECIFIED., .F., .F., .F.,
 ( 4, 1, 1, 1, 1, 1, 1, 1, 1, 1, 1, 1, 4 ),
 ( 2, 2 ),
 ( 0.0000000000000000000, 0.1038439242634198456, 0.2011148859465232974, 0.2911157193792175968, 0.3743484039713634304, 0.4507073961858711342, 0.5200404120163611976, 0.5832583224453369297, 0.6395782998253255469, 0.7415365099482675859, 0.8350600486817365553, 0.9208729600458340769, 1.000000000000000000 ),
 ( 0.0000000000000000000, 1.000000000000000000 ),
 .UNSPECIFIED. ) ;
#2738 = MECHANICAL_DESIGN_GEOMETRIC_PRESENTATION_REPRESENTATION (  '', ( #1213 ), #5200 ) ;
#2739 = ORIENTED_EDGE ( 'NONE', *, *, #6513, .F. ) ;
#2740 = CARTESIAN_POINT ( 'NONE',  ( 0.8045579589698350631, 0.2224501469254265007, 0.4499999999999996225 ) ) ;
#2741 = LINE ( 'NONE', #5018, #1537 ) ;
#2742 = SURFACE_STYLE_USAGE ( .BOTH. , #1196 ) ;
#2743 = VECTOR ( 'NONE', #2882, 1000.000000000000000 ) ;
#2744 = CARTESIAN_POINT ( 'NONE',  ( 0.6370954898204381767, 0.7212993600977364306, 0.4489999999999984004 ) ) ;
#2745 = DIRECTION ( 'NONE',  ( 1.000000000000000000, -2.551063935260010984E-16, -0.0000000000000000000 ) ) ;
#2746 = CARTESIAN_POINT ( 'NONE',  ( 0.4386579898204382433, 0.6266387364332065557, 0.4494999999999831908 ) ) ;
#2747 = SURFACE_STYLE_FILL_AREA ( #4444 ) ;
#2748 = CARTESIAN_POINT ( 'NONE',  ( 1.240000000000000213, 0.05895042793126351044, 0.4500000000000000666 ) ) ;
#2749 = ORIENTED_EDGE ( 'NONE', *, *, #2725, .T. ) ;
#2750 = CARTESIAN_POINT ( 'NONE',  ( 2.417187197237994296E-16, 0.7910495720687362731, 0.4399999999999999467 ) ) ;
#2751 = LINE ( 'NONE', #6642, #6233 ) ;
#2752 = CARTESIAN_POINT ( 'NONE',  ( 0.7993152193254503546, 0.2403879940964416539, 0.4494999999999906848 ) ) ;
#2753 = CARTESIAN_POINT ( 'NONE',  ( 0.3798128437262593415, 0.4907566224429019686, 0.4500000000000001221 ) ) ;
#2754 = SURFACE_STYLE_USAGE ( .BOTH. , #2642 ) ;
#2755 = ORIENTED_EDGE ( 'NONE', *, *, #976, .T. ) ;
#2756 = ORIENTED_EDGE ( 'NONE', *, *, #4702, .F. ) ;
#2757 = FACE_OUTER_BOUND ( 'NONE', #6326, .T. ) ;
#2758 = CARTESIAN_POINT ( 'NONE',  ( 0.6704156466758776078, 0.3476629673870399451, 0.4490000000000230473 ) ) ;
#2759 =( GEOMETRIC_REPRESENTATION_CONTEXT ( 3 ) GLOBAL_UNCERTAINTY_ASSIGNED_CONTEXT ( ( #7014 ) ) GLOBAL_UNIT_ASSIGNED_CONTEXT ( ( #3757, #4337, #6479 ) ) REPRESENTATION_CONTEXT ( 'NONE', 'WORKASPACE' ) );
#2760 = FILL_AREA_STYLE ('',( #1613 ) ) ;
#2761 = CARTESIAN_POINT ( 'NONE',  ( 1.524659305057740610E-17, 0.05895042793126377412, 0.4400000000000000022 ) ) ;
#2762 = MECHANICAL_DESIGN_GEOMETRIC_PRESENTATION_REPRESENTATION (  '', ( #3244 ), #6492 ) ;
#2763 = FILL_AREA_STYLE_COLOUR ( '', #871 ) ;
#2764 = DIRECTION ( 'NONE',  ( -0.7534360249898374162, 0.6575212211385372818, 0.0000000000000000000 ) ) ;
#2765 = ORIENTED_EDGE ( 'NONE', *, *, #108, .T. ) ;
#2766 = CARTESIAN_POINT ( 'NONE',  ( 0.3279957470003520004, 0.6646332561557865004, 0.4500000000000001221 ) ) ;
#2767 = CARTESIAN_POINT ( 'NONE',  ( 0.8437610529886487853, 0.3287005506860131709, 0.4499999999999998446 ) ) ;
#2768 = SURFACE_STYLE_FILL_AREA ( #553 ) ;
#2769 = DIRECTION ( 'NONE',  ( 0.0000000000000000000, 0.0000000000000000000, -1.000000000000000000 ) ) ;
#2770 =( GEOMETRIC_REPRESENTATION_CONTEXT ( 3 ) GLOBAL_UNCERTAINTY_ASSIGNED_CONTEXT ( ( #1608 ) ) GLOBAL_UNIT_ASSIGNED_CONTEXT ( ( #1866, #3625, #3003 ) ) REPRESENTATION_CONTEXT ( 'NONE', 'WORKASPACE' ) );
#2771 = EDGE_CURVE ( 'NONE', #113, #6463, #5943, .T. ) ;
#2772 = CARTESIAN_POINT ( 'NONE',  ( 2.168404344971008868E-16, 0.7145151720635484205, 0.4500000000000000666 ) ) ;
#2773 = FILL_AREA_STYLE_COLOUR ( '', #5818 ) ;
#2774 = EDGE_CURVE ( 'NONE', #3074, #6182, #394, .T. ) ;
#2775 =( NAMED_UNIT ( * ) SI_UNIT ( $, .STERADIAN. ) SOLID_ANGLE_UNIT ( ) );
#2776 = CARTESIAN_POINT ( 'NONE',  ( 0.6515192660874921105, 0.7684344311807755901, 0.4490000000000061720 ) ) ;
#2777 = PRESENTATION_LAYER_ASSIGNMENT (  '', '', ( #6963 ) ) ;
#2778 = CARTESIAN_POINT ( 'NONE',  ( 0.6551740625628710291, 0.7198359827331078931, 0.4490000000000002878 ) ) ;
#2779 = CARTESIAN_POINT ( 'NONE',  ( 0.7592749955675411888, 0.5632781864686681184, 0.4500000000000007883 ) ) ;
#2780 = ADVANCED_FACE ( 'NONE', ( #1634 ), #5166, .F. ) ;
#2781 = DIRECTION ( 'NONE',  ( -1.000000000000000000, -0.0000000000000000000, 0.0000000000000000000 ) ) ;
#2782 = EDGE_LOOP ( 'NONE', ( #6997, #5515, #1718, #6221 ) ) ;
#2783 = CARTESIAN_POINT ( 'NONE',  ( 0.7125912702023687872, 0.5783392577157856485, 0.4500000000000001221 ) ) ;
#2784 = CARTESIAN_POINT ( 'NONE',  ( 0.7518259030861340619, 0.2403879940964416539, 0.4489999999999999547 ) ) ;
#2785 = SURFACE_SIDE_STYLE ('',( #3893 ) ) ;
#2786 = CARTESIAN_POINT ( 'NONE',  ( 0.5599553513271832150, 0.5804759850971142887, 0.4489999999999998992 ) ) ;
#2787 = CARTESIAN_POINT ( 'NONE',  ( 0.3686430492488570465, 0.6913005286340613287, 0.4500000000000000666 ) ) ;
#2788 = ORIENTED_EDGE ( 'NONE', *, *, #6079, .F. ) ;
#2789 = B_SPLINE_CURVE_WITH_KNOTS ( 'NONE', 3,
 ( #4102, #1319, #6398, #5315, #4662, #279, #3561, #1381, #5246, #4624, #5857 ),
 .UNSPECIFIED., .F., .F.,
 ( 4, 1, 1, 1, 1, 1, 1, 1, 4 ),
 ( 0.0000000000000000000, 9.303317889789313079E-06, 1.783525551049799430E-05, 2.563512358865380103E-05, 3.282985454126897772E-05, 3.949712630446565692E-05, 4.577841399015745712E-05, 5.189359476765937788E-05, 5.797979842662969710E-05 ),
 .UNSPECIFIED. ) ;
#2790 = ORIENTED_EDGE ( 'NONE', *, *, #6380, .F. ) ;
#2791 = CARTESIAN_POINT ( 'NONE',  ( 0.7438949099369998041, 0.7179002389653017513, 0.4500000000000000666 ) ) ;
#2792 = B_SPLINE_CURVE_WITH_KNOTS ( 'NONE', 3,
 ( #590, #3436, #2808, #521, #5052, #5666, #2883, #6063, #3851, #3287, #5531, #44, #6628, #121, #2736 ),
 .UNSPECIFIED., .F., .F.,
 ( 4, 1, 1, 1, 1, 1, 1, 1, 1, 1, 1, 1, 4 ),
 ( 0.0000000000000000000, 7.603423705876731438E-06, 1.584930178894441733E-05, 2.483610442778242484E-05, 3.463340598622045705E-05, 4.004526837072889254E-05, 4.611996242057701345E-05, 5.278226517410899320E-05, 6.011970344927953087E-05, 6.811764407107280008E-05, 7.676594521903937890E-05, 8.611284276990368713E-05, 9.609134513664342530E-05 ),
 .UNSPECIFIED. ) ;
#2793 = CARTESIAN_POINT ( 'NONE',  ( 0.4237115755576177367, 0.6941626079609843902, 0.4500000000000001221 ) ) ;
#2794 = CARTESIAN_POINT ( 'NONE',  ( 0.3167546110811221283, 0.7016888165614115769, 0.4489999999999652047 ) ) ;
#2795 = UNCERTAINTY_MEASURE_WITH_UNIT (LENGTH_MEASURE( 1.000000000000000082E-05 ), #3306, 'distance_accuracy_value', 'NONE');
#2796 = LINE ( 'NONE', #5489, #5128 ) ;
#2797 = FILL_AREA_STYLE_COLOUR ( '', #3829 ) ;
#2798 =( NAMED_UNIT ( * ) PLANE_ANGLE_UNIT ( ) SI_UNIT ( $, .RADIAN. ) );
#2799 = FILL_AREA_STYLE_COLOUR ( '', #1391 ) ;
#2800 = PRESENTATION_STYLE_ASSIGNMENT (( #2727 ) ) ;
#2801 = VERTEX_POINT ( 'NONE', #4550 ) ;
#2802 = CARTESIAN_POINT ( 'NONE',  ( 0.3371562079185428384, 0.6524708470559588136, 0.4489999999999998437 ) ) ;
#2803 = CARTESIAN_POINT ( 'NONE',  ( 0.7344448507465249909, 0.7282088904604492319, 0.4490000000000000102 ) ) ;
#2804 = CARTESIAN_POINT ( 'NONE',  ( 0.8425291837306945197, 0.4974211549695313206, 0.4489999999999999547 ) ) ;
#2805 = CARTESIAN_POINT ( 'NONE',  ( 0.8367660653232251722, 0.1522610720368864634, 0.4489999999999998992 ) ) ;
#2806 = CARTESIAN_POINT ( 'NONE',  ( 0.8266828704557714902, 0.2019047022156224835, 0.4499999999999999001 ) ) ;
#2807 = CARTESIAN_POINT ( 'NONE',  ( 0.6021250161943081380, 0.7149189122315792178, 0.4500000000000001776 ) ) ;
#2808 = CARTESIAN_POINT ( 'NONE',  ( 0.6700361116261777106, 0.3398444510504048943, 0.4499999999999989009 ) ) ;
#2809 = CARTESIAN_POINT ( 'NONE',  ( 0.9128483152016535485, 0.3873688106387151442, 0.4490000000000088920 ) ) ;
#2810 = MECHANICAL_DESIGN_GEOMETRIC_PRESENTATION_REPRESENTATION (  '', ( #3759 ), #2918 ) ;
#2811 = ORIENTED_EDGE ( 'NONE', *, *, #5519, .T. ) ;
#2812 = CARTESIAN_POINT ( 'NONE',  ( 1.160000000000000142, 0.8500000000000000888, 0.0000000000000000000 ) ) ;
#2813 = AXIS2_PLACEMENT_3D ( 'NONE', #1829, #1205, #239 ) ;
#2814 = CARTESIAN_POINT ( 'NONE',  ( 0.7438949099369996931, 0.7179002389653017513, 0.4490000000000061720 ) ) ;
#2815 = EDGE_CURVE ( 'NONE', #4935, #5190, #1788, .T. ) ;
#2816 = CARTESIAN_POINT ( 'NONE',  ( 0.6520274486984928286, 0.4910020920965576519, 0.4500000000000006217 ) ) ;
#2817 = CARTESIAN_POINT ( 'NONE',  ( 0.4000631592341367115, 0.5398634963302617606, 0.4490000000000000657 ) ) ;
#2818 = ORIENTED_EDGE ( 'NONE', *, *, #4296, .F. ) ;
#2819 = PRESENTATION_STYLE_ASSIGNMENT (( #1134 ) ) ;
#2820 = FILL_AREA_STYLE_COLOUR ( '', #5754 ) ;
#2821 = EDGE_CURVE ( 'NONE', #6401, #4379, #5061, .T. ) ;
#2822 = STYLED_ITEM ( 'NONE', ( #4453 ), #5683 ) ;
#2823 = CARTESIAN_POINT ( 'NONE',  ( 0.5477351148489744137, 0.6184486170005846217, 0.4490000000000001212 ) ) ;
#2824 = CARTESIAN_POINT ( 'NONE',  ( 0.3606849073768320646, 0.4939549711517768338, 0.4489999999999999547 ) ) ;
#2825 = FILL_AREA_STYLE_COLOUR ( '', #2044 ) ;
#2826 = MECHANICAL_DESIGN_GEOMETRIC_PRESENTATION_REPRESENTATION (  '', ( #3058 ), #5867 ) ;
#2827 = VERTEX_POINT ( 'NONE', #3990 ) ;
#2828 = CARTESIAN_POINT ( 'NONE',  ( 0.9265850683950432876, 0.2658868984275427616, 0.4499999999999989564 ) ) ;
#2829 =( NAMED_UNIT ( * ) SI_UNIT ( $, .STERADIAN. ) SOLID_ANGLE_UNIT ( ) );
#2830 = SURFACE_STYLE_FILL_AREA ( #5620 ) ;
#2831 = VECTOR ( 'NONE', #869, 1000.000000000000000 ) ;
#2832 =( NAMED_UNIT ( * ) SI_UNIT ( $, .STERADIAN. ) SOLID_ANGLE_UNIT ( ) );
#2833 = SURFACE_STYLE_USAGE ( .BOTH. , #3 ) ;
#2834 = CARTESIAN_POINT ( 'NONE',  ( 1.239999999999999991, 0.8003969107598911670, 0.4464278031610082187 ) ) ;
#2835 = FACE_OUTER_BOUND ( 'NONE', #3073, .T. ) ;
#2836 = ORIENTED_EDGE ( 'NONE', *, *, #4296, .T. ) ;
#2837 =( GEOMETRIC_REPRESENTATION_CONTEXT ( 3 ) GLOBAL_UNCERTAINTY_ASSIGNED_CONTEXT ( ( #770 ) ) GLOBAL_UNIT_ASSIGNED_CONTEXT ( ( #5730, #697, #3023 ) ) REPRESENTATION_CONTEXT ( 'NONE', 'WORKASPACE' ) );
#2838 = PRESENTATION_STYLE_ASSIGNMENT (( #2728 ) ) ;
#2839 = SURFACE_SIDE_STYLE ('',( #2768 ) ) ;
#2840 = CARTESIAN_POINT ( 'NONE',  ( 0.6385087623275870206, 0.4303452590537065747, 0.4489999999999430003 ) ) ;
#2841 = CARTESIAN_POINT ( 'NONE',  ( 0.6382085206697972746, 0.4906369669353432550, 0.4489999999999999547 ) ) ;
#2842 = CARTESIAN_POINT ( 'NONE',  ( 0.8028353649748599663, 0.2264590175265735472, 0.4489999999999999547 ) ) ;
#2843 = LINE ( 'NONE', #157, #2743 ) ;
#2844 = CARTESIAN_POINT ( 'NONE',  ( 1.240000000000000213, 0.04901159058452732309, 0.4411043152607485029 ) ) ;
#2845 = CARTESIAN_POINT ( 'NONE',  ( 0.6677225688834884654, 0.2437350630495551118, 0.4499999999999998446 ) ) ;
#2846 = EDGE_LOOP ( 'NONE', ( #255, #3974, #4104, #2914 ) ) ;
#2847 = CARTESIAN_POINT ( 'NONE',  ( 0.8064186198209102319, 0.2187111709731531239, 0.4499999999999994005 ) ) ;
#2848 = LINE ( 'NONE', #6673, #6207 ) ;
#2849 = DIRECTION ( 'NONE',  ( -0.0000000000000000000, -0.1104315260748466032, -0.9938837346736190126 ) ) ;
#2850 = CARTESIAN_POINT ( 'NONE',  ( 0.8457348425935314884, 0.3827841608366167048, 0.4490000000000005098 ) ) ;
#2851 =( GEOMETRIC_REPRESENTATION_CONTEXT ( 3 ) GLOBAL_UNCERTAINTY_ASSIGNED_CONTEXT ( ( #2640 ) ) GLOBAL_UNIT_ASSIGNED_CONTEXT ( ( #1206, #6611, #5612 ) ) REPRESENTATION_CONTEXT ( 'NONE', 'WORKASPACE' ) );
#2852 = CARTESIAN_POINT ( 'NONE',  ( 0.9153087687276725282, 0.2846261654083216963, 0.4490000000000002323 ) ) ;
#2853 = ORIENTED_EDGE ( 'NONE', *, *, #4897, .F. ) ;
#2854 = VERTEX_POINT ( 'NONE', #1238 ) ;
#2855 = CARTESIAN_POINT ( 'NONE',  ( 0.7237190851252900403, 0.6022681401253193734, 0.4490000000000002323 ) ) ;
#2856 = PLANE ( 'NONE',  #6099 ) ;
#2857 = CARTESIAN_POINT ( 'NONE',  ( 0.8900000000000001243, -5.606896313807749576E-17, 6.229884793119722950E-18 ) ) ;
#2858 = VECTOR ( 'NONE', #6011, 1000.000000000000114 ) ;
#2859 = B_SPLINE_SURFACE_WITH_KNOTS ( 'NONE', 3, 1, ( 
 ( #3776, #3361 ),
 ( #2805, #6096 ),
 ( #79, #1081 ),
 ( #2215, #1665 ),
 ( #6699, #5629 ),
 ( #3435, #4541 ),
 ( #4980, #4397 ),
 ( #5085, #6596 ),
 ( #40, #6133 ),
 ( #5596, #2256 ),
 ( #118, #1588 ),
 ( #1624, #4504 ),
 ( #6060, #3849 ),
 ( #1044, #3284 ),
 ( #1737, #3979 ),
 ( #659, #2880 ),
 ( #5119, #5014 ),
 ( #2734, #624 ),
 ( #7172, #4466 ) ),
 .UNSPECIFIED., .F., .F., .F.,
 ( 4, 1, 1, 1, 1, 1, 1, 1, 1, 1, 1, 1, 1, 1, 1, 1, 4 ),
 ( 2, 2 ),
 ( 0.0000000000000000000, 0.06665904530593370902, 0.1303429423273785581, 0.1919362235456412713, 0.2519958016206849671, 0.3111219432316440492, 0.3697547996986368934, 0.4286022079335126689, 0.4884358451551542579, 0.5485243594721664895, 0.6086610699182969375, 0.6692357986109764845, 0.7308807993874664177, 0.7941962717216974887, 0.8598304060149956074, 0.9285334661023542102, 1.000000000000000000 ),
 ( 0.0000000000000000000, 1.000000000000000000 ),
 .UNSPECIFIED. ) ;
#2860 = EDGE_CURVE ( 'NONE', #4072, #6973, #4938, .T. ) ;
#2861 = CARTESIAN_POINT ( 'NONE',  ( 0.3236469948460475310, 0.5166028786717218324, 0.4489999999999989000 ) ) ;
#2862 = CARTESIAN_POINT ( 'NONE',  ( 0.4145364431801650817, 0.7059439165444613140, 0.4499999999999997335 ) ) ;
#2863 = EDGE_CURVE ( 'NONE', #1049, #1222, #6210, .T. ) ;
#2864 = ORIENTED_EDGE ( 'NONE', *, *, #4940, .T. ) ;
#2865 = FACE_OUTER_BOUND ( 'NONE', #6284, .T. ) ;
#2866 = CARTESIAN_POINT ( 'NONE',  ( 0.6876274690366966924, 0.4145114609565704877, 0.4489999999999998437 ) ) ;
#2867 = CARTESIAN_POINT ( 'NONE',  ( 0.5509093676230965020, 0.6572315382995600475, 0.4499999999999979017 ) ) ;
#2868 =( GEOMETRIC_REPRESENTATION_CONTEXT ( 3 ) GLOBAL_UNCERTAINTY_ASSIGNED_CONTEXT ( ( #3014 ) ) GLOBAL_UNIT_ASSIGNED_CONTEXT ( ( #5070, #646, #4071 ) ) REPRESENTATION_CONTEXT ( 'NONE', 'WORKASPACE' ) );
#2869 =( LENGTH_UNIT ( ) NAMED_UNIT ( * ) SI_UNIT ( .MILLI., .METRE. ) );
#2870 = FILL_AREA_STYLE_COLOUR ( '', #209 ) ;
#2871 = EDGE_CURVE ( 'NONE', #4420, #6802, #6142, .T. ) ;
#2872 = CARTESIAN_POINT ( 'NONE',  ( 0.09000000000000023259, 0.0000000000000000000, 0.0000000000000000000 ) ) ;
#2873 = FILL_AREA_STYLE_COLOUR ( '', #2218 ) ;
#2874 = ORIENTED_EDGE ( 'NONE', *, *, #6688, .T. ) ;
#2875 = ORIENTED_EDGE ( 'NONE', *, *, #4496, .F. ) ;
#2876 = CARTESIAN_POINT ( 'NONE',  ( 0.6777459081648955497, 0.7632806897812071112, 0.4490000000000000657 ) ) ;
#2877 = DIRECTION ( 'NONE',  ( 0.6847574953382552509, 0.7287710014662215352, 0.0000000000000000000 ) ) ;
#2878 = DIRECTION ( 'NONE',  ( 0.0000000000000000000, 1.000000000000000000, 0.0000000000000000000 ) ) ;
#2879 = AXIS2_PLACEMENT_3D ( 'NONE', #71, #1109, #4457 ) ;
#2880 = CARTESIAN_POINT ( 'NONE',  ( 0.7541592481338641463, 0.2211535340597851063, 0.4500000000000001221 ) ) ;
#2881 = CARTESIAN_POINT ( 'NONE',  ( 0.8045579589698350631, 0.2224501469254265007, 0.4489999999999998992 ) ) ;
#2882 = DIRECTION ( 'NONE',  ( 1.000000000000000000, 0.0000000000000000000, 0.0000000000000000000 ) ) ;
#2883 = CARTESIAN_POINT ( 'NONE',  ( 0.6583089891651693337, 0.3097133355415008227, 0.4499999999999989009 ) ) ;
#2884 = VERTEX_POINT ( 'NONE', #1715 ) ;
#2885 = AXIS2_PLACEMENT_3D ( 'NONE', #4907, #7101, #3769 ) ;
#2886 = DIRECTION ( 'NONE',  ( 0.0000000000000000000, 1.000000000000000000, 0.0000000000000000000 ) ) ;
#2887 = DIRECTION ( 'NONE',  ( -0.6575212211385371708, -0.7534360249898373052, 0.0000000000000000000 ) ) ;
#2888 = UNCERTAINTY_MEASURE_WITH_UNIT (LENGTH_MEASURE( 1.000000000000000082E-05 ), #4405, 'distance_accuracy_value', 'NONE');
#2889 = MECHANICAL_DESIGN_GEOMETRIC_PRESENTATION_REPRESENTATION (  '', ( #3123 ), #3839 ) ;
#2890 = DIRECTION ( 'NONE',  ( -0.7377937433794795608, -0.6750262159576430054, 0.0000000000000000000 ) ) ;
#2891 = SURFACE_STYLE_FILL_AREA ( #4516 ) ;
#2892 = ORIENTED_EDGE ( 'NONE', *, *, #207, .F. ) ;
#2893 = ORIENTED_EDGE ( 'NONE', *, *, #4575, .F. ) ;
#2894 = DIRECTION ( 'NONE',  ( -1.000000000000000000, 0.0000000000000000000, 0.0000000000000000000 ) ) ;
#2895 = COLOUR_RGB ( '',0.5607843137254902022, 0.5607843137254902022, 0.5607843137254902022 ) ;
#2896 = CARTESIAN_POINT ( 'NONE',  ( 0.3435314924495283528, 0.5009632211042646110, 0.4489999999999987890 ) ) ;
#2897 = CARTESIAN_POINT ( 'NONE',  ( 0.4492011101601591228, 0.5173105109569351434, 0.4499999999999965139 ) ) ;
#2898 = FILL_AREA_STYLE ('',( #2825 ) ) ;
#2899 = ORIENTED_EDGE ( 'NONE', *, *, #3549, .F. ) ;
#2900 = CARTESIAN_POINT ( 'NONE',  ( 0.4658086544030170528, 0.5741165731691290075, 0.4490000000000005653 ) ) ;
#2901 = SURFACE_STYLE_FILL_AREA ( #686 ) ;
#2902 = EDGE_CURVE ( 'NONE', #5680, #179, #2120, .T. ) ;
#2903 = CARTESIAN_POINT ( 'NONE',  ( 0.8841175697528007582, 0.2383209368047749799, 0.4500000000000001221 ) ) ;
#2904 = CARTESIAN_POINT ( 'NONE',  ( 0.9131404826389107887, 0.3362588055264616460, 0.4490000000000000657 ) ) ;
#2905 = LINE ( 'NONE', #1359, #6759 ) ;
#2906 = VERTEX_POINT ( 'NONE', #270 ) ;
#2907 = VERTEX_POINT ( 'NONE', #5819 ) ;
#2908 = CARTESIAN_POINT ( 'NONE',  ( 0.8631020732032431697, 0.2713781818335428420, 0.4490000000000002878 ) ) ;
#2909 = PRESENTATION_STYLE_ASSIGNMENT (( #1182 ) ) ;
#2910 = CARTESIAN_POINT ( 'NONE',  ( 0.4098241972258935828, 0.7106495557316864220, 0.4500000000000000666 ) ) ;
#2911 = ADVANCED_FACE ( 'NONE', ( #2478 ), #6125, .T. ) ;
#2912 =( NAMED_UNIT ( * ) SI_UNIT ( $, .STERADIAN. ) SOLID_ANGLE_UNIT ( ) );
#2913 = CARTESIAN_POINT ( 'NONE',  ( 0.3168120025689066255, 0.7039540371222455795, 0.4500000000000000111 ) ) ;
#2914 = ORIENTED_EDGE ( 'NONE', *, *, #1550, .F. ) ;
#2915 = LINE ( 'NONE', #5811, #3408 ) ;
#2916 = LINE ( 'NONE', #3617, #6898 ) ;
#2917 = CARTESIAN_POINT ( 'NONE',  ( 0.7248291821430857818, 0.5212995209668790375, 0.4500000000000007883 ) ) ;
#2918 =( GEOMETRIC_REPRESENTATION_CONTEXT ( 3 ) GLOBAL_UNCERTAINTY_ASSIGNED_CONTEXT ( ( #4875 ) ) GLOBAL_UNIT_ASSIGNED_CONTEXT ( ( #4534, #3905, #4458 ) ) REPRESENTATION_CONTEXT ( 'NONE', 'WORKASPACE' ) );
#2919 = CARTESIAN_POINT ( 'NONE',  ( 0.4256125172622919894, 0.4988400034879729161, 0.4489999999999999547 ) ) ;
#2920 = ORIENTED_EDGE ( 'NONE', *, *, #4702, .T. ) ;
#2921 = VERTEX_POINT ( 'NONE', #4618 ) ;
#2922 = B_SPLINE_CURVE_WITH_KNOTS ( 'NONE', 3,
 ( #7139, #3815, #3329, #4400, #3948, #6700, #1705, #6163, #2660, #451, #1084, #1668, #5564, #6024, #3914, #1009, #3259, #5498, #5529 ),
 .UNSPECIFIED., .F., .F.,
 ( 4, 1, 1, 1, 1, 1, 1, 1, 1, 1, 1, 1, 1, 1, 1, 1, 4 ),
 ( 0.0000000000000000000, 6.814397598735505286E-06, 1.342509526523556122E-05, 1.993861110877002754E-05, 2.638118696040148945E-05, 3.282661540276470458E-05, 3.939374845226508348E-05, 4.610548883903918034E-05, 5.299192420472586667E-05, 5.992114113644716539E-05, 6.672827225688910042E-05, 7.340431332916245153E-05, 8.008987875749534432E-05, 8.683356598160346272E-05, 9.365750204131256275E-05, 0.0001006296436462244414, 0.0001078690347384058843 ),
 .UNSPECIFIED. ) ;
#2923 = LINE ( 'NONE', #5243, #868 ) ;
#2924 = PRESENTATION_LAYER_ASSIGNMENT (  '', '', ( #1518 ) ) ;
#2925 = CARTESIAN_POINT ( 'NONE',  ( 0.3668289527467972211, 0.4924533950396651760, 0.4489999999999988445 ) ) ;
#2926 =( GEOMETRIC_REPRESENTATION_CONTEXT ( 3 ) GLOBAL_UNCERTAINTY_ASSIGNED_CONTEXT ( ( #4999 ) ) GLOBAL_UNIT_ASSIGNED_CONTEXT ( ( #1850, #756, #5805 ) ) REPRESENTATION_CONTEXT ( 'NONE', 'WORKASPACE' ) );
#2927 =( NAMED_UNIT ( * ) PLANE_ANGLE_UNIT ( ) SI_UNIT ( $, .RADIAN. ) );
#2928 = VERTEX_POINT ( 'NONE', #6818 ) ;
#2929 = CARTESIAN_POINT ( 'NONE',  ( 0.4192700638580778016, 0.7004278219556432372, 0.4490000000000000657 ) ) ;
#2930 = CARTESIAN_POINT ( 'NONE',  ( 0.6876274690366966924, 0.4145114609565704877, 0.4499999999999999556 ) ) ;
#2931 = CARTESIAN_POINT ( 'NONE',  ( 0.8692252463062026813, 0.2082370512933719997, 0.4500000000000000666 ) ) ;
#2932 = DIRECTION ( 'NONE',  ( -0.0000000000000000000, -1.000000000000000000, -0.0000000000000000000 ) ) ;
#2933 = UNCERTAINTY_MEASURE_WITH_UNIT (LENGTH_MEASURE( 1.000000000000000082E-05 ), #7166, 'distance_accuracy_value', 'NONE');
#2934 = CARTESIAN_POINT ( 'NONE',  ( 0.4495433732112826819, 0.7376579224657012768, 0.4490000000000066160 ) ) ;
#2935 = CARTESIAN_POINT ( 'NONE',  ( 0.8978943593030291881, 0.3156593899349411370, 0.4489999999999997882 ) ) ;
#2936 = LINE ( 'NONE', #6874, #1285 ) ;
#2937 = ORIENTED_EDGE ( 'NONE', *, *, #1550, .T. ) ;
#2938 = ORIENTED_EDGE ( 'NONE', *, *, #2141, .T. ) ;
#2939 = CARTESIAN_POINT ( 'NONE',  ( 0.8387014277522524264, 0.3826031864411457706, 0.4500000000000003442 ) ) ;
#2940 =( LENGTH_UNIT ( ) NAMED_UNIT ( * ) SI_UNIT ( .MILLI., .METRE. ) );
#2941 = SURFACE_SIDE_STYLE ('',( #191 ) ) ;
#2942 =( GEOMETRIC_REPRESENTATION_CONTEXT ( 3 ) GLOBAL_UNCERTAINTY_ASSIGNED_CONTEXT ( ( #6458 ) ) GLOBAL_UNIT_ASSIGNED_CONTEXT ( ( #1564, #6530, #3152 ) ) REPRESENTATION_CONTEXT ( 'NONE', 'WORKASPACE' ) );
#2943 = CARTESIAN_POINT ( 'NONE',  ( 0.5715370658063650966, 0.5065514027840389844, 0.4500000000000000666 ) ) ;
#2944 = EDGE_CURVE ( 'NONE', #573, #5889, #1824, .T. ) ;
#2945 = CARTESIAN_POINT ( 'NONE',  ( 0.3031862350127459416, 0.5469775285005141763, 0.4500000000000000666 ) ) ;
#2946 = COLOUR_RGB ( '',0.2941176470588235392, 0.2941176470588235392, 0.2941176470588235392 ) ;
#2947 = CARTESIAN_POINT ( 'NONE',  ( 0.9308925276597845855, 0.2496236817218264181, 0.4500000000000000111 ) ) ;
#2948 = ADVANCED_FACE ( 'NONE', ( #4092 ), #3929, .T. ) ;
#2949 =( NAMED_UNIT ( * ) PLANE_ANGLE_UNIT ( ) SI_UNIT ( $, .RADIAN. ) );
#2950 = CARTESIAN_POINT ( 'NONE',  ( 0.7979407045173340096, 0.4165870977184409352, 0.4500000000000005662 ) ) ;
#2951 = MECHANICAL_DESIGN_GEOMETRIC_PRESENTATION_REPRESENTATION (  '', ( #5537 ), #6449 ) ;
#2952 = LINE ( 'NONE', #2398, #1316 ) ;
#2953 = MECHANICAL_DESIGN_GEOMETRIC_PRESENTATION_REPRESENTATION (  '', ( #3788 ), #2837 ) ;
#2954 = CARTESIAN_POINT ( 'NONE',  ( 0.3549509030861340841, 0.3794638487972963325, 0.4489999999999999547 ) ) ;
#2955 = CARTESIAN_POINT ( 'NONE',  ( 0.8287048229797335797, 0.3259599677264777839, 0.4490000000000000102 ) ) ;
#2956 = UNCERTAINTY_MEASURE_WITH_UNIT (LENGTH_MEASURE( 1.000000000000000082E-05 ), #3665, 'distance_accuracy_value', 'NONE');
#2957 = CARTESIAN_POINT ( 'NONE',  ( 0.7649574280125827075, 0.5753128462286505318, 0.4500000000000007883 ) ) ;
#2958 = SURFACE_SIDE_STYLE ('',( #6819 ) ) ;
#2959 = EDGE_CURVE ( 'NONE', #4657, #1021, #6215, .T. ) ;
#2960 = ORIENTED_EDGE ( 'NONE', *, *, #6206, .F. ) ;
#2961 = ORIENTED_EDGE ( 'NONE', *, *, #3868, .F. ) ;
#2962 = DIRECTION ( 'NONE',  ( -1.000000000000000000, -0.0000000000000000000, 0.0000000000000000000 ) ) ;
#2963 = VECTOR ( 'NONE', #2745, 1000.000000000000000 ) ;
#2964 = CARTESIAN_POINT ( 'NONE',  ( 0.4999680411949428138, 0.6329484489489595189, 0.4490000000000065605 ) ) ;
#2965 =( LENGTH_UNIT ( ) NAMED_UNIT ( * ) SI_UNIT ( .MILLI., .METRE. ) );
#2966 = ORIENTED_EDGE ( 'NONE', *, *, #3137, .T. ) ;
#2967 = B_SPLINE_CURVE_WITH_KNOTS ( 'NONE', 3,
 ( #6987, #1480, #1994, #6454, #1441, #3695, #5917, #903, #5377, #6559, #5011 ),
 .UNSPECIFIED., .F., .F.,
 ( 4, 1, 1, 1, 1, 1, 1, 1, 4 ),
 ( 0.0000000000000000000, 9.464201020120953603E-06, 1.806114215143341816E-05, 2.564155208093698031E-05, 3.227831461911241775E-05, 3.801399183553209752E-05, 4.284917088395678132E-05, 4.667515939394945143E-05, 4.961400473347899267E-05 ),
 .UNSPECIFIED. ) ;
#2968 = CARTESIAN_POINT ( 'NONE',  ( 0.8705491936844246270, 0.3579452523763561600, 0.4489999999999999547 ) ) ;
#2969 = CARTESIAN_POINT ( 'NONE',  ( 0.5624613445698273262, 0.3832847337107067043, 0.4499999999999942935 ) ) ;
#2970 = CARTESIAN_POINT ( 'NONE',  ( 0.8841175697528007582, 0.2383209368047749799, 0.4495000000000000107 ) ) ;
#2971 = CARTESIAN_POINT ( 'NONE',  ( 0.4208915014855482140, 0.7605069676862856731, 0.4490000000000066160 ) ) ;
#2972 = CARTESIAN_POINT ( 'NONE',  ( 0.9179282175933884957, 0.3580950648116366097, 0.4500000000000000666 ) ) ;
#2973 = CARTESIAN_POINT ( 'NONE',  ( 0.8664617053579825035, 0.3721310834510781484, 0.4500000000000000666 ) ) ;
#2974 = CARTESIAN_POINT ( 'NONE',  ( 0.09000000000000023259, 0.04999999999999996808, -0.005000000000000013115 ) ) ;
#2975 = ORIENTED_EDGE ( 'NONE', *, *, #5993, .T. ) ;
#2976 = ORIENTED_EDGE ( 'NONE', *, *, #2417, .F. ) ;
#2977 = CARTESIAN_POINT ( 'NONE',  ( 0.4184303125955012859, 0.5647057482218649227, 0.4490000000000000102 ) ) ;
#2978 =( GEOMETRIC_REPRESENTATION_CONTEXT ( 3 ) GLOBAL_UNCERTAINTY_ASSIGNED_CONTEXT ( ( #3462 ) ) GLOBAL_UNIT_ASSIGNED_CONTEXT ( ( #1944, #4141, #4772 ) ) REPRESENTATION_CONTEXT ( 'NONE', 'WORKASPACE' ) );
#2979 = CARTESIAN_POINT ( 'NONE',  ( 0.7649574280125827075, 0.5753128462286505318, 0.4490000000000087810 ) ) ;
#2980 = STYLED_ITEM ( 'NONE', ( #5566 ), #21 ) ;
#2981 = FILL_AREA_STYLE ('',( #2392 ) ) ;
#2982 = CARTESIAN_POINT ( 'NONE',  ( 0.5000562596548264738, 0.6251668211438349276, 0.4500000000000000666 ) ) ;
#2983 = SURFACE_STYLE_USAGE ( .BOTH. , #760 ) ;
#2984 = PLANE ( 'NONE',  #4929 ) ;
#2985 = CARTESIAN_POINT ( 'NONE',  ( 0.3279218777659759776, 0.7387906154809169568, 0.4489999999999998992 ) ) ;
#2986 =( NAMED_UNIT ( * ) SI_UNIT ( $, .STERADIAN. ) SOLID_ANGLE_UNIT ( ) );
#2987 = DIRECTION ( 'NONE',  ( 0.0000000000000000000, 0.0000000000000000000, 1.000000000000000000 ) ) ;
#2988 = CARTESIAN_POINT ( 'NONE',  ( 0.8134468948370316976, 0.1553793217688580752, 0.4489999999999995106 ) ) ;
#2989 = ADVANCED_FACE ( 'NONE', ( #5100 ), #6146, .F. ) ;
#2990 = CARTESIAN_POINT ( 'NONE',  ( 0.7950398674913784491, 0.7620044883028647131, 0.4489999999999999547 ) ) ;
#2991 = VECTOR ( 'NONE', #6553, 1000.000000000000000 ) ;
#2992 = CARTESIAN_POINT ( 'NONE',  ( 2.930733997499879173E-16, 0.8400611626532639153, -0.001104315260748468201 ) ) ;
#2993 = EDGE_CURVE ( 'NONE', #5223, #5072, #4415, .T. ) ;
#2994 =( LENGTH_UNIT ( ) NAMED_UNIT ( * ) SI_UNIT ( .MILLI., .METRE. ) );
#2995 = PRESENTATION_STYLE_ASSIGNMENT (( #771 ) ) ;
#2996 = SURFACE_STYLE_USAGE ( .BOTH. , #3556 ) ;
#2997 = PRESENTATION_LAYER_ASSIGNMENT (  '', '', ( #6147 ) ) ;
#2998 = ORIENTED_EDGE ( 'NONE', *, *, #1334, .T. ) ;
#2999 = EDGE_LOOP ( 'NONE', ( #2960, #6110, #2024, #2282 ) ) ;
#3000 = CARTESIAN_POINT ( 'NONE',  ( 0.8968410924119319949, 0.4098635943543103011, 0.4499999999999964029 ) ) ;
#3001 = MECHANICAL_DESIGN_GEOMETRIC_PRESENTATION_REPRESENTATION (  '', ( #5232 ), #6849 ) ;
#3002 = EDGE_CURVE ( 'NONE', #875, #5147, #5544, .T. ) ;
#3003 =( NAMED_UNIT ( * ) SI_UNIT ( $, .STERADIAN. ) SOLID_ANGLE_UNIT ( ) );
#3004 = B_SPLINE_CURVE_WITH_KNOTS ( 'NONE', 3,
 ( #1456, #3711, #7113, #6164, #1157, #3823, #5088, #85, #5053, #2290, #2086, #1707, #7040, #2809, #3398, #4289, #1526, #7078, #4326 ),
 .UNSPECIFIED., .F., .F.,
 ( 4, 1, 1, 1, 1, 1, 1, 1, 1, 1, 1, 1, 1, 1, 1, 1, 4 ),
 ( 0.0000000000000000000, 7.706472577082067941E-06, 1.514937216299599278E-05, 2.240133485776584215E-05, 2.950459506775202927E-05, 3.656265361137308006E-05, 4.364981767453097067E-05, 5.079838820281923914E-05, 5.809686316078015671E-05, 6.534629792124803599E-05, 7.234638663294529269E-05, 7.915202443958992270E-05, 8.587281385828215237E-05, 9.256037452478726307E-05, 9.924477197755609918E-05, 0.0001060113491395936317, 0.0001129750881950433586 ),
 .UNSPECIFIED. ) ;
#3005 = DIRECTION ( 'NONE',  ( 0.0000000000000000000, -0.0000000000000000000, 1.000000000000000000 ) ) ;
#3006 = CARTESIAN_POINT ( 'NONE',  ( 0.4537036949702342725, 0.5232130348562052946, 0.4499999999999964584 ) ) ;
#3007 = CARTESIAN_POINT ( 'NONE',  ( 0.7171500020856336199, 0.3387909719853456902, 0.4500000000000000666 ) ) ;
#3008 = ORIENTED_EDGE ( 'NONE', *, *, #3271, .F. ) ;
#3009 = COLOUR_RGB ( '',1.000000000000000000, 1.000000000000000000, 1.000000000000000000 ) ;
#3010 = DIRECTION ( 'NONE',  ( -2.535460951367398784E-16, -0.9938837346736190126, -0.1104315260748466032 ) ) ;
#3011 = CARTESIAN_POINT ( 'NONE',  ( 0.4266418837121218610, 0.7572421578109236329, 0.4499999999999990119 ) ) ;
#3012 = CARTESIAN_POINT ( 'NONE',  ( 0.8659686662260444034, 0.2059381379560387415, 0.4489999999999997882 ) ) ;
#3013 =( NAMED_UNIT ( * ) PLANE_ANGLE_UNIT ( ) SI_UNIT ( $, .RADIAN. ) );
#3014 = UNCERTAINTY_MEASURE_WITH_UNIT (LENGTH_MEASURE( 1.000000000000000082E-05 ), #5070, 'distance_accuracy_value', 'NONE');
#3015 = STYLED_ITEM ( 'NONE', ( #216 ), #2627 ) ;
#3016 = CARTESIAN_POINT ( 'NONE',  ( 0.8438364532998092749, 0.3828559428143903376, 0.4495000000000000107 ) ) ;
#3017 = CARTESIAN_POINT ( 'NONE',  ( 0.6299048809356051493, 0.2735536813222016472, 0.4490000000000471947 ) ) ;
#3018 = CARTESIAN_POINT ( 'NONE',  ( 0.7212970569322878500, 0.1589777376861852554, 0.4489999999999999547 ) ) ;
#3019 = ORIENTED_EDGE ( 'NONE', *, *, #4250, .T. ) ;
#3020 = ORIENTED_EDGE ( 'NONE', *, *, #2860, .T. ) ;
#3021 = DIRECTION ( 'NONE',  ( 0.0000000000000000000, 0.0000000000000000000, 1.000000000000000000 ) ) ;
#3022 = FILL_AREA_STYLE ('',( #5193 ) ) ;
#3023 =( NAMED_UNIT ( * ) SI_UNIT ( $, .STERADIAN. ) SOLID_ANGLE_UNIT ( ) );
#3024 = LINE ( 'NONE', #6234, #5161 ) ;
#3025 = FILL_AREA_STYLE ('',( #2393 ) ) ;
#3026 = SURFACE_SIDE_STYLE ('',( #5808 ) ) ;
#3027 = CARTESIAN_POINT ( 'NONE',  ( 0.6700361116261777106, 0.3398444510504048943, 0.4489999999999999547 ) ) ;
#3028 = CARTESIAN_POINT ( 'NONE',  ( 0.8273348594486507057, 0.4289301222101792321, 0.4500000000000004552 ) ) ;
#3029 = PRESENTATION_STYLE_ASSIGNMENT (( #267 ) ) ;
#3030 = CARTESIAN_POINT ( 'NONE',  ( 0.5245556039408351134, 0.3989153879265698310, 0.4489999999999999547 ) ) ;
#3031 = CARTESIAN_POINT ( 'NONE',  ( 0.8620632258701498296, 0.3388166586738850516, 0.4499999999999999001 ) ) ;
#3032 = UNCERTAINTY_MEASURE_WITH_UNIT (LENGTH_MEASURE( 1.000000000000000082E-05 ), #6161, 'distance_accuracy_value', 'NONE');
#3033 = ORIENTED_EDGE ( 'NONE', *, *, #5244, .T. ) ;
#3034 = DIRECTION ( 'NONE',  ( -1.000000000000000000, 0.0000000000000000000, -0.0000000000000000000 ) ) ;
#3035 = CARTESIAN_POINT ( 'NONE',  ( 0.8591689146787031550, 0.4292103714307179407, 0.4499999999999965139 ) ) ;
#3036 = MECHANICAL_DESIGN_GEOMETRIC_PRESENTATION_REPRESENTATION (  '', ( #2450 ), #4220 ) ;
#3037 = PRESENTATION_STYLE_ASSIGNMENT (( #804 ) ) ;
#3038 = DIRECTION ( 'NONE',  ( -1.000000000000000000, 0.0000000000000000000, -0.0000000000000000000 ) ) ;
#3039 = EDGE_LOOP ( 'NONE', ( #6947, #130, #705, #5601, #2527, #6659, #172, #6573, #2756, #6526, #5124, #5317, #4011, #6581, #1885, #4446 ) ) ;
#3040 = EDGE_CURVE ( 'NONE', #1101, #4062, #2751, .T. ) ;
#3041 = LINE ( 'NONE', #5360, #3654 ) ;
#3042 = LINE ( 'NONE', #4222, #6465 ) ;
#3043 = CARTESIAN_POINT ( 'NONE',  ( 0.8659686662260444034, 0.2059381379560387415, 0.4499999999999999001 ) ) ;
#3044 = COLOUR_RGB ( '',1.000000000000000000, 1.000000000000000000, 1.000000000000000000 ) ;
#3045 = CARTESIAN_POINT ( 'NONE',  ( 0.8289671305312019678, 0.3792372562627240873, 0.4500000000000000666 ) ) ;
#3046 = B_SPLINE_CURVE_WITH_KNOTS ( 'NONE', 3,
 ( #4288, #1018, #5467, #4408, #1453, #383, #2560, #2628, #6604, #1599, #949 ),
 .UNSPECIFIED., .F., .F.,
 ( 4, 1, 1, 1, 1, 1, 1, 1, 4 ),
 ( 0.0000000000000000000, 5.169582542960786093E-06, 1.025803512908605572E-05, 1.537054803443685895E-05, 2.070344892789124805E-05, 2.604507127472700803E-05, 3.122119828602351035E-05, 3.650493962288565091E-05, 4.185131312954014945E-05 ),
 .UNSPECIFIED. ) ;
#3047 = CARTESIAN_POINT ( 'NONE',  ( 0.8748364285920483541, 0.2620773179842212364, 0.4489999999999997882 ) ) ;
#3048 = CARTESIAN_POINT ( 'NONE',  ( 0.9159293631879114050, 0.3441693405309917964, 0.4489999999999998437 ) ) ;
#3049 = ORIENTED_EDGE ( 'NONE', *, *, #5648, .T. ) ;
#3050 = CARTESIAN_POINT ( 'NONE',  ( 0.8839671145185596934, 0.2426645869787087684, 0.4490000000000001767 ) ) ;
#3051 = CARTESIAN_POINT ( 'NONE',  ( 0.6009609090461859315, 0.3504771685080497190, 0.4499999999999986788 ) ) ;
#3052 = PRESENTATION_LAYER_ASSIGNMENT (  '', '', ( #4589 ) ) ;
#3053 = CARTESIAN_POINT ( 'NONE',  ( 0.5391512177199454525, 0.5317172529240469236, 0.4500000000000001776 ) ) ;
#3054 = PRESENTATION_STYLE_ASSIGNMENT (( #5842 ) ) ;
#3055 = CARTESIAN_POINT ( 'NONE',  ( 0.4605960970908861696, 0.5360889778298250086, 0.4489999999999998437 ) ) ;
#3056 = CARTESIAN_POINT ( 'NONE',  ( 0.8845194620822005582, 0.3049076078544669111, 0.4500000000000000666 ) ) ;
#3057 = CARTESIAN_POINT ( 'NONE',  ( 0.3861865354935152816, 0.7687886763370526122, 0.4500000000000000666 ) ) ;
#3058 = STYLED_ITEM ( 'NONE', ( #1052 ), #4023 ) ;
#3059 = VECTOR ( 'NONE', #4084, 1000.000000000000000 ) ;
#3060 = CARTESIAN_POINT ( 'NONE',  ( 0.7979028788144648665, 0.1613475336654539016, 0.4500000000000006217 ) ) ;
#3061 = CARTESIAN_POINT ( 'NONE',  ( 0.4022069131233205197, 0.6592481288252860505, 0.4489999999999999547 ) ) ;
#3062 = B_SPLINE_CURVE_WITH_KNOTS ( 'NONE', 3,
 ( #6957, #7066, #5986, #7028, #4723, #2075, #935, #1969, #3179, #3138, #4312, #6383, #3060, #5266, #5340, #1509, #2616, #3655, #5846 ),
 .UNSPECIFIED., .F., .F.,
 ( 4, 1, 1, 1, 1, 1, 1, 1, 1, 1, 1, 1, 1, 1, 1, 1, 4 ),
 ( 0.0000000000000000000, 9.963668375549965096E-06, 1.954206080292461223E-05, 2.869259200332295953E-05, 3.751986170529416693E-05, 4.611423883889261878E-05, 5.455940157054500912E-05, 6.294349699820158284E-05, 7.132087305356835203E-05, 7.966271484252684422E-05, 8.786705928789562852E-05, 9.604149151354440784E-05, 0.0001042846962026248807, 0.0001126580380464063891, 0.0001212452045808809991, 0.0001301238390434549951, 0.0001394172605295215372 ),
 .UNSPECIFIED. ) ;
#3063 = SURFACE_SIDE_STYLE ('',( #7068 ) ) ;
#3064 = SURFACE_SIDE_STYLE ('',( #1273 ) ) ;
#3065 = CARTESIAN_POINT ( 'NONE',  ( 0.8705491936844247380, 0.3579452523763562155, 0.4500000000000000666 ) ) ;
#3066 =( LENGTH_UNIT ( ) NAMED_UNIT ( * ) SI_UNIT ( .MILLI., .METRE. ) );
#3067 = FACE_OUTER_BOUND ( 'NONE', #5800, .T. ) ;
#3068 = VERTEX_POINT ( 'NONE', #2857 ) ;
#3069 = CARTESIAN_POINT ( 'NONE',  ( 0.8662328240567112037, 0.4275348132470108142, 0.4499999999999962919 ) ) ;
#3070 = CARTESIAN_POINT ( 'NONE',  ( 0.6294934234495273007, 0.4301746168314807273, 0.4490000000000001767 ) ) ;
#3071 = CARTESIAN_POINT ( 'NONE',  ( 0.6071105897109853045, 0.5431129260735960695, 0.4500000000000007327 ) ) ;
#3072 = CARTESIAN_POINT ( 'NONE',  ( 0.7130605014507888084, 0.3197030461862863104, 0.4500000000000000111 ) ) ;
#3073 = EDGE_LOOP ( 'NONE', ( #1294, #6914, #148 ) ) ;
#3074 = VERTEX_POINT ( 'NONE', #1639 ) ;
#3075 = CARTESIAN_POINT ( 'NONE',  ( 0.3856482992913177199, 0.6739913811735904758, 0.4490000000000001212 ) ) ;
#3076 = LINE ( 'NONE', #318, #4594 ) ;
#3077 = DIRECTION ( 'NONE',  ( 0.0000000000000000000, 0.0000000000000000000, 1.000000000000000000 ) ) ;
#3078 = CARTESIAN_POINT ( 'NONE',  ( 0.5772612432725883203, 0.4050226469377988803, 0.4499999999999944045 ) ) ;
#3079 = EDGE_CURVE ( 'NONE', #1539, #6864, #6749, .T. ) ;
#3080 =( LENGTH_UNIT ( ) NAMED_UNIT ( * ) SI_UNIT ( .MILLI., .METRE. ) );
#3081 = CARTESIAN_POINT ( 'NONE',  ( 0.3834304591046263089, 0.6088302428434628766, 0.4500000000000000111 ) ) ;
#3082 = EDGE_CURVE ( 'NONE', #6972, #6865, #3452, .T. ) ;
#3083 = CARTESIAN_POINT ( 'NONE',  ( 0.8221961081507445090, 0.2810395024139719644, 0.4500000000000001776 ) ) ;
#3084 = CARTESIAN_POINT ( 'NONE',  ( 0.3865575457766348699, 0.4906369669353432550, 0.4489999999999999547 ) ) ;
#3085 = MECHANICAL_DESIGN_GEOMETRIC_PRESENTATION_REPRESENTATION (  '', ( #1923 ), #3441 ) ;
#3086 = SURFACE_STYLE_FILL_AREA ( #5870 ) ;
#3087 =( GEOMETRIC_REPRESENTATION_CONTEXT ( 3 ) GLOBAL_UNCERTAINTY_ASSIGNED_CONTEXT ( ( #5744 ) ) GLOBAL_UNIT_ASSIGNED_CONTEXT ( ( #6299, #652, #4111 ) ) REPRESENTATION_CONTEXT ( 'NONE', 'WORKASPACE' ) );
#3088 = SURFACE_SIDE_STYLE ('',( #2196 ) ) ;
#3089 = ORIENTED_EDGE ( 'NONE', *, *, #2725, .F. ) ;
#3090 = SURFACE_SIDE_STYLE ('',( #4344 ) ) ;
#3091 = STYLED_ITEM ( 'NONE', ( #2428 ), #595 ) ;
#3092 = CARTESIAN_POINT ( 'NONE',  ( 0.4098105236799790552, 0.5455499390546274530, 0.4500000000000001776 ) ) ;
#3093 = EDGE_CURVE ( 'NONE', #310, #4963, #3953, .T. ) ;
#3094 = CARTESIAN_POINT ( 'NONE',  ( 0.3549509030861340841, 0.4235610710195185091, 0.4489999999999999547 ) ) ;
#3095 = CARTESIAN_POINT ( 'NONE',  ( 0.9243717802304711739, 0.2709035056202087621, 0.4489999999999998992 ) ) ;
#3096 = CARTESIAN_POINT ( 'NONE',  ( 1.250000000000000222, 0.01833333333333302465, 0.1650000000000000078 ) ) ;
#3097 = CARTESIAN_POINT ( 'NONE',  ( 0.3366709090524661607, 0.7491053172828342488, 0.4500000000000000666 ) ) ;
#3098 = AXIS2_PLACEMENT_3D ( 'NONE', #1686, #63, #5650 ) ;
#3099 = CARTESIAN_POINT ( 'NONE',  ( 0.4999276880041989002, 0.6298188245742321056, 0.4495000000000006768 ) ) ;
#3100 = LINE ( 'NONE', #337, #3892 ) ;
#3101 = CARTESIAN_POINT ( 'NONE',  ( 0.3606849073768320646, 0.4939549711517768338, 0.4499999999999996225 ) ) ;
#3102 = CARTESIAN_POINT ( 'NONE',  ( 0.5181887133852502991, 0.6996802658592709001, 0.4490000000000000102 ) ) ;
#3103 = STYLED_ITEM ( 'NONE', ( #933 ), #1116 ) ;
#3104 = UNCERTAINTY_MEASURE_WITH_UNIT (LENGTH_MEASURE( 1.000000000000000082E-05 ), #786, 'distance_accuracy_value', 'NONE');
#3105 =( NAMED_UNIT ( * ) SI_UNIT ( $, .STERADIAN. ) SOLID_ANGLE_UNIT ( ) );
#3106 = CARTESIAN_POINT ( 'NONE',  ( 0.5773611730987844304, 0.5606822887382629794, 0.4500000000000000111 ) ) ;
#3107 = ORIENTED_EDGE ( 'NONE', *, *, #6026, .T. ) ;
#3108 = VERTEX_POINT ( 'NONE', #3593 ) ;
#3109 = PRESENTATION_LAYER_ASSIGNMENT (  '', '', ( #4757 ) ) ;
#3110 = CARTESIAN_POINT ( 'NONE',  ( 0.5772612432725883203, 0.4050226469377988803, 0.4499999999999996780 ) ) ;
#3111 = MECHANICAL_DESIGN_GEOMETRIC_PRESENTATION_REPRESENTATION (  '', ( #2056 ), #5690 ) ;
#3112 = CARTESIAN_POINT ( 'NONE',  ( 0.5000482366124848754, 0.6391680694759709347, 0.4490000000000066160 ) ) ;
#3113 = CARTESIAN_POINT ( 'NONE',  ( 0.7349990763863167853, 0.5306120911875025214, 0.4499999999999998446 ) ) ;
#3114 = FILL_AREA_STYLE_COLOUR ( '', #7163 ) ;
#3115 = ORIENTED_EDGE ( 'NONE', *, *, #6070, .F. ) ;
#3116 = ORIENTED_EDGE ( 'NONE', *, *, #7055, .T. ) ;
#3117 = CARTESIAN_POINT ( 'NONE',  ( 0.9252902598202312756, 0.2046392621761362607, 0.4489999999999997327 ) ) ;
#3118 = CARTESIAN_POINT ( 'NONE',  ( 0.4660067478332587942, 0.5659520544086338312, 0.4489999999999023661 ) ) ;
#3119 = CARTESIAN_POINT ( 'NONE',  ( 0.4495433732112826819, 0.7376579224657012768, 0.4499999999999991229 ) ) ;
#3120 = CARTESIAN_POINT ( 'NONE',  ( 0.6370954898204381767, 0.7212993600977364306, 0.4489999999999984004 ) ) ;
#3121 = COLOUR_RGB ( '',1.000000000000000000, 1.000000000000000000, 1.000000000000000000 ) ;
#3122 = CARTESIAN_POINT ( 'NONE',  ( 0.8631020732032431697, 0.2713781818335428420, 0.4500000000000001776 ) ) ;
#3123 = STYLED_ITEM ( 'NONE', ( #3037 ), #2002 ) ;
#3124 = FILL_AREA_STYLE ('',( #4226 ) ) ;
#3125 = SURFACE_STYLE_USAGE ( .BOTH. , #6873 ) ;
#3126 = ORIENTED_EDGE ( 'NONE', *, *, #4486, .T. ) ;
#3127 = CARTESIAN_POINT ( 'NONE',  ( 0.9280788126719051734, 0.2124644795248139262, 0.4489999999999996216 ) ) ;
#3128 = EDGE_CURVE ( 'NONE', #4963, #1862, #4823, .T. ) ;
#3129 = CARTESIAN_POINT ( 'NONE',  ( 0.7915018379151846917, 0.4116098869548449612, 0.4499999999999999001 ) ) ;
#3130 = DIRECTION ( 'NONE',  ( 0.0000000000000000000, 0.0000000000000000000, 1.000000000000000000 ) ) ;
#3131 = DIRECTION ( 'NONE',  ( 1.000000000000000000, 0.0000000000000000000, 0.0000000000000000000 ) ) ;
#3132 = LINE ( 'NONE', #2612, #6051 ) ;
#3133 = FACE_OUTER_BOUND ( 'NONE', #6471, .T. ) ;
#3134 = FILL_AREA_STYLE ('',( #7063 ) ) ;
#3135 = SURFACE_SIDE_STYLE ('',( #6452 ) ) ;
#3136 = CARTESIAN_POINT ( 'NONE',  ( 0.3417781323574650143, 0.7536872393256348612, 0.4489999999999999547 ) ) ;
#3137 = EDGE_CURVE ( 'NONE', #1222, #6802, #4921, .T. ) ;
#3138 = CARTESIAN_POINT ( 'NONE',  ( 0.7778951464180026143, 0.1757877114285712195, 0.4500000000000006772 ) ) ;
#3139 = CARTESIAN_POINT ( 'NONE',  ( 0.5849995436459157760, 0.7583593316718039157, 0.4500000000000001776 ) ) ;
#3140 = CARTESIAN_POINT ( 'NONE',  ( 0.4900000000000002132, 0.8500000000000000888, 0.0000000000000000000 ) ) ;
#3141 = CARTESIAN_POINT ( 'NONE',  ( 0.5934029968068332828, 0.7616287507010536251, 0.4500000000000000111 ) ) ;
#3142 = SURFACE_STYLE_USAGE ( .BOTH. , #1483 ) ;
#3143 = CARTESIAN_POINT ( 'NONE',  ( 0.5991816723169032244, 0.3353666265750742115, 0.4489999999999999547 ) ) ;
#3144 = CARTESIAN_POINT ( 'NONE',  ( 0.6370954898204381767, 0.7212993600977364306, 0.4489999999999999547 ) ) ;
#3145 = B_SPLINE_CURVE_WITH_KNOTS ( 'NONE', 3,
 ( #5894, #2964, #3112, #2377, #210, #5825, #805, #2487, #6935, #6828, #1834, #1282, #488, #4885, #2123, #3294, #3820, #2010, #5388, #7145, #5504, #346, #425, #2160, #4956, #5963, #916 ),
 .UNSPECIFIED., .F., .F.,
 ( 4, 1, 1, 1, 1, 1, 1, 1, 1, 1, 1, 1, 1, 1, 1, 1, 1, 1, 1, 1, 1, 1, 1, 1, 4 ),
 ( 0.0000000000000000000, 9.417994877584214954E-06, 1.871673633964905645E-05, 2.787199186104208498E-05, 3.692954669357262571E-05, 4.596724684300872941E-05, 5.500619896822924349E-05, 6.410053400197996353E-05, 7.326134977084503409E-05, 8.245684091367671599E-05, 9.145925793269503857E-05, 0.0001004557023643854559, 0.0001094118066192170170, 0.0001183679108740486459, 0.0001273980955236372339, 0.0001364746824587497582, 0.0001456982801097444677, 0.0001549563179922682171, 0.0001640725568240656402, 0.0001731304239806883305, 0.0001820814729303799507, 0.0001910992746823560380, 0.0002000969768303159928, 0.0002092369242298911468, 0.0002184422547293989850 ),
 .UNSPECIFIED. ) ;
#3146 = CARTESIAN_POINT ( 'NONE',  ( 0.5554142301404908499, 0.5891209212083522440, 0.4499999999999999556 ) ) ;
#3147 = ORIENTED_EDGE ( 'NONE', *, *, #3444, .F. ) ;
#3148 = CARTESIAN_POINT ( 'NONE',  ( 0.3705137378718256214, 0.5428110117273410307, 0.4500000000000003442 ) ) ;
#3149 =( BOUNDED_CURVE ( )  B_SPLINE_CURVE ( 3, ( #6490, #6520, #4463, #5561 ),
 .UNSPECIFIED., .F., .F. ) 
 B_SPLINE_CURVE_WITH_KNOTS ( ( 4, 4 ),
 ( 3.141592653589793116, 4.712388980384689674 ),
 .UNSPECIFIED. ) 
 CURVE ( )  GEOMETRIC_REPRESENTATION_ITEM ( )  RATIONAL_B_SPLINE_CURVE ( ( 1.000000000000000000, 0.8047378541243649375, 0.8047378541243649375, 1.000000000000000000 ) ) 
 REPRESENTATION_ITEM ( '' )  );
#3150 = CARTESIAN_POINT ( 'NONE',  ( 0.7071732391807146190, 0.6879483275853797153, 0.4500000000000001776 ) ) ;
#3151 = FILL_AREA_STYLE ('',( #3855 ) ) ;
#3152 =( NAMED_UNIT ( * ) SI_UNIT ( $, .STERADIAN. ) SOLID_ANGLE_UNIT ( ) );
#3153 = PRESENTATION_STYLE_ASSIGNMENT (( #881 ) ) ;
#3154 = ORIENTED_EDGE ( 'NONE', *, *, #5824, .F. ) ;
#3155 = ORIENTED_EDGE ( 'NONE', *, *, #371, .T. ) ;
#3156 = CARTESIAN_POINT ( 'NONE',  ( 0.3856482992913177199, 0.6739913811735904758, 0.4500000000000001776 ) ) ;
#3157 = DIRECTION ( 'NONE',  ( -1.000000000000000000, -0.0000000000000000000, 0.0000000000000000000 ) ) ;
#3158 = CARTESIAN_POINT ( 'NONE',  ( 0.7175614573826025744, 0.3610416372774885030, 0.4500000000000001221 ) ) ;
#3159 =( LENGTH_UNIT ( ) NAMED_UNIT ( * ) SI_UNIT ( .MILLI., .METRE. ) );
#3160 = CARTESIAN_POINT ( 'NONE',  ( 0.3861865354935153372, 0.7687886763370527232, 0.4490000000000000102 ) ) ;
#3161 = UNCERTAINTY_MEASURE_WITH_UNIT (LENGTH_MEASURE( 1.000000000000000082E-05 ), #2033, 'distance_accuracy_value', 'NONE');
#3162 = CARTESIAN_POINT ( 'NONE',  ( 0.8776648186413937847, 0.2585093094844259087, 0.4490000000000000657 ) ) ;
#3163 = PRESENTATION_STYLE_ASSIGNMENT (( #3797 ) ) ;
#3164 = CARTESIAN_POINT ( 'NONE',  ( 1.250000000000000222, 0.05895042793126351738, 0.4500000000000000111 ) ) ;
#3165 = STYLED_ITEM ( 'NONE', ( #6701 ), #6770 ) ;
#3166 = VERTEX_POINT ( 'NONE', #1865 ) ;
#3167 = CARTESIAN_POINT ( 'NONE',  ( 0.8431333627575814393, 0.1522575925277634967, 0.4499999999999998446 ) ) ;
#3168 = CARTESIAN_POINT ( 'NONE',  ( 0.6361549674640297747, 0.2804708158109958660, 0.4500000000000000111 ) ) ;
#3169 = COLOUR_RGB ( '',1.000000000000000000, 1.000000000000000000, 1.000000000000000000 ) ;
#3170 =( NAMED_UNIT ( * ) SI_UNIT ( $, .STERADIAN. ) SOLID_ANGLE_UNIT ( ) );
#3171 =( NAMED_UNIT ( * ) PLANE_ANGLE_UNIT ( ) SI_UNIT ( $, .RADIAN. ) );
#3172 = CARTESIAN_POINT ( 'NONE',  ( 0.7148128668492125248, 0.3261758017669613707, 0.4490000000000642366 ) ) ;
#3173 = VECTOR ( 'NONE', #5056, 1000.000000000000000 ) ;
#3174 = SURFACE_STYLE_FILL_AREA ( #2543 ) ;
#3175 = DIRECTION ( 'NONE',  ( -1.000000000000000000, 0.0000000000000000000, -0.0000000000000000000 ) ) ;
#3176 = SURFACE_STYLE_USAGE ( .BOTH. , #6984 ) ;
#3177 = CARTESIAN_POINT ( 'NONE',  ( 2.056993547213643812E-16, 0.7910495720687361620, 0.4458578643762690086 ) ) ;
#3178 = CARTESIAN_POINT ( 'NONE',  ( 0.3590747490569973221, 0.7639803798531722423, 0.4490000000000000657 ) ) ;
#3179 = CARTESIAN_POINT ( 'NONE',  ( 0.7722861579850248681, 0.1820039817375624924, 0.4500000000000006217 ) ) ;
#3180 = CARTESIAN_POINT ( 'NONE',  ( 0.5069607172398549189, 0.6749114057774895370, 0.4500000000000001221 ) ) ;
#3181 = COLOUR_RGB ( '',0.5607843137254902022, 0.5607843137254902022, 0.5607843137254902022 ) ;
#3182 = EDGE_CURVE ( 'NONE', #4657, #2906, #2923, .T. ) ;
#3183 = CARTESIAN_POINT ( 'NONE',  ( 0.6196418063768800444, 0.7677006851489529549, 0.4500000000000001776 ) ) ;
#3184 = CARTESIAN_POINT ( 'NONE',  ( 0.6145203665121119485, 0.5408655028980988710, 0.4500000000000000666 ) ) ;
#3185 = UNCERTAINTY_MEASURE_WITH_UNIT (LENGTH_MEASURE( 1.000000000000000082E-05 ), #1312, 'distance_accuracy_value', 'NONE');
#3186 = SURFACE_STYLE_FILL_AREA ( #3285 ) ;
#3187 = CARTESIAN_POINT ( 'NONE',  ( 0.8722780961633899155, 0.2108216401772527171, 0.4500000000000002887 ) ) ;
#3188 = VECTOR ( 'NONE', #3282, 1000.000000000000000 ) ;
#3189 = COLOUR_RGB ( '',0.2941176470588235392, 0.2941176470588235392, 0.2941176470588235392 ) ;
#3190 = EDGE_LOOP ( 'NONE', ( #3033, #4191, #1278, #6500 ) ) ;
#3191 = CARTESIAN_POINT ( 'NONE',  ( 0.3883065942541989446, 0.5381262831746594921, 0.4494999999999709783 ) ) ;
#3192 = CARTESIAN_POINT ( 'NONE',  ( 0.6817404477691364484, 0.2612345348130552525, 0.4499999999999969580 ) ) ;
#3193 = EDGE_CURVE ( 'NONE', #5158, #6607, #4098, .T. ) ;
#3194 = AXIS2_PLACEMENT_3D ( 'NONE', #440, #6447, #3005 ) ;
#3195 = FILL_AREA_STYLE ('',( #3709 ) ) ;
#3196 = CARTESIAN_POINT ( 'NONE',  ( 0.7724363333729722392, 0.6011072206399181717, 0.4500000000000001221 ) ) ;
#3197 = ORIENTED_EDGE ( 'NONE', *, *, #5372, .T. ) ;
#3198 = B_SPLINE_CURVE_WITH_KNOTS ( 'NONE', 3,
 ( #2601, #2565, #283, #3119, #922, #1910, #2452, #5829, #3011, #5251, #6436, #4845, #7047, #7010, #1496 ),
 .UNSPECIFIED., .F., .F.,
 ( 4, 1, 1, 1, 1, 1, 1, 1, 1, 1, 1, 1, 4 ),
 ( 0.0000000000000000000, 7.604979796789866704E-06, 1.481715860932976039E-05, 2.161034913340458851E-05, 2.803087021443747743E-05, 3.401819042511073022E-05, 3.969764111552929331E-05, 4.501193760717329772E-05, 5.002845424492096381E-05, 5.955183306123514736E-05, 6.890191616002549850E-05, 7.818775338134662173E-05, 8.754747294954253302E-05 ),
 .UNSPECIFIED. ) ;
#3199 = ORIENTED_EDGE ( 'NONE', *, *, #1023, .F. ) ;
#3200 = PRESENTATION_STYLE_ASSIGNMENT (( #954 ) ) ;
#3201 = CARTESIAN_POINT ( 'NONE',  ( 0.4575377609864391126, 0.5294514786135340323, 0.4490000000000001212 ) ) ;
#3202 = CARTESIAN_POINT ( 'NONE',  ( 0.8196677834280142738, 0.3251903445237920853, 0.4494999999999965135 ) ) ;
#3203 = SURFACE_SIDE_STYLE ('',( #7012 ) ) ;
#3204 = CARTESIAN_POINT ( 'NONE',  ( 0.3865575457766348699, 0.4906369669353432550, 0.4489999999998587898 ) ) ;
#3205 = PRESENTATION_LAYER_ASSIGNMENT (  '', '', ( #4131 ) ) ;
#3206 = DIRECTION ( 'NONE',  ( -0.0000000000000000000, -0.0000000000000000000, -1.000000000000000000 ) ) ;
#3207 = CARTESIAN_POINT ( 'NONE',  ( 0.3642439273204383099, 0.7039678797291467616, 0.4500000000000001776 ) ) ;
#3208 = EDGE_LOOP ( 'NONE', ( #4081, #1732 ) ) ;
#3209 = CARTESIAN_POINT ( 'NONE',  ( 0.8991920881423440814, 0.1711191824343847034, 0.4489999999999999547 ) ) ;
#3210 = FACE_OUTER_BOUND ( 'NONE', #7185, .T. ) ;
#3211 = PLANE ( 'NONE',  #3194 ) ;
#3212 = CARTESIAN_POINT ( 'NONE',  ( 0.7083859376020034126, 0.3064047341520544365, 0.4490000000000640701 ) ) ;
#3213 = B_SPLINE_SURFACE_WITH_KNOTS ( 'NONE', 3, 1, ( 
 ( #3160, #2057 ),
 ( #4961, #7156 ),
 ( #1462, #4998 ),
 ( #6043, #3796 ),
 ( #5477, #1028 ),
 ( #5397, #6476 ),
 ( #392, #4894 ),
 ( #7190, #2167 ),
 ( #434, #1062 ),
 ( #5511, #2132 ),
 ( #4335, #991 ),
 ( #494, #1572 ),
 ( #2602, #6505 ),
 ( #534, #6541 ),
 ( #4850, #4297 ) ),
 .UNSPECIFIED., .F., .F., .F.,
 ( 4, 1, 1, 1, 1, 1, 1, 1, 1, 1, 1, 1, 4 ),
 ( 2, 2 ),
 ( 0.0000000000000000000, 0.1069102197111997943, 0.2129765276064940482, 0.3197766759577686524, 0.4285562728491937867, 0.4858568032784262858, 0.5465586866406892952, 0.6114314979175137221, 0.6798209100724940113, 0.7531585046908254588, 0.8307528691562628964, 0.9131330746557019262, 1.000000000000000000 ),
 ( 0.0000000000000000000, 1.000000000000000000 ),
 .UNSPECIFIED. ) ;
#3214 = PRESENTATION_LAYER_ASSIGNMENT (  '', '', ( #749 ) ) ;
#3215 = DIRECTION ( 'NONE',  ( 0.6575212211385375038, 0.7534360249898370832, 0.0000000000000000000 ) ) ;
#3216 = CARTESIAN_POINT ( 'NONE',  ( 2.929175767438734473E-16, 0.8458323740703020954, 0.0000000000000000000 ) ) ;
#3217 = CARTESIAN_POINT ( 'NONE',  ( 0.3549509030861340841, 0.4235610710195185091, 0.4489999999999999547 ) ) ;
#3218 =( NAMED_UNIT ( * ) PLANE_ANGLE_UNIT ( ) SI_UNIT ( $, .RADIAN. ) );
#3219 = PRESENTATION_LAYER_ASSIGNMENT (  '', '', ( #3808 ) ) ;
#3220 = CARTESIAN_POINT ( 'NONE',  ( 0.8692522995300183686, 0.3498868463785256289, 0.4499999999999997891 ) ) ;
#3221 = CARTESIAN_POINT ( 'NONE',  ( 0.6107236872378570824, 0.7663108051786938768, 0.4500000000000001221 ) ) ;
#3222 = CARTESIAN_POINT ( 'NONE',  ( 0.3668289527467972211, 0.4924533950396651760, 0.4499999999999996225 ) ) ;
#3223 = CARTESIAN_POINT ( 'NONE',  ( 0.5181887133852502991, 0.6996802658592709001, 0.4500000000000001221 ) ) ;
#3224 =( LENGTH_UNIT ( ) NAMED_UNIT ( * ) SI_UNIT ( .MILLI., .METRE. ) );
#3225 = CARTESIAN_POINT ( 'NONE',  ( 0.8550495181345957318, 0.2012040623607240786, 0.4490000000000000657 ) ) ;
#3226 = ADVANCED_FACE ( 'NONE', ( #311 ), #5027, .T. ) ;
#3227 = ORIENTED_EDGE ( 'NONE', *, *, #2271, .F. ) ;
#3228 = CARTESIAN_POINT ( 'NONE',  ( 0.7170979501901444397, 0.6731074947781113815, 0.4489999999999997882 ) ) ;
#3229 = EDGE_CURVE ( 'NONE', #858, #6182, #3698, .T. ) ;
#3230 = CARTESIAN_POINT ( 'NONE',  ( 0.9375078162093271050, 0.7145151720635484205, 0.4489999999999999547 ) ) ;
#3231 = CARTESIAN_POINT ( 'NONE',  ( 0.4110275124240767575, 0.6515858940552348155, 0.4500000000000000666 ) ) ;
#3232 = CARTESIAN_POINT ( 'NONE',  ( 0.8794493136312814263, 0.4223631705857205376, 0.4500000000000000111 ) ) ;
#3233 = VECTOR ( 'NONE', #3843, 1000.000000000000000 ) ;
#3234 = ORIENTED_EDGE ( 'NONE', *, *, #6346, .F. ) ;
#3235 = CARTESIAN_POINT ( 'NONE',  ( 0.3168120025689066255, 0.7039540371222455795, 0.4500000000000011213 ) ) ;
#3236 = CARTESIAN_POINT ( 'NONE',  ( 0.5574245616368681544, 0.6738309775418339642, 0.4490000000000004543 ) ) ;
#3237 = EDGE_CURVE ( 'NONE', #4890, #5687, #3853, .T. ) ;
#3238 = B_SPLINE_SURFACE_WITH_KNOTS ( 'NONE', 3, 1, ( 
 ( #6951, #2608 ),
 ( #402, #5403 ),
 ( #4859, #3129 ),
 ( #7057, #4819 ),
 ( #5911, #3801 ),
 ( #7022, #4902 ),
 ( #3725, #5369 ),
 ( #6012, #996 ),
 ( #4269, #4784 ),
 ( #2646, #7096 ),
 ( #360, #4230 ) ),
 .UNSPECIFIED., .F., .F., .F.,
 ( 4, 1, 1, 1, 1, 1, 1, 1, 4 ),
 ( 2, 2 ),
 ( 0.0000000000000000000, 0.1274068638107697937, 0.2511055387650939497, 0.3729077916389041958, 0.4944963015983254162, 0.6161714362084794727, 0.7405628981726776194, 0.8676048506052700393, 1.000000000000000000 ),
 ( 0.0000000000000000000, 1.000000000000000000 ),
 .UNSPECIFIED. ) ;
#3239 =( GEOMETRIC_REPRESENTATION_CONTEXT ( 3 ) GLOBAL_UNCERTAINTY_ASSIGNED_CONTEXT ( ( #2933 ) ) GLOBAL_UNIT_ASSIGNED_CONTEXT ( ( #7166, #2176, #5008 ) ) REPRESENTATION_CONTEXT ( 'NONE', 'WORKASPACE' ) );
#3240 = UNCERTAINTY_MEASURE_WITH_UNIT (LENGTH_MEASURE( 1.000000000000000082E-05 ), #4382, 'distance_accuracy_value', 'NONE');
#3241 = LINE ( 'NONE', #4815, #4642 ) ;
#3242 = CARTESIAN_POINT ( 'NONE',  ( 0.3644691791263945935, 0.7072463948482177187, 0.4489999999999999547 ) ) ;
#3243 = VERTEX_POINT ( 'NONE', #6204 ) ;
#3244 = STYLED_ITEM ( 'NONE', ( #1092 ), #1702 ) ;
#3245 = CARTESIAN_POINT ( 'NONE',  ( 0.8919923804223051089, 0.1660778527359922652, 0.4499999999999997335 ) ) ;
#3246 = CARTESIAN_POINT ( 'NONE',  ( 0.6648750962851461832, 0.7664743542067063986, 0.4500000000000000666 ) ) ;
#3247 =( NAMED_UNIT ( * ) SI_UNIT ( $, .STERADIAN. ) SOLID_ANGLE_UNIT ( ) );
#3248 = MECHANICAL_DESIGN_GEOMETRIC_PRESENTATION_REPRESENTATION (  '', ( #5117 ), #2770 ) ;
#3249 = LINE ( 'NONE', #363, #794 ) ;
#3250 = CARTESIAN_POINT ( 'NONE',  ( 0.7721898415516871284, 0.3852913190602408888, 0.4500000000000001221 ) ) ;
#3251 = SURFACE_STYLE_USAGE ( .BOTH. , #1002 ) ;
#3252 = CARTESIAN_POINT ( 'NONE',  ( 0.004142135623731171661, 0.8009884094154724465, 0.4411043152607483364 ) ) ;
#3253 = PRESENTATION_LAYER_ASSIGNMENT (  '', '', ( #7075 ) ) ;
#3254 = CARTESIAN_POINT ( 'NONE',  ( 0.5044620451866345112, 0.6662437984567723959, 0.4500000000000001776 ) ) ;
#3255 = CARTESIAN_POINT ( 'NONE',  ( 0.4237115755576177367, 0.6941626079609842792, 0.4489999999999999547 ) ) ;
#3256 = CARTESIAN_POINT ( 'NONE',  ( 0.5101980998486425056, 0.6833446248878595197, 0.4500000000000000111 ) ) ;
#3257 = CARTESIAN_POINT ( 'NONE',  ( 0.6353611930291097609, 0.5381859019309563896, 0.4489999999999999547 ) ) ;
#3258 = PRESENTATION_LAYER_ASSIGNMENT (  '', '', ( #3015 ) ) ;
#3259 = CARTESIAN_POINT ( 'NONE',  ( 0.3790588858736884115, 0.7686010546765055240, 0.4490000000000058944 ) ) ;
#3260 = CARTESIAN_POINT ( 'NONE',  ( 0.5655947031199662911, 0.5724595688542664096, 0.4489999999999997327 ) ) ;
#3261 = ORIENTED_EDGE ( 'NONE', *, *, #1163, .T. ) ;
#3262 = LINE ( 'NONE', #5503, #3359 ) ;
#3263 = CARTESIAN_POINT ( 'NONE',  ( 0.01000000000000021705, 0.8500000000000000888, 0.4500000000000000111 ) ) ;
#3264 = EDGE_CURVE ( 'NONE', #3888, #952, #2741, .T. ) ;
#3265 = CARTESIAN_POINT ( 'NONE',  ( 0.6556947023572242683, 0.3773958778551926296, 0.4500000000000000111 ) ) ;
#3266 = ORIENTED_EDGE ( 'NONE', *, *, #4747, .T. ) ;
#3267 = CARTESIAN_POINT ( 'NONE',  ( 0.6380495162627459749, 0.5381262831746594921, 0.4500000000000000666 ) ) ;
#3268 = CARTESIAN_POINT ( 'NONE',  ( 0.5509093676230965020, 0.6572315382995600475, 0.4490000000000005098 ) ) ;
#3269 = B_SPLINE_SURFACE_WITH_KNOTS ( 'NONE', 3, 1, ( 
 ( #1446, #943 ),
 ( #5528, #4949 ),
 ( #3740, #5497 ),
 ( #1554, #5460 ),
 ( #5419, #450 ),
 ( #4354, #3777 ),
 ( #3701, #7032 ),
 ( #1589, #415 ),
 ( #2552, #4876 ),
 ( #6524, #1045 ),
 ( #3814, #2620 ),
 ( #909, #4281 ),
 ( #6994, #4317 ),
 ( #1484, #5923 ),
 ( #1516, #7071 ),
 ( #2659, #7107 ),
 ( #2114, #6023 ),
 ( #6562, #1999 ),
 ( #3143, #5381 ) ),
 .UNSPECIFIED., .F., .F., .F.,
 ( 4, 1, 1, 1, 1, 1, 1, 1, 1, 1, 1, 1, 1, 1, 1, 1, 4 ),
 ( 2, 2 ),
 ( 0.0000000000000000000, 0.05646686847186453695, 0.1111640986969631428, 0.1649370968759849565, 0.2183217523125947079, 0.2723929232482777962, 0.3279763434477044881, 0.3852910519840211934, 0.4449029182928203596, 0.5068438192198363446, 0.5694881852629690711, 0.6341532155537225046, 0.7009760953100503400, 0.7708974968462688482, 0.8436256105557796703, 0.9196596761155400035, 1.000000000000000000 ),
 ( 0.0000000000000000000, 1.000000000000000000 ),
 .UNSPECIFIED. ) ;
#3270 = CARTESIAN_POINT ( 'NONE',  ( 0.3031862350127459416, 0.5469775285005141763, 0.4489999999999999547 ) ) ;
#3271 = EDGE_CURVE ( 'NONE', #5222, #4073, #49, .T. ) ;
#3272 = ORIENTED_EDGE ( 'NONE', *, *, #7099, .F. ) ;
#3273 = CARTESIAN_POINT ( 'NONE',  ( 1.250000000000000222, 0.01006153904237458430, 0.0000000000000000000 ) ) ;
#3274 = CARTESIAN_POINT ( 'NONE',  ( 0.9131404826389107887, 0.3362588055264616460, 0.4500000000000005662 ) ) ;
#3275 = VECTOR ( 'NONE', #5302, 1000.000000000000000 ) ;
#3276 = CARTESIAN_POINT ( 'NONE',  ( 0.3279957470003520004, 0.6646332561557865004, 0.4489999999999992886 ) ) ;
#3277 =( LENGTH_UNIT ( ) NAMED_UNIT ( * ) SI_UNIT ( .MILLI., .METRE. ) );
#3278 = PLANE ( 'NONE',  #321 ) ;
#3279 = PLANE ( 'NONE',  #6437 ) ;
#3280 = CARTESIAN_POINT ( 'NONE',  ( 0.8064186198209102319, 0.2187111709731530962, 0.4489999999999996216 ) ) ;
#3281 = CARTESIAN_POINT ( 'NONE',  ( 0.7629663421572716597, 0.1960571176387765346, 0.4489999999999995106 ) ) ;
#3282 = DIRECTION ( 'NONE',  ( 0.0000000000000000000, 1.000000000000000000, 0.0000000000000000000 ) ) ;
#3283 = VECTOR ( 'NONE', #4717, 1000.000000000000000 ) ;
#3284 = CARTESIAN_POINT ( 'NONE',  ( 0.7593483929861749582, 0.2038884318335568158, 0.4500000000000001776 ) ) ;
#3285 = FILL_AREA_STYLE ('',( #4244 ) ) ;
#3286 = CARTESIAN_POINT ( 'NONE',  ( 0.5476568297407428121, 0.6388645171009157409, 0.4489999999999998992 ) ) ;
#3287 = CARTESIAN_POINT ( 'NONE',  ( 0.6467549324357146912, 0.2933161633223050346, 0.4499999999999990119 ) ) ;
#3288 = PRESENTATION_LAYER_ASSIGNMENT (  '', '', ( #6429 ) ) ;
#3289 = VERTEX_POINT ( 'NONE', #2191 ) ;
#3290 = CARTESIAN_POINT ( 'NONE',  ( 0.6931431677245916134, 0.2774984331157782647, 0.4499999999999970690 ) ) ;
#3291 =( LENGTH_UNIT ( ) NAMED_UNIT ( * ) SI_UNIT ( .MILLI., .METRE. ) );
#3292 = VECTOR ( 'NONE', #115, 1000.000000000000000 ) ;
#3293 = LINE ( 'NONE', #4187, #4502 ) ;
#3294 = CARTESIAN_POINT ( 'NONE',  ( 0.5534529269811031549, 0.7401114113219193769, 0.4490000000000065050 ) ) ;
#3295 = CARTESIAN_POINT ( 'NONE',  ( 0.6701453861080569618, 0.3548667092083191421, 0.4500000000000001221 ) ) ;
#3296 = ORIENTED_EDGE ( 'NONE', *, *, #759, .F. ) ;
#3297 = CARTESIAN_POINT ( 'NONE',  ( 0.6470786367619755231, 0.5383748836358074330, 0.4500000000000000111 ) ) ;
#3298 = CARTESIAN_POINT ( 'NONE',  ( 0.4182533386904473405, 0.5677727018506205647, 0.4499999999999994560 ) ) ;
#3299 = CARTESIAN_POINT ( 'NONE',  ( 0.6339996194181964917, 0.7212162909437804803, 0.4490000000000005098 ) ) ;
#3300 = STYLED_ITEM ( 'NONE', ( #4792 ), #6030 ) ;
#3301 = CARTESIAN_POINT ( 'NONE',  ( 0.8128835953938263748, 0.3591112846947322468, 0.4489999999999999547 ) ) ;
#3302 = STYLED_ITEM ( 'NONE', ( #4714 ), #6298 ) ;
#3303 = PRESENTATION_STYLE_ASSIGNMENT (( #5941 ) ) ;
#3304 = UNCERTAINTY_MEASURE_WITH_UNIT (LENGTH_MEASURE( 1.000000000000000082E-05 ), #6662, 'distance_accuracy_value', 'NONE');
#3305 = AXIS2_PLACEMENT_3D ( 'NONE', #4978, #2769, #6058 ) ;
#3306 =( LENGTH_UNIT ( ) NAMED_UNIT ( * ) SI_UNIT ( .MILLI., .METRE. ) );
#3307 = VERTEX_POINT ( 'NONE', #3334 ) ;
#3308 = ORIENTED_EDGE ( 'NONE', *, *, #5482, .T. ) ;
#3309 = PRESENTATION_LAYER_ASSIGNMENT (  '', '', ( #2717 ) ) ;
#3310 = ADVANCED_FACE ( 'NONE', ( #3402 ), #4547, .T. ) ;
#3311 = CARTESIAN_POINT ( 'NONE',  ( 0.9284599990146107373, 0.2606879160112522964, 0.4499999999999988454 ) ) ;
#3312 = DIRECTION ( 'NONE',  ( -0.0000000000000000000, 0.0000000000000000000, 1.000000000000000000 ) ) ;
#3313 = SURFACE_STYLE_FILL_AREA ( #4903 ) ;
#3314 = EDGE_CURVE ( 'NONE', #5158, #179, #5263, .T. ) ;
#3315 = CARTESIAN_POINT ( 'NONE',  ( 0.9040746357867971428, 0.3218776331477432029, 0.4500000000000006217 ) ) ;
#3316 = SURFACE_STYLE_USAGE ( .BOTH. , #3904 ) ;
#3317 =( LENGTH_UNIT ( ) NAMED_UNIT ( * ) SI_UNIT ( .MILLI., .METRE. ) );
#3318 = CARTESIAN_POINT ( 'NONE',  ( 1.240000000000000213, 0.05895042793126351044, 0.4399999999999999467 ) ) ;
#3319 = CARTESIAN_POINT ( 'NONE',  ( 0.8398613431235271154, 0.1521935496519972175, 0.4500000000000000666 ) ) ;
#3320 = CARTESIAN_POINT ( 'NONE',  ( 0.3642906676384241038, 0.7028666092418928146, 0.4500000000000001776 ) ) ;
#3321 = CARTESIAN_POINT ( 'NONE',  ( 0.8045579589698350631, 0.2224501469254265007, 0.4489999999999997882 ) ) ;
#3322 = CARTESIAN_POINT ( 'NONE',  ( 0.7438949099369998041, 0.7179002389653017513, 0.4500000000000000666 ) ) ;
#3323 = FACE_BOUND ( 'NONE', #1113, .T. ) ;
#3324 = EDGE_CURVE ( 'NONE', #926, #5132, #4057, .T. ) ;
#3325 = VECTOR ( 'NONE', #1752, 1000.000000000000000 ) ;
#3326 = LINE ( 'NONE', #3911, #1771 ) ;
#3327 = DIRECTION ( 'NONE',  ( -0.0000000000000000000, -0.0000000000000000000, -1.000000000000000000 ) ) ;
#3328 = SURFACE_STYLE_FILL_AREA ( #519 ) ;
#3329 = CARTESIAN_POINT ( 'NONE',  ( 0.3169250699647780944, 0.7084167649547997714, 0.4490000000000057834 ) ) ;
#3330 = CARTESIAN_POINT ( 'NONE',  ( 0.8826335286203220720, 0.3055267995184502428, 0.4489999999999999547 ) ) ;
#3331 = PRESENTATION_LAYER_ASSIGNMENT (  '', '', ( #6928 ) ) ;
#3332 = ORIENTED_EDGE ( 'NONE', *, *, #328, .F. ) ;
#3333 = CARTESIAN_POINT ( 'NONE',  ( 0.8396918467717786605, 0.1998010886795798247, 0.4499999999999997335 ) ) ;
#3334 = CARTESIAN_POINT ( 'NONE',  ( 0.3549509030861340841, 0.3794638487972963325, 0.4500000000000000666 ) ) ;
#3335 = AXIS2_PLACEMENT_3D ( 'NONE', #3318, #4970, #581 ) ;
#3336 = DIRECTION ( 'NONE',  ( 0.0000000000000000000, -0.0000000000000000000, 1.000000000000000000 ) ) ;
#3337 = CARTESIAN_POINT ( 'NONE',  ( 0.7442367656880989335, 0.5408714507489825740, 0.4500000000000007883 ) ) ;
#3338 = CARTESIAN_POINT ( 'NONE',  ( 0.8425291837306945197, 0.7145151720635484205, 0.4489999999999999547 ) ) ;
#3339 = CARTESIAN_POINT ( 'NONE',  ( 0.9151899346166778582, 0.3810908793263166894, 0.4499999999999997335 ) ) ;
#3340 = SURFACE_STYLE_FILL_AREA ( #1792 ) ;
#3341 = ORIENTED_EDGE ( 'NONE', *, *, #5150, .T. ) ;
#3342 = STYLED_ITEM ( 'NONE', ( #6469 ), #945 ) ;
#3343 = SURFACE_STYLE_FILL_AREA ( #6608 ) ;
#3344 = CARTESIAN_POINT ( 'NONE',  ( 0.3865575457766348699, 0.4906369669353432550, 0.4489999999998587898 ) ) ;
#3345 = PRESENTATION_LAYER_ASSIGNMENT (  '', '', ( #6943 ) ) ;
#3346 =( NAMED_UNIT ( * ) PLANE_ANGLE_UNIT ( ) SI_UNIT ( $, .RADIAN. ) );
#3347 = CARTESIAN_POINT ( 'NONE',  ( 0.3770903931702644374, 0.7201299755266590275, 0.4500000000000000666 ) ) ;
#3348 = ORIENTED_EDGE ( 'NONE', *, *, #371, .F. ) ;
#3349 = DIRECTION ( 'NONE',  ( -0.0000000000000000000, -1.000000000000000000, 0.0000000000000000000 ) ) ;
#3350 = PRESENTATION_LAYER_ASSIGNMENT (  '', '', ( #556 ) ) ;
#3351 = DIRECTION ( 'NONE',  ( -0.0000000000000000000, -0.1104315260748466032, 0.9938837346736190126 ) ) ;
#3352 =( NAMED_UNIT ( * ) PLANE_ANGLE_UNIT ( ) SI_UNIT ( $, .RADIAN. ) );
#3353 = MECHANICAL_DESIGN_GEOMETRIC_PRESENTATION_REPRESENTATION (  '', ( #7179 ), #5111 ) ;
#3354 = CARTESIAN_POINT ( 'NONE',  ( 1.250000000000000000, 0.7968716081922341266, 0.4406468929026073345 ) ) ;
#3355 = CARTESIAN_POINT ( 'NONE',  ( 0.4513200641529059309, 0.6117205963620716558, 0.4500000000000000666 ) ) ;
#3356 = CARTESIAN_POINT ( 'NONE',  ( 0.3235327365263614974, 0.6726692836523764374, 0.4499999999999999556 ) ) ;
#3357 = CARTESIAN_POINT ( 'NONE',  ( 0.7019840185080536976, 0.7530358383880206841, 0.4490000000000000657 ) ) ;
#3358 = CARTESIAN_POINT ( 'NONE',  ( 0.6385087623275870206, 0.4303452590537065747, 0.4500000000000000666 ) ) ;
#3359 = VECTOR ( 'NONE', #2159, 1000.000000000000000 ) ;
#3360 = CARTESIAN_POINT ( 'NONE',  ( 0.7018420474194082548, 0.3995134325593362457, 0.4490000000000083924 ) ) ;
#3361 = CARTESIAN_POINT ( 'NONE',  ( 0.8398613431235271154, 0.1521935496519972175, 0.4500000000000000666 ) ) ;
#3362 = B_SPLINE_CURVE_WITH_KNOTS ( 'NONE', 3,
 ( #302, #409, #4722, #4867, #2577, #1439, #5375, #2544, #4274, #4825, #2614, #2073, #4311, #7027, #6418, #2035, #6518, #1368, #4161 ),
 .UNSPECIFIED., .F., .F.,
 ( 4, 1, 1, 1, 1, 1, 1, 1, 1, 1, 1, 1, 1, 1, 1, 1, 4 ),
 ( 0.0000000000000000000, 9.509501897298420472E-06, 1.866666288995348031E-05, 2.765289650199243620E-05, 3.646440837400922536E-05, 4.522719675405445435E-05, 5.401053323164689324E-05, 6.296961258625913011E-05, 7.210197845574957550E-05, 8.119152610096512241E-05, 9.001262265152835073E-05, 9.868753863853091239E-05, 0.0001072807332309363651, 0.0001158417446908226292, 0.0001244789137620353804, 0.0001333205821879738867, 0.0001424589605040984684 ),
 .UNSPECIFIED. ) ;
#3363 = CARTESIAN_POINT ( 'NONE',  ( 0.8343392640603918275, 0.2000298187076381407, 0.4489999999999998992 ) ) ;
#3364 = CARTESIAN_POINT ( 'NONE',  ( 0.6189273391622499565, 0.7198033044701083183, 0.4499999999999999001 ) ) ;
#3365 = SURFACE_STYLE_USAGE ( .BOTH. , #3949 ) ;
#3366 =( GEOMETRIC_REPRESENTATION_CONTEXT ( 3 ) GLOBAL_UNCERTAINTY_ASSIGNED_CONTEXT ( ( #4336 ) ) GLOBAL_UNIT_ASSIGNED_CONTEXT ( ( #4514, #6778, #3370 ) ) REPRESENTATION_CONTEXT ( 'NONE', 'WORKASPACE' ) );
#3367 = ADVANCED_FACE ( 'NONE', ( #6385 ), #5162, .T. ) ;
#3368 = ORIENTED_EDGE ( 'NONE', *, *, #6256, .T. ) ;
#3369 = CARTESIAN_POINT ( 'NONE',  ( 0.8173302825864950938, 0.3686873699070133958, 0.4500000000000001221 ) ) ;
#3370 =( NAMED_UNIT ( * ) SI_UNIT ( $, .STERADIAN. ) SOLID_ANGLE_UNIT ( ) );
#3371 = SURFACE_STYLE_USAGE ( .BOTH. , #2264 ) ;
#3372 = FACE_OUTER_BOUND ( 'NONE', #1575, .T. ) ;
#3373 = CARTESIAN_POINT ( 'NONE',  ( 0.8914364891581553207, 0.4146589439617550110, 0.4499999999999997335 ) ) ;
#3374 = DIRECTION ( 'NONE',  ( 0.0000000000000000000, 0.0000000000000000000, 1.000000000000000000 ) ) ;
#3375 = ORIENTED_EDGE ( 'NONE', *, *, #5862, .F. ) ;
#3376 = CARTESIAN_POINT ( 'NONE',  ( 0.6875701374241607322, 0.5528753680955810212, 0.4489999999999998992 ) ) ;
#3377 = SURFACE_STYLE_FILL_AREA ( #6714 ) ;
#3378 = CARTESIAN_POINT ( 'NONE',  ( 0.4900000000000002132, 0.8000000000000000444, -0.005000000000000013115 ) ) ;
#3379 = CARTESIAN_POINT ( 'NONE',  ( 0.3490165176760305910, 0.4981817476242150211, 0.4489999999999989000 ) ) ;
#3380 = CARTESIAN_POINT ( 'NONE',  ( 0.9375078162093271050, 0.7145151720635484205, 0.4489999999999999547 ) ) ;
#3381 = CARTESIAN_POINT ( 'NONE',  ( 0.6598683543414759489, 0.2347168369116125752, 0.4500000000000000666 ) ) ;
#3382 = ORIENTED_EDGE ( 'NONE', *, *, #6042, .T. ) ;
#3383 = SURFACE_STYLE_FILL_AREA ( #1066 ) ;
#3384 =( BOUNDED_CURVE ( )  B_SPLINE_CURVE ( 3, ( #4764, #268, #1898, #4727 ),
 .UNSPECIFIED., .F., .F. ) 
 B_SPLINE_CURVE_WITH_KNOTS ( ( 4, 4 ),
 ( 0.0000000000000000000, 1.570796326794895892 ),
 .UNSPECIFIED. ) 
 CURVE ( )  GEOMETRIC_REPRESENTATION_ITEM ( )  RATIONAL_B_SPLINE_CURVE ( ( 1.000000000000000000, 0.8047378541243652705, 0.8047378541243652705, 1.000000000000000000 ) ) 
 REPRESENTATION_ITEM ( '' )  );
#3385 = UNCERTAINTY_MEASURE_WITH_UNIT (LENGTH_MEASURE( 1.000000000000000082E-05 ), #3637, 'distance_accuracy_value', 'NONE');
#3386 = B_SPLINE_SURFACE_WITH_KNOTS ( 'NONE', 3, 1, ( 
 ( #4109, #5286 ),
 ( #6031, #287 ),
 ( #5866, #2664 ),
 ( #486, #2699 ),
 ( #5831, #3045 ),
 ( #2494, #4743 ),
 ( #1951, #1596 ),
 ( #4512, #3369 ),
 ( #2222, #1161 ),
 ( #6742, #89 ),
 ( #3955, #1088 ) ),
 .UNSPECIFIED., .F., .F., .F.,
 ( 4, 1, 1, 1, 1, 1, 1, 1, 4 ),
 ( 2, 2 ),
 ( 0.0000000000000000000, 0.1235225888124382582, 0.2451066492784803041, 0.3672656097279723975, 0.4946905456421155090, 0.6223238729478112186, 0.7460028360253880830, 0.8722531479452950709, 1.000000000000000000 ),
 ( 0.0000000000000000000, 1.000000000000000000 ),
 .UNSPECIFIED. ) ;
#3387 = CARTESIAN_POINT ( 'NONE',  ( 0.8592596316417661084, 0.3790277639116239605, 0.4499999999999997891 ) ) ;
#3388 = CARTESIAN_POINT ( 'NONE',  ( 0.4561231713583907554, 0.6043690764978124630, 0.4490000000000000657 ) ) ;
#3389 = FILL_AREA_STYLE ('',( #583 ) ) ;
#3390 = LINE ( 'NONE', #4499, #3292 ) ;
#3391 = CARTESIAN_POINT ( 'NONE',  ( 0.7590662286268885506, 0.6951991909835628647, 0.4500000000000000111 ) ) ;
#3392 = FACE_BOUND ( 'NONE', #4329, .T. ) ;
#3393 =( GEOMETRIC_REPRESENTATION_CONTEXT ( 3 ) GLOBAL_UNCERTAINTY_ASSIGNED_CONTEXT ( ( #1553 ) ) GLOBAL_UNIT_ASSIGNED_CONTEXT ( ( #6847, #444, #365 ) ) REPRESENTATION_CONTEXT ( 'NONE', 'WORKASPACE' ) );
#3394 = CARTESIAN_POINT ( 'NONE',  ( 0.7698410972046580980, 0.3792671635785081485, 0.4499999999999999556 ) ) ;
#3395 = CARTESIAN_POINT ( 'NONE',  ( 0.09000000000000023259, -0.09999999999999993616, -0.005000000000000013115 ) ) ;
#3396 = CARTESIAN_POINT ( 'NONE',  ( 0.7996161541703743492, 0.2387239695157822861, 0.4489999999999999547 ) ) ;
#3397 = DIRECTION ( 'NONE',  ( 1.000000000000000000, -0.0000000000000000000, 0.0000000000000000000 ) ) ;
#3398 = CARTESIAN_POINT ( 'NONE',  ( 0.9151899346166778582, 0.3810908793263166894, 0.4490000000000087255 ) ) ;
#3399 = ORIENTED_EDGE ( 'NONE', *, *, #3264, .F. ) ;
#3400 = SURFACE_SIDE_STYLE ('',( #5501 ) ) ;
#3401 = EDGE_CURVE ( 'NONE', #2423, #6763, #6240, .T. ) ;
#3402 = FACE_OUTER_BOUND ( 'NONE', #6786, .T. ) ;
#3403 =( LENGTH_UNIT ( ) NAMED_UNIT ( * ) SI_UNIT ( .MILLI., .METRE. ) );
#3404 = EDGE_CURVE ( 'NONE', #7006, #3108, #5781, .T. ) ;
#3405 = B_SPLINE_CURVE_WITH_KNOTS ( 'NONE', 3,
 ( #1638, #532, #4996, #6609, #5577, #3890, #3928, #4479, #1135, #1095, #5508, #6112, #6681, #465, #5474, #1569, #6003, #3235, #7187 ),
 .UNSPECIFIED., .F., .F.,
 ( 4, 1, 1, 1, 1, 1, 1, 1, 1, 1, 1, 1, 1, 1, 1, 1, 4 ),
 ( 5.421010862427522170E-20, 7.220651520783194261E-06, 1.417474534463991661E-05, 2.098101726169113504E-05, 2.770724807177011730E-05, 3.437550753761431437E-05, 4.103426730173081934E-05, 4.782377778004623245E-05, 5.473505804364546876E-05, 6.160366748370223449E-05, 6.829803415263413296E-05, 7.484816780852582231E-05, 8.127691189650750926E-05, 8.770281077784916363E-05, 9.419946601893105619E-05, 0.0001007930515223587489, 0.0001075898096692795959 ),
 .UNSPECIFIED. ) ;
#3406 = SURFACE_SIDE_STYLE ('',( #599 ) ) ;
#3407 = PRESENTATION_STYLE_ASSIGNMENT (( #3371 ) ) ;
#3408 = VECTOR ( 'NONE', #2886, 1000.000000000000000 ) ;
#3409 = CARTESIAN_POINT ( 'NONE',  ( 0.4164613178157194895, 0.5537016110146545378, 0.4490000000000000102 ) ) ;
#3410 = ORIENTED_EDGE ( 'NONE', *, *, #5241, .T. ) ;
#3411 = CARTESIAN_POINT ( 'NONE',  ( 0.6875701374241607322, 0.5528753680955810212, 0.4500000000000000111 ) ) ;
#3412 = LINE ( 'NONE', #6888, #4480 ) ;
#3413 = DIRECTION ( 'NONE',  ( 1.000000000000000000, 0.0000000000000000000, -0.0000000000000000000 ) ) ;
#3414 = MECHANICAL_DESIGN_GEOMETRIC_PRESENTATION_REPRESENTATION (  '', ( #1523 ), #6661 ) ;
#3415 = EDGE_CURVE ( 'NONE', #3243, #398, #6630, .T. ) ;
#3416 =( NAMED_UNIT ( * ) SI_UNIT ( $, .STERADIAN. ) SOLID_ANGLE_UNIT ( ) );
#3417 = CARTESIAN_POINT ( 'NONE',  ( 0.5003099804809207907, 0.6159866469172914361, 0.4499999999999994005 ) ) ;
#3418 = VECTOR ( 'NONE', #5127, 1000.000000000000000 ) ;
#3419 = PRESENTATION_LAYER_ASSIGNMENT (  '', '', ( #4120 ) ) ;
#3420 = ORIENTED_EDGE ( 'NONE', *, *, #2110, .F. ) ;
#3421 =( NAMED_UNIT ( * ) PLANE_ANGLE_UNIT ( ) SI_UNIT ( $, .RADIAN. ) );
#3422 = CARTESIAN_POINT ( 'NONE',  ( 0.6700341166346834854, 0.4248126023884322144, 0.4500000000000000666 ) ) ;
#3423 = CARTESIAN_POINT ( 'NONE',  ( 0.5537074949905437249, 0.6657753715330457789, 0.4499999999999981237 ) ) ;
#3424 = FILL_AREA_STYLE_COLOUR ( '', #6968 ) ;
#3425 =( LENGTH_UNIT ( ) NAMED_UNIT ( * ) SI_UNIT ( .MILLI., .METRE. ) );
#3426 = CARTESIAN_POINT ( 'NONE',  ( 0.3649646961217261620, 0.5465950550997595858, 0.4490000000000000102 ) ) ;
#3427 = COLOUR_RGB ( '',1.000000000000000000, 1.000000000000000000, 1.000000000000000000 ) ;
#3428 = CARTESIAN_POINT ( 'NONE',  ( 0.4658086544030170528, 0.5741165731691290075, 0.4500000000000001221 ) ) ;
#3429 = VERTEX_POINT ( 'NONE', #731 ) ;
#3430 = AXIS2_PLACEMENT_3D ( 'NONE', #6952, #3130, #4195 ) ;
#3431 = CARTESIAN_POINT ( 'NONE',  ( 0.3562347007726790471, 0.6327748171006672973, 0.4489999999999998992 ) ) ;
#3432 =( NAMED_UNIT ( * ) SI_UNIT ( $, .STERADIAN. ) SOLID_ANGLE_UNIT ( ) );
#3433 = PLANE ( 'NONE',  #4366 ) ;
#3434 = CARTESIAN_POINT ( 'NONE',  ( 0.7749445365577706246, 0.3909594504493039135, 0.4500000000000001221 ) ) ;
#3435 = CARTESIAN_POINT ( 'NONE',  ( 0.8054506259903727594, 0.1579777788689879781, 0.4490000000000000657 ) ) ;
#3436 = CARTESIAN_POINT ( 'NONE',  ( 0.6702926006019900296, 0.3451281876885403110, 0.4499999999999988454 ) ) ;
#3437 = EDGE_LOOP ( 'NONE', ( #1031, #4460, #774, #2892 ) ) ;
#3438 = DIRECTION ( 'NONE',  ( 0.0000000000000000000, 0.0000000000000000000, -1.000000000000000000 ) ) ;
#3439 = DIRECTION ( 'NONE',  ( 0.0000000000000000000, 1.000000000000000000, 0.0000000000000000000 ) ) ;
#3440 = CARTESIAN_POINT ( 'NONE',  ( 0.7010568520765242395, 0.6947283103712061925, 0.4490000000000002323 ) ) ;
#3441 =( GEOMETRIC_REPRESENTATION_CONTEXT ( 3 ) GLOBAL_UNCERTAINTY_ASSIGNED_CONTEXT ( ( #6723 ) ) GLOBAL_UNIT_ASSIGNED_CONTEXT ( ( #6686, #500, #2829 ) ) REPRESENTATION_CONTEXT ( 'NONE', 'WORKASPACE' ) );
#3442 = CARTESIAN_POINT ( 'NONE',  ( 0.6428611557131312937, 0.4907598993449151514, 0.4500000000000006217 ) ) ;
#3443 = MECHANICAL_DESIGN_GEOMETRIC_PRESENTATION_REPRESENTATION (  '', ( #2265 ), #7034 ) ;
#3444 = EDGE_CURVE ( 'NONE', #3607, #357, #2952, .T. ) ;
#3445 = CARTESIAN_POINT ( 'NONE',  ( 0.4340615937299925897, 0.6311242493619638738, 0.4500000000000000666 ) ) ;
#3446 = CARTESIAN_POINT ( 'NONE',  ( 0.4256125172622919894, 0.4988400034879729161, 0.4499999999999999001 ) ) ;
#3447 = ORIENTED_EDGE ( 'NONE', *, *, #4255, .F. ) ;
#3448 =( NAMED_UNIT ( * ) PLANE_ANGLE_UNIT ( ) SI_UNIT ( $, .RADIAN. ) );
#3449 = ORIENTED_EDGE ( 'NONE', *, *, #3229, .F. ) ;
#3450 = EDGE_CURVE ( 'NONE', #342, #721, #5201, .T. ) ;
#3451 = SURFACE_STYLE_FILL_AREA ( #1315 ) ;
#3452 = LINE ( 'NONE', #2234, #7155 ) ;
#3453 = CARTESIAN_POINT ( 'NONE',  ( 0.5560283159676524534, 0.3658073687014982145, 0.4499999999999998446 ) ) ;
#3454 = CARTESIAN_POINT ( 'NONE',  ( 0.4647283265699463373, 0.5503647750071037903, 0.4499999999999966249 ) ) ;
#3455 = CARTESIAN_POINT ( 'NONE',  ( 0.3642906676384241038, 0.7028666092418928146, 0.4500000000000002331 ) ) ;
#3456 = ORIENTED_EDGE ( 'NONE', *, *, #6639, .F. ) ;
#3457 = EDGE_CURVE ( 'NONE', #593, #1410, #1935, .T. ) ;
#3458 = CARTESIAN_POINT ( 'NONE',  ( 0.4386579898204382433, 0.6266387364332065557, 0.4494999999999831908 ) ) ;
#3459 = CARTESIAN_POINT ( 'NONE',  ( 0.8424584151053647885, 0.1996828658913134547, 0.4494999999999811369 ) ) ;
#3460 = CARTESIAN_POINT ( 'NONE',  ( 0.6339996194181964917, 0.7212162909437804803, 0.4499999999999979017 ) ) ;
#3461 = AXIS2_PLACEMENT_3D ( 'NONE', #1467, #6481, #291 ) ;
#3462 = UNCERTAINTY_MEASURE_WITH_UNIT (LENGTH_MEASURE( 1.000000000000000082E-05 ), #1944, 'distance_accuracy_value', 'NONE');
#3463 = FILL_AREA_STYLE_COLOUR ( '', #3493 ) ;
#3464 =( LENGTH_UNIT ( ) NAMED_UNIT ( * ) SI_UNIT ( .MILLI., .METRE. ) );
#3465 = EDGE_LOOP ( 'NONE', ( #6508, #5189, #6410, #4934 ) ) ;
#3466 = MECHANICAL_DESIGN_GEOMETRIC_PRESENTATION_REPRESENTATION (  '', ( #667 ), #2047 ) ;
#3467 = CARTESIAN_POINT ( 'NONE',  ( 0.3885898784986456800, 0.6044729246184632476, 0.4490000000000000102 ) ) ;
#3468 = CARTESIAN_POINT ( 'NONE',  ( 0.7745635880063090895, 0.6241771531654215499, 0.4490000000000085589 ) ) ;
#3469 = CARTESIAN_POINT ( 'NONE',  ( 0.4050896699022142333, 0.7145250815302993663, 0.4489999999999998992 ) ) ;
#3470 =( NAMED_UNIT ( * ) PLANE_ANGLE_UNIT ( ) SI_UNIT ( $, .RADIAN. ) );
#3471 = PRESENTATION_LAYER_ASSIGNMENT (  '', '', ( #1941 ) ) ;
#3472 = PRESENTATION_STYLE_ASSIGNMENT (( #1228 ) ) ;
#3473 =( NAMED_UNIT ( * ) SI_UNIT ( $, .STERADIAN. ) SOLID_ANGLE_UNIT ( ) );
#3474 = CARTESIAN_POINT ( 'NONE',  ( 0.4340615937299925897, 0.6311242493619638738, 0.4489999999999999547 ) ) ;
#3475 = CARTESIAN_POINT ( 'NONE',  ( 0.3549509030861340841, 0.4235610710195185091, 0.4489999999999999547 ) ) ;
#3476 =( LENGTH_UNIT ( ) NAMED_UNIT ( * ) SI_UNIT ( .MILLI., .METRE. ) );
#3477 = ORIENTED_EDGE ( 'NONE', *, *, #3537, .F. ) ;
#3478 = CARTESIAN_POINT ( 'NONE',  ( 0.7743425574011557622, 0.6431465355791458061, 0.4490000000000061164 ) ) ;
#3479 = LINE ( 'NONE', #2992, #1531 ) ;
#3480 = CARTESIAN_POINT ( 'NONE',  ( 0.8437610529886487853, 0.3287005506860131709, 0.4489999999999999547 ) ) ;
#3481 = UNCERTAINTY_MEASURE_WITH_UNIT (LENGTH_MEASURE( 1.000000000000000082E-05 ), #499, 'distance_accuracy_value', 'NONE');
#3482 = COLOUR_RGB ( '',1.000000000000000000, 1.000000000000000000, 0.7254901960784313486 ) ;
#3483 = CARTESIAN_POINT ( 'NONE',  ( 0.7027342153116269419, 0.5061387981651532808, 0.4500000000000007327 ) ) ;
#3484 = SURFACE_STYLE_FILL_AREA ( #3518 ) ;
#3485 = CARTESIAN_POINT ( 'NONE',  ( 0.4658664633513164288, 0.5580369805005179762, 0.4499999999999997335 ) ) ;
#3486 = ORIENTED_EDGE ( 'NONE', *, *, #2325, .T. ) ;
#3487 = ORIENTED_EDGE ( 'NONE', *, *, #4496, .T. ) ;
#3488 =( NAMED_UNIT ( * ) SI_UNIT ( $, .STERADIAN. ) SOLID_ANGLE_UNIT ( ) );
#3489 = CARTESIAN_POINT ( 'NONE',  ( 0.8517598644239526839, 0.4301657104080245930, 0.4499999999999963474 ) ) ;
#3490 = COLOUR_RGB ( '',1.000000000000000000, 1.000000000000000000, 1.000000000000000000 ) ;
#3491 = CARTESIAN_POINT ( 'NONE',  ( 0.5588791212278434450, 0.3748454818169395519, 0.4489999999999999547 ) ) ;
#3492 = ADVANCED_FACE ( 'NONE', ( #3616 ), #4314, .T. ) ;
#3493 = COLOUR_RGB ( '',1.000000000000000000, 1.000000000000000000, 0.7254901960784313486 ) ;
#3494 = CARTESIAN_POINT ( 'NONE',  ( 0.3950827837780095941, 0.4907988132389800584, 0.4499999999999965694 ) ) ;
#3495 =( NAMED_UNIT ( * ) SI_UNIT ( $, .STERADIAN. ) SOLID_ANGLE_UNIT ( ) );
#3496 = EDGE_LOOP ( 'NONE', ( #2274, #5356, #3049, #6598 ) ) ;
#3497 = CARTESIAN_POINT ( 'NONE',  ( 0.4598389461743770390, 0.5970584276361374787, 0.4490000000000005098 ) ) ;
#3498 = DIRECTION ( 'NONE',  ( 0.0000000000000000000, 1.000000000000000000, 0.0000000000000000000 ) ) ;
#3499 = CARTESIAN_POINT ( 'NONE',  ( 0.5899915143836494957, 0.4162122405584776641, 0.4499999999999942935 ) ) ;
#3500 = EDGE_CURVE ( 'NONE', #2801, #2854, #5988, .T. ) ;
#3501 = LINE ( 'NONE', #714, #2138 ) ;
#3502 = EDGE_CURVE ( 'NONE', #2827, #6718, #4871, .T. ) ;
#3503 = B_SPLINE_CURVE_WITH_KNOTS ( 'NONE', 3,
 ( #6766, #3468, #5699, #6842, #6376, #2979, #2426, #861, #258, #1363, #3643, #4194, #5296, #5225, #5729, #6413, #2465, #222, #1921 ),
 .UNSPECIFIED., .F., .F.,
 ( 4, 1, 1, 1, 1, 1, 1, 1, 1, 1, 1, 1, 1, 1, 1, 1, 4 ),
 ( 0.0000000000000000000, 1.433591464139986593E-05, 2.824937975062335243E-05, 4.182006813140126678E-05, 5.522167411182042000E-05, 6.856123503967394501E-05, 8.200581545188085025E-05, 9.567546637883262881E-05, 0.0001097127599272073386, 0.0001237069605977556745, 0.0001373233407771196166, 0.0001506127132923299600, 0.0001638303352763922699, 0.0001770479572604545526, 0.0001904108321990431718, 0.0002040595763920433937, 0.0002181285701761242471 ),
 .UNSPECIFIED. ) ;
#3504 = DIRECTION ( 'NONE',  ( 1.000000000000000000, 0.0000000000000000000, -0.0000000000000000000 ) ) ;
#3505 = CARTESIAN_POINT ( 'NONE',  ( 0.3822236527810630724, 0.5384326884673167335, 0.4500000000000001776 ) ) ;
#3506 = CARTESIAN_POINT ( 'NONE',  ( 0.8398613431235271154, 0.1521935496519972175, 0.4489999999999042535 ) ) ;
#3507 = VERTEX_POINT ( 'NONE', #6990 ) ;
#3508 = ORIENTED_EDGE ( 'NONE', *, *, #6026, .F. ) ;
#3509 = DIRECTION ( 'NONE',  ( -1.000000000000000000, 0.0000000000000000000, 0.0000000000000000000 ) ) ;
#3510 = FILL_AREA_STYLE ('',( #723 ) ) ;
#3511 =( NAMED_UNIT ( * ) SI_UNIT ( $, .STERADIAN. ) SOLID_ANGLE_UNIT ( ) );
#3512 = CARTESIAN_POINT ( 'NONE',  ( 0.4386579898204382433, 0.6266387364332065557, 0.4494999999999831908 ) ) ;
#3513 = SURFACE_STYLE_USAGE ( .BOTH. , #1269 ) ;
#3514 =( NAMED_UNIT ( * ) PLANE_ANGLE_UNIT ( ) SI_UNIT ( $, .RADIAN. ) );
#3515 = CARTESIAN_POINT ( 'NONE',  ( 0.3735991269999610620, 0.6171484925521164566, 0.4499999999999989009 ) ) ;
#3516 = CARTESIAN_POINT ( 'NONE',  ( 0.7724363333729722392, 0.6011072206399181717, 0.4500000000000007327 ) ) ;
#3517 = AXIS2_PLACEMENT_3D ( 'NONE', #6228, #6264, #1261 ) ;
#3518 = FILL_AREA_STYLE ('',( #1277 ) ) ;
#3519 = ORIENTED_EDGE ( 'NONE', *, *, #1289, .T. ) ;
#3520 = ORIENTED_EDGE ( 'NONE', *, *, #2357, .F. ) ;
#3521 = PLANE ( 'NONE',  #381 ) ;
#3522 = CARTESIAN_POINT ( 'NONE',  ( 0.9179847627897882445, 0.3632848378137091827, 0.4499999999999964029 ) ) ;
#3523 = CARTESIAN_POINT ( 'NONE',  ( 0.5899915143836494957, 0.4162122405584776641, 0.4489999999999998992 ) ) ;
#3524 = MECHANICAL_DESIGN_GEOMETRIC_PRESENTATION_REPRESENTATION (  '', ( #24 ), #609 ) ;
#3525 = SURFACE_STYLE_FILL_AREA ( #2305 ) ;
#3526 = CARTESIAN_POINT ( 'NONE',  ( 0.7179049629151939005, 0.3510020599351168502, 0.4499999999999999556 ) ) ;
#3527 = ORIENTED_EDGE ( 'NONE', *, *, #373, .T. ) ;
#3528 = EDGE_LOOP ( 'NONE', ( #1293, #4135, #5727, #220 ) ) ;
#3529 = CARTESIAN_POINT ( 'NONE',  ( 0.7071732391807146190, 0.6879483275853797153, 0.4499999999999996225 ) ) ;
#3530 = SURFACE_STYLE_FILL_AREA ( #6258 ) ;
#3531 = PRESENTATION_LAYER_ASSIGNMENT (  '', '', ( #3768 ) ) ;
#3532 = CARTESIAN_POINT ( 'NONE',  ( 0.8900184999700109234, 0.7145151720635484205, 0.4489999999999999547 ) ) ;
#3533 = DIRECTION ( 'NONE',  ( 0.0000000000000000000, 0.0000000000000000000, 1.000000000000000000 ) ) ;
#3534 = FACE_OUTER_BOUND ( 'NONE', #1433, .T. ) ;
#3535 = CARTESIAN_POINT ( 'NONE',  ( 0.5666828061570733377, 0.3911538942522157503, 0.4490000000000072267 ) ) ;
#3536 = CARTESIAN_POINT ( 'NONE',  ( 0.8457348425935314884, 0.3827841608366167048, 0.4499999999999998446 ) ) ;
#3537 = EDGE_CURVE ( 'NONE', #3557, #6864, #4238, .T. ) ;
#3538 = FILL_AREA_STYLE ('',( #2873 ) ) ;
#3539 = ORIENTED_EDGE ( 'NONE', *, *, #4940, .F. ) ;
#3540 = ORIENTED_EDGE ( 'NONE', *, *, #3182, .F. ) ;
#3541 = CARTESIAN_POINT ( 'NONE',  ( 0.4185174315939425571, 0.5631959780197450804, 0.4494999999999746421 ) ) ;
#3542 = EDGE_CURVE ( 'NONE', #3166, #1945, #1481, .T. ) ;
#3543 = CARTESIAN_POINT ( 'NONE',  ( 0.3856565208033442826, 0.7212993600977365416, 0.4500000000000001776 ) ) ;
#3544 =( GEOMETRIC_REPRESENTATION_CONTEXT ( 3 ) GLOBAL_UNCERTAINTY_ASSIGNED_CONTEXT ( ( #7106 ) ) GLOBAL_UNIT_ASSIGNED_CONTEXT ( ( #2940, #1330, #821 ) ) REPRESENTATION_CONTEXT ( 'NONE', 'WORKASPACE' ) );
#3545 = CARTESIAN_POINT ( 'NONE',  ( 0.5600583656941947597, 0.5136831169006520481, 0.4490000000000000657 ) ) ;
#3546 = DIRECTION ( 'NONE',  ( -0.0000000000000000000, 0.0000000000000000000, 1.000000000000000000 ) ) ;
#3547 =( NAMED_UNIT ( * ) SI_UNIT ( $, .STERADIAN. ) SOLID_ANGLE_UNIT ( ) );
#3548 = CARTESIAN_POINT ( 'NONE',  ( 0.6467549324357146912, 0.2933161633223050346, 0.4500000000000001221 ) ) ;
#3549 = EDGE_CURVE ( 'NONE', #2921, #1758, #3736, .T. ) ;
#3550 = CARTESIAN_POINT ( 'NONE',  ( 1.160000000000000142, 0.04999999999999999584, -0.005000000000000013115 ) ) ;
#3551 =( NAMED_UNIT ( * ) PLANE_ANGLE_UNIT ( ) SI_UNIT ( $, .RADIAN. ) );
#3552 = CARTESIAN_POINT ( 'NONE',  ( 0.3856565208033442826, 0.7212993600977364306, 0.4500000000000001221 ) ) ;
#3553 = LINE ( 'NONE', #6387, #1257 ) ;
#3554 = UNCERTAINTY_MEASURE_WITH_UNIT (LENGTH_MEASURE( 1.000000000000000082E-05 ), #5116, 'distance_accuracy_value', 'NONE');
#3555 = SURFACE_STYLE_FILL_AREA ( #1311 ) ;
#3556 = SURFACE_SIDE_STYLE ('',( #3484 ) ) ;
#3557 = VERTEX_POINT ( 'NONE', #2549 ) ;
#3558 = EDGE_LOOP ( 'NONE', ( #5025, #2697, #5422, #7092 ) ) ;
#3559 = CARTESIAN_POINT ( 'NONE',  ( 0.5820887647755943473, 0.5568510293543411649, 0.4489999999999999547 ) ) ;
#3560 = CARTESIAN_POINT ( 'NONE',  ( 0.6354651200179060044, 0.4302876490299005763, 0.4499999999999998446 ) ) ;
#3561 = CARTESIAN_POINT ( 'NONE',  ( 0.3705137378718256214, 0.5428110117273410307, 0.4489999999999999547 ) ) ;
#3562 = CARTESIAN_POINT ( 'NONE',  ( 0.5655947031199662911, 0.5724595688542664096, 0.4499999999999980682 ) ) ;
#3563 = ORIENTED_EDGE ( 'NONE', *, *, #6552, .F. ) ;
#3564 = CARTESIAN_POINT ( 'NONE',  ( 0.6719170608900196795, 0.7147443779176452239, 0.4499999999999996780 ) ) ;
#3565 = DIRECTION ( 'NONE',  ( 0.0000000000000000000, -0.0000000000000000000, 1.000000000000000000 ) ) ;
#3566 = CARTESIAN_POINT ( 'NONE',  ( 0.3600000000000003753, -0.09999999999999993616, -0.005000000000000013115 ) ) ;
#3567 = COLOUR_RGB ( '',1.000000000000000000, 1.000000000000000000, 1.000000000000000000 ) ;
#3568 = LINE ( 'NONE', #4671, #7061 ) ;
#3569 = CARTESIAN_POINT ( 'NONE',  ( 0.3657632027656212981, 0.1733941372588348462, 0.4500000000000000666 ) ) ;
#3570 =( NAMED_UNIT ( * ) PLANE_ANGLE_UNIT ( ) SI_UNIT ( $, .RADIAN. ) );
#3571 = ORIENTED_EDGE ( 'NONE', *, *, #7132, .F. ) ;
#3572 = ORIENTED_EDGE ( 'NONE', *, *, #6634, .T. ) ;
#3573 = CARTESIAN_POINT ( 'NONE',  ( 0.4169498034455125235, 0.5723327687254197160, 0.4489999999999998992 ) ) ;
#3574 = PRESENTATION_LAYER_ASSIGNMENT (  '', '', ( #4868 ) ) ;
#3575 = DIRECTION ( 'NONE',  ( 0.0000000000000000000, 1.000000000000000000, 0.0000000000000000000 ) ) ;
#3576 = CARTESIAN_POINT ( 'NONE',  ( 0.4192700638580778016, 0.7004278219556432372, 0.4490000000000000657 ) ) ;
#3577 = EDGE_CURVE ( 'NONE', #6182, #946, #4565, .T. ) ;
#3578 = CARTESIAN_POINT ( 'NONE',  ( 0.8985011627328334249, 0.2986759802636662076, 0.4489999999999999547 ) ) ;
#3579 = CARTESIAN_POINT ( 'NONE',  ( 0.9375078162093271050, 0.7620044883028647131, 0.4500000000000000666 ) ) ;
#3580 = CARTESIAN_POINT ( 'NONE',  ( 0.6512469984210883522, 0.2991105367753055244, 0.4500000000000000111 ) ) ;
#3581 = LINE ( 'NONE', #3985, #2343 ) ;
#3582 = LINE ( 'NONE', #2432, #1772 ) ;
#3583 = CARTESIAN_POINT ( 'NONE',  ( 0.3426048509273565967, 0.6464364304578334997, 0.4499999999999987899 ) ) ;
#3584 = AXIS2_PLACEMENT_3D ( 'NONE', #3841, #1037, #5077 ) ;
#3585 = CARTESIAN_POINT ( 'NONE',  ( 1.159999999999999920, 0.01833333333333305240, 0.1650000000000000078 ) ) ;
#3586 =( NAMED_UNIT ( * ) PLANE_ANGLE_UNIT ( ) SI_UNIT ( $, .RADIAN. ) );
#3587 = CARTESIAN_POINT ( 'NONE',  ( 0.7745635880063090895, 0.6241771531654215499, 0.4500000000000005662 ) ) ;
#3588 = ADVANCED_FACE ( 'NONE', ( #1622, #3392, #1118, #3323, #1549, #6159, #3847 ), #6623, .F. ) ;
#3589 = B_SPLINE_CURVE_WITH_KNOTS ( 'NONE', 3,
 ( #3772, #973, #6489, #866, #1928, #264, #4869, #2578, #304, #2473, #1403, #2512, #410, #827, #4762, #3614, #4201, #5882, #3099 ),
 .UNSPECIFIED., .F., .F.,
 ( 4, 1, 1, 1, 1, 1, 1, 1, 1, 1, 1, 1, 1, 1, 1, 1, 4 ),
 ( 0.0000000000000000000, 1.463294393041060432E-05, 2.875173467697704694E-05, 4.247085628617322528E-05, 5.597363073225081220E-05, 6.936006184265918102E-05, 8.287277391532177676E-05, 9.654774267405125414E-05, 0.0001106113820751671744, 0.0001246638646821090991, 0.0001383276695241080758, 0.0001517665640067122207, 0.0001649917926549187728, 0.0001782733136438878583, 0.0001916058032409568949, 0.0002052289066141661539, 0.0002192245632441587112 ),
 .UNSPECIFIED. ) ;
#3590 = FILL_AREA_STYLE_COLOUR ( '', #1783 ) ;
#3591 = ORIENTED_EDGE ( 'NONE', *, *, #7099, .T. ) ;
#3592 =( LENGTH_UNIT ( ) NAMED_UNIT ( * ) SI_UNIT ( .MILLI., .METRE. ) );
#3593 = CARTESIAN_POINT ( 'NONE',  ( 0.8826335286203220720, 0.3055267995184502428, 0.4500000000000000666 ) ) ;
#3594 = SURFACE_SIDE_STYLE ('',( #312 ) ) ;
#3595 = DIRECTION ( 'NONE',  ( 1.000000000000000000, -0.0000000000000000000, 0.0000000000000000000 ) ) ;
#3596 = FILL_AREA_STYLE ('',( #6432 ) ) ;
#3597 = ORIENTED_EDGE ( 'NONE', *, *, #803, .F. ) ;
#3598 = DIRECTION ( 'NONE',  ( 0.0000000000000000000, 1.000000000000000000, 0.0000000000000000000 ) ) ;
#3599 = DIRECTION ( 'NONE',  ( -1.000000000000000000, -0.0000000000000000000, 0.0000000000000000000 ) ) ;
#3600 = CARTESIAN_POINT ( 'NONE',  ( 0.7600000000000002309, 0.9499999999999999556, -0.005000000000000013115 ) ) ;
#3601 = CARTESIAN_POINT ( 'NONE',  ( 0.4014845848512333948, 0.5927528368201895326, 0.4489999999999999547 ) ) ;
#3602 = UNCERTAINTY_MEASURE_WITH_UNIT (LENGTH_MEASURE( 1.000000000000000082E-05 ), #3425, 'distance_accuracy_value', 'NONE');
#3603 = VECTOR ( 'NONE', #3804, 1000.000000000000000 ) ;
#3604 = CARTESIAN_POINT ( 'NONE',  ( 0.8196677834280144959, 0.2810931223015699087, 0.4490000000000000102 ) ) ;
#3605 = DIRECTION ( 'NONE',  ( 0.0000000000000000000, -1.000000000000000000, 0.0000000000000000000 ) ) ;
#3606 = CARTESIAN_POINT ( 'NONE',  ( 1.250000000000000222, 0.05895042793126350350, 0.4399999999999999467 ) ) ;
#3607 = VERTEX_POINT ( 'NONE', #1006 ) ;
#3608 = CARTESIAN_POINT ( 'NONE',  ( 0.4077017252078546372, 0.5864717639122717374, 0.4489999999999999547 ) ) ;
#3609 = SURFACE_SIDE_STYLE ('',( #790 ) ) ;
#3610 = CARTESIAN_POINT ( 'NONE',  ( 0.9301984899307609300, 0.2205933839716863465, 0.4499999999999950151 ) ) ;
#3611 = CYLINDRICAL_SURFACE ( 'NONE', #4306, 0.009999999999999944697 ) ;
#3612 = B_SPLINE_CURVE_WITH_KNOTS ( 'NONE', 3,
 ( #5287, #5324, #526, #4990, #4225, #7180, #290, #5906, #323, #4814, #2533 ),
 .UNSPECIFIED., .F., .F.,
 ( 4, 1, 1, 1, 1, 1, 1, 1, 4 ),
 ( 0.0000000000000000000, 6.186409969894566556E-06, 1.200253633980965303E-05, 1.761758937997246689E-05, 2.332899165143284152E-05, 2.881878611593659210E-05, 3.389212189572678201E-05, 3.870287814589927527E-05, 4.357059606187110314E-05 ),
 .UNSPECIFIED. ) ;
#3613 = CARTESIAN_POINT ( 'NONE',  ( 0.9316068859921168288, 0.2378439235836211918, 0.4489999999999999547 ) ) ;
#3614 = CARTESIAN_POINT ( 'NONE',  ( 0.5021314550143107791, 0.6024708871356283524, 0.4490000000000061164 ) ) ;
#3615 = CARTESIAN_POINT ( 'NONE',  ( 0.7840906411629470218, 0.1702470831701200227, 0.4489999999999995661 ) ) ;
#3616 = FACE_OUTER_BOUND ( 'NONE', #1744, .T. ) ;
#3617 = CARTESIAN_POINT ( 'NONE',  ( 2.168404344971008868E-16, 0.05000000000000002359, 0.0000000000000000000 ) ) ;
#3618 = CARTESIAN_POINT ( 'NONE',  ( 0.6556947023572242683, 0.3773958778551926296, 0.4499999999999999001 ) ) ;
#3619 = CARTESIAN_POINT ( 'NONE',  ( 0.4045780452424467821, 0.6571675825870526566, 0.4494999999999866880 ) ) ;
#3620 = ADVANCED_FACE ( 'NONE', ( #5012 ), #5613, .T. ) ;
#3621 = ORIENTED_EDGE ( 'NONE', *, *, #2506, .F. ) ;
#3622 = CARTESIAN_POINT ( 'NONE',  ( 0.6875701374241607322, 0.5528753680955810212, 0.4489999999999997882 ) ) ;
#3623 = ADVANCED_FACE ( 'NONE', ( #5804 ), #3433, .T. ) ;
#3624 = MECHANICAL_DESIGN_GEOMETRIC_PRESENTATION_REPRESENTATION (  '', ( #6989 ), #369 ) ;
#3625 =( NAMED_UNIT ( * ) PLANE_ANGLE_UNIT ( ) SI_UNIT ( $, .RADIAN. ) );
#3626 = CARTESIAN_POINT ( 'NONE',  ( 0.6353611930291097609, 0.5381859019309563896, 0.4500000000000005662 ) ) ;
#3627 = CARTESIAN_POINT ( 'NONE',  ( 0.7178605735394290033, 0.3489865440846074418, 0.4500000000000000111 ) ) ;
#3628 = EDGE_LOOP ( 'NONE', ( #6932, #1688, #6470, #6876 ) ) ;
#3629 = B_SPLINE_CURVE_WITH_KNOTS ( 'NONE', 3,
 ( #5584, #2718, #1577, #4342, #4490, #6547, #1033, #576, #2791, #995, #541, #2206, #4423, #1612, #6049, #3246, #5484, #3870, #1067 ),
 .UNSPECIFIED., .F., .F.,
 ( 4, 1, 1, 1, 1, 1, 1, 1, 1, 1, 1, 1, 1, 1, 1, 1, 4 ),
 ( 0.0000000000000000000, 1.438445197263315452E-05, 2.830305592947650412E-05, 4.192402855484567647E-05, 5.534001426527408371E-05, 6.871801003071996298E-05, 8.220454754216834472E-05, 9.592824846537730823E-05, 0.0001100428493015330060, 0.0001241150526191300005, 0.0001377330315673859300, 0.0001510659713968877914, 0.0001641571395968282449, 0.0001772908748861163036, 0.0001904605292307168295, 0.0002039065577592683867, 0.0002177083056971211778 ),
 .UNSPECIFIED. ) ;
#3630 = ORIENTED_EDGE ( 'NONE', *, *, #5993, .F. ) ;
#3631 = CARTESIAN_POINT ( 'NONE',  ( 0.8494054944843163479, 0.3826453659891582149, 0.4499999999999999556 ) ) ;
#3632 = LINE ( 'NONE', #2017, #6007 ) ;
#3633 = CARTESIAN_POINT ( 'NONE',  ( 0.8750989923423645456, 0.2136379168548450946, 0.4500000000000000111 ) ) ;
#3634 = ADVANCED_FACE ( 'NONE', ( #2391 ), #4538, .T. ) ;
#3635 = LINE ( 'NONE', #6478, #2963 ) ;
#3636 =( NAMED_UNIT ( * ) PLANE_ANGLE_UNIT ( ) SI_UNIT ( $, .RADIAN. ) );
#3637 =( LENGTH_UNIT ( ) NAMED_UNIT ( * ) SI_UNIT ( .MILLI., .METRE. ) );
#3638 = VECTOR ( 'NONE', #5304, 1000.000000000000000 ) ;
#3639 = FACE_OUTER_BOUND ( 'NONE', #710, .T. ) ;
#3640 = ORIENTED_EDGE ( 'NONE', *, *, #1017, .F. ) ;
#3641 = ORIENTED_EDGE ( 'NONE', *, *, #4936, .T. ) ;
#3642 = CARTESIAN_POINT ( 'NONE',  ( 0.9313369874584653818, 0.2291195108236951106, 0.4489999999999998437 ) ) ;
#3643 = CARTESIAN_POINT ( 'NONE',  ( 0.7248291821430858928, 0.5212995209668790375, 0.4490000000000087810 ) ) ;
#3644 = CARTESIAN_POINT ( 'NONE',  ( 0.9171932574891464851, 0.1900326603083695165, 0.4499999999999945710 ) ) ;
#3645 = CARTESIAN_POINT ( 'NONE',  ( 0.4182355159740038797, 0.5583465072597912915, 0.4500000000000000111 ) ) ;
#3646 = PRESENTATION_LAYER_ASSIGNMENT (  '', '', ( #1523 ) ) ;
#3647 =( NAMED_UNIT ( * ) PLANE_ANGLE_UNIT ( ) SI_UNIT ( $, .RADIAN. ) );
#3648 = FILL_AREA_STYLE_COLOUR ( '', #2638 ) ;
#3649 = DIRECTION ( 'NONE',  ( 0.0000000000000000000, 0.0000000000000000000, -1.000000000000000000 ) ) ;
#3650 = CARTESIAN_POINT ( 'NONE',  ( 0.9115698681421887661, 0.2886191196712434293, 0.4489999999999999547 ) ) ;
#3651 = DIRECTION ( 'NONE',  ( -1.000000000000000000, 2.519953399464156897E-16, -2.799948221626842572E-17 ) ) ;
#3652 = LINE ( 'NONE', #5845, #6366 ) ;
#3653 = VECTOR ( 'NONE', #2365, 1000.000000000000000 ) ;
#3654 = VECTOR ( 'NONE', #388, 1000.000000000000000 ) ;
#3655 = CARTESIAN_POINT ( 'NONE',  ( 0.8367660653232251722, 0.1522610720368864634, 0.4500000000000006217 ) ) ;
#3656 = DIRECTION ( 'NONE',  ( 0.4499110248330601691, 0.8930733842936231515, -0.0000000000000000000 ) ) ;
#3657 = PRESENTATION_STYLE_ASSIGNMENT (( #370 ) ) ;
#3658 = CARTESIAN_POINT ( 'NONE',  ( 0.5044620451866345112, 0.6662437984567723959, 0.4490000000000000102 ) ) ;
#3659 =( NAMED_UNIT ( * ) PLANE_ANGLE_UNIT ( ) SI_UNIT ( $, .RADIAN. ) );
#3660 = VECTOR ( 'NONE', #4987, 1000.000000000000000 ) ;
#3661 = CARTESIAN_POINT ( 'NONE',  ( 0.6704156466758776078, 0.3476629673870399451, 0.4500000000000000111 ) ) ;
#3662 = CARTESIAN_POINT ( 'NONE',  ( 0.5474170042435151373, 0.6291828069460271289, 0.4499999999999999556 ) ) ;
#3663 = ORIENTED_EDGE ( 'NONE', *, *, #1920, .T. ) ;
#3664 = VECTOR ( 'NONE', #1651, 1000.000000000000000 ) ;
#3665 =( LENGTH_UNIT ( ) NAMED_UNIT ( * ) SI_UNIT ( .MILLI., .METRE. ) );
#3666 = DIRECTION ( 'NONE',  ( 0.0000000000000000000, 0.0000000000000000000, 1.000000000000000000 ) ) ;
#3667 = DIRECTION ( 'NONE',  ( 0.0000000000000000000, 1.000000000000000000, -9.393509090954893408E-13 ) ) ;
#3668 = CARTESIAN_POINT ( 'NONE',  ( 0.6784559319043602654, 0.4960184331422035076, 0.4499999999999999556 ) ) ;
#3669 = EDGE_CURVE ( 'NONE', #5280, #1791, #2541, .T. ) ;
#3670 = ORIENTED_EDGE ( 'NONE', *, *, #5425, .F. ) ;
#3671 = ORIENTED_EDGE ( 'NONE', *, *, #3401, .T. ) ;
#3672 = CARTESIAN_POINT ( 'NONE',  ( 0.9171932574891463741, 0.1900326603083694887, 0.4489999999999993996 ) ) ;
#3673 = CARTESIAN_POINT ( 'NONE',  ( 0.8438364532998092749, 0.3828559428143903376, 0.4500000000000000666 ) ) ;
#3674 =( NAMED_UNIT ( * ) SI_UNIT ( $, .STERADIAN. ) SOLID_ANGLE_UNIT ( ) );
#3675 = COLOUR_RGB ( '',1.000000000000000000, 1.000000000000000000, 1.000000000000000000 ) ;
#3676 = CARTESIAN_POINT ( 'NONE',  ( 0.4169498034455125235, 0.5723327687254197160, 0.4499999999999999556 ) ) ;
#3677 = CARTESIAN_POINT ( 'NONE',  ( 0.8196677834280144959, 0.2810931223015699087, 0.4500000000000001776 ) ) ;
#3678 =( NAMED_UNIT ( * ) SI_UNIT ( $, .STERADIAN. ) SOLID_ANGLE_UNIT ( ) );
#3679 = COLOUR_RGB ( '',1.000000000000000000, 1.000000000000000000, 0.7254901960784313486 ) ;
#3680 = ADVANCED_FACE ( 'NONE', ( #2504 ), #1435, .F. ) ;
#3681 = CARTESIAN_POINT ( 'NONE',  ( 2.168404344971008868E-16, 0.8000000000000000444, 0.0000000000000000000 ) ) ;
#3682 = B_SPLINE_CURVE_WITH_KNOTS ( 'NONE', 3,
 ( #623, #2690, #5013, #2183, #6663, #3978, #6733 ),
 .UNSPECIFIED., .F., .F.,
 ( 4, 1, 1, 1, 4 ),
 ( 1.084202172485504434E-19, 3.324937305021448394E-06, 6.695961668334588392E-06, 1.014242853808158245E-05, 1.374614853440181937E-05 ),
 .UNSPECIFIED. ) ;
#3683 = ORIENTED_EDGE ( 'NONE', *, *, #4794, .F. ) ;
#3684 = CARTESIAN_POINT ( 'NONE',  ( 0.9252902598202313866, 0.2046392621761362607, 0.4500000000000000111 ) ) ;
#3685 = FILL_AREA_STYLE_COLOUR ( '', #5415 ) ;
#3686 = CARTESIAN_POINT ( 'NONE',  ( 0.5994160854991291698, 0.3406304970925214670, 0.4499999999999986233 ) ) ;
#3687 = MECHANICAL_DESIGN_GEOMETRIC_PRESENTATION_REPRESENTATION (  '', ( #1224 ), #5210 ) ;
#3688 = DIRECTION ( 'NONE',  ( 2.535460951367398784E-16, 0.9938837346736190126, -0.1104315260748466032 ) ) ;
#3689 = CARTESIAN_POINT ( 'NONE',  ( 0.01000000000000002796, 0.05359417979625351325, 0.4499999999999999556 ) ) ;
#3690 = FILL_AREA_STYLE_COLOUR ( '', #1950 ) ;
#3691 = CARTESIAN_POINT ( 'NONE',  ( 0.004142135623731171661, 0.7910495720687361620, 0.4500000000000000111 ) ) ;
#3692 = CARTESIAN_POINT ( 'NONE',  ( 0.3590747490569973221, 0.7639803798531722423, 0.4500000000000001776 ) ) ;
#3693 = VECTOR ( 'NONE', #3038, 1000.000000000000000 ) ;
#3694 = PRESENTATION_LAYER_ASSIGNMENT (  '', '', ( #5905 ) ) ;
#3695 = CARTESIAN_POINT ( 'NONE',  ( 0.3808429231349365618, 0.6785890287349009009, 0.4499999999999995670 ) ) ;
#3696 = CARTESIAN_POINT ( 'NONE',  ( 0.5399759500496672526, 0.7282639320672215089, 0.4500000000000000666 ) ) ;
#3697 = FILL_AREA_STYLE_COLOUR ( '', #1189 ) ;
#3698 = B_SPLINE_CURVE_WITH_KNOTS ( 'NONE', 3,
 ( #2590, #4285, #6496, #947, #3192, #5424, #3290, #2698, #1630, #5533, #6168, #6065, #524, #1594, #1051, #6103, #1087, #2221, #7177 ),
 .UNSPECIFIED., .F., .F.,
 ( 4, 1, 1, 1, 1, 1, 1, 1, 1, 1, 1, 1, 1, 1, 1, 1, 4 ),
 ( 2.710505431213761085E-20, 1.217771305464463233E-05, 2.370245246988548053E-05, 3.458152024127751346E-05, 4.486644577705261423E-05, 5.445223814508146082E-05, 6.342575871746298501E-05, 7.184897965459696712E-05, 7.964847352632419735E-05, 8.703344940232625709E-05, 9.423035013535712009E-05, 0.0001011369641289463724, 0.0001078364387580203559, 0.0001143450834704351710, 0.0001206724712905746808, 0.0001267963003769743892, 0.0001328430157777585232 ),
 .UNSPECIFIED. ) ;
#3699 = CARTESIAN_POINT ( 'NONE',  ( 0.5849995436459157760, 0.7583593316718039157, 0.4500000000000001776 ) ) ;
#3700 = FILL_AREA_STYLE_COLOUR ( '', #3009 ) ;
#3701 = CARTESIAN_POINT ( 'NONE',  ( 0.6185099852934374809, 0.3779176004410791379, 0.4489999999999998992 ) ) ;
#3702 = CARTESIAN_POINT ( 'NONE',  ( 0.8510257831932583894, 0.2003038986382085218, 0.4500000000000001776 ) ) ;
#3703 = SURFACE_STYLE_USAGE ( .BOTH. , #483 ) ;
#3704 = ORIENTED_EDGE ( 'NONE', *, *, #2871, .T. ) ;
#3705 = CARTESIAN_POINT ( 'NONE',  ( 1.160000000000000142, 0.05000000000000000278, 0.0000000000000000000 ) ) ;
#3706 = PRESENTATION_STYLE_ASSIGNMENT (( #422 ) ) ;
#3707 = DIRECTION ( 'NONE',  ( 0.4277665239595013769, 0.9038892636709462414, 0.0000000000000000000 ) ) ;
#3708 = AXIS2_PLACEMENT_3D ( 'NONE', #6149, #3832, #645 ) ;
#3709 = FILL_AREA_STYLE_COLOUR ( '', #5181 ) ;
#3710 = CARTESIAN_POINT ( 'NONE',  ( 0.7027342153116269419, 0.5061387981651532808, 0.4500000000000001221 ) ) ;
#3711 = CARTESIAN_POINT ( 'NONE',  ( 0.8467188313160367574, 0.4302847193217502197, 0.4490000000000088920 ) ) ;
#3712 = ORIENTED_EDGE ( 'NONE', *, *, #679, .F. ) ;
#3713 = ORIENTED_EDGE ( 'NONE', *, *, #6509, .T. ) ;
#3714 = CARTESIAN_POINT ( 'NONE',  ( 0.8919923804223049979, 0.1660778527359922374, 0.4489999999999995106 ) ) ;
#3715 = CARTESIAN_POINT ( 'NONE',  ( 0.4440404566294671174, 0.5118494217481494024, 0.4489999999999997882 ) ) ;
#3716 = CARTESIAN_POINT ( 'NONE',  ( 0.9316068859921168288, 0.2378439235836211918, 0.4489999999999357283 ) ) ;
#3717 = COLOUR_RGB ( '',1.000000000000000000, 1.000000000000000000, 1.000000000000000000 ) ;
#3718 = SURFACE_STYLE_FILL_AREA ( #6612 ) ;
#3719 = B_SPLINE_CURVE_WITH_KNOTS ( 'NONE', 3,
 ( #5716, #709, #3417, #2379, #2338, #2238, #6181, #572, #1756, #3969, #135, #3999, #4592, #6220, #4559, #1724, #681, #611, #6792 ),
 .UNSPECIFIED., .F., .F.,
 ( 4, 1, 1, 1, 1, 1, 1, 1, 1, 1, 1, 1, 1, 1, 1, 1, 4 ),
 ( 0.0000000000000000000, 1.396092902313638285E-05, 2.755022921078506567E-05, 4.084963672607818178E-05, 5.409820210234893105E-05, 6.729061481678256899E-05, 8.069616319376899218E-05, 9.432606385711759633E-05, 0.0001083436778541594026, 0.0001223724209618751266, 0.0001360134578407808179, 0.0001494926406432686705, 0.0001628458558261146512, 0.0001763151256603810214, 0.0001900002058327049219, 0.0002040839634381123608, 0.0002186805984523071465 ),
 .UNSPECIFIED. ) ;
#3720 = CARTESIAN_POINT ( 'NONE',  ( 2.168404344971008868E-16, 0.3794638487972963325, 0.4500000000000000666 ) ) ;
#3721 = CARTESIAN_POINT ( 'NONE',  ( 0.9375078162093271050, 0.8500000000000000888, 0.4500000000000000666 ) ) ;
#3722 = EDGE_LOOP ( 'NONE', ( #2563, #787, #2204, #4738 ) ) ;
#3723 = EDGE_CURVE ( 'NONE', #6865, #664, #5173, .T. ) ;
#3724 =( LENGTH_UNIT ( ) NAMED_UNIT ( * ) SI_UNIT ( .MILLI., .METRE. ) );
#3725 = CARTESIAN_POINT ( 'NONE',  ( 0.8194129468363290369, 0.4270735233168556633, 0.4490000000000000102 ) ) ;
#3726 = CARTESIAN_POINT ( 'NONE',  ( 1.240000000000000213, 0.05932908124917492948, 0.4434078798612027805 ) ) ;
#3727 = MECHANICAL_DESIGN_GEOMETRIC_PRESENTATION_REPRESENTATION (  '', ( #2419 ), #2304 ) ;
#3728 = EDGE_CURVE ( 'NONE', #6904, #3068, #2101, .T. ) ;
#3729 = CARTESIAN_POINT ( 'NONE',  ( 0.7178605735394290033, 0.3489865440846074418, 0.4490000000000641811 ) ) ;
#3730 = PRESENTATION_STYLE_ASSIGNMENT (( #7100 ) ) ;
#3731 = LINE ( 'NONE', #5952, #672 ) ;
#3732 = CARTESIAN_POINT ( 'NONE',  ( 0.8900000000000001243, -0.09999999999999999167, -0.005000000000000013115 ) ) ;
#3733 = CARTESIAN_POINT ( 'NONE',  ( 0.3417781323574650143, 0.7536872393256348612, 0.4500000000000000666 ) ) ;
#3734 = CARTESIAN_POINT ( 'NONE',  ( 0.7212970569322878500, 0.2030749599084074875, 0.4489999999999999547 ) ) ;
#3735 = FILL_AREA_STYLE_COLOUR ( '', #4707 ) ;
#3736 = LINE ( 'NONE', #5342, #626 ) ;
#3737 = EDGE_CURVE ( 'NONE', #6463, #104, #6050, .T. ) ;
#3738 = CARTESIAN_POINT ( 'NONE',  ( 0.6378375103866775753, 0.7687886763370526122, 0.4489999999999999547 ) ) ;
#3739 = PRESENTATION_STYLE_ASSIGNMENT (( #3142 ) ) ;
#3740 = CARTESIAN_POINT ( 'NONE',  ( 0.6320760187746498060, 0.3827240262899490042, 0.4489999999999997882 ) ) ;
#3741 =( NAMED_UNIT ( * ) PLANE_ANGLE_UNIT ( ) SI_UNIT ( $, .RADIAN. ) );
#3742 = CARTESIAN_POINT ( 'NONE',  ( 0.8439264540532257497, 0.1997080403205863941, 0.4489999999999999547 ) ) ;
#3743 = B_SPLINE_SURFACE_WITH_KNOTS ( 'NONE', 3, 1, ( 
 ( #5588, #4601 ),
 ( #1765, #2972 ),
 ( #6369, #1880 ),
 ( #3048, #4112 ),
 ( #2904, #143 ),
 ( #2497, #6798 ),
 ( #6300, #5219 ),
 ( #2935, #1357 ),
 ( #6332, #6226 ),
 ( #5255, #5185 ),
 ( #4044, #2420 ) ),
 .UNSPECIFIED., .F., .F., .F.,
 ( 4, 1, 1, 1, 1, 1, 1, 1, 4 ),
 ( 2, 2 ),
 ( 0.0000000000000000000, 0.1241007034540098086, 0.2443161303745125246, 0.3644659408319803617, 0.4858539930671591511, 0.6089147941772756756, 0.7343009187589549791, 0.8639428169458339690, 1.000000000000000000 ),
 ( 0.0000000000000000000, 1.000000000000000000 ),
 .UNSPECIFIED. ) ;
#3744 = VERTEX_POINT ( 'NONE', #3901 ) ;
#3745 = CARTESIAN_POINT ( 'NONE',  ( 0.3494496928365506960, 0.5642281012031740151, 0.4500000000000002887 ) ) ;
#3746 = CARTESIAN_POINT ( 'NONE',  ( 0.6637200964576631668, 0.7176766301290350425, 0.4489999999999998437 ) ) ;
#3747 =( NAMED_UNIT ( * ) PLANE_ANGLE_UNIT ( ) SI_UNIT ( $, .RADIAN. ) );
#3748 = CARTESIAN_POINT ( 'NONE',  ( 0.3031862350127459416, 0.5469775285005141763, 0.4489999999999999547 ) ) ;
#3749 = CARTESIAN_POINT ( 'NONE',  ( 0.6877673262473213978, 0.2695265151496882283, 0.4489999999999998992 ) ) ;
#3750 = VERTEX_POINT ( 'NONE', #3273 ) ;
#3751 = ORIENTED_EDGE ( 'NONE', *, *, #4984, .F. ) ;
#3752 = CARTESIAN_POINT ( 'NONE',  ( 0.3976819295380898955, 0.6632185687262847074, 0.4500000000000001221 ) ) ;
#3753 = CARTESIAN_POINT ( 'NONE',  ( 0.4631054103209897299, 0.5430221413722238211, 0.4490000000000000102 ) ) ;
#3754 = CARTESIAN_POINT ( 'NONE',  ( 0.7179049629151939005, 0.3510020599351168502, 0.4489999999999999547 ) ) ;
#3755 =( NAMED_UNIT ( * ) SI_UNIT ( $, .STERADIAN. ) SOLID_ANGLE_UNIT ( ) );
#3756 = UNCERTAINTY_MEASURE_WITH_UNIT (LENGTH_MEASURE( 1.000000000000000082E-05 ), #4598, 'distance_accuracy_value', 'NONE');
#3757 =( LENGTH_UNIT ( ) NAMED_UNIT ( * ) SI_UNIT ( .MILLI., .METRE. ) );
#3758 = CARTESIAN_POINT ( 'NONE',  ( 0.3812390612886013552, 0.7211444401053193065, 0.4500000000000001776 ) ) ;
#3759 = STYLED_ITEM ( 'NONE', ( #2178 ), #6918 ) ;
#3760 = VERTEX_POINT ( 'NONE', #2793 ) ;
#3761 = CARTESIAN_POINT ( 'NONE',  ( 0.8843920805433752586, 0.1617514948902648853, 0.4500000000000000111 ) ) ;
#3762 = DIRECTION ( 'NONE',  ( 0.0000000000000000000, 0.0000000000000000000, -1.000000000000000000 ) ) ;
#3763 = PRESENTATION_LAYER_ASSIGNMENT (  '', '', ( #6882 ) ) ;
#3764 = CARTESIAN_POINT ( 'NONE',  ( 0.9313369874584653818, 0.2291195108236951106, 0.4499999999999945710 ) ) ;
#3765 = CARTESIAN_POINT ( 'NONE',  ( 0.01000000000000001582, 0.05895042793126377412, 0.4399999999999999467 ) ) ;
#3766 =( LENGTH_UNIT ( ) NAMED_UNIT ( * ) SI_UNIT ( .MILLI., .METRE. ) );
#3767 = EDGE_CURVE ( 'NONE', #1075, #4420, #7144, .T. ) ;
#3768 = STYLED_ITEM ( 'NONE', ( #1233 ), #5065 ) ;
#3769 = DIRECTION ( 'NONE',  ( 0.0000000000000000000, 0.0000000000000000000, 1.000000000000000000 ) ) ;
#3770 = DIRECTION ( 'NONE',  ( 0.0000000000000000000, 0.0000000000000000000, -1.000000000000000000 ) ) ;
#3771 = ADVANCED_FACE ( 'NONE', ( #501 ), #5486, .F. ) ;
#3772 = CARTESIAN_POINT ( 'NONE',  ( 0.6382085206697973856, 0.4906369669353431440, 0.4494999999999982898 ) ) ;
#3773 =( GEOMETRIC_REPRESENTATION_CONTEXT ( 3 ) GLOBAL_UNCERTAINTY_ASSIGNED_CONTEXT ( ( #2133 ) ) GLOBAL_UNIT_ASSIGNED_CONTEXT ( ( #66, #3421, #5618 ) ) REPRESENTATION_CONTEXT ( 'NONE', 'WORKASPACE' ) );
#3774 = CARTESIAN_POINT ( 'NONE',  ( 0.8900000000000001243, 0.04999999999999999584, 0.1650000000000000078 ) ) ;
#3775 = CARTESIAN_POINT ( 'NONE',  ( 0.6107236872378570824, 0.7663108051786938768, 0.4500000000000000666 ) ) ;
#3776 = CARTESIAN_POINT ( 'NONE',  ( 0.8398613431235271154, 0.1521935496519972175, 0.4489999999999999547 ) ) ;
#3777 = CARTESIAN_POINT ( 'NONE',  ( 0.6216589397215321888, 0.3797402999403546309, 0.4500000000000000111 ) ) ;
#3778 = CARTESIAN_POINT ( 'NONE',  ( 0.6189273391622499565, 0.7198033044701083183, 0.4489999999999998437 ) ) ;
#3779 = COLOUR_RGB ( '',1.000000000000000000, 1.000000000000000000, 1.000000000000000000 ) ;
#3780 = CARTESIAN_POINT ( 'NONE',  ( 0.5799599062200108124, 0.5584788472772237444, 0.4489999999999999547 ) ) ;
#3781 = EDGE_CURVE ( 'NONE', #7018, #5351, #1578, .T. ) ;
#3782 = ORIENTED_EDGE ( 'NONE', *, *, #640, .T. ) ;
#3783 = MECHANICAL_DESIGN_GEOMETRIC_PRESENTATION_REPRESENTATION (  '', ( #509 ), #5876 ) ;
#3784 = DIRECTION ( 'NONE',  ( -2.551063935260010491E-16, -1.000000000000000000, -0.0000000000000000000 ) ) ;
#3785 = CARTESIAN_POINT ( 'NONE',  ( 0.8662328240567112037, 0.4275348132470108142, 0.4499999999999998446 ) ) ;
#3786 = SURFACE_STYLE_FILL_AREA ( #4887 ) ;
#3787 = ORIENTED_EDGE ( 'NONE', *, *, #2771, .T. ) ;
#3788 = STYLED_ITEM ( 'NONE', ( #1266 ), #3623 ) ;
#3789 =( NAMED_UNIT ( * ) SI_UNIT ( $, .STERADIAN. ) SOLID_ANGLE_UNIT ( ) );
#3790 = ORIENTED_EDGE ( 'NONE', *, *, #4172, .T. ) ;
#3791 = CARTESIAN_POINT ( 'NONE',  ( 0.3766768148669047966, 0.6825324509916597115, 0.4500000000000001221 ) ) ;
#3792 = CARTESIAN_POINT ( 'NONE',  ( 0.8704571831291668671, 0.3596678140306925897, 0.4500000000000000111 ) ) ;
#3793 = CARTESIAN_POINT ( 'NONE',  ( 0.5868257023039027409, 0.7067883732634460126, 0.4490000000000003988 ) ) ;
#3794 = CARTESIAN_POINT ( 'NONE',  ( 0.09000000000000023259, 0.04999999999999998196, 0.0000000000000000000 ) ) ;
#3795 = B_SPLINE_CURVE_WITH_KNOTS ( 'NONE', 3,
 ( #6715, #2335, #4450, #5101, #2786, #4484, #5580, #5029, #2823, #5068, #6179 ),
 .UNSPECIFIED., .F., .F.,
 ( 4, 1, 1, 1, 1, 1, 1, 1, 4 ),
 ( 0.0000000000000000000, 1.025141937686983740E-05, 2.019811327378410939E-05, 2.994047857670139844E-05, 3.969953907511365694E-05, 4.954064391514361425E-05, 5.960715710556227710E-05, 7.008920748948825022E-05, 8.100989483612376120E-05 ),
 .UNSPECIFIED. ) ;
#3796 = CARTESIAN_POINT ( 'NONE',  ( 0.4046960024187098437, 0.7666709720659254934, 0.4499999999999999556 ) ) ;
#3797 = SURFACE_STYLE_USAGE ( .BOTH. , #1499 ) ;
#3798 = CARTESIAN_POINT ( 'NONE',  ( 0.3734071465316713967, 0.7183791586416338193, 0.4500000000000001776 ) ) ;
#3799 = ORIENTED_EDGE ( 'NONE', *, *, #5206, .T. ) ;
#3800 = SURFACE_STYLE_FILL_AREA ( #6510 ) ;
#3801 = CARTESIAN_POINT ( 'NONE',  ( 0.8046898258158016182, 0.4208945351565296367, 0.4499999999999999556 ) ) ;
#3802 = PLANE ( 'NONE',  #7008 ) ;
#3803 = DIRECTION ( 'NONE',  ( -0.0000000000000000000, -1.000000000000000000, 0.0000000000000000000 ) ) ;
#3804 = DIRECTION ( 'NONE',  ( 0.0000000000000000000, 1.000000000000000000, -0.0000000000000000000 ) ) ;
#3805 = FACE_OUTER_BOUND ( 'NONE', #4553, .T. ) ;
#3806 = CARTESIAN_POINT ( 'NONE',  ( 2.056993547213643812E-16, 0.7968716081922342376, 0.4406468929026108317 ) ) ;
#3807 = CARTESIAN_POINT ( 'NONE',  ( 0.3643847961433816507, 0.7006488035232759648, 0.4490000000000001212 ) ) ;
#3808 = STYLED_ITEM ( 'NONE', ( #107 ), #160 ) ;
#3809 = CARTESIAN_POINT ( 'NONE',  ( 0.6020084522584147058, 0.7642091207610469672, 0.4500000000000000111 ) ) ;
#3810 =( NAMED_UNIT ( * ) PLANE_ANGLE_UNIT ( ) SI_UNIT ( $, .RADIAN. ) );
#3811 = ADVANCED_FACE ( 'NONE', ( #4939 ), #3802, .T. ) ;
#3812 = SURFACE_STYLE_FILL_AREA ( #4241 ) ;
#3813 = CIRCLE ( 'NONE', #4148, 0.01000000000000002623 ) ;
#3814 = CARTESIAN_POINT ( 'NONE',  ( 0.6076509144432330478, 0.3667671976943596701, 0.4490000000000000657 ) ) ;
#3815 = CARTESIAN_POINT ( 'NONE',  ( 0.3168120025689066810, 0.7039540371222455795, 0.4490000000000058944 ) ) ;
#3816 = FILL_AREA_STYLE ('',( #341 ) ) ;
#3817 = VERTEX_POINT ( 'NONE', #2418 ) ;
#3818 = CARTESIAN_POINT ( 'NONE',  ( 0.7236391279376748198, 0.6567403443645426497, 0.4500000000000001221 ) ) ;
#3819 = EDGE_CURVE ( 'NONE', #5430, #6400, #6722, .T. ) ;
#3820 = CARTESIAN_POINT ( 'NONE',  ( 0.5608742633717238579, 0.7453530439272940677, 0.4490000000000066716 ) ) ;
#3821 = CARTESIAN_POINT ( 'NONE',  ( 0.9180385099237408086, 0.3609663361103305768, 0.4490000000000000102 ) ) ;
#3822 =( GEOMETRIC_REPRESENTATION_CONTEXT ( 3 ) GLOBAL_UNCERTAINTY_ASSIGNED_CONTEXT ( ( #2346 ) ) GLOBAL_UNIT_ASSIGNED_CONTEXT ( ( #972, #3218, #1926 ) ) REPRESENTATION_CONTEXT ( 'NONE', 'WORKASPACE' ) );
#3823 = CARTESIAN_POINT ( 'NONE',  ( 0.8730262601459805039, 0.4253440585231643700, 0.4490000000000088365 ) ) ;
#3824 = CARTESIAN_POINT ( 'NONE',  ( 0.3812390612886013552, 0.7211444401053193065, 0.4490000000000000657 ) ) ;
#3825 = VERTEX_POINT ( 'NONE', #4040 ) ;
#3826 = CARTESIAN_POINT ( 'NONE',  ( 0.3706521769281745371, 0.6887640996020685247, 0.4500000000000001776 ) ) ;
#3827 = DIRECTION ( 'NONE',  ( 0.0000000000000000000, -1.000000000000000000, 0.0000000000000000000 ) ) ;
#3828 = CARTESIAN_POINT ( 'NONE',  ( 0.8437610529886487853, 0.3287005506860131709, 0.4489999999999997327 ) ) ;
#3829 = COLOUR_RGB ( '',1.000000000000000000, 1.000000000000000000, 1.000000000000000000 ) ;
#3830 = LINE ( 'NONE', #2712, #2649 ) ;
#3831 = UNCERTAINTY_MEASURE_WITH_UNIT (LENGTH_MEASURE( 1.000000000000000082E-05 ), #1759, 'distance_accuracy_value', 'NONE');
#3832 = DIRECTION ( 'NONE',  ( -5.236786397082589930E-14, 4.238498524336620153E-13, -1.000000000000000000 ) ) ;
#3833 = CARTESIAN_POINT ( 'NONE',  ( 0.3856565208033442271, 0.7212993600977364306, 0.4500000000000001221 ) ) ;
#3834 = ORIENTED_EDGE ( 'NONE', *, *, #117, .T. ) ;
#3835 = STYLED_ITEM ( 'NONE', ( #3163 ), #1508 ) ;
#3836 = DIRECTION ( 'NONE',  ( 1.000000000000000000, 0.0000000000000000000, 0.0000000000000000000 ) ) ;
#3837 =( NAMED_UNIT ( * ) PLANE_ANGLE_UNIT ( ) SI_UNIT ( $, .RADIAN. ) );
#3838 = CARTESIAN_POINT ( 'NONE',  ( 0.4900000000000002132, 0.8499999999999999778, 2.127960648436400909E-17 ) ) ;
#3839 =( GEOMETRIC_REPRESENTATION_CONTEXT ( 3 ) GLOBAL_UNCERTAINTY_ASSIGNED_CONTEXT ( ( #393 ) ) GLOBAL_UNIT_ASSIGNED_CONTEXT ( ( #2486, #4803, #7000 ) ) REPRESENTATION_CONTEXT ( 'NONE', 'WORKASPACE' ) );
#3840 = CARTESIAN_POINT ( 'NONE',  ( 1.524659305057740610E-17, 0.05895042793126380187, 0.4400000000000000022 ) ) ;
#3841 = CARTESIAN_POINT ( 'NONE',  ( 0.8900000000000001243, 0.04999999999999999584, -0.005000000000000013115 ) ) ;
#3842 = LINE ( 'NONE', #4971, #5732 ) ;
#3843 = DIRECTION ( 'NONE',  ( 1.000000000000000000, -0.0000000000000000000, 0.0000000000000000000 ) ) ;
#3844 = CARTESIAN_POINT ( 'NONE',  ( 0.3196754289821156503, 0.6823375563157275669, 0.4490000000000000102 ) ) ;
#3845 = MECHANICAL_DESIGN_GEOMETRIC_PRESENTATION_REPRESENTATION (  '', ( #7075 ), #1962 ) ;
#3846 = CARTESIAN_POINT ( 'NONE',  ( 0.5101980998486425056, 0.6833446248878595197, 0.4500000000000000666 ) ) ;
#3847 = FACE_OUTER_BOUND ( 'NONE', #5391, .T. ) ;
#3848 = FILL_AREA_STYLE ('',( #1587 ) ) ;
#3849 = CARTESIAN_POINT ( 'NONE',  ( 0.7629663421572716597, 0.1960571176387765346, 0.4499999999999999556 ) ) ;
#3850 = CARTESIAN_POINT ( 'NONE',  ( 0.5868257023039027409, 0.7067883732634460126, 0.4499999999999999001 ) ) ;
#3851 = CARTESIAN_POINT ( 'NONE',  ( 0.6512469984210883522, 0.2991105367753055244, 0.4499999999999989009 ) ) ;
#3852 = PRESENTATION_STYLE_ASSIGNMENT (( #1592 ) ) ;
#3853 = LINE ( 'NONE', #6671, #2252 ) ;
#3854 = B_SPLINE_CURVE_WITH_KNOTS ( 'NONE', 3,
 ( #6230, #2425, #150, #2352, #1811, #4048, #1264, #5728, #2939, #5192, #6841 ),
 .UNSPECIFIED., .F., .F.,
 ( 4, 1, 1, 1, 1, 1, 1, 1, 4 ),
 ( 0.0000000000000000000, 5.349349835431989566E-06, 1.063603263371170123E-05, 1.581504119747746361E-05, 2.115963722811769329E-05, 2.649550695013914111E-05, 3.161086599395493543E-05, 3.670215132415357461E-05, 4.187461177627486140E-05 ),
 .UNSPECIFIED. ) ;
#3855 = FILL_AREA_STYLE_COLOUR ( '', #4295 ) ;
#3856 = CARTESIAN_POINT ( 'NONE',  ( 0.8342653675017279724, 0.2802070622248815090, 0.4489999999999998992 ) ) ;
#3857 = EDGE_CURVE ( 'NONE', #3429, #6411, #6119, .T. ) ;
#3858 = CARTESIAN_POINT ( 'NONE',  ( 0.8196677834280143848, 0.8500000000000000888, 0.4500000000000000666 ) ) ;
#3859 = CARTESIAN_POINT ( 'NONE',  ( 0.9179847627897882445, 0.3632848378137091827, 0.4499999999999999556 ) ) ;
#3860 = DIRECTION ( 'NONE',  ( 0.0000000000000000000, 0.1104315260748466032, -0.9938837346736190126 ) ) ;
#3861 = ORIENTED_EDGE ( 'NONE', *, *, #5721, .F. ) ;
#3862 = EDGE_CURVE ( 'NONE', #1750, #539, #3501, .T. ) ;
#3863 = CARTESIAN_POINT ( 'NONE',  ( 0.6370954898204381767, 0.7212993600977364306, 0.4489999999999984004 ) ) ;
#3864 = FACE_OUTER_BOUND ( 'NONE', #4732, .T. ) ;
#3865 = CARTESIAN_POINT ( 'NONE',  ( 0.3191699953845023585, 0.5217247697082688651, 0.4500000000000001776 ) ) ;
#3866 = CARTESIAN_POINT ( 'NONE',  ( 0.3701929160589207957, 0.7160898182743561380, 0.4500000000000000666 ) ) ;
#3867 = ORIENTED_EDGE ( 'NONE', *, *, #2682, .F. ) ;
#3868 = EDGE_CURVE ( 'NONE', #4248, #4368, #4302, .T. ) ;
#3869 =( NAMED_UNIT ( * ) SI_UNIT ( $, .STERADIAN. ) SOLID_ANGLE_UNIT ( ) );
#3870 = CARTESIAN_POINT ( 'NONE',  ( 0.6424376158999668407, 0.7686695713674800423, 0.4500000000000000666 ) ) ;
#3871 = SURFACE_STYLE_USAGE ( .BOTH. , #997 ) ;
#3872 = SURFACE_STYLE_FILL_AREA ( #4456 ) ;
#3873 = FACE_OUTER_BOUND ( 'NONE', #695, .T. ) ;
#3874 = SURFACE_STYLE_FILL_AREA ( #621 ) ;
#3875 = CARTESIAN_POINT ( 'NONE',  ( 0.3856565208033442826, 0.7212993600977364306, 0.4489999999999791935 ) ) ;
#3876 = CARTESIAN_POINT ( 'NONE',  ( 0.6648750962851461832, 0.7664743542067063986, 0.4500000000000000666 ) ) ;
#3877 = PRESENTATION_LAYER_ASSIGNMENT (  '', '', ( #5040 ) ) ;
#3878 = LINE ( 'NONE', #2184, #2654 ) ;
#3879 = SURFACE_STYLE_USAGE ( .BOTH. , #2735 ) ;
#3880 = CARTESIAN_POINT ( 'NONE',  ( 0.5537074949905437249, 0.6657753715330457789, 0.4490000000000001767 ) ) ;
#3881 = FILL_AREA_STYLE ('',( #2219 ) ) ;
#3882 = PRESENTATION_STYLE_ASSIGNMENT (( #6705 ) ) ;
#3883 = AXIS2_PLACEMENT_3D ( 'NONE', #6140, #2262, #4650 ) ;
#3884 = CARTESIAN_POINT ( 'NONE',  ( 0.7212970569322878500, 0.1589777376861852554, 0.4489999999999999547 ) ) ;
#3885 =( GEOMETRIC_REPRESENTATION_CONTEXT ( 3 ) GLOBAL_UNCERTAINTY_ASSIGNED_CONTEXT ( ( #6244 ) ) GLOBAL_UNIT_ASSIGNED_CONTEXT ( ( #3724, #5874, #327 ) ) REPRESENTATION_CONTEXT ( 'NONE', 'WORKASPACE' ) );
#3886 = CARTESIAN_POINT ( 'NONE',  ( 0.4340615937299925897, 0.6311242493619638738, 0.4500000000000001776 ) ) ;
#3887 = CARTESIAN_POINT ( 'NONE',  ( 0.9179847627897882445, 0.3632848378137091827, 0.4490000000000000102 ) ) ;
#3888 = VERTEX_POINT ( 'NONE', #5075 ) ;
#3889 =( NAMED_UNIT ( * ) PLANE_ANGLE_UNIT ( ) SI_UNIT ( $, .RADIAN. ) );
#3890 = CARTESIAN_POINT ( 'NONE',  ( 0.3590747490569973221, 0.7639803798531722423, 0.4500000000000012879 ) ) ;
#3891 = CARTESIAN_POINT ( 'NONE',  ( 0.5798142021585889205, 0.7014071524627348841, 0.4490000000000007319 ) ) ;
#3892 = VECTOR ( 'NONE', #5099, 1000.000000000000000 ) ;
#3893 = SURFACE_STYLE_FILL_AREA ( #99 ) ;
#3894 = MECHANICAL_DESIGN_GEOMETRIC_PRESENTATION_REPRESENTATION (  '', ( #285 ), #7135 ) ;
#3895 = CARTESIAN_POINT ( 'NONE',  ( 0.3842946584333677973, 0.4906771120643029782, 0.4489999999999989555 ) ) ;
#3896 = B_SPLINE_CURVE_WITH_KNOTS ( 'NONE', 3,
 ( #3202, #6538, #1096, #1026, #3828, #5432, #7151, #493, #4332, #4960, #2165, #6610, #1604, #6073, #1060 ),
 .UNSPECIFIED., .F., .F.,
 ( 4, 1, 1, 1, 1, 1, 1, 1, 1, 1, 1, 1, 4 ),
 ( 0.0000000000000000000, 9.488299645302226170E-06, 1.775072962123801110E-05, 2.477860208910710952E-05, 3.066866151418506221E-05, 3.588942929529716105E-05, 4.083460365763976689E-05, 4.553694873605660716E-05, 5.012441881230297007E-05, 5.461354906035986820E-05, 5.879447574300643818E-05, 6.291331860274803755E-05, 6.695870025550836925E-05 ),
 .UNSPECIFIED. ) ;
#3897 = CARTESIAN_POINT ( 'NONE',  ( 0.6700361116261777106, 0.3398444510504048943, 0.4490000000000472502 ) ) ;
#3898 = ORIENTED_EDGE ( 'NONE', *, *, #1787, .T. ) ;
#3899 = CARTESIAN_POINT ( 'NONE',  ( 0.7653942791545099711, 0.3591112846947322468, 0.4490000000000010094 ) ) ;
#3900 = PLANE ( 'NONE',  #4854 ) ;
#3901 = CARTESIAN_POINT ( 'NONE',  ( 0.7600000000000002309, 0.8000000000000000444, -0.005000000000000013115 ) ) ;
#3902 = CARTESIAN_POINT ( 'NONE',  ( 0.9179282175933884957, 0.3580950648116366097, 0.4500000000000003997 ) ) ;
#3903 = EDGE_CURVE ( 'NONE', #4253, #4248, #5691, .T. ) ;
#3904 = SURFACE_SIDE_STYLE ('',( #3872 ) ) ;
#3905 =( NAMED_UNIT ( * ) PLANE_ANGLE_UNIT ( ) SI_UNIT ( $, .RADIAN. ) );
#3906 = CARTESIAN_POINT ( 'NONE',  ( 2.168404344971008868E-16, 0.8500000000000000888, 0.0000000000000000000 ) ) ;
#3907 = ORIENTED_EDGE ( 'NONE', *, *, #1127, .F. ) ;
#3908 = CARTESIAN_POINT ( 'NONE',  ( 0.7996161541703743492, 0.2387239695157822583, 0.4489999999999998437 ) ) ;
#3909 =( LENGTH_UNIT ( ) NAMED_UNIT ( * ) SI_UNIT ( .MILLI., .METRE. ) );
#3910 = PRESENTATION_LAYER_ASSIGNMENT (  '', '', ( #1213 ) ) ;
#3911 = CARTESIAN_POINT ( 'NONE',  ( 1.250000000000000222, 0.8500000000000000888, 0.0000000000000000000 ) ) ;
#3912 = LINE ( 'NONE', #5527, #4895 ) ;
#3913 = CARTESIAN_POINT ( 'NONE',  ( 0.8343392640603918275, 0.2000298187076381407, 0.4499999999999999556 ) ) ;
#3914 = CARTESIAN_POINT ( 'NONE',  ( 0.3654581498553362007, 0.7661492513971814855, 0.4490000000000058389 ) ) ;
#3915 = CARTESIAN_POINT ( 'NONE',  ( 0.8776648186413937847, 0.2585093094844259087, 0.4500000000000002331 ) ) ;
#3916 = AXIS2_PLACEMENT_3D ( 'NONE', #613, #6650, #5516 ) ;
#3917 = VERTEX_POINT ( 'NONE', #4629 ) ;
#3918 = FILL_AREA_STYLE ('',( #6600 ) ) ;
#3919 = CARTESIAN_POINT ( 'NONE',  ( 0.7242195098240641338, 0.7376884908456790013, 0.4490000000000062275 ) ) ;
#3920 =( NAMED_UNIT ( * ) SI_UNIT ( $, .STERADIAN. ) SOLID_ANGLE_UNIT ( ) );
#3921 = CARTESIAN_POINT ( 'NONE',  ( 0.6462465905788868925, 0.7210435710997979974, 0.4490000000000002323 ) ) ;
#3922 = CARTESIAN_POINT ( 'NONE',  ( 0.8632153853917109432, 0.3758889293665752529, 0.4490000000000006208 ) ) ;
#3923 = CARTESIAN_POINT ( 'NONE',  ( 0.4386579898204382433, 0.6266387364332065557, 0.4500000000000000666 ) ) ;
#3924 = CARTESIAN_POINT ( 'NONE',  ( 0.4659593870232577872, 0.5632798820748439184, 0.4489999999999999547 ) ) ;
#3925 = FILL_AREA_STYLE_COLOUR ( '', #4099 ) ;
#3926 = ORIENTED_EDGE ( 'NONE', *, *, #4530, .F. ) ;
#3927 = CARTESIAN_POINT ( 'NONE',  ( 0.7171706398784485348, 0.5859002477408884468, 0.4499999999999999556 ) ) ;
#3928 = CARTESIAN_POINT ( 'NONE',  ( 0.3530131692988296432, 0.7611468703264794300, 0.4500000000000011768 ) ) ;
#3929 = PLANE ( 'NONE',  #2375 ) ;
#3930 =( GEOMETRIC_REPRESENTATION_CONTEXT ( 3 ) GLOBAL_UNCERTAINTY_ASSIGNED_CONTEXT ( ( #1256 ) ) GLOBAL_UNIT_ASSIGNED_CONTEXT ( ( #6693, #7130, #1618 ) ) REPRESENTATION_CONTEXT ( 'NONE', 'WORKASPACE' ) );
#3931 = CARTESIAN_POINT ( 'NONE',  ( 0.3606849073768320646, 0.4939549711517768338, 0.4500000000000000666 ) ) ;
#3932 = CARTESIAN_POINT ( 'NONE',  ( 0.5449081680433990327, 0.1830404046199459178, 0.4500000000000000666 ) ) ;
#3933 = ORIENTED_EDGE ( 'NONE', *, *, #5648, .F. ) ;
#3934 = CARTESIAN_POINT ( 'NONE',  ( 0.9031648288805536051, 0.2956337427154180908, 0.4499999999999991229 ) ) ;
#3935 = FILL_AREA_STYLE_COLOUR ( '', #3679 ) ;
#3936 = STYLED_ITEM ( 'NONE', ( #4969 ), #1371 ) ;
#3937 = CARTESIAN_POINT ( 'NONE',  ( 0.7600000000000002309, 0.9499999999999999556, -0.005000000000000013115 ) ) ;
#3938 = CARTESIAN_POINT ( 'NONE',  ( 1.240000000000000213, -3.163630385080372033E-16, -2.799948221626849890E-19 ) ) ;
#3939 = CARTESIAN_POINT ( 'NONE',  ( 0.004142135623730973035, 0.04901159058452757983, 0.4411043152607485029 ) ) ;
#3940 = CARTESIAN_POINT ( 'NONE',  ( 0.8704571831291668671, 0.3596678140306925897, 0.4499999999999998446 ) ) ;
#3941 = SURFACE_STYLE_USAGE ( .BOTH. , #6189 ) ;
#3942 = CARTESIAN_POINT ( 'NONE',  ( 0.3426048509273565967, 0.6464364304578334997, 0.4500000000000000111 ) ) ;
#3943 = EDGE_CURVE ( 'NONE', #4379, #3760, #615, .T. ) ;
#3944 = CARTESIAN_POINT ( 'NONE',  ( 0.7745711339906472537, 0.6337124709080392826, 0.4489999999999998992 ) ) ;
#3945 = CARTESIAN_POINT ( 'NONE',  ( 0.6422447900840542179, 0.4302286851386946109, 0.4500000000000000666 ) ) ;
#3946 = CARTESIAN_POINT ( 'NONE',  ( 0.7518259030861340619, 0.2403879940964416539, 0.4500000000000000666 ) ) ;
#3947 = CARTESIAN_POINT ( 'NONE',  ( 0.7996161541703743492, 0.2387239695157822861, 0.4500000000000000111 ) ) ;
#3948 = CARTESIAN_POINT ( 'NONE',  ( 0.3194410077408382787, 0.7213101330025534219, 0.4490000000000061164 ) ) ;
#3949 = SURFACE_SIDE_STYLE ('',( #3786 ) ) ;
#3950 = ORIENTED_EDGE ( 'NONE', *, *, #335, .T. ) ;
#3951 = ADVANCED_FACE ( 'NONE', ( #6869 ), #3386, .T. ) ;
#3952 = CARTESIAN_POINT ( 'NONE',  ( 0.7996161541703743492, 0.2387239695157822861, 0.4499999999999996780 ) ) ;
#3953 = B_SPLINE_CURVE_WITH_KNOTS ( 'NONE', 3,
 ( #6682, #58, #2268, #4520, #5274, #739, #277, #5312, #4659, #4623, #6321, #3622, #6395, #1346, #5209, #6252, #4588, #1939, #6897 ),
 .UNSPECIFIED., .F., .F.,
 ( 4, 1, 1, 1, 1, 1, 1, 1, 1, 1, 1, 1, 1, 1, 1, 1, 4 ),
 ( 0.0000000000000000000, 9.576996789082031813E-06, 1.879915188941164256E-05, 2.784916643043480964E-05, 3.672321912179995611E-05, 4.554820250005027537E-05, 5.439387981856758206E-05, 6.341654737138944294E-05, 7.261373136203350684E-05, 8.176779322064334904E-05, 9.065149861902247808E-05, 9.938798591881284697E-05, 0.0001080421717960777637, 0.0001166639461169722875, 0.0001253624185874665381, 0.0001342668418727068738, 0.0001434700809840850591 ),
 .UNSPECIFIED. ) ;
#3954 = CARTESIAN_POINT ( 'NONE',  ( 0.7692618001788206206, 0.6703094094546532267, 0.4490000000000061164 ) ) ;
#3955 = CARTESIAN_POINT ( 'NONE',  ( 0.8128835953938263748, 0.3591112846947322468, 0.4489999999999999547 ) ) ;
#3956 = STYLED_ITEM ( 'NONE', ( #3730 ), #2440 ) ;
#3957 = PLANE ( 'NONE',  #110 ) ;
#3958 = DIRECTION ( 'NONE',  ( 0.0000000000000000000, 0.0000000000000000000, 1.000000000000000000 ) ) ;
#3959 = SURFACE_STYLE_USAGE ( .BOTH. , #5607 ) ;
#3960 = CARTESIAN_POINT ( 'NONE',  ( 0.4492011101601591228, 0.5173105109569351434, 0.4499999999999999001 ) ) ;
#3961 = ORIENTED_EDGE ( 'NONE', *, *, #3237, .T. ) ;
#3962 = SURFACE_SIDE_STYLE ('',( #3340 ) ) ;
#3963 = ORIENTED_EDGE ( 'NONE', *, *, #3404, .T. ) ;
#3964 =( LENGTH_UNIT ( ) NAMED_UNIT ( * ) SI_UNIT ( .MILLI., .METRE. ) );
#3965 = DIRECTION ( 'NONE',  ( -0.0000000000000000000, 0.0000000000000000000, 1.000000000000000000 ) ) ;
#3966 = CARTESIAN_POINT ( 'NONE',  ( 0.3149140035324420883, 0.5273508926800406504, 0.4489999999999987335 ) ) ;
#3967 = B_SPLINE_CURVE_WITH_KNOTS ( 'NONE', 3,
 ( #2744, #7178, #3921, #2778, #5535, #1197, #5129, #4474, #6208, #3440, #2295, #1162, #90, #5674, #669, #5020, #126, #525, #2326 ),
 .UNSPECIFIED., .F., .F.,
 ( 4, 1, 1, 1, 1, 1, 1, 1, 1, 1, 1, 1, 1, 1, 1, 1, 4 ),
 ( 0.0000000000000000000, 9.326007319320991736E-06, 1.840483025039097494E-05, 2.723506838360563841E-05, 3.599048438366806948E-05, 4.475620790237544000E-05, 5.358141266386901247E-05, 6.259797681579147230E-05, 7.187976983173313108E-05, 8.116835500685786050E-05, 9.023833256744088376E-05, 9.914517833453268827E-05, 0.0001079853124763300660, 0.0001168746001736175433, 0.0001259002208519014615, 0.0001351382085816346364, 0.0001446781597027050530 ),
 .UNSPECIFIED. ) ;
#3968 = FILL_AREA_STYLE ('',( #5514 ) ) ;
#3969 = CARTESIAN_POINT ( 'NONE',  ( 0.5391512177199454525, 0.5317172529240469236, 0.4499999999999994005 ) ) ;
#3970 = ORIENTED_EDGE ( 'NONE', *, *, #3542, .F. ) ;
#3971 = CARTESIAN_POINT ( 'NONE',  ( 0.01000000000000021705, 0.8500000000000000888, 0.4399999999999999467 ) ) ;
#3972 = CARTESIAN_POINT ( 'NONE',  ( 0.004142135623730972167, 0.05359417979625352019, 0.4500000000000000111 ) ) ;
#3973 = SURFACE_STYLE_FILL_AREA ( #4943 ) ;
#3974 = ORIENTED_EDGE ( 'NONE', *, *, #5275, .T. ) ;
#3975 = CARTESIAN_POINT ( 'NONE',  ( 0.3800627603113274078, 0.6116796389586545146, 0.4490000000000000102 ) ) ;
#3976 = CARTESIAN_POINT ( 'NONE',  ( 0.7520833917449418760, 0.7068011428967098109, 0.4489999999999999547 ) ) ;
#3977 = ADVANCED_FACE ( 'NONE', ( #4441 ), #668, .T. ) ;
#3978 = CARTESIAN_POINT ( 'NONE',  ( 0.3679737316027456573, 0.6922888090640991754, 0.4490000000000000102 ) ) ;
#3979 = CARTESIAN_POINT ( 'NONE',  ( 0.7564474798783690224, 0.2122595783576748385, 0.4500000000000000666 ) ) ;
#3980 =( LENGTH_UNIT ( ) NAMED_UNIT ( * ) SI_UNIT ( .MILLI., .METRE. ) );
#3981 = EDGE_CURVE ( 'NONE', #2203, #3607, #2848, .T. ) ;
#3982 = CARTESIAN_POINT ( 'NONE',  ( 0.8841175697528007582, 0.2383209368047749799, 0.4500000000000001221 ) ) ;
#3983 = CARTESIAN_POINT ( 'NONE',  ( 0.09000000000000023259, -0.09999999999999993616, 0.1650000000000000078 ) ) ;
#3984 = ORIENTED_EDGE ( 'NONE', *, *, #3500, .T. ) ;
#3985 = CARTESIAN_POINT ( 'NONE',  ( 0.7950398674913784491, 0.7620044883028647131, 0.4489999999999999547 ) ) ;
#3986 = VECTOR ( 'NONE', #4609, 1000.000000000000000 ) ;
#3987 =( NAMED_UNIT ( * ) SI_UNIT ( $, .STERADIAN. ) SOLID_ANGLE_UNIT ( ) );
#3988 = DIRECTION ( 'NONE',  ( 0.8930733842936231515, -0.4499110248330601691, 0.0000000000000000000 ) ) ;
#3989 = UNCERTAINTY_MEASURE_WITH_UNIT (LENGTH_MEASURE( 1.000000000000000082E-05 ), #5092, 'distance_accuracy_value', 'NONE');
#3990 = CARTESIAN_POINT ( 'NONE',  ( 0.5449081680433990327, 0.1830404046199459178, 0.4489999999999999547 ) ) ;
#3991 = EDGE_CURVE ( 'NONE', #2291, #7148, #6170, .T. ) ;
#3992 =( GEOMETRIC_REPRESENTATION_CONTEXT ( 3 ) GLOBAL_UNCERTAINTY_ASSIGNED_CONTEXT ( ( #3756 ) ) GLOBAL_UNIT_ASSIGNED_CONTEXT ( ( #4598, #5493, #7102 ) ) REPRESENTATION_CONTEXT ( 'NONE', 'WORKASPACE' ) );
#3993 = CARTESIAN_POINT ( 'NONE',  ( 0.8845194620822005582, 0.3049076078544669111, 0.4490000000000000102 ) ) ;
#3994 = EDGE_LOOP ( 'NONE', ( #5679, #4291, #4181, #1202 ) ) ;
#3995 = VERTEX_POINT ( 'NONE', #634 ) ;
#3996 = CARTESIAN_POINT ( 'NONE',  ( 0.7208104100682093396, 0.5939017185906994012, 0.4489999999999998992 ) ) ;
#3997 = VECTOR ( 'NONE', #2566, 1000.000000000000000 ) ;
#3998 = CARTESIAN_POINT ( 'NONE',  ( 0.4631054103209896744, 0.5430221413722238211, 0.4499999999999965694 ) ) ;
#3999 = CARTESIAN_POINT ( 'NONE',  ( 0.5600583656941947597, 0.5136831169006520481, 0.4499999999999994005 ) ) ;
#4000 = VERTEX_POINT ( 'NONE', #1712 ) ;
#4001 = STYLED_ITEM ( 'NONE', ( #1350 ), #5786 ) ;
#4002 = ORIENTED_EDGE ( 'NONE', *, *, #1017, .T. ) ;
#4003 = SURFACE_SIDE_STYLE ('',( #2275 ) ) ;
#4004 = CARTESIAN_POINT ( 'NONE',  ( 0.4626452487648866629, 0.5896831716648001098, 0.4500000000000005107 ) ) ;
#4005 =( GEOMETRIC_REPRESENTATION_CONTEXT ( 3 ) GLOBAL_UNCERTAINTY_ASSIGNED_CONTEXT ( ( #5165 ) ) GLOBAL_UNIT_ASSIGNED_CONTEXT ( ( #3909, #3810, #554 ) ) REPRESENTATION_CONTEXT ( 'NONE', 'WORKASPACE' ) );
#4006 = CARTESIAN_POINT ( 'NONE',  ( 0.3861865354935152816, 0.7687886763370526122, 0.4489999999999969016 ) ) ;
#4007 = CARTESIAN_POINT ( 'NONE',  ( 0.5560283159676523423, 0.3658073687014982145, 0.4490000000000074487 ) ) ;
#4008 = CARTESIAN_POINT ( 'NONE',  ( 0.3705137378718256214, 0.5428110117273410307, 0.4489999999999999547 ) ) ;
#4009 = AXIS2_PLACEMENT_3D ( 'NONE', #273, #4688, #6854 ) ;
#4010 = CARTESIAN_POINT ( 'NONE',  ( 0.6429649063099086570, 0.3825018242243091726, 0.4500000000000000111 ) ) ;
#4011 = ORIENTED_EDGE ( 'NONE', *, *, #3767, .F. ) ;
#4012 = CARTESIAN_POINT ( 'NONE',  ( 0.8342653675017278614, 0.2802070622248815090, 0.4490000000000000657 ) ) ;
#4013 = CARTESIAN_POINT ( 'NONE',  ( 0.6901258815826423199, 0.7588412652339595610, 0.4500000000000000666 ) ) ;
#4014 =( LENGTH_UNIT ( ) NAMED_UNIT ( * ) SI_UNIT ( .MILLI., .METRE. ) );
#4015 = CARTESIAN_POINT ( 'NONE',  ( 0.5021314550143107791, 0.6024708871356283524, 0.4500000000000000666 ) ) ;
#4016 = FILL_AREA_STYLE_COLOUR ( '', #1821 ) ;
#4017 = CARTESIAN_POINT ( 'NONE',  ( 0.4308577452655888984, 0.6341228229858453247, 0.4490000000000001212 ) ) ;
#4018 = CARTESIAN_POINT ( 'NONE',  ( 0.9186855998102992915, 0.2802901583740102232, 0.4499999999999999556 ) ) ;
#4019 =( LENGTH_UNIT ( ) NAMED_UNIT ( * ) SI_UNIT ( .MILLI., .METRE. ) );
#4020 = ORIENTED_EDGE ( 'NONE', *, *, #1298, .F. ) ;
#4021 = CARTESIAN_POINT ( 'NONE',  ( 0.5994160854991291698, 0.3406304970925215225, 0.4490000000000130553 ) ) ;
#4022 = CARTESIAN_POINT ( 'NONE',  ( 0.7746873033888143079, 0.6289177996009415184, 0.4494999999999961804 ) ) ;
#4023 = ADVANCED_FACE ( 'NONE', ( #5568 ), #6066, .F. ) ;
#4024 = CARTESIAN_POINT ( 'NONE',  ( 0.8425291837306945197, 0.4974211549695313206, 0.4489999999999999547 ) ) ;
#4025 = VECTOR ( 'NONE', #3958, 1000.000000000000000 ) ;
#4026 = CARTESIAN_POINT ( 'NONE',  ( 0.4184230917346707379, 0.5615731577264375662, 0.4489999999999999547 ) ) ;
#4027 = CARTESIAN_POINT ( 'NONE',  ( 0.9284599990146107373, 0.2606879160112522964, 0.4489999999999998992 ) ) ;
#4028 = ORIENTED_EDGE ( 'NONE', *, *, #5902, .T. ) ;
#4029 = EDGE_CURVE ( 'NONE', #6894, #5258, #1373, .T. ) ;
#4030 = VERTEX_POINT ( 'NONE', #6313 ) ;
#4031 = FILL_AREA_STYLE_COLOUR ( '', #4343 ) ;
#4032 = CARTESIAN_POINT ( 'NONE',  ( 0.9151899346166778582, 0.3810908793263166894, 0.4499999999999961808 ) ) ;
#4033 = STYLED_ITEM ( 'NONE', ( #4264 ), #690 ) ;
#4034 = EDGE_CURVE ( 'NONE', #2884, #5072, #2724, .T. ) ;
#4035 = PRESENTATION_STYLE_ASSIGNMENT (( #1797 ) ) ;
#4036 = ORIENTED_EDGE ( 'NONE', *, *, #3457, .T. ) ;
#4037 = CARTESIAN_POINT ( 'NONE',  ( 0.7236391279376748198, 0.6567403443645426497, 0.4499999999999995670 ) ) ;
#4038 = CARTESIAN_POINT ( 'NONE',  ( 0.6422447900840542179, 0.4302286851386946109, 0.4500000000000001776 ) ) ;
#4039 = CARTESIAN_POINT ( 'NONE',  ( 0.8495156539723812683, 0.3305919223065551527, 0.4499999999999997891 ) ) ;
#4040 = CARTESIAN_POINT ( 'NONE',  ( 0.6385087623275870206, 0.4303452590537065747, 0.4489999999999430003 ) ) ;
#4041 = AXIS2_PLACEMENT_3D ( 'NONE', #6017, #2764, #2693 ) ;
#4042 = UNCERTAINTY_MEASURE_WITH_UNIT (LENGTH_MEASURE( 1.000000000000000082E-05 ), #4019, 'distance_accuracy_value', 'NONE');
#4043 =( NAMED_UNIT ( * ) PLANE_ANGLE_UNIT ( ) SI_UNIT ( $, .RADIAN. ) );
#4044 = CARTESIAN_POINT ( 'NONE',  ( 0.8826335286203220720, 0.3055267995184502428, 0.4489999999999999547 ) ) ;
#4045 = CARTESIAN_POINT ( 'NONE',  ( 0.3883065942541989446, 0.5381262831746594921, 0.4489999999999999547 ) ) ;
#4046 = CARTESIAN_POINT ( 'NONE',  ( 0.8438364532998092749, 0.3828559428143903376, 0.4489999999999995106 ) ) ;
#4047 = EDGE_LOOP ( 'NONE', ( #5748, #3486, #6614, #3670 ) ) ;
#4048 = CARTESIAN_POINT ( 'NONE',  ( 0.8245751200994463348, 0.3763255311933852432, 0.4500000000000001776 ) ) ;
#4049 = FACE_OUTER_BOUND ( 'NONE', #2462, .T. ) ;
#4050 =( GEOMETRIC_REPRESENTATION_CONTEXT ( 3 ) GLOBAL_UNCERTAINTY_ASSIGNED_CONTEXT ( ( #4704 ) ) GLOBAL_UNIT_ASSIGNED_CONTEXT ( ( #3980, #6097, #3473 ) ) REPRESENTATION_CONTEXT ( 'NONE', 'WORKASPACE' ) );
#4051 =( NAMED_UNIT ( * ) SI_UNIT ( $, .STERADIAN. ) SOLID_ANGLE_UNIT ( ) );
#4052 = CARTESIAN_POINT ( 'NONE',  ( 0.9314734788678196153, 0.2437923196620280231, 0.4490000000000000102 ) ) ;
#4053 = CARTESIAN_POINT ( 'NONE',  ( 0.3167546110811221283, 0.7016888165614115769, 0.4489999999999999547 ) ) ;
#4054 = SURFACE_STYLE_FILL_AREA ( #4818 ) ;
#4055 = STYLED_ITEM ( 'NONE', ( #4035 ), #1655 ) ;
#4056 = CARTESIAN_POINT ( 'NONE',  ( 0.6185099852934374809, 0.3779176004410791379, 0.4490000000000129998 ) ) ;
#4057 = LINE ( 'NONE', #4649, #5183 ) ;
#4058 = UNCERTAINTY_MEASURE_WITH_UNIT (LENGTH_MEASURE( 1.000000000000000082E-05 ), #6340, 'distance_accuracy_value', 'NONE');
#4059 = SURFACE_STYLE_USAGE ( .BOTH. , #2958 ) ;
#4060 = CARTESIAN_POINT ( 'NONE',  ( 0.9314734788678196153, 0.2437923196620279953, 0.4490000000000000657 ) ) ;
#4061 = ORIENTED_EDGE ( 'NONE', *, *, #4212, .T. ) ;
#4062 = VERTEX_POINT ( 'NONE', #3585 ) ;
#4063 = DIRECTION ( 'NONE',  ( 0.0000000000000000000, 1.000000000000000000, -0.0000000000000000000 ) ) ;
#4064 = CARTESIAN_POINT ( 'NONE',  ( 0.6071105897109853045, 0.5431129260735960695, 0.4490000000000001212 ) ) ;
#4065 = STYLED_ITEM ( 'NONE', ( #1746 ), #2102 ) ;
#4066 = EDGE_CURVE ( 'NONE', #2203, #858, #6814, .T. ) ;
#4067 = CARTESIAN_POINT ( 'NONE',  ( 0.6045670560248184167, 0.4241224705019307484, 0.4489999999999998437 ) ) ;
#4068 = LINE ( 'NONE', #242, #6445 ) ;
#4069 = CARTESIAN_POINT ( 'NONE',  ( 0.5474170042435151373, 0.6291828069460272399, 0.4494999999999998996 ) ) ;
#4070 = EDGE_CURVE ( 'NONE', #3307, #4000, #1857, .T. ) ;
#4071 =( NAMED_UNIT ( * ) SI_UNIT ( $, .STERADIAN. ) SOLID_ANGLE_UNIT ( ) );
#4072 = VERTEX_POINT ( 'NONE', #4726 ) ;
#4073 = VERTEX_POINT ( 'NONE', #198 ) ;
#4074 = CARTESIAN_POINT ( 'NONE',  ( 0.3856565208033442826, 0.7212993600977364306, 0.4489999999999791935 ) ) ;
#4075 = CARTESIAN_POINT ( 'NONE',  ( 0.6495383917921014882, 0.4300011055378271663, 0.4500000000000001221 ) ) ;
#4076 = CARTESIAN_POINT ( 'NONE',  ( 0.8550495181345957318, 0.2012040623607240786, 0.4490000000000000657 ) ) ;
#4077 = CARTESIAN_POINT ( 'NONE',  ( 0.4237115755576176812, 0.6941626079609843902, 0.4489999999999999547 ) ) ;
#4078 = CARTESIAN_POINT ( 'NONE',  ( 0.6294934234495273007, 0.4301746168314807273, 0.4490000000000075042 ) ) ;
#4079 = EDGE_CURVE ( 'NONE', #548, #5975, #3479, .T. ) ;
#4080 = CARTESIAN_POINT ( 'NONE',  ( 0.3649646961217261620, 0.5465950550997595858, 0.4500000000000001221 ) ) ;
#4081 = ORIENTED_EDGE ( 'NONE', *, *, #6206, .T. ) ;
#4082 = ORIENTED_EDGE ( 'NONE', *, *, #72, .F. ) ;
#4083 = CARTESIAN_POINT ( 'NONE',  ( 0.01000000000000022919, 0.7910495720687362731, 0.4399999999999999467 ) ) ;
#4084 = DIRECTION ( 'NONE',  ( 1.000000000000000000, -2.519953399464156897E-16, 2.799948221626842572E-17 ) ) ;
#4085 = DIRECTION ( 'NONE',  ( 0.0000000000000000000, -0.0000000000000000000, 1.000000000000000000 ) ) ;
#4086 = CARTESIAN_POINT ( 'NONE',  ( 0.5095862260473345007, 0.5769157269144631339, 0.4500000000000001221 ) ) ;
#4087 = CARTESIAN_POINT ( 'NONE',  ( 0.9315620838335807452, 0.2398415753997744926, 0.4490000000000000102 ) ) ;
#4088 = CARTESIAN_POINT ( 'NONE',  ( 0.3216301259943905588, 0.7273883955039578408, 0.4499999999999999556 ) ) ;
#4089 = CARTESIAN_POINT ( 'NONE',  ( 0.6550866407571281913, 0.3045927813368830561, 0.4490000000000000102 ) ) ;
#4090 = LINE ( 'NONE', #265, #4357 ) ;
#4091 = SURFACE_STYLE_USAGE ( .BOTH. , #1858 ) ;
#4092 = FACE_OUTER_BOUND ( 'NONE', #7005, .T. ) ;
#4093 = CIRCLE ( 'NONE', #5036, 0.009999999999999996739 ) ;
#4094 = CARTESIAN_POINT ( 'NONE',  ( 0.9375078162093271050, 0.7145151720635484205, 0.4489999999999999547 ) ) ;
#4095 = VERTEX_POINT ( 'NONE', #5236 ) ;
#4096 = PRESENTATION_LAYER_ASSIGNMENT (  '', '', ( #24 ) ) ;
#4097 = ORIENTED_EDGE ( 'NONE', *, *, #2774, .F. ) ;
#4098 = LINE ( 'NONE', #240, #4967 ) ;
#4099 = COLOUR_RGB ( '',0.7921568627450980005, 0.8196078431372548767, 0.9333333333333333481 ) ;
#4100 = CARTESIAN_POINT ( 'NONE',  ( 0.5666828061570733377, 0.3911538942522158058, 0.4489999999999998992 ) ) ;
#4101 = MECHANICAL_DESIGN_GEOMETRIC_PRESENTATION_REPRESENTATION (  '', ( #4941 ), #5746 ) ;
#4102 = CARTESIAN_POINT ( 'NONE',  ( 0.3449513925982160556, 0.5720472233455995426, 0.4494999999999831908 ) ) ;
#4103 = CARTESIAN_POINT ( 'NONE',  ( 0.7083859376020033016, 0.3064047341520544365, 0.4499999999999999001 ) ) ;
#4104 = ORIENTED_EDGE ( 'NONE', *, *, #1595, .T. ) ;
#4105 = CARTESIAN_POINT ( 'NONE',  ( 0.4409938512660595555, 0.6241108340811472033, 0.4490000000000006208 ) ) ;
#4106 =( NAMED_UNIT ( * ) SI_UNIT ( $, .STERADIAN. ) SOLID_ANGLE_UNIT ( ) );
#4107 = AXIS2_PLACEMENT_3D ( 'NONE', #4259, #4373, #6576 ) ;
#4108 = CARTESIAN_POINT ( 'NONE',  ( 0.8588807131728966038, 0.2024273514961398290, 0.4489999999999997882 ) ) ;
#4109 = CARTESIAN_POINT ( 'NONE',  ( 0.8438364532998092749, 0.3828559428143903376, 0.4489999999999999547 ) ) ;
#4110 = EDGE_CURVE ( 'NONE', #6175, #5889, #1897, .T. ) ;
#4111 =( NAMED_UNIT ( * ) SI_UNIT ( $, .STERADIAN. ) SOLID_ANGLE_UNIT ( ) );
#4112 = CARTESIAN_POINT ( 'NONE',  ( 0.9159293631879114050, 0.3441693405309917964, 0.4500000000000000111 ) ) ;
#4113 =( LENGTH_UNIT ( ) NAMED_UNIT ( * ) SI_UNIT ( .MILLI., .METRE. ) );
#4114 = B_SPLINE_CURVE_WITH_KNOTS ( 'NONE', 3,
 ( #3191, #2589, #4284, #913, #3148, #5386, #378, #1488, #3745, #2624, #5423 ),
 .UNSPECIFIED., .F., .F.,
 ( 4, 1, 1, 1, 1, 1, 1, 1, 4 ),
 ( 0.0000000000000000000, 6.069521083212738685E-06, 1.216793985728717811E-05, 1.843201023255965472E-05, 2.508100668449198234E-05, 3.225601653493939008E-05, 4.003450480108032761E-05, 4.854305597209197109E-05, 5.782087302191768236E-05 ),
 .UNSPECIFIED. ) ;
#4115 = LINE ( 'NONE', #254, #6643 ) ;
#4116 = EDGE_LOOP ( 'NONE', ( #1250, #4817, #4664, #6166, #6037, #2853 ) ) ;
#4117 = ORIENTED_EDGE ( 'NONE', *, *, #2959, .T. ) ;
#4118 = CARTESIAN_POINT ( 'NONE',  ( 0.4048449353822213825, 0.5894682629311009947, 0.4489999999999999547 ) ) ;
#4119 = FACE_OUTER_BOUND ( 'NONE', #4518, .T. ) ;
#4120 = STYLED_ITEM ( 'NONE', ( #2909 ), #6203 ) ;
#4121 = CARTESIAN_POINT ( 'NONE',  ( 0.3872724432303784048, 0.7212159374500364262, 0.4490000000000000102 ) ) ;
#4122 = EDGE_CURVE ( 'NONE', #46, #5351, #2916, .T. ) ;
#4123 = MECHANICAL_DESIGN_GEOMETRIC_PRESENTATION_REPRESENTATION (  '', ( #851 ), #5873 ) ;
#4124 = CARTESIAN_POINT ( 'NONE',  ( 0.5219384089992237241, 0.5532587371566837220, 0.4490000000000001212 ) ) ;
#4125 = AXIS2_PLACEMENT_3D ( 'NONE', #2990, #1820, #666 ) ;
#4126 = CARTESIAN_POINT ( 'NONE',  ( 0.9075299340832003736, 0.2922909808955425626, 0.4489999999999998437 ) ) ;
#4127 = DIRECTION ( 'NONE',  ( 1.000000000000000000, 0.0000000000000000000, -0.0000000000000000000 ) ) ;
#4128 = CARTESIAN_POINT ( 'NONE',  ( 0.6418107436705451363, 0.2870350113310099482, 0.4500000000000000111 ) ) ;
#4129 = CARTESIAN_POINT ( 'NONE',  ( 0.3692515313927786647, 0.6905323485969336872, 0.4490000000000000102 ) ) ;
#4130 = CARTESIAN_POINT ( 'NONE',  ( 0.7745711339906472537, 0.6337124709080391716, 0.4490000000000061164 ) ) ;
#4131 = STYLED_ITEM ( 'NONE', ( #1773 ), #3634 ) ;
#4132 = UNCERTAINTY_MEASURE_WITH_UNIT (LENGTH_MEASURE( 1.000000000000000082E-05 ), #3080, 'distance_accuracy_value', 'NONE');
#4133 = CARTESIAN_POINT ( 'NONE',  ( 0.6358056874077153697, 0.3828559428143903931, 0.4500000000000000666 ) ) ;
#4134 = DIRECTION ( 'NONE',  ( -1.000000000000000000, -0.0000000000000000000, 0.0000000000000000000 ) ) ;
#4135 = ORIENTED_EDGE ( 'NONE', *, *, #2316, .F. ) ;
#4136 = CARTESIAN_POINT ( 'NONE',  ( 0.9180385099237406976, 0.3609663361103305212, 0.4500000000000001221 ) ) ;
#4137 = VECTOR ( 'NONE', #3965, 1000.000000000000000 ) ;
#4138 = DIRECTION ( 'NONE',  ( 1.000000000000000000, 0.0000000000000000000, -0.0000000000000000000 ) ) ;
#4139 = CARTESIAN_POINT ( 'NONE',  ( 0.6079681763483488766, 0.3671239774279478341, 0.4490000000000000102 ) ) ;
#4140 = CARTESIAN_POINT ( 'NONE',  ( 0.5554142301404908499, 0.5891209212083522440, 0.4499999999999983458 ) ) ;
#4141 =( NAMED_UNIT ( * ) PLANE_ANGLE_UNIT ( ) SI_UNIT ( $, .RADIAN. ) );
#4142 = ORIENTED_EDGE ( 'NONE', *, *, #1464, .T. ) ;
#4143 =( GEOMETRIC_REPRESENTATION_CONTEXT ( 3 ) GLOBAL_UNCERTAINTY_ASSIGNED_CONTEXT ( ( #5218 ) ) GLOBAL_UNIT_ASSIGNED_CONTEXT ( ( #5654, #5140, #1802 ) ) REPRESENTATION_CONTEXT ( 'NONE', 'WORKASPACE' ) );
#4144 = CARTESIAN_POINT ( 'NONE',  ( 0.8900184999700109234, 0.8500000000000000888, 0.4500000000000000666 ) ) ;
#4145 = LINE ( 'NONE', #2530, #7153 ) ;
#4146 = CARTESIAN_POINT ( 'NONE',  ( 0.8510257831932583894, 0.2003038986382085218, 0.4499999999999999556 ) ) ;
#4147 = CARTESIAN_POINT ( 'NONE',  ( 0.4014845848512333948, 0.5927528368201895326, 0.4500000000000000111 ) ) ;
#4148 = AXIS2_PLACEMENT_3D ( 'NONE', #4982, #4505, #2694 ) ;
#4149 = FILL_AREA_STYLE ('',( #3463 ) ) ;
#4150 =( NAMED_UNIT ( * ) SI_UNIT ( $, .STERADIAN. ) SOLID_ANGLE_UNIT ( ) );
#4151 = ORIENTED_EDGE ( 'NONE', *, *, #5073, .F. ) ;
#4152 = ORIENTED_EDGE ( 'NONE', *, *, #289, .F. ) ;
#4153 = DIRECTION ( 'NONE',  ( 0.0000000000000000000, -0.0000000000000000000, 1.000000000000000000 ) ) ;
#4154 = MECHANICAL_DESIGN_GEOMETRIC_PRESENTATION_REPRESENTATION (  '', ( #4868 ), #6589 ) ;
#4155 = SURFACE_STYLE_USAGE ( .BOTH. , #4860 ) ;
#4156 = CARTESIAN_POINT ( 'NONE',  ( 0.3549509030861340841, 0.4235610710195185091, 0.4489999999999999547 ) ) ;
#4157 = CARTESIAN_POINT ( 'NONE',  ( 0.5151310406828057964, 0.5648313297714642189, 0.4489999999999998992 ) ) ;
#4158 = ADVANCED_FACE ( 'NONE', ( #233 ), #1158, .T. ) ;
#4159 = COLOUR_RGB ( '',1.000000000000000000, 1.000000000000000000, 1.000000000000000000 ) ;
#4160 = CARTESIAN_POINT ( 'NONE',  ( 0.9298874644424909297, 0.2552598326480882140, 0.4489999999999999547 ) ) ;
#4161 = CARTESIAN_POINT ( 'NONE',  ( 0.6380495162627459749, 0.5381262831746594921, 0.4500000000000000666 ) ) ;
#4162 = EDGE_CURVE ( 'NONE', #4879, #2266, #2733, .T. ) ;
#4163 = CARTESIAN_POINT ( 'NONE',  ( 1.250000000000000444, 0.8316666666666664431, 0.1650000000000000078 ) ) ;
#4164 = CARTESIAN_POINT ( 'NONE',  ( 0.8398613431235271154, 0.1521935496519972175, 0.4489999999999042535 ) ) ;
#4165 = MECHANICAL_DESIGN_GEOMETRIC_PRESENTATION_REPRESENTATION (  '', ( #1941 ), #4050 ) ;
#4166 = CARTESIAN_POINT ( 'NONE',  ( 0.3644691791263945935, 0.7072463948482177187, 0.4500000000000006772 ) ) ;
#4167 = CARTESIAN_POINT ( 'NONE',  ( 0.8287048229797335797, 0.3259599677264777839, 0.4500000000000000666 ) ) ;
#4168 = CARTESIAN_POINT ( 'NONE',  ( 0.6608749748575576399, 0.3730427036401168239, 0.4489999999999999547 ) ) ;
#4169 = LINE ( 'NONE', #416, #2153 ) ;
#4170 = LINE ( 'NONE', #4094, #515 ) ;
#4171 = COLOUR_RGB ( '',1.000000000000000000, 1.000000000000000000, 1.000000000000000000 ) ;
#4172 = EDGE_CURVE ( 'NONE', #3917, #3750, #3326, .T. ) ;
#4173 = ORIENTED_EDGE ( 'NONE', *, *, #3991, .F. ) ;
#4174 = ORIENTED_EDGE ( 'NONE', *, *, #2821, .T. ) ;
#4175 = CARTESIAN_POINT ( 'NONE',  ( 0.6380495162627459749, 0.5381262831746594921, 0.4489999999999886304 ) ) ;
#4176 = CARTESIAN_POINT ( 'NONE',  ( 0.09000000000000023259, -0.09999999999999993616, -0.005000000000000013115 ) ) ;
#4177 = CARTESIAN_POINT ( 'NONE',  ( 0.6145203665121119485, 0.5408655028980988710, 0.4500000000000005662 ) ) ;
#4178 = CARTESIAN_POINT ( 'NONE',  ( 0.7592749955675411888, 0.5632781864686681184, 0.4500000000000001776 ) ) ;
#4179 =( LENGTH_UNIT ( ) NAMED_UNIT ( * ) SI_UNIT ( .MILLI., .METRE. ) );
#4180 = VERTEX_POINT ( 'NONE', #3946 ) ;
#4181 = ORIENTED_EDGE ( 'NONE', *, *, #6739, .T. ) ;
#4182 = CARTESIAN_POINT ( 'NONE',  ( 0.8632153853917109432, 0.3758889293665752529, 0.4490000000000000102 ) ) ;
#4183 = LINE ( 'NONE', #1386, #5089 ) ;
#4184 = CARTESIAN_POINT ( 'NONE',  ( 0.5538922937123569312, 0.3561736785241921832, 0.4499999999999942935 ) ) ;
#4185 = B_SPLINE_CURVE_WITH_KNOTS ( 'NONE', 3,
 ( #461, #4994, #3824, #6036, #2633, #6946, #4889, #7080, #4411, #2669, #4328 ),
 .UNSPECIFIED., .F., .F.,
 ( 4, 1, 1, 1, 1, 1, 1, 1, 4 ),
 ( 0.0000000000000000000, 4.544783662882604426E-06, 8.774783196185874460E-06, 1.278310278153482198E-05, 1.679461469306292517E-05, 2.060538585429384572E-05, 2.406684474358915875E-05, 2.740701643826476815E-05, 3.068182315024151134E-05 ),
 .UNSPECIFIED. ) ;
#4186 = MECHANICAL_DESIGN_GEOMETRIC_PRESENTATION_REPRESENTATION (  '', ( #3015 ), #7082 ) ;
#4187 = CARTESIAN_POINT ( 'NONE',  ( 0.4900000000000002132, 0.8000000000000000444, 0.1650000000000000078 ) ) ;
#4188 = CARTESIAN_POINT ( 'NONE',  ( 0.9180385099237406976, 0.3609663361103305212, 0.4489999999999885749 ) ) ;
#4189 = DIRECTION ( 'NONE',  ( 0.0000000000000000000, 1.000000000000000000, 0.0000000000000000000 ) ) ;
#4190 = CARTESIAN_POINT ( 'NONE',  ( 1.250000000000000222, 0.05312839180776570552, 0.4406468929026108317 ) ) ;
#4191 = ORIENTED_EDGE ( 'NONE', *, *, #6999, .T. ) ;
#4192 = ORIENTED_EDGE ( 'NONE', *, *, #5513, .F. ) ;
#4193 = CARTESIAN_POINT ( 'NONE',  ( 0.9313369874584653818, 0.2291195108236951106, 0.4499999999999996225 ) ) ;
#4194 = CARTESIAN_POINT ( 'NONE',  ( 0.7140576496916892779, 0.5130928345423616532, 0.4490000000000086700 ) ) ;
#4195 = DIRECTION ( 'NONE',  ( 1.000000000000000000, 0.0000000000000000000, -0.0000000000000000000 ) ) ;
#4196 =( NAMED_UNIT ( * ) SI_UNIT ( $, .STERADIAN. ) SOLID_ANGLE_UNIT ( ) );
#4197 = CARTESIAN_POINT ( 'NONE',  ( 0.4647283265699463373, 0.5503647750071037903, 0.4490000000000000657 ) ) ;
#4198 = CARTESIAN_POINT ( 'NONE',  ( 0.01000000000000023266, 0.7964058202037463952, 0.4499999999999999556 ) ) ;
#4199 = CARTESIAN_POINT ( 'NONE',  ( 0.3654581498553361452, 0.7661492513971813745, 0.4499999999999999556 ) ) ;
#4200 = APPLICATION_CONTEXT ( 'automotive_design' ) ;
#4201 = CARTESIAN_POINT ( 'NONE',  ( 0.5003099804809207907, 0.6159866469172914361, 0.4490000000000062275 ) ) ;
#4202 = SURFACE_STYLE_FILL_AREA ( #5847 ) ;
#4203 = CARTESIAN_POINT ( 'NONE',  ( 0.3332005073241322002, 0.5078392353954016558, 0.4499999999999996780 ) ) ;
#4204 = CARTESIAN_POINT ( 'NONE',  ( 0.5000482366124848754, 0.6391680694759709347, 0.4500000000000001221 ) ) ;
#4205 = EDGE_CURVE ( 'NONE', #5481, #4000, #78, .T. ) ;
#4206 = UNCERTAINTY_MEASURE_WITH_UNIT (LENGTH_MEASURE( 1.000000000000000082E-05 ), #5485, 'distance_accuracy_value', 'NONE');
#4207 = SURFACE_SIDE_STYLE ('',( #4765 ) ) ;
#4208 = CARTESIAN_POINT ( 'NONE',  ( 0.8841175697528007582, 0.2383209368047749799, 0.4500000000000001221 ) ) ;
#4209 = ORIENTED_EDGE ( 'NONE', *, *, #4526, .T. ) ;
#4210 =( NAMED_UNIT ( * ) SI_UNIT ( $, .STERADIAN. ) SOLID_ANGLE_UNIT ( ) );
#4211 = CARTESIAN_POINT ( 'NONE',  ( 0.7010568520765242395, 0.6947283103712061925, 0.4500000000000000111 ) ) ;
#4212 = EDGE_CURVE ( 'NONE', #3825, #3074, #1672, .T. ) ;
#4213 = PRESENTATION_LAYER_ASSIGNMENT (  '', '', ( #3165 ) ) ;
#4214 = CARTESIAN_POINT ( 'NONE',  ( 0.5624613445698273262, 0.3832847337107067043, 0.4499999999999995670 ) ) ;
#4215 = SURFACE_STYLE_USAGE ( .BOTH. , #740 ) ;
#4216 = SURFACE_STYLE_USAGE ( .BOTH. , #1907 ) ;
#4217 = ORIENTED_EDGE ( 'NONE', *, *, #4029, .F. ) ;
#4218 = VERTEX_POINT ( 'NONE', #39 ) ;
#4219 = CARTESIAN_POINT ( 'NONE',  ( 0.3808429231349365618, 0.6785890287349009009, 0.4499999999999999556 ) ) ;
#4220 =( GEOMETRIC_REPRESENTATION_CONTEXT ( 3 ) GLOBAL_UNCERTAINTY_ASSIGNED_CONTEXT ( ( #3104 ) ) GLOBAL_UNIT_ASSIGNED_CONTEXT ( ( #786, #3570, #4150 ) ) REPRESENTATION_CONTEXT ( 'NONE', 'WORKASPACE' ) );
#4221 = CARTESIAN_POINT ( 'NONE',  ( 0.8688828426401395966, 0.3678417282258457655, 0.4489999999999998992 ) ) ;
#4222 = CARTESIAN_POINT ( 'NONE',  ( 0.7600000000000002309, 0.8000000000000000444, -0.005000000000000013115 ) ) ;
#4223 = CARTESIAN_POINT ( 'NONE',  ( 0.8550495181345957318, 0.2012040623607240786, 0.4500000000000001776 ) ) ;
#4224 = AXIS2_PLACEMENT_3D ( 'NONE', #3765, #2540, #5979 ) ;
#4225 = CARTESIAN_POINT ( 'NONE',  ( 0.4052913307953756039, 0.5422066219314348734, 0.4489999999999998992 ) ) ;
#4226 = FILL_AREA_STYLE_COLOUR ( '', #6599 ) ;
#4227 = PLANE ( 'NONE',  #3461 ) ;
#4228 = MECHANICAL_DESIGN_GEOMETRIC_PRESENTATION_REPRESENTATION (  '', ( #3768 ), #1640 ) ;
#4229 = ORIENTED_EDGE ( 'NONE', *, *, #4614, .T. ) ;
#4230 = CARTESIAN_POINT ( 'NONE',  ( 0.8441544621139117632, 0.4303452590537065747, 0.4500000000000000666 ) ) ;
#4231 = CARTESIAN_POINT ( 'NONE',  ( 0.5991816723169032244, 0.3353666265750742115, 0.4495000000000048401 ) ) ;
#4232 =( NAMED_UNIT ( * ) PLANE_ANGLE_UNIT ( ) SI_UNIT ( $, .RADIAN. ) );
#4233 = FILL_AREA_STYLE_COLOUR ( '', #4549 ) ;
#4234 = DIRECTION ( 'NONE',  ( -1.000000000000000000, 0.0000000000000000000, -0.0000000000000000000 ) ) ;
#4235 = FILL_AREA_STYLE ('',( #4347 ) ) ;
#4236 = DIRECTION ( 'NONE',  ( -1.000000000000000000, 0.0000000000000000000, 0.0000000000000000000 ) ) ;
#4237 = CARTESIAN_POINT ( 'NONE',  ( 0.7520740946920952963, 0.2370785646264057522, 0.4489999999999996216 ) ) ;
#4238 = LINE ( 'NONE', #3774, #6903 ) ;
#4239 = VECTOR ( 'NONE', #2594, 1000.000000000000000 ) ;
#4240 = CARTESIAN_POINT ( 'NONE',  ( 0.5534529269811031549, 0.7401114113219193769, 0.4500000000000000111 ) ) ;
#4241 = FILL_AREA_STYLE ('',( #3700 ) ) ;
#4242 = PRESENTATION_LAYER_ASSIGNMENT (  '', '', ( #4831 ) ) ;
#4243 = B_SPLINE_CURVE_WITH_KNOTS ( 'NONE', 3,
 ( #849, #4294, #5901, #5970, #1351, #4741, #6403, #5321, #319, #887, #431 ),
 .UNSPECIFIED., .F., .F.,
 ( 4, 1, 1, 1, 1, 1, 1, 1, 4 ),
 ( 5.421010862427522170E-20, 7.375094251329110756E-06, 1.429042753367471620E-05, 2.103287090694659739E-05, 2.785523804949436907E-05, 3.466261279099380510E-05, 4.131244713835868109E-05, 4.822778042070430856E-05, 5.555422678085693489E-05 ),
 .UNSPECIFIED. ) ;
#4244 = FILL_AREA_STYLE_COLOUR ( '', #4630 ) ;
#4245 = CARTESIAN_POINT ( 'NONE',  ( 0.8834188315098643329, 0.2305530142575045738, 0.4500000000000000111 ) ) ;
#4246 = CARTESIAN_POINT ( 'NONE',  ( 0.5475244800588278116, 0.6255561884167837317, 0.4500000000000000111 ) ) ;
#4247 =( GEOMETRIC_REPRESENTATION_CONTEXT ( 3 ) GLOBAL_UNCERTAINTY_ASSIGNED_CONTEXT ( ( #6389 ) ) GLOBAL_UNIT_ASSIGNED_CONTEXT ( ( #5462, #417, #2001 ) ) REPRESENTATION_CONTEXT ( 'NONE', 'WORKASPACE' ) );
#4248 = VERTEX_POINT ( 'NONE', #2255 ) ;
#4249 = CARTESIAN_POINT ( 'NONE',  ( 0.6462465905788868925, 0.7210435710997981085, 0.4489999999999998992 ) ) ;
#4250 = EDGE_CURVE ( 'NONE', #952, #113, #5663, .T. ) ;
#4251 = DIRECTION ( 'NONE',  ( -0.0000000000000000000, -1.000000000000000000, -0.0000000000000000000 ) ) ;
#4252 = CARTESIAN_POINT ( 'NONE',  ( 0.7109346289365127136, 0.3131002117645452776, 0.4490000000000000102 ) ) ;
#4253 = VERTEX_POINT ( 'NONE', #1153 ) ;
#4254 = ORIENTED_EDGE ( 'NONE', *, *, #419, .F. ) ;
#4255 = EDGE_CURVE ( 'NONE', #385, #2308, #3682, .T. ) ;
#4256 = CARTESIAN_POINT ( 'NONE',  ( 0.8431333627575814393, 0.1522575925277634967, 0.4489999999999995661 ) ) ;
#4257 = CARTESIAN_POINT ( 'NONE',  ( 0.8705491936844246270, 0.3579452523763561600, 0.4500000000000000666 ) ) ;
#4258 = CARTESIAN_POINT ( 'NONE',  ( 0.4900000000000002132, 0.9499999999999999556, -0.005000000000000013115 ) ) ;
#4259 = CARTESIAN_POINT ( 'NONE',  ( 0.8196677834280143848, 0.2810931223015698532, 0.4489999999999999547 ) ) ;
#4260 = VECTOR ( 'NONE', #4263, 1000.000000000000000 ) ;
#4261 = FILL_AREA_STYLE_COLOUR ( '', #1474 ) ;
#4262 = UNCERTAINTY_MEASURE_WITH_UNIT (LENGTH_MEASURE( 1.000000000000000082E-05 ), #4179, 'distance_accuracy_value', 'NONE');
#4263 = DIRECTION ( 'NONE',  ( -0.0000000000000000000, 0.0000000000000000000, 1.000000000000000000 ) ) ;
#4264 = PRESENTATION_STYLE_ASSIGNMENT (( #3125 ) ) ;
#4265 = EDGE_LOOP ( 'NONE', ( #3640, #6047, #884, #1628, #5032, #6764, #2051, #3399 ) ) ;
#4266 = EDGE_CURVE ( 'NONE', #1211, #620, #23, .T. ) ;
#4267 = CARTESIAN_POINT ( 'NONE',  ( 0.8843920805433752586, 0.1617514948902648853, 0.4490000000000001767 ) ) ;
#4268 = PLANE ( 'NONE',  #6579 ) ;
#4269 = CARTESIAN_POINT ( 'NONE',  ( 0.8356179244425298025, 0.4301619919668143166, 0.4489999999999998992 ) ) ;
#4270 = CARTESIAN_POINT ( 'NONE',  ( 0.6345493401366599784, 0.3828115064363111775, 0.4499999999999985123 ) ) ;
#4271 = CARTESIAN_POINT ( 'NONE',  ( 0.3943607643324321677, 0.5383711293744702919, 0.4500000000000001221 ) ) ;
#4272 = CARTESIAN_POINT ( 'NONE',  ( 0.01000000000000002796, 0.04960308924011232190, 0.4464278031610110498 ) ) ;
#4273 = DIRECTION ( 'NONE',  ( -0.0000000000000000000, -0.0000000000000000000, -1.000000000000000000 ) ) ;
#4274 = CARTESIAN_POINT ( 'NONE',  ( 0.7072987420430844052, 0.5711117341669983416, 0.4499999999999994005 ) ) ;
#4275 = CARTESIAN_POINT ( 'NONE',  ( 0.3600000000000003753, -0.09999999999999993616, 0.1650000000000000078 ) ) ;
#4276 = CARTESIAN_POINT ( 'NONE',  ( 0.7722861579850248681, 0.1820039817375624924, 0.4489999999999995661 ) ) ;
#4277 = CARTESIAN_POINT ( 'NONE',  ( 0.3236469948460475310, 0.5166028786717218324, 0.4499999999999996780 ) ) ;
#4278 = CARTESIAN_POINT ( 'NONE',  ( 0.5686331466361549403, 0.7502170604216540362, 0.4500000000000000111 ) ) ;
#4279 = PRESENTATION_LAYER_ASSIGNMENT (  '', '', ( #667 ) ) ;
#4280 = FACE_OUTER_BOUND ( 'NONE', #800, .T. ) ;
#4281 = CARTESIAN_POINT ( 'NONE',  ( 0.6055041060611402459, 0.3631353241441392932, 0.4500000000000000111 ) ) ;
#4282 = PLANE ( 'NONE',  #2683 ) ;
#4283 = MECHANICAL_DESIGN_GEOMETRIC_PRESENTATION_REPRESENTATION (  '', ( #556 ), #6711 ) ;
#4284 = CARTESIAN_POINT ( 'NONE',  ( 0.3822236527810630724, 0.5384326884673167335, 0.4500000000000004552 ) ) ;
#4285 = CARTESIAN_POINT ( 'NONE',  ( 0.6625340714462883973, 0.2377776190614239726, 0.4499999999999969580 ) ) ;
#4286 = SURFACE_STYLE_USAGE ( .BOTH. , #4838 ) ;
#4287 = COLOUR_RGB ( '',1.000000000000000000, 1.000000000000000000, 1.000000000000000000 ) ;
#4288 = CARTESIAN_POINT ( 'NONE',  ( 0.8438364532998092749, 0.3828559428143903376, 0.4489999999999995106 ) ) ;
#4289 = CARTESIAN_POINT ( 'NONE',  ( 0.9168150879384613372, 0.3745818876839499545, 0.4490000000000087810 ) ) ;
#4290 = EDGE_LOOP ( 'NONE', ( #3861, #4576, #6248, #5043, #428, #2135, #3089, #2790, #4801, #1360, #2481, #5134, #315, #3508, #3447, #4412 ) ) ;
#4291 = ORIENTED_EDGE ( 'NONE', *, *, #5862, .T. ) ;
#4292 = FACE_OUTER_BOUND ( 'NONE', #3528, .T. ) ;
#4293 = CARTESIAN_POINT ( 'NONE',  ( 0.8546227947966713590, 0.3813065042755855449, 0.4490000000000001212 ) ) ;
#4294 = CARTESIAN_POINT ( 'NONE',  ( 0.6703236480995278246, 0.3501151711890710949, 0.4490000000000105018 ) ) ;
#4295 = COLOUR_RGB ( '',1.000000000000000000, 1.000000000000000000, 1.000000000000000000 ) ;
#4296 = EDGE_CURVE ( 'NONE', #5242, #875, #1736, .T. ) ;
#4297 = CARTESIAN_POINT ( 'NONE',  ( 0.4592225597990707286, 0.7266525084684629654, 0.4500000000000000111 ) ) ;
#4298 = ADVANCED_FACE ( 'NONE', ( #6194 ), #6593, .F. ) ;
#4299 = DIRECTION ( 'NONE',  ( 0.5146557563433347138, -0.8573969048595114772, 0.0000000000000000000 ) ) ;
#4300 = CARTESIAN_POINT ( 'NONE',  ( 0.3812390612886013552, 0.7211444401053193065, 0.4490000000000000657 ) ) ;
#4301 = ORIENTED_EDGE ( 'NONE', *, *, #894, .T. ) ;
#4302 = B_SPLINE_CURVE_WITH_KNOTS ( 'NONE', 3,
 ( #1324, #5655, #1841, #5182, #4004, #4669, #182, #1728, #1876, #650, #1216 ),
 .UNSPECIFIED., .F., .F.,
 ( 4, 1, 1, 1, 1, 1, 1, 1, 4 ),
 ( 1.084202172485504434E-19, 8.227938192708674433E-06, 1.626745040146615576E-05, 2.404905505835381083E-05, 3.181981073981505315E-05, 3.990692797660724611E-05, 4.861490159995473462E-05, 5.814014313541503550E-05, 6.846727416405865019E-05 ),
 .UNSPECIFIED. ) ;
#4303 = CARTESIAN_POINT ( 'NONE',  ( 0.6702926006019900296, 0.3451281876885403110, 0.4499999999999999556 ) ) ;
#4304 = CARTESIAN_POINT ( 'NONE',  ( 2.566762938421316331E-18, 0.8500000000000000888, 0.0000000000000000000 ) ) ;
#4305 = CARTESIAN_POINT ( 'NONE',  ( 0.6155419848623348011, 0.3756708329161146387, 0.4499999999999986233 ) ) ;
#4306 = AXIS2_PLACEMENT_3D ( 'NONE', #1546, #6415, #1476 ) ;
#4307 = EDGE_CURVE ( 'NONE', #4890, #1327, #4641, .T. ) ;
#4308 =( NAMED_UNIT ( * ) SI_UNIT ( $, .STERADIAN. ) SOLID_ANGLE_UNIT ( ) );
#4309 = FACE_OUTER_BOUND ( 'NONE', #2598, .T. ) ;
#4310 = LINE ( 'NONE', #3096, #4571 ) ;
#4311 = CARTESIAN_POINT ( 'NONE',  ( 0.6801790734182862064, 0.5482843543592654800, 0.4499999999999997891 ) ) ;
#4312 = CARTESIAN_POINT ( 'NONE',  ( 0.7840906411629470218, 0.1702470831701200227, 0.4500000000000006217 ) ) ;
#4313 = CARTESIAN_POINT ( 'NONE',  ( 0.7778951464180026143, 0.1757877114285712195, 0.4489999999999996216 ) ) ;
#4314 = PLANE ( 'NONE',  #5985 ) ;
#4315 = CARTESIAN_POINT ( 'NONE',  ( 0.5338723078033592584, 0.7217243959760597516, 0.4499999999999999001 ) ) ;
#4316 = CARTESIAN_POINT ( 'NONE',  ( 0.5930182015669389628, 0.5495063098653082401, 0.4490000000000000102 ) ) ;
#4317 = CARTESIAN_POINT ( 'NONE',  ( 0.6037290529188498178, 0.3591911867706752970, 0.4499999999999999556 ) ) ;
#4318 = CARTESIAN_POINT ( 'NONE',  ( 0.6278896101003242913, 0.7210523456751634086, 0.4490000000000000657 ) ) ;
#4319 = B_SPLINE_SURFACE_WITH_KNOTS ( 'NONE', 3, 1, ( 
 ( #6980, #2607 ),
 ( #6010, #965 ),
 ( #3642, #4193 ),
 ( #1502, #1989 ),
 ( #3127, #6446 ),
 ( #2538, #3684 ),
 ( #5910, #358 ),
 ( #5946, #895 ),
 ( #5483, #6546 ),
 ( #2570, #472 ),
 ( #3209, #7020 ),
 ( #2025, #3245 ),
 ( #4267, #3761 ),
 ( #4857, #1470 ),
 ( #6483, #5441 ),
 ( #2680, #6950 ),
 ( #4900, #927 ),
 ( #1541, #3167 ),
 ( #6412, #5401 ) ),
 .UNSPECIFIED., .F., .F., .F.,
 ( 4, 1, 1, 1, 1, 1, 1, 1, 1, 1, 1, 1, 1, 1, 1, 1, 4 ),
 ( 2, 2 ),
 ( 0.0000000000000000000, 0.06282116080510019573, 0.1238705348889598684, 0.1835541689801073462, 0.2422662914882135199, 0.3012648873502024038, 0.3608466874955846837, 0.4219486999397614735, 0.4847891908580585496, 0.5480139130193503183, 0.6104128761522057411, 0.6725364471512205178, 0.7348288403150808890, 0.7979472548457978709, 0.8629734910039585927, 0.9300195846043554093, 1.000000000000000000 ),
 ( 0.0000000000000000000, 1.000000000000000000 ),
 .UNSPECIFIED. ) ;
#4320 = EDGE_LOOP ( 'NONE', ( #3107, #639, #3751 ) ) ;
#4321 = ORIENTED_EDGE ( 'NONE', *, *, #2231, .T. ) ;
#4322 = CARTESIAN_POINT ( 'NONE',  ( 0.7271979871494980152, 0.6295538172291467172, 0.4489999999999999547 ) ) ;
#4323 = LINE ( 'NONE', #5930, #217 ) ;
#4324 = CARTESIAN_POINT ( 'NONE',  ( 0.4045780452424467821, 0.6571675825870526566, 0.4500000000000000666 ) ) ;
#4325 = CARTESIAN_POINT ( 'NONE',  ( 0.7692908395220834361, 0.5879429161936720050, 0.4499999999999999556 ) ) ;
#4326 = CARTESIAN_POINT ( 'NONE',  ( 0.9180385099237406976, 0.3609663361103305212, 0.4489999999999885749 ) ) ;
#4327 = ORIENTED_EDGE ( 'NONE', *, *, #108, .F. ) ;
#4328 = CARTESIAN_POINT ( 'NONE',  ( 0.3642439273204383099, 0.7039678797291467616, 0.4489999999999689795 ) ) ;
#4329 = EDGE_LOOP ( 'NONE', ( #1918, #5644, #6320, #6082, #1836, #2119, #655 ) ) ;
#4330 = CARTESIAN_POINT ( 'NONE',  ( 0.6380495162627459749, 0.5381262831746594921, 0.4489999999999999547 ) ) ;
#4331 = CARTESIAN_POINT ( 'NONE',  ( 0.8664617053579825035, 0.3721310834510781484, 0.4500000000000001776 ) ) ;
#4332 = CARTESIAN_POINT ( 'NONE',  ( 0.8620632258701498296, 0.3388166586738849961, 0.4489999999999996216 ) ) ;
#4333 = FILL_AREA_STYLE_COLOUR ( '', #2235 ) ;
#4334 = PRESENTATION_LAYER_ASSIGNMENT (  '', '', ( #6989 ) ) ;
#4335 = CARTESIAN_POINT ( 'NONE',  ( 0.4447576346734009034, 0.7424879227730910580, 0.4489999999999998992 ) ) ;
#4336 = UNCERTAINTY_MEASURE_WITH_UNIT (LENGTH_MEASURE( 1.000000000000000082E-05 ), #4514, 'distance_accuracy_value', 'NONE');
#4337 =( NAMED_UNIT ( * ) PLANE_ANGLE_UNIT ( ) SI_UNIT ( $, .RADIAN. ) );
#4338 = CARTESIAN_POINT ( 'NONE',  ( 0.3656138721646202128, 0.7104391305741044604, 0.4489999999999998437 ) ) ;
#4339 =( GEOMETRIC_REPRESENTATION_CONTEXT ( 3 ) GLOBAL_UNCERTAINTY_ASSIGNED_CONTEXT ( ( #832 ) ) GLOBAL_UNIT_ASSIGNED_CONTEXT ( ( #817, #5539, #3789 ) ) REPRESENTATION_CONTEXT ( 'NONE', 'WORKASPACE' ) );
#4340 = EDGE_LOOP ( 'NONE', ( #3341, #4301 ) ) ;
#4341 = CARTESIAN_POINT ( 'NONE',  ( 0.9298874644424909297, 0.2552598326480882140, 0.4499999999999989564 ) ) ;
#4342 = CARTESIAN_POINT ( 'NONE',  ( 0.7723552007758737181, 0.6570025609362674102, 0.4500000000000000111 ) ) ;
#4343 = COLOUR_RGB ( '',1.000000000000000000, 1.000000000000000000, 1.000000000000000000 ) ;
#4344 = SURFACE_STYLE_FILL_AREA ( #329 ) ;
#4345 = CARTESIAN_POINT ( 'NONE',  ( 0.8273348594486507057, 0.4289301222101792321, 0.4490000000000111680 ) ) ;
#4346 = FACE_OUTER_BOUND ( 'NONE', #6319, .T. ) ;
#4347 = FILL_AREA_STYLE_COLOUR ( '', #4171 ) ;
#4348 = FILL_AREA_STYLE ('',( #5338 ) ) ;
#4349 = CARTESIAN_POINT ( 'NONE',  ( 0.3666643028783553304, 0.6942222449900196102, 0.4500000000000001221 ) ) ;
#4350 = CARTESIAN_POINT ( 'NONE',  ( 0.3283163568263117726, 0.5119707156052474284, 0.4499999999999996225 ) ) ;
#4351 = CARTESIAN_POINT ( 'NONE',  ( 0.5069607172398549189, 0.6749114057774895370, 0.4500000000000000666 ) ) ;
#4352 =( LENGTH_UNIT ( ) NAMED_UNIT ( * ) SI_UNIT ( .MILLI., .METRE. ) );
#4353 = UNCERTAINTY_MEASURE_WITH_UNIT (LENGTH_MEASURE( 1.000000000000000082E-05 ), #1395, 'distance_accuracy_value', 'NONE');
#4354 = CARTESIAN_POINT ( 'NONE',  ( 0.6216589397215321888, 0.3797402999403546309, 0.4490000000000000102 ) ) ;
#4355 = CARTESIAN_POINT ( 'NONE',  ( 0.5671664126385502769, 0.6886781167048271479, 0.4500000000000000666 ) ) ;
#4356 = PRESENTATION_LAYER_ASSIGNMENT (  '', '', ( #2239 ) ) ;
#4357 = VECTOR ( 'NONE', #6851, 1000.000000000000000 ) ;
#4358 = CARTESIAN_POINT ( 'NONE',  ( 0.5477351148489745247, 0.6184486170005846217, 0.4490000000000001767 ) ) ;
#4359 = ORIENTED_EDGE ( 'NONE', *, *, #5159, .F. ) ;
#4360 = CARTESIAN_POINT ( 'NONE',  ( 0.8424584151053647885, 0.1996828658913134547, 0.4494999999999811369 ) ) ;
#4361 = CARTESIAN_POINT ( 'NONE',  ( 0.7010568520765242395, 0.6947283103712061925, 0.4489999999999998992 ) ) ;
#4362 = AXIS2_PLACEMENT_3D ( 'NONE', #7142, #2158, #4403 ) ;
#4363 = PRESENTATION_LAYER_ASSIGNMENT (  '', '', ( #285 ) ) ;
#4364 = DIRECTION ( 'NONE',  ( 0.0000000000000000000, 0.0000000000000000000, 1.000000000000000000 ) ) ;
#4365 = CARTESIAN_POINT ( 'NONE',  ( 0.9128483152016535485, 0.3873688106387151442, 0.4490000000000000102 ) ) ;
#4366 = AXIS2_PLACEMENT_3D ( 'NONE', #5262, #116, #2877 ) ;
#4367 = CARTESIAN_POINT ( 'NONE',  ( 1.250000000000000222, 0.05581281041721007641, 0.4458578643762690641 ) ) ;
#4368 = VERTEX_POINT ( 'NONE', #6378 ) ;
#4369 = CARTESIAN_POINT ( 'NONE',  ( 0.3808429231349365618, 0.6785890287349009009, 0.4489999999999998437 ) ) ;
#4370 = B_SPLINE_CURVE_WITH_KNOTS ( 'NONE', 3,
 ( #3541, #2977, #4639, #3573, #4675, #6375, #2464, #3608, #4118, #6267, #1886, #5838, #3467, #1223, #4608 ),
 .UNSPECIFIED., .F., .F.,
 ( 4, 1, 1, 1, 1, 1, 1, 1, 1, 1, 1, 1, 4 ),
 ( 0.0000000000000000000, 4.564930041748752705E-06, 9.273218359258152561E-06, 1.425155949242451520E-05, 1.963599950048759452E-05, 2.268418808046597778E-05, 2.628569738245018509E-05, 3.048393186711767335E-05, 3.521009886589607089E-05, 4.050539655045298955E-05, 4.637162918276308032E-05, 5.277472305878336587E-05, 5.979218016098827306E-05 ),
 .UNSPECIFIED. ) ;
#4371 =( NAMED_UNIT ( * ) SI_UNIT ( $, .STERADIAN. ) SOLID_ANGLE_UNIT ( ) );
#4372 = CARTESIAN_POINT ( 'NONE',  ( 0.6189273391622498455, 0.7198033044701083183, 0.4490000000000003988 ) ) ;
#4373 = DIRECTION ( 'NONE',  ( 1.000000000000000000, -0.0000000000000000000, 0.0000000000000000000 ) ) ;
#4374 = CARTESIAN_POINT ( 'NONE',  ( 0.4900000000000002132, 0.8000000000000000444, -0.005000000000000013115 ) ) ;
#4375 =( BOUNDED_SURFACE ( )  B_SPLINE_SURFACE ( 3, 3, ( 
 ( #3606, #489, #5292, #4445 ),
 ( #1056, #4367, #6572, #4190 ),
 ( #292, #5871, #7147, #985 ),
 ( #2748, #5470, #2500, #4748 ) ),
 .UNSPECIFIED., .F., .F., .T. ) 
 B_SPLINE_SURFACE_WITH_KNOTS ( ( 4, 4 ),
 ( 4, 4 ),
 ( 0.0000000000000000000, 1.000000000000000000 ),
 ( 0.0000000000000000000, 1.000000000000000000 ),
 .UNSPECIFIED. ) 
 GEOMETRIC_REPRESENTATION_ITEM ( )  RATIONAL_B_SPLINE_SURFACE ( (
 ( 1.000000000000000000, 0.8300853452567542590, 0.8300853452567542590, 1.000000000000000000),
 ( 0.8047378541243637162, 0.6680010994820020365, 0.6680010994820020365, 0.8047378541243637162),
 ( 0.8047378541243637162, 0.6680010994820020365, 0.6680010994820020365, 0.8047378541243637162),
 ( 1.000000000000000000, 0.8300853452567542590, 0.8300853452567542590, 1.000000000000000000) ) ) 
 REPRESENTATION_ITEM ( '' )  SURFACE ( )  );
#4376 = PLANE ( 'NONE',  #3708 ) ;
#4377 = FACE_OUTER_BOUND ( 'NONE', #1809, .T. ) ;
#4378 = ORIENTED_EDGE ( 'NONE', *, *, #1475, .T. ) ;
#4379 = VERTEX_POINT ( 'NONE', #658 ) ;
#4380 = PRESENTATION_STYLE_ASSIGNMENT (( #1102 ) ) ;
#4381 = LINE ( 'NONE', #4937, #2858 ) ;
#4382 =( LENGTH_UNIT ( ) NAMED_UNIT ( * ) SI_UNIT ( .MILLI., .METRE. ) );
#4383 = CARTESIAN_POINT ( 'NONE',  ( 0.3600000000000003753, 0.04999999999999996808, -0.005000000000000013115 ) ) ;
#4384 = B_SPLINE_CURVE_WITH_KNOTS ( 'NONE', 3,
 ( #6574, #429, #885, #317, #6472, #3117, #6002, #3672, #5359, #5899, #350, #3714, #5937, #7045, #4809, #2636, #5320, #4256, #921 ),
 .UNSPECIFIED., .F., .F.,
 ( 4, 1, 1, 1, 1, 1, 1, 1, 1, 1, 1, 1, 1, 1, 1, 1, 4 ),
 ( 0.0000000000000000000, 8.884846222665172645E-06, 1.751910725467426783E-05, 2.596021060446481864E-05, 3.426391230633549814E-05, 4.260813016014477708E-05, 5.103483105482663966E-05, 5.967653677156994386E-05, 6.856411686736034222E-05, 7.750603909029709314E-05, 8.633117356384161379E-05, 9.511735911112072727E-05, 0.0001039274213100631810, 0.0001128543083611271335, 0.0001220510201267120654, 0.0001315334019202936259, 0.0001414307871551435632 ),
 .UNSPECIFIED. ) ;
#4385 = VECTOR ( 'NONE', #3413, 1000.000000000000000 ) ;
#4386 = FACE_OUTER_BOUND ( 'NONE', #2999, .T. ) ;
#4387 = CARTESIAN_POINT ( 'NONE',  ( 0.7856938417880572345, 0.4057525774297749965, 0.4500000000000000666 ) ) ;
#4388 = CARTESIAN_POINT ( 'NONE',  ( 1.250000000000000444, 0.7941871895827908867, 0.4458578643762690086 ) ) ;
#4389 = CARTESIAN_POINT ( 'NONE',  ( 0.4626452487648866629, 0.5896831716648001098, 0.4500000000000001776 ) ) ;
#4390 = PLANE ( 'NONE',  #4041 ) ;
#4391 = MECHANICAL_DESIGN_GEOMETRIC_PRESENTATION_REPRESENTATION (  '', ( #6128 ), #4513 ) ;
#4392 = CARTESIAN_POINT ( 'NONE',  ( 0.7993152193254503546, 0.2403879940964416539, 0.4494999999999906848 ) ) ;
#4393 = CARTESIAN_POINT ( 'NONE',  ( 0.6286822395389578544, 0.7686666966775210774, 0.4500000000000000666 ) ) ;
#4394 = FILL_AREA_STYLE ('',( #2147 ) ) ;
#4395 = EDGE_CURVE ( 'NONE', #5280, #2241, #3024, .T. ) ;
#4396 = CARTESIAN_POINT ( 'NONE',  ( 0.6495383917921014882, 0.4300011055378271663, 0.4490000000000085034 ) ) ;
#4397 = CARTESIAN_POINT ( 'NONE',  ( 0.7979028788144648665, 0.1613475336654539016, 0.4500000000000000111 ) ) ;
#4398 =( NAMED_UNIT ( * ) PLANE_ANGLE_UNIT ( ) SI_UNIT ( $, .RADIAN. ) );
#4399 = ADVANCED_FACE ( 'NONE', ( #5118 ), #6845, .T. ) ;
#4400 = CARTESIAN_POINT ( 'NONE',  ( 0.3179336485781905641, 0.7149785559936955304, 0.4490000000000058944 ) ) ;
#4401 = EDGE_LOOP ( 'NONE', ( #4174, #1361, #2013, #5001 ) ) ;
#4402 = CARTESIAN_POINT ( 'NONE',  ( 1.250000000000000222, 0.01006153904237458430, 0.0000000000000000000 ) ) ;
#4403 = DIRECTION ( 'NONE',  ( 0.0000000000000000000, -0.9938837346736189016, -0.1104315260748466310 ) ) ;
#4404 = AXIS2_PLACEMENT_3D ( 'NONE', #1915, #1881, #2458 ) ;
#4405 =( LENGTH_UNIT ( ) NAMED_UNIT ( * ) SI_UNIT ( .MILLI., .METRE. ) );
#4406 = CARTESIAN_POINT ( 'NONE',  ( 0.8713537815050692581, 0.2653406448499532888, 0.4500000000000001776 ) ) ;
#4407 = EDGE_CURVE ( 'NONE', #5132, #2291, #2354, .T. ) ;
#4408 = CARTESIAN_POINT ( 'NONE',  ( 0.8337086274182157197, 0.3813488222582117060, 0.4489999999999992331 ) ) ;
#4409 = CARTESIAN_POINT ( 'NONE',  ( 0.9018062512858230351, 0.4046769543215032461, 0.4499999999999999001 ) ) ;
#4410 = PRESENTATION_LAYER_ASSIGNMENT (  '', '', ( #4988 ) ) ;
#4411 = CARTESIAN_POINT ( 'NONE',  ( 0.3644691791263945935, 0.7072463948482177187, 0.4489999999999999547 ) ) ;
#4412 = ORIENTED_EDGE ( 'NONE', *, *, #7174, .F. ) ;
#4413 = PLANE ( 'NONE',  #2813 ) ;
#4414 = SURFACE_STYLE_USAGE ( .BOTH. , #2198 ) ;
#4415 = LINE ( 'NONE', #1605, #2499 ) ;
#4416 = CARTESIAN_POINT ( 'NONE',  ( 0.5799599062200107014, 0.5584788472772237444, 0.4494999999999993445 ) ) ;
#4417 = UNCERTAINTY_MEASURE_WITH_UNIT (LENGTH_MEASURE( 1.000000000000000082E-05 ), #1856, 'distance_accuracy_value', 'NONE');
#4418 = CARTESIAN_POINT ( 'NONE',  ( 0.3283163568263117726, 0.5119707156052474284, 0.4489999999999999547 ) ) ;
#4419 = CARTESIAN_POINT ( 'NONE',  ( 0.6704156466758776078, 0.3476629673870399451, 0.4490000000000230473 ) ) ;
#4420 = VERTEX_POINT ( 'NONE', #6806 ) ;
#4421 = CIRCLE ( 'NONE', #5920, 0.009999999999999998473 ) ;
#4422 = LINE ( 'NONE', #6649, #1304 ) ;
#4423 = CARTESIAN_POINT ( 'NONE',  ( 0.7019840185080536976, 0.7530358383880206841, 0.4500000000000001776 ) ) ;
#4424 = CARTESIAN_POINT ( 'NONE',  ( 0.7915018379151846917, 0.4116098869548449612, 0.4490000000000109459 ) ) ;
#4425 = SURFACE_SIDE_STYLE ('',( #4493 ) ) ;
#4426 = AXIS2_PLACEMENT_3D ( 'NONE', #7049, #1498, #959 ) ;
#4427 = CARTESIAN_POINT ( 'NONE',  ( 0.3167546110811221283, 0.7016888165614115769, 0.4489999999999652047 ) ) ;
#4428 = STYLED_ITEM ( 'NONE', ( #2658 ), #2242 ) ;
#4429 = CARTESIAN_POINT ( 'NONE',  ( 0.8439264540532257497, 0.1997080403205863941, 0.4489999999999999547 ) ) ;
#4430 = CARTESIAN_POINT ( 'NONE',  ( 0.7019840185080536976, 0.7530358383880206841, 0.4500000000000001776 ) ) ;
#4431 = SURFACE_SIDE_STYLE ('',( #2285 ) ) ;
#4432 = CARTESIAN_POINT ( 'NONE',  ( 0.7816216069967532043, 0.4012631076988326106, 0.4500000000000001221 ) ) ;
#4433 = LINE ( 'NONE', #2287, #2192 ) ;
#4434 = STYLED_ITEM ( 'NONE', ( #6225 ), #2644 ) ;
#4435 = CARTESIAN_POINT ( 'NONE',  ( 0.9180385099237406976, 0.3609663361103305212, 0.4500000000000001221 ) ) ;
#4436 = CARTESIAN_POINT ( 'NONE',  ( 0.5509093676230965020, 0.6572315382995600475, 0.4489999999999999547 ) ) ;
#4437 = EDGE_LOOP ( 'NONE', ( #57, #4229, #5821, #4142 ) ) ;
#4438 = CARTESIAN_POINT ( 'NONE',  ( 0.7212970569322878500, 0.2030749599084074875, 0.4489999999999999547 ) ) ;
#4439 = CARTESIAN_POINT ( 'NONE',  ( 0.6648750962851461832, 0.7664743542067063986, 0.4490000000000061720 ) ) ;
#4440 = ADVANCED_FACE ( 'NONE', ( #4049 ), #4678, .F. ) ;
#4441 = FACE_OUTER_BOUND ( 'NONE', #2537, .T. ) ;
#4442 = DIRECTION ( 'NONE',  ( 0.0000000000000000000, 1.000000000000000000, 0.0000000000000000000 ) ) ;
#4443 = CARTESIAN_POINT ( 'NONE',  ( 0.8776648186413937847, 0.2585093094844259087, 0.4500000000000001776 ) ) ;
#4444 = FILL_AREA_STYLE ('',( #7183 ) ) ;
#4445 = CARTESIAN_POINT ( 'NONE',  ( 1.250000000000000222, 0.05895042793126350350, 0.4399999999999999467 ) ) ;
#4446 = ORIENTED_EDGE ( 'NONE', *, *, #6438, .F. ) ;
#4447 = CARTESIAN_POINT ( 'NONE',  ( 0.6470786367619755231, 0.5383748836358074330, 0.4489999999999998992 ) ) ;
#4448 = EDGE_CURVE ( 'NONE', #3607, #4935, #2648, .T. ) ;
#4449 = B_SPLINE_SURFACE_WITH_KNOTS ( 'NONE', 3, 1, ( 
 ( #950, #6069 ),
 ( #5608, #6677 ),
 ( #4517, #5538 ),
 ( #4992, #6636 ),
 ( #6710, #3785 ),
 ( #5023, #1055 ),
 ( #5468, #3232 ),
 ( #5999, #984 ),
 ( #1132, #3373 ),
 ( #458, #2667 ),
 ( #4923, #4409 ),
 ( #1636, #7112 ),
 ( #2124, #529 ),
 ( #4365, #5505 ),
 ( #6570, #3339 ),
 ( #602, #2228 ),
 ( #563, #1565 ),
 ( #3887, #3859 ),
 ( #3821, #6034 ) ),
 .UNSPECIFIED., .F., .F., .F.,
 ( 4, 1, 1, 1, 1, 1, 1, 1, 1, 1, 1, 1, 1, 1, 1, 1, 4 ),
 ( 2, 2 ),
 ( 0.0000000000000000000, 0.06821391069664312079, 0.1340948027129812148, 0.1982856151357151320, 0.2611601861891399423, 0.3236346542898934642, 0.3863667501562176310, 0.4496423858959019415, 0.5142449020307919838, 0.5784133384205228934, 0.6403746860373719096, 0.7006148497351880611, 0.7601039771708689718, 0.8192989800104287790, 0.8784659836354112850, 0.9383604016893766220, 1.000000000000000000 ),
 ( 0.0000000000000000000, 1.000000000000000000 ),
 .UNSPECIFIED. ) ;
#4450 = CARTESIAN_POINT ( 'NONE',  ( 0.5722409547152408349, 0.5650236739246543571, 0.4490000000000001767 ) ) ;
#4451 = PRESENTATION_STYLE_ASSIGNMENT (( #2754 ) ) ;
#4452 = ORIENTED_EDGE ( 'NONE', *, *, #3002, .F. ) ;
#4453 = PRESENTATION_STYLE_ASSIGNMENT (( #6582 ) ) ;
#4454 = FACE_OUTER_BOUND ( 'NONE', #471, .T. ) ;
#4455 = COLOUR_RGB ( '',1.000000000000000000, 1.000000000000000000, 1.000000000000000000 ) ;
#4456 = FILL_AREA_STYLE ('',( #5007 ) ) ;
#4457 = DIRECTION ( 'NONE',  ( 0.0000000000000000000, -0.0000000000000000000, 1.000000000000000000 ) ) ;
#4458 =( NAMED_UNIT ( * ) SI_UNIT ( $, .STERADIAN. ) SOLID_ANGLE_UNIT ( ) );
#4459 = CARTESIAN_POINT ( 'NONE',  ( 0.3686430492488570465, 0.6913005286340613287, 0.4489999999999999547 ) ) ;
#4460 = ORIENTED_EDGE ( 'NONE', *, *, #2097, .T. ) ;
#4461 = FILL_AREA_STYLE_COLOUR ( '', #390 ) ;
#4462 = LINE ( 'NONE', #445, #6655 ) ;
#4463 = CARTESIAN_POINT ( 'NONE',  ( 1.250000000000000222, 0.8458323740703015403, 0.0000000000000000000 ) ) ;
#4464 = CARTESIAN_POINT ( 'NONE',  ( 0.7843384554522362384, 0.4042583202859101887, 0.4499999999999999001 ) ) ;
#4465 = STYLED_ITEM ( 'NONE', ( #5195 ), #4440 ) ;
#4466 = CARTESIAN_POINT ( 'NONE',  ( 0.7518259030861340619, 0.2403879940964416539, 0.4500000000000000666 ) ) ;
#4467 = CARTESIAN_POINT ( 'NONE',  ( 0.8064186198209102319, 0.2187111709731531239, 0.4489999999999997327 ) ) ;
#4468 = CARTESIAN_POINT ( 'NONE',  ( 0.5537074949905437249, 0.6657753715330457789, 0.4500000000000001776 ) ) ;
#4469 = CARTESIAN_POINT ( 'NONE',  ( 0.5449081680433990327, 0.1589777376861852554, 0.4489999999999999547 ) ) ;
#4470 = EDGE_LOOP ( 'NONE', ( #2373, #5837, #4192 ) ) ;
#4471 = CARTESIAN_POINT ( 'NONE',  ( 0.8198001330246033058, 0.2051034914807614018, 0.4499999999999998446 ) ) ;
#4472 = CARTESIAN_POINT ( 'NONE',  ( 0.6777459081648955497, 0.7632806897812071112, 0.4490000000000062830 ) ) ;
#4473 = VECTOR ( 'NONE', #5782, 1000.000000000000000 ) ;
#4474 = CARTESIAN_POINT ( 'NONE',  ( 0.6872522516101335910, 0.7063655087495971374, 0.4490000000000003988 ) ) ;
#4475 = CARTESIAN_POINT ( 'NONE',  ( 0.8592596316417661084, 0.3790277639116239605, 0.4490000000000004543 ) ) ;
#4476 = CARTESIAN_POINT ( 'NONE',  ( 0.3943607643324321677, 0.5383711293744702919, 0.4499999999999999556 ) ) ;
#4477 = ORIENTED_EDGE ( 'NONE', *, *, #4834, .T. ) ;
#4478 = CARTESIAN_POINT ( 'NONE',  ( 0.7256881202927237817, 0.6110365654253645529, 0.4499999999999999001 ) ) ;
#4479 = CARTESIAN_POINT ( 'NONE',  ( 0.3472358494932596962, 0.7577312446372790333, 0.4500000000000010103 ) ) ;
#4480 = VECTOR ( 'NONE', #4684, 1000.000000000000114 ) ;
#4481 = DIRECTION ( 'NONE',  ( 0.0000000000000000000, 0.0000000000000000000, 1.000000000000000000 ) ) ;
#4482 = MECHANICAL_DESIGN_GEOMETRIC_PRESENTATION_REPRESENTATION (  '', ( #3302 ), #2593 ) ;
#4483 = EDGE_CURVE ( 'NONE', #377, #3166, #1545, .T. ) ;
#4484 = CARTESIAN_POINT ( 'NONE',  ( 0.5554142301404908499, 0.5891209212083522440, 0.4489999999999998992 ) ) ;
#4485 = CARTESIAN_POINT ( 'NONE',  ( 0.3547475103000922725, 0.4958576717419488911, 0.4500000000000001221 ) ) ;
#4486 = EDGE_CURVE ( 'NONE', #349, #5749, #6651, .T. ) ;
#4487 = SURFACE_STYLE_FILL_AREA ( #2898 ) ;
#4488 = EDGE_LOOP ( 'NONE', ( #1846, #963, #2351, #3449, #4560, #274, #4173, #2324, #2424, #7041, #4535, #1988, #1828 ) ) ;
#4489 = CARTESIAN_POINT ( 'NONE',  ( 0.6382085206697973856, 0.4906369669353431440, 0.4494999999999982898 ) ) ;
#4490 = CARTESIAN_POINT ( 'NONE',  ( 0.7692618001788206206, 0.6703094094546533377, 0.4500000000000000111 ) ) ;
#4491 =( GEOMETRIC_REPRESENTATION_CONTEXT ( 3 ) GLOBAL_UNCERTAINTY_ASSIGNED_CONTEXT ( ( #3554 ) ) GLOBAL_UNIT_ASSIGNED_CONTEXT ( ( #5116, #6269, #6843 ) ) REPRESENTATION_CONTEXT ( 'NONE', 'WORKASPACE' ) );
#4492 = CARTESIAN_POINT ( 'NONE',  ( 0.8046898258158016182, 0.4208945351565296922, 0.4490000000000110014 ) ) ;
#4493 = SURFACE_STYLE_FILL_AREA ( #475 ) ;
#4494 = UNCERTAINTY_MEASURE_WITH_UNIT (LENGTH_MEASURE( 1.000000000000000082E-05 ), #7077, 'distance_accuracy_value', 'NONE');
#4495 = CARTESIAN_POINT ( 'NONE',  ( 0.3562347007726791026, 0.6327748171006672973, 0.4489999999999991775 ) ) ;
#4496 = EDGE_CURVE ( 'NONE', #5310, #3289, #1653, .T. ) ;
#4497 = CARTESIAN_POINT ( 'NONE',  ( 0.8702775980048872428, 0.3630298896958735200, 0.4499999999999998446 ) ) ;
#4498 = CARTESIAN_POINT ( 'NONE',  ( 0.4409938512660595555, 0.6241108340811472033, 0.4490000000000000657 ) ) ;
#4499 = CARTESIAN_POINT ( 'NONE',  ( 0.3834304591046263089, 0.6088302428434628766, 0.4494999999999999551 ) ) ;
#4500 = CARTESIAN_POINT ( 'NONE',  ( 0.7723552007758737181, 0.6570025609362674102, 0.4500000000000000111 ) ) ;
#4501 = CARTESIAN_POINT ( 'NONE',  ( 0.6700341166346834854, 0.4248126023884322144, 0.4499999999999999556 ) ) ;
#4502 = VECTOR ( 'NONE', #5536, 1000.000000000000000 ) ;
#4503 = CARTESIAN_POINT ( 'NONE',  ( 0.6952436512346842346, 0.4076388539504267605, 0.4490000000000085034 ) ) ;
#4504 = CARTESIAN_POINT ( 'NONE',  ( 0.7672730432113925580, 0.1887518972885491308, 0.4500000000000002331 ) ) ;
#4505 = DIRECTION ( 'NONE',  ( 1.000000000000000000, 0.0000000000000000000, 0.0000000000000000000 ) ) ;
#4506 = SURFACE_SIDE_STYLE ('',( #557 ) ) ;
#4507 = CARTESIAN_POINT ( 'NONE',  ( 0.6978940813726478565, 0.2851377157620917924, 0.4499999999999999556 ) ) ;
#4508 = COLOUR_RGB ( '',0.2941176470588235392, 0.2941176470588235392, 0.2941176470588235392 ) ;
#4509 = ORIENTED_EDGE ( 'NONE', *, *, #6565, .T. ) ;
#4510 = CARTESIAN_POINT ( 'NONE',  ( 0.6380495162627459749, 0.5381262831746594921, 0.4489999999999886304 ) ) ;
#4511 = CARTESIAN_POINT ( 'NONE',  ( 0.7133621465603304790, 0.7460289969036232316, 0.4490000000000061164 ) ) ;
#4512 = CARTESIAN_POINT ( 'NONE',  ( 0.8173302825864950938, 0.3686873699070133958, 0.4490000000000000102 ) ) ;
#4513 =( GEOMETRIC_REPRESENTATION_CONTEXT ( 3 ) GLOBAL_UNCERTAINTY_ASSIGNED_CONTEXT ( ( #6440 ) ) GLOBAL_UNIT_ASSIGNED_CONTEXT ( ( #33, #2798, #7129 ) ) REPRESENTATION_CONTEXT ( 'NONE', 'WORKASPACE' ) );
#4514 =( LENGTH_UNIT ( ) NAMED_UNIT ( * ) SI_UNIT ( .MILLI., .METRE. ) );
#4515 =( LENGTH_UNIT ( ) NAMED_UNIT ( * ) SI_UNIT ( .MILLI., .METRE. ) );
#4516 = FILL_AREA_STYLE ('',( #54 ) ) ;
#4517 = CARTESIAN_POINT ( 'NONE',  ( 0.8517598644239526839, 0.4301657104080245930, 0.4489999999999999547 ) ) ;
#4518 = EDGE_LOOP ( 'NONE', ( #1687, #4835, #3019, #1159 ) ) ;
#4519 = CARTESIAN_POINT ( 'NONE',  ( 0.3885898784986456800, 0.6044729246184632476, 0.4499999999999995115 ) ) ;
#4520 = CARTESIAN_POINT ( 'NONE',  ( 0.7256881202927237817, 0.6110365654253645529, 0.4489999999999996771 ) ) ;
#4521 = CARTESIAN_POINT ( 'NONE',  ( 0.3031862350127459416, 0.5469775285005141763, 0.4489999999999418345 ) ) ;
#4522 = STYLED_ITEM ( 'NONE', ( #5933 ), #983 ) ;
#4523 = FACE_OUTER_BOUND ( 'NONE', #3039, .T. ) ;
#4524 = FACE_OUTER_BOUND ( 'NONE', #1383, .T. ) ;
#4525 = ORIENTED_EDGE ( 'NONE', *, *, #2815, .F. ) ;
#4526 = EDGE_CURVE ( 'NONE', #2003, #926, #6983, .T. ) ;
#4527 = CARTESIAN_POINT ( 'NONE',  ( 0.8845194620822005582, 0.3049076078544669111, 0.4499999999999989564 ) ) ;
#4528 = MECHANICAL_DESIGN_GEOMETRIC_PRESENTATION_REPRESENTATION (  '', ( #888 ), #6260 ) ;
#4529 = CARTESIAN_POINT ( 'NONE',  ( 0.5618628169716057830, 0.6814889394846652682, 0.4499999999999979017 ) ) ;
#4530 = EDGE_CURVE ( 'NONE', #3074, #2203, #5780, .T. ) ;
#4531 =( LENGTH_UNIT ( ) NAMED_UNIT ( * ) SI_UNIT ( .MILLI., .METRE. ) );
#4532 = VECTOR ( 'NONE', #443, 1000.000000000000000 ) ;
#4533 = SURFACE_SIDE_STYLE ('',( #6761 ) ) ;
#4534 =( LENGTH_UNIT ( ) NAMED_UNIT ( * ) SI_UNIT ( .MILLI., .METRE. ) );
#4535 = ORIENTED_EDGE ( 'NONE', *, *, #6739, .F. ) ;
#4536 = CARTESIAN_POINT ( 'NONE',  ( 0.8841175697528007582, 0.2383209368047749521, 0.4489999999999383928 ) ) ;
#4537 = CARTESIAN_POINT ( 'NONE',  ( 0.7746873033888143079, 0.6289177996009415184, 0.4489999999999999547 ) ) ;
#4538 = CYLINDRICAL_SURFACE ( 'NONE', #6790, 0.009999999999999996739 ) ;
#4539 = EDGE_CURVE ( 'NONE', #3108, #1222, #5082, .T. ) ;
#4540 = CARTESIAN_POINT ( 'NONE',  ( 0.7657295717875458596, 0.3614851061975176139, 0.4500000000000001221 ) ) ;
#4541 = CARTESIAN_POINT ( 'NONE',  ( 0.8054506259903727594, 0.1579777788689879781, 0.4500000000000001776 ) ) ;
#4542 = CARTESIAN_POINT ( 'NONE',  ( 0.8424584151053646774, 0.1996828658913134547, 0.4500000000000000111 ) ) ;
#4543 = CARTESIAN_POINT ( 'NONE',  ( 0.6931431677245916134, 0.2774984331157782647, 0.4500000000000000111 ) ) ;
#4544 = VECTOR ( 'NONE', #1675, 1000.000000000000000 ) ;
#4545 = EDGE_LOOP ( 'NONE', ( #3410, #3641 ) ) ;
#4546 = LINE ( 'NONE', #765, #5972 ) ;
#4547 = CYLINDRICAL_SURFACE ( 'NONE', #4362, 0.009999999999999948166 ) ;
#4548 = DIRECTION ( 'NONE',  ( -2.817178834852666069E-17, -0.1104315260748466032, -0.9938837346736189016 ) ) ;
#4549 = COLOUR_RGB ( '',0.5607843137254902022, 0.5607843137254902022, 0.5607843137254902022 ) ;
#4550 = CARTESIAN_POINT ( 'NONE',  ( 0.4900000000000002132, 0.8500000000000000888, -4.906582079461848894E-18 ) ) ;
#4551 = CARTESIAN_POINT ( 'NONE',  ( 0.4164613178157194895, 0.5537016110146545378, 0.4500000000000000666 ) ) ;
#4552 = CARTESIAN_POINT ( 'NONE',  ( 0.3865575457766348699, 0.4906369669353432550, 0.4499999999999999001 ) ) ;
#4553 = EDGE_LOOP ( 'NONE', ( #1142, #1191, #3199 ) ) ;
#4554 =( LENGTH_UNIT ( ) NAMED_UNIT ( * ) SI_UNIT ( .MILLI., .METRE. ) );
#4555 = ORIENTED_EDGE ( 'NONE', *, *, #3669, .T. ) ;
#4556 = CARTESIAN_POINT ( 'NONE',  ( 0.7269582759978838737, 0.6201708477116411045, 0.4489999999999998437 ) ) ;
#4557 = FACE_OUTER_BOUND ( 'NONE', #2050, .T. ) ;
#4558 = CARTESIAN_POINT ( 'NONE',  ( 0.4033343614149758061, 0.4918235132963654221, 0.4499999999999964584 ) ) ;
#4559 = CARTESIAN_POINT ( 'NONE',  ( 0.5963819249943782541, 0.4961282791688648719, 0.4499999999999992895 ) ) ;
#4560 = ORIENTED_EDGE ( 'NONE', *, *, #2406, .F. ) ;
#4561 = ORIENTED_EDGE ( 'NONE', *, *, #156, .T. ) ;
#4562 = SURFACE_STYLE_USAGE ( .BOTH. , #6757 ) ;
#4563 = CARTESIAN_POINT ( 'NONE',  ( 0.5942971282504319053, 0.7112412720486408491, 0.4499999999999979017 ) ) ;
#4564 = CARTESIAN_POINT ( 'NONE',  ( 0.3595914480167095029, 0.5514111365555630639, 0.4500000000000000666 ) ) ;
#4565 = B_SPLINE_CURVE_WITH_KNOTS ( 'NONE', 3,
 ( #1996, #6455, #5379, #4828, #2038, #5958, #5414, #412, #2689, #6592, #4501, #1701, #2182, #3945, #3358 ),
 .UNSPECIFIED., .F., .F.,
 ( 4, 1, 1, 1, 1, 1, 1, 1, 1, 1, 1, 1, 4 ),
 ( 0.0000000000000000000, 9.991556299580044937E-06, 2.011249065852804534E-05, 3.046100753009862029E-05, 4.123098623600135703E-05, 5.200292374905938320E-05, 6.236610935728379996E-05, 7.254137576377684695E-05, 8.269214559761131969E-05, 9.286796491756502917E-05, 0.0001031997503621153779, 0.0001138735707184072247, 0.0001250828075920183170 ),
 .UNSPECIFIED. ) ;
#4566 = ORIENTED_EDGE ( 'NONE', *, *, #2313, .T. ) ;
#4567 = EDGE_CURVE ( 'NONE', #6729, #6840, #5005, .T. ) ;
#4568 =( NAMED_UNIT ( * ) SI_UNIT ( $, .STERADIAN. ) SOLID_ANGLE_UNIT ( ) );
#4569 = CARTESIAN_POINT ( 'NONE',  ( 0.7133621465603305900, 0.7460289969036232316, 0.4499999999999999556 ) ) ;
#4570 = CARTESIAN_POINT ( 'NONE',  ( 0.4002908961607563043, 0.7175469472381262870, 0.4500000000000001776 ) ) ;
#4571 = VECTOR ( 'NONE', #3651, 1000.000000000000000 ) ;
#4572 = CARTESIAN_POINT ( 'NONE',  ( 0.6237812041071955083, 0.4909639214788508732, 0.4499999999999999556 ) ) ;
#4573 = CARTESIAN_POINT ( 'NONE',  ( 0.7653942791545099711, 0.3591112846947322468, 0.4489999999999999547 ) ) ;
#4574 = FILL_AREA_STYLE_COLOUR ( '', #5102 ) ;
#4575 = EDGE_CURVE ( 'NONE', #4218, #5281, #578, .T. ) ;
#4576 = ORIENTED_EDGE ( 'NONE', *, *, #2821, .F. ) ;
#4577 =( LENGTH_UNIT ( ) NAMED_UNIT ( * ) SI_UNIT ( .MILLI., .METRE. ) );
#4578 = SURFACE_SIDE_STYLE ('',( #5093 ) ) ;
#4579 = CARTESIAN_POINT ( 'NONE',  ( 0.8196677834280143848, 0.3251903445237920853, 0.4489999999999999547 ) ) ;
#4580 = UNCERTAINTY_MEASURE_WITH_UNIT (LENGTH_MEASURE( 1.000000000000000082E-05 ), #5660, 'distance_accuracy_value', 'NONE');
#4581 = CARTESIAN_POINT ( 'NONE',  ( 0.8688828426401395966, 0.3678417282258457655, 0.4490000000000005098 ) ) ;
#4582 = STYLED_ITEM ( 'NONE', ( #552 ), #5253 ) ;
#4583 = CARTESIAN_POINT ( 'NONE',  ( 0.4098105236799790552, 0.5455499390546274530, 0.4489999999999999547 ) ) ;
#4584 = CARTESIAN_POINT ( 'NONE',  ( 0.9075299340832003736, 0.2922909808955425626, 0.4489999999999998992 ) ) ;
#4585 = ORIENTED_EDGE ( 'NONE', *, *, #1464, .F. ) ;
#4586 = VERTEX_POINT ( 'NONE', #2794 ) ;
#4587 = LINE ( 'NONE', #1864, #6767 ) ;
#4588 = CARTESIAN_POINT ( 'NONE',  ( 0.6470786367619755231, 0.5383748836358074330, 0.4489999999999997882 ) ) ;
#4589 = STYLED_ITEM ( 'NONE', ( #6040 ), #5332 ) ;
#4590 = CARTESIAN_POINT ( 'NONE',  ( 0.3068326193713700745, 0.5399930888242174820, 0.4489999999999987890 ) ) ;
#4591 = CARTESIAN_POINT ( 'NONE',  ( 0.5492171668513514682, 0.6080802833161661480, 0.4499999999999981237 ) ) ;
#4592 = CARTESIAN_POINT ( 'NONE',  ( 0.5715370658063650966, 0.5065514027840389844, 0.4499999999999992895 ) ) ;
#4593 = STYLED_ITEM ( 'NONE', ( #1623 ), #4298 ) ;
#4594 = VECTOR ( 'NONE', #2529, 1000.000000000000000 ) ;
#4595 = VERTEX_POINT ( 'NONE', #5586 ) ;
#4596 = CARTESIAN_POINT ( 'NONE',  ( 0.4646237292664576746, 0.5820624308311258543, 0.4490000000000005653 ) ) ;
#4597 = CARTESIAN_POINT ( 'NONE',  ( 0.09000000000000023259, -0.09999999999999993616, -0.005000000000000013115 ) ) ;
#4598 =( LENGTH_UNIT ( ) NAMED_UNIT ( * ) SI_UNIT ( .MILLI., .METRE. ) );
#4599 = COLOUR_RGB ( '',1.000000000000000000, 1.000000000000000000, 1.000000000000000000 ) ;
#4600 = CARTESIAN_POINT ( 'NONE',  ( 0.8839671145185596934, 0.2426645869787087961, 0.4490000000000000102 ) ) ;
#4601 = CARTESIAN_POINT ( 'NONE',  ( 0.9180385099237406976, 0.3609663361103305212, 0.4500000000000001221 ) ) ;
#4602 = CARTESIAN_POINT ( 'NONE',  ( 0.3595914480167095029, 0.5514111365555630639, 0.4489999999999999547 ) ) ;
#4603 = PRESENTATION_LAYER_ASSIGNMENT (  '', '', ( #5537 ) ) ;
#4604 = DIRECTION ( 'NONE',  ( 0.0000000000000000000, -0.1104315260748466032, -0.9938837346736189016 ) ) ;
#4605 = EDGE_LOOP ( 'NONE', ( #2662, #3782, #4209, #2976 ) ) ;
#4606 = ORIENTED_EDGE ( 'NONE', *, *, #3082, .F. ) ;
#4607 = COLOUR_RGB ( '',1.000000000000000000, 1.000000000000000000, 1.000000000000000000 ) ;
#4608 = CARTESIAN_POINT ( 'NONE',  ( 0.3834304591046263089, 0.6088302428434628766, 0.4489999999999203517 ) ) ;
#4609 = DIRECTION ( 'NONE',  ( 1.000000000000000000, -0.0000000000000000000, 0.0000000000000000000 ) ) ;
#4610 = CARTESIAN_POINT ( 'NONE',  ( 0.5715370658063650966, 0.5065514027840389844, 0.4489999999999999547 ) ) ;
#4611 = CARTESIAN_POINT ( 'NONE',  ( 0.7657295717875458596, 0.3614851061975176139, 0.4490000000000000102 ) ) ;
#4612 = LINE ( 'NONE', #3475, #3275 ) ;
#4613 = ORIENTED_EDGE ( 'NONE', *, *, #2316, .T. ) ;
#4614 = EDGE_CURVE ( 'NONE', #6948, #5935, #2139, .T. ) ;
#4615 = CARTESIAN_POINT ( 'NONE',  ( 0.3235327365263614974, 0.6726692836523764374, 0.4499999999999987343 ) ) ;
#4616 = DIRECTION ( 'NONE',  ( -1.000000000000000000, 0.0000000000000000000, -0.0000000000000000000 ) ) ;
#4617 = EDGE_CURVE ( 'NONE', #2801, #1637, #543, .T. ) ;
#4618 = CARTESIAN_POINT ( 'NONE',  ( 1.159999999999999920, -0.09999999999999999167, -0.005000000000000013115 ) ) ;
#4619 =( NAMED_UNIT ( * ) SI_UNIT ( $, .STERADIAN. ) SOLID_ANGLE_UNIT ( ) );
#4620 = CARTESIAN_POINT ( 'NONE',  ( 0.4537036949702342725, 0.5232130348562052946, 0.4489999999999998992 ) ) ;
#4621 = ORIENTED_EDGE ( 'NONE', *, *, #3819, .F. ) ;
#4622 = ORIENTED_EDGE ( 'NONE', *, *, #382, .T. ) ;
#4623 = CARTESIAN_POINT ( 'NONE',  ( 0.7012325757451521868, 0.5643769210681790494, 0.4490000000000000102 ) ) ;
#4624 = CARTESIAN_POINT ( 'NONE',  ( 0.3862821599516608195, 0.5382282564367192323, 0.4489999999999999547 ) ) ;
#4625 = CARTESIAN_POINT ( 'NONE',  ( 0.4050896699022142333, 0.7145250815302993663, 0.4499999999999997891 ) ) ;
#4626 = VERTEX_POINT ( 'NONE', #503 ) ;
#4627 = CARTESIAN_POINT ( 'NONE',  ( 1.250000000000000444, 0.8499999999999997558, 0.0000000000000000000 ) ) ;
#4628 = CARTESIAN_POINT ( 'NONE',  ( 0.5522982064269944535, 0.3459781109829264678, 0.4499999999999941824 ) ) ;
#4629 = CARTESIAN_POINT ( 'NONE',  ( 1.250000000000000222, 0.8399384609576248106, 0.0000000000000000000 ) ) ;
#4630 = COLOUR_RGB ( '',1.000000000000000000, 1.000000000000000000, 1.000000000000000000 ) ;
#4631 = UNCERTAINTY_MEASURE_WITH_UNIT (LENGTH_MEASURE( 1.000000000000000082E-05 ), #6223, 'distance_accuracy_value', 'NONE');
#4632 = SURFACE_SIDE_STYLE ('',( #784 ) ) ;
#4633 = CARTESIAN_POINT ( 'NONE',  ( 0.5899915143836493847, 0.4162122405584776641, 0.4490000000000072267 ) ) ;
#4634 = CARTESIAN_POINT ( 'NONE',  ( 0.3762653764281002067, 0.5401066718142728540, 0.4489999999999999547 ) ) ;
#4635 = PRESENTATION_STYLE_ASSIGNMENT (( #2386 ) ) ;
#4636 = ORIENTED_EDGE ( 'NONE', *, *, #5947, .F. ) ;
#4637 = ORIENTED_EDGE ( 'NONE', *, *, #2325, .F. ) ;
#4638 = COLOUR_RGB ( '',1.000000000000000000, 1.000000000000000000, 1.000000000000000000 ) ;
#4639 = CARTESIAN_POINT ( 'NONE',  ( 0.4182533386904473405, 0.5677727018506205647, 0.4489999999999999547 ) ) ;
#4640 = SURFACE_STYLE_USAGE ( .BOTH. , #1184 ) ;
#4641 = LINE ( 'NONE', #5154, #3283 ) ;
#4642 = VECTOR ( 'NONE', #436, 1000.000000000000000 ) ;
#4643 = CARTESIAN_POINT ( 'NONE',  ( 0.5219384089992237241, 0.5532587371566837220, 0.4500000000000001776 ) ) ;
#4644 = PLANE ( 'NONE',  #1445 ) ;
#4645 = CARTESIAN_POINT ( 'NONE',  ( 0.9308925276597845855, 0.2496236817218264181, 0.4489999999999998992 ) ) ;
#4646 = FILL_AREA_STYLE ('',( #4574 ) ) ;
#4647 = CARTESIAN_POINT ( 'NONE',  ( 0.6418107436705451363, 0.2870350113310099482, 0.4489999999999999547 ) ) ;
#4648 =( NAMED_UNIT ( * ) SI_UNIT ( $, .STERADIAN. ) SOLID_ANGLE_UNIT ( ) );
#4649 = CARTESIAN_POINT ( 'NONE',  ( 0.5449081680433990327, 0.8500000000000000888, 0.4500000000000000666 ) ) ;
#4650 = DIRECTION ( 'NONE',  ( 0.0000000000000000000, 0.0000000000000000000, -1.000000000000000000 ) ) ;
#4651 = FILL_AREA_STYLE ('',( #2400 ) ) ;
#4652 = UNCERTAINTY_MEASURE_WITH_UNIT (LENGTH_MEASURE( 1.000000000000000082E-05 ), #5919, 'distance_accuracy_value', 'NONE');
#4653 = AXIS2_PLACEMENT_3D ( 'NONE', #3230, #456, #4920 ) ;
#4654 =( NAMED_UNIT ( * ) PLANE_ANGLE_UNIT ( ) SI_UNIT ( $, .RADIAN. ) );
#4655 = CARTESIAN_POINT ( 'NONE',  ( 1.160000000000000142, 0.04999999999999999584, -0.005000000000000013115 ) ) ;
#4656 = ORIENTED_EDGE ( 'NONE', *, *, #5206, .F. ) ;
#4657 = VERTEX_POINT ( 'NONE', #5035 ) ;
#4658 = SURFACE_SIDE_STYLE ('',( #206 ) ) ;
#4659 = CARTESIAN_POINT ( 'NONE',  ( 0.7072987420430844052, 0.5711117341669982306, 0.4489999999999996216 ) ) ;
#4660 = COLOUR_RGB ( '',1.000000000000000000, 1.000000000000000000, 1.000000000000000000 ) ;
#4661 = PLANE ( 'NONE',  #1953 ) ;
#4662 = CARTESIAN_POINT ( 'NONE',  ( 0.3595914480167095029, 0.5514111365555630639, 0.4489999999999999547 ) ) ;
#4663 =( NAMED_UNIT ( * ) SI_UNIT ( $, .STERADIAN. ) SOLID_ANGLE_UNIT ( ) );
#4664 = ORIENTED_EDGE ( 'NONE', *, *, #5989, .F. ) ;
#4665 = ADVANCED_FACE ( 'NONE', ( #4965 ), #5434, .T. ) ;
#4666 = CARTESIAN_POINT ( 'NONE',  ( 0.6637200964576631668, 0.7176766301290350425, 0.4499999999999994005 ) ) ;
#4667 = CARTESIAN_POINT ( 'NONE',  ( 0.7746873033888143079, 0.6289177996009415184, 0.4494999999999961804 ) ) ;
#4668 = CARTESIAN_POINT ( 'NONE',  ( 0.8841175697528007582, 0.2383209368047749799, 0.4500000000000000666 ) ) ;
#4669 = CARTESIAN_POINT ( 'NONE',  ( 0.4598389461743770390, 0.5970584276361374787, 0.4500000000000003997 ) ) ;
#4670 = CARTESIAN_POINT ( 'NONE',  ( 0.4544235309211727136, 0.7323695589475636147, 0.4490000000000067271 ) ) ;
#4671 = CARTESIAN_POINT ( 'NONE',  ( 0.8425291837306945197, 0.7145151720635484205, 0.4489999999999999547 ) ) ;
#4672 = DIRECTION ( 'NONE',  ( 0.0000000000000000000, 0.9938837346736186795, -0.1104315260748478106 ) ) ;
#4673 = ORIENTED_EDGE ( 'NONE', *, *, #5989, .T. ) ;
#4674 = ORIENTED_EDGE ( 'NONE', *, *, #2018, .F. ) ;
#4675 = CARTESIAN_POINT ( 'NONE',  ( 0.4149119802611597185, 0.5768907617758560757, 0.4489999999999998992 ) ) ;
#4676 = LINE ( 'NONE', #6878, #6899 ) ;
#4677 = SURFACE_SIDE_STYLE ('',( #1849 ) ) ;
#4678 = PLANE ( 'NONE',  #5740 ) ;
#4679 = CARTESIAN_POINT ( 'NONE',  ( 0.7679597672373431605, 0.3728762529915798374, 0.4500000000000001776 ) ) ;
#4680 = CARTESIAN_POINT ( 'NONE',  ( 0.9153087687276725282, 0.2846261654083217518, 0.4500000000000001776 ) ) ;
#4681 =( NAMED_UNIT ( * ) PLANE_ANGLE_UNIT ( ) SI_UNIT ( $, .RADIAN. ) );
#4682 = CARTESIAN_POINT ( 'NONE',  ( 0.6467549324357146912, 0.2933161633223050346, 0.4490000000000000657 ) ) ;
#4683 = CARTESIAN_POINT ( 'NONE',  ( 0.8118845584138906224, 0.4243095027007950382, 0.4500000000000005662 ) ) ;
#4684 = DIRECTION ( 'NONE',  ( -0.8930733842936231515, 0.4499110248330601691, 0.0000000000000000000 ) ) ;
#4685 = CARTESIAN_POINT ( 'NONE',  ( 0.3800627603113274078, 0.6116796389586545146, 0.4499999999999989009 ) ) ;
#4686 = CARTESIAN_POINT ( 'NONE',  ( 0.8705491936844247380, 0.3579452523763562155, 0.4490000000000000102 ) ) ;
#4687 = CARTESIAN_POINT ( 'NONE',  ( 0.6651515504901444054, 0.3677453652535627171, 0.4500000000000000666 ) ) ;
#4688 = DIRECTION ( 'NONE',  ( 0.0000000000000000000, -1.000000000000000000, 0.0000000000000000000 ) ) ;
#4689 = ORIENTED_EDGE ( 'NONE', *, *, #1127, .T. ) ;
#4690 = MECHANICAL_DESIGN_GEOMETRIC_PRESENTATION_REPRESENTATION (  '', ( #1754 ), #2336 ) ;
#4691 = EDGE_LOOP ( 'NONE', ( #1422, #6433, #6255, #5259 ) ) ;
#4692 = AXIS2_PLACEMENT_3D ( 'NONE', #6762, #5695, #112 ) ;
#4693 = SURFACE_STYLE_FILL_AREA ( #2444 ) ;
#4694 = FILL_AREA_STYLE ('',( #880 ) ) ;
#4695 = CARTESIAN_POINT ( 'NONE',  ( 2.168404344971008868E-16, 0.7145151720635484205, 0.4500000000000000666 ) ) ;
#4696 = SURFACE_STYLE_FILL_AREA ( #6937 ) ;
#4697 = EDGE_LOOP ( 'NONE', ( #2755, #779, #2966, #2387 ) ) ;
#4698 = CARTESIAN_POINT ( 'NONE',  ( 0.4454841972825843710, 0.6192513180006828932, 0.4490000000000005098 ) ) ;
#4699 = CARTESIAN_POINT ( 'NONE',  ( 0.7154097230649222317, 0.3710029353280774322, 0.4500000000000001221 ) ) ;
#4700 = VECTOR ( 'NONE', #5362, 1000.000000000000000 ) ;
#4701 = CARTESIAN_POINT ( 'NONE',  ( 0.8840612838281711738, 0.2343764110749117224, 0.4490000000000000657 ) ) ;
#4702 = EDGE_CURVE ( 'NONE', #5390, #6972, #4384, .T. ) ;
#4703 = CARTESIAN_POINT ( 'NONE',  ( 0.4184303125955012859, 0.5647057482218649227, 0.4490000000000000102 ) ) ;
#4704 = UNCERTAINTY_MEASURE_WITH_UNIT (LENGTH_MEASURE( 1.000000000000000082E-05 ), #3980, 'distance_accuracy_value', 'NONE');
#4705 = EDGE_CURVE ( 'NONE', #4842, #349, #1875, .T. ) ;
#4706 =( GEOMETRIC_REPRESENTATION_CONTEXT ( 3 ) GLOBAL_UNCERTAINTY_ASSIGNED_CONTEXT ( ( #468 ) ) GLOBAL_UNIT_ASSIGNED_CONTEXT ( ( #4014, #3470, #3511 ) ) REPRESENTATION_CONTEXT ( 'NONE', 'WORKASPACE' ) );
#4707 = COLOUR_RGB ( '',1.000000000000000000, 1.000000000000000000, 1.000000000000000000 ) ;
#4708 = CARTESIAN_POINT ( 'NONE',  ( 0.5538922937123569312, 0.3561736785241921277, 0.4490000000000072267 ) ) ;
#4709 =( NAMED_UNIT ( * ) SI_UNIT ( $, .STERADIAN. ) SOLID_ANGLE_UNIT ( ) );
#4710 = PLANE ( 'NONE',  #4692 ) ;
#4711 = ORIENTED_EDGE ( 'NONE', *, *, #5384, .T. ) ;
#4712 = ORIENTED_EDGE ( 'NONE', *, *, #6956, .F. ) ;
#4713 = CARTESIAN_POINT ( 'NONE',  ( 1.250000000000000222, 0.0000000000000000000, 0.4500000000000000666 ) ) ;
#4714 = PRESENTATION_STYLE_ASSIGNMENT (( #5261 ) ) ;
#4715 = MECHANICAL_DESIGN_GEOMETRIC_PRESENTATION_REPRESENTATION (  '', ( #5905 ), #6214 ) ;
#4716 = SURFACE_STYLE_FILL_AREA ( #404 ) ;
#4717 = DIRECTION ( 'NONE',  ( 0.0000000000000000000, -0.0000000000000000000, 1.000000000000000000 ) ) ;
#4718 = PRESENTATION_LAYER_ASSIGNMENT (  '', '', ( #631 ) ) ;
#4719 = SURFACE_STYLE_FILL_AREA ( #3025 ) ;
#4720 = STYLED_ITEM ( 'NONE', ( #5331 ), #3680 ) ;
#4721 = CARTESIAN_POINT ( 'NONE',  ( 0.8882252367463925324, 0.3036909240068918492, 0.4489999999999998992 ) ) ;
#4722 = CARTESIAN_POINT ( 'NONE',  ( 0.7269582759978838737, 0.6201708477116411045, 0.4499999999999995115 ) ) ;
#4723 = CARTESIAN_POINT ( 'NONE',  ( 0.7564474798783690224, 0.2122595783576748385, 0.4500000000000006772 ) ) ;
#4724 = CARTESIAN_POINT ( 'NONE',  ( 0.9316068859921168288, 0.2378439235836211918, 0.4495000000000000107 ) ) ;
#4725 = CARTESIAN_POINT ( 'NONE',  ( 0.3562347007726790471, 0.6327748171006672973, 0.4499999999999987899 ) ) ;
#4726 = CARTESIAN_POINT ( 'NONE',  ( 0.8705491936844246270, 0.3579452523763562155, 0.4494999999999974016 ) ) ;
#4727 = CARTESIAN_POINT ( 'NONE',  ( 1.483590862527946513E-17, 0.01006153904237490175, 1.355252715606880543E-17 ) ) ;
#4728 = UNCERTAINTY_MEASURE_WITH_UNIT (LENGTH_MEASURE( 1.000000000000000082E-05 ), #3291, 'distance_accuracy_value', 'NONE');
#4729 = CARTESIAN_POINT ( 'NONE',  ( 0.7692908395220834361, 0.5879429161936720050, 0.4500000000000005662 ) ) ;
#4730 = CARTESIAN_POINT ( 'NONE',  ( 0.3834304591046263089, 0.6088302428434628766, 0.4500000000000000666 ) ) ;
#4731 = CARTESIAN_POINT ( 'NONE',  ( 0.4170371675247460663, 0.6463974959621420213, 0.4500000000000001776 ) ) ;
#4732 = EDGE_LOOP ( 'NONE', ( #5031, #281, #694, #6793 ) ) ;
#4733 = FILL_AREA_STYLE ('',( #5750 ) ) ;
#4734 = CARTESIAN_POINT ( 'NONE',  ( 0.6221664664187168681, 0.5392916694034344260, 0.4489999999999999547 ) ) ;
#4735 = AXIS2_PLACEMENT_3D ( 'NONE', #3378, #20, #1170 ) ;
#4736 = DIRECTION ( 'NONE',  ( 0.7377937433794784505, 0.6750262159576443377, 0.0000000000000000000 ) ) ;
#4737 = CARTESIAN_POINT ( 'NONE',  ( 0.7743198028758304652, 0.6148355572665664681, 0.4489999999999998992 ) ) ;
#4738 = ORIENTED_EDGE ( 'NONE', *, *, #5275, .F. ) ;
#4739 = ORIENTED_EDGE ( 'NONE', *, *, #2719, .F. ) ;
#4740 = CARTESIAN_POINT ( 'NONE',  ( 0.4659593870232577872, 0.5632798820748440294, 0.4489999999999999547 ) ) ;
#4741 = CARTESIAN_POINT ( 'NONE',  ( 0.6608749748575576399, 0.3730427036401168239, 0.4490000000000105573 ) ) ;
#4742 = CARTESIAN_POINT ( 'NONE',  ( 0.8692252463062026813, 0.2082370512933719997, 0.4489999999999999547 ) ) ;
#4743 = CARTESIAN_POINT ( 'NONE',  ( 0.8245751200994463348, 0.3763255311933852432, 0.4500000000000000111 ) ) ;
#4744 = CARTESIAN_POINT ( 'NONE',  ( 0.4149119802611597185, 0.5768907617758560757, 0.4489999999999998992 ) ) ;
#4745 = CARTESIAN_POINT ( 'NONE',  ( 0.3600000000000003753, 0.04999999999999996808, -0.005000000000000013115 ) ) ;
#4746 = CARTESIAN_POINT ( 'NONE',  ( 0.9177110859042711954, 0.3524424143960628864, 0.4489999999999997882 ) ) ;
#4747 = EDGE_CURVE ( 'NONE', #1945, #2801, #5392, .T. ) ;
#4748 = CARTESIAN_POINT ( 'NONE',  ( 1.240000000000000213, 0.04901159058452725370, 0.4411043152607485029 ) ) ;
#4749 = VERTEX_POINT ( 'NONE', #2052 ) ;
#4750 = ORIENTED_EDGE ( 'NONE', *, *, #4307, .F. ) ;
#4751 = CARTESIAN_POINT ( 'NONE',  ( 0.7653942791545099711, 0.3591112846947322468, 0.4489999999999999547 ) ) ;
#4752 = MECHANICAL_DESIGN_GEOMETRIC_PRESENTATION_REPRESENTATION (  '', ( #6018 ), #435 ) ;
#4753 = ADVANCED_FACE ( 'NONE', ( #4292 ), #1743, .T. ) ;
#4754 = PRESENTATION_STYLE_ASSIGNMENT (( #151 ) ) ;
#4755 = CARTESIAN_POINT ( 'NONE',  ( 0.7171500020856336199, 0.3387909719853457458, 0.4490000000000642366 ) ) ;
#4756 = SURFACE_SIDE_STYLE ('',( #5446 ) ) ;
#4757 = STYLED_ITEM ( 'NONE', ( #762 ), #1063 ) ;
#4758 = CARTESIAN_POINT ( 'NONE',  ( 0.3950827837780095941, 0.4907988132389800584, 0.4499999999999999556 ) ) ;
#4759 = CARTESIAN_POINT ( 'NONE',  ( 0.7657295717875458596, 0.3614851061975176139, 0.4490000000000074487 ) ) ;
#4760 = CARTESIAN_POINT ( 'NONE',  ( 0.3642439273204382544, 0.7039678797291466505, 0.4489999999999999547 ) ) ;
#4761 = ADVANCED_FACE ( 'NONE', ( #531 ), #4413, .T. ) ;
#4762 = CARTESIAN_POINT ( 'NONE',  ( 0.5052149169284910757, 0.5894368269985874598, 0.4490000000000060609 ) ) ;
#4763 = CARTESIAN_POINT ( 'NONE',  ( 0.3149140035324421438, 0.5273508926800407615, 0.4499999999999995115 ) ) ;
#4764 = CARTESIAN_POINT ( 'NONE',  ( 0.01000000000000002623, -1.694065894508600678E-18, 0.0000000000000000000 ) ) ;
#4765 = SURFACE_STYLE_FILL_AREA ( #1972 ) ;
#4766 = CARTESIAN_POINT ( 'NONE',  ( 0.8811778216320120816, 0.2233522504467898850, 0.4500000000000002887 ) ) ;
#4767 = FACE_OUTER_BOUND ( 'NONE', #4401, .T. ) ;
#4768 = MECHANICAL_DESIGN_GEOMETRIC_PRESENTATION_REPRESENTATION (  '', ( #1007 ), #5476 ) ;
#4769 = EDGE_LOOP ( 'NONE', ( #4985, #7081, #5010, #2482 ) ) ;
#4770 = CARTESIAN_POINT ( 'NONE',  ( 0.5834172312713546971, 0.4109535390323235671, 0.4489999999999998992 ) ) ;
#4771 = CARTESIAN_POINT ( 'NONE',  ( 0.6655063300653769609, 0.4928982751255281403, 0.4490000000000000657 ) ) ;
#4772 =( NAMED_UNIT ( * ) SI_UNIT ( $, .STERADIAN. ) SOLID_ANGLE_UNIT ( ) );
#4773 = ORIENTED_EDGE ( 'NONE', *, *, #1334, .F. ) ;
#4774 = ORIENTED_EDGE ( 'NONE', *, *, #3137, .F. ) ;
#4775 = CARTESIAN_POINT ( 'NONE',  ( 0.4022069131233205197, 0.6592481288252860505, 0.4500000000000000666 ) ) ;
#4776 =( NAMED_UNIT ( * ) PLANE_ANGLE_UNIT ( ) SI_UNIT ( $, .RADIAN. ) );
#4777 = CARTESIAN_POINT ( 'NONE',  ( 0.7179049629151939005, 0.3510020599351168502, 0.4500000000000000666 ) ) ;
#4778 = CARTESIAN_POINT ( 'NONE',  ( 0.5516923560775870428, 0.3353666265750742115, 0.4499999999999997335 ) ) ;
#4779 = UNCERTAINTY_MEASURE_WITH_UNIT (LENGTH_MEASURE( 1.000000000000000082E-05 ), #833, 'distance_accuracy_value', 'NONE');
#4780 = COLOUR_RGB ( '',0.7960784313725489669, 0.8235294117647058432, 0.9372549019607843146 ) ;
#4781 = DIRECTION ( 'NONE',  ( 0.0000000000000000000, 0.0000000000000000000, 1.000000000000000000 ) ) ;
#4782 = CARTESIAN_POINT ( 'NONE',  ( 0.6361549674640297747, 0.2804708158109959215, 0.4490000000000472502 ) ) ;
#4783 = EDGE_LOOP ( 'NONE', ( #5793, #3907, #1173, #4151, #1262, #6812, #3970, #2489 ) ) ;
#4784 = CARTESIAN_POINT ( 'NONE',  ( 0.8356179244425298025, 0.4301619919668143166, 0.4500000000000000111 ) ) ;
#4785 = CARTESIAN_POINT ( 'NONE',  ( 0.9058328882946586891, 0.1769341667105327198, 0.4499999999999947931 ) ) ;
#4786 = CARTESIAN_POINT ( 'NONE',  ( 0.3883065942541989446, 0.5381262831746594921, 0.4494999999999709783 ) ) ;
#4787 = ADVANCED_FACE ( 'NONE', ( #173 ), #3521, .T. ) ;
#4788 = FACE_OUTER_BOUND ( 'NONE', #5697, .T. ) ;
#4789 = CARTESIAN_POINT ( 'NONE',  ( 0.4647283265699463373, 0.5503647750071037903, 0.4500000000000000111 ) ) ;
#4790 = CARTESIAN_POINT ( 'NONE',  ( 0.3472358494932596962, 0.7577312446372790333, 0.4489999999999997882 ) ) ;
#4791 = CARTESIAN_POINT ( 'NONE',  ( 0.5449081680433990327, 0.1589777376861852831, 0.4500000000000000666 ) ) ;
#4792 = PRESENTATION_STYLE_ASSIGNMENT (( #6924 ) ) ;
#4793 = FILL_AREA_STYLE ('',( #3697 ) ) ;
#4794 = EDGE_CURVE ( 'NONE', #4952, #5400, #2333, .T. ) ;
#4795 = CARTESIAN_POINT ( 'NONE',  ( 0.5534529269811031549, 0.7401114113219193769, 0.4489999999999998992 ) ) ;
#4796 = CARTESIAN_POINT ( 'NONE',  ( 0.5999381521228969172, 0.5459701231261597787, 0.4499999999999999556 ) ) ;
#4797 = UNCERTAINTY_MEASURE_WITH_UNIT (LENGTH_MEASURE( 1.000000000000000082E-05 ), #841, 'distance_accuracy_value', 'NONE');
#4798 = SURFACE_STYLE_USAGE ( .BOTH. , #7138 ) ;
#4799 = EDGE_CURVE ( 'NONE', #7148, #357, #276, .T. ) ;
#4800 = CARTESIAN_POINT ( 'NONE',  ( 0.8468020139239418320, 0.1997573513955349933, 0.4489999999999999547 ) ) ;
#4801 = ORIENTED_EDGE ( 'NONE', *, *, #1689, .F. ) ;
#4802 = SURFACE_STYLE_FILL_AREA ( #1521 ) ;
#4803 =( NAMED_UNIT ( * ) PLANE_ANGLE_UNIT ( ) SI_UNIT ( $, .RADIAN. ) );
#4804 = LINE ( 'NONE', #3263, #4239 ) ;
#4805 = FACE_OUTER_BOUND ( 'NONE', #4697, .T. ) ;
#4806 = CARTESIAN_POINT ( 'NONE',  ( 0.7179049629151939005, 0.3510020599351168502, 0.4489999999999999547 ) ) ;
#4807 = EDGE_LOOP ( 'NONE', ( #1468, #2081, #6394, #6544 ) ) ;
#4808 = VERTEX_POINT ( 'NONE', #5273 ) ;
#4809 = CARTESIAN_POINT ( 'NONE',  ( 0.8678482458566479929, 0.1555343919980496925, 0.4489999999999995106 ) ) ;
#4810 =( GEOMETRIC_REPRESENTATION_CONTEXT ( 3 ) GLOBAL_UNCERTAINTY_ASSIGNED_CONTEXT ( ( #5307 ) ) GLOBAL_UNIT_ASSIGNED_CONTEXT ( ( #2331, #1203, #5574 ) ) REPRESENTATION_CONTEXT ( 'NONE', 'WORKASPACE' ) );
#4811 = LINE ( 'NONE', #1497, #2586 ) ;
#4812 = VECTOR ( 'NONE', #1397, 1000.000000000000000 ) ;
#4813 = CARTESIAN_POINT ( 'NONE',  ( 0.3976650726133582059, 0.5963544005146282911, 0.4490000000000000657 ) ) ;
#4814 = CARTESIAN_POINT ( 'NONE',  ( 0.4184230917346707379, 0.5615731577264375662, 0.4489999999999999547 ) ) ;
#4815 = CARTESIAN_POINT ( 'NONE',  ( 0.7600000000000002309, 0.8000000000000000444, -0.005000000000000013115 ) ) ;
#4816 = STYLED_ITEM ( 'NONE', ( #3852 ), #4973 ) ;
#4817 = ORIENTED_EDGE ( 'NONE', *, *, #1343, .F. ) ;
#4818 = FILL_AREA_STYLE ('',( #5738 ) ) ;
#4819 = CARTESIAN_POINT ( 'NONE',  ( 0.7979407045173340096, 0.4165870977184409352, 0.4500000000000001776 ) ) ;
#4820 = CARTESIAN_POINT ( 'NONE',  ( 0.8843920805433752586, 0.1617514948902648853, 0.4499999999999949596 ) ) ;
#4821 = CARTESIAN_POINT ( 'NONE',  ( 0.6232443392506640256, 0.2664117153838349017, 0.4500000000000000666 ) ) ;
#4822 =( GEOMETRIC_REPRESENTATION_CONTEXT ( 3 ) GLOBAL_UNCERTAINTY_ASSIGNED_CONTEXT ( ( #3481 ) ) GLOBAL_UNIT_ASSIGNED_CONTEXT ( ( #499, #575, #3869 ) ) REPRESENTATION_CONTEXT ( 'NONE', 'WORKASPACE' ) );
#4823 = B_SPLINE_CURVE_WITH_KNOTS ( 'NONE', 3,
 ( #4175, #175, #2485, #4734, #1317, #4064, #706, #2442, #1244, #3559, #776 ),
 .UNSPECIFIED., .F., .F.,
 ( 4, 1, 1, 1, 1, 1, 1, 1, 4 ),
 ( 0.0000000000000000000, 8.110784770129623084E-06, 1.606013064991793245E-05, 2.390290439105825451E-05, 3.164516886031463290E-05, 3.939770791606904936E-05, 4.717130399029346771E-05, 5.507258244919858303E-05, 6.315598126122020175E-05 ),
 .UNSPECIFIED. ) ;
#4824 = CARTESIAN_POINT ( 'NONE',  ( 0.7698410972046582090, 0.3792671635785081485, 0.4490000000000072822 ) ) ;
#4825 = CARTESIAN_POINT ( 'NONE',  ( 0.7012325757451521868, 0.5643769210681790494, 0.4499999999999997891 ) ) ;
#4826 = CARTESIAN_POINT ( 'NONE',  ( 0.8900000000000001243, 0.04999999999999999584, -0.005000000000000013115 ) ) ;
#4827 = DIRECTION ( 'NONE',  ( 0.0000000000000000000, -0.0000000000000000000, 1.000000000000000000 ) ) ;
#4828 = CARTESIAN_POINT ( 'NONE',  ( 0.7154097230649222317, 0.3710029353280774322, 0.4500000000000000111 ) ) ;
#4829 = STYLED_ITEM ( 'NONE', ( #6981 ), #6337 ) ;
#4830 = CARTESIAN_POINT ( 'NONE',  ( 0.5229761198392171018, 0.7074107486364815678, 0.4500000000000000111 ) ) ;
#4831 = STYLED_ITEM ( 'NONE', ( #1585 ), #3620 ) ;
#4832 = CARTESIAN_POINT ( 'NONE',  ( 0.3834304591046263089, 0.6088302428434628766, 0.4489999999999203517 ) ) ;
#4833 = AXIS2_PLACEMENT_3D ( 'NONE', #1825, #2480, #235 ) ;
#4834 = EDGE_CURVE ( 'NONE', #5400, #4030, #4587, .T. ) ;
#4835 = ORIENTED_EDGE ( 'NONE', *, *, #59, .F. ) ;
#4836 = SURFACE_SIDE_STYLE ('',( #4802 ) ) ;
#4837 = ADVANCED_FACE ( 'NONE', ( #2483 ), #6285, .T. ) ;
#4838 = SURFACE_SIDE_STYLE ('',( #380 ) ) ;
#4839 = CARTESIAN_POINT ( 'NONE',  ( 0.7600000000000002309, 0.8000000000000000444, -0.005000000000000013115 ) ) ;
#4840 = PLANE ( 'NONE',  #2394 ) ;
#4841 = VERTEX_POINT ( 'NONE', #3705 ) ;
#4842 = VERTEX_POINT ( 'NONE', #5927 ) ;
#4843 = DIRECTION ( 'NONE',  ( 0.0000000000000000000, 0.9938837346736186795, -0.1104315260748477273 ) ) ;
#4844 = CARTESIAN_POINT ( 'NONE',  ( 0.4256125172622919894, 0.4988400034879729161, 0.4489999999999999547 ) ) ;
#4845 = CARTESIAN_POINT ( 'NONE',  ( 0.4046960024187098437, 0.7666709720659254934, 0.4499999999999990674 ) ) ;
#4846 = CARTESIAN_POINT ( 'NONE',  ( 2.168404344971008868E-16, 0.05000000000000002359, 0.0000000000000000000 ) ) ;
#4847 = EDGE_CURVE ( 'NONE', #3289, #5765, #4114, .T. ) ;
#4848 = B_SPLINE_SURFACE_WITH_KNOTS ( 'NONE', 3, 1, ( 
 ( #1187, #4981 ),
 ( #3396, #3947 ),
 ( #1122, #81 ),
 ( #5665, #661 ),
 ( #2842, #2216 ),
 ( #2881, #2185 ),
 ( #4467, #7173 ),
 ( #2288, #5120 ),
 ( #41, #5630 ),
 ( #5086, #589 ),
 ( #6665, #625 ),
 ( #1667, #2806 ),
 ( #3363, #3913 ),
 ( #5050, #6162 ),
 ( #1154, #4542 ) ),
 .UNSPECIFIED., .F., .F., .F.,
 ( 4, 1, 1, 1, 1, 1, 1, 1, 1, 1, 1, 1, 4 ),
 ( 2, 2 ),
 ( 0.0000000000000000000, 0.07734635258732129592, 0.1506523054421711749, 0.2206774854153161769, 0.2865751871342062107, 0.3501884696535645380, 0.4113788387158255899, 0.4699460385526072481, 0.5282337864665732630, 0.6421944316652339335, 0.7553643229127680048, 0.8735561215980476302, 0.9999999999999998890 ),
 ( 0.0000000000000000000, 1.000000000000000000 ),
 .UNSPECIFIED. ) ;
#4849 = MECHANICAL_DESIGN_GEOMETRIC_PRESENTATION_REPRESENTATION (  '', ( #749 ), #65 ) ;
#4850 = CARTESIAN_POINT ( 'NONE',  ( 0.4592225597990707286, 0.7266525084684629654, 0.4489999999999999547 ) ) ;
#4851 = UNCERTAINTY_MEASURE_WITH_UNIT (LENGTH_MEASURE( 1.000000000000000082E-05 ), #4531, 'distance_accuracy_value', 'NONE');
#4852 = CARTESIAN_POINT ( 'NONE',  ( 0.8425291837306945197, 0.8500000000000000888, 0.4500000000000000666 ) ) ;
#4853 = CARTESIAN_POINT ( 'NONE',  ( 0.3842946584333677973, 0.4906771120643029782, 0.4500000000000001776 ) ) ;
#4854 = AXIS2_PLACEMENT_3D ( 'NONE', #4597, #3498, #3565 ) ;
#4855 = CARTESIAN_POINT ( 'NONE',  ( 0.3642439273204383099, 0.7039678797291467616, 0.4490000000000000102 ) ) ;
#4856 = ORIENTED_EDGE ( 'NONE', *, *, #2141, .F. ) ;
#4857 = CARTESIAN_POINT ( 'NONE',  ( 0.8763431035552328163, 0.1582392343312819805, 0.4489999999999999547 ) ) ;
#4858 = CARTESIAN_POINT ( 'NONE',  ( 0.6618073053941400108, 0.3158878296151961806, 0.4500000000000001776 ) ) ;
#4859 = CARTESIAN_POINT ( 'NONE',  ( 0.7915018379151846917, 0.4116098869548449612, 0.4489999999999997882 ) ) ;
#4860 = SURFACE_SIDE_STYLE ('',( #4716 ) ) ;
#4861 = PRESENTATION_LAYER_ASSIGNMENT (  '', '', ( #3091 ) ) ;
#4862 = SURFACE_STYLE_FILL_AREA ( #1398 ) ;
#4863 = CARTESIAN_POINT ( 'NONE',  ( 0.8128835953938263748, 0.3591112846947322468, 0.4500000000000000666 ) ) ;
#4864 =( LENGTH_UNIT ( ) NAMED_UNIT ( * ) SI_UNIT ( .MILLI., .METRE. ) );
#4865 = PRESENTATION_STYLE_ASSIGNMENT (( #3176 ) ) ;
#4866 = CARTESIAN_POINT ( 'NONE',  ( 0.8900000000000001243, -0.09999999999999999167, 0.1650000000000000078 ) ) ;
#4867 = CARTESIAN_POINT ( 'NONE',  ( 0.7256881202927237817, 0.6110365654253645529, 0.4499999999999994560 ) ) ;
#4868 = STYLED_ITEM ( 'NONE', ( #5835 ), #717 ) ;
#4869 = CARTESIAN_POINT ( 'NONE',  ( 0.5715370658063650966, 0.5065514027840389844, 0.4490000000000061164 ) ) ;
#4870 = CARTESIAN_POINT ( 'NONE',  ( 0.7541592481338641463, 0.2211535340597851063, 0.4489999999999996771 ) ) ;
#4871 = LINE ( 'NONE', #6521, #2831 ) ;
#4872 = CARTESIAN_POINT ( 'NONE',  ( 0.5010142748934545143, 0.6483852296141183746, 0.4500000000000000111 ) ) ;
#4873 = STYLED_ITEM ( 'NONE', ( #2150 ), #1194 ) ;
#4874 = CARTESIAN_POINT ( 'NONE',  ( 1.250000000000000222, 0.01833333333333302465, 0.1650000000000000355 ) ) ;
#4875 = UNCERTAINTY_MEASURE_WITH_UNIT (LENGTH_MEASURE( 1.000000000000000082E-05 ), #4534, 'distance_accuracy_value', 'NONE');
#4876 = CARTESIAN_POINT ( 'NONE',  ( 0.6127236667933959602, 0.3730570928328242886, 0.4499999999999999001 ) ) ;
#4877 =( NAMED_UNIT ( * ) SI_UNIT ( $, .STERADIAN. ) SOLID_ANGLE_UNIT ( ) );
#4878 = CARTESIAN_POINT ( 'NONE',  ( 0.5517528103001877460, 0.5982884212072959729, 0.4489999999999999547 ) ) ;
#4879 = VERTEX_POINT ( 'NONE', #421 ) ;
#4880 = VECTOR ( 'NONE', #4273, 1000.000000000000000 ) ;
#4881 = CARTESIAN_POINT ( 'NONE',  ( 0.8128835953938263748, 0.3591112846947322468, 0.4489999999999966240 ) ) ;
#4882 = DIRECTION ( 'NONE',  ( 0.0000000000000000000, 0.0000000000000000000, 1.000000000000000000 ) ) ;
#4883 = PLANE ( 'NONE',  #4653 ) ;
#4884 = COLOUR_RGB ( '',1.000000000000000000, 1.000000000000000000, 1.000000000000000000 ) ;
#4885 = CARTESIAN_POINT ( 'NONE',  ( 0.5399759500496672526, 0.7282639320672215089, 0.4490000000000065050 ) ) ;
#4886 = SURFACE_SIDE_STYLE ('',( #2011 ) ) ;
#4887 = FILL_AREA_STYLE ('',( #2125 ) ) ;
#4888 = ORIENTED_EDGE ( 'NONE', *, *, #558, .T. ) ;
#4889 = CARTESIAN_POINT ( 'NONE',  ( 0.3676467713036473128, 0.7133316938849203481, 0.4490000000000000657 ) ) ;
#4890 = VERTEX_POINT ( 'NONE', #4881 ) ;
#4891 =( NAMED_UNIT ( * ) SI_UNIT ( $, .STERADIAN. ) SOLID_ANGLE_UNIT ( ) );
#4892 = CARTESIAN_POINT ( 'NONE',  ( 0.5942971282504319053, 0.7112412720486407380, 0.4490000000000005098 ) ) ;
#4893 = SURFACE_STYLE_FILL_AREA ( #432 ) ;
#4894 = CARTESIAN_POINT ( 'NONE',  ( 0.4266418837121218610, 0.7572421578109236329, 0.4499999999999999001 ) ) ;
#4895 = VECTOR ( 'NONE', #517, 1000.000000000000000 ) ;
#4896 = CARTESIAN_POINT ( 'NONE',  ( 0.3842946584333677973, 0.4906771120643029782, 0.4490000000000000657 ) ) ;
#4897 = EDGE_CURVE ( 'NONE', #1101, #4841, #6028, .T. ) ;
#4898 =( LENGTH_UNIT ( ) NAMED_UNIT ( * ) SI_UNIT ( .MILLI., .METRE. ) );
#4899 = EDGE_LOOP ( 'NONE', ( #2230, #3591, #5500 ) ) ;
#4900 = CARTESIAN_POINT ( 'NONE',  ( 0.8495402042329589509, 0.1523829929221840185, 0.4490000000000000102 ) ) ;
#4901 = CARTESIAN_POINT ( 'NONE',  ( 0.6299048809356051493, 0.2735536813222016472, 0.4489999999999998992 ) ) ;
#4902 = CARTESIAN_POINT ( 'NONE',  ( 0.8118845584138906224, 0.4243095027007950382, 0.4500000000000001776 ) ) ;
#4903 = FILL_AREA_STYLE ('',( #5034 ) ) ;
#4904 = PRESENTATION_LAYER_ASSIGNMENT (  '', '', ( #3956 ) ) ;
#4905 = CARTESIAN_POINT ( 'NONE',  ( 0.7019626821467946920, 0.2924874969662429325, 0.4490000000000640146 ) ) ;
#4906 = CARTESIAN_POINT ( 'NONE',  ( 0.8900184999700109234, 0.7145151720635484205, 0.4489999999999999547 ) ) ;
#4907 = CARTESIAN_POINT ( 'NONE',  ( 0.5245556039408351134, 0.4235610710195185091, 0.4489999999999999547 ) ) ;
#4908 = SURFACE_STYLE_USAGE ( .BOTH. , #2072 ) ;
#4909 = CARTESIAN_POINT ( 'NONE',  ( 0.3679737316027456573, 0.6922888090640991754, 0.4490000000000000102 ) ) ;
#4910 = SURFACE_SIDE_STYLE ('',( #5957 ) ) ;
#4911 = B_SPLINE_CURVE_WITH_KNOTS ( 'NONE', 3,
 ( #4360, #3333, #6704, #1710, #4471, #5636, #630, #5602, #2847, #2740, #594, #7141, #47, #3952, #2157 ),
 .UNSPECIFIED., .F., .F.,
 ( 4, 1, 1, 1, 1, 1, 1, 1, 1, 1, 1, 1, 4 ),
 ( 0.0000000000000000000, 8.321310862253582257E-06, 1.609954979844490256E-05, 2.354729544829379026E-05, 3.104708086096901929E-05, 3.488301563284402975E-05, 3.873734122244933565E-05, 4.276429839252643937E-05, 4.695070824883600580E-05, 5.128745644132485967E-05, 5.589583525812645017E-05, 6.072012275601368201E-05, 6.581031021368212962E-05 ),
 .UNSPECIFIED. ) ;
#4912 = DIRECTION ( 'NONE',  ( -0.0000000000000000000, -1.000000000000000000, -0.0000000000000000000 ) ) ;
#4913 = CARTESIAN_POINT ( 'NONE',  ( 0.6347785110082798665, 0.7687479199565052657, 0.4489999999999999547 ) ) ;
#4914 = CARTESIAN_POINT ( 'NONE',  ( 0.6353611930291097609, 0.5381859019309563896, 0.4500000000000000666 ) ) ;
#4915 = LINE ( 'NONE', #2078, #6824 ) ;
#4916 = CARTESIAN_POINT ( 'NONE',  ( 0.6021250161943081380, 0.7149189122315792178, 0.4490000000000001212 ) ) ;
#4917 = CARTESIAN_POINT ( 'NONE',  ( 0.8825679822164756994, 0.2268524178630977051, 0.4490000000000000657 ) ) ;
#4918 = ORIENTED_EDGE ( 'NONE', *, *, #4984, .T. ) ;
#4919 = CARTESIAN_POINT ( 'NONE',  ( 0.7257136939080760518, 0.6480106290913730804, 0.4499999999999999556 ) ) ;
#4920 = DIRECTION ( 'NONE',  ( 0.0000000000000000000, -0.0000000000000000000, 1.000000000000000000 ) ) ;
#4921 = B_SPLINE_CURVE_WITH_KNOTS ( 'NONE', 3,
 ( #4136, #3522, #6356, #802, #4032, #1794, #2374, #2334, #6788, #3000, #6934, #1378, #5822, #836, #3069, #3035, #3489, #2405, #5713 ),
 .UNSPECIFIED., .F., .F.,
 ( 4, 1, 1, 1, 1, 1, 1, 1, 1, 1, 1, 1, 1, 1, 1, 1, 4 ),
 ( 5.421010862427522170E-20, 6.955217295329858003E-06, 1.371351397084303213E-05, 2.038973150314313441E-05, 2.706910837824917618E-05, 3.378167334240820521E-05, 4.057898286271277024E-05, 4.757050533200142973E-05, 5.481106871697091645E-05, 6.210061228730547045E-05, 6.924043487102586191E-05, 7.631892613475862867E-05, 8.336834749635115753E-05, 9.046291520951963566E-05, 9.770600343527343073E-05, 0.0001051397948963189987, 0.0001128368368054582073 ),
 .UNSPECIFIED. ) ;
#4922 = LINE ( 'NONE', #4839, #840 ) ;
#4923 = CARTESIAN_POINT ( 'NONE',  ( 0.9018062512858230351, 0.4046769543215032461, 0.4489999999999999547 ) ) ;
#4924 = CARTESIAN_POINT ( 'NONE',  ( 0.7950398674913784491, 0.7145151720635484205, 0.4500000000000000666 ) ) ;
#4925 = ORIENTED_EDGE ( 'NONE', *, *, #934, .T. ) ;
#4926 = CARTESIAN_POINT ( 'NONE',  ( 0.3706521769281745371, 0.6887640996020685247, 0.4490000000000000657 ) ) ;
#4927 = DIRECTION ( 'NONE',  ( 0.0000000000000000000, -0.0000000000000000000, -1.000000000000000000 ) ) ;
#4928 = CARTESIAN_POINT ( 'NONE',  ( 0.5731691362370734399, 0.6953865033956346808, 0.4490000000000003988 ) ) ;
#4929 = AXIS2_PLACEMENT_3D ( 'NONE', #863, #3770, #2108 ) ;
#4930 =( NAMED_UNIT ( * ) PLANE_ANGLE_UNIT ( ) SI_UNIT ( $, .RADIAN. ) );
#4931 = UNCERTAINTY_MEASURE_WITH_UNIT (LENGTH_MEASURE( 1.000000000000000082E-05 ), #5556, 'distance_accuracy_value', 'NONE');
#4932 = CARTESIAN_POINT ( 'NONE',  ( 0.3382509323193431672, 0.5041448940283227431, 0.4500000000000000666 ) ) ;
#4933 = SURFACE_STYLE_FILL_AREA ( #5480 ) ;
#4934 = ORIENTED_EDGE ( 'NONE', *, *, #5472, .F. ) ;
#4935 = VERTEX_POINT ( 'NONE', #4438 ) ;
#4936 = EDGE_CURVE ( 'NONE', #2502, #1845, #4911, .T. ) ;
#4937 = CARTESIAN_POINT ( 'NONE',  ( 1.250000000000000222, 0.7910495720687359400, 0.4399999999999999467 ) ) ;
#4938 = B_SPLINE_CURVE_WITH_KNOTS ( 'NONE', 3,
 ( #6245, #2225, #2327, #4581, #635, #3922, #4475, #6745, #5570, #2850, #91 ),
 .UNSPECIFIED., .F., .F.,
 ( 4, 1, 1, 1, 1, 1, 1, 1, 4 ),
 ( 0.0000000000000000000, 5.186177477407620136E-06, 1.012232046859194958E-05, 1.493637790408008458E-05, 1.991966482363628779E-05, 2.499983302264955701E-05, 3.004725900270855790E-05, 3.538001013895334681E-05, 4.109227742931575246E-05 ),
 .UNSPECIFIED. ) ;
#4939 = FACE_OUTER_BOUND ( 'NONE', #5960, .T. ) ;
#4940 = EDGE_CURVE ( 'NONE', #638, #737, #4986, .T. ) ;
#4941 = STYLED_ITEM ( 'NONE', ( #6933 ), #4837 ) ;
#4942 = PLANE ( 'NONE',  #3584 ) ;
#4943 = FILL_AREA_STYLE ('',( #2799 ) ) ;
#4944 = CARTESIAN_POINT ( 'NONE',  ( 0.3643847961433816507, 0.7006488035232759648, 0.4500000000000001776 ) ) ;
#4945 = CARTESIAN_POINT ( 'NONE',  ( 0.8584681604273878275, 0.3357024603201614887, 0.4500000000000000111 ) ) ;
#4946 = SURFACE_STYLE_USAGE ( .BOTH. , #4910 ) ;
#4947 = EDGE_CURVE ( 'NONE', #3750, #6840, #2161, .T. ) ;
#4948 = CARTESIAN_POINT ( 'NONE',  ( 0.6221664664187168681, 0.5392916694034344260, 0.4489999999999999547 ) ) ;
#4949 = CARTESIAN_POINT ( 'NONE',  ( 0.6345493401366599784, 0.3828115064363111775, 0.4499999999999999001 ) ) ;
#4950 =( GEOMETRIC_REPRESENTATION_CONTEXT ( 3 ) GLOBAL_UNCERTAINTY_ASSIGNED_CONTEXT ( ( #1859 ) ) GLOBAL_UNIT_ASSIGNED_CONTEXT ( ( #5990, #7070, #6991 ) ) REPRESENTATION_CONTEXT ( 'NONE', 'WORKASPACE' ) );
#4951 = SURFACE_STYLE_FILL_AREA ( #3816 ) ;
#4952 = VERTEX_POINT ( 'NONE', #1629 ) ;
#4953 = MECHANICAL_DESIGN_GEOMETRIC_PRESENTATION_REPRESENTATION (  '', ( #6102 ), #2942 ) ;
#4954 =( NAMED_UNIT ( * ) SI_UNIT ( $, .STERADIAN. ) SOLID_ANGLE_UNIT ( ) );
#4955 = DIRECTION ( 'NONE',  ( 0.0000000000000000000, 1.000000000000000000, 0.0000000000000000000 ) ) ;
#4956 = CARTESIAN_POINT ( 'NONE',  ( 0.6286822395389579654, 0.7686666966775211884, 0.4490000000000065050 ) ) ;
#4957 = CARTESIAN_POINT ( 'NONE',  ( 0.6681864312693811536, 0.3616257467424339178, 0.4500000000000000666 ) ) ;
#4958 = ORIENTED_EDGE ( 'NONE', *, *, #855, .T. ) ;
#4959 = CARTESIAN_POINT ( 'NONE',  ( 0.4125010917314502756, 0.5806293509899915772, 0.4499999999999995115 ) ) ;
#4960 = CARTESIAN_POINT ( 'NONE',  ( 0.8651015384221079074, 0.3422706663032345498, 0.4489999999999998437 ) ) ;
#4961 = CARTESIAN_POINT ( 'NONE',  ( 0.3893039230481275537, 0.7686746356585583140, 0.4490000000000001212 ) ) ;
#4962 = PRESENTATION_STYLE_ASSIGNMENT (( #6180 ) ) ;
#4963 = VERTEX_POINT ( 'NONE', #4510 ) ;
#4964 = PRESENTATION_STYLE_ASSIGNMENT (( #1542 ) ) ;
#4965 = FACE_OUTER_BOUND ( 'NONE', #4320, .T. ) ;
#4966 = B_SPLINE_SURFACE_WITH_KNOTS ( 'NONE', 3, 1, ( 
 ( #1500, #3833 ),
 ( #7192, #7053 ),
 ( #4300, #3758 ),
 ( #7091, #3347 ),
 ( #2202, #3798 ),
 ( #1645, #3866 ),
 ( #6046, #470 ),
 ( #4338, #6117 ),
 ( #3242, #962 ),
 ( #397, #2605 ),
 ( #4855, #3207 ) ),
 .UNSPECIFIED., .F., .F., .F.,
 ( 4, 1, 1, 1, 1, 1, 1, 1, 4 ),
 ( 2, 2 ),
 ( 0.0000000000000000000, 0.1481262583591558823, 0.2859928874896993656, 0.4166343935606121041, 0.5473799458012561514, 0.6715828376102106478, 0.7844007386959896966, 0.8932655763009648142, 1.000000000000000000 ),
 ( 0.0000000000000000000, 1.000000000000000000 ),
 .UNSPECIFIED. ) ;
#4967 = VECTOR ( 'NONE', #4882, 1000.000000000000000 ) ;
#4968 = CARTESIAN_POINT ( 'NONE',  ( 1.524659305057740610E-17, 0.05895042793126381575, 0.4399999999999998912 ) ) ;
#4969 = PRESENTATION_STYLE_ASSIGNMENT (( #2833 ) ) ;
#4970 = DIRECTION ( 'NONE',  ( 0.0000000000000000000, -1.000000000000000000, 1.224646799147353207E-16 ) ) ;
#4971 = CARTESIAN_POINT ( 'NONE',  ( 0.3642439273204383099, 0.7039678797291467616, 0.4495000000000000662 ) ) ;
#4972 = SURFACE_SIDE_STYLE ('',( #6 ) ) ;
#4973 = ADVANCED_FACE ( 'NONE', ( #6064 ), #1050, .T. ) ;
#4974 =( NAMED_UNIT ( * ) PLANE_ANGLE_UNIT ( ) SI_UNIT ( $, .RADIAN. ) );
#4975 = MECHANICAL_DESIGN_GEOMETRIC_PRESENTATION_REPRESENTATION (  '', ( #6695 ), #6357 ) ;
#4976 = CARTESIAN_POINT ( 'NONE',  ( 0.8086667430741567575, 0.2153801792822913619, 0.4490000000000000657 ) ) ;
#4977 = CARTESIAN_POINT ( 'NONE',  ( 0.5181887133852502991, 0.6996802658592709001, 0.4500000000000001776 ) ) ;
#4978 = CARTESIAN_POINT ( 'NONE',  ( 2.168404344971008868E-16, 0.8500000000000000888, 0.4500000000000000666 ) ) ;
#4979 = CARTESIAN_POINT ( 'NONE',  ( 0.6378375103866775753, 0.7687886763370526122, 0.4500000000000000666 ) ) ;
#4980 = CARTESIAN_POINT ( 'NONE',  ( 0.7979028788144648665, 0.1613475336654539016, 0.4489999999999998992 ) ) ;
#4981 = CARTESIAN_POINT ( 'NONE',  ( 0.7993152193254503546, 0.2403879940964416817, 0.4500000000000000666 ) ) ;
#4982 = CARTESIAN_POINT ( 'NONE',  ( 1.240000000000000213, 0.7910495720687359400, 0.4399999999999999467 ) ) ;
#4983 = CARTESIAN_POINT ( 'NONE',  ( 0.8342653675017279724, 0.2802070622248815090, 0.4500000000000001221 ) ) ;
#4984 = EDGE_CURVE ( 'NONE', #2308, #1493, #4546, .T. ) ;
#4985 = ORIENTED_EDGE ( 'NONE', *, *, #6825, .T. ) ;
#4986 = LINE ( 'NONE', #1013, #6195 ) ;
#4987 = DIRECTION ( 'NONE',  ( -0.0000000000000000000, -0.0000000000000000000, 1.000000000000000000 ) ) ;
#4988 = STYLED_ITEM ( 'NONE', ( #2800 ), #1155 ) ;
#4989 = LINE ( 'NONE', #1129, #5239 ) ;
#4990 = CARTESIAN_POINT ( 'NONE',  ( 0.4000631592341367115, 0.5398634963302617606, 0.4490000000000000657 ) ) ;
#4991 =( NAMED_UNIT ( * ) PLANE_ANGLE_UNIT ( ) SI_UNIT ( $, .RADIAN. ) );
#4992 = CARTESIAN_POINT ( 'NONE',  ( 0.8591689146787031550, 0.4292103714307179407, 0.4490000000000001212 ) ) ;
#4993 = PRESENTATION_LAYER_ASSIGNMENT (  '', '', ( #2056 ) ) ;
#4994 = CARTESIAN_POINT ( 'NONE',  ( 0.3841492347146543418, 0.7212464996813249263, 0.4490000000000000102 ) ) ;
#4995 = VERTEX_POINT ( 'NONE', #5670 ) ;
#4996 = CARTESIAN_POINT ( 'NONE',  ( 0.3790588858736884115, 0.7686010546765055240, 0.4500000000000011213 ) ) ;
#4997 = MECHANICAL_DESIGN_GEOMETRIC_PRESENTATION_REPRESENTATION (  '', ( #6032 ), #5579 ) ;
#4998 = CARTESIAN_POINT ( 'NONE',  ( 0.3955140905922453487, 0.7684474544987284217, 0.4500000000000000111 ) ) ;
#4999 = UNCERTAINTY_MEASURE_WITH_UNIT (LENGTH_MEASURE( 1.000000000000000082E-05 ), #1850, 'distance_accuracy_value', 'NONE');
#5000 = CARTESIAN_POINT ( 'NONE',  ( 0.3668289527467972211, 0.4924533950396651760, 0.4489999999999999547 ) ) ;
#5001 = ORIENTED_EDGE ( 'NONE', *, *, #5815, .F. ) ;
#5002 = ORIENTED_EDGE ( 'NONE', *, *, #4448, .T. ) ;
#5003 = CARTESIAN_POINT ( 'NONE',  ( 0.5245556039408351134, 0.4235610710195185091, 0.4489999999999999547 ) ) ;
#5004 = CARTESIAN_POINT ( 'NONE',  ( 0.8441544621139117632, 0.4303452590537065747, 0.4490000000000219371 ) ) ;
#5005 = LINE ( 'NONE', #3938, #2112 ) ;
#5006 = AXIS2_PLACEMENT_3D ( 'NONE', #6466, #1562, #3707 ) ;
#5007 = FILL_AREA_STYLE_COLOUR ( '', #4660 ) ;
#5008 =( NAMED_UNIT ( * ) SI_UNIT ( $, .STERADIAN. ) SOLID_ANGLE_UNIT ( ) );
#5009 = PRESENTATION_STYLE_ASSIGNMENT (( #1003 ) ) ;
#5010 = ORIENTED_EDGE ( 'NONE', *, *, #3079, .F. ) ;
#5011 = CARTESIAN_POINT ( 'NONE',  ( 0.3686430492488570465, 0.6913005286340613287, 0.4500000000000000666 ) ) ;
#5012 = FACE_OUTER_BOUND ( 'NONE', #6335, .T. ) ;
#5013 = CARTESIAN_POINT ( 'NONE',  ( 0.3643847961433816507, 0.7006488035232759648, 0.4490000000000001212 ) ) ;
#5014 = CARTESIAN_POINT ( 'NONE',  ( 0.7525608808105866965, 0.2305876749772544088, 0.4500000000000000111 ) ) ;
#5015 = CARTESIAN_POINT ( 'NONE',  ( 0.8631020732032431697, 0.2713781818335428420, 0.4500000000000002331 ) ) ;
#5016 = ORIENTED_EDGE ( 'NONE', *, *, #1689, .T. ) ;
#5017 = EDGE_CURVE ( 'NONE', #6802, #1211, #1143, .T. ) ;
#5018 = CARTESIAN_POINT ( 'NONE',  ( 0.7950398674913784491, 0.8500000000000000888, 0.4500000000000000666 ) ) ;
#5019 = EDGE_CURVE ( 'NONE', #5080, #2827, #2915, .T. ) ;
#5020 = CARTESIAN_POINT ( 'NONE',  ( 0.7257136939080759408, 0.6480106290913730804, 0.4490000000000001767 ) ) ;
#5021 = DIRECTION ( 'NONE',  ( 0.0000000000000000000, 0.0000000000000000000, 1.000000000000000000 ) ) ;
#5022 =( LENGTH_UNIT ( ) NAMED_UNIT ( * ) SI_UNIT ( .MILLI., .METRE. ) );
#5023 = CARTESIAN_POINT ( 'NONE',  ( 0.8730262601459805039, 0.4253440585231643700, 0.4489999999999999547 ) ) ;
#5024 = APPLICATION_PROTOCOL_DEFINITION ( 'draft international standard', 'automotive_design', 1998, #4200 ) ;
#5025 = ORIENTED_EDGE ( 'NONE', *, *, #550, .T. ) ;
#5026 = CARTESIAN_POINT ( 'NONE',  ( 0.6558740701873821966, 0.5396085484586736758, 0.4490000000000001767 ) ) ;
#5027 = B_SPLINE_SURFACE_WITH_KNOTS ( 'NONE', 3, 1, ( 
 ( #4322, #6998 ),
 ( #5996, #1976 ),
 ( #5352, #6967 ),
 ( #1489, #4919 ),
 ( #6527, #3818 ),
 ( #981, #1014 ),
 ( #3228, #5890 ),
 ( #2121, #344 ),
 ( #5928, #3150 ),
 ( #4361, #4211 ),
 ( #6426, #6567 ),
 ( #5464, #1412 ),
 ( #1560, #455 ),
 ( #2663, #877 ),
 ( #3746, #2558 ),
 ( #2005, #5961 ),
 ( #4249, #6464 ),
 ( #1451, #914 ),
 ( #5387, #379 ) ),
 .UNSPECIFIED., .F., .F., .F.,
 ( 4, 1, 1, 1, 1, 1, 1, 1, 1, 1, 1, 1, 1, 1, 1, 1, 4 ),
 ( 2, 2 ),
 ( 0.0000000000000000000, 0.06593912405765869900, 0.1297911093795348081, 0.1921752363053293444, 0.2536170442157548721, 0.3147191079962363691, 0.3762822754113749890, 0.4389729923739121853, 0.5031747018386411030, 0.5673294646239471772, 0.6296509938060319556, 0.6906498673030976310, 0.7512376127977860030, 0.8117541138236055165, 0.8727877774488524976, 0.9355396326682290375, 1.000000000000000000 ),
 ( 0.0000000000000000000, 1.000000000000000000 ),
 .UNSPECIFIED. ) ;
#5028 = EDGE_CURVE ( 'NONE', #1791, #5280, #1748, .T. ) ;
#5029 = CARTESIAN_POINT ( 'NONE',  ( 0.5492171668513514682, 0.6080802833161661480, 0.4489999999999997327 ) ) ;
#5030 = SURFACE_STYLE_USAGE ( .BOTH. , #5137 ) ;
#5031 = ORIENTED_EDGE ( 'NONE', *, *, #2635, .T. ) ;
#5032 = ORIENTED_EDGE ( 'NONE', *, *, #3737, .F. ) ;
#5033 = FILL_AREA_STYLE_COLOUR ( '', #616 ) ;
#5034 = FILL_AREA_STYLE_COLOUR ( '', #633 ) ;
#5035 = CARTESIAN_POINT ( 'NONE',  ( 0.9375078162093271050, 0.7620044883028647131, 0.4489999999999999547 ) ) ;
#5036 = AXIS2_PLACEMENT_3D ( 'NONE', #146, #4604, #4672 ) ;
#5037 = CARTESIAN_POINT ( 'NONE',  ( 0.3735991269999610620, 0.6171484925521164566, 0.4489999999999992886 ) ) ;
#5038 =( NAMED_UNIT ( * ) SI_UNIT ( $, .STERADIAN. ) SOLID_ANGLE_UNIT ( ) );
#5039 = CARTESIAN_POINT ( 'NONE',  ( 1.245857864376268997, 0.8009884094154730017, 0.4411043152607424522 ) ) ;
#5040 = STYLED_ITEM ( 'NONE', ( #2467 ), #4399 ) ;
#5041 = PRESENTATION_STYLE_ASSIGNMENT (( #3941 ) ) ;
#5042 = CARTESIAN_POINT ( 'NONE',  ( 0.3652939493697267559, 0.6973983330377369061, 0.4489999999999999547 ) ) ;
#5043 = ORIENTED_EDGE ( 'NONE', *, *, #498, .F. ) ;
#5044 = CARTESIAN_POINT ( 'NONE',  ( 0.3371562079185428384, 0.6524708470559588136, 0.4499999999999999556 ) ) ;
#5045 = CARTESIAN_POINT ( 'NONE',  ( 0.7520833917449418760, 0.7068011428967098109, 0.4500000000000000666 ) ) ;
#5046 = VECTOR ( 'NONE', #3860, 999.9999999999998863 ) ;
#5047 = CARTESIAN_POINT ( 'NONE',  ( 0.7177909531651798236, 0.3543342033635364374, 0.4490000000000083924 ) ) ;
#5048 = MECHANICAL_DESIGN_GEOMETRIC_PRESENTATION_REPRESENTATION (  '', ( #4816 ), #6087 ) ;
#5049 = LINE ( 'NONE', #3395, #5123 ) ;
#5050 = CARTESIAN_POINT ( 'NONE',  ( 0.8396918467717786605, 0.1998010886795798247, 0.4490000000000000102 ) ) ;
#5051 = CARTESIAN_POINT ( 'NONE',  ( 0.5868257023039027409, 0.7067883732634460126, 0.4489999999999998437 ) ) ;
#5052 = CARTESIAN_POINT ( 'NONE',  ( 0.6651295558348203629, 0.3232520125440654923, 0.4499999999999988454 ) ) ;
#5053 = CARTESIAN_POINT ( 'NONE',  ( 0.8914364891581553207, 0.4146589439617550110, 0.4490000000000087255 ) ) ;
#5054 = VECTOR ( 'NONE', #4153, 1000.000000000000000 ) ;
#5055 = ORIENTED_EDGE ( 'NONE', *, *, #6305, .T. ) ;
#5056 = DIRECTION ( 'NONE',  ( 0.0000000000000000000, 1.000000000000000000, 0.0000000000000000000 ) ) ;
#5057 = CARTESIAN_POINT ( 'NONE',  ( 0.7520833917449418760, 0.7068011428967098109, 0.4490000000000061720 ) ) ;
#5058 = MECHANICAL_DESIGN_GEOMETRIC_PRESENTATION_REPRESENTATION (  '', ( #4593 ), #4706 ) ;
#5059 = LINE ( 'NONE', #6171, #224 ) ;
#5060 = MECHANICAL_DESIGN_GEOMETRIC_PRESENTATION_REPRESENTATION (  '', ( #4120 ), #6209 ) ;
#5061 = LINE ( 'NONE', #5676, #418 ) ;
#5062 = EDGE_CURVE ( 'NONE', #4095, #3888, #3581, .T. ) ;
#5063 = CARTESIAN_POINT ( 'NONE',  ( 0.4658664633513164288, 0.5580369805005179762, 0.4489999999999998437 ) ) ;
#5064 = ORIENTED_EDGE ( 'NONE', *, *, #6825, .F. ) ;
#5065 = ADVANCED_FACE ( 'NONE', ( #1192 ), #5125, .T. ) ;
#5066 = VECTOR ( 'NONE', #98, 1000.000000000000000 ) ;
#5067 = CARTESIAN_POINT ( 'NONE',  ( 0.09000000000000023259, -0.09999999999999993616, 0.1650000000000000078 ) ) ;
#5068 = CARTESIAN_POINT ( 'NONE',  ( 0.5475244800588278116, 0.6255561884167837317, 0.4489999999999999547 ) ) ;
#5069 = CARTESIAN_POINT ( 'NONE',  ( 0.3732073264193358497, 0.4914057585035639941, 0.4500000000000001221 ) ) ;
#5070 =( LENGTH_UNIT ( ) NAMED_UNIT ( * ) SI_UNIT ( .MILLI., .METRE. ) );
#5071 = B_SPLINE_CURVE_WITH_KNOTS ( 'NONE', 3,
 ( #3118, #4740, #1982, #5282, #3753, #6473, #3201, #282, #1460, #3715, #5938, #1947, #4844, #7046, #1495, #2672, #989, #5611, #3344 ),
 .UNSPECIFIED., .F., .F.,
 ( 4, 1, 1, 1, 1, 1, 1, 1, 1, 1, 1, 1, 1, 1, 1, 1, 4 ),
 ( 0.0000000000000000000, 8.065910899585619918E-06, 1.582561738966614654E-05, 2.338673407858336028E-05, 3.074699954705067869E-05, 3.805365599272089451E-05, 4.543170457506284993E-05, 5.281901430989858635E-05, 6.044615510052894081E-05, 6.808822181696323750E-05, 7.562688707244098545E-05, 8.320099133771465222E-05, 9.080512636662530261E-05, 9.863791514865406611E-05, 0.0001066677193580541089, 0.0001150026920069037868, 0.0001237086291240467920 ),
 .UNSPECIFIED. ) ;
#5072 = VERTEX_POINT ( 'NONE', #6519 ) ;
#5073 = EDGE_CURVE ( 'NONE', #1637, #4952, #5956, .T. ) ;
#5074 = CARTESIAN_POINT ( 'NONE',  ( 0.6385087623275870206, 0.4303452590537065747, 0.4489999999999999547 ) ) ;
#5075 = CARTESIAN_POINT ( 'NONE',  ( 0.7950398674913784491, 0.7620044883028647131, 0.4500000000000000666 ) ) ;
#5076 = CARTESIAN_POINT ( 'NONE',  ( 1.596397453640112681E-17, 0.05581281041721039560, 0.4458578643762689531 ) ) ;
#5077 = DIRECTION ( 'NONE',  ( 0.0000000000000000000, 0.0000000000000000000, -1.000000000000000000 ) ) ;
#5078 = PLANE ( 'NONE',  #4404 ) ;
#5079 = CARTESIAN_POINT ( 'NONE',  ( 0.4561231713583907554, 0.6043690764978124630, 0.4500000000000001776 ) ) ;
#5080 = VERTEX_POINT ( 'NONE', #367 ) ;
#5081 = CARTESIAN_POINT ( 'NONE',  ( 0.6901258815826423199, 0.7588412652339595610, 0.4489999999999999547 ) ) ;
#5082 = B_SPLINE_CURVE_WITH_KNOTS ( 'NONE', 3,
 ( #5488, #6085, #1068, #1579, #3315, #6052, #3274, #1107, #5518, #3902, #7164 ),
 .UNSPECIFIED., .F., .F.,
 ( 4, 1, 1, 1, 1, 1, 1, 1, 4 ),
 ( 0.0000000000000000000, 9.453483512847988936E-06, 1.846122216782267398E-05, 2.717326246488595130E-05, 3.572373534884391985E-05, 4.415798280790782845E-05, 5.250619513109912648E-05, 6.085896659727388667E-05, 6.948169365732378110E-05 ),
 .UNSPECIFIED. ) ;
#5083 = VECTOR ( 'NONE', #5641, 1000.000000000000000 ) ;
#5084 = CARTESIAN_POINT ( 'NONE',  ( 0.7780771700586379680, 0.3962910080127788337, 0.4499999999999999556 ) ) ;
#5085 = CARTESIAN_POINT ( 'NONE',  ( 0.7907352074419575771, 0.1653601555346154162, 0.4490000000000000657 ) ) ;
#5086 = CARTESIAN_POINT ( 'NONE',  ( 0.8147030598432791759, 0.2087842902831514580, 0.4489999999999998992 ) ) ;
#5087 = SURFACE_STYLE_USAGE ( .BOTH. , #2554 ) ;
#5088 = CARTESIAN_POINT ( 'NONE',  ( 0.8794493136312815373, 0.4223631705857205931, 0.4490000000000089475 ) ) ;
#5089 = VECTOR ( 'NONE', #5939, 1000.000000000000000 ) ;
#5090 = B_SPLINE_SURFACE_WITH_KNOTS ( 'NONE', 3, 1, ( 
 ( #2195, #1678 ),
 ( #3924, #6144 ),
 ( #5063, #3485 ),
 ( #4197, #4789 ),
 ( #301, #703 ),
 ( #3055, #1201 ),
 ( #5843, #2508 ),
 ( #4620, #6211 ),
 ( #129, #3960 ),
 ( #6174, #1400 ),
 ( #6746, #1790 ),
 ( #5710, #637 ),
 ( #2919, #3446 ),
 ( #5678, #671 ),
 ( #2330, #5301 ),
 ( #6247, #5169 ),
 ( #169, #4758 ),
 ( #1966, #6782 ),
 ( #1717, #4552 ) ),
 .UNSPECIFIED., .F., .F., .F.,
 ( 4, 1, 1, 1, 1, 1, 1, 1, 1, 1, 1, 1, 1, 1, 1, 1, 4 ),
 ( 2, 2 ),
 ( 0.0000000000000000000, 0.06520087528815519951, 0.1279265440230306639, 0.1890469100189663965, 0.2485436930694594759, 0.3076071270223455500, 0.3672476600602125885, 0.4269630557213207056, 0.4886171282353921619, 0.5503918546271245882, 0.6113307342255597243, 0.6725560854310835834, 0.7340241906291917751, 0.7973406208369386849, 0.8622496273165779490, 0.9296254660746966492, 1.000000000000000000 ),
 ( 0.0000000000000000000, 1.000000000000000000 ),
 .UNSPECIFIED. ) ;
#5091 = ORIENTED_EDGE ( 'NONE', *, *, #1411, .F. ) ;
#5092 =( LENGTH_UNIT ( ) NAMED_UNIT ( * ) SI_UNIT ( .MILLI., .METRE. ) );
#5093 = SURFACE_STYLE_FILL_AREA ( #125 ) ;
#5094 = LINE ( 'NONE', #4024, #4544 ) ;
#5095 = FILL_AREA_STYLE_COLOUR ( '', #2029 ) ;
#5096 = PRESENTATION_STYLE_ASSIGNMENT (( #3959 ) ) ;
#5097 = ORIENTED_EDGE ( 'NONE', *, *, #1927, .T. ) ;
#5098 = CARTESIAN_POINT ( 'NONE',  ( 0.7256881202927237817, 0.6110365654253645529, 0.4489999999999997882 ) ) ;
#5099 = DIRECTION ( 'NONE',  ( 0.0000000000000000000, 1.000000000000000000, 0.0000000000000000000 ) ) ;
#5100 = FACE_OUTER_BOUND ( 'NONE', #5652, .T. ) ;
#5101 = CARTESIAN_POINT ( 'NONE',  ( 0.5655947031199662911, 0.5724595688542664096, 0.4489999999999996771 ) ) ;
#5102 = COLOUR_RGB ( '',1.000000000000000000, 1.000000000000000000, 1.000000000000000000 ) ;
#5103 = PRODUCT_DEFINITION ( 'UNKNOWN', '', #5737, #977 ) ;
#5104 = CARTESIAN_POINT ( 'NONE',  ( 0.4192700638580778016, 0.7004278219556432372, 0.4499999999999999556 ) ) ;
#5105 = CARTESIAN_POINT ( 'NONE',  ( 1.160000000000000142, 0.04999999999999999584, -0.005000000000000013115 ) ) ;
#5106 = VERTEX_POINT ( 'NONE', #4826 ) ;
#5107 = CARTESIAN_POINT ( 'NONE',  ( 0.3449513925982160556, 0.5720472233455995426, 0.4494999999999831908 ) ) ;
#5108 = LINE ( 'NONE', #6721, #2269 ) ;
#5109 =( GEOMETRIC_REPRESENTATION_CONTEXT ( 3 ) GLOBAL_UNCERTAINTY_ASSIGNED_CONTEXT ( ( #2567 ) ) GLOBAL_UNIT_ASSIGNED_CONTEXT ( ( #3224, #4398, #6459 ) ) REPRESENTATION_CONTEXT ( 'NONE', 'WORKASPACE' ) );
#5110 = CARTESIAN_POINT ( 'NONE',  ( 0.9375078162093271050, 0.7620044883028647131, 0.4489999999999999547 ) ) ;
#5111 =( GEOMETRIC_REPRESENTATION_CONTEXT ( 3 ) GLOBAL_UNCERTAINTY_ASSIGNED_CONTEXT ( ( #2795 ) ) GLOBAL_UNIT_ASSIGNED_CONTEXT ( ( #3306, #3346, #3416 ) ) REPRESENTATION_CONTEXT ( 'NONE', 'WORKASPACE' ) );
#5112 = CARTESIAN_POINT ( 'NONE',  ( 0.3883065942541989446, 0.5381262831746594921, 0.4500000000000000666 ) ) ;
#5113 = DIRECTION ( 'NONE',  ( 0.0000000000000000000, -0.1104315260748460759, -0.9938837346736190126 ) ) ;
#5114 = ORIENTED_EDGE ( 'NONE', *, *, #3500, .F. ) ;
#5115 = CARTESIAN_POINT ( 'NONE',  ( 0.7179049629151939005, 0.3510020599351168502, 0.4500000000000000111 ) ) ;
#5116 =( LENGTH_UNIT ( ) NAMED_UNIT ( * ) SI_UNIT ( .MILLI., .METRE. ) );
#5117 = STYLED_ITEM ( 'NONE', ( #1904 ), #1973 ) ;
#5118 = FACE_OUTER_BOUND ( 'NONE', #1420, .T. ) ;
#5119 = CARTESIAN_POINT ( 'NONE',  ( 0.7525608808105866965, 0.2305876749772544088, 0.4489999999999998992 ) ) ;
#5120 = CARTESIAN_POINT ( 'NONE',  ( 0.8086667430741568685, 0.2153801792822913896, 0.4500000000000001776 ) ) ;
#5121 = CARTESIAN_POINT ( 'NONE',  ( 0.8196677834280143848, 0.2810931223015699643, 0.4500000000000000666 ) ) ;
#5122 =( NAMED_UNIT ( * ) SI_UNIT ( $, .STERADIAN. ) SOLID_ANGLE_UNIT ( ) );
#5123 = VECTOR ( 'NONE', #588, 1000.000000000000000 ) ;
#5124 = ORIENTED_EDGE ( 'NONE', *, *, #1475, .F. ) ;
#5125 = PLANE ( 'NONE',  #5276 ) ;
#5126 = FILL_AREA_STYLE ('',( #6350 ) ) ;
#5127 = DIRECTION ( 'NONE',  ( 0.0000000000000000000, 1.000000000000000000, 0.0000000000000000000 ) ) ;
#5128 = VECTOR ( 'NONE', #1580, 1000.000000000000000 ) ;
#5129 = CARTESIAN_POINT ( 'NONE',  ( 0.6798149741723394923, 0.7110638708022737342, 0.4490000000000001212 ) ) ;
#5130 = DIRECTION ( 'NONE',  ( -1.000000000000000000, 0.0000000000000000000, 0.0000000000000000000 ) ) ;
#5131 = CARTESIAN_POINT ( 'NONE',  ( 0.3943607643324321677, 0.5383711293744702919, 0.4489999999999998992 ) ) ;
#5132 = VERTEX_POINT ( 'NONE', #4791 ) ;
#5133 = CARTESIAN_POINT ( 'NONE',  ( 0.0000000000000000000, 0.0000000000000000000, 0.0000000000000000000 ) ) ;
#5134 = ORIENTED_EDGE ( 'NONE', *, *, #5731, .F. ) ;
#5135 = CARTESIAN_POINT ( 'NONE',  ( 0.3382509323193431672, 0.5041448940283227431, 0.4489999999999988445 ) ) ;
#5136 = CARTESIAN_POINT ( 'NONE',  ( 0.4605960970908861696, 0.5360889778298250086, 0.4499999999999963474 ) ) ;
#5137 = SURFACE_SIDE_STYLE ('',( #4487 ) ) ;
#5138 = ORIENTED_EDGE ( 'NONE', *, *, #4947, .T. ) ;
#5139 = CARTESIAN_POINT ( 'NONE',  ( 0.6798149741723394923, 0.7110638708022737342, 0.4499999999999993450 ) ) ;
#5140 =( NAMED_UNIT ( * ) PLANE_ANGLE_UNIT ( ) SI_UNIT ( $, .RADIAN. ) );
#5141 = CARTESIAN_POINT ( 'NONE',  ( 0.8542939059135163937, 0.3330209362220513114, 0.4499999999999999001 ) ) ;
#5142 = DIRECTION ( 'NONE',  ( 0.0000000000000000000, 0.0000000000000000000, 1.000000000000000000 ) ) ;
#5143 = CARTESIAN_POINT ( 'NONE',  ( 0.4136645099986887564, 0.7638772663139192787, 0.4490000000000066160 ) ) ;
#5144 = CARTESIAN_POINT ( 'NONE',  ( 0.6045670560248184167, 0.4241224705019307484, 0.4490000000000071712 ) ) ;
#5145 = CARTESIAN_POINT ( 'NONE',  ( 0.3494496928365506960, 0.5642281012031740151, 0.4500000000000000111 ) ) ;
#5146 = EDGE_CURVE ( 'NONE', #4180, #6865, #3062, .T. ) ;
#5147 = VERTEX_POINT ( 'NONE', #4275 ) ;
#5148 = ORIENTED_EDGE ( 'NONE', *, *, #2406, .T. ) ;
#5149 = CARTESIAN_POINT ( 'NONE',  ( 0.8221961081507445090, 0.2810395024139719089, 0.4490000000000001767 ) ) ;
#5150 = EDGE_CURVE ( 'NONE', #5680, #4749, #3589, .T. ) ;
#5151 = CARTESIAN_POINT ( 'NONE',  ( 0.3600000000000003197, -4.535916119035483302E-17, 5.039906798928315550E-18 ) ) ;
#5152 = FILL_AREA_STYLE_COLOUR ( '', #1430 ) ;
#5153 = PRESENTATION_LAYER_ASSIGNMENT (  '', '', ( #253 ) ) ;
#5154 = CARTESIAN_POINT ( 'NONE',  ( 0.8128835953938263748, 0.3591112846947322468, 0.4489999999999999547 ) ) ;
#5155 = CARTESIAN_POINT ( 'NONE',  ( 0.5836746450260973385, 0.5007606054347254476, 0.4490000000000000657 ) ) ;
#5156 = CARTESIAN_POINT ( 'NONE',  ( 0.9314734788678196153, 0.2437923196620280231, 0.4500000000000001221 ) ) ;
#5157 = VECTOR ( 'NONE', #6637, 1000.000000000000000 ) ;
#5158 = VERTEX_POINT ( 'NONE', #6923 ) ;
#5159 = EDGE_CURVE ( 'NONE', #2632, #4095, #6419, .T. ) ;
#5160 = SURFACE_STYLE_FILL_AREA ( #5199 ) ;
#5161 = VECTOR ( 'NONE', #153, 1000.000000000000000 ) ;
#5162 = PLANE ( 'NONE',  #4125 ) ;
#5163 = CARTESIAN_POINT ( 'NONE',  ( 0.3812390612886013552, 0.7211444401053193065, 0.4500000000000007883 ) ) ;
#5164 = CARTESIAN_POINT ( 'NONE',  ( 0.8703882334341056515, 0.3538704813126220539, 0.4500000000000000111 ) ) ;
#5165 = UNCERTAINTY_MEASURE_WITH_UNIT (LENGTH_MEASURE( 1.000000000000000082E-05 ), #3909, 'distance_accuracy_value', 'NONE');
#5166 = PLANE ( 'NONE',  #5435 ) ;
#5167 = VECTOR ( 'NONE', #4063, 1000.000000000000000 ) ;
#5168 =( NAMED_UNIT ( * ) SI_UNIT ( $, .STERADIAN. ) SOLID_ANGLE_UNIT ( ) );
#5169 = CARTESIAN_POINT ( 'NONE',  ( 0.4033343614149758061, 0.4918235132963654221, 0.4499999999999998446 ) ) ;
#5170 = ORIENTED_EDGE ( 'NONE', *, *, #4070, .T. ) ;
#5171 = ORIENTED_EDGE ( 'NONE', *, *, #4162, .T. ) ;
#5172 = PRESENTATION_LAYER_ASSIGNMENT (  '', '', ( #5284 ) ) ;
#5173 = B_SPLINE_CURVE_WITH_KNOTS ( 'NONE', 3,
 ( #1961, #6414, #1472, #1504, #361, #2571, #4820, #967, #7023, #4785, #1396, #3644, #2027, #6377, #330, #3610, #3764, #6084, #6153 ),
 .UNSPECIFIED., .F., .F.,
 ( 4, 1, 1, 1, 1, 1, 1, 1, 1, 1, 1, 1, 1, 1, 1, 1, 4 ),
 ( 0.0000000000000000000, 9.842633490050879303E-06, 1.927255931311798410E-05, 2.841839541774482348E-05, 3.729589946207798100E-05, 4.605722492240366253E-05, 5.479480581527890139E-05, 6.357112017128253021E-05, 7.246357621381442919E-05, 8.130199074660618788E-05, 8.989589106275078559E-05, 9.827597595068582987E-05, 0.0001065740340890107752, 0.0001148318002083330937, 0.0001232262078778541877, 0.0001318127046928165014, 0.0001406484004761060795 ),
 .UNSPECIFIED. ) ;
#5174 = CARTESIAN_POINT ( 'NONE',  ( 0.3044190385292999679, 0.5446161642154427884, 0.4489999999999989555 ) ) ;
#5175 = LINE ( 'NONE', #4695, #1586 ) ;
#5176 = CARTESIAN_POINT ( 'NONE',  ( 0.3652939493697267559, 0.6973983330377369061, 0.4500000000000001776 ) ) ;
#5177 = ORIENTED_EDGE ( 'NONE', *, *, #4122, .T. ) ;
#5178 = CARTESIAN_POINT ( 'NONE',  ( 0.4561231713583908109, 0.6043690764978124630, 0.4490000000000006208 ) ) ;
#5179 = CARTESIAN_POINT ( 'NONE',  ( 0.6952436512346842346, 0.4076388539504267605, 0.4490000000000000102 ) ) ;
#5180 = CARTESIAN_POINT ( 'NONE',  ( 0.8834188315098643329, 0.2305530142575045738, 0.4489999999999996771 ) ) ;
#5181 = COLOUR_RGB ( '',1.000000000000000000, 1.000000000000000000, 1.000000000000000000 ) ;
#5182 = CARTESIAN_POINT ( 'NONE',  ( 0.4646237292664576191, 0.5820624308311258543, 0.4500000000000004552 ) ) ;
#5183 = VECTOR ( 'NONE', #6312, 1000.000000000000000 ) ;
#5184 = FILL_AREA_STYLE ('',( #3424 ) ) ;
#5185 = CARTESIAN_POINT ( 'NONE',  ( 0.8853811620866489651, 0.3070651333391730686, 0.4500000000000000111 ) ) ;
#5186 = LINE ( 'NONE', #716, #5319 ) ;
#5187 = PRESENTATION_LAYER_ASSIGNMENT (  '', '', ( #1080 ) ) ;
#5188 = CARTESIAN_POINT ( 'NONE',  ( 2.168404344971008868E-16, 0.2403879940964416539, 0.4500000000000000666 ) ) ;
#5189 = ORIENTED_EDGE ( 'NONE', *, *, #2677, .T. ) ;
#5190 = VERTEX_POINT ( 'NONE', #336 ) ;
#5191 = MECHANICAL_DESIGN_GEOMETRIC_PRESENTATION_REPRESENTATION (  '', ( #7025 ), #6549 ) ;
#5192 = CARTESIAN_POINT ( 'NONE',  ( 0.8421157768484860418, 0.3827712476292669530, 0.4500000000000002887 ) ) ;
#5193 = FILL_AREA_STYLE_COLOUR ( '', #2355 ) ;
#5194 = CARTESIAN_POINT ( 'NONE',  ( 0.4050896699022142333, 0.7145250815302993663, 0.4500000000000000666 ) ) ;
#5195 = PRESENTATION_STYLE_ASSIGNMENT (( #5227 ) ) ;
#5196 = CARTESIAN_POINT ( 'NONE',  ( 0.7657295717875458596, 0.3614851061975176139, 0.4500000000000001221 ) ) ;
#5197 = EDGE_CURVE ( 'NONE', #5872, #1493, #2967, .T. ) ;
#5198 = CARTESIAN_POINT ( 'NONE',  ( 0.9284599990146107373, 0.2606879160112522964, 0.4489999999999998437 ) ) ;
#5199 = FILL_AREA_STYLE ('',( #5706 ) ) ;
#5200 =( GEOMETRIC_REPRESENTATION_CONTEXT ( 3 ) GLOBAL_UNCERTAINTY_ASSIGNED_CONTEXT ( ( #202 ) ) GLOBAL_UNIT_ASSIGNED_CONTEXT ( ( #4515, #1676, #6633 ) ) REPRESENTATION_CONTEXT ( 'NONE', 'WORKASPACE' ) );
#5201 = LINE ( 'NONE', #197, #1903 ) ;
#5202 = DIRECTION ( 'NONE',  ( 0.0000000000000000000, 0.0000000000000000000, 1.000000000000000000 ) ) ;
#5203 = CARTESIAN_POINT ( 'NONE',  ( 0.8704958630827124288, 0.3565951675433722268, 0.4489999999999999547 ) ) ;
#5204 =( GEOMETRIC_REPRESENTATION_CONTEXT ( 3 ) GLOBAL_UNCERTAINTY_ASSIGNED_CONTEXT ( ( #2278 ) ) GLOBAL_UNIT_ASSIGNED_CONTEXT ( ( #966, #2949, #2986 ) ) REPRESENTATION_CONTEXT ( 'NONE', 'WORKASPACE' ) );
#5205 = CARTESIAN_POINT ( 'NONE',  ( 0.6703236480995278246, 0.3501151711890711504, 0.4499999999999999556 ) ) ;
#5206 = EDGE_CURVE ( 'NONE', #4072, #1957, #2618, .T. ) ;
#5207 = ORIENTED_EDGE ( 'NONE', *, *, #799, .F. ) ;
#5208 = ORIENTED_EDGE ( 'NONE', *, *, #5028, .F. ) ;
#5209 = CARTESIAN_POINT ( 'NONE',  ( 0.6643003625477962304, 0.5416963547556771230, 0.4489999999999997882 ) ) ;
#5210 =( GEOMETRIC_REPRESENTATION_CONTEXT ( 3 ) GLOBAL_UNCERTAINTY_ASSIGNED_CONTEXT ( ( #6796 ) ) GLOBAL_UNIT_ASSIGNED_CONTEXT ( ( #4864, #4, #6554 ) ) REPRESENTATION_CONTEXT ( 'NONE', 'WORKASPACE' ) );
#5211 = CARTESIAN_POINT ( 'NONE',  ( 0.4592225597990707286, 0.7266525084684629654, 0.4489999999999929048 ) ) ;
#5212 = CARTESIAN_POINT ( 'NONE',  ( 0.4256125172622919894, 0.4988400034879729161, 0.4499999999999965139 ) ) ;
#5213 = DIRECTION ( 'NONE',  ( 0.0000000000000000000, 0.0000000000000000000, 1.000000000000000000 ) ) ;
#5214 = ORIENTED_EDGE ( 'NONE', *, *, #2902, .F. ) ;
#5215 = FILL_AREA_STYLE ('',( #6364 ) ) ;
#5216 = CARTESIAN_POINT ( 'NONE',  ( 0.5245556039408351134, 0.4235610710195185091, 0.4500000000000000666 ) ) ;
#5217 = CARTESIAN_POINT ( 'NONE',  ( 0.5476568297407428121, 0.6388645171009157409, 0.4499999999999978462 ) ) ;
#5218 = UNCERTAINTY_MEASURE_WITH_UNIT (LENGTH_MEASURE( 1.000000000000000082E-05 ), #5654, 'distance_accuracy_value', 'NONE');
#5219 = CARTESIAN_POINT ( 'NONE',  ( 0.9040746357867971428, 0.3218776331477432029, 0.4500000000000002331 ) ) ;
#5220 = CARTESIAN_POINT ( 'NONE',  ( 0.8688828426401395966, 0.3678417282258457655, 0.4499999999999998446 ) ) ;
#5221 = CARTESIAN_POINT ( 'NONE',  ( 0.5245556039408351134, 0.8500000000000000888, 0.4500000000000000666 ) ) ;
#5222 = VERTEX_POINT ( 'NONE', #7 ) ;
#5223 = VERTEX_POINT ( 'NONE', #3875 ) ;
#5224 = CARTESIAN_POINT ( 'NONE',  ( 0.8748364285920483541, 0.2620773179842211809, 0.4489999999999999547 ) ) ;
#5225 = CARTESIAN_POINT ( 'NONE',  ( 0.6908754528982463672, 0.5004405971207950277, 0.4490000000000087255 ) ) ;
#5226 = CARTESIAN_POINT ( 'NONE',  ( 0.4221904372604517452, 0.6963083316676680345, 0.4500000000000001776 ) ) ;
#5227 = SURFACE_STYLE_USAGE ( .BOTH. , #2941 ) ;
#5228 = CARTESIAN_POINT ( 'NONE',  ( 0.5052149169284910757, 0.5894368269985874598, 0.4499999999999999556 ) ) ;
#5229 = CARTESIAN_POINT ( 'NONE',  ( 1.160000000000000142, 0.04999999999999999584, -0.005000000000000013115 ) ) ;
#5230 = FILL_AREA_STYLE ('',( #6273 ) ) ;
#5231 = CARTESIAN_POINT ( 'NONE',  ( 0.3279218777659759776, 0.7387906154809169568, 0.4500000000000000111 ) ) ;
#5232 = STYLED_ITEM ( 'NONE', ( #1522 ), #2061 ) ;
#5233 = CARTESIAN_POINT ( 'NONE',  ( 0.8412700742750051086, 0.4302833354288071455, 0.4500000000000003997 ) ) ;
#5234 = CARTESIAN_POINT ( 'NONE',  ( 0.8054506259903727594, 0.1579777788689879781, 0.4489999999999997327 ) ) ;
#5235 = CARTESIAN_POINT ( 'NONE',  ( 0.3196754289821156503, 0.6823375563157275669, 0.4499999999999989009 ) ) ;
#5236 = CARTESIAN_POINT ( 'NONE',  ( 0.7950398674913784491, 0.7620044883028647131, 0.4489999999999999547 ) ) ;
#5237 = CARTESIAN_POINT ( 'NONE',  ( 0.8196677834280143848, 0.3251903445237920853, 0.4500000000000000111 ) ) ;
#5238 = UNCERTAINTY_MEASURE_WITH_UNIT (LENGTH_MEASURE( 1.000000000000000082E-05 ), #1136, 'distance_accuracy_value', 'NONE');
#5239 = VECTOR ( 'NONE', #2849, 999.9999999999998863 ) ;
#5240 = ORIENTED_EDGE ( 'NONE', *, *, #4705, .T. ) ;
#5241 = EDGE_CURVE ( 'NONE', #1845, #2502, #2710, .T. ) ;
#5242 = VERTEX_POINT ( 'NONE', #480 ) ;
#5243 = CARTESIAN_POINT ( 'NONE',  ( 0.9375078162093271050, 0.7620044883028647131, 0.4489999999999999547 ) ) ;
#5244 = EDGE_CURVE ( 'NONE', #6175, #5712, #4462, .T. ) ;
#5245 = PLANE ( 'NONE',  #7189 ) ;
#5246 = CARTESIAN_POINT ( 'NONE',  ( 0.3822236527810630724, 0.5384326884673167335, 0.4490000000000000657 ) ) ;
#5247 = FACE_OUTER_BOUND ( 'NONE', #3208, .T. ) ;
#5248 = CARTESIAN_POINT ( 'NONE',  ( 0.7054569599312298100, 0.2995412568933912834, 0.4489999999999999547 ) ) ;
#5249 = ORIENTED_EDGE ( 'NONE', *, *, #4034, .F. ) ;
#5250 = CARTESIAN_POINT ( 'NONE',  ( 0.3872724432303784048, 0.7212159374500364262, 0.4490000000000000102 ) ) ;
#5251 = CARTESIAN_POINT ( 'NONE',  ( 0.4208915014855482140, 0.7605069676862856731, 0.4499999999999991229 ) ) ;
#5252 = CARTESIAN_POINT ( 'NONE',  ( 0.5834172312713546971, 0.4109535390323235671, 0.4499999999999942935 ) ) ;
#5253 = ADVANCED_FACE ( 'NONE', ( #5560 ), #651, .T. ) ;
#5254 = PLANE ( 'NONE',  #1022 ) ;
#5255 = CARTESIAN_POINT ( 'NONE',  ( 0.8853811620866489651, 0.3070651333391730686, 0.4489999999999998437 ) ) ;
#5256 = SURFACE_STYLE_FILL_AREA ( #2281 ) ;
#5257 = FACE_OUTER_BOUND ( 'NONE', #5635, .T. ) ;
#5258 = VERTEX_POINT ( 'NONE', #5216 ) ;
#5259 = ORIENTED_EDGE ( 'NONE', *, *, #2097, .F. ) ;
#5260 = CARTESIAN_POINT ( 'NONE',  ( 0.7212970569322878500, 0.2030749599084074875, 0.4489999999999999547 ) ) ;
#5261 = SURFACE_STYLE_USAGE ( .BOTH. , #2390 ) ;
#5262 = CARTESIAN_POINT ( 'NONE',  ( 0.5449081680433990327, 0.1830404046199459178, 0.4489999999999999547 ) ) ;
#5263 = B_SPLINE_CURVE_WITH_KNOTS ( 'NONE', 3,
 ( #6741, #6601, #2776, #4439, #4472, #15, #1673, #4511, #3919, #5603, #2814, #5057, #2261, #1711, #3954, #1160, #3478, #4130, #4022 ),
 .UNSPECIFIED., .F., .F.,
 ( 4, 1, 1, 1, 1, 1, 1, 1, 1, 1, 1, 1, 1, 1, 1, 1, 4 ),
 ( 0.0000000000000000000, 1.391171601119392469E-05, 2.746487835047969748E-05, 4.073946444150579327E-05, 5.397784528525835518E-05, 6.717331987821618879E-05, 8.061249246255648563E-05, 9.433897526948911325E-05, 0.0001085233015655283177, 0.0001227503631904856092, 0.0001365834103324801150, 0.0001501774044177520086, 0.0001636619919298459641, 0.0001771848720790940952, 0.0001909143724158364323, 0.0002049438755187607542, 0.0002194429383708724644 ),
 .UNSPECIFIED. ) ;
#5264 = CARTESIAN_POINT ( 'NONE',  ( 0.9115698681421887661, 0.2886191196712434293, 0.4489999999999998992 ) ) ;
#5265 = CARTESIAN_POINT ( 'NONE',  ( 0.3169250699647780944, 0.7084167649547996604, 0.4499999999999999001 ) ) ;
#5266 = CARTESIAN_POINT ( 'NONE',  ( 0.8054506259903727594, 0.1579777788689879781, 0.4500000000000007883 ) ) ;
#5267 = VECTOR ( 'NONE', #2349, 1000.000000000000000 ) ;
#5268 = CARTESIAN_POINT ( 'NONE',  ( 0.3168926050019419405, 0.6984945243850608776, 0.4499999999999989009 ) ) ;
#5269 = CARTESIAN_POINT ( 'NONE',  ( 0.8692522995300183686, 0.3498868463785256289, 0.4489999999999998992 ) ) ;
#5270 = CARTESIAN_POINT ( 'NONE',  ( 0.6358056874077153697, 0.3828559428143903931, 0.4490000000000000102 ) ) ;
#5271 = MECHANICAL_DESIGN_GEOMETRIC_PRESENTATION_REPRESENTATION (  '', ( #4465 ), #718 ) ;
#5272 = ORIENTED_EDGE ( 'NONE', *, *, #3728, .T. ) ;
#5273 = CARTESIAN_POINT ( 'NONE',  ( 0.3861865354935152816, 0.7687886763370526122, 0.4489999999999969016 ) ) ;
#5274 = CARTESIAN_POINT ( 'NONE',  ( 0.7237190851252900403, 0.6022681401253193734, 0.4490000000000001212 ) ) ;
#5275 = EDGE_CURVE ( 'NONE', #1321, #6856, #181, .T. ) ;
#5276 = AXIS2_PLACEMENT_3D ( 'NONE', #3734, #4236, #5412 ) ;
#5277 = CARTESIAN_POINT ( 'NONE',  ( 0.5930182015669389628, 0.5495063098653082401, 0.4500000000000006217 ) ) ;
#5278 = CARTESIAN_POINT ( 'NONE',  ( 0.6428611557131312937, 0.4907598993449151514, 0.4489999999999998992 ) ) ;
#5279 = EDGE_CURVE ( 'NONE', #3995, #5935, #1352, .T. ) ;
#5280 = VERTEX_POINT ( 'NONE', #5830 ) ;
#5281 = VERTEX_POINT ( 'NONE', #3566 ) ;
#5282 = CARTESIAN_POINT ( 'NONE',  ( 0.4647283265699463373, 0.5503647750071037903, 0.4490000000000000657 ) ) ;
#5283 = CARTESIAN_POINT ( 'NONE',  ( 0.7154097230649222317, 0.3710029353280774322, 0.4490000000000000102 ) ) ;
#5284 = STYLED_ITEM ( 'NONE', ( #4380 ), #5693 ) ;
#5285 = CARTESIAN_POINT ( 'NONE',  ( 0.5666828061570733377, 0.3911538942522158058, 0.4499999999999942935 ) ) ;
#5286 = CARTESIAN_POINT ( 'NONE',  ( 0.8438364532998092749, 0.3828559428143903376, 0.4500000000000000666 ) ) ;
#5287 = CARTESIAN_POINT ( 'NONE',  ( 0.3883065942541989446, 0.5381262831746594921, 0.4494999999999709783 ) ) ;
#5288 = MECHANICAL_DESIGN_GEOMETRIC_PRESENTATION_REPRESENTATION (  '', ( #4001 ), #7016 ) ;
#5289 = CARTESIAN_POINT ( 'NONE',  ( 0.5772612432725883203, 0.4050226469377988803, 0.4490000000000073377 ) ) ;
#5290 = EDGE_CURVE ( 'NONE', #946, #1679, #1048, .T. ) ;
#5291 =( NAMED_UNIT ( * ) PLANE_ANGLE_UNIT ( ) SI_UNIT ( $, .RADIAN. ) );
#5292 = CARTESIAN_POINT ( 'NONE',  ( 1.250000000000000444, 0.05895042793126350350, 0.4400000000000000022 ) ) ;
#5293 = ORIENTED_EDGE ( 'NONE', *, *, #607, .F. ) ;
#5294 = ORIENTED_EDGE ( 'NONE', *, *, #3264, .T. ) ;
#5295 = CARTESIAN_POINT ( 'NONE',  ( 0.8831488889321756908, 0.2468838296208004379, 0.4490000000000000102 ) ) ;
#5296 = CARTESIAN_POINT ( 'NONE',  ( 0.7027342153116269419, 0.5061387981651532808, 0.4490000000000087255 ) ) ;
#5297 = B_SPLINE_SURFACE_WITH_KNOTS ( 'NONE', 3, 1, ( 
 ( #562, #17 ),
 ( #2227, #601 ),
 ( #5131, #4476 ),
 ( #2817, #1165 ),
 ( #2296, #128 ),
 ( #4583, #2329 ),
 ( #6676, #6781 ),
 ( #3409, #4551 ),
 ( #5642, #1789 ),
 ( #4026, #6246 ),
 ( #1239, #528 ) ),
 .UNSPECIFIED., .F., .F., .F.,
 ( 4, 1, 1, 1, 1, 1, 1, 1, 4 ),
 ( 2, 2 ),
 ( 0.0000000000000000000, 0.1419858925296716701, 0.2754733105502117918, 0.4043458426631378888, 0.5354297108606275168, 0.6614274010622519517, 0.7778668404627584465, 0.8882797492818419460, 1.000000000000000000 ),
 ( 0.0000000000000000000, 1.000000000000000000 ),
 .UNSPECIFIED. ) ;
#5298 = DIRECTION ( 'NONE',  ( 0.0000000000000000000, 0.9938837346736186795, -0.1104315260748478106 ) ) ;
#5299 = CARTESIAN_POINT ( 'NONE',  ( 0.6877673262473213978, 0.2695265151496882283, 0.4490000000000640701 ) ) ;
#5300 = VECTOR ( 'NONE', #3533, 1000.000000000000000 ) ;
#5301 = CARTESIAN_POINT ( 'NONE',  ( 0.4111686596913720071, 0.4935308224767661067, 0.4499999999999999556 ) ) ;
#5302 = DIRECTION ( 'NONE',  ( 1.000000000000000000, 0.0000000000000000000, 0.0000000000000000000 ) ) ;
#5303 = CARTESIAN_POINT ( 'NONE',  ( 0.7856938417880571235, 0.4057525774297749965, 0.4490000000000144986 ) ) ;
#5304 = DIRECTION ( 'NONE',  ( 1.000000000000000000, -2.519953399464156897E-16, -2.799948221626842572E-17 ) ) ;
#5305 = CARTESIAN_POINT ( 'NONE',  ( 1.250000000000000222, 0.05932908124917492254, 0.4434078798612027805 ) ) ;
#5306 = CARTESIAN_POINT ( 'NONE',  ( 0.5799599062200108124, 0.5584788472772237444, 0.4489999999999999547 ) ) ;
#5307 = UNCERTAINTY_MEASURE_WITH_UNIT (LENGTH_MEASURE( 1.000000000000000082E-05 ), #2331, 'distance_accuracy_value', 'NONE');
#5308 = CARTESIAN_POINT ( 'NONE',  ( 0.6701453861080569618, 0.3548667092083191421, 0.4500000000000000111 ) ) ;
#5309 = FILL_AREA_STYLE_COLOUR ( '', #1799 ) ;
#5310 = VERTEX_POINT ( 'NONE', #6975 ) ;
#5311 =( NAMED_UNIT ( * ) PLANE_ANGLE_UNIT ( ) SI_UNIT ( $, .RADIAN. ) );
#5312 = CARTESIAN_POINT ( 'NONE',  ( 0.7125912702023687872, 0.5783392577157856485, 0.4489999999999998992 ) ) ;
#5313 = VECTOR ( 'NONE', #2637, 1000.000000000000000 ) ;
#5314 = FACE_OUTER_BOUND ( 'NONE', #3558, .T. ) ;
#5315 = CARTESIAN_POINT ( 'NONE',  ( 0.3544593302431795490, 0.5573236532942394961, 0.4490000000000000657 ) ) ;
#5316 = PRESENTATION_STYLE_ASSIGNMENT (( #4216 ) ) ;
#5317 = ORIENTED_EDGE ( 'NONE', *, *, #976, .F. ) ;
#5318 = ORIENTED_EDGE ( 'NONE', *, *, #3549, .T. ) ;
#5319 = VECTOR ( 'NONE', #1696, 1000.000000000000000 ) ;
#5320 = CARTESIAN_POINT ( 'NONE',  ( 0.8495402042329589509, 0.1523829929221840185, 0.4489999999999995661 ) ) ;
#5321 = CARTESIAN_POINT ( 'NONE',  ( 0.6497084108799515700, 0.3806336465358191590, 0.4490000000000106128 ) ) ;
#5322 = CARTESIAN_POINT ( 'NONE',  ( 0.6124374429711588741, 0.4269754391185820452, 0.4499999999999944600 ) ) ;
#5323 = ADVANCED_FACE ( 'NONE', ( #1983 ), #5719, .T. ) ;
#5324 = CARTESIAN_POINT ( 'NONE',  ( 0.3903657337718870468, 0.5382095600696379378, 0.4489999999999999547 ) ) ;
#5325 = DIRECTION ( 'NONE',  ( -1.000000000000000000, 2.551063935260010984E-16, 0.0000000000000000000 ) ) ;
#5326 = SURFACE_STYLE_USAGE ( .BOTH. , #3088 ) ;
#5327 = EDGE_LOOP ( 'NONE', ( #5055, #2899, #4673, #1559 ) ) ;
#5328 = ORIENTED_EDGE ( 'NONE', *, *, #2719, .T. ) ;
#5329 = CARTESIAN_POINT ( 'NONE',  ( 0.9308925276597845855, 0.2496236817218264181, 0.4499999999999989009 ) ) ;
#5330 = MECHANICAL_DESIGN_GEOMETRIC_PRESENTATION_REPRESENTATION (  '', ( #1452 ), #2868 ) ;
#5331 = PRESENTATION_STYLE_ASSIGNMENT (( #4155 ) ) ;
#5332 = ADVANCED_FACE ( 'NONE', ( #5940 ), #5510, .T. ) ;
#5333 = CARTESIAN_POINT ( 'NONE',  ( 0.7179049629151939005, 0.3510020599351168502, 0.4490000000000236025 ) ) ;
#5334 =( NAMED_UNIT ( * ) SI_UNIT ( $, .STERADIAN. ) SOLID_ANGLE_UNIT ( ) );
#5335 = CARTESIAN_POINT ( 'NONE',  ( 0.7843384554522362384, 0.4042583202859101887, 0.4489999999999997882 ) ) ;
#5336 =( NAMED_UNIT ( * ) PLANE_ANGLE_UNIT ( ) SI_UNIT ( $, .RADIAN. ) );
#5337 = CARTESIAN_POINT ( 'NONE',  ( 0.9265850683950432876, 0.2658868984275427616, 0.4490000000000000102 ) ) ;
#5338 = FILL_AREA_STYLE_COLOUR ( '', #137 ) ;
#5339 = CARTESIAN_POINT ( 'NONE',  ( 0.3320353281587813954, 0.7440916492359325174, 0.4500000000000000666 ) ) ;
#5340 = CARTESIAN_POINT ( 'NONE',  ( 0.8134468948370316976, 0.1553793217688580752, 0.4500000000000005662 ) ) ;
#5341 = CARTESIAN_POINT ( 'NONE',  ( 0.3913156787240187895, 0.6689202435831720361, 0.4489999999999997327 ) ) ;
#5342 = CARTESIAN_POINT ( 'NONE',  ( 1.160000000000000142, -0.09999999999999999167, -0.005000000000000013115 ) ) ;
#5343 = PRESENTATION_LAYER_ASSIGNMENT (  '', '', ( #1240 ) ) ;
#5344 = CARTESIAN_POINT ( 'NONE',  ( 0.5338723078033592584, 0.7217243959760597516, 0.4489999999999997882 ) ) ;
#5345 = CARTESIAN_POINT ( 'NONE',  ( 0.5799599062200108124, 0.5584788472772237444, 0.4500000000000000666 ) ) ;
#5346 = CARTESIAN_POINT ( 'NONE',  ( 0.6704156466758776078, 0.3476629673870399451, 0.4489999999999999547 ) ) ;
#5347 = CARTESIAN_POINT ( 'NONE',  ( 0.8774461438592143780, 0.2167564648033994679, 0.4500000000000003442 ) ) ;
#5348 = CARTESIAN_POINT ( 'NONE',  ( 0.8834188315098643329, 0.2305530142575045738, 0.4489999999999996771 ) ) ;
#5349 = VECTOR ( 'NONE', #806, 1000.000000000000000 ) ;
#5350 = ORIENTED_EDGE ( 'NONE', *, *, #373, .F. ) ;
#5351 = VERTEX_POINT ( 'NONE', #3794 ) ;
#5352 = CARTESIAN_POINT ( 'NONE',  ( 0.7269495300550262717, 0.6388998309820500543, 0.4490000000000000102 ) ) ;
#5353 = CIRCLE ( 'NONE', #4426, 0.009999999999999996739 ) ;
#5354 = FILL_AREA_STYLE_COLOUR ( '', #3717 ) ;
#5355 = CARTESIAN_POINT ( 'NONE',  ( 0.7248291821430857818, 0.5212995209668790375, 0.4500000000000001776 ) ) ;
#5356 = ORIENTED_EDGE ( 'NONE', *, *, #6079, .T. ) ;
#5357 = ORIENTED_EDGE ( 'NONE', *, *, #3415, .F. ) ;
#5358 = PRESENTATION_LAYER_ASSIGNMENT (  '', '', ( #689 ) ) ;
#5359 = CARTESIAN_POINT ( 'NONE',  ( 0.9118125835148894742, 0.1833301969255166364, 0.4489999999999996216 ) ) ;
#5360 = CARTESIAN_POINT ( 'NONE',  ( 0.6704156466758776078, 0.3476629673870399451, 0.4494999999999999551 ) ) ;
#5361 = CARTESIAN_POINT ( 'NONE',  ( 0.7175614573826025744, 0.3610416372774885030, 0.4490000000000000102 ) ) ;
#5362 = DIRECTION ( 'NONE',  ( -0.0000000000000000000, -1.000000000000000000, -0.0000000000000000000 ) ) ;
#5363 = UNCERTAINTY_MEASURE_WITH_UNIT (LENGTH_MEASURE( 1.000000000000000082E-05 ), #951, 'distance_accuracy_value', 'NONE');
#5364 = CARTESIAN_POINT ( 'NONE',  ( 0.8221961081507445090, 0.2810395024139719644, 0.4490000000000000102 ) ) ;
#5365 = CARTESIAN_POINT ( 'NONE',  ( 0.6550866407571281913, 0.3045927813368830561, 0.4490000000000473057 ) ) ;
#5366 = VERTEX_POINT ( 'NONE', #3120 ) ;
#5367 = SURFACE_SIDE_STYLE ('',( #3800 ) ) ;
#5368 = SURFACE_STYLE_USAGE ( .BOTH. , #795 ) ;
#5369 = CARTESIAN_POINT ( 'NONE',  ( 0.8194129468363290369, 0.4270735233168556633, 0.4500000000000001221 ) ) ;
#5370 = CARTESIAN_POINT ( 'NONE',  ( 0.6000832846895902684, 0.3456891196253094045, 0.4499999999999985123 ) ) ;
#5371 = FILL_AREA_STYLE ('',( #1000 ) ) ;
#5372 = EDGE_CURVE ( 'NONE', #4626, #3307, #6004, .T. ) ;
#5373 = SURFACE_STYLE_USAGE ( .BOTH. , #3135 ) ;
#5374 =( NAMED_UNIT ( * ) PLANE_ANGLE_UNIT ( ) SI_UNIT ( $, .RADIAN. ) );
#5375 = CARTESIAN_POINT ( 'NONE',  ( 0.7171706398784485348, 0.5859002477408884468, 0.4499999999999995115 ) ) ;
#5376 = EDGE_CURVE ( 'NONE', #4841, #6904, #5971, .T. ) ;
#5377 = CARTESIAN_POINT ( 'NONE',  ( 0.3706521769281745371, 0.6887640996020685247, 0.4499999999999997891 ) ) ;
#5378 =( NAMED_UNIT ( * ) PLANE_ANGLE_UNIT ( ) SI_UNIT ( $, .RADIAN. ) );
#5379 = CARTESIAN_POINT ( 'NONE',  ( 0.7175614573826025744, 0.3610416372774885030, 0.4500000000000000111 ) ) ;
#5380 = CARTESIAN_POINT ( 'NONE',  ( 0.5138831173700151300, 0.6916335457600425451, 0.4500000000000001221 ) ) ;
#5381 = CARTESIAN_POINT ( 'NONE',  ( 0.5991816723169032244, 0.3353666265750742115, 0.4499999999999999556 ) ) ;
#5382 = SURFACE_SIDE_STYLE ('',( #271 ) ) ;
#5383 = CARTESIAN_POINT ( 'NONE',  ( 0.5599553513271832150, 0.5804759850971142887, 0.4499999999999999556 ) ) ;
#5384 = EDGE_CURVE ( 'NONE', #875, #1798, #4811, .T. ) ;
#5385 = ORIENTED_EDGE ( 'NONE', *, *, #5062, .F. ) ;
#5386 = CARTESIAN_POINT ( 'NONE',  ( 0.3649646961217261620, 0.5465950550997595858, 0.4500000000000003997 ) ) ;
#5387 = CARTESIAN_POINT ( 'NONE',  ( 0.6370954898204381767, 0.7212993600977364306, 0.4489999999999999547 ) ) ;
#5388 = CARTESIAN_POINT ( 'NONE',  ( 0.5766858339748921480, 0.7546155061835941869, 0.4490000000000065050 ) ) ;
#5389 = CARTESIAN_POINT ( 'NONE',  ( 0.6750331110584962824, 0.2526474701383337740, 0.4490000000000000657 ) ) ;
#5390 = VERTEX_POINT ( 'NONE', #3716 ) ;
#5391 = EDGE_LOOP ( 'NONE', ( #5207, #2670, #4739, #6291 ) ) ;
#5392 = LINE ( 'NONE', #386, #6188 ) ;
#5393 = CARTESIAN_POINT ( 'NONE',  ( 0.9375078162093271050, 0.7145151720635484205, 0.4500000000000000666 ) ) ;
#5394 = CARTESIAN_POINT ( 'NONE',  ( 0.7121360739688262775, 0.3809010354865931536, 0.4500000000000001776 ) ) ;
#5395 = CARTESIAN_POINT ( 'NONE',  ( 0.7600000000000002309, 0.9499999999999999556, 0.1650000000000000078 ) ) ;
#5396 = AXIS2_PLACEMENT_3D ( 'NONE', #5733, #2878, #4085 ) ;
#5397 = CARTESIAN_POINT ( 'NONE',  ( 0.4208915014855482140, 0.7605069676862856731, 0.4489999999999999547 ) ) ;
#5398 = CARTESIAN_POINT ( 'NONE',  ( 0.8631020732032431697, 0.2713781818335428420, 0.4490000000000001212 ) ) ;
#5399 = PRESENTATION_LAYER_ASSIGNMENT (  '', '', ( #4582 ) ) ;
#5400 = VERTEX_POINT ( 'NONE', #5395 ) ;
#5401 = CARTESIAN_POINT ( 'NONE',  ( 0.8398613431235271154, 0.1521935496519972175, 0.4499999999999997335 ) ) ;
#5402 = CARTESIAN_POINT ( 'NONE',  ( 0.6700361116261777106, 0.3398444510504048943, 0.4500000000000000111 ) ) ;
#5403 = CARTESIAN_POINT ( 'NONE',  ( 0.7876488069795454239, 0.4077241414574783174, 0.4500000000000000111 ) ) ;
#5404 = COLOUR_RGB ( '',1.000000000000000000, 1.000000000000000000, 1.000000000000000000 ) ;
#5405 = CARTESIAN_POINT ( 'NONE',  ( 0.7130605014507889194, 0.3197030461862863104, 0.4490000000000641811 ) ) ;
#5406 = AXIS2_PLACEMENT_3D ( 'NONE', #4627, #3010, #180 ) ;
#5407 = SURFACE_STYLE_USAGE ( .BOTH. , #5447 ) ;
#5408 = SURFACE_STYLE_USAGE ( .BOTH. , #6487 ) ;
#5409 = CARTESIAN_POINT ( 'NONE',  ( 1.240000000000000213, 0.7910495720687359400, 0.4500000000000000111 ) ) ;
#5410 = CARTESIAN_POINT ( 'NONE',  ( 2.049819732355406821E-16, 0.7910495720687362731, 0.4399999999999999467 ) ) ;
#5411 = CARTESIAN_POINT ( 'NONE',  ( 0.3721163454726249542, 0.7676866556531209973, 0.4500000000000001221 ) ) ;
#5412 = DIRECTION ( 'NONE',  ( 0.0000000000000000000, 0.0000000000000000000, 1.000000000000000000 ) ) ;
#5413 = CARTESIAN_POINT ( 'NONE',  ( 0.4999276880041989002, 0.6298188245742321056, 0.4495000000000006768 ) ) ;
#5414 = CARTESIAN_POINT ( 'NONE',  ( 0.7018420474194082548, 0.3995134325593362457, 0.4499999999999999001 ) ) ;
#5415 = COLOUR_RGB ( '',1.000000000000000000, 1.000000000000000000, 1.000000000000000000 ) ;
#5416 = CARTESIAN_POINT ( 'NONE',  ( 0.6286822395389578544, 0.7686666966775210774, 0.4500000000000000111 ) ) ;
#5417 = ADVANCED_FACE ( 'NONE', ( #391 ), #6750, .T. ) ;
#5418 = DIRECTION ( 'NONE',  ( -1.000000000000000000, 2.519953399464156897E-16, -2.799948221626842572E-17 ) ) ;
#5419 = CARTESIAN_POINT ( 'NONE',  ( 0.6249809054859343238, 0.3811153958488447957, 0.4490000000000000102 ) ) ;
#5420 = CARTESIAN_POINT ( 'NONE',  ( 0.6339996194181964917, 0.7212162909437804803, 0.4489999999999999547 ) ) ;
#5421 = B_SPLINE_CURVE_WITH_KNOTS ( 'NONE', 3,
 ( #2451, #5688, #2929, #1252, #5718, #2341, #1214, #6831, #1838, #5250, #4074 ),
 .UNSPECIFIED., .F., .F.,
 ( 4, 1, 1, 1, 1, 1, 1, 1, 4 ),
 ( 1.212174879515270077E-19, 7.916110005568858097E-06, 1.519782728079221409E-05, 2.185590689487504693E-05, 2.794569661812868819E-05, 3.358453503113531752E-05, 3.887244721189983288E-05, 4.387886520502326293E-05, 4.873842527431617615E-05 ),
 .UNSPECIFIED. ) ;
#5422 = ORIENTED_EDGE ( 'NONE', *, *, #2313, .F. ) ;
#5423 = CARTESIAN_POINT ( 'NONE',  ( 0.3449513925982160556, 0.5720472233455995426, 0.4494999999999831908 ) ) ;
#5424 = CARTESIAN_POINT ( 'NONE',  ( 0.6877673262473213978, 0.2695265151496882283, 0.4499999999999969580 ) ) ;
#5425 = EDGE_CURVE ( 'NONE', #6703, #398, #3390, .T. ) ;
#5426 =( NAMED_UNIT ( * ) SI_UNIT ( $, .STERADIAN. ) SOLID_ANGLE_UNIT ( ) );
#5427 = SURFACE_STYLE_USAGE ( .BOTH. , #6068 ) ;
#5428 = CARTESIAN_POINT ( 'NONE',  ( 0.7524283316082216455, 0.5517620972877614882, 0.4489999999999999547 ) ) ;
#5429 = ORIENTED_EDGE ( 'NONE', *, *, #4255, .T. ) ;
#5430 = VERTEX_POINT ( 'NONE', #4536 ) ;
#5431 = CARTESIAN_POINT ( 'NONE',  ( 0.5245556039408350024, 0.3989153879265696645, 0.4500000000000000666 ) ) ;
#5432 = CARTESIAN_POINT ( 'NONE',  ( 0.8495156539723812683, 0.3305919223065550971, 0.4489999999999996771 ) ) ;
#5433 = PRESENTATION_STYLE_ASSIGNMENT (( #6475 ) ) ;
#5434 = B_SPLINE_SURFACE_WITH_KNOTS ( 'NONE', 3, 1, ( 
 ( #2245, #6038 ),
 ( #1494, #1568 ),
 ( #4926, #3826 ),
 ( #2528, #2128 ),
 ( #7007, #3791 ),
 ( #4369, #4219 ),
 ( #3075, #3156 ),
 ( #464, #1459 ),
 ( #2016, #3752 ),
 ( #2671, #4775 ),
 ( #6435, #1424 ) ),
 .UNSPECIFIED., .F., .F., .F.,
 ( 4, 1, 1, 1, 1, 1, 1, 1, 4 ),
 ( 2, 2 ),
 ( 0.0000000000000000000, 0.05923418912294424465, 0.1363492805279912234, 0.2338052120618139829, 0.3494112238568928830, 0.4831791503491686401, 0.6359668555591128092, 0.8092433563675900388, 1.000000000000000000 ),
 ( 0.0000000000000000000, 1.000000000000000000 ),
 .UNSPECIFIED. ) ;
#5435 = AXIS2_PLACEMENT_3D ( 'NONE', #6708, #5130, #5021 ) ;
#5436 = UNCERTAINTY_MEASURE_WITH_UNIT (LENGTH_MEASURE( 1.000000000000000082E-05 ), #353, 'distance_accuracy_value', 'NONE');
#5437 = FACE_OUTER_BOUND ( 'NONE', #6071, .T. ) ;
#5438 =( GEOMETRIC_REPRESENTATION_CONTEXT ( 3 ) GLOBAL_UNCERTAINTY_ASSIGNED_CONTEXT ( ( #5656 ) ) GLOBAL_UNIT_ASSIGNED_CONTEXT ( ( #1305, #3514, #928 ) ) REPRESENTATION_CONTEXT ( 'NONE', 'WORKASPACE' ) );
#5439 = FILL_AREA_STYLE_COLOUR ( '', #5681 ) ;
#5440 = EDGE_LOOP ( 'NONE', ( #4622, #3799 ) ) ;
#5441 = CARTESIAN_POINT ( 'NONE',  ( 0.8678482458566479929, 0.1555343919980496925, 0.4499999999999997335 ) ) ;
#5442 = LINE ( 'NONE', #4304, #6670 ) ;
#5443 = CARTESIAN_POINT ( 'NONE',  ( 0.6021662316168909790, 0.3549868542116395020, 0.4499999999999984568 ) ) ;
#5444 = STYLED_ITEM ( 'NONE', ( #144 ), #648 ) ;
#5445 = CARTESIAN_POINT ( 'NONE',  ( 0.7054569599312298100, 0.2995412568933912834, 0.4490000000000641256 ) ) ;
#5446 = SURFACE_STYLE_FILL_AREA ( #5371 ) ;
#5447 = SURFACE_SIDE_STYLE ('',( #3174 ) ) ;
#5448 = PRESENTATION_STYLE_ASSIGNMENT (( #3251 ) ) ;
#5449 = FILL_AREA_STYLE ('',( #3690 ) ) ;
#5450 = SURFACE_STYLE_FILL_AREA ( #4348 ) ;
#5451 = CARTESIAN_POINT ( 'NONE',  ( 0.3530131692988296432, 0.7611468703264794300, 0.4500000000000000666 ) ) ;
#5452 = PRESENTATION_LAYER_ASSIGNMENT (  '', '', ( #878 ) ) ;
#5453 = CARTESIAN_POINT ( 'NONE',  ( 0.8198001330246033058, 0.2051034914807613740, 0.4490000000000000102 ) ) ;
#5454 = CARTESIAN_POINT ( 'NONE',  ( 0.5766858339748921480, 0.7546155061835940758, 0.4500000000000000666 ) ) ;
#5455 = CARTESIAN_POINT ( 'NONE',  ( 0.3865575457766348699, 0.4906369669353432550, 0.4500000000000000666 ) ) ;
#5456 = CARTESIAN_POINT ( 'NONE',  ( 0.5399759500496672526, 0.7282639320672215089, 0.4500000000000000111 ) ) ;
#5457 = COLOUR_RGB ( '',1.000000000000000000, 1.000000000000000000, 0.7254901960784313486 ) ;
#5458 =( NAMED_UNIT ( * ) PLANE_ANGLE_UNIT ( ) SI_UNIT ( $, .RADIAN. ) );
#5459 = UNCERTAINTY_MEASURE_WITH_UNIT (LENGTH_MEASURE( 1.000000000000000082E-05 ), #4554, 'distance_accuracy_value', 'NONE');
#5460 = CARTESIAN_POINT ( 'NONE',  ( 0.6284404296937929901, 0.3821416946245264068, 0.4500000000000000666 ) ) ;
#5461 = CARTESIAN_POINT ( 'NONE',  ( 0.5474170042435151373, 0.6291828069460271289, 0.4500000000000000111 ) ) ;
#5462 =( LENGTH_UNIT ( ) NAMED_UNIT ( * ) SI_UNIT ( .MILLI., .METRE. ) );
#5463 = EDGE_LOOP ( 'NONE', ( #2920, #530, #1168, #2788 ) ) ;
#5464 = CARTESIAN_POINT ( 'NONE',  ( 0.6872522516101335910, 0.7063655087495971374, 0.4490000000000000657 ) ) ;
#5465 =( NAMED_UNIT ( * ) SI_UNIT ( $, .STERADIAN. ) SOLID_ANGLE_UNIT ( ) );
#5466 = ADVANCED_FACE ( 'NONE', ( #1699 ), #3279, .F. ) ;
#5467 = CARTESIAN_POINT ( 'NONE',  ( 0.8387014277522524264, 0.3826031864411457706, 0.4489999999999994551 ) ) ;
#5468 = CARTESIAN_POINT ( 'NONE',  ( 0.8794493136312814263, 0.4223631705857205376, 0.4490000000000000657 ) ) ;
#5469 = CARTESIAN_POINT ( 'NONE',  ( 0.6877673262473213978, 0.2695265151496882283, 0.4499999999999999001 ) ) ;
#5470 = CARTESIAN_POINT ( 'NONE',  ( 1.239999999999999991, 0.05359417979625318712, 0.4500000000000000666 ) ) ;
#5471 = ORIENTED_EDGE ( 'NONE', *, *, #238, .F. ) ;
#5472 = EDGE_CURVE ( 'NONE', #5687, #620, #1919, .T. ) ;
#5473 = DIRECTION ( 'NONE',  ( -2.817178834852666069E-17, -0.1104315260748466032, -0.9938837346736189016 ) ) ;
#5474 = CARTESIAN_POINT ( 'NONE',  ( 0.3194410077408382787, 0.7213101330025534219, 0.4500000000000013434 ) ) ;
#5475 = CARTESIAN_POINT ( 'NONE',  ( 0.5474980662278191579, 0.6324552639853529001, 0.4490000000000003988 ) ) ;
#5476 =( GEOMETRIC_REPRESENTATION_CONTEXT ( 3 ) GLOBAL_UNCERTAINTY_ASSIGNED_CONTEXT ( ( #3161 ) ) GLOBAL_UNIT_ASSIGNED_CONTEXT ( ( #2033, #3013, #1913 ) ) REPRESENTATION_CONTEXT ( 'NONE', 'WORKASPACE' ) );
#5477 = CARTESIAN_POINT ( 'NONE',  ( 0.4136645099986887564, 0.7638772663139192787, 0.4489999999999999547 ) ) ;
#5478 = COLOUR_RGB ( '',1.000000000000000000, 1.000000000000000000, 1.000000000000000000 ) ;
#5479 = CARTESIAN_POINT ( 'NONE',  ( 0.8907468742909037118, 0.3100692664075860305, 0.4489999999999998437 ) ) ;
#5480 = FILL_AREA_STYLE ('',( #5439 ) ) ;
#5481 = VERTEX_POINT ( 'NONE', #2389 ) ;
#5482 = EDGE_CURVE ( 'NONE', #5366, #6411, #1295, .T. ) ;
#5483 = CARTESIAN_POINT ( 'NONE',  ( 0.9118125835148894742, 0.1833301969255166364, 0.4490000000000000657 ) ) ;
#5484 = CARTESIAN_POINT ( 'NONE',  ( 0.6515192660874921105, 0.7684344311807755901, 0.4500000000000000666 ) ) ;
#5485 =( LENGTH_UNIT ( ) NAMED_UNIT ( * ) SI_UNIT ( .MILLI., .METRE. ) );
#5486 = PLANE ( 'NONE',  #2000 ) ;
#5487 = MECHANICAL_DESIGN_GEOMETRIC_PRESENTATION_REPRESENTATION (  '', ( #3956 ), #2545 ) ;
#5488 = CARTESIAN_POINT ( 'NONE',  ( 0.8826335286203220720, 0.3055267995184502428, 0.4500000000000000666 ) ) ;
#5489 = CARTESIAN_POINT ( 'NONE',  ( 0.6385087623275870206, 0.4303452590537065747, 0.4494999999999997886 ) ) ;
#5490 = CARTESIAN_POINT ( 'NONE',  ( 0.7843384554522362384, 0.4042583202859101887, 0.4499999999999999001 ) ) ;
#5491 = CARTESIAN_POINT ( 'NONE',  ( 2.049819732355406821E-16, 0.7910495720687361620, 0.4399999999999999467 ) ) ;
#5492 =( LENGTH_UNIT ( ) NAMED_UNIT ( * ) SI_UNIT ( .MILLI., .METRE. ) );
#5493 =( NAMED_UNIT ( * ) PLANE_ANGLE_UNIT ( ) SI_UNIT ( $, .RADIAN. ) );
#5494 = CARTESIAN_POINT ( 'NONE',  ( 0.5010142748934545143, 0.6483852296141183746, 0.4500000000000000666 ) ) ;
#5495 = CARTESIAN_POINT ( 'NONE',  ( 0.5138831173700151300, 0.6916335457600425451, 0.4490000000000000102 ) ) ;
#5496 =( LENGTH_UNIT ( ) NAMED_UNIT ( * ) SI_UNIT ( .MILLI., .METRE. ) );
#5497 = CARTESIAN_POINT ( 'NONE',  ( 0.6320760187746498060, 0.3827240262899490042, 0.4499999999999997335 ) ) ;
#5498 = CARTESIAN_POINT ( 'NONE',  ( 0.3837810519967270184, 0.7687253566128577909, 0.4490000000000059499 ) ) ;
#5499 = CARTESIAN_POINT ( 'NONE',  ( 0.8795912705063712034, 0.2199254669060040634, 0.4490000000000001212 ) ) ;
#5500 = ORIENTED_EDGE ( 'NONE', *, *, #6250, .T. ) ;
#5501 = SURFACE_STYLE_FILL_AREA ( #3918 ) ;
#5502 = FILL_AREA_STYLE_COLOUR ( '', #1076 ) ;
#5503 = CARTESIAN_POINT ( 'NONE',  ( 0.3449513925982160556, 0.5720472233455996536, 0.4500000000000000666 ) ) ;
#5504 = CARTESIAN_POINT ( 'NONE',  ( 0.5934029968068332828, 0.7616287507010536251, 0.4490000000000065050 ) ) ;
#5505 = CARTESIAN_POINT ( 'NONE',  ( 0.9128483152016535485, 0.3873688106387151442, 0.4499999999999999556 ) ) ;
#5506 = ORIENTED_EDGE ( 'NONE', *, *, #5017, .F. ) ;
#5507 = CARTESIAN_POINT ( 'NONE',  ( 0.7072987420430844052, 0.5711117341669983416, 0.4499999999999998446 ) ) ;
#5508 = CARTESIAN_POINT ( 'NONE',  ( 0.3320353281587813954, 0.7440916492359325174, 0.4500000000000011768 ) ) ;
#5509 = CARTESIAN_POINT ( 'NONE',  ( 0.5537074949905437249, 0.6657753715330457789, 0.4490000000000007319 ) ) ;
#5510 = PLANE ( 'NONE',  #4107 ) ;
#5511 = CARTESIAN_POINT ( 'NONE',  ( 0.4401315268448013351, 0.7469013023680096675, 0.4489999999999998437 ) ) ;
#5512 = UNCERTAINTY_MEASURE_WITH_UNIT (LENGTH_MEASURE( 1.000000000000000082E-05 ), #998, 'distance_accuracy_value', 'NONE');
#5513 = EDGE_CURVE ( 'NONE', #3166, #1057, #38, .T. ) ;
#5514 = FILL_AREA_STYLE_COLOUR ( '', #4884 ) ;
#5515 = ORIENTED_EDGE ( 'NONE', *, *, #72, .T. ) ;
#5516 = DIRECTION ( 'NONE',  ( 0.0000000000000000000, 0.0000000000000000000, 1.000000000000000000 ) ) ;
#5517 = CARTESIAN_POINT ( 'NONE',  ( 0.8194129468363290369, 0.4270735233168556633, 0.4490000000000111680 ) ) ;
#5518 = CARTESIAN_POINT ( 'NONE',  ( 0.9177110859042711954, 0.3524424143960628864, 0.4500000000000005107 ) ) ;
#5519 = EDGE_CURVE ( 'NONE', #4935, #7148, #6336, .T. ) ;
#5520 = CARTESIAN_POINT ( 'NONE',  ( 0.3235327365263614974, 0.6726692836523765484, 0.4489999999999991775 ) ) ;
#5521 = CARTESIAN_POINT ( 'NONE',  ( 0.4660067478332588498, 0.5659520544086339422, 0.4500000000000001221 ) ) ;
#5522 = CARTESIAN_POINT ( 'NONE',  ( 0.3652939493697267559, 0.6973983330377369061, 0.4500000000000001221 ) ) ;
#5523 = CARTESIAN_POINT ( 'NONE',  ( 0.3171729706529584081, 0.6920046022186432388, 0.4500000000000000666 ) ) ;
#5524 = CARTESIAN_POINT ( 'NONE',  ( 0.8266828704557713792, 0.2019047022156224835, 0.4489999999999997327 ) ) ;
#5525 =( GEOMETRIC_REPRESENTATION_CONTEXT ( 3 ) GLOBAL_UNCERTAINTY_ASSIGNED_CONTEXT ( ( #5436 ) ) GLOBAL_UNIT_ASSIGNED_CONTEXT ( ( #353, #2055, #3674 ) ) REPRESENTATION_CONTEXT ( 'NONE', 'WORKASPACE' ) );
#5526 = DIRECTION ( 'NONE',  ( -1.000000000000000000, -0.0000000000000000000, 0.0000000000000000000 ) ) ;
#5527 = CARTESIAN_POINT ( 'NONE',  ( 0.3167546110811221283, 0.7016888165614115769, 0.4495000000000000107 ) ) ;
#5528 = CARTESIAN_POINT ( 'NONE',  ( 0.6345493401366599784, 0.3828115064363111775, 0.4489999999999998992 ) ) ;
#5529 = CARTESIAN_POINT ( 'NONE',  ( 0.3861865354935152816, 0.7687886763370526122, 0.4489999999999969016 ) ) ;
#5530 = MECHANICAL_DESIGN_GEOMETRIC_PRESENTATION_REPRESENTATION (  '', ( #6551 ), #395 ) ;
#5531 = CARTESIAN_POINT ( 'NONE',  ( 0.6418107436705451363, 0.2870350113310099482, 0.4499999999999989009 ) ) ;
#5532 = VECTOR ( 'NONE', #6512, 1000.000000000000000 ) ;
#5533 = CARTESIAN_POINT ( 'NONE',  ( 0.7054569599312298100, 0.2995412568933912834, 0.4499999999999970135 ) ) ;
#5534 = VECTOR ( 'NONE', #2581, 999.9999999999998863 ) ;
#5535 = CARTESIAN_POINT ( 'NONE',  ( 0.6637200964576631668, 0.7176766301290350425, 0.4490000000000001767 ) ) ;
#5536 = DIRECTION ( 'NONE',  ( -0.0000000000000000000, -1.000000000000000000, -0.0000000000000000000 ) ) ;
#5537 = STYLED_ITEM ( 'NONE', ( #1900 ), #6602 ) ;
#5538 = CARTESIAN_POINT ( 'NONE',  ( 0.8517598644239526839, 0.4301657104080245930, 0.4499999999999999001 ) ) ;
#5539 =( NAMED_UNIT ( * ) PLANE_ANGLE_UNIT ( ) SI_UNIT ( $, .RADIAN. ) );
#5540 = ORIENTED_EDGE ( 'NONE', *, *, #2555, .F. ) ;
#5541 = CARTESIAN_POINT ( 'NONE',  ( 0.7269582759978838737, 0.6201708477116411045, 0.4499999999999999556 ) ) ;
#5542 = CARTESIAN_POINT ( 'NONE',  ( 0.4185174315939425571, 0.5631959780197450804, 0.4494999999999746421 ) ) ;
#5543 = CARTESIAN_POINT ( 'NONE',  ( 0.6322545889835697874, 0.2030749599084074597, 0.4500000000000000666 ) ) ;
#5544 = LINE ( 'NONE', #5067, #4385 ) ;
#5545 = CARTESIAN_POINT ( 'NONE',  ( 0.01000000000000002623, 0.05895042793126382963, 0.4399999999999999467 ) ) ;
#5546 = CARTESIAN_POINT ( 'NONE',  ( 0.6681779216871021054, 0.3317358532314023112, 0.4490000000000473057 ) ) ;
#5547 = ORIENTED_EDGE ( 'NONE', *, *, #5772, .F. ) ;
#5548 = ORIENTED_EDGE ( 'NONE', *, *, #4486, .F. ) ;
#5549 = VECTOR ( 'NONE', #6779, 1000.000000000000000 ) ;
#5550 = LINE ( 'NONE', #6122, #5784 ) ;
#5551 = CARTESIAN_POINT ( 'NONE',  ( 0.4900000000000002132, 0.8000000000000000444, -0.005000000000000013115 ) ) ;
#5552 = CARTESIAN_POINT ( 'NONE',  ( 1.596397453640112373E-17, 0.05312839180776602471, 0.4406468929026108872 ) ) ;
#5553 = CARTESIAN_POINT ( 'NONE',  ( 1.240000000000000213, 0.8009884094154730017, 0.4411043152607423967 ) ) ;
#5554 = EDGE_CURVE ( 'NONE', #5310, #6703, #4370, .T. ) ;
#5555 = DIRECTION ( 'NONE',  ( 0.0000000000000000000, 0.0000000000000000000, -1.000000000000000000 ) ) ;
#5556 =( LENGTH_UNIT ( ) NAMED_UNIT ( * ) SI_UNIT ( .MILLI., .METRE. ) );
#5557 = B_SPLINE_CURVE_WITH_KNOTS ( 'NONE', 3,
 ( #6039, #5475, #466, #7085, #3268, #5509, #3236, #2707, #2673, #4928, #3891, #3793, #4892, #2093, #2130, #4372, #1570, #3299, #3863 ),
 .UNSPECIFIED., .F., .F.,
 ( 4, 1, 1, 1, 1, 1, 1, 1, 1, 1, 1, 1, 1, 1, 1, 1, 4 ),
 ( 0.0000000000000000000, 9.858283368141157972E-06, 1.930788781397549395E-05, 2.852979407084063433E-05, 3.750308732421497388E-05, 4.634160127651948218E-05, 5.521691652865768431E-05, 6.412951716010756667E-05, 7.321518498160774571E-05, 8.229710858048726796E-05, 9.111346801742209228E-05, 9.980550123784851977E-05, 0.0001084507790268772069, 0.0001171388983859928112, 0.0001259457689577177871, 0.0001350259759385795324, 0.0001443524021004588217 ),
 .UNSPECIFIED. ) ;
#5558 = AXIS2_PLACEMENT_3D ( 'NONE', #6656, #545, #6015 ) ;
#5559 = EDGE_CURVE ( 'NONE', #5430, #5222, #355, .T. ) ;
#5560 = FACE_OUTER_BOUND ( 'NONE', #6533, .T. ) ;
#5561 = CARTESIAN_POINT ( 'NONE',  ( 1.250000000000000222, 0.8399384609576248106, 0.0000000000000000000 ) ) ;
#5562 = CARTESIAN_POINT ( 'NONE',  ( 0.6601365735976367777, 0.4280597760131801266, 0.4490000000000083924 ) ) ;
#5563 = FACE_OUTER_BOUND ( 'NONE', #4340, .T. ) ;
#5564 = CARTESIAN_POINT ( 'NONE',  ( 0.3530131692988296988, 0.7611468703264794300, 0.4490000000000059499 ) ) ;
#5565 = FILL_AREA_STYLE ('',( #2259 ) ) ;
#5566 = PRESENTATION_STYLE_ASSIGNMENT (( #6101 ) ) ;
#5567 =( NAMED_UNIT ( * ) PLANE_ANGLE_UNIT ( ) SI_UNIT ( $, .RADIAN. ) );
#5568 = FACE_OUTER_BOUND ( 'NONE', #1567, .T. ) ;
#5569 = CARTESIAN_POINT ( 'NONE',  ( 1.160000000000000142, 0.04999999999999999584, -0.005000000000000013115 ) ) ;
#5570 = CARTESIAN_POINT ( 'NONE',  ( 0.8494054944843163479, 0.3826453659891582149, 0.4490000000000004543 ) ) ;
#5571 = CARTESIAN_POINT ( 'NONE',  ( 0.4340615937299925897, 0.6311242493619638738, 0.4489999999999999547 ) ) ;
#5572 =( LENGTH_UNIT ( ) NAMED_UNIT ( * ) SI_UNIT ( .MILLI., .METRE. ) );
#5573 = VECTOR ( 'NONE', #2722, 1000.000000000000000 ) ;
#5574 =( NAMED_UNIT ( * ) SI_UNIT ( $, .STERADIAN. ) SOLID_ANGLE_UNIT ( ) );
#5575 = ORIENTED_EDGE ( 'NONE', *, *, #5017, .T. ) ;
#5576 = CARTESIAN_POINT ( 'NONE',  ( 0.6801790734182862064, 0.5482843543592654800, 0.4500000000000001776 ) ) ;
#5577 = CARTESIAN_POINT ( 'NONE',  ( 0.3654581498553361452, 0.7661492513971813745, 0.4500000000000010658 ) ) ;
#5578 = SURFACE_STYLE_USAGE ( .BOTH. , #2785 ) ;
#5579 =( GEOMETRIC_REPRESENTATION_CONTEXT ( 3 ) GLOBAL_UNCERTAINTY_ASSIGNED_CONTEXT ( ( #4494 ) ) GLOBAL_UNIT_ASSIGNED_CONTEXT ( ( #7077, #1943, #6970 ) ) REPRESENTATION_CONTEXT ( 'NONE', 'WORKASPACE' ) );
#5580 = CARTESIAN_POINT ( 'NONE',  ( 0.5517528103001877460, 0.5982884212072959729, 0.4489999999999998992 ) ) ;
#5581 = CARTESIAN_POINT ( 'NONE',  ( 0.3490165176760305910, 0.4981817476242150211, 0.4500000000000001221 ) ) ;
#5582 = ORIENTED_EDGE ( 'NONE', *, *, #6124, .T. ) ;
#5583 = PRESENTATION_LAYER_ASSIGNMENT (  '', '', ( #6719 ) ) ;
#5584 = CARTESIAN_POINT ( 'NONE',  ( 0.7746873033888143079, 0.6289177996009415184, 0.4494999999999961804 ) ) ;
#5585 = DIRECTION ( 'NONE',  ( 0.0000000000000000000, -0.0000000000000000000, -1.000000000000000000 ) ) ;
#5586 = CARTESIAN_POINT ( 'NONE',  ( 0.3549509030861340841, 0.4235610710195185091, 0.4489999999999999547 ) ) ;
#5587 = PRESENTATION_LAYER_ASSIGNMENT (  '', '', ( #4065 ) ) ;
#5588 = CARTESIAN_POINT ( 'NONE',  ( 0.9180385099237406976, 0.3609663361103305212, 0.4489999999999999547 ) ) ;
#5589 = FACE_OUTER_BOUND ( 'NONE', #204, .T. ) ;
#5590 = CARTESIAN_POINT ( 'NONE',  ( 0.3196754289821156503, 0.6823375563157275669, 0.4500000000000001221 ) ) ;
#5591 = MECHANICAL_DESIGN_GEOMETRIC_PRESENTATION_REPRESENTATION (  '', ( #463 ), #228 ) ;
#5592 = CARTESIAN_POINT ( 'NONE',  ( 0.7242195098240641338, 0.7376884908456790013, 0.4490000000000000102 ) ) ;
#5593 =( NAMED_UNIT ( * ) PLANE_ANGLE_UNIT ( ) SI_UNIT ( $, .RADIAN. ) );
#5594 = EDGE_CURVE ( 'NONE', #1327, #462, #3854, .T. ) ;
#5595 = DIRECTION ( 'NONE',  ( -0.0000000000000000000, -1.000000000000000000, -0.0000000000000000000 ) ) ;
#5596 = CARTESIAN_POINT ( 'NONE',  ( 0.7778951464180026143, 0.1757877114285712195, 0.4489999999999999547 ) ) ;
#5597 = FACE_OUTER_BOUND ( 'NONE', #3465, .T. ) ;
#5598 = ADVANCED_FACE ( 'NONE', ( #1847 ), #4319, .T. ) ;
#5599 = CARTESIAN_POINT ( 'NONE',  ( 0.5474170042435151373, 0.6291828069460271289, 0.4489999999999999547 ) ) ;
#5600 = DIRECTION ( 'NONE',  ( -1.000000000000000000, 0.0000000000000000000, -0.0000000000000000000 ) ) ;
#5601 = ORIENTED_EDGE ( 'NONE', *, *, #5559, .F. ) ;
#5602 = CARTESIAN_POINT ( 'NONE',  ( 0.8086667430741568685, 0.2153801792822913896, 0.4499999999999999001 ) ) ;
#5603 = CARTESIAN_POINT ( 'NONE',  ( 0.7344448507465249909, 0.7282088904604492319, 0.4490000000000062275 ) ) ;
#5604 = FACE_OUTER_BOUND ( 'NONE', #3437, .T. ) ;
#5605 = CARTESIAN_POINT ( 'NONE',  ( 0.8441544621139117632, 0.4303452590537065747, 0.4495000000000000107 ) ) ;
#5606 = EDGE_CURVE ( 'NONE', #342, #5481, #7094, .T. ) ;
#5607 = SURFACE_SIDE_STYLE ('',( #2891 ) ) ;
#5608 = CARTESIAN_POINT ( 'NONE',  ( 0.8467188313160367574, 0.4302847193217502197, 0.4490000000000000102 ) ) ;
#5609 = DIRECTION ( 'NONE',  ( 1.000000000000000000, 0.0000000000000000000, 0.0000000000000000000 ) ) ;
#5610 = ORIENTED_EDGE ( 'NONE', *, *, #6513, .T. ) ;
#5611 = CARTESIAN_POINT ( 'NONE',  ( 0.3894402360837442845, 0.4906916930052381831, 0.4489999999999998437 ) ) ;
#5612 =( NAMED_UNIT ( * ) SI_UNIT ( $, .STERADIAN. ) SOLID_ANGLE_UNIT ( ) );
#5613 = B_SPLINE_SURFACE_WITH_KNOTS ( 'NONE', 3, 1, ( 
 ( #3255, #1331 ),
 ( #1226, #5226 ),
 ( #3576, #5662 ),
 ( #5769, #259 ),
 ( #1888, #2910 ),
 ( #3469, #5194 ),
 ( #657, #4570 ),
 ( #6879, #152 ),
 ( #1297, #6193 ),
 ( #4121, #5700 ),
 ( #223, #3543 ) ),
 .UNSPECIFIED., .F., .F., .F.,
 ( 4, 1, 1, 1, 1, 1, 1, 1, 4 ),
 ( 2, 2 ),
 ( 0.0000000000000000000, 0.1624203072014378524, 0.3118243397330477951, 0.4484327667925793182, 0.5733811968860482722, 0.6890771468735452654, 0.7975729005012505146, 0.9002930430775780701, 1.000000000000000000 ),
 ( 0.0000000000000000000, 1.000000000000000000 ),
 .UNSPECIFIED. ) ;
#5614 = CARTESIAN_POINT ( 'NONE',  ( 0.5522982064269944535, 0.3459781109829264678, 0.4499999999999994560 ) ) ;
#5615 = CARTESIAN_POINT ( 'NONE',  ( 0.3149140035324421438, 0.5273508926800407615, 0.4489999999999998437 ) ) ;
#5616 = FACE_OUTER_BOUND ( 'NONE', #704, .T. ) ;
#5617 = ORIENTED_EDGE ( 'NONE', *, *, #4079, .T. ) ;
#5618 =( NAMED_UNIT ( * ) SI_UNIT ( $, .STERADIAN. ) SOLID_ANGLE_UNIT ( ) );
#5619 = CARTESIAN_POINT ( 'NONE',  ( 0.8425291837306945197, 0.7145151720635484205, 0.4500000000000000666 ) ) ;
#5620 = FILL_AREA_STYLE ('',( #6330 ) ) ;
#5621 = DIRECTION ( 'NONE',  ( -0.0000000000000000000, -1.000000000000000000, -0.0000000000000000000 ) ) ;
#5622 = CARTESIAN_POINT ( 'NONE',  ( 0.8705491936844246270, 0.3579452523763562155, 0.4494999999999974016 ) ) ;
#5623 = SURFACE_STYLE_USAGE ( .BOTH. , #2726 ) ;
#5624 = FILL_AREA_STYLE_COLOUR ( '', #4159 ) ;
#5625 = CARTESIAN_POINT ( 'NONE',  ( 0.3167546110811221283, 0.7016888165614115769, 0.4500000000000000666 ) ) ;
#5626 = CARTESIAN_POINT ( 'NONE',  ( 0.6424376158999668407, 0.7686695713674800423, 0.4500000000000000666 ) ) ;
#5627 = AXIS2_PLACEMENT_3D ( 'NONE', #5133, #3374, #5609 ) ;
#5628 = CARTESIAN_POINT ( 'NONE',  ( 0.7679597672373431605, 0.3728762529915798374, 0.4500000000000001776 ) ) ;
#5629 = CARTESIAN_POINT ( 'NONE',  ( 0.8134468948370316976, 0.1553793217688580752, 0.4499999999999999556 ) ) ;
#5630 = CARTESIAN_POINT ( 'NONE',  ( 0.8111375980699022659, 0.2123667217757424786, 0.4500000000000000111 ) ) ;
#5631 = CARTESIAN_POINT ( 'NONE',  ( 0.8839671145185596934, 0.2426645869787087961, 0.4500000000000001776 ) ) ;
#5632 = CARTESIAN_POINT ( 'NONE',  ( 0.6978940813726478565, 0.2851377157620917924, 0.4489999999999999547 ) ) ;
#5633 = B_SPLINE_SURFACE_WITH_KNOTS ( 'NONE', 3, 1, ( 
 ( #2084, #4324 ),
 ( #1524, #6033 ),
 ( #6467, #3231 ),
 ( #457, #2666 ),
 ( #7111, #670 ),
 ( #6709, #92 ),
 ( #6173, #6106 ),
 ( #5571, #3445 ),
 ( #1131, #5677 ),
 ( #7182, #6143 ),
 ( #1716, #3923 ) ),
 .UNSPECIFIED., .F., .F., .F.,
 ( 4, 1, 1, 1, 1, 1, 1, 1, 4 ),
 ( 2, 2 ),
 ( 0.0000000000000000000, 0.1929527021649357632, 0.3661841413840567494, 0.5204572982944619675, 0.6550121351900105582, 0.7706242255759997439, 0.8656771846793689384, 0.9426745273198695596, 1.000000000000000000 ),
 ( 0.0000000000000000000, 1.000000000000000000 ),
 .UNSPECIFIED. ) ;
#5634 = MECHANICAL_DESIGN_GEOMETRIC_PRESENTATION_REPRESENTATION (  '', ( #1764 ), #3885 ) ;
#5635 = EDGE_LOOP ( 'NONE', ( #5002, #2811, #326, #3147 ) ) ;
#5636 = CARTESIAN_POINT ( 'NONE',  ( 0.8147030598432791759, 0.2087842902831514580, 0.4499999999999996225 ) ) ;
#5637 = DIRECTION ( 'NONE',  ( -1.000000000000000000, -0.0000000000000000000, 0.0000000000000000000 ) ) ;
#5638 =( NAMED_UNIT ( * ) PLANE_ANGLE_UNIT ( ) SI_UNIT ( $, .RADIAN. ) );
#5639 = PRESENTATION_LAYER_ASSIGNMENT (  '', '', ( #3058 ) ) ;
#5640 = COLOUR_RGB ( '',1.000000000000000000, 1.000000000000000000, 1.000000000000000000 ) ;
#5641 = DIRECTION ( 'NONE',  ( 0.0000000000000000000, 0.0000000000000000000, 1.000000000000000000 ) ) ;
#5642 = CARTESIAN_POINT ( 'NONE',  ( 0.4182355159740038797, 0.5583465072597912915, 0.4489999999999997882 ) ) ;
#5643 = CARTESIAN_POINT ( 'NONE',  ( 0.8882252367463925324, 0.3036909240068918492, 0.4489999999999999547 ) ) ;
#5644 = ORIENTED_EDGE ( 'NONE', *, *, #7038, .F. ) ;
#5645 = CARTESIAN_POINT ( 'NONE',  ( 0.6945959755502565391, 0.5582772076940394346, 0.4500000000000001221 ) ) ;
#5646 = STYLED_ITEM ( 'NONE', ( #3029 ), #3367 ) ;
#5647 = FILL_AREA_STYLE_COLOUR ( '', #6462 ) ;
#5648 = EDGE_CURVE ( 'NONE', #664, #3108, #783, .T. ) ;
#5649 = DIRECTION ( 'NONE',  ( 0.0000000000000000000, -0.9938837346736186795, -0.1104315260748483241 ) ) ;
#5650 = DIRECTION ( 'NONE',  ( -1.000000000000000000, 0.0000000000000000000, -0.0000000000000000000 ) ) ;
#5651 = ORIENTED_EDGE ( 'NONE', *, *, #1837, .T. ) ;
#5652 = EDGE_LOOP ( 'NONE', ( #1243, #3867, #348, #1749, #5651, #5114 ) ) ;
#5653 = FILL_AREA_STYLE_COLOUR ( '', #3189 ) ;
#5654 =( LENGTH_UNIT ( ) NAMED_UNIT ( * ) SI_UNIT ( .MILLI., .METRE. ) );
#5655 = CARTESIAN_POINT ( 'NONE',  ( 0.4659402087581938634, 0.5686944953164928540, 0.4500000000000003997 ) ) ;
#5656 = UNCERTAINTY_MEASURE_WITH_UNIT (LENGTH_MEASURE( 1.000000000000000082E-05 ), #1305, 'distance_accuracy_value', 'NONE');
#5657 =( NAMED_UNIT ( * ) SI_UNIT ( $, .STERADIAN. ) SOLID_ANGLE_UNIT ( ) );
#5658 = CARTESIAN_POINT ( 'NONE',  ( 0.3822236527810630724, 0.5384326884673167335, 0.4490000000000000657 ) ) ;
#5659 = ORIENTED_EDGE ( 'NONE', *, *, #1644, .T. ) ;
#5660 =( LENGTH_UNIT ( ) NAMED_UNIT ( * ) SI_UNIT ( .MILLI., .METRE. ) );
#5661 = FILL_AREA_STYLE_COLOUR ( '', #43 ) ;
#5662 = CARTESIAN_POINT ( 'NONE',  ( 0.4192700638580778016, 0.7004278219556432372, 0.4500000000000001776 ) ) ;
#5663 = LINE ( 'NONE', #2772, #1303 ) ;
#5664 = FILL_AREA_STYLE ('',( #2773 ) ) ;
#5665 = CARTESIAN_POINT ( 'NONE',  ( 0.8013455524092238935, 0.2307904178517286020, 0.4489999999999998437 ) ) ;
#5666 = CARTESIAN_POINT ( 'NONE',  ( 0.6618073053941400108, 0.3158878296151961806, 0.4499999999999990674 ) ) ;
#5667 = STYLED_ITEM ( 'NONE', ( #1760 ), #200 ) ;
#5668 = B_SPLINE_SURFACE_WITH_KNOTS ( 'NONE', 3, 1, ( 
 ( #2968, #4257 ),
 ( #1385, #3792 ),
 ( #6402, #2053 ),
 ( #4221, #7084 ),
 ( #6940, #4331 ),
 ( #4182, #2600 ),
 ( #7009, #351 ),
 ( #4293, #6537 ),
 ( #6502, #3631 ),
 ( #2092, #848 ),
 ( #1425, #3673 ) ),
 .UNSPECIFIED., .F., .F., .F.,
 ( 4, 1, 1, 1, 1, 1, 1, 1, 4 ),
 ( 2, 2 ),
 ( 0.0000000000000000000, 0.1262080809789270786, 0.2463314545173044545, 0.3634838183347872120, 0.4847544616601207057, 0.6083827567272861447, 0.7312142544154163204, 0.8609892746833447408, 1.000000000000000000 ),
 ( 0.0000000000000000000, 1.000000000000000000 ),
 .UNSPECIFIED. ) ;
#5669 = VERTEX_POINT ( 'NONE', #2171 ) ;
#5670 = CARTESIAN_POINT ( 'NONE',  ( 0.6380495162627459749, 0.5381262831746594921, 0.4500000000000000666 ) ) ;
#5671 =( BOUNDED_SURFACE ( )  B_SPLINE_SURFACE ( 3, 3, ( 
 ( #2509, #1967, #4198, #900 ),
 ( #3252, #6556, #1547, #3691 ),
 ( #3806, #5983, #932, #3177 ),
 ( #5410, #1438, #6016, #5491 ) ),
 .UNSPECIFIED., .F., .F., .T. ) 
 B_SPLINE_SURFACE_WITH_KNOTS ( ( 4, 4 ),
 ( 4, 4 ),
 ( 0.0000000000000000000, 1.000000000000000000 ),
 ( 0.0000000000000000000, 1.000000000000000000 ),
 .UNSPECIFIED. ) 
 GEOMETRIC_REPRESENTATION_ITEM ( )  RATIONAL_B_SPLINE_SURFACE ( (
 ( 1.000000000000000000, 0.8300853452567537039, 0.8300853452567537039, 1.000000000000000000),
 ( 0.8047378541243643824, 0.6680010994820021475, 0.6680010994820021475, 0.8047378541243643824),
 ( 0.8047378541243643824, 0.6680010994820021475, 0.6680010994820021475, 0.8047378541243643824),
 ( 1.000000000000000000, 0.8300853452567537039, 0.8300853452567537039, 1.000000000000000000) ) ) 
 REPRESENTATION_ITEM ( '' )  SURFACE ( )  );
#5672 = SURFACE_STYLE_FILL_AREA ( #6632 ) ;
#5673 = B_SPLINE_CURVE_WITH_KNOTS ( 'NONE', 3,
 ( #246, #6327, #6794, #1801, #4666, #3564, #5139, #5756, #138, #2414, #3529, #106, #1322, #6905, #4037, #5795, #1909, #743, #6257 ),
 .UNSPECIFIED., .F., .F.,
 ( 4, 1, 1, 1, 1, 1, 1, 1, 1, 1, 1, 1, 1, 1, 1, 1, 4 ),
 ( 0.0000000000000000000, 9.239519780082147349E-06, 1.823414751082597424E-05, 2.698249576974764613E-05, 3.565671578111628224E-05, 4.434114772124957436E-05, 5.308450928693959474E-05, 6.201745561408580584E-05, 7.121317112545486820E-05, 8.041561580687198868E-05, 8.940148019733760228E-05, 9.822572564615818138E-05, 0.0001069838781400448400, 0.0001157907283491124820, 0.0001247326472141937895, 0.0001338849636808766013, 0.0001433364431903913527 ),
 .UNSPECIFIED. ) ;
#5674 = CARTESIAN_POINT ( 'NONE',  ( 0.7207663436280821179, 0.6651032333483777315, 0.4490000000000003988 ) ) ;
#5675 = UNCERTAINTY_MEASURE_WITH_UNIT (LENGTH_MEASURE( 1.000000000000000082E-05 ), #3766, 'distance_accuracy_value', 'NONE');
#5676 = CARTESIAN_POINT ( 'NONE',  ( 0.4592225597990707286, 0.7266525084684629654, 0.4489999999999999547 ) ) ;
#5677 = CARTESIAN_POINT ( 'NONE',  ( 0.4365995843992037662, 0.6287149789532554545, 0.4500000000000000111 ) ) ;
#5678 = CARTESIAN_POINT ( 'NONE',  ( 0.4185976617007489686, 0.4958408277401174513, 0.4489999999999999547 ) ) ;
#5679 = ORIENTED_EDGE ( 'NONE', *, *, #803, .T. ) ;
#5680 = VERTEX_POINT ( 'NONE', #4489 ) ;
#5681 = COLOUR_RGB ( '',1.000000000000000000, 1.000000000000000000, 0.7254901960784313486 ) ;
#5682 =( NAMED_UNIT ( * ) SI_UNIT ( $, .STERADIAN. ) SOLID_ANGLE_UNIT ( ) );
#5683 = ADVANCED_FACE ( 'NONE', ( #2757 ), #2205, .T. ) ;
#5684 = SURFACE_STYLE_FILL_AREA ( #707 ) ;
#5685 = CARTESIAN_POINT ( 'NONE',  ( 0.4322094714828540463, 0.5024823053091470593, 0.4499999999999965694 ) ) ;
#5686 = EDGE_CURVE ( 'NONE', #4095, #4657, #4422, .T. ) ;
#5687 = VERTEX_POINT ( 'NONE', #3899 ) ;
#5688 = CARTESIAN_POINT ( 'NONE',  ( 0.4221904372604517452, 0.6963083316676680345, 0.4490000000000000102 ) ) ;
#5689 = CARTESIAN_POINT ( 'NONE',  ( 0.8147030598432790649, 0.2087842902831514302, 0.4489999999999997882 ) ) ;
#5690 =( GEOMETRIC_REPRESENTATION_CONTEXT ( 3 ) GLOBAL_UNCERTAINTY_ASSIGNED_CONTEXT ( ( #3602 ) ) GLOBAL_UNIT_ASSIGNED_CONTEXT ( ( #3425, #747, #218 ) ) REPRESENTATION_CONTEXT ( 'NONE', 'WORKASPACE' ) );
#5691 = LINE ( 'NONE', #687, #1082 ) ;
#5692 = CARTESIAN_POINT ( 'NONE',  ( 0.5970846551294843874, 0.4205515887139544828, 0.4490000000000073377 ) ) ;
#5693 = ADVANCED_FACE ( 'NONE', ( #6121 ), #1144, .F. ) ;
#5694 = CARTESIAN_POINT ( 'NONE',  ( 0.8494054944843163479, 0.3826453659891582149, 0.4499999999999997891 ) ) ;
#5695 = DIRECTION ( 'NONE',  ( 0.0000000000000000000, -1.000000000000000000, 0.0000000000000000000 ) ) ;
#5696 = ORIENTED_EDGE ( 'NONE', *, *, #2542, .T. ) ;
#5697 = EDGE_LOOP ( 'NONE', ( #5171, #1377, #3787, #3420 ) ) ;
#5698 = CARTESIAN_POINT ( 'NONE',  ( 0.8409604855569888793, 0.2792290251457559824, 0.4490000000000001212 ) ) ;
#5699 = CARTESIAN_POINT ( 'NONE',  ( 0.7743198028758304652, 0.6148355572665665791, 0.4490000000000086144 ) ) ;
#5700 = CARTESIAN_POINT ( 'NONE',  ( 0.3872724432303784048, 0.7212159374500364262, 0.4500000000000001776 ) ) ;
#5701 = SURFACE_SIDE_STYLE ('',( #5770 ) ) ;
#5702 = SURFACE_SIDE_STYLE ('',( #1776 ) ) ;
#5703 = FACE_OUTER_BOUND ( 'NONE', #1975, .T. ) ;
#5704 =( NAMED_UNIT ( * ) PLANE_ANGLE_UNIT ( ) SI_UNIT ( $, .RADIAN. ) );
#5705 = ORIENTED_EDGE ( 'NONE', *, *, #2542, .F. ) ;
#5706 = FILL_AREA_STYLE_COLOUR ( '', #614 ) ;
#5707 = DIRECTION ( 'NONE',  ( -0.0000000000000000000, 0.0000000000000000000, 1.000000000000000000 ) ) ;
#5708 = VECTOR ( 'NONE', #5621, 1000.000000000000000 ) ;
#5709 = CARTESIAN_POINT ( 'NONE',  ( 0.8675320939355212202, 0.3459799466075555441, 0.4500000000000000666 ) ) ;
#5710 = CARTESIAN_POINT ( 'NONE',  ( 0.4322094714828540463, 0.5024823053091470593, 0.4490000000000000102 ) ) ;
#5711 = ORIENTED_EDGE ( 'NONE', *, *, #196, .F. ) ;
#5712 = VERTEX_POINT ( 'NONE', #780 ) ;
#5713 = CARTESIAN_POINT ( 'NONE',  ( 0.8441544621139117632, 0.4303452590537065747, 0.4499999999999999001 ) ) ;
#5714 = FILL_AREA_STYLE_COLOUR ( '', #1356 ) ;
#5715 = CARTESIAN_POINT ( 'NONE',  ( 0.4383321610251954548, 0.5068938618113542072, 0.4499999999999965694 ) ) ;
#5716 = CARTESIAN_POINT ( 'NONE',  ( 0.4999276880041989002, 0.6298188245742321056, 0.4495000000000006768 ) ) ;
#5717 = ORIENTED_EDGE ( 'NONE', *, *, #2145, .T. ) ;
#5718 = CARTESIAN_POINT ( 'NONE',  ( 0.4098241972258935828, 0.7106495557316864220, 0.4489999999999998992 ) ) ;
#5719 = PLANE ( 'NONE',  #1299 ) ;
#5720 = CARTESIAN_POINT ( 'NONE',  ( 0.5574245616368681544, 0.6738309775418339642, 0.4499999999999978462 ) ) ;
#5721 = EDGE_CURVE ( 'NONE', #4379, #5223, #5421, .T. ) ;
#5722 = UNCERTAINTY_MEASURE_WITH_UNIT (LENGTH_MEASURE( 1.000000000000000082E-05 ), #3317, 'distance_accuracy_value', 'NONE');
#5723 = CARTESIAN_POINT ( 'NONE',  ( 0.3955140905922453487, 0.7684474544987284217, 0.4490000000000066160 ) ) ;
#5724 = CARTESIAN_POINT ( 'NONE',  ( 1.239999999999999991, 0.7964058202037490597, 0.4500000000000000111 ) ) ;
#5725 = LINE ( 'NONE', #750, #937 ) ;
#5726 = ORIENTED_EDGE ( 'NONE', *, *, #1023, .T. ) ;
#5727 = ORIENTED_EDGE ( 'NONE', *, *, #1070, .T. ) ;
#5728 = CARTESIAN_POINT ( 'NONE',  ( 0.8337086274182157197, 0.3813488222582117060, 0.4500000000000001776 ) ) ;
#5729 = CARTESIAN_POINT ( 'NONE',  ( 0.6784559319043602654, 0.4960184331422035076, 0.4490000000000085589 ) ) ;
#5730 =( LENGTH_UNIT ( ) NAMED_UNIT ( * ) SI_UNIT ( .MILLI., .METRE. ) );
#5731 = EDGE_CURVE ( 'NONE', #4368, #4253, #5929, .T. ) ;
#5732 = VECTOR ( 'NONE', #1073, 1000.000000000000000 ) ;
#5733 = CARTESIAN_POINT ( 'NONE',  ( 0.7600000000000002309, 0.8000000000000000444, -0.005000000000000013115 ) ) ;
#5734 = CARTESIAN_POINT ( 'NONE',  ( 0.6704156466758776078, 0.3476629673870399451, 0.4500000000000000111 ) ) ;
#5735 = PRESENTATION_STYLE_ASSIGNMENT (( #3513 ) ) ;
#5736 = FILL_AREA_STYLE_COLOUR ( '', #5457 ) ;
#5737 = PRODUCT_DEFINITION_FORMATION_WITH_SPECIFIED_SOURCE ( 'ANY', '', #7117, .NOT_KNOWN. ) ;
#5738 = FILL_AREA_STYLE_COLOUR ( '', #4508 ) ;
#5739 = CARTESIAN_POINT ( 'NONE',  ( 0.6284404296937929901, 0.3821416946245264068, 0.4490000000000131108 ) ) ;
#5740 = AXIS2_PLACEMENT_3D ( 'NONE', #2028, #3688, #2610 ) ;
#5741 = CARTESIAN_POINT ( 'NONE',  ( 0.3834304591046263089, 0.6088302428434628766, 0.4500000000000000666 ) ) ;
#5742 = SURFACE_STYLE_USAGE ( .BOTH. , #3064 ) ;
#5743 = CARTESIAN_POINT ( 'NONE',  ( 0.8228156980740949367, 0.3254584310069631448, 0.4490000000000000102 ) ) ;
#5744 = UNCERTAINTY_MEASURE_WITH_UNIT (LENGTH_MEASURE( 1.000000000000000082E-05 ), #6299, 'distance_accuracy_value', 'NONE');
#5745 = CARTESIAN_POINT ( 'NONE',  ( 0.6429649063099086570, 0.3825018242243091726, 0.4489999999999998437 ) ) ;
#5746 =( GEOMETRIC_REPRESENTATION_CONTEXT ( 3 ) GLOBAL_UNCERTAINTY_ASSIGNED_CONTEXT ( ( #1198 ) ) GLOBAL_UNIT_ASSIGNED_CONTEXT ( ( #876, #5311, #4210 ) ) REPRESENTATION_CONTEXT ( 'NONE', 'WORKASPACE' ) );
#5747 = PLANE ( 'NONE',  #4009 ) ;
#5748 = ORIENTED_EDGE ( 'NONE', *, *, #2592, .T. ) ;
#5749 = VERTEX_POINT ( 'NONE', #2309 ) ;
#5750 = FILL_AREA_STYLE_COLOUR ( '', #3181 ) ;
#5751 = STYLED_ITEM ( 'NONE', ( #2838 ), #5466 ) ;
#5752 = FILL_AREA_STYLE ('',( #241 ) ) ;
#5753 = CARTESIAN_POINT ( 'NONE',  ( 0.7130605014507888084, 0.3197030461862863104, 0.4490000000000000102 ) ) ;
#5754 = COLOUR_RGB ( '',1.000000000000000000, 1.000000000000000000, 1.000000000000000000 ) ;
#5755 = ORIENTED_EDGE ( 'NONE', *, *, #4066, .T. ) ;
#5756 = CARTESIAN_POINT ( 'NONE',  ( 0.6872522516101335910, 0.7063655087495971374, 0.4499999999999996225 ) ) ;
#5757 = CARTESIAN_POINT ( 'NONE',  ( 0.6792238263192224013, 0.4202754444771495401, 0.4489999999999999547 ) ) ;
#5758 = CARTESIAN_POINT ( 'NONE',  ( 0.5970846551294843874, 0.4205515887139544828, 0.4499999999999944045 ) ) ;
#5759 = AXIS2_PLACEMENT_3D ( 'NONE', #5768, #3575, #190 ) ;
#5760 = CARTESIAN_POINT ( 'NONE',  ( 0.5474980662278191579, 0.6324552639853529001, 0.4499999999999978462 ) ) ;
#5761 = DIRECTION ( 'NONE',  ( -0.0000000000000000000, -0.0000000000000000000, 1.000000000000000000 ) ) ;
#5762 = CARTESIAN_POINT ( 'NONE',  ( 0.8632153853917109432, 0.3758889293665752529, 0.4499999999999999556 ) ) ;
#5763 = LINE ( 'NONE', #5221, #2104 ) ;
#5764 = ORIENTED_EDGE ( 'NONE', *, *, #423, .T. ) ;
#5765 = VERTEX_POINT ( 'NONE', #5107 ) ;
#5766 = VECTOR ( 'NONE', #1544, 1000.000000000000000 ) ;
#5767 = CARTESIAN_POINT ( 'NONE',  ( 0.8675328512497202382, 0.2685663445577742281, 0.4490000000000000102 ) ) ;
#5768 = CARTESIAN_POINT ( 'NONE',  ( 0.8425291837306945197, 0.7145151720635484205, 0.4489999999999999547 ) ) ;
#5769 = CARTESIAN_POINT ( 'NONE',  ( 0.4145364431801650817, 0.7059439165444613140, 0.4489999999999998437 ) ) ;
#5770 = SURFACE_STYLE_FILL_AREA ( #2319 ) ;
#5771 = CARTESIAN_POINT ( 'NONE',  ( 0.5052149169284910757, 0.5894368269985874598, 0.4489999999999998437 ) ) ;
#5772 = EDGE_CURVE ( 'NONE', #6411, #114, #5673, .T. ) ;
#5773 = CARTESIAN_POINT ( 'NONE',  ( 0.4078463691651938450, 0.1521935496519971898, 0.4500000000000000666 ) ) ;
#5774 = CARTESIAN_POINT ( 'NONE',  ( 0.9031648288805536051, 0.2956337427154180908, 0.4490000000000001212 ) ) ;
#5775 = CARTESIAN_POINT ( 'NONE',  ( 0.3194410077408382787, 0.7213101330025534219, 0.4500000000000001776 ) ) ;
#5776 = EDGE_CURVE ( 'NONE', #104, #6856, #6866, .T. ) ;
#5777 = CARTESIAN_POINT ( 'NONE',  ( 0.6550866407571281913, 0.3045927813368830561, 0.4500000000000000666 ) ) ;
#5778 = CARTESIAN_POINT ( 'NONE',  ( 0.6055041060611403569, 0.3631353241441392932, 0.4490000000000130553 ) ) ;
#5779 = DIRECTION ( 'NONE',  ( 0.0000000000000000000, 0.0000000000000000000, 1.000000000000000000 ) ) ;
#5780 = B_SPLINE_CURVE_WITH_KNOTS ( 'NONE', 3,
 ( #5333, #3729, #5949, #4755, #929, #3172, #5405, #7059, #3212, #5445, #4905, #7098, #2103, #5299, #297, #2507, #6953, #1652, #6687 ),
 .UNSPECIFIED., .F., .F.,
 ( 4, 1, 1, 1, 1, 1, 1, 1, 1, 1, 1, 1, 1, 1, 1, 1, 4 ),
 ( 0.0000000000000000000, 6.045814847325302961E-06, 1.216873189551921789E-05, 1.849517736090756150E-05, 2.500285272349860559E-05, 3.170132958194014949E-05, 3.860691495507871115E-05, 4.580274383448022259E-05, 5.318661984632003210E-05, 6.098495211861388785E-05, 6.940691856297837188E-05, 7.837910268499736241E-05, 8.796346741539147820E-05, 9.824686118976370106E-05, 0.0001091243087125643764, 0.0001206473317176131205, 0.0001328232311129592133 ),
 .UNSPECIFIED. ) ;
#5781 = LINE ( 'NONE', #1930, #1778 ) ;
#5782 = DIRECTION ( 'NONE',  ( 0.0000000000000000000, 0.0000000000000000000, -1.000000000000000000 ) ) ;
#5783 = CARTESIAN_POINT ( 'NONE',  ( 0.5516923560775870428, 0.3353666265750742115, 0.4490000000000127778 ) ) ;
#5784 = VECTOR ( 'NONE', #3312, 1000.000000000000000 ) ;
#5785 = SURFACE_SIDE_STYLE ('',( #3555 ) ) ;
#5786 = ADVANCED_FACE ( 'NONE', ( #2865 ), #5668, .T. ) ;
#5787 = ORIENTED_EDGE ( 'NONE', *, *, #1877, .F. ) ;
#5788 = CARTESIAN_POINT ( 'NONE',  ( 2.168404344971008868E-16, 0.2030749599084074597, 0.4500000000000000666 ) ) ;
#5789 = CARTESIAN_POINT ( 'NONE',  ( 0.5834172312713546971, 0.4109535390323235671, 0.4499999999999995670 ) ) ;
#5790 = CARTESIAN_POINT ( 'NONE',  ( 0.6370954898204381767, 0.7212993600977364306, 0.4500000000000000111 ) ) ;
#5791 = CARTESIAN_POINT ( 'NONE',  ( 0.5599553513271832150, 0.5804759850971142887, 0.4499999999999983458 ) ) ;
#5792 = DIRECTION ( 'NONE',  ( 0.0000000000000000000, 1.000000000000000000, 0.0000000000000000000 ) ) ;
#5793 = ORIENTED_EDGE ( 'NONE', *, *, #1163, .F. ) ;
#5794 = APPLICATION_CONTEXT ( 'automotive_design' ) ;
#5795 = CARTESIAN_POINT ( 'NONE',  ( 0.7257136939080760518, 0.6480106290913730804, 0.4499999999999994005 ) ) ;
#5796 = CARTESIAN_POINT ( 'NONE',  ( 0.8625437579128081289, 0.2039608209101769487, 0.4490000000000001767 ) ) ;
#5797 = COLOUR_RGB ( '',1.000000000000000000, 1.000000000000000000, 1.000000000000000000 ) ;
#5798 = UNCERTAINTY_MEASURE_WITH_UNIT (LENGTH_MEASURE( 1.000000000000000082E-05 ), #6342, 'distance_accuracy_value', 'NONE');
#5799 = CARTESIAN_POINT ( 'NONE',  ( 0.5834172312713546971, 0.4109535390323235116, 0.4490000000000072267 ) ) ;
#5800 = EDGE_LOOP ( 'NONE', ( #5350, #6213, #7193 ) ) ;
#5801 = EDGE_LOOP ( 'NONE', ( #64, #3308, #74, #4613 ) ) ;
#5802 = CARTESIAN_POINT ( 'NONE',  ( 0.8713537815050692581, 0.2653406448499532888, 0.4490000000000002323 ) ) ;
#5803 = FACE_OUTER_BOUND ( 'NONE', #773, .T. ) ;
#5804 = FACE_OUTER_BOUND ( 'NONE', #4605, .T. ) ;
#5805 =( NAMED_UNIT ( * ) SI_UNIT ( $, .STERADIAN. ) SOLID_ANGLE_UNIT ( ) );
#5806 = CARTESIAN_POINT ( 'NONE',  ( 0.5300085800649206869, 0.5421925328511559838, 0.4489999999999998437 ) ) ;
#5807 = CARTESIAN_POINT ( 'NONE',  ( 0.8845194620822005582, 0.3049076078544669111, 0.4489999999999999547 ) ) ;
#5808 = SURFACE_STYLE_FILL_AREA ( #6772 ) ;
#5809 = LINE ( 'NONE', #1503, #1097 ) ;
#5810 = MECHANICAL_DESIGN_GEOMETRIC_PRESENTATION_REPRESENTATION (  '', ( #1714 ), #1831 ) ;
#5811 = CARTESIAN_POINT ( 'NONE',  ( 0.5449081680433990327, 0.1589777376861852554, 0.4489999999999999547 ) ) ;
#5812 =( NAMED_UNIT ( * ) PLANE_ANGLE_UNIT ( ) SI_UNIT ( $, .RADIAN. ) );
#5813 = EDGE_CURVE ( 'NONE', #3068, #6212, #5969, .T. ) ;
#5814 = CARTESIAN_POINT ( 'NONE',  ( 0.3068326193713700745, 0.5399930888242175930, 0.4499999999999995670 ) ) ;
#5815 = EDGE_CURVE ( 'NONE', #6401, #3817, #3076, .T. ) ;
#5816 = CARTESIAN_POINT ( 'NONE',  ( 0.8437610529886487853, 0.3287005506860131709, 0.4500000000000000111 ) ) ;
#5817 = UNCERTAINTY_MEASURE_WITH_UNIT (LENGTH_MEASURE( 1.000000000000000082E-05 ), #3592, 'distance_accuracy_value', 'NONE');
#5818 = COLOUR_RGB ( '',1.000000000000000000, 1.000000000000000000, 1.000000000000000000 ) ;
#5819 = CARTESIAN_POINT ( 'NONE',  ( 1.240000000000000213, 0.8499999999999998668, 0.0000000000000000000 ) ) ;
#5820 = CARTESIAN_POINT ( 'NONE',  ( 0.4223186534603831643, 0.6417296207077182180, 0.4500000000000002887 ) ) ;
#5821 = ORIENTED_EDGE ( 'NONE', *, *, #5279, .F. ) ;
#5822 = CARTESIAN_POINT ( 'NONE',  ( 0.8794493136312814263, 0.4223631705857205376, 0.4499999999999964584 ) ) ;
#5823 =( GEOMETRIC_REPRESENTATION_CONTEXT ( 3 ) GLOBAL_UNCERTAINTY_ASSIGNED_CONTEXT ( ( #7157 ) ) GLOBAL_UNIT_ASSIGNED_CONTEXT ( ( #1267, #726, #4308 ) ) REPRESENTATION_CONTEXT ( 'NONE', 'WORKASPACE' ) );
#5824 = EDGE_CURVE ( 'NONE', #2082, #4879, #2491, .T. ) ;
#5825 = CARTESIAN_POINT ( 'NONE',  ( 0.5044620451866346222, 0.6662437984567725069, 0.4490000000000066160 ) ) ;
#5826 = CARTESIAN_POINT ( 'NONE',  ( 0.6382085206697972746, 0.4906369669353432550, 0.4500000000000000666 ) ) ;
#5827 = ORIENTED_EDGE ( 'NONE', *, *, #149, .F. ) ;
#5828 = SURFACE_SIDE_STYLE ('',( #212 ) ) ;
#5829 = CARTESIAN_POINT ( 'NONE',  ( 0.4310490145295887698, 0.7542363321368911189, 0.4499999999999991229 ) ) ;
#5830 = CARTESIAN_POINT ( 'NONE',  ( 0.5991816723169032244, 0.3353666265750742115, 0.4495000000000048401 ) ) ;
#5831 = CARTESIAN_POINT ( 'NONE',  ( 0.8289671305312019678, 0.3792372562627240873, 0.4489999999999999547 ) ) ;
#5832 = CARTESIAN_POINT ( 'NONE',  ( 0.3885898784986456800, 0.6044729246184632476, 0.4500000000000000666 ) ) ;
#5833 = CARTESIAN_POINT ( 'NONE',  ( 0.8675328512497202382, 0.2685663445577742281, 0.4489999999999998437 ) ) ;
#5834 = CARTESIAN_POINT ( 'NONE',  ( 0.5516923560775870428, 0.3353666265750742115, 0.4490000000000127778 ) ) ;
#5835 = PRESENTATION_STYLE_ASSIGNMENT (( #2498 ) ) ;
#5836 = CARTESIAN_POINT ( 'NONE',  ( 0.6651515504901444054, 0.3677453652535627171, 0.4500000000000001776 ) ) ;
#5837 = ORIENTED_EDGE ( 'NONE', *, *, #1890, .T. ) ;
#5838 = CARTESIAN_POINT ( 'NONE',  ( 0.3933831812245353055, 0.6002726013350815348, 0.4489999999999998992 ) ) ;
#5839 = CARTESIAN_POINT ( 'NONE',  ( 0.6320760187746498060, 0.3827240262899490042, 0.4499999999999983458 ) ) ;
#5840 = CARTESIAN_POINT ( 'NONE',  ( 0.4136370912808971512, 0.5494086351608715724, 0.4500000000000001221 ) ) ;
#5841 = CARTESIAN_POINT ( 'NONE',  ( 0.4999276880041989002, 0.6298188245742321056, 0.4489999999999999547 ) ) ;
#5842 = SURFACE_STYLE_USAGE ( .BOTH. , #5702 ) ;
#5843 = CARTESIAN_POINT ( 'NONE',  ( 0.4575377609864390571, 0.5294514786135339213, 0.4490000000000001212 ) ) ;
#5844 = CARTESIAN_POINT ( 'NONE',  ( 0.8934925498514032505, 0.3012946789347525356, 0.4490000000000000657 ) ) ;
#5845 = CARTESIAN_POINT ( 'NONE',  ( 0.7518259030861340619, 0.2403879940964416539, 0.4489999999999999547 ) ) ;
#5846 = CARTESIAN_POINT ( 'NONE',  ( 0.8398613431235271154, 0.1521935496519972175, 0.4500000000000000666 ) ) ;
#5847 = FILL_AREA_STYLE ('',( #828 ) ) ;
#5848 =( GEOMETRIC_REPRESENTATION_CONTEXT ( 3 ) GLOBAL_UNCERTAINTY_ASSIGNED_CONTEXT ( ( #5885 ) ) GLOBAL_UNIT_ASSIGNED_CONTEXT ( ( #2321, #663, #627 ) ) REPRESENTATION_CONTEXT ( 'NONE', 'WORKASPACE' ) );
#5849 = CARTESIAN_POINT ( 'NONE',  ( 0.8651015384221079074, 0.3422706663032345498, 0.4490000000000000657 ) ) ;
#5850 = CARTESIAN_POINT ( 'NONE',  ( 0.6497084108799515700, 0.3806336465358192145, 0.4490000000000000102 ) ) ;
#5851 = CARTESIAN_POINT ( 'NONE',  ( 0.8659686662260444034, 0.2059381379560387415, 0.4500000000000001776 ) ) ;
#5852 = COLOUR_RGB ( '',0.5607843137254902022, 0.5607843137254902022, 0.5607843137254902022 ) ;
#5853 =( LENGTH_UNIT ( ) NAMED_UNIT ( * ) SI_UNIT ( .MILLI., .METRE. ) );
#5854 = VECTOR ( 'NONE', #6584, 1000.000000000000000 ) ;
#5855 = ORIENTED_EDGE ( 'NONE', *, *, #5244, .F. ) ;
#5856 = FILL_AREA_STYLE_COLOUR ( '', #6270 ) ;
#5857 = CARTESIAN_POINT ( 'NONE',  ( 0.3883065942541989446, 0.5381262831746594921, 0.4494999999999709783 ) ) ;
#5858 = CARTESIAN_POINT ( 'NONE',  ( 0.6520274486984928286, 0.4910020920965576519, 0.4500000000000000111 ) ) ;
#5859 = CARTESIAN_POINT ( 'NONE',  ( 0.7177712286907476091, 0.3449298085352433541, 0.4500000000000000111 ) ) ;
#5860 = ORIENTED_EDGE ( 'NONE', *, *, #1555, .T. ) ;
#5861 = VERTEX_POINT ( 'NONE', #5393 ) ;
#5862 = EDGE_CURVE ( 'NONE', #131, #522, #3041, .T. ) ;
#5863 = LINE ( 'NONE', #4258, #303 ) ;
#5864 = VECTOR ( 'NONE', #1394, 1000.000000000000000 ) ;
#5865 = CARTESIAN_POINT ( 'NONE',  ( 0.8825679822164756994, 0.2268524178630977051, 0.4500000000000001776 ) ) ;
#5866 = CARTESIAN_POINT ( 'NONE',  ( 0.8387014277522524264, 0.3826031864411457706, 0.4490000000000000657 ) ) ;
#5867 =( GEOMETRIC_REPRESENTATION_CONTEXT ( 3 ) GLOBAL_UNCERTAINTY_ASSIGNED_CONTEXT ( ( #4728 ) ) GLOBAL_UNIT_ASSIGNED_CONTEXT ( ( #3291, #597, #3920 ) ) REPRESENTATION_CONTEXT ( 'NONE', 'WORKASPACE' ) );
#5868 = CARTESIAN_POINT ( 'NONE',  ( 0.7856938417880572345, 0.4057525774297749965, 0.4495000000000000107 ) ) ;
#5869 = MECHANICAL_DESIGN_GEOMETRIC_PRESENTATION_REPRESENTATION (  '', ( #7128 ), #3544 ) ;
#5870 = FILL_AREA_STYLE ('',( #856 ) ) ;
#5871 = CARTESIAN_POINT ( 'NONE',  ( 1.245857864376269220, 0.05359417979625318018, 0.4500000000000000111 ) ) ;
#5872 = VERTEX_POINT ( 'NONE', #6974 ) ;
#5873 =( GEOMETRIC_REPRESENTATION_CONTEXT ( 3 ) GLOBAL_UNCERTAINTY_ASSIGNED_CONTEXT ( ( #4797 ) ) GLOBAL_UNIT_ASSIGNED_CONTEXT ( ( #841, #314, #6430 ) ) REPRESENTATION_CONTEXT ( 'NONE', 'WORKASPACE' ) );
#5874 =( NAMED_UNIT ( * ) PLANE_ANGLE_UNIT ( ) SI_UNIT ( $, .RADIAN. ) );
#5875 = CARTESIAN_POINT ( 'NONE',  ( 2.168404344971008868E-16, 0.3353666265750742115, 0.4500000000000000666 ) ) ;
#5876 =( GEOMETRIC_REPRESENTATION_CONTEXT ( 3 ) GLOBAL_UNCERTAINTY_ASSIGNED_CONTEXT ( ( #6077 ) ) GLOBAL_UNIT_ASSIGNED_CONTEXT ( ( #485, #88, #4954 ) ) REPRESENTATION_CONTEXT ( 'NONE', 'WORKASPACE' ) );
#5877 = CARTESIAN_POINT ( 'NONE',  ( 0.6127236667933959602, 0.3730570928328242886, 0.4499999999999985123 ) ) ;
#5878 = MECHANICAL_DESIGN_GEOMETRIC_PRESENTATION_REPRESENTATION (  '', ( #2717 ), #4247 ) ;
#5879 = PRESENTATION_LAYER_ASSIGNMENT (  '', '', ( #7025 ) ) ;
#5880 = CARTESIAN_POINT ( 'NONE',  ( 0.7749445365577706246, 0.3909594504493039135, 0.4490000000000074487 ) ) ;
#5881 = FACE_OUTER_BOUND ( 'NONE', #1384, .T. ) ;
#5882 = CARTESIAN_POINT ( 'NONE',  ( 0.5000562596548264738, 0.6251668211438348166, 0.4490000000000061164 ) ) ;
#5883 = DIRECTION ( 'NONE',  ( -0.8930733842936231515, 0.4499110248330601691, 0.0000000000000000000 ) ) ;
#5884 = CARTESIAN_POINT ( 'NONE',  ( 0.5044620451866345112, 0.6662437984567723959, 0.4500000000000001221 ) ) ;
#5885 = UNCERTAINTY_MEASURE_WITH_UNIT (LENGTH_MEASURE( 1.000000000000000082E-05 ), #2321, 'distance_accuracy_value', 'NONE');
#5886 = CARTESIAN_POINT ( 'NONE',  ( 0.6556947023572242683, 0.3773958778551926296, 0.4489999999999998437 ) ) ;
#5887 = CARTESIAN_POINT ( 'NONE',  ( 0.8840986205796680375, 0.2369929760139772579, 0.4500000000000002887 ) ) ;
#5888 = CARTESIAN_POINT ( 'NONE',  ( 0.8659686662260444034, 0.2059381379560387415, 0.4489999999999997882 ) ) ;
#5889 = VERTEX_POINT ( 'NONE', #5431 ) ;
#5890 = CARTESIAN_POINT ( 'NONE',  ( 0.7170979501901444397, 0.6731074947781113815, 0.4499999999999999001 ) ) ;
#5891 = COLOUR_RGB ( '',1.000000000000000000, 1.000000000000000000, 0.7254901960784313486 ) ;
#5892 = PRESENTATION_LAYER_ASSIGNMENT (  '', '', ( #2265 ) ) ;
#5893 = FACE_OUTER_BOUND ( 'NONE', #5327, .T. ) ;
#5894 = CARTESIAN_POINT ( 'NONE',  ( 0.4999276880041989002, 0.6298188245742321056, 0.4495000000000006768 ) ) ;
#5895 = LINE ( 'NONE', #3748, #5349 ) ;
#5896 = SURFACE_STYLE_USAGE ( .BOTH. , #6971 ) ;
#5897 = ORIENTED_EDGE ( 'NONE', *, *, #5513, .T. ) ;
#5898 = ORIENTED_EDGE ( 'NONE', *, *, #502, .T. ) ;
#5899 = CARTESIAN_POINT ( 'NONE',  ( 0.9058328882946585781, 0.1769341667105327198, 0.4489999999999995661 ) ) ;
#5900 = DIRECTION ( 'NONE',  ( -1.000000000000000000, 0.0000000000000000000, -0.0000000000000000000 ) ) ;
#5901 = CARTESIAN_POINT ( 'NONE',  ( 0.6701453861080568508, 0.3548667092083191421, 0.4490000000000105573 ) ) ;
#5902 = EDGE_CURVE ( 'NONE', #4253, #7176, #5071, .T. ) ;
#5903 = CARTESIAN_POINT ( 'NONE',  ( 0.4182533386904473405, 0.5677727018506205647, 0.4500000000000000111 ) ) ;
#5904 = EDGE_CURVE ( 'NONE', #5669, #3243, #3405, .T. ) ;
#5905 = STYLED_ITEM ( 'NONE', ( #3706 ), #3226 ) ;
#5906 = CARTESIAN_POINT ( 'NONE',  ( 0.4164613178157194895, 0.5537016110146545378, 0.4490000000000000102 ) ) ;
#5907 = FILL_AREA_STYLE_COLOUR ( '', #782 ) ;
#5908 = CARTESIAN_POINT ( 'NONE',  ( 0.6512469984210883522, 0.2991105367753055244, 0.4490000000000472502 ) ) ;
#5909 = ORIENTED_EDGE ( 'NONE', *, *, #3502, .F. ) ;
#5910 = CARTESIAN_POINT ( 'NONE',  ( 0.9215706329632431526, 0.1972187526252733025, 0.4489999999999997882 ) ) ;
#5911 = CARTESIAN_POINT ( 'NONE',  ( 0.8046898258158016182, 0.4208945351565296367, 0.4489999999999998437 ) ) ;
#5912 =( LENGTH_UNIT ( ) NAMED_UNIT ( * ) SI_UNIT ( .MILLI., .METRE. ) );
#5913 = CARTESIAN_POINT ( 'NONE',  ( 0.6322545889835698985, 0.2030749599084074875, 0.4489999999999999547 ) ) ;
#5914 = ADVANCED_FACE ( 'NONE', ( #605 ), #2267, .T. ) ;
#5915 = CARTESIAN_POINT ( 'NONE',  ( 0.7653942791545099711, 0.3591112846947322468, 0.4490000000000010094 ) ) ;
#5916 = CARTESIAN_POINT ( 'NONE',  ( 0.3861865354935152816, 0.7687886763370526122, 0.4489999999999999547 ) ) ;
#5917 = CARTESIAN_POINT ( 'NONE',  ( 0.3766768148669047966, 0.6825324509916597115, 0.4499999999999997335 ) ) ;
#5918 = CARTESIAN_POINT ( 'NONE',  ( 0.7525608808105866965, 0.2305876749772544088, 0.4489999999999995661 ) ) ;
#5919 =( LENGTH_UNIT ( ) NAMED_UNIT ( * ) SI_UNIT ( .MILLI., .METRE. ) );
#5920 = AXIS2_PLACEMENT_3D ( 'NONE', #5545, #2272, #6683 ) ;
#5921 = CARTESIAN_POINT ( 'NONE',  ( 0.5934029968068332828, 0.7616287507010536251, 0.4489999999999998992 ) ) ;
#5922 =( NAMED_UNIT ( * ) SI_UNIT ( $, .STERADIAN. ) SOLID_ANGLE_UNIT ( ) );
#5923 = CARTESIAN_POINT ( 'NONE',  ( 0.6021662316168909790, 0.3549868542116395020, 0.4499999999999998446 ) ) ;
#5924 = CARTESIAN_POINT ( 'NONE',  ( 0.8795912705063712034, 0.2199254669060040634, 0.4500000000000004552 ) ) ;
#5925 =( GEOMETRIC_REPRESENTATION_CONTEXT ( 3 ) GLOBAL_UNCERTAINTY_ASSIGNED_CONTEXT ( ( #2367 ) ) GLOBAL_UNIT_ASSIGNED_CONTEXT ( ( #6115, #6148, #6789 ) ) REPRESENTATION_CONTEXT ( 'NONE', 'WORKASPACE' ) );
#5926 = ORIENTED_EDGE ( 'NONE', *, *, #1070, .F. ) ;
#5927 = CARTESIAN_POINT ( 'NONE',  ( 0.01000000000000002623, 0.04901159058452763534, 0.4411043152607484474 ) ) ;
#5928 = CARTESIAN_POINT ( 'NONE',  ( 0.7071732391807146190, 0.6879483275853797153, 0.4490000000000000657 ) ) ;
#5929 = B_SPLINE_CURVE_WITH_KNOTS ( 'NONE', 3,
 ( #3458, #4105, #4698, #684, #5178, #3497, #711, #4596, #2900, #6292, #1286 ),
 .UNSPECIFIED., .F., .F.,
 ( 4, 1, 1, 1, 1, 1, 1, 1, 4 ),
 ( 0.0000000000000000000, 1.037785159431879244E-05, 1.994987530360172636E-05, 2.870061717950993488E-05, 3.682745340115802673E-05, 4.463637429256907019E-05, 5.245619744295343975E-05, 6.053519482971918010E-05, 6.880354363388576321E-05 ),
 .UNSPECIFIED. ) ;
#5930 = CARTESIAN_POINT ( 'NONE',  ( 0.0000000000000000000, 0.0000000000000000000, 0.4399999999999999467 ) ) ;
#5931 = SURFACE_STYLE_FILL_AREA ( #3195 ) ;
#5932 = CARTESIAN_POINT ( 'NONE',  ( 0.5516923560775870428, 0.3353666265750742115, 0.4499999999999997335 ) ) ;
#5933 = PRESENTATION_STYLE_ASSIGNMENT (( #3365 ) ) ;
#5934 = ORIENTED_EDGE ( 'NONE', *, *, #6333, .F. ) ;
#5935 = VERTEX_POINT ( 'NONE', #2233 ) ;
#5936 = COLOUR_RGB ( '',1.000000000000000000, 1.000000000000000000, 1.000000000000000000 ) ;
#5937 = CARTESIAN_POINT ( 'NONE',  ( 0.8843920805433751475, 0.1617514948902648853, 0.4489999999999997327 ) ) ;
#5938 = CARTESIAN_POINT ( 'NONE',  ( 0.4383321610251954548, 0.5068938618113543182, 0.4490000000000000102 ) ) ;
#5939 = DIRECTION ( 'NONE',  ( 0.0000000000000000000, 1.000000000000000000, 0.0000000000000000000 ) ) ;
#5940 = FACE_OUTER_BOUND ( 'NONE', #1708, .T. ) ;
#5941 = SURFACE_STYLE_USAGE ( .BOTH. , #7088 ) ;
#5942 = UNCERTAINTY_MEASURE_WITH_UNIT (LENGTH_MEASURE( 1.000000000000000082E-05 ), #441, 'distance_accuracy_value', 'NONE');
#5943 = LINE ( 'NONE', #4852, #1436 ) ;
#5944 = PLANE ( 'NONE',  #6827 ) ;
#5945 = ORIENTED_EDGE ( 'NONE', *, *, #6216, .T. ) ;
#5946 = CARTESIAN_POINT ( 'NONE',  ( 0.9171932574891464851, 0.1900326603083695165, 0.4489999999999998437 ) ) ;
#5947 = EDGE_CURVE ( 'NONE', #398, #5310, #1830, .T. ) ;
#5948 = CARTESIAN_POINT ( 'NONE',  ( 0.6076509144432330478, 0.3667671976943596701, 0.4499999999999986788 ) ) ;
#5949 = CARTESIAN_POINT ( 'NONE',  ( 0.7177712286907476091, 0.3449298085352433541, 0.4490000000000641811 ) ) ;
#5950 = B_SPLINE_SURFACE_WITH_KNOTS ( 'NONE', 3, 1, ( 
 ( #3144, #2479 ),
 ( #5420, #2079 ),
 ( #4318, #1517 ),
 ( #3778, #3364 ),
 ( #11, #2186 ),
 ( #4916, #2807 ),
 ( #6666, #1156 ),
 ( #5051, #3850 ),
 ( #2151, #6098 ),
 ( #42, #7108 ),
 ( #2115, #4355 ),
 ( #6563, #6062 ),
 ( #1626, #1046 ),
 ( #3880, #4468 ),
 ( #4436, #1590 ),
 ( #482, #2217 ),
 ( #3286, #1556 ),
 ( #2258, #1123 ),
 ( #5599, #5461 ) ),
 .UNSPECIFIED., .F., .F., .F.,
 ( 4, 1, 1, 1, 1, 1, 1, 1, 1, 1, 1, 1, 1, 1, 1, 1, 4 ),
 ( 2, 2 ),
 ( 0.0000000000000000000, 0.06460873547077364276, 0.1275117897236745790, 0.1885213083986464755, 0.2487081790893697075, 0.3085982651789119235, 0.3688122491095527367, 0.4298875018150757898, 0.4928024479242453237, 0.5557433321027933637, 0.6174852948395641583, 0.6789689634380376981, 0.7401976913545537107, 0.8023601016976082967, 0.8662447764427321228, 0.9317068283956888575, 1.000000000000000000 ),
 ( 0.0000000000000000000, 1.000000000000000000 ),
 .UNSPECIFIED. ) ;
#5951 = DIRECTION ( 'NONE',  ( -0.0000000000000000000, -0.0000000000000000000, 1.000000000000000000 ) ) ;
#5952 = CARTESIAN_POINT ( 'NONE',  ( 2.168404344971008868E-16, 0.0000000000000000000, 0.0000000000000000000 ) ) ;
#5953 =( LENGTH_UNIT ( ) NAMED_UNIT ( * ) SI_UNIT ( .MILLI., .METRE. ) );
#5954 = CARTESIAN_POINT ( 'NONE',  ( 0.8900184999700109234, 0.7145151720635484205, 0.4500000000000000666 ) ) ;
#5955 = CARTESIAN_POINT ( 'NONE',  ( 0.3654581498553361452, 0.7661492513971813745, 0.4489999999999998437 ) ) ;
#5956 = LINE ( 'NONE', #4163, #3638 ) ;
#5957 = SURFACE_STYLE_FILL_AREA ( #7067 ) ;
#5958 = CARTESIAN_POINT ( 'NONE',  ( 0.7074644933611362596, 0.3904732823088865046, 0.4499999999999997335 ) ) ;
#5959 = CARTESIAN_POINT ( 'NONE',  ( 0.4999680411949428138, 0.6329484489489595189, 0.4489999999999999547 ) ) ;
#5960 = EDGE_LOOP ( 'NONE', ( #256, #2937, #6363, #6081 ) ) ;
#5961 = CARTESIAN_POINT ( 'NONE',  ( 0.6551740625628710291, 0.7198359827331078931, 0.4500000000000000666 ) ) ;
#5962 = PRESENTATION_LAYER_ASSIGNMENT (  '', '', ( #6996 ) ) ;
#5963 = CARTESIAN_POINT ( 'NONE',  ( 0.6347785110082798665, 0.7687479199565053767, 0.4490000000000065605 ) ) ;
#5964 = CARTESIAN_POINT ( 'NONE',  ( 0.7248291821430857818, 0.5212995209668790375, 0.4490000000000000657 ) ) ;
#5965 = CARTESIAN_POINT ( 'NONE',  ( 0.6598683543414759489, 0.2347168369116126030, 0.4499999999999999556 ) ) ;
#5966 = ORIENTED_EDGE ( 'NONE', *, *, #4395, .F. ) ;
#5967 = ORIENTED_EDGE ( 'NONE', *, *, #1641, .F. ) ;
#5968 = FILL_AREA_STYLE ('',( #6501 ) ) ;
#5969 = LINE ( 'NONE', #809, #5980 ) ;
#5970 = CARTESIAN_POINT ( 'NONE',  ( 0.6681864312693811536, 0.3616257467424339178, 0.4490000000000105018 ) ) ;
#5971 = LINE ( 'NONE', #4846, #3997 ) ;
#5972 = VECTOR ( 'NONE', #2987, 1000.000000000000000 ) ;
#5973 = DIRECTION ( 'NONE',  ( -0.0000000000000000000, -0.0000000000000000000, -1.000000000000000000 ) ) ;
#5974 =( NAMED_UNIT ( * ) SI_UNIT ( $, .STERADIAN. ) SOLID_ANGLE_UNIT ( ) );
#5975 = VERTEX_POINT ( 'NONE', #2750 ) ;
#5976 = SURFACE_STYLE_USAGE ( .BOTH. , #5367 ) ;
#5977 = CARTESIAN_POINT ( 'NONE',  ( 0.6249809054859343238, 0.3811153958488447957, 0.4499999999999986233 ) ) ;
#5978 = STYLED_ITEM ( 'NONE', ( #2294 ), #3977 ) ;
#5979 = DIRECTION ( 'NONE',  ( 1.000000000000000000, 0.0000000000000000000, 0.0000000000000000000 ) ) ;
#5980 = VECTOR ( 'NONE', #5900, 1000.000000000000000 ) ;
#5981 = CARTESIAN_POINT ( 'NONE',  ( 0.7816216069967532043, 0.4012631076988326106, 0.4500000000000001221 ) ) ;
#5982 = CARTESIAN_POINT ( 'NONE',  ( 0.4632859057570742900, 0.3794638487972963325, 0.4500000000000000666 ) ) ;
#5983 = CARTESIAN_POINT ( 'NONE',  ( 2.056993547213643565E-16, 0.7965251163019181346, 0.4437653199154557582 ) ) ;
#5984 = FILL_AREA_STYLE ('',( #864 ) ) ;
#5985 = AXIS2_PLACEMENT_3D ( 'NONE', #2513, #1512, #6491 ) ;
#5986 = CARTESIAN_POINT ( 'NONE',  ( 0.7525608808105866965, 0.2305876749772544088, 0.4500000000000006217 ) ) ;
#5987 = CARTESIAN_POINT ( 'NONE',  ( 0.7672730432113925580, 0.1887518972885491308, 0.4489999999999998992 ) ) ;
#5988 = LINE ( 'NONE', #3140, #1421 ) ;
#5989 = EDGE_CURVE ( 'NONE', #2921, #1539, #3582, .T. ) ;
#5990 =( LENGTH_UNIT ( ) NAMED_UNIT ( * ) SI_UNIT ( .MILLI., .METRE. ) );
#5991 = CARTESIAN_POINT ( 'NONE',  ( 0.6300380555541250649, 0.5383039527783713973, 0.4500000000000000111 ) ) ;
#5992 = STYLED_ITEM ( 'NONE', ( #3657 ), #3492 ) ;
#5993 = EDGE_CURVE ( 'NONE', #5712, #342, #3412, .T. ) ;
#5994 = CARTESIAN_POINT ( 'NONE',  ( 0.5799599062200108124, 0.5584788472772237444, 0.4499999999999999556 ) ) ;
#5995 = ORIENTED_EDGE ( 'NONE', *, *, #7124, .T. ) ;
#5996 = CARTESIAN_POINT ( 'NONE',  ( 0.7271142849902163530, 0.6327023750654864331, 0.4489999999999999547 ) ) ;
#5997 = EDGE_CURVE ( 'NONE', #3750, #2928, #1895, .T. ) ;
#5998 = CARTESIAN_POINT ( 'NONE',  ( 0.8425291837306945197, 0.4974211549695313206, 0.4500000000000000666 ) ) ;
#5999 = CARTESIAN_POINT ( 'NONE',  ( 0.8856437475344749455, 0.4189029941506529076, 0.4489999999999999547 ) ) ;
#6000 = CARTESIAN_POINT ( 'NONE',  ( 0.7600000000000002309, 0.8499999999999998668, 1.371974628597153230E-17 ) ) ;
#6001 = ORIENTED_EDGE ( 'NONE', *, *, #423, .F. ) ;
#6002 = CARTESIAN_POINT ( 'NONE',  ( 0.9215706329632431526, 0.1972187526252733025, 0.4489999999999993441 ) ) ;
#6003 = CARTESIAN_POINT ( 'NONE',  ( 0.3169250699647780944, 0.7084167649547996604, 0.4500000000000010103 ) ) ;
#6004 = LINE ( 'NONE', #2094, #4700 ) ;
#6005 = VECTOR ( 'NONE', #6675, 1000.000000000000000 ) ;
#6006 = UNCERTAINTY_MEASURE_WITH_UNIT (LENGTH_MEASURE( 1.000000000000000082E-05 ), #4352, 'distance_accuracy_value', 'NONE');
#6007 = VECTOR ( 'NONE', #1948, 1000.000000000000000 ) ;
#6008 = CARTESIAN_POINT ( 'NONE',  ( 0.6651295558348204739, 0.3232520125440654923, 0.4490000000000471947 ) ) ;
#6009 = ORIENTED_EDGE ( 'NONE', *, *, #2231, .F. ) ;
#6010 = CARTESIAN_POINT ( 'NONE',  ( 0.9315160659954343503, 0.2349081864857079094, 0.4489999999999999547 ) ) ;
#6011 = DIRECTION ( 'NONE',  ( 0.0000000000000000000, 0.1104315260748465755, -0.9938837346736189016 ) ) ;
#6012 = CARTESIAN_POINT ( 'NONE',  ( 0.8273348594486507057, 0.4289301222101792321, 0.4490000000000000102 ) ) ;
#6013 = SURFACE_STYLE_FILL_AREA ( #2760 ) ;
#6014 = VECTOR ( 'NONE', #3546, 1000.000000000000000 ) ;
#6015 = DIRECTION ( 'NONE',  ( 0.0000000000000000000, 0.0000000000000000000, -1.000000000000000000 ) ) ;
#6016 = CARTESIAN_POINT ( 'NONE',  ( 2.049819732355406574E-16, 0.7910495720687359400, 0.4400000000000000022 ) ) ;
#6017 = CARTESIAN_POINT ( 'NONE',  ( 0.6598683543414759489, 0.2347168369116126030, 0.4489999999999999547 ) ) ;
#6018 = STYLED_ITEM ( 'NONE', ( #4451 ), #812 ) ;
#6019 = CARTESIAN_POINT ( 'NONE',  ( 0.8703882334341056515, 0.3538704813126220539, 0.4499999999999998446 ) ) ;
#6020 = CARTESIAN_POINT ( 'NONE',  ( 0.5686331466361549403, 0.7502170604216540362, 0.4500000000000000666 ) ) ;
#6021 = CARTESIAN_POINT ( 'NONE',  ( 0.5608742633717238579, 0.7453530439272939567, 0.4500000000000001776 ) ) ;
#6022 =( GEOMETRIC_REPRESENTATION_CONTEXT ( 3 ) GLOBAL_UNCERTAINTY_ASSIGNED_CONTEXT ( ( #5363 ) ) GLOBAL_UNIT_ASSIGNED_CONTEXT ( ( #951, #918, #2596 ) ) REPRESENTATION_CONTEXT ( 'NONE', 'WORKASPACE' ) );
#6023 = CARTESIAN_POINT ( 'NONE',  ( 0.5994160854991291698, 0.3406304970925214670, 0.4500000000000000111 ) ) ;
#6024 = CARTESIAN_POINT ( 'NONE',  ( 0.3590747490569973221, 0.7639803798531722423, 0.4490000000000060609 ) ) ;
#6025 = CARTESIAN_POINT ( 'NONE',  ( 0.5655947031199662911, 0.5724595688542664096, 0.4499999999999996780 ) ) ;
#6026 = EDGE_CURVE ( 'NONE', #2308, #5872, #6697, .T. ) ;
#6027 = ORIENTED_EDGE ( 'NONE', *, *, #4122, .F. ) ;
#6028 = LINE ( 'NONE', #2812, #3173 ) ;
#6029 =( NAMED_UNIT ( * ) SI_UNIT ( $, .STERADIAN. ) SOLID_ANGLE_UNIT ( ) );
#6030 = ADVANCED_FACE ( 'NONE', ( #305 ), #2856, .T. ) ;
#6031 = CARTESIAN_POINT ( 'NONE',  ( 0.8421157768484860418, 0.3827712476292669530, 0.4490000000000000102 ) ) ;
#6032 = STYLED_ITEM ( 'NONE', ( #3153 ), #1693 ) ;
#6033 = CARTESIAN_POINT ( 'NONE',  ( 0.4068036938194940499, 0.6552413960062841713, 0.4499999999999999556 ) ) ;
#6034 = CARTESIAN_POINT ( 'NONE',  ( 0.9180385099237408086, 0.3609663361103305768, 0.4499999999999999556 ) ) ;
#6035 = LINE ( 'NONE', #1125, #439 ) ;
#6036 = CARTESIAN_POINT ( 'NONE',  ( 0.3770903931702644374, 0.7201299755266590275, 0.4489999999999998992 ) ) ;
#6037 = ORIENTED_EDGE ( 'NONE', *, *, #514, .T. ) ;
#6038 = CARTESIAN_POINT ( 'NONE',  ( 0.3686430492488570465, 0.6913005286340613287, 0.4500000000000000666 ) ) ;
#6039 = CARTESIAN_POINT ( 'NONE',  ( 0.5474170042435151373, 0.6291828069460272399, 0.4494999999999998996 ) ) ;
#6040 = PRESENTATION_STYLE_ASSIGNMENT (( #1426 ) ) ;
#6041 = PRESENTATION_LAYER_ASSIGNMENT (  '', '', ( #3123 ) ) ;
#6042 = EDGE_CURVE ( 'NONE', #5222, #1957, #3100, .T. ) ;
#6043 = CARTESIAN_POINT ( 'NONE',  ( 0.4046960024187098437, 0.7666709720659254934, 0.4489999999999998992 ) ) ;
#6044 =( GEOMETRIC_REPRESENTATION_CONTEXT ( 3 ) GLOBAL_UNCERTAINTY_ASSIGNED_CONTEXT ( ( #3032 ) ) GLOBAL_UNIT_ASSIGNED_CONTEXT ( ( #6161, #757, #4051 ) ) REPRESENTATION_CONTEXT ( 'NONE', 'WORKASPACE' ) );
#6045 = LINE ( 'NONE', #3380, #1469 ) ;
#6046 = CARTESIAN_POINT ( 'NONE',  ( 0.3676467713036473128, 0.7133316938849203481, 0.4490000000000000657 ) ) ;
#6047 = ORIENTED_EDGE ( 'NONE', *, *, #722, .F. ) ;
#6048 = SURFACE_SIDE_STYLE ('',( #2136 ) ) ;
#6049 = CARTESIAN_POINT ( 'NONE',  ( 0.6777459081648955497, 0.7632806897812071112, 0.4500000000000001776 ) ) ;
#6050 = LINE ( 'NONE', #6652, #3664 ) ;
#6051 = VECTOR ( 'NONE', #7024, 1000.000000000000114 ) ;
#6052 = CARTESIAN_POINT ( 'NONE',  ( 0.9091116734257393972, 0.3288214896694118816, 0.4500000000000003442 ) ) ;
#6053 = CARTESIAN_POINT ( 'NONE',  ( 0.3326926642496892961, 0.6580386116180654277, 0.4489999999999992886 ) ) ;
#6054 = CARTESIAN_POINT ( 'NONE',  ( 0.4659402087581938634, 0.5686944953164928540, 0.4489999999999999547 ) ) ;
#6055 = DIRECTION ( 'NONE',  ( 1.000000000000000000, -0.0000000000000000000, 0.0000000000000000000 ) ) ;
#6056 = CARTESIAN_POINT ( 'NONE',  ( 0.3644651930778529114, 0.6252258171476035020, 0.4500000000000000666 ) ) ;
#6057 = CARTESIAN_POINT ( 'NONE',  ( 0.7593483929861749582, 0.2038884318335568158, 0.4489999999999997882 ) ) ;
#6058 = DIRECTION ( 'NONE',  ( -1.000000000000000000, 0.0000000000000000000, -0.0000000000000000000 ) ) ;
#6059 = SURFACE_STYLE_FILL_AREA ( #3848 ) ;
#6060 = CARTESIAN_POINT ( 'NONE',  ( 0.7629663421572716597, 0.1960571176387765346, 0.4489999999999998437 ) ) ;
#6061 = DIRECTION ( 'NONE',  ( 0.0000000000000000000, -0.1104315260748466171, 0.9938837346736190126 ) ) ;
#6062 = CARTESIAN_POINT ( 'NONE',  ( 0.5618628169716057830, 0.6814889394846652682, 0.4500000000000000111 ) ) ;
#6063 = CARTESIAN_POINT ( 'NONE',  ( 0.6550866407571281913, 0.3045927813368830561, 0.4499999999999989564 ) ) ;
#6064 = FACE_OUTER_BOUND ( 'NONE', #673, .T. ) ;
#6065 = CARTESIAN_POINT ( 'NONE',  ( 0.7109346289365127136, 0.3131002117645452776, 0.4499999999999970690 ) ) ;
#6066 = PLANE ( 'NONE',  #3883 ) ;
#6067 = CARTESIAN_POINT ( 'NONE',  ( 0.8342653675017279724, 0.2802070622248815090, 0.4500000000000000666 ) ) ;
#6068 = SURFACE_SIDE_STYLE ('',( #5931 ) ) ;
#6069 = CARTESIAN_POINT ( 'NONE',  ( 0.8441544621139117632, 0.4303452590537065747, 0.4499999999999999001 ) ) ;
#6070 = EDGE_CURVE ( 'NONE', #6212, #46, #4090, .T. ) ;
#6071 = EDGE_LOOP ( 'NONE', ( #5016, #1086, #3348 ) ) ;
#6072 = CARTESIAN_POINT ( 'NONE',  ( 0.4014845848512333948, 0.5927528368201895326, 0.4499999999999994560 ) ) ;
#6073 = CARTESIAN_POINT ( 'NONE',  ( 0.8704958630827123178, 0.3565951675433722268, 0.4489999999999997327 ) ) ;
#6074 = DIRECTION ( 'NONE',  ( 0.0000000000000000000, 0.0000000000000000000, 1.000000000000000000 ) ) ;
#6075 = EDGE_CURVE ( 'NONE', #5106, #2127, #1929, .T. ) ;
#6076 = DIRECTION ( 'NONE',  ( 0.0000000000000000000, -0.0000000000000000000, 1.000000000000000000 ) ) ;
#6077 = UNCERTAINTY_MEASURE_WITH_UNIT (LENGTH_MEASURE( 1.000000000000000082E-05 ), #485, 'distance_accuracy_value', 'NONE');
#6078 = CARTESIAN_POINT ( 'NONE',  ( 0.3149140035324421438, 0.5273508926800407615, 0.4499999999999999556 ) ) ;
#6079 = EDGE_CURVE ( 'NONE', #5390, #664, #2474, .T. ) ;
#6080 = FILL_AREA_STYLE_COLOUR ( '', #992 ) ;
#6081 = ORIENTED_EDGE ( 'NONE', *, *, #2959, .F. ) ;
#6082 = ORIENTED_EDGE ( 'NONE', *, *, #2145, .F. ) ;
#6083 =( GEOMETRIC_REPRESENTATION_CONTEXT ( 3 ) GLOBAL_UNCERTAINTY_ASSIGNED_CONTEXT ( ( #6744 ) ) GLOBAL_UNIT_ASSIGNED_CONTEXT ( ( #6787, #132, #5682 ) ) REPRESENTATION_CONTEXT ( 'NONE', 'WORKASPACE' ) );
#6084 = CARTESIAN_POINT ( 'NONE',  ( 0.9315160659954343503, 0.2349081864857079094, 0.4499999999999946820 ) ) ;
#6085 = CARTESIAN_POINT ( 'NONE',  ( 0.8853811620866489651, 0.3070651333391730686, 0.4500000000000003442 ) ) ;
#6086 = CARTESIAN_POINT ( 'NONE',  ( 0.004142135623730972167, 0.04960308924011236353, 0.4464278031610111608 ) ) ;
#6087 =( GEOMETRIC_REPRESENTATION_CONTEXT ( 3 ) GLOBAL_UNCERTAINTY_ASSIGNED_CONTEXT ( ( #3989 ) ) GLOBAL_UNIT_ASSIGNED_CONTEXT ( ( #5092, #5567, #2775 ) ) REPRESENTATION_CONTEXT ( 'NONE', 'WORKASPACE' ) );
#6088 = PLANE ( 'NONE',  #2879 ) ;
#6089 = CARTESIAN_POINT ( 'NONE',  ( 0.3679737316027456573, 0.6922888090640991754, 0.4500000000000001776 ) ) ;
#6090 = CARTESIAN_POINT ( 'NONE',  ( 0.3171729706529584081, 0.6920046022186432388, 0.4489999999999999547 ) ) ;
#6091 = CARTESIAN_POINT ( 'NONE',  ( 0.8705491936844246270, 0.3579452523763562155, 0.4494999999999974016 ) ) ;
#6092 = CARTESIAN_POINT ( 'NONE',  ( 0.7438949099369998041, 0.7179002389653017513, 0.4489999999999999547 ) ) ;
#6093 = PRESENTATION_LAYER_ASSIGNMENT (  '', '', ( #6678 ) ) ;
#6094 = FILL_AREA_STYLE_COLOUR ( '', #2946 ) ;
#6095 = CARTESIAN_POINT ( 'NONE',  ( 0.7175614573826025744, 0.3610416372774885585, 0.4490000000000085034 ) ) ;
#6096 = CARTESIAN_POINT ( 'NONE',  ( 0.8367660653232251722, 0.1522610720368864634, 0.4500000000000000111 ) ) ;
#6097 =( NAMED_UNIT ( * ) PLANE_ANGLE_UNIT ( ) SI_UNIT ( $, .RADIAN. ) );
#6098 = CARTESIAN_POINT ( 'NONE',  ( 0.5798142021585889205, 0.7014071524627348841, 0.4500000000000001776 ) ) ;
#6099 = AXIS2_PLACEMENT_3D ( 'NONE', #1855, #3656, #5883 ) ;
#6100 = CARTESIAN_POINT ( 'NONE',  ( 0.8713537815050692581, 0.2653406448499532888, 0.4500000000000002331 ) ) ;
#6101 = SURFACE_STYLE_USAGE ( .BOTH. , #1670 ) ;
#6102 = STYLED_ITEM ( 'NONE', ( #6569 ), #6522 ) ;
#6103 = CARTESIAN_POINT ( 'NONE',  ( 0.7171500020856336199, 0.3387909719853456902, 0.4499999999999971245 ) ) ;
#6104 = MECHANICAL_DESIGN_GEOMETRIC_PRESENTATION_REPRESENTATION (  '', ( #4831 ), #6910 ) ;
#6105 = CARTESIAN_POINT ( 'NONE',  ( 0.7212970569322878500, 0.2030749599084074875, 0.4489999999999999547 ) ) ;
#6106 = CARTESIAN_POINT ( 'NONE',  ( 0.4308577452655888984, 0.6341228229858453247, 0.4500000000000001776 ) ) ;
#6107 = B_SPLINE_CURVE_WITH_KNOTS ( 'NONE', 3,
 ( #5121, #12, #84, #4983, #2289, #6198, #2187, #6667, #5015, #1669, #6100, #7175, #3915, #6136, #1740, #1124, #5631, #6597, #3982 ),
 .UNSPECIFIED., .F., .F.,
 ( 4, 1, 1, 1, 1, 1, 1, 1, 1, 1, 1, 1, 1, 1, 1, 1, 4 ),
 ( 1.084202172485504434E-19, 7.592400195681836433E-06, 1.478880911737538606E-05, 2.155011583491518541E-05, 2.790972691593323899E-05, 3.391761390512043140E-05, 3.963248892110981820E-05, 4.509161561492676466E-05, 5.034575441190964468E-05, 5.535969465548757436E-05, 6.008780924472680778E-05, 6.465385515259711017E-05, 6.899613582633887937E-05, 7.326913424834413690E-05, 7.744752073135569199E-05, 8.176639621828459795E-05, 8.612550248375117469E-05 ),
 .UNSPECIFIED. ) ;
#6108 = SURFACE_SIDE_STYLE ('',( #2747 ) ) ;
#6109 = MECHANICAL_DESIGN_GEOMETRIC_PRESENTATION_REPRESENTATION (  '', ( #177 ), #518 ) ;
#6110 = ORIENTED_EDGE ( 'NONE', *, *, #3314, .F. ) ;
#6111 = CARTESIAN_POINT ( 'NONE',  ( 0.6801790734182862064, 0.5482843543592654800, 0.4490000000000001212 ) ) ;
#6112 = CARTESIAN_POINT ( 'NONE',  ( 0.3279218777659759776, 0.7387906154809169568, 0.4500000000000011213 ) ) ;
#6113 = CARTESIAN_POINT ( 'NONE',  ( 1.240000000000000213, 0.8009884094154723355, 0.4411043152607469486 ) ) ;
#6114 =( NAMED_UNIT ( * ) PLANE_ANGLE_UNIT ( ) SI_UNIT ( $, .RADIAN. ) );
#6115 =( LENGTH_UNIT ( ) NAMED_UNIT ( * ) SI_UNIT ( .MILLI., .METRE. ) );
#6116 = CARTESIAN_POINT ( 'NONE',  ( 0.3068326193713700745, 0.5399930888242175930, 0.4500000000000000111 ) ) ;
#6117 = CARTESIAN_POINT ( 'NONE',  ( 0.3656138721646202128, 0.7104391305741044604, 0.4500000000000000111 ) ) ;
#6118 = ORIENTED_EDGE ( 'NONE', *, *, #6216, .F. ) ;
#6119 = B_SPLINE_CURVE_WITH_KNOTS ( 'NONE', 3,
 ( #1175, #5760, #5217, #2345, #2867, #3423, #5720, #4529, #1804, #6261, #2311, #1255, #4563, #6758, #214, #1762, #6835, #3460, #141 ),
 .UNSPECIFIED., .F., .F.,
 ( 4, 1, 1, 1, 1, 1, 1, 1, 1, 1, 1, 1, 1, 1, 1, 1, 4 ),
 ( 0.0000000000000000000, 9.827062859016558177E-06, 1.924674105391978169E-05, 2.843944216444381566E-05, 3.738431761185408039E-05, 4.619484059502215609E-05, 5.504204833082455080E-05, 6.392642336569263916E-05, 7.298331749865786026E-05, 8.203647926669937779E-05, 9.082491789633257372E-05, 9.948942404208121571E-05, 0.0001081073228276852928, 0.0001167679275070541674, 0.0001255469073220646286, 0.0001345983579085001879, 0.0001438952479166483145 ),
 .UNSPECIFIED. ) ;
#6120 = EDGE_CURVE ( 'NONE', #6972, #3507, #2091, .T. ) ;
#6121 = FACE_OUTER_BOUND ( 'NONE', #4783, .T. ) ;
#6122 = CARTESIAN_POINT ( 'NONE',  ( 0.4632859057570742900, 0.3794638487972963325, 0.4489999999999999547 ) ) ;
#6123 = CARTESIAN_POINT ( 'NONE',  ( 0.8118845584138906224, 0.4243095027007950382, 0.4490000000000112790 ) ) ;
#6124 = EDGE_CURVE ( 'NONE', #6607, #4749, #2339, .T. ) ;
#6125 = B_SPLINE_SURFACE_WITH_KNOTS ( 'NONE', 3, 1, ( 
 ( #5346, #3661 ),
 ( #2437, #5205 ),
 ( #203, #5308 ),
 ( #1407, #1934 ),
 ( #798, #4687 ),
 ( #4168, #2517 ),
 ( #5886, #3618 ),
 ( #5850, #309 ),
 ( #5745, #872 ),
 ( #6853, #339 ),
 ( #5270, #4133 ) ),
 .UNSPECIFIED., .F., .F., .F.,
 ( 4, 1, 1, 1, 1, 1, 1, 1, 4 ),
 ( 2, 2 ),
 ( 0.0000000000000000000, 0.1327548717475876827, 0.2572338481110661434, 0.3786007316763544961, 0.5014062774984530124, 0.6239419536469535954, 0.7436418348746463014, 0.8681208112381251230, 1.000000000000000000 ),
 ( 0.0000000000000000000, 1.000000000000000000 ),
 .UNSPECIFIED. ) ;
#6126 = SURFACE_STYLE_FILL_AREA ( #6516 ) ;
#6127 = ORIENTED_EDGE ( 'NONE', *, *, #298, .T. ) ;
#6128 = STYLED_ITEM ( 'NONE', ( #5448 ), #636 ) ;
#6129 = CARTESIAN_POINT ( 'NONE',  ( 0.8002023036998494598, 0.2354828452610119305, 0.4489999999999998437 ) ) ;
#6130 = CARTESIAN_POINT ( 'NONE',  ( 0.6515192660874921105, 0.7684344311807755901, 0.4489999999999999547 ) ) ;
#6131 = ADVANCED_FACE ( 'NONE', ( #481 ), #2617, .T. ) ;
#6132 = CARTESIAN_POINT ( 'NONE',  ( 0.4632859057570742345, 0.3794638487972963325, 0.4489999999999999547 ) ) ;
#6133 = CARTESIAN_POINT ( 'NONE',  ( 0.7840906411629470218, 0.1702470831701200227, 0.4500000000000000111 ) ) ;
#6134 = STYLED_ITEM ( 'NONE', ( #1030 ), #843 ) ;
#6135 = DIRECTION ( 'NONE',  ( 2.817178834852666069E-17, 0.1104315260748466032, -0.9938837346736189016 ) ) ;
#6136 = CARTESIAN_POINT ( 'NONE',  ( 0.8800617820237567335, 0.2548223278241482093, 0.4500000000000000666 ) ) ;
#6137 = ORIENTED_EDGE ( 'NONE', *, *, #5146, .F. ) ;
#6138 = DIRECTION ( 'NONE',  ( -1.000000000000000000, 0.0000000000000000000, -0.0000000000000000000 ) ) ;
#6139 = DIRECTION ( 'NONE',  ( -0.0000000000000000000, -1.000000000000000000, -0.0000000000000000000 ) ) ;
#6140 = CARTESIAN_POINT ( 'NONE',  ( 0.09000000000000023259, 0.04999999999999996808, -0.005000000000000013115 ) ) ;
#6141 = SURFACE_STYLE_USAGE ( .BOTH. , #2224 ) ;
#6142 = LINE ( 'NONE', #5605, #4025 ) ;
#6143 = CARTESIAN_POINT ( 'NONE',  ( 0.4380422834920877362, 0.6272597781607480716, 0.4500000000000000666 ) ) ;
#6144 = CARTESIAN_POINT ( 'NONE',  ( 0.4659593870232577872, 0.5632798820748439184, 0.4499999999999999001 ) ) ;
#6145 = ORIENTED_EDGE ( 'NONE', *, *, #6305, .F. ) ;
#6146 = PLANE ( 'NONE',  #4735 ) ;
#6147 = STYLED_ITEM ( 'NONE', ( #4865 ), #1784 ) ;
#6148 =( NAMED_UNIT ( * ) PLANE_ANGLE_UNIT ( ) SI_UNIT ( $, .RADIAN. ) );
#6149 = CARTESIAN_POINT ( 'NONE',  ( 0.8244738920428617002, 0.3760952578795873080, 0.4489999999999998992 ) ) ;
#6150 = EDGE_LOOP ( 'NONE', ( #3527, #1065, #1946, #2307, #5097 ) ) ;
#6151 = DIRECTION ( 'NONE',  ( 1.000000000000000000, 0.0000000000000000000, 0.0000000000000000000 ) ) ;
#6152 = FILL_AREA_STYLE ('',( #3935 ) ) ;
#6153 = CARTESIAN_POINT ( 'NONE',  ( 0.9316068859921168288, 0.2378439235836211918, 0.4499999999999997891 ) ) ;
#6154 = LINE ( 'NONE', #544, #6157 ) ;
#6155 = CARTESIAN_POINT ( 'NONE',  ( 0.3464934455449085737, 0.5693667663504171639, 0.4500000000000000111 ) ) ;
#6156 = CARTESIAN_POINT ( 'NONE',  ( 0.8900000000000001243, 0.05000000000000000278, 0.0000000000000000000 ) ) ;
#6157 = VECTOR ( 'NONE', #1108, 999.9999999999998863 ) ;
#6158 = CARTESIAN_POINT ( 'NONE',  ( 0.7692618001788206206, 0.6703094094546533377, 0.4500000000000000111 ) ) ;
#6159 = FACE_BOUND ( 'NONE', #4488, .T. ) ;
#6160 = DIRECTION ( 'NONE',  ( 1.000000000000000000, -0.0000000000000000000, 0.0000000000000000000 ) ) ;
#6161 =( LENGTH_UNIT ( ) NAMED_UNIT ( * ) SI_UNIT ( .MILLI., .METRE. ) );
#6162 = CARTESIAN_POINT ( 'NONE',  ( 0.8396918467717786605, 0.1998010886795798247, 0.4500000000000000666 ) ) ;
#6163 = CARTESIAN_POINT ( 'NONE',  ( 0.3279218777659759776, 0.7387906154809169568, 0.4490000000000058944 ) ) ;
#6164 = CARTESIAN_POINT ( 'NONE',  ( 0.8591689146787031550, 0.4292103714307179407, 0.4490000000000090030 ) ) ;
#6165 = EDGE_CURVE ( 'NONE', #2907, #3917, #3149, .T. ) ;
#6166 = ORIENTED_EDGE ( 'NONE', *, *, #6634, .F. ) ;
#6167 = CARTESIAN_POINT ( 'NONE',  ( 1.250000000000000222, 0.004167625929697773950, 0.0000000000000000000 ) ) ;
#6168 = CARTESIAN_POINT ( 'NONE',  ( 0.7083859376020033016, 0.3064047341520544365, 0.4499999999999969580 ) ) ;
#6169 =( BOUNDED_SURFACE ( )  B_SPLINE_SURFACE ( 3, 3, ( 
 ( #2143, #1656, #1617, #506 ),
 ( #3354, #2208, #4388, #6586 ),
 ( #5039, #2723, #2177, #6619 ),
 ( #5553, #2834, #5724, #1766 ) ),
 .UNSPECIFIED., .F., .F., .F. ) 
 B_SPLINE_SURFACE_WITH_KNOTS ( ( 4, 4 ),
 ( 4, 4 ),
 ( 0.0000000000000000000, 1.000000000000000000 ),
 ( 0.0000000000000000000, 1.000000000000000000 ),
 .UNSPECIFIED. ) 
 GEOMETRIC_REPRESENTATION_ITEM ( )  RATIONAL_B_SPLINE_SURFACE ( (
 ( 1.000000000000000000, 0.8300853452566192558, 0.8300853452566192558, 1.000000000000000000),
 ( 0.8047378541243626060, 0.6680010994818924575, 0.6680010994818924575, 0.8047378541243626060),
 ( 0.8047378541243626060, 0.6680010994818924575, 0.6680010994818924575, 0.8047378541243626060),
 ( 1.000000000000000000, 0.8300853452566192558, 0.8300853452566192558, 1.000000000000000000) ) ) 
 REPRESENTATION_ITEM ( '' )  SURFACE ( )  );
#6170 = LINE ( 'NONE', #1128, #3418 ) ;
#6171 = CARTESIAN_POINT ( 'NONE',  ( 0.5449081680433990327, 0.1589777376861852554, 0.4489999999999999547 ) ) ;
#6172 = CARTESIAN_POINT ( 'NONE',  ( 0.6784559319043602654, 0.4960184331422035076, 0.4500000000000005662 ) ) ;
#6173 = CARTESIAN_POINT ( 'NONE',  ( 0.4308577452655888984, 0.6341228229858453247, 0.4490000000000001212 ) ) ;
#6174 = CARTESIAN_POINT ( 'NONE',  ( 0.4440404566294671174, 0.5118494217481494024, 0.4489999999999997882 ) ) ;
#6175 = VERTEX_POINT ( 'NONE', #1548 ) ;
#6176 = ORIENTED_EDGE ( 'NONE', *, *, #4705, .F. ) ;
#6177 = CARTESIAN_POINT ( 'NONE',  ( 0.6724098249795475990, 0.5445605382225171542, 0.4489999999999998992 ) ) ;
#6178 = DIRECTION ( 'NONE',  ( -0.0000000000000000000, 0.1104315260748466171, 0.9938837346736190126 ) ) ;
#6179 = CARTESIAN_POINT ( 'NONE',  ( 0.5474170042435151373, 0.6291828069460272399, 0.4494999999999998996 ) ) ;
#6180 = SURFACE_STYLE_USAGE ( .BOTH. , #2237 ) ;
#6181 = CARTESIAN_POINT ( 'NONE',  ( 0.5151310406828057964, 0.5648313297714642189, 0.4499999999999992339 ) ) ;
#6182 = VERTEX_POINT ( 'NONE', #5115 ) ;
#6183 = PRESENTATION_LAYER_ASSIGNMENT (  '', '', ( #2450 ) ) ;
#6184 = CARTESIAN_POINT ( 'NONE',  ( 0.9115698681421887661, 0.2886191196712434293, 0.4499999999999989009 ) ) ;
#6185 = CARTESIAN_POINT ( 'NONE',  ( 0.6495383917921014882, 0.4300011055378271663, 0.4490000000000000102 ) ) ;
#6186 = DIRECTION ( 'NONE',  ( -1.000000000000000000, 0.0000000000000000000, 0.0000000000000000000 ) ) ;
#6187 = PRESENTATION_STYLE_ASSIGNMENT (( #3316 ) ) ;
#6188 = VECTOR ( 'NONE', #2599, 1000.000000000000000 ) ;
#6189 = SURFACE_SIDE_STYLE ('',( #3973 ) ) ;
#6190 = ORIENTED_EDGE ( 'NONE', *, *, #4070, .F. ) ;
#6191 = CARTESIAN_POINT ( 'NONE',  ( 0.3489787374550784582, 0.6398888145531049787, 0.4490000000000001767 ) ) ;
#6192 = CARTESIAN_POINT ( 'NONE',  ( 0.7648536225169888514, 0.6830632954575400761, 0.4489999999999999547 ) ) ;
#6193 = CARTESIAN_POINT ( 'NONE',  ( 0.3905531219314042901, 0.7210465710875713086, 0.4500000000000001776 ) ) ;
#6194 = FACE_OUTER_BOUND ( 'NONE', #1180, .T. ) ;
#6195 = VECTOR ( 'NONE', #6138, 1000.000000000000000 ) ;
#6196 = CARTESIAN_POINT ( 'NONE',  ( 0.3686430492488570465, 0.6913005286340613287, 0.4489999999999625957 ) ) ;
#6197 = CARTESIAN_POINT ( 'NONE',  ( 1.240000000000000213, 0.05895042793126351738, 0.4500000000000000111 ) ) ;
#6198 = CARTESIAN_POINT ( 'NONE',  ( 0.8471954435716310128, 0.2778820474699633669, 0.4500000000000001221 ) ) ;
#6199 = CARTESIAN_POINT ( 'NONE',  ( 1.240000000000000213, 0.7910495720687359400, 0.4399999999999999467 ) ) ;
#6200 = MECHANICAL_DESIGN_GEOMETRIC_PRESENTATION_REPRESENTATION (  '', ( #5284 ), #4822 ) ;
#6201 = ORIENTED_EDGE ( 'NONE', *, *, #4794, .T. ) ;
#6202 = DIRECTION ( 'NONE',  ( -0.0000000000000000000, -0.0000000000000000000, 1.000000000000000000 ) ) ;
#6203 = ADVANCED_FACE ( 'NONE', ( #1621 ), #1061, .T. ) ;
#6204 = CARTESIAN_POINT ( 'NONE',  ( 0.3167546110811221283, 0.7016888165614115769, 0.4500000000000000666 ) ) ;
#6205 = DIRECTION ( 'NONE',  ( 0.0000000000000000000, 0.9938837346736189016, -0.1104315260748465755 ) ) ;
#6206 = EDGE_CURVE ( 'NONE', #179, #5680, #3503, .T. ) ;
#6207 = VECTOR ( 'NONE', #2887, 1000.000000000000114 ) ;
#6208 = CARTESIAN_POINT ( 'NONE',  ( 0.6943995406346001875, 0.7009586802563012586, 0.4490000000000003433 ) ) ;
#6209 =( GEOMETRIC_REPRESENTATION_CONTEXT ( 3 ) GLOBAL_UNCERTAINTY_ASSIGNED_CONTEXT ( ( #6962 ) ) GLOBAL_UNIT_ASSIGNED_CONTEXT ( ( #1661, #6622, #3432 ) ) REPRESENTATION_CONTEXT ( 'NONE', 'WORKASPACE' ) );
#6210 = LINE ( 'NONE', #1199, #6005 ) ;
#6211 = CARTESIAN_POINT ( 'NONE',  ( 0.4537036949702342725, 0.5232130348562052946, 0.4499999999999998446 ) ) ;
#6212 = VERTEX_POINT ( 'NONE', #5151 ) ;
#6213 = ORIENTED_EDGE ( 'NONE', *, *, #3857, .T. ) ;
#6214 =( GEOMETRIC_REPRESENTATION_CONTEXT ( 3 ) GLOBAL_UNCERTAINTY_ASSIGNED_CONTEXT ( ( #2956 ) ) GLOBAL_UNIT_ASSIGNED_CONTEXT ( ( #3665, #7036, #6029 ) ) REPRESENTATION_CONTEXT ( 'NONE', 'WORKASPACE' ) );
#6215 = LINE ( 'NONE', #1682, #4137 ) ;
#6216 = EDGE_CURVE ( 'NONE', #5106, #6904, #4676, .T. ) ;
#6217 = CARTESIAN_POINT ( 'NONE',  ( 0.5560283159676524534, 0.3658073687014982145, 0.4490000000000001212 ) ) ;
#6218 = PRESENTATION_LAYER_ASSIGNMENT (  '', '', ( #3788 ) ) ;
#6219 = CARTESIAN_POINT ( 'NONE',  ( 0.3872724432303784048, 0.7212159374500364262, 0.4499999999999999001 ) ) ;
#6220 = CARTESIAN_POINT ( 'NONE',  ( 0.5836746450260973385, 0.5007606054347254476, 0.4499999999999994005 ) ) ;
#6221 = ORIENTED_EDGE ( 'NONE', *, *, #3450, .F. ) ;
#6222 = EDGE_LOOP ( 'NONE', ( #4028, #1648, #6712, #6334 ) ) ;
#6223 =( LENGTH_UNIT ( ) NAMED_UNIT ( * ) SI_UNIT ( .MILLI., .METRE. ) );
#6224 = UNCERTAINTY_MEASURE_WITH_UNIT (LENGTH_MEASURE( 1.000000000000000082E-05 ), #4898, 'distance_accuracy_value', 'NONE');
#6225 = PRESENTATION_STYLE_ASSIGNMENT (( #1879 ) ) ;
#6226 = CARTESIAN_POINT ( 'NONE',  ( 0.8907468742909037118, 0.3100692664075859750, 0.4500000000000001776 ) ) ;
#6227 = CARTESIAN_POINT ( 'NONE',  ( 0.9316068859921168288, 0.2378439235836211918, 0.4499999999999997891 ) ) ;
#6228 = CARTESIAN_POINT ( 'NONE',  ( 2.018018034307417706E-16, 0.7910495720687362731, 0.4399999999999999467 ) ) ;
#6229 = ORIENTED_EDGE ( 'NONE', *, *, #5073, .T. ) ;
#6230 = CARTESIAN_POINT ( 'NONE',  ( 0.8128835953938263748, 0.3591112846947322468, 0.4500000000000000666 ) ) ;
#6231 = CARTESIAN_POINT ( 'NONE',  ( 0.7133621465603305900, 0.7460289969036232316, 0.4489999999999998437 ) ) ;
#6232 = PRESENTATION_LAYER_ASSIGNMENT (  '', '', ( #5667 ) ) ;
#6233 = VECTOR ( 'NONE', #643, 999.9999999999998863 ) ;
#6234 = CARTESIAN_POINT ( 'NONE',  ( 0.5991816723169032244, 0.3353666265750742115, 0.4489999999999999547 ) ) ;
#6235 = CARTESIAN_POINT ( 'NONE',  ( 0.6237812041071955083, 0.4909639214788508732, 0.4489999999999998437 ) ) ;
#6236 = CARTESIAN_POINT ( 'NONE',  ( 0.9186855998102992915, 0.2802901583740102232, 0.4489999999999998437 ) ) ;
#6237 =( GEOMETRIC_REPRESENTATION_CONTEXT ( 3 ) GLOBAL_UNCERTAINTY_ASSIGNED_CONTEXT ( ( #109 ) ) GLOBAL_UNIT_ASSIGNED_CONTEXT ( ( #3464, #748, #6838 ) ) REPRESENTATION_CONTEXT ( 'NONE', 'WORKASPACE' ) );
#6238 = ORIENTED_EDGE ( 'NONE', *, *, #4847, .F. ) ;
#6239 = SURFACE_STYLE_USAGE ( .BOTH. , #124 ) ;
#6240 = LINE ( 'NONE', #6775, #50 ) ;
#6241 = CARTESIAN_POINT ( 'NONE',  ( 0.6598683543414759489, 0.2347168369116126030, 0.4489999999999999547 ) ) ;
#6242 = PRESENTATION_LAYER_ASSIGNMENT (  '', '', ( #1452 ) ) ;
#6243 = LINE ( 'NONE', #1713, #6497 ) ;
#6244 = UNCERTAINTY_MEASURE_WITH_UNIT (LENGTH_MEASURE( 1.000000000000000082E-05 ), #3724, 'distance_accuracy_value', 'NONE');
#6245 = CARTESIAN_POINT ( 'NONE',  ( 0.8705491936844246270, 0.3579452523763562155, 0.4494999999999974016 ) ) ;
#6246 = CARTESIAN_POINT ( 'NONE',  ( 0.4184230917346707379, 0.5615731577264375662, 0.4500000000000000111 ) ) ;
#6247 = CARTESIAN_POINT ( 'NONE',  ( 0.4033343614149758061, 0.4918235132963654221, 0.4489999999999998992 ) ) ;
#6248 = ORIENTED_EDGE ( 'NONE', *, *, #2635, .F. ) ;
#6249 = EDGE_LOOP ( 'NONE', ( #1884, #3261, #3663, #2765 ) ) ;
#6250 = EDGE_CURVE ( 'NONE', #1679, #5280, #6917, .T. ) ;
#6251 = SURFACE_STYLE_USAGE ( .BOTH. , #1280 ) ;
#6252 = CARTESIAN_POINT ( 'NONE',  ( 0.6558740701873821966, 0.5396085484586736758, 0.4490000000000000657 ) ) ;
#6253 = COLOUR_RGB ( '',0.2941176470588235392, 0.2941176470588235392, 0.2941176470588235392 ) ;
#6254 =( NAMED_UNIT ( * ) PLANE_ANGLE_UNIT ( ) SI_UNIT ( $, .RADIAN. ) );
#6255 = ORIENTED_EDGE ( 'NONE', *, *, #3324, .T. ) ;
#6256 = EDGE_CURVE ( 'NONE', #4842, #6729, #1848, .T. ) ;
#6257 = CARTESIAN_POINT ( 'NONE',  ( 0.7271979871494980152, 0.6295538172291467172, 0.4500000000000000666 ) ) ;
#6258 = FILL_AREA_STYLE ('',( #685 ) ) ;
#6259 = CARTESIAN_POINT ( 'NONE',  ( 0.8704958630827124288, 0.3565951675433722268, 0.4499999999999998446 ) ) ;
#6260 =( GEOMETRIC_REPRESENTATION_CONTEXT ( 3 ) GLOBAL_UNCERTAINTY_ASSIGNED_CONTEXT ( ( #1176 ) ) GLOBAL_UNIT_ASSIGNED_CONTEXT ( ( #300, #1964, #2912 ) ) REPRESENTATION_CONTEXT ( 'NONE', 'WORKASPACE' ) );
#6261 = CARTESIAN_POINT ( 'NONE',  ( 0.5731691362370735510, 0.6953865033956346808, 0.4499999999999978462 ) ) ;
#6262 = CARTESIAN_POINT ( 'NONE',  ( 0.5624613445698273262, 0.3832847337107067043, 0.4490000000000072267 ) ) ;
#6263 = CARTESIAN_POINT ( 'NONE',  ( 0.3544593302431795490, 0.5573236532942394961, 0.4490000000000000657 ) ) ;
#6264 = DIRECTION ( 'NONE',  ( -1.000000000000000000, 2.551063935260010984E-16, 0.0000000000000000000 ) ) ;
#6265 = ORIENTED_EDGE ( 'NONE', *, *, #4066, .F. ) ;
#6266 = ORIENTED_EDGE ( 'NONE', *, *, #6165, .T. ) ;
#6267 = CARTESIAN_POINT ( 'NONE',  ( 0.4014845848512333948, 0.5927528368201895326, 0.4489999999999999547 ) ) ;
#6268 =( NAMED_UNIT ( * ) PLANE_ANGLE_UNIT ( ) SI_UNIT ( $, .RADIAN. ) );
#6269 =( NAMED_UNIT ( * ) PLANE_ANGLE_UNIT ( ) SI_UNIT ( $, .RADIAN. ) );
#6270 = COLOUR_RGB ( '',1.000000000000000000, 1.000000000000000000, 0.7254901960784313486 ) ;
#6271 = CARTESIAN_POINT ( 'NONE',  ( 0.5600583656941947597, 0.5136831169006520481, 0.4500000000000001776 ) ) ;
#6272 = CARTESIAN_POINT ( 'NONE',  ( 0.4365995843992037662, 0.6287149789532554545, 0.4489999999999998992 ) ) ;
#6273 = FILL_AREA_STYLE_COLOUR ( '', #816 ) ;
#6274 = PRESENTATION_STYLE_ASSIGNMENT (( #2361 ) ) ;
#6275 =( GEOMETRIC_REPRESENTATION_CONTEXT ( 3 ) GLOBAL_UNCERTAINTY_ASSIGNED_CONTEXT ( ( #535 ) ) GLOBAL_UNIT_ASSIGNED_CONTEXT ( ( #2994, #3586, #6816 ) ) REPRESENTATION_CONTEXT ( 'NONE', 'WORKASPACE' ) );
#6276 = CARTESIAN_POINT ( 'NONE',  ( 0.6651295558348203629, 0.3232520125440654923, 0.4499999999999999556 ) ) ;
#6277 = CARTESIAN_POINT ( 'NONE',  ( 0.6037290529188499288, 0.3591911867706752970, 0.4490000000000130553 ) ) ;
#6278 = CARTESIAN_POINT ( 'NONE',  ( 0.3371562079185428384, 0.6524708470559588136, 0.4499999999999987343 ) ) ;
#6279 = FILL_AREA_STYLE_COLOUR ( '', #5404 ) ;
#6280 = CARTESIAN_POINT ( 'NONE',  ( 0.8584681604273878275, 0.3357024603201614887, 0.4490000000000001212 ) ) ;
#6281 = CARTESIAN_POINT ( 'NONE',  ( 0.4078463691651938450, 0.1521935496519972175, 0.4500000000000000666 ) ) ;
#6282 = FACE_OUTER_BOUND ( 'NONE', #6354, .T. ) ;
#6283 = ORIENTED_EDGE ( 'NONE', *, *, #2048, .T. ) ;
#6284 = EDGE_LOOP ( 'NONE', ( #3020, #1279, #325 ) ) ;
#6285 = CYLINDRICAL_SURFACE ( 'NONE', #266, 0.009999999999999998473 ) ;
#6286 = CARTESIAN_POINT ( 'NONE',  ( 0.6045670560248184167, 0.4241224705019307484, 0.4499999999999995115 ) ) ;
#6287 = PLANE ( 'NONE',  #1901 ) ;
#6288 = CARTESIAN_POINT ( 'NONE',  ( 0.4900000000000002132, 0.8316666666666665542, 0.1650000000000000078 ) ) ;
#6289 = CARTESIAN_POINT ( 'NONE',  ( 0.3679737316027456573, 0.6922888090640991754, 0.4500000000000002331 ) ) ;
#6290 = ORIENTED_EDGE ( 'NONE', *, *, #6391, .F. ) ;
#6291 = ORIENTED_EDGE ( 'NONE', *, *, #6480, .F. ) ;
#6292 = CARTESIAN_POINT ( 'NONE',  ( 0.4659402087581939189, 0.5686944953164928540, 0.4490000000000005098 ) ) ;
#6293 = CARTESIAN_POINT ( 'NONE',  ( 0.7018420474194082548, 0.3995134325593362457, 0.4500000000000000111 ) ) ;
#6294 = CARTESIAN_POINT ( 'NONE',  ( 0.8795912705063712034, 0.2199254669060040634, 0.4500000000000001776 ) ) ;
#6295 = ADVANCED_FACE ( 'NONE', ( #4119 ), #6338, .T. ) ;
#6296 = DIRECTION ( 'NONE',  ( 0.0000000000000000000, 0.0000000000000000000, 1.000000000000000000 ) ) ;
#6297 = CARTESIAN_POINT ( 'NONE',  ( 0.3933831812245353055, 0.6002726013350815348, 0.4499999999999999556 ) ) ;
#6298 = ADVANCED_FACE ( 'NONE', ( #5803 ), #3238, .T. ) ;
#6299 =( LENGTH_UNIT ( ) NAMED_UNIT ( * ) SI_UNIT ( .MILLI., .METRE. ) );
#6300 = CARTESIAN_POINT ( 'NONE',  ( 0.9040746357867971428, 0.3218776331477432029, 0.4490000000000001767 ) ) ;
#6301 = CARTESIAN_POINT ( 'NONE',  ( 0.3762653764281002067, 0.5401066718142728540, 0.4500000000000000666 ) ) ;
#6302 = LINE ( 'NONE', #3018, #1878 ) ;
#6303 = EDGE_LOOP ( 'NONE', ( #4477, #2197, #6229, #6201 ) ) ;
#6304 = DIRECTION ( 'NONE',  ( 0.0000000000000000000, 0.0000000000000000000, 1.000000000000000000 ) ) ;
#6305 = EDGE_CURVE ( 'NONE', #6864, #1758, #2539, .T. ) ;
#6306 = VECTOR ( 'NONE', #3351, 999.9999999999998863 ) ;
#6307 = CARTESIAN_POINT ( 'NONE',  ( 0.7663868907844854084, 0.3661388260093618174, 0.4490000000000000102 ) ) ;
#6308 = LINE ( 'NONE', #5229, #6014 ) ;
#6309 = CARTESIAN_POINT ( 'NONE',  ( 0.3244713371634093124, 0.7332057302294440193, 0.4490000000000000657 ) ) ;
#6310 = CARTESIAN_POINT ( 'NONE',  ( 0.6320760187746498060, 0.3827240262899490597, 0.4490000000000128888 ) ) ;
#6311 = CARTESIAN_POINT ( 'NONE',  ( 0.3808429231349365618, 0.6785890287349009009, 0.4489999999999998437 ) ) ;
#6312 = DIRECTION ( 'NONE',  ( -0.0000000000000000000, -1.000000000000000000, -0.0000000000000000000 ) ) ;
#6313 = CARTESIAN_POINT ( 'NONE',  ( 0.4900000000000002132, 0.9499999999999999556, 0.1650000000000000078 ) ) ;
#6314 = CARTESIAN_POINT ( 'NONE',  ( 0.8368792441169358165, 0.3271328287803115797, 0.4500000000000000111 ) ) ;
#6315 = UNCERTAINTY_MEASURE_WITH_UNIT (LENGTH_MEASURE( 1.000000000000000082E-05 ), #3403, 'distance_accuracy_value', 'NONE');
#6316 = FILL_AREA_STYLE_COLOUR ( '', #3675 ) ;
#6317 = PRESENTATION_LAYER_ASSIGNMENT (  '', '', ( #4941 ) ) ;
#6318 = CARTESIAN_POINT ( 'NONE',  ( 0.6378375103866775753, 0.7687886763370526122, 0.4500000000000000666 ) ) ;
#6319 = EDGE_LOOP ( 'NONE', ( #5548, #6176, #170 ) ) ;
#6320 = ORIENTED_EDGE ( 'NONE', *, *, #2944, .F. ) ;
#6321 = CARTESIAN_POINT ( 'NONE',  ( 0.6945959755502565391, 0.5582772076940394346, 0.4489999999999998992 ) ) ;
#6322 = COLOUR_RGB ( '',1.000000000000000000, 1.000000000000000000, 0.7254901960784313486 ) ;
#6323 = CARTESIAN_POINT ( 'NONE',  ( 0.6221664664187168681, 0.5392916694034344260, 0.4500000000000005662 ) ) ;
#6324 = CARTESIAN_POINT ( 'NONE',  ( 0.4440404566294671174, 0.5118494217481494024, 0.4499999999999962919 ) ) ;
#6325 = CARTESIAN_POINT ( 'NONE',  ( 0.7054569599312298100, 0.2995412568933912834, 0.4499999999999999556 ) ) ;
#6326 = EDGE_LOOP ( 'NONE', ( #3126, #6495, #6566, #6283 ) ) ;
#6327 = CARTESIAN_POINT ( 'NONE',  ( 0.6401730467978860029, 0.7212133370895610351, 0.4499999999999995670 ) ) ;
#6328 = FILL_AREA_STYLE_COLOUR ( '', #5891 ) ;
#6329 = CARTESIAN_POINT ( 'NONE',  ( 0.8825679822164756994, 0.2268524178630977051, 0.4490000000000000657 ) ) ;
#6330 = FILL_AREA_STYLE_COLOUR ( '', #1786 ) ;
#6331 = CARTESIAN_POINT ( 'NONE',  ( 0.7950398674913784491, 0.7145151720635484205, 0.4489999999999999547 ) ) ;
#6332 = CARTESIAN_POINT ( 'NONE',  ( 0.8907468742909037118, 0.3100692664075859750, 0.4490000000000000657 ) ) ;
#6333 = EDGE_CURVE ( 'NONE', #1793, #548, #5442, .T. ) ;
#6334 = ORIENTED_EDGE ( 'NONE', *, *, #3903, .F. ) ;
#6335 = EDGE_LOOP ( 'NONE', ( #6372, #6755, #986, #1376 ) ) ;
#6336 = LINE ( 'NONE', #5260, #834 ) ;
#6337 = ADVANCED_FACE ( 'NONE', ( #2067 ), #3211, .T. ) ;
#6338 = PLANE ( 'NONE',  #5759 ) ;
#6339 = FILL_AREA_STYLE_COLOUR ( '', #2603 ) ;
#6340 =( LENGTH_UNIT ( ) NAMED_UNIT ( * ) SI_UNIT ( .MILLI., .METRE. ) );
#6341 = FACE_OUTER_BOUND ( 'NONE', #6249, .T. ) ;
#6342 =( LENGTH_UNIT ( ) NAMED_UNIT ( * ) SI_UNIT ( .MILLI., .METRE. ) );
#6343 =( NAMED_UNIT ( * ) PLANE_ANGLE_UNIT ( ) SI_UNIT ( $, .RADIAN. ) );
#6344 = CARTESIAN_POINT ( 'NONE',  ( 0.6512469984210883522, 0.2991105367753055244, 0.4489999999999999547 ) ) ;
#6345 = B_SPLINE_CURVE_WITH_KNOTS ( 'NONE', 3,
 ( #1767, #693, #4010, #857, #3265, #2088, #5836, #4957, #3295, #6409, #6606 ),
 .UNSPECIFIED., .F., .F.,
 ( 4, 1, 1, 1, 1, 1, 1, 1, 4 ),
 ( 0.0000000000000000000, 7.317663489270352011E-06, 1.422470673899428542E-05, 2.086656933121479830E-05, 2.766578345971540796E-05, 3.447997201652339556E-05, 4.121433261587358033E-05, 4.812137586559749172E-05, 5.548762892743714699E-05 ),
 .UNSPECIFIED. ) ;
#6346 = EDGE_CURVE ( 'NONE', #4995, #1862, #873, .T. ) ;
#6347 = CARTESIAN_POINT ( 'NONE',  ( 0.6021662316168909790, 0.3549868542116395020, 0.4490000000000129443 ) ) ;
#6348 = CARTESIAN_POINT ( 'NONE',  ( 0.3766768148669047966, 0.6825324509916597115, 0.4490000000000000102 ) ) ;
#6349 = VECTOR ( 'NONE', #1276, 1000.000000000000000 ) ;
#6350 = FILL_AREA_STYLE_COLOUR ( '', #738 ) ;
#6351 = MECHANICAL_DESIGN_GEOMETRIC_PRESENTATION_REPRESENTATION (  '', ( #5667 ), #982 ) ;
#6352 = SURFACE_STYLE_USAGE ( .BOTH. , #4207 ) ;
#6353 = FACE_OUTER_BOUND ( 'NONE', #980, .T. ) ;
#6354 = EDGE_LOOP ( 'NONE', ( #2439, #293, #1936, #6027 ) ) ;
#6355 = DIRECTION ( 'NONE',  ( 0.0000000000000000000, 0.0000000000000000000, 1.000000000000000000 ) ) ;
#6356 = CARTESIAN_POINT ( 'NONE',  ( 0.9178787902455733949, 0.3678561982975943612, 0.4499999999999963474 ) ) ;
#6357 =( GEOMETRIC_REPRESENTATION_CONTEXT ( 3 ) GLOBAL_UNCERTAINTY_ASSIGNED_CONTEXT ( ( #4779 ) ) GLOBAL_UNIT_ASSIGNED_CONTEXT ( ( #833, #3741, #4877 ) ) REPRESENTATION_CONTEXT ( 'NONE', 'WORKASPACE' ) );
#6358 = CARTESIAN_POINT ( 'NONE',  ( 0.6354651200179060044, 0.4302876490299005763, 0.4490000000000001212 ) ) ;
#6359 = PRESENTATION_STYLE_ASSIGNMENT (( #4215 ) ) ;
#6360 = CARTESIAN_POINT ( 'NONE',  ( 0.4237115755576177367, 0.6941626079609843902, 0.4500000000000001221 ) ) ;
#6361 = MECHANICAL_DESIGN_GEOMETRIC_PRESENTATION_REPRESENTATION (  '', ( #878 ), #2978 ) ;
#6362 = LINE ( 'NONE', #1979, #3693 ) ;
#6363 = ORIENTED_EDGE ( 'NONE', *, *, #722, .T. ) ;
#6364 = FILL_AREA_STYLE_COLOUR ( '', #5640 ) ;
#6365 = CARTESIAN_POINT ( 'NONE',  ( 0.8750989923423645456, 0.2136379168548450946, 0.4489999999999998992 ) ) ;
#6366 = VECTOR ( 'NONE', #2510, 1000.000000000000000 ) ;
#6367 = CARTESIAN_POINT ( 'NONE',  ( 0.3885898784986456800, 0.6044729246184632476, 0.4490000000000000102 ) ) ;
#6368 = CARTESIAN_POINT ( 'NONE',  ( 0.4447576346734009034, 0.7424879227730910580, 0.4490000000000065605 ) ) ;
#6369 = CARTESIAN_POINT ( 'NONE',  ( 0.9177110859042711954, 0.3524424143960628864, 0.4490000000000000102 ) ) ;
#6370 = DIRECTION ( 'NONE',  ( 1.000000000000000000, -0.0000000000000000000, 0.0000000000000000000 ) ) ;
#6371 = SURFACE_STYLE_FILL_AREA ( #3538 ) ;
#6372 = ORIENTED_EDGE ( 'NONE', *, *, #5721, .T. ) ;
#6373 = ORIENTED_EDGE ( 'NONE', *, *, #6731, .F. ) ;
#6374 = PRESENTATION_LAYER_ASSIGNMENT (  '', '', ( #888 ) ) ;
#6375 = CARTESIAN_POINT ( 'NONE',  ( 0.4125010917314502756, 0.5806293509899915772, 0.4490000000000000102 ) ) ;
#6376 = CARTESIAN_POINT ( 'NONE',  ( 0.7692908395220834361, 0.5879429161936720050, 0.4490000000000085589 ) ) ;
#6377 = CARTESIAN_POINT ( 'NONE',  ( 0.9252902598202313866, 0.2046392621761362607, 0.4499999999999949596 ) ) ;
#6378 = CARTESIAN_POINT ( 'NONE',  ( 0.4386579898204382433, 0.6266387364332065557, 0.4494999999999831908 ) ) ;
#6379 = CARTESIAN_POINT ( 'NONE',  ( 0.6333424222889073585, 0.4907472433660212685, 0.4489999999999998992 ) ) ;
#6380 = EDGE_CURVE ( 'NONE', #5765, #3289, #2789, .T. ) ;
#6381 = CARTESIAN_POINT ( 'NONE',  ( 0.9298874644424909297, 0.2552598326480882140, 0.4500000000000000666 ) ) ;
#6382 = CARTESIAN_POINT ( 'NONE',  ( 0.3320353281587813954, 0.7440916492359325174, 0.4489999999999999547 ) ) ;
#6383 = CARTESIAN_POINT ( 'NONE',  ( 0.7907352074419575771, 0.1653601555346154162, 0.4500000000000007883 ) ) ;
#6384 = CARTESIAN_POINT ( 'NONE',  ( 0.7979028788144648665, 0.1613475336654539016, 0.4489999999999995661 ) ) ;
#6385 = FACE_OUTER_BOUND ( 'NONE', #6482, .T. ) ;
#6386 = DIRECTION ( 'NONE',  ( -2.817178834852666069E-17, -0.1104315260748466171, 0.9938837346736190126 ) ) ;
#6387 = CARTESIAN_POINT ( 'NONE',  ( 0.6380495162627459749, 0.5381262831746594921, 0.4495000000000000107 ) ) ;
#6388 = B_SPLINE_SURFACE_WITH_KNOTS ( 'NONE', 3, 1, ( 
 ( #3330, #6771 ),
 ( #5807, #3056 ),
 ( #4721, #2395 ),
 ( #5844, #1892 ),
 ( #3578, #6921 ),
 ( #5774, #761 ),
 ( #4126, #226 ),
 ( #5264, #1925 ),
 ( #1816, #4680 ),
 ( #6236, #4018 ),
 ( #158, #698 ),
 ( #1779, #792 ),
 ( #826, #262 ),
 ( #5198, #2470 ),
 ( #4160, #6381 ),
 ( #4645, #2947 ),
 ( #4052, #5156 ),
 ( #4087, #1367 ),
 ( #3613, #1231 ) ),
 .UNSPECIFIED., .F., .F., .F.,
 ( 4, 1, 1, 1, 1, 1, 1, 1, 1, 1, 1, 1, 1, 1, 1, 1, 4 ),
 ( 2, 2 ),
 ( 0.0000000000000000000, 0.06622147296504697633, 0.1301222241928454149, 0.1929218896442584097, 0.2547641743082553201, 0.3157567810544742448, 0.3763028430934013402, 0.4368144190490080847, 0.4981681590965035267, 0.5595162284808276043, 0.6202430211536015259, 0.6809698138263766687, 0.7423490653749127421, 0.8045838965925347086, 0.8681023975450439245, 0.9333073801795228608, 1.000000000000000000 ),
 ( 0.0000000000000000000, 1.000000000000000000 ),
 .UNSPECIFIED. ) ;
#6389 = UNCERTAINTY_MEASURE_WITH_UNIT (LENGTH_MEASURE( 1.000000000000000082E-05 ), #5462, 'distance_accuracy_value', 'NONE');
#6390 = FILL_AREA_STYLE_COLOUR ( '', #6800 ) ;
#6391 = EDGE_CURVE ( 'NONE', #3760, #3817, #4068, .T. ) ;
#6392 = CARTESIAN_POINT ( 'NONE',  ( 0.8840612838281711738, 0.2343764110749117224, 0.4500000000000003997 ) ) ;
#6393 =( NAMED_UNIT ( * ) PLANE_ANGLE_UNIT ( ) SI_UNIT ( $, .RADIAN. ) );
#6394 = ORIENTED_EDGE ( 'NONE', *, *, #3991, .T. ) ;
#6395 = CARTESIAN_POINT ( 'NONE',  ( 0.6801790734182862064, 0.5482843543592654800, 0.4490000000000000102 ) ) ;
#6396 = AXIS2_PLACEMENT_3D ( 'NONE', #1616, #2140, #504 ) ;
#6397 = CARTESIAN_POINT ( 'NONE',  ( 0.6294934234495273007, 0.4301746168314807273, 0.4499999999999999001 ) ) ;
#6398 = CARTESIAN_POINT ( 'NONE',  ( 0.3494496928365506960, 0.5642281012031740151, 0.4489999999999998992 ) ) ;
#6399 = CARTESIAN_POINT ( 'NONE',  ( 0.7349990763863167853, 0.5306120911875025214, 0.4489999999999997327 ) ) ;
#6400 = VERTEX_POINT ( 'NONE', #1905 ) ;
#6401 = VERTEX_POINT ( 'NONE', #5211 ) ;
#6402 = CARTESIAN_POINT ( 'NONE',  ( 0.8702775980048872428, 0.3630298896958735200, 0.4489999999999998992 ) ) ;
#6403 = CARTESIAN_POINT ( 'NONE',  ( 0.6556947023572242683, 0.3773958778551926296, 0.4490000000000104463 ) ) ;
#6404 = CARTESIAN_POINT ( 'NONE',  ( 0.8722780961633899155, 0.2108216401772527171, 0.4500000000000000666 ) ) ;
#6405 = CARTESIAN_POINT ( 'NONE',  ( 0.3852019626742175240, 0.6073341433407981604, 0.4500000000000000666 ) ) ;
#6406 = CARTESIAN_POINT ( 'NONE',  ( 0.8748364285920483541, 0.2620773179842212364, 0.4499999999999999556 ) ) ;
#6407 = CARTESIAN_POINT ( 'NONE',  ( 0.8853811620866490761, 0.3070651333391730686, 0.4489999999999996216 ) ) ;
#6408 = CARTESIAN_POINT ( 'NONE',  ( 0.01000000000000002623, -1.694065894508600678E-18, 0.0000000000000000000 ) ) ;
#6409 = CARTESIAN_POINT ( 'NONE',  ( 0.6703236480995278246, 0.3501151711890711504, 0.4500000000000000666 ) ) ;
#6410 = ORIENTED_EDGE ( 'NONE', *, *, #4266, .T. ) ;
#6411 = VERTEX_POINT ( 'NONE', #5790 ) ;
#6412 = CARTESIAN_POINT ( 'NONE',  ( 0.8398613431235271154, 0.1521935496519972175, 0.4489999999999999547 ) ) ;
#6413 = CARTESIAN_POINT ( 'NONE',  ( 0.6655063300653769609, 0.4928982751255281403, 0.4490000000000087810 ) ) ;
#6414 = CARTESIAN_POINT ( 'NONE',  ( 0.8431333627575814393, 0.1522575925277634967, 0.4499999999999947931 ) ) ;
#6415 = DIRECTION ( 'NONE',  ( 0.0000000000000000000, -0.1104315260748466032, 0.9938837346736189016 ) ) ;
#6416 = CARTESIAN_POINT ( 'NONE',  ( 0.9186855998102992915, 0.2802901583740102232, 0.4489999999999998992 ) ) ;
#6417 = CARTESIAN_POINT ( 'NONE',  ( 0.7679597672373431605, 0.3728762529915798374, 0.4490000000000076152 ) ) ;
#6418 = CARTESIAN_POINT ( 'NONE',  ( 0.6643003625477962304, 0.5416963547556772340, 0.4499999999999995670 ) ) ;
#6419 = LINE ( 'NONE', #2036, #2459 ) ;
#6420 = CARTESIAN_POINT ( 'NONE',  ( 0.01000000000000024307, 0.8500000000000000888, 3.471935794817285158E-17 ) ) ;
#6421 = CARTESIAN_POINT ( 'NONE',  ( 0.5024050922740211922, 0.6574224831614670084, 0.4490000000000000657 ) ) ;
#6422 = CARTESIAN_POINT ( 'NONE',  ( 0.6145203665121119485, 0.5408655028980988710, 0.4489999999999999547 ) ) ;
#6423 = CARTESIAN_POINT ( 'NONE',  ( 0.4269489094286429420, 0.6376523231111941303, 0.4500000000000001776 ) ) ;
#6424 = ADVANCED_FACE ( 'NONE', ( #2445 ), #6287, .F. ) ;
#6425 = EDGE_LOOP ( 'NONE', ( #1757, #6190, #1458, #4082 ) ) ;
#6426 = CARTESIAN_POINT ( 'NONE',  ( 0.6943995406346001875, 0.7009586802563012586, 0.4490000000000000102 ) ) ;
#6427 = EDGE_CURVE ( 'NONE', #4749, #5158, #3145, .T. ) ;
#6428 = CARTESIAN_POINT ( 'NONE',  ( 0.5716513547428652142, 0.3984115321368533191, 0.4490000000000000102 ) ) ;
#6429 = STYLED_ITEM ( 'NONE', ( #5433 ), #5323 ) ;
#6430 =( NAMED_UNIT ( * ) SI_UNIT ( $, .STERADIAN. ) SOLID_ANGLE_UNIT ( ) );
#6431 = CARTESIAN_POINT ( 'NONE',  ( 0.7442367656880989335, 0.5408714507489825740, 0.4490000000000000657 ) ) ;
#6432 = FILL_AREA_STYLE_COLOUR ( '', #6477 ) ;
#6433 = ORIENTED_EDGE ( 'NONE', *, *, #2417, .T. ) ;
#6434 = ORIENTED_EDGE ( 'NONE', *, *, #286, .F. ) ;
#6435 = CARTESIAN_POINT ( 'NONE',  ( 0.4045780452424467821, 0.6571675825870526566, 0.4489999999999999547 ) ) ;
#6436 = CARTESIAN_POINT ( 'NONE',  ( 0.4136645099986887564, 0.7638772663139192787, 0.4499999999999991229 ) ) ;
#6437 = AXIS2_PLACEMENT_3D ( 'NONE', #4713, #3509, #3021 ) ;
#6438 = EDGE_CURVE ( 'NONE', #6973, #4890, #3046, .T. ) ;
#6439 = CARTESIAN_POINT ( 'NONE',  ( 0.4182533386904473405, 0.5677727018506205647, 0.4489999999999999547 ) ) ;
#6440 = UNCERTAINTY_MEASURE_WITH_UNIT (LENGTH_MEASURE( 1.000000000000000082E-05 ), #33, 'distance_accuracy_value', 'NONE');
#6441 = LINE ( 'NONE', #3720, #1326 ) ;
#6442 = PRESENTATION_LAYER_ASSIGNMENT (  '', '', ( #4001 ) ) ;
#6443 = LINE ( 'NONE', #3721, #1573 ) ;
#6444 = EDGE_LOOP ( 'NONE', ( #4061, #2634, #2063, #5540 ) ) ;
#6445 = VECTOR ( 'NONE', #4736, 1000.000000000000000 ) ;
#6446 = CARTESIAN_POINT ( 'NONE',  ( 0.9280788126719051734, 0.2124644795248139262, 0.4499999999999994005 ) ) ;
#6447 = DIRECTION ( 'NONE',  ( 0.0000000000000000000, 1.000000000000000000, 0.0000000000000000000 ) ) ;
#6448 =( NAMED_UNIT ( * ) SI_UNIT ( $, .STERADIAN. ) SOLID_ANGLE_UNIT ( ) );
#6449 =( GEOMETRIC_REPRESENTATION_CONTEXT ( 3 ) GLOBAL_UNCERTAINTY_ASSIGNED_CONTEXT ( ( #3185 ) ) GLOBAL_UNIT_ASSIGNED_CONTEXT ( ( #1312, #6393, #5168 ) ) REPRESENTATION_CONTEXT ( 'NONE', 'WORKASPACE' ) );
#6450 = CARTESIAN_POINT ( 'NONE',  ( 0.01000000000000002623, 0.05895042793126383657, 0.4500000000000000111 ) ) ;
#6451 = MECHANICAL_DESIGN_GEOMETRIC_PRESENTATION_REPRESENTATION (  '', ( #6678 ), #2484 ) ;
#6452 = SURFACE_STYLE_FILL_AREA ( #4235 ) ;
#6453 = CARTESIAN_POINT ( 'NONE',  ( 0.3472358494932596962, 0.7577312446372790333, 0.4499999999999999001 ) ) ;
#6454 = CARTESIAN_POINT ( 'NONE',  ( 0.3913156787240187895, 0.6689202435831720361, 0.4499999999999994560 ) ) ;
#6455 = CARTESIAN_POINT ( 'NONE',  ( 0.7177909531651798236, 0.3543342033635364374, 0.4499999999999999001 ) ) ;
#6456 = CARTESIAN_POINT ( 'NONE',  ( 0.5281996065165129872, 0.7147885280549062248, 0.4500000000000001776 ) ) ;
#6457 = CARTESIAN_POINT ( 'NONE',  ( 0.8425291837306945197, 0.7145151720635484205, 0.4489999999999999547 ) ) ;
#6458 = UNCERTAINTY_MEASURE_WITH_UNIT (LENGTH_MEASURE( 1.000000000000000082E-05 ), #1564, 'distance_accuracy_value', 'NONE');
#6459 =( NAMED_UNIT ( * ) SI_UNIT ( $, .STERADIAN. ) SOLID_ANGLE_UNIT ( ) );
#6460 = CARTESIAN_POINT ( 'NONE',  ( 0.8825679822164756994, 0.2268524178630977051, 0.4500000000000003997 ) ) ;
#6461 = CARTESIAN_POINT ( 'NONE',  ( 0.8510257831932583894, 0.2003038986382085218, 0.4489999999999998437 ) ) ;
#6462 = COLOUR_RGB ( '',1.000000000000000000, 1.000000000000000000, 0.7254901960784313486 ) ;
#6463 = VERTEX_POINT ( 'NONE', #5998 ) ;
#6464 = CARTESIAN_POINT ( 'NONE',  ( 0.6462465905788868925, 0.7210435710997981085, 0.4500000000000000111 ) ) ;
#6465 = VECTOR ( 'NONE', #3599, 1000.000000000000000 ) ;
#6466 = CARTESIAN_POINT ( 'NONE',  ( 0.3657632027656212426, 0.1733941372588348462, 0.4489999999999999547 ) ) ;
#6467 = CARTESIAN_POINT ( 'NONE',  ( 0.4110275124240767575, 0.6515858940552348155, 0.4489999999999999547 ) ) ;
#6468 = CARTESIAN_POINT ( 'NONE',  ( 0.7027342153116269419, 0.5061387981651532808, 0.4490000000000000102 ) ) ;
#6469 = PRESENTATION_STYLE_ASSIGNMENT (( #5896 ) ) ;
#6470 = ORIENTED_EDGE ( 'NONE', *, *, #5594, .T. ) ;
#6471 = EDGE_LOOP ( 'NONE', ( #6118, #5471, #6145, #3477, #2938, #1520 ) ) ;
#6472 = CARTESIAN_POINT ( 'NONE',  ( 0.9280788126719051734, 0.2124644795248138984, 0.4489999999999991775 ) ) ;
#6473 = CARTESIAN_POINT ( 'NONE',  ( 0.4605960970908861696, 0.5360889778298250086, 0.4489999999999998437 ) ) ;
#6474 = CARTESIAN_POINT ( 'NONE',  ( 0.7212970569322878500, 0.1589777376861852554, 0.4489999999999999547 ) ) ;
#6475 = SURFACE_STYLE_USAGE ( .BOTH. , #3203 ) ;
#6476 = CARTESIAN_POINT ( 'NONE',  ( 0.4208915014855482140, 0.7605069676862856731, 0.4500000000000000111 ) ) ;
#6477 = COLOUR_RGB ( '',1.000000000000000000, 1.000000000000000000, 1.000000000000000000 ) ;
#6478 = CARTESIAN_POINT ( 'NONE',  ( 2.018018034307417706E-16, 0.7910495720687362731, 0.4500000000000000111 ) ) ;
#6479 =( NAMED_UNIT ( * ) SI_UNIT ( $, .STERADIAN. ) SOLID_ANGLE_UNIT ( ) );
#6480 = EDGE_CURVE ( 'NONE', #5749, #1057, #4804, .T. ) ;
#6481 = DIRECTION ( 'NONE',  ( 0.0000000000000000000, 0.0000000000000000000, -1.000000000000000000 ) ) ;
#6482 = EDGE_LOOP ( 'NONE', ( #2332, #4117, #4002, #5385 ) ) ;
#6483 = CARTESIAN_POINT ( 'NONE',  ( 0.8678482458566479929, 0.1555343919980496925, 0.4489999999999999547 ) ) ;
#6484 =( LENGTH_UNIT ( ) NAMED_UNIT ( * ) SI_UNIT ( .MILLI., .METRE. ) );
#6485 = AXIS2_PLACEMENT_3D ( 'NONE', #6735, #6135, #1738 ) ;
#6486 = CARTESIAN_POINT ( 'NONE',  ( 2.204389150503327639E-16, 0.8399384609576251437, 0.0000000000000000000 ) ) ;
#6487 = SURFACE_SIDE_STYLE ('',( #2032 ) ) ;
#6488 = CARTESIAN_POINT ( 'NONE',  ( 0.3721163454726249542, 0.7676866556531209973, 0.4490000000000000102 ) ) ;
#6489 = CARTESIAN_POINT ( 'NONE',  ( 0.6237812041071953972, 0.4909639214788508732, 0.4490000000000060609 ) ) ;
#6490 = CARTESIAN_POINT ( 'NONE',  ( 1.240000000000000213, 0.8499999999999998668, 0.0000000000000000000 ) ) ;
#6491 = DIRECTION ( 'NONE',  ( -1.000000000000000000, 0.0000000000000000000, -0.0000000000000000000 ) ) ;
#6492 =( GEOMETRIC_REPRESENTATION_CONTEXT ( 3 ) GLOBAL_UNCERTAINTY_ASSIGNED_CONTEXT ( ( #1340 ) ) GLOBAL_UNIT_ASSIGNED_CONTEXT ( ( #5572, #2701, #6605 ) ) REPRESENTATION_CONTEXT ( 'NONE', 'WORKASPACE' ) );
#6493 = CARTESIAN_POINT ( 'NONE',  ( 0.4999276880041989002, 0.6298188245742321056, 0.4500000000000000666 ) ) ;
#6494 = CARTESIAN_POINT ( 'NONE',  ( 0.5999381521228969172, 0.5459701231261597787, 0.4489999999999998437 ) ) ;
#6495 = ORIENTED_EDGE ( 'NONE', *, *, #6480, .T. ) ;
#6496 = CARTESIAN_POINT ( 'NONE',  ( 0.6677225688834884654, 0.2437350630495551118, 0.4499999999999969025 ) ) ;
#6497 = VECTOR ( 'NONE', #3988, 1000.000000000000000 ) ;
#6498 = CARTESIAN_POINT ( 'NONE',  ( 0.7592749955675411888, 0.5632781864686681184, 0.4490000000000000657 ) ) ;
#6499 = FACE_OUTER_BOUND ( 'NONE', #6875, .T. ) ;
#6500 = ORIENTED_EDGE ( 'NONE', *, *, #4110, .F. ) ;
#6501 = FILL_AREA_STYLE_COLOUR ( '', #3044 ) ;
#6502 = CARTESIAN_POINT ( 'NONE',  ( 0.8494054944843163479, 0.3826453659891582149, 0.4489999999999998437 ) ) ;
#6503 = LINE ( 'NONE', #6474, #308 ) ;
#6504 = FILL_AREA_STYLE ('',( #4333 ) ) ;
#6505 = CARTESIAN_POINT ( 'NONE',  ( 0.4544235309211727136, 0.7323695589475636147, 0.4500000000000001221 ) ) ;
#6506 = UNCERTAINTY_MEASURE_WITH_UNIT (LENGTH_MEASURE( 1.000000000000000082E-05 ), #4577, 'distance_accuracy_value', 'NONE');
#6507 = SURFACE_STYLE_USAGE ( .BOTH. , #2641 ) ;
#6508 = ORIENTED_EDGE ( 'NONE', *, *, #6862, .T. ) ;
#6509 = EDGE_CURVE ( 'NONE', #3744, #2423, #4922, .T. ) ;
#6510 = FILL_AREA_STYLE ('',( #994 ) ) ;
#6511 = CARTESIAN_POINT ( 'NONE',  ( 0.6232443392506641366, 0.2664117153838349017, 0.4500000000000000666 ) ) ;
#6512 = DIRECTION ( 'NONE',  ( 0.0000000000000000000, 0.0000000000000000000, -1.000000000000000000 ) ) ;
#6513 = EDGE_CURVE ( 'NONE', #1957, #4073, #7002, .T. ) ;
#6514 = B_SPLINE_SURFACE_WITH_KNOTS ( 'NONE', 3, 1, ( 
 ( #6751, #569 ),
 ( #678, #1138 ),
 ( #1247, #5614 ),
 ( #60, #2303 ),
 ( #6217, #3453 ),
 ( #3491, #879 ),
 ( #6826, #4214 ),
 ( #4100, #839 ),
 ( #6428, #1281 ),
 ( #1380, #3110 ),
 ( #4770, #5789 ),
 ( #3523, #1347 ),
 ( #6969, #1832 ),
 ( #4067, #6286 ),
 ( #208, #176 ),
 ( #1977, #1318 ),
 ( #3070, #6397 ),
 ( #6358, #3560 ),
 ( #2408, #1940 ) ),
 .UNSPECIFIED., .F., .F., .F.,
 ( 4, 1, 1, 1, 1, 1, 1, 1, 1, 1, 1, 1, 1, 1, 1, 1, 4 ),
 ( 2, 2 ),
 ( 0.0000000000000000000, 0.07493991020077293841, 0.1464280851715765719, 0.2147529716359187213, 0.2804215366912473084, 0.3436044295193645959, 0.4055426388186584297, 0.4661994619307762155, 0.5265381448244669249, 0.5859019063092085755, 0.6440895746157927482, 0.7016130759883656420, 0.7587535874365711752, 0.8166294493897666706, 0.8756554749553050465, 0.9366243322865294152, 1.000000000000000000 ),
 ( 0.0000000000000000000, 1.000000000000000000 ),
 .UNSPECIFIED. ) ;
#6515 = CARTESIAN_POINT ( 'NONE',  ( 0.3549509030861340841, 0.3794638487972963325, 0.4489999999999999547 ) ) ;
#6516 = FILL_AREA_STYLE ('',( #2763 ) ) ;
#6517 = CARTESIAN_POINT ( 'NONE',  ( 0.3600000000000003197, 0.01833333333333324669, 0.1650000000000000078 ) ) ;
#6518 = CARTESIAN_POINT ( 'NONE',  ( 0.6470786367619755231, 0.5383748836358074330, 0.4499999999999995670 ) ) ;
#6519 = CARTESIAN_POINT ( 'NONE',  ( 0.3856565208033442826, 0.7212993600977364306, 0.4500000000000001221 ) ) ;
#6520 = CARTESIAN_POINT ( 'NONE',  ( 1.245857864376268997, 0.8499999999999998668, 0.0000000000000000000 ) ) ;
#6521 = CARTESIAN_POINT ( 'NONE',  ( 0.5449081680433990327, 0.1830404046199459178, 0.4489999999999999547 ) ) ;
#6522 = ADVANCED_FACE ( 'NONE', ( #2700 ), #5633, .T. ) ;
#6523 = CARTESIAN_POINT ( 'NONE',  ( 0.5686331466361549403, 0.7502170604216540362, 0.4489999999999998992 ) ) ;
#6524 = CARTESIAN_POINT ( 'NONE',  ( 0.6100679570239646576, 0.3700845530095455693, 0.4489999999999999547 ) ) ;
#6525 = CARTESIAN_POINT ( 'NONE',  ( 0.8424584151053647885, 0.1996828658913134547, 0.4494999999999811369 ) ) ;
#6526 = ORIENTED_EDGE ( 'NONE', *, *, #1742, .F. ) ;
#6527 = CARTESIAN_POINT ( 'NONE',  ( 0.7236391279376748198, 0.6567403443645426497, 0.4490000000000000102 ) ) ;
#6528 = PRESENTATION_LAYER_ASSIGNMENT (  '', '', ( #22 ) ) ;
#6529 =( LENGTH_UNIT ( ) NAMED_UNIT ( * ) SI_UNIT ( .MILLI., .METRE. ) );
#6530 =( NAMED_UNIT ( * ) PLANE_ANGLE_UNIT ( ) SI_UNIT ( $, .RADIAN. ) );
#6531 = CARTESIAN_POINT ( 'NONE',  ( 0.7649574280125827075, 0.5753128462286505318, 0.4500000000000001776 ) ) ;
#6532 = CARTESIAN_POINT ( 'NONE',  ( 2.168404344971008868E-16, 0.8500000000000000888, 0.0000000000000000000 ) ) ;
#6533 = EDGE_LOOP ( 'NONE', ( #2874, #94, #5764 ) ) ;
#6534 = FILL_AREA_STYLE ('',( #2126 ) ) ;
#6535 = EDGE_LOOP ( 'NONE', ( #2975, #912, #5717, #1863 ) ) ;
#6536 = PRESENTATION_LAYER_ASSIGNMENT (  '', '', ( #1290 ) ) ;
#6537 = CARTESIAN_POINT ( 'NONE',  ( 0.8546227947966713590, 0.3813065042755855449, 0.4500000000000001776 ) ) ;
#6538 = CARTESIAN_POINT ( 'NONE',  ( 0.8228156980740948256, 0.3254584310069631448, 0.4489999999999997882 ) ) ;
#6539 = SURFACE_SIDE_STYLE ('',( #4893 ) ) ;
#6540 = COLOUR_RGB ( '',1.000000000000000000, 1.000000000000000000, 1.000000000000000000 ) ;
#6541 = CARTESIAN_POINT ( 'NONE',  ( 0.4575948596663008683, 0.7285915765717496662, 0.4500000000000000111 ) ) ;
#6542 = CARTESIAN_POINT ( 'NONE',  ( 0.9040746357867971428, 0.3218776331477432029, 0.4489999999999999547 ) ) ;
#6543 = PLANE ( 'NONE',  #1229 ) ;
#6544 = ORIENTED_EDGE ( 'NONE', *, *, #5519, .F. ) ;
#6545 = ORIENTED_EDGE ( 'NONE', *, *, #2447, .F. ) ;
#6546 = CARTESIAN_POINT ( 'NONE',  ( 0.9118125835148894742, 0.1833301969255166364, 0.4499999999999999001 ) ) ;
#6547 = CARTESIAN_POINT ( 'NONE',  ( 0.7648536225169888514, 0.6830632954575400761, 0.4500000000000000666 ) ) ;
#6548 = SURFACE_STYLE_USAGE ( .BOTH. , #3090 ) ;
#6549 =( GEOMETRIC_REPRESENTATION_CONTEXT ( 3 ) GLOBAL_UNCERTAINTY_ASSIGNED_CONTEXT ( ( #4132 ) ) GLOBAL_UNIT_ASSIGNED_CONTEXT ( ( #3080, #1912, #1984 ) ) REPRESENTATION_CONTEXT ( 'NONE', 'WORKASPACE' ) );
#6550 = CARTESIAN_POINT ( 'NONE',  ( 0.3903657337718870468, 0.5382095600696379378, 0.4500000000000001776 ) ) ;
#6551 = STYLED_ITEM ( 'NONE', ( #567 ), #5914 ) ;
#6552 = EDGE_CURVE ( 'NONE', #2266, #2632, #1200, .T. ) ;
#6553 = DIRECTION ( 'NONE',  ( 0.0000000000000000000, 1.000000000000000000, 0.0000000000000000000 ) ) ;
#6554 =( NAMED_UNIT ( * ) SI_UNIT ( $, .STERADIAN. ) SOLID_ANGLE_UNIT ( ) );
#6555 =( NAMED_UNIT ( * ) PLANE_ANGLE_UNIT ( ) SI_UNIT ( $, .RADIAN. ) );
#6556 = CARTESIAN_POINT ( 'NONE',  ( 0.004142135623731170793, 0.8003969107598877253, 0.4464278031610111053 ) ) ;
#6557 = FACE_OUTER_BOUND ( 'NONE', #2402, .T. ) ;
#6558 = ADVANCED_FACE ( 'NONE', ( #3372 ), #5297, .T. ) ;
#6559 = CARTESIAN_POINT ( 'NONE',  ( 0.3692515313927786647, 0.6905323485969336872, 0.4499999999999997335 ) ) ;
#6560 =( NAMED_UNIT ( * ) SI_UNIT ( $, .STERADIAN. ) SOLID_ANGLE_UNIT ( ) );
#6561 = CARTESIAN_POINT ( 'NONE',  ( 0.5862985183406226319, 0.5536320685238536043, 0.4489999999999999547 ) ) ;
#6562 = CARTESIAN_POINT ( 'NONE',  ( 0.5992612315074493656, 0.3371531697785393744, 0.4489999999999999547 ) ) ;
#6563 = CARTESIAN_POINT ( 'NONE',  ( 0.5618628169716057830, 0.6814889394846652682, 0.4489999999999999547 ) ) ;
#6564 = CARTESIAN_POINT ( 'NONE',  ( 0.5599553513271832150, 0.5804759850971142887, 0.4489999999999999547 ) ) ;
#6565 = EDGE_CURVE ( 'NONE', #4368, #5872, #2729, .T. ) ;
#6566 = ORIENTED_EDGE ( 'NONE', *, *, #1890, .F. ) ;
#6567 = CARTESIAN_POINT ( 'NONE',  ( 0.6943995406346001875, 0.7009586802563012586, 0.4500000000000001221 ) ) ;
#6568 = PLANE ( 'NONE',  #5006 ) ;
#6569 = PRESENTATION_STYLE_ASSIGNMENT (( #5427 ) ) ;
#6570 = CARTESIAN_POINT ( 'NONE',  ( 0.9151899346166778582, 0.3810908793263166894, 0.4489999999999998437 ) ) ;
#6571 = DIRECTION ( 'NONE',  ( 0.0000000000000000000, 0.0000000000000000000, -1.000000000000000000 ) ) ;
#6572 = CARTESIAN_POINT ( 'NONE',  ( 1.250000000000000222, 0.05347488369808178765, 0.4437653199154556471 ) ) ;
#6573 = ORIENTED_EDGE ( 'NONE', *, *, #6120, .F. ) ;
#6574 = CARTESIAN_POINT ( 'NONE',  ( 0.9316068859921168288, 0.2378439235836211918, 0.4489999999999357283 ) ) ;
#6575 = CARTESIAN_POINT ( 'NONE',  ( 0.3976650726133582059, 0.5963544005146282911, 0.4499999999999995670 ) ) ;
#6576 = DIRECTION ( 'NONE',  ( 0.0000000000000000000, 0.0000000000000000000, -1.000000000000000000 ) ) ;
#6577 = B_SPLINE_CURVE_WITH_KNOTS ( 'NONE', 3,
 ( #4208, #5887, #6392, #4245, #6460, #4766, #5924, #5347, #340, #3187, #6964, #5851, #6930, #2553, #1447, #3702, #1485, #2041, #6525 ),
 .UNSPECIFIED., .F., .F.,
 ( 4, 1, 1, 1, 1, 1, 1, 1, 1, 1, 1, 1, 1, 1, 1, 1, 4 ),
 ( 0.0000000000000000000, 4.009181993517056745E-06, 7.899544257077457197E-06, 1.169525438674444623E-05, 1.546494424057059646E-05, 1.926328414943243643E-05, 2.308558386164197336E-05, 2.700662538645213294E-05, 3.104805570621366759E-05, 3.510357998442704763E-05, 3.908992558289644436E-05, 4.308485012729658501E-05, 4.703344368811017298E-05, 5.107063622587444446E-05, 5.523034333501804070E-05, 5.948364539477404085E-05, 6.391982320168960400E-05 ),
 .UNSPECIFIED. ) ;
#6578 = CARTESIAN_POINT ( 'NONE',  ( 0.3382509323193431672, 0.5041448940283227431, 0.4489999999999999547 ) ) ;
#6579 = AXIS2_PLACEMENT_3D ( 'NONE', #2244, #7162, #1103 ) ;
#6580 = SURFACE_STYLE_FILL_AREA ( #2062 ) ;
#6581 = ORIENTED_EDGE ( 'NONE', *, *, #6862, .F. ) ;
#6582 = SURFACE_STYLE_USAGE ( .BOTH. , #6720 ) ;
#6583 = LINE ( 'NONE', #7095, #755 ) ;
#6584 = DIRECTION ( 'NONE',  ( 0.0000000000000000000, 1.000000000000000000, 0.0000000000000000000 ) ) ;
#6585 = CARTESIAN_POINT ( 'NONE',  ( 0.004142135623731224570, 0.8500000000000000888, 0.0000000000000000000 ) ) ;
#6586 = CARTESIAN_POINT ( 'NONE',  ( 1.250000000000000000, 0.7910495720687357180, 0.4458578643762690641 ) ) ;
#6587 = CARTESIAN_POINT ( 'NONE',  ( 0.4646237292664576191, 0.5820624308311258543, 0.4490000000000000102 ) ) ;
#6588 = CARTESIAN_POINT ( 'NONE',  ( 0.3642906676384241038, 0.7028666092418928146, 0.4490000000000000102 ) ) ;
#6589 =( GEOMETRIC_REPRESENTATION_CONTEXT ( 3 ) GLOBAL_UNCERTAINTY_ASSIGNED_CONTEXT ( ( #1763 ) ) GLOBAL_UNIT_ASSIGNED_CONTEXT ( ( #4113, #5291, #4709 ) ) REPRESENTATION_CONTEXT ( 'NONE', 'WORKASPACE' ) );
#6590 = CARTESIAN_POINT ( 'NONE',  ( 0.8439264540532257497, 0.1997080403205863941, 0.4500000000000000666 ) ) ;
#6591 = CARTESIAN_POINT ( 'NONE',  ( 0.5608742633717238579, 0.7453530439272939567, 0.4500000000000001776 ) ) ;
#6592 = CARTESIAN_POINT ( 'NONE',  ( 0.6792238263192224013, 0.4202754444771495401, 0.4499999999999999556 ) ) ;
#6593 = PLANE ( 'NONE',  #5396 ) ;
#6594 = MECHANICAL_DESIGN_GEOMETRIC_PRESENTATION_REPRESENTATION (  '', ( #4757 ), #2283 ) ;
#6595 = ADVANCED_FACE ( 'NONE', ( #6282 ), #5747, .F. ) ;
#6596 = CARTESIAN_POINT ( 'NONE',  ( 0.7907352074419575771, 0.1653601555346154162, 0.4500000000000001776 ) ) ;
#6597 = CARTESIAN_POINT ( 'NONE',  ( 0.8840672632462134306, 0.2397732881781988734, 0.4500000000000001776 ) ) ;
#6598 = ORIENTED_EDGE ( 'NONE', *, *, #3404, .F. ) ;
#6599 = COLOUR_RGB ( '',1.000000000000000000, 1.000000000000000000, 1.000000000000000000 ) ;
#6600 = FILL_AREA_STYLE_COLOUR ( '', #1761 ) ;
#6601 = CARTESIAN_POINT ( 'NONE',  ( 0.6424376158999668407, 0.7686695713674800423, 0.4490000000000061720 ) ) ;
#6602 = ADVANCED_FACE ( 'NONE', ( #4767 ), #2369, .T. ) ;
#6603 = CARTESIAN_POINT ( 'NONE',  ( 0.8409604855569888793, 0.2792290251457559824, 0.4489999999999999547 ) ) ;
#6604 = CARTESIAN_POINT ( 'NONE',  ( 0.8146140172635991661, 0.3641497350975002045, 0.4489999999999993996 ) ) ;
#6605 =( NAMED_UNIT ( * ) SI_UNIT ( $, .STERADIAN. ) SOLID_ANGLE_UNIT ( ) );
#6606 = CARTESIAN_POINT ( 'NONE',  ( 0.6704156466758776078, 0.3476629673870399451, 0.4500000000000000111 ) ) ;
#6607 = VERTEX_POINT ( 'NONE', #6318 ) ;
#6608 = FILL_AREA_STYLE ('',( #1094 ) ) ;
#6609 = CARTESIAN_POINT ( 'NONE',  ( 0.3721163454726249542, 0.7676866556531209973, 0.4500000000000012323 ) ) ;
#6610 = CARTESIAN_POINT ( 'NONE',  ( 0.8692522995300182576, 0.3498868463785256289, 0.4489999999999996771 ) ) ;
#6611 =( NAMED_UNIT ( * ) PLANE_ANGLE_UNIT ( ) SI_UNIT ( $, .RADIAN. ) );
#6612 = FILL_AREA_STYLE ('',( #4261 ) ) ;
#6613 = CARTESIAN_POINT ( 'NONE',  ( 0.3547475103000922725, 0.4958576717419488911, 0.4490000000000000102 ) ) ;
#6614 = ORIENTED_EDGE ( 'NONE', *, *, #3415, .T. ) ;
#6615 = FILL_AREA_STYLE ('',( #5653 ) ) ;
#6616 = DIRECTION ( 'NONE',  ( 0.0000000000000000000, 0.1104315260748462840, 0.9938837346736189016 ) ) ;
#6617 = PRESENTATION_STYLE_ASSIGNMENT (( #2172 ) ) ;
#6618 = FACE_OUTER_BOUND ( 'NONE', #6303, .T. ) ;
#6619 = CARTESIAN_POINT ( 'NONE',  ( 1.245857864376268997, 0.7910495720687357180, 0.4499999999999999001 ) ) ;
#6620 = CARTESIAN_POINT ( 'NONE',  ( 0.3562347007726790471, 0.6327748171006672973, 0.4500000000000000111 ) ) ;
#6621 = CARTESIAN_POINT ( 'NONE',  ( 0.8468020139239418320, 0.1997573513955349933, 0.4500000000000000666 ) ) ;
#6622 =( NAMED_UNIT ( * ) PLANE_ANGLE_UNIT ( ) SI_UNIT ( $, .RADIAN. ) );
#6623 = PLANE ( 'NONE',  #3305 ) ;
#6624 = CARTESIAN_POINT ( 'NONE',  ( 0.7653942791545099711, 0.3591112846947322468, 0.4500000000000000666 ) ) ;
#6625 = DIRECTION ( 'NONE',  ( -0.0000000000000000000, 0.0000000000000000000, 1.000000000000000000 ) ) ;
#6626 = CARTESIAN_POINT ( 'NONE',  ( 1.250000000000000222, 0.7910495720687359400, 0.4399999999999999467 ) ) ;
#6627 = CARTESIAN_POINT ( 'NONE',  ( 0.8438364532998092749, 0.3828559428143903376, 0.4500000000000000666 ) ) ;
#6628 = CARTESIAN_POINT ( 'NONE',  ( 0.6299048809356051493, 0.2735536813222016472, 0.4499999999999988454 ) ) ;
#6629 = CARTESIAN_POINT ( 'NONE',  ( 1.245857864376269220, -3.083199928005653727E-16, 0.0000000000000000000 ) ) ;
#6630 = B_SPLINE_CURVE_WITH_KNOTS ( 'NONE', 3,
 ( #164, #5268, #2364, #5235, #4615, #2475, #1896, #6278, #3583, #767, #4725, #1272, #3515, #4685, #5741 ),
 .UNSPECIFIED., .F., .F.,
 ( 4, 1, 1, 1, 1, 1, 1, 1, 1, 1, 1, 1, 4 ),
 ( 0.0000000000000000000, 9.571849045348146127E-06, 1.944736168874109991E-05, 2.977476089171685123E-05, 4.076370417009441576E-05, 4.692689540686930067E-05, 5.405583458393932802E-05, 6.216584879110876748E-05, 7.131428500140428732E-05, 8.147430560217042725E-05, 9.265494864288417406E-05, 0.0001048243591979802634, 0.0001180620129669425245 ),
 .UNSPECIFIED. ) ;
#6631 = SURFACE_STYLE_FILL_AREA ( #632 ) ;
#6632 = FILL_AREA_STYLE ('',( #6707 ) ) ;
#6633 =( NAMED_UNIT ( * ) SI_UNIT ( $, .STERADIAN. ) SOLID_ANGLE_UNIT ( ) );
#6634 = EDGE_CURVE ( 'NONE', #2127, #2921, #2401, .T. ) ;
#6635 = CARTESIAN_POINT ( 'NONE',  ( 0.4365995843992037662, 0.6287149789532554545, 0.4500000000000001776 ) ) ;
#6636 = CARTESIAN_POINT ( 'NONE',  ( 0.8591689146787031550, 0.4292103714307179407, 0.4500000000000000666 ) ) ;
#6637 = DIRECTION ( 'NONE',  ( 0.0000000000000000000, 0.0000000000000000000, 1.000000000000000000 ) ) ;
#6638 = EDGE_LOOP ( 'NONE', ( #427, #5214, #2162, #6748 ) ) ;
#6639 = EDGE_CURVE ( 'NONE', #2906, #1321, #4170, .T. ) ;
#6640 = CARTESIAN_POINT ( 'NONE',  ( 0.6724098249795475990, 0.5445605382225171542, 0.4500000000000000111 ) ) ;
#6641 = CARTESIAN_POINT ( 'NONE',  ( 0.4184303125955012859, 0.5647057482218649227, 0.4499999999999995115 ) ) ;
#6642 = CARTESIAN_POINT ( 'NONE',  ( 1.160000000000000142, -2.962034113123239442E-16, -2.519953399464158931E-18 ) ) ;
#6643 = VECTOR ( 'NONE', #5113, 1000.000000000000114 ) ;
#6644 = CARTESIAN_POINT ( 'NONE',  ( 0.01000000000000024307, 0.8500000000000000888, 1.058517010615032372E-19 ) ) ;
#6645 = CARTESIAN_POINT ( 'NONE',  ( 0.3236469948460475310, 0.5166028786717218324, 0.4490000000000000102 ) ) ;
#6646 = ORIENTED_EDGE ( 'NONE', *, *, #3781, .F. ) ;
#6647 = ORIENTED_EDGE ( 'NONE', *, *, #4539, .F. ) ;
#6648 = ADVANCED_FACE ( 'NONE', ( #6353 ), #2117, .T. ) ;
#6649 = CARTESIAN_POINT ( 'NONE',  ( 0.7950398674913784491, 0.7620044883028647131, 0.4489999999999999547 ) ) ;
#6650 = DIRECTION ( 'NONE',  ( -1.000000000000000000, 0.0000000000000000000, 0.0000000000000000000 ) ) ;
#6651 = CIRCLE ( 'NONE', #4224, 0.01000000000000000194 ) ;
#6652 = CARTESIAN_POINT ( 'NONE',  ( 2.168404344971008868E-16, 0.4974211549695313206, 0.4500000000000000666 ) ) ;
#6653 = SURFACE_STYLE_USAGE ( .BOTH. , #4425 ) ;
#6654 = FACE_BOUND ( 'NONE', #6150, .T. ) ;
#6655 = VECTOR ( 'NONE', #511, 1000.000000000000114 ) ;
#6656 = CARTESIAN_POINT ( 'NONE',  ( 0.8425291837306945197, 0.4974211549695313206, 0.4489999999999999547 ) ) ;
#6657 = CARTESIAN_POINT ( 'NONE',  ( 0.4454841972825843710, 0.6192513180006828932, 0.4500000000000000666 ) ) ;
#6658 = CARTESIAN_POINT ( 'NONE',  ( 0.3666643028783553304, 0.6942222449900196102, 0.4489999999999999547 ) ) ;
#6659 = ORIENTED_EDGE ( 'NONE', *, *, #5241, .F. ) ;
#6660 = FILL_AREA_STYLE_COLOUR ( '', #6540 ) ;
#6661 =( GEOMETRIC_REPRESENTATION_CONTEXT ( 3 ) GLOBAL_UNCERTAINTY_ASSIGNED_CONTEXT ( ( #4931 ) ) GLOBAL_UNIT_ASSIGNED_CONTEXT ( ( #5556, #1659, #4568 ) ) REPRESENTATION_CONTEXT ( 'NONE', 'WORKASPACE' ) );
#6662 =( LENGTH_UNIT ( ) NAMED_UNIT ( * ) SI_UNIT ( .MILLI., .METRE. ) );
#6663 = CARTESIAN_POINT ( 'NONE',  ( 0.3666643028783553304, 0.6942222449900196102, 0.4489999999999999547 ) ) ;
#6664 = SURFACE_SIDE_STYLE ('',( #10 ) ) ;
#6665 = CARTESIAN_POINT ( 'NONE',  ( 0.8198001330246033058, 0.2051034914807614018, 0.4490000000000001212 ) ) ;
#6666 = CARTESIAN_POINT ( 'NONE',  ( 0.5942971282504319053, 0.7112412720486408491, 0.4489999999999999547 ) ) ;
#6667 = CARTESIAN_POINT ( 'NONE',  ( 0.8582772324731173796, 0.2739730944959270498, 0.4500000000000001776 ) ) ;
#6668 = SURFACE_STYLE_FILL_AREA ( #3881 ) ;
#6669 = CARTESIAN_POINT ( 'NONE',  ( 0.7950398674913784491, 0.7145151720635484205, 0.4489999999999999547 ) ) ;
#6670 = VECTOR ( 'NONE', #2026, 1000.000000000000000 ) ;
#6671 = CARTESIAN_POINT ( 'NONE',  ( 0.8128835953938263748, 0.3591112846947322468, 0.4489999999999999547 ) ) ;
#6672 = PRESENTATION_LAYER_ASSIGNMENT (  '', '', ( #5646 ) ) ;
#6673 = CARTESIAN_POINT ( 'NONE',  ( 0.6598683543414759489, 0.2347168369116126030, 0.4489999999999999547 ) ) ;
#6674 = SURFACE_STYLE_USAGE ( .BOTH. , #3406 ) ;
#6675 = DIRECTION ( 'NONE',  ( 0.0000000000000000000, 0.0000000000000000000, 1.000000000000000000 ) ) ;
#6676 = CARTESIAN_POINT ( 'NONE',  ( 0.4136370912808971512, 0.5494086351608715724, 0.4489999999999998992 ) ) ;
#6677 = CARTESIAN_POINT ( 'NONE',  ( 0.8467188313160367574, 0.4302847193217502197, 0.4499999999999999556 ) ) ;
#6678 = STYLED_ITEM ( 'NONE', ( #7125 ), #3811 ) ;
#6679 = ORIENTED_EDGE ( 'NONE', *, *, #245, .F. ) ;
#6680 = CARTESIAN_POINT ( 'NONE',  ( 0.6643003625477962304, 0.5416963547556772340, 0.4489999999999998992 ) ) ;
#6681 = CARTESIAN_POINT ( 'NONE',  ( 0.3244713371634093124, 0.7332057302294440193, 0.4500000000000012879 ) ) ;
#6682 = CARTESIAN_POINT ( 'NONE',  ( 0.7271979871494980152, 0.6295538172291467172, 0.4489999999999877978 ) ) ;
#6683 = DIRECTION ( 'NONE',  ( -3.388131789017201849E-16, -1.000000000000000000, 0.0000000000000000000 ) ) ;
#6684 = EDGE_LOOP ( 'NONE', ( #1133, #5755, #316, #4097 ) ) ;
#6685 = B_SPLINE_CURVE_WITH_KNOTS ( 'NONE', 3,
 ( #5915, #4759, #6955, #6417, #4824, #1401, #5880, #7026, #408, #2613, #2034 ),
 .UNSPECIFIED., .F., .F.,
 ( 4, 1, 1, 1, 1, 1, 1, 1, 4 ),
 ( 0.0000000000000000000, 7.193433664212178957E-06, 1.410225019827799244E-05, 2.074667260109558169E-05, 2.717792054505374907E-05, 3.348730501075398525E-05, 3.964507968598242609E-05, 4.572401283783760921E-05, 5.177581759347428471E-05 ),
 .UNSPECIFIED. ) ;
#6686 =( LENGTH_UNIT ( ) NAMED_UNIT ( * ) SI_UNIT ( .MILLI., .METRE. ) );
#6687 = CARTESIAN_POINT ( 'NONE',  ( 0.6598683543414759489, 0.2347168369116126030, 0.4490000000000641256 ) ) ;
#6688 = EDGE_CURVE ( 'NONE', #2502, #5430, #1833, .T. ) ;
#6689 = B_SPLINE_SURFACE_WITH_KNOTS ( 'NONE', 3, 1, ( 
 ( #4760, #1040 ),
 ( #6588, #3320 ),
 ( #3807, #4944 ),
 ( #5042, #5522 ),
 ( #6658, #4349 ),
 ( #4909, #6089 ),
 ( #4459, #1074 ) ),
 .UNSPECIFIED., .F., .F., .F.,
 ( 4, 1, 1, 1, 4 ),
 ( 2, 2 ),
 ( 0.0000000000000000000, 0.2418813747501859512, 0.4871154746783706857, 0.7378378396463990407, 0.9999999999999998890 ),
 ( 0.0000000000000000000, 1.000000000000000000 ),
 .UNSPECIFIED. ) ;
#6690 = CARTESIAN_POINT ( 'NONE',  ( 1.596397453640112373E-17, 0.05895042793126383657, 0.4458578643762689531 ) ) ;
#6691 = CARTESIAN_POINT ( 'NONE',  ( 0.3494496928365506960, 0.5642281012031740151, 0.4489999999999998992 ) ) ;
#6692 = FACE_OUTER_BOUND ( 'NONE', #2380, .T. ) ;
#6693 =( LENGTH_UNIT ( ) NAMED_UNIT ( * ) SI_UNIT ( .MILLI., .METRE. ) );
#6694 = CARTESIAN_POINT ( 'NONE',  ( 0.3735991269999610620, 0.6171484925521164566, 0.4490000000000000102 ) ) ;
#6695 = STYLED_ITEM ( 'NONE', ( #2585 ), #433 ) ;
#6696 = CARTESIAN_POINT ( 'NONE',  ( 0.6424376158999668407, 0.7686695713674800423, 0.4489999999999999547 ) ) ;
#6697 = B_SPLINE_CURVE_WITH_KNOTS ( 'NONE', 3,
 ( #6958, #4129, #1970, #6988, #6348, #6311, #796, #5341, #867, #3061, #1338 ),
 .UNSPECIFIED., .F., .F.,
 ( 4, 1, 1, 1, 1, 1, 1, 1, 4 ),
 ( 0.0000000000000000000, 2.943544386335126185E-06, 6.775650434683501133E-06, 1.161856065982453378E-05, 1.736340889839332435E-05, 2.401078324297617554E-05, 3.160331381747765535E-05, 4.021400096945255053E-05, 4.969333470954783837E-05 ),
 .UNSPECIFIED. ) ;
#6698 = CARTESIAN_POINT ( 'NONE',  ( 0.6422447900840542179, 0.4302286851386946109, 0.4490000000000085589 ) ) ;
#6699 = CARTESIAN_POINT ( 'NONE',  ( 0.8134468948370316976, 0.1553793217688580752, 0.4489999999999998437 ) ) ;
#6700 = CARTESIAN_POINT ( 'NONE',  ( 0.3216301259943905588, 0.7273883955039578408, 0.4490000000000058389 ) ) ;
#6701 = PRESENTATION_STYLE_ASSIGNMENT (( #1706 ) ) ;
#6702 = CARTESIAN_POINT ( 'NONE',  ( 0.6931431677245916134, 0.2774984331157782647, 0.4490000000000000102 ) ) ;
#6703 = VERTEX_POINT ( 'NONE', #4832 ) ;
#6704 = CARTESIAN_POINT ( 'NONE',  ( 0.8343392640603918275, 0.2000298187076381407, 0.4499999999999996225 ) ) ;
#6705 = SURFACE_STYLE_USAGE ( .BOTH. , #596 ) ;
#6706 =( GEOMETRIC_REPRESENTATION_CONTEXT ( 3 ) GLOBAL_UNCERTAINTY_ASSIGNED_CONTEXT ( ( #4262 ) ) GLOBAL_UNIT_ASSIGNED_CONTEXT ( ( #4179, #882, #2488 ) ) REPRESENTATION_CONTEXT ( 'NONE', 'WORKASPACE' ) );
#6707 = FILL_AREA_STYLE_COLOUR ( '', #1413 ) ;
#6708 = CARTESIAN_POINT ( 'NONE',  ( 0.3600000000000003753, 0.04999999999999996808, -0.005000000000000013115 ) ) ;
#6709 = CARTESIAN_POINT ( 'NONE',  ( 0.4269489094286429420, 0.6376523231111941303, 0.4489999999999998992 ) ) ;
#6710 = CARTESIAN_POINT ( 'NONE',  ( 0.8662328240567112037, 0.4275348132470108142, 0.4489999999999998992 ) ) ;
#6711 =( GEOMETRIC_REPRESENTATION_CONTEXT ( 3 ) GLOBAL_UNCERTAINTY_ASSIGNED_CONTEXT ( ( #5722 ) ) GLOBAL_UNIT_ASSIGNED_CONTEXT ( ( #3317, #580, #5038 ) ) REPRESENTATION_CONTEXT ( 'NONE', 'WORKASPACE' ) );
#6712 = ORIENTED_EDGE ( 'NONE', *, *, #1641, .T. ) ;
#6713 =( NAMED_UNIT ( * ) SI_UNIT ( $, .STERADIAN. ) SOLID_ANGLE_UNIT ( ) );
#6714 = FILL_AREA_STYLE ('',( #2820 ) ) ;
#6715 = CARTESIAN_POINT ( 'NONE',  ( 0.5799599062200107014, 0.5584788472772237444, 0.4494999999999993445 ) ) ;
#6716 = CARTESIAN_POINT ( 'NONE',  ( 0.3435314924495284084, 0.5009632211042646110, 0.4489999999999998992 ) ) ;
#6717 = CYLINDRICAL_SURFACE ( 'NONE', #542, 0.01000000000000002623 ) ;
#6718 = VERTEX_POINT ( 'NONE', #7033 ) ;
#6719 = STYLED_ITEM ( 'NONE', ( #1722 ), #1965 ) ;
#6720 = SURFACE_SIDE_STYLE ('',( #3383 ) ) ;
#6721 = CARTESIAN_POINT ( 'NONE',  ( 0.3865575457766348699, 0.4906369669353432550, 0.4494999999999998996 ) ) ;
#6722 = LINE ( 'NONE', #2970, #5300 ) ;
#6723 = UNCERTAINTY_MEASURE_WITH_UNIT (LENGTH_MEASURE( 1.000000000000000082E-05 ), #6686, 'distance_accuracy_value', 'NONE');
#6724 = CARTESIAN_POINT ( 'NONE',  ( 0.3489787374550784582, 0.6398888145531049787, 0.4489999999999994551 ) ) ;
#6725 = SURFACE_SIDE_STYLE ('',( #2248 ) ) ;
#6726 = SURFACE_STYLE_USAGE ( .BOTH. , #4533 ) ;
#6727 = ADVANCED_FACE ( 'NONE', ( #2042 ), #4282, .T. ) ;
#6728 = CARTESIAN_POINT ( 'NONE',  ( 0.4658086544030170528, 0.5741165731691290075, 0.4490000000000000102 ) ) ;
#6729 = VERTEX_POINT ( 'NONE', #2844 ) ;
#6730 = CARTESIAN_POINT ( 'NONE',  ( 0.3834304591046263089, 0.6088302428434628766, 0.4500000000000000666 ) ) ;
#6731 = EDGE_CURVE ( 'NONE', #4073, #6400, #6107, .T. ) ;
#6732 = FILL_AREA_STYLE ('',( #5152 ) ) ;
#6733 = CARTESIAN_POINT ( 'NONE',  ( 0.3686430492488570465, 0.6913005286340613287, 0.4489999999999625957 ) ) ;
#6734 = PRESENTATION_STYLE_ASSIGNMENT (( #1121 ) ) ;
#6735 = CARTESIAN_POINT ( 'NONE',  ( 0.01000000000000023093, 0.7910495720687362731, 0.4399999999999999467 ) ) ;
#6736 = DIRECTION ( 'NONE',  ( 0.0000000000000000000, 0.0000000000000000000, -1.000000000000000000 ) ) ;
#6737 = DIRECTION ( 'NONE',  ( -0.0000000000000000000, -1.000000000000000000, -0.0000000000000000000 ) ) ;
#6738 = ORIENTED_EDGE ( 'NONE', *, *, #6780, .T. ) ;
#6739 = EDGE_CURVE ( 'NONE', #522, #2003, #2792, .T. ) ;
#6740 = CARTESIAN_POINT ( 'NONE',  ( 0.8356179244425298025, 0.4301619919668143166, 0.4500000000000003442 ) ) ;
#6741 = CARTESIAN_POINT ( 'NONE',  ( 0.6378375103866775753, 0.7687886763370526122, 0.4489999999999984004 ) ) ;
#6742 = CARTESIAN_POINT ( 'NONE',  ( 0.8134626639248524471, 0.3607973521932674732, 0.4489999999999998992 ) ) ;
#6743 = FILL_AREA_STYLE_COLOUR ( '', #3490 ) ;
#6744 = UNCERTAINTY_MEASURE_WITH_UNIT (LENGTH_MEASURE( 1.000000000000000082E-05 ), #6787, 'distance_accuracy_value', 'NONE');
#6745 = CARTESIAN_POINT ( 'NONE',  ( 0.8546227947966713590, 0.3813065042755855449, 0.4490000000000007319 ) ) ;
#6746 = CARTESIAN_POINT ( 'NONE',  ( 0.4383321610251954548, 0.5068938618113542072, 0.4490000000000000102 ) ) ;
#6747 = ORIENTED_EDGE ( 'NONE', *, *, #7132, .T. ) ;
#6748 = ORIENTED_EDGE ( 'NONE', *, *, #6124, .F. ) ;
#6749 = LINE ( 'NONE', #568, #3325 ) ;
#6750 = B_SPLINE_SURFACE_WITH_KNOTS ( 'NONE', 3, 1, ( 
 ( #656, #6730 ),
 ( #3975, #6765 ),
 ( #6694, #1077 ),
 ( #2210, #6056 ),
 ( #3431, #6620 ),
 ( #6191, #584 ),
 ( #2179, #3942 ),
 ( #2802, #5044 ),
 ( #2253, #551 ),
 ( #1181, #2766 ),
 ( #1115, #3356 ),
 ( #3844, #5590 ),
 ( #6090, #5523 ),
 ( #1149, #36 ),
 ( #1041, #5625 ) ),
 .UNSPECIFIED., .F., .F., .F.,
 ( 4, 1, 1, 1, 1, 1, 1, 1, 1, 1, 1, 1, 4 ),
 ( 2, 2 ),
 ( 0.0000000000000000000, 0.1121245812797449781, 0.2152010090762416228, 0.3099024524934763103, 0.3959590963320916424, 0.4734474940003329801, 0.5421403275660308108, 0.6025233330554098377, 0.6547263328340141575, 0.7478040553141016566, 0.8352784168250089181, 0.9189252427194488648, 1.000000000000000000 ),
 ( 0.0000000000000000000, 1.000000000000000000 ),
 .UNSPECIFIED. ) ;
#6751 = CARTESIAN_POINT ( 'NONE',  ( 0.5516923560775870428, 0.3353666265750742115, 0.4489999999999999547 ) ) ;
#6752 = CARTESIAN_POINT ( 'NONE',  ( 0.5475244800588278116, 0.6255561884167837317, 0.4499999999999984013 ) ) ;
#6753 = CARTESIAN_POINT ( 'NONE',  ( 0.3643847961433816507, 0.7006488035232759648, 0.4500000000000002887 ) ) ;
#6754 = ORIENTED_EDGE ( 'NONE', *, *, #2993, .F. ) ;
#6755 = ORIENTED_EDGE ( 'NONE', *, *, #2993, .T. ) ;
#6756 = MECHANICAL_DESIGN_GEOMETRIC_PRESENTATION_REPRESENTATION (  '', ( #3165 ), #606 ) ;
#6757 = SURFACE_SIDE_STYLE ('',( #3530 ) ) ;
#6758 = CARTESIAN_POINT ( 'NONE',  ( 0.6021250161943081380, 0.7149189122315792178, 0.4499999999999980682 ) ) ;
#6759 = VECTOR ( 'NONE', #2314, 1000.000000000000000 ) ;
#6760 = SURFACE_SIDE_STYLE ('',( #2384 ) ) ;
#6761 = SURFACE_STYLE_FILL_AREA ( #185 ) ;
#6762 = CARTESIAN_POINT ( 'NONE',  ( 0.6322545889835698985, 0.2030749599084074875, 0.4489999999999999547 ) ) ;
#6763 = VERTEX_POINT ( 'NONE', #1627 ) ;
#6764 = ORIENTED_EDGE ( 'NONE', *, *, #2771, .F. ) ;
#6765 = CARTESIAN_POINT ( 'NONE',  ( 0.3800627603113274078, 0.6116796389586545146, 0.4500000000000001221 ) ) ;
#6766 = CARTESIAN_POINT ( 'NONE',  ( 0.7746873033888143079, 0.6289177996009415184, 0.4494999999999961804 ) ) ;
#6767 = VECTOR ( 'NONE', #2962, 1000.000000000000000 ) ;
#6768 = CARTESIAN_POINT ( 'NONE',  ( 0.5095862260473345007, 0.5769157269144631339, 0.4490000000000000102 ) ) ;
#6769 = FILL_AREA_STYLE ('',( #1625 ) ) ;
#6770 = ADVANCED_FACE ( 'NONE', ( #1085 ), #6388, .T. ) ;
#6771 = CARTESIAN_POINT ( 'NONE',  ( 0.8826335286203220720, 0.3055267995184502428, 0.4500000000000000666 ) ) ;
#6772 = FILL_AREA_STYLE ('',( #5736 ) ) ;
#6773 = ORIENTED_EDGE ( 'NONE', *, *, #7181, .T. ) ;
#6774 = CARTESIAN_POINT ( 'NONE',  ( 0.6155419848623348011, 0.3756708329161146387, 0.4490000000000130553 ) ) ;
#6775 = CARTESIAN_POINT ( 'NONE',  ( 0.7600000000000002309, 0.8500000000000000888, 0.0000000000000000000 ) ) ;
#6776 = CARTESIAN_POINT ( 'NONE',  ( 0.3770903931702644374, 0.7201299755266590275, 0.4500000000000006217 ) ) ;
#6777 = VECTOR ( 'NONE', #1185, 1000.000000000000000 ) ;
#6778 =( NAMED_UNIT ( * ) PLANE_ANGLE_UNIT ( ) SI_UNIT ( $, .RADIAN. ) );
#6779 = DIRECTION ( 'NONE',  ( -0.0000000000000000000, -1.000000000000000000, 0.0000000000000000000 ) ) ;
#6780 = EDGE_CURVE ( 'NONE', #4595, #6894, #4612, .T. ) ;
#6781 = CARTESIAN_POINT ( 'NONE',  ( 0.4136370912808971512, 0.5494086351608715724, 0.4499999999999999556 ) ) ;
#6782 = CARTESIAN_POINT ( 'NONE',  ( 0.3894402360837442290, 0.4906916930052381831, 0.4499999999999997335 ) ) ;
#6783 = ORIENTED_EDGE ( 'NONE', *, *, #502, .F. ) ;
#6784 = PRESENTATION_LAYER_ASSIGNMENT (  '', '', ( #6102 ) ) ;
#6785 = SURFACE_STYLE_USAGE ( .BOTH. , #3962 ) ;
#6786 = EDGE_LOOP ( 'NONE', ( #647, #1344, #2588, #5617 ) ) ;
#6787 =( LENGTH_UNIT ( ) NAMED_UNIT ( * ) SI_UNIT ( .MILLI., .METRE. ) );
#6788 = CARTESIAN_POINT ( 'NONE',  ( 0.9018062512858230351, 0.4046769543215032461, 0.4499999999999963474 ) ) ;
#6789 =( NAMED_UNIT ( * ) SI_UNIT ( $, .STERADIAN. ) SOLID_ANGLE_UNIT ( ) );
#6790 = AXIS2_PLACEMENT_3D ( 'NONE', #3726, #2068, #5298 ) ;
#6791 = CARTESIAN_POINT ( 'NONE',  ( 0.5477351148489745247, 0.6184486170005846217, 0.4499999999999985678 ) ) ;
#6792 = CARTESIAN_POINT ( 'NONE',  ( 0.6382085206697973856, 0.4906369669353431440, 0.4494999999999982898 ) ) ;
#6793 = ORIENTED_EDGE ( 'NONE', *, *, #1877, .T. ) ;
#6794 = CARTESIAN_POINT ( 'NONE',  ( 0.6462465905788868925, 0.7210435710997981085, 0.4499999999999994560 ) ) ;
#6795 =( NAMED_UNIT ( * ) SI_UNIT ( $, .STERADIAN. ) SOLID_ANGLE_UNIT ( ) );
#6796 = UNCERTAINTY_MEASURE_WITH_UNIT (LENGTH_MEASURE( 1.000000000000000082E-05 ), #4864, 'distance_accuracy_value', 'NONE');
#6797 = CARTESIAN_POINT ( 'NONE',  ( 0.8839671145185596934, 0.2426645869787087961, 0.4500000000000001776 ) ) ;
#6798 = CARTESIAN_POINT ( 'NONE',  ( 0.9091116734257393972, 0.3288214896694118816, 0.4500000000000000111 ) ) ;
#6799 = CARTESIAN_POINT ( 'NONE',  ( 0.3862821599516608195, 0.5382282564367192323, 0.4500000000000000666 ) ) ;
#6800 = COLOUR_RGB ( '',1.000000000000000000, 1.000000000000000000, 1.000000000000000000 ) ;
#6801 = DIRECTION ( 'NONE',  ( -0.4277665239595013214, -0.9038892636709462414, 0.0000000000000000000 ) ) ;
#6802 = VERTEX_POINT ( 'NONE', #6809 ) ;
#6803 = ORIENTED_EDGE ( 'NONE', *, *, #759, .T. ) ;
#6804 = CARTESIAN_POINT ( 'NONE',  ( 0.8841175697528007582, 0.2383209368047749521, 0.4489999999999383928 ) ) ;
#6805 = SURFACE_STYLE_FILL_AREA ( #3022 ) ;
#6806 = CARTESIAN_POINT ( 'NONE',  ( 0.8441544621139117632, 0.4303452590537065747, 0.4490000000000219371 ) ) ;
#6807 = CARTESIAN_POINT ( 'NONE',  ( 0.5300085800649206869, 0.5421925328511559838, 0.4499999999999999556 ) ) ;
#6808 = CARTESIAN_POINT ( 'NONE',  ( 0.7698410972046580980, 0.3792671635785081485, 0.4499999999999999556 ) ) ;
#6809 = CARTESIAN_POINT ( 'NONE',  ( 0.8441544621139117632, 0.4303452590537065747, 0.4499999999999999001 ) ) ;
#6810 = FACE_OUTER_BOUND ( 'NONE', #808, .T. ) ;
#6811 = MECHANICAL_DESIGN_GEOMETRIC_PRESENTATION_REPRESENTATION (  '', ( #3091 ), #75 ) ;
#6812 = ORIENTED_EDGE ( 'NONE', *, *, #4747, .F. ) ;
#6813 = B_SPLINE_CURVE_WITH_KNOTS ( 'NONE', 3,
 ( #4006, #1258, #5723, #183, #5143, #2971, #1914, #250, #2455, #715, #6368, #2934, #4670, #691, #111 ),
 .UNSPECIFIED., .F., .F.,
 ( 4, 1, 1, 1, 1, 1, 1, 1, 1, 1, 1, 1, 4 ),
 ( 5.421010862427522170E-20, 9.362663282162041377E-06, 1.865142098080258757E-05, 2.800444476280478662E-05, 3.753081876535521266E-05, 4.254891314162164963E-05, 4.786488102616246024E-05, 5.354611795367874433E-05, 5.953532122911639810E-05, 6.595786162039015365E-05, 7.275318866251707266E-05, 7.996763576860375325E-05, 8.757500739829805314E-05 ),
 .UNSPECIFIED. ) ;
#6814 = LINE ( 'NONE', #6241, #278 ) ;
#6815 =( GEOMETRIC_REPRESENTATION_CONTEXT ( 3 ) GLOBAL_UNCERTAINTY_ASSIGNED_CONTEXT ( ( #890 ) ) GLOBAL_UNIT_ASSIGNED_CONTEXT ( ( #496, #2927, #3495 ) ) REPRESENTATION_CONTEXT ( 'NONE', 'WORKASPACE' ) );
#6816 =( NAMED_UNIT ( * ) SI_UNIT ( $, .STERADIAN. ) SOLID_ANGLE_UNIT ( ) );
#6817 = UNCERTAINTY_MEASURE_WITH_UNIT (LENGTH_MEASURE( 1.000000000000000082E-05 ), #5953, 'distance_accuracy_value', 'NONE');
#6818 = CARTESIAN_POINT ( 'NONE',  ( 1.250000000000000222, 0.05895042793126350350, 0.4399999999999999467 ) ) ;
#6819 = SURFACE_STYLE_FILL_AREA ( #2438 ) ;
#6820 = CARTESIAN_POINT ( 'NONE',  ( 0.8985011627328333139, 0.2986759802636662076, 0.4490000000000000102 ) ) ;
#6821 = EDGE_LOOP ( 'NONE', ( #3950, #5995, #3375 ) ) ;
#6822 = ADVANCED_FACE ( 'NONE', ( #5703 ), #2984, .F. ) ;
#6823 = ORIENTED_EDGE ( 'NONE', *, *, #2506, .T. ) ;
#6824 = VECTOR ( 'NONE', #6061, 999.9999999999998863 ) ;
#6825 = EDGE_CURVE ( 'NONE', #4062, #3557, #4310, .T. ) ;
#6826 = CARTESIAN_POINT ( 'NONE',  ( 0.5624613445698273262, 0.3832847337107067043, 0.4489999999999998992 ) ) ;
#6827 = AXIS2_PLACEMENT_3D ( 'NONE', #2568, #4299, #396 ) ;
#6828 = CARTESIAN_POINT ( 'NONE',  ( 0.5181887133852502991, 0.6996802658592709001, 0.4490000000000066160 ) ) ;
#6829 = CARTESIAN_POINT ( 'NONE',  ( 0.4660067478332587942, 0.5659520544086338312, 0.4499999999999999001 ) ) ;
#6830 = PRESENTATION_STYLE_ASSIGNMENT (( #5030 ) ) ;
#6831 = CARTESIAN_POINT ( 'NONE',  ( 0.3954362059715527122, 0.7196864615412812416, 0.4489999999999998992 ) ) ;
#6832 = CARTESIAN_POINT ( 'NONE',  ( 0.6952436512346842346, 0.4076388539504267605, 0.4500000000000001221 ) ) ;
#6833 = FILL_AREA_STYLE ('',( #713 ) ) ;
#6834 =( GEOMETRIC_REPRESENTATION_CONTEXT ( 3 ) GLOBAL_UNCERTAINTY_ASSIGNED_CONTEXT ( ( #1463 ) ) GLOBAL_UNIT_ASSIGNED_CONTEXT ( ( #6977, #3636, #3678 ) ) REPRESENTATION_CONTEXT ( 'NONE', 'WORKASPACE' ) );
#6835 = CARTESIAN_POINT ( 'NONE',  ( 0.6278896101003242913, 0.7210523456751634086, 0.4499999999999980127 ) ) ;
#6836 = STYLED_ITEM ( 'NONE', ( #7143 ), #2006 ) ;
#6837 = CARTESIAN_POINT ( 'NONE',  ( 0.6124374429711588741, 0.4269754391185819897, 0.4490000000000073932 ) ) ;
#6838 =( NAMED_UNIT ( * ) SI_UNIT ( $, .STERADIAN. ) SOLID_ANGLE_UNIT ( ) );
#6839 = ORIENTED_EDGE ( 'NONE', *, *, #2110, .T. ) ;
#6840 = VERTEX_POINT ( 'NONE', #2576 ) ;
#6841 = CARTESIAN_POINT ( 'NONE',  ( 0.8438364532998092749, 0.3828559428143903376, 0.4500000000000000666 ) ) ;
#6842 = CARTESIAN_POINT ( 'NONE',  ( 0.7724363333729722392, 0.6011072206399181717, 0.4490000000000087255 ) ) ;
#6843 =( NAMED_UNIT ( * ) SI_UNIT ( $, .STERADIAN. ) SOLID_ANGLE_UNIT ( ) );
#6844 = MECHANICAL_DESIGN_GEOMETRIC_PRESENTATION_REPRESENTATION (  '', ( #1365 ), #6275 ) ;
#6845 = PLANE ( 'NONE',  #1514 ) ;
#6846 = FILL_AREA_STYLE ('',( #225 ) ) ;
#6847 =( LENGTH_UNIT ( ) NAMED_UNIT ( * ) SI_UNIT ( .MILLI., .METRE. ) );
#6848 = CARTESIAN_POINT ( 'NONE',  ( 0.3194410077408382787, 0.7213101330025534219, 0.4490000000000001212 ) ) ;
#6849 =( GEOMETRIC_REPRESENTATION_CONTEXT ( 3 ) GLOBAL_UNCERTAINTY_ASSIGNED_CONTEXT ( ( #2888 ) ) GLOBAL_UNIT_ASSIGNED_CONTEXT ( ( #4405, #3747, #5426 ) ) REPRESENTATION_CONTEXT ( 'NONE', 'WORKASPACE' ) );
#6850 = CARTESIAN_POINT ( 'NONE',  ( 0.6702926006019900296, 0.3451281876885403110, 0.4489999999999998992 ) ) ;
#6851 = DIRECTION ( 'NONE',  ( 0.0000000000000000000, 1.000000000000000000, 0.0000000000000000000 ) ) ;
#6852 = SURFACE_STYLE_FILL_AREA ( #4651 ) ;
#6853 = CARTESIAN_POINT ( 'NONE',  ( 0.6382375811230845963, 0.3827356533267410876, 0.4489999999999998992 ) ) ;
#6854 = DIRECTION ( 'NONE',  ( 0.0000000000000000000, -0.0000000000000000000, -1.000000000000000000 ) ) ;
#6855 = VERTEX_POINT ( 'NONE', #6517 ) ;
#6856 = VERTEX_POINT ( 'NONE', #5954 ) ;
#6857 = SURFACE_STYLE_USAGE ( .BOTH. , #4658 ) ;
#6858 = DIRECTION ( 'NONE',  ( -0.0000000000000000000, -1.000000000000000000, 0.0000000000000000000 ) ) ;
#6859 = ADVANCED_FACE ( 'NONE', ( #2652 ), #5671, .T. ) ;
#6860 = CARTESIAN_POINT ( 'NONE',  ( 0.5862985183406226319, 0.5536320685238536043, 0.4500000000000005662 ) ) ;
#6861 = CARTESIAN_POINT ( 'NONE',  ( 0.3894402360837442290, 0.4906916930052381831, 0.4499999999999963474 ) ) ;
#6862 = EDGE_CURVE ( 'NONE', #5687, #1075, #6685, .T. ) ;
#6863 = CARTESIAN_POINT ( 'NONE',  ( 0.7171500020856336199, 0.3387909719853456902, 0.4490000000000000657 ) ) ;
#6864 = VERTEX_POINT ( 'NONE', #4866 ) ;
#6865 = VERTEX_POINT ( 'NONE', #3319 ) ;
#6866 = LINE ( 'NONE', #4144, #2240 ) ;
#6867 = DIRECTION ( 'NONE',  ( 0.0000000000000000000, 0.0000000000000000000, 1.000000000000000000 ) ) ;
#6868 = CARTESIAN_POINT ( 'NONE',  ( 0.8774461438592143780, 0.2167564648033994679, 0.4490000000000000102 ) ) ;
#6869 = FACE_OUTER_BOUND ( 'NONE', #3628, .T. ) ;
#6870 = CARTESIAN_POINT ( 'NONE',  ( 0.4185174315939425016, 0.5631959780197449694, 0.4500000000000000111 ) ) ;
#6871 = LINE ( 'NONE', #3016, #2522 ) ;
#6872 = EDGE_CURVE ( 'NONE', #385, #2884, #3842, .T. ) ;
#6873 = SURFACE_SIDE_STYLE ('',( #5256 ) ) ;
#6874 = CARTESIAN_POINT ( 'NONE',  ( 0.4632859057570742345, 0.3794638487972963325, 0.4500000000000000666 ) ) ;
#6875 = EDGE_LOOP ( 'NONE', ( #5177, #5696, #2864, #4321, #6915, #3519, #3266, #3984, #1457, #3671, #4689, #6266, #3790, #5138, #682, #2096, #187, #5272, #437, #751 ) ) ;
#6876 = ORIENTED_EDGE ( 'NONE', *, *, #1423, .T. ) ;
#6877 = CARTESIAN_POINT ( 'NONE',  ( 0.8818567377913242300, 0.2509424009896661922, 0.4490000000000001212 ) ) ;
#6878 = CARTESIAN_POINT ( 'NONE',  ( 0.8900000000000001243, 0.04999999999999999584, -0.005000000000000013115 ) ) ;
#6879 = CARTESIAN_POINT ( 'NONE',  ( 0.3954362059715527122, 0.7196864615412812416, 0.4489999999999998992 ) ) ;
#6880 = MECHANICAL_DESIGN_GEOMETRIC_PRESENTATION_REPRESENTATION (  '', ( #22 ), #3393 ) ;
#6881 = DIRECTION ( 'NONE',  ( 0.0000000000000000000, -0.0000000000000000000, -1.000000000000000000 ) ) ;
#6882 = STYLED_ITEM ( 'NONE', ( #675 ), #4787 ) ;
#6883 = CARTESIAN_POINT ( 'NONE',  ( 0.7698410972046580980, 0.3792671635785081485, 0.4489999999999998437 ) ) ;
#6884 =( LENGTH_UNIT ( ) NAMED_UNIT ( * ) SI_UNIT ( .MILLI., .METRE. ) );
#6885 = MECHANICAL_DESIGN_GEOMETRIC_PRESENTATION_REPRESENTATION (  '', ( #1518 ), #4339 ) ;
#6886 = CARTESIAN_POINT ( 'NONE',  ( 0.6704156466758776078, 0.3476629673870399451, 0.4500000000000000111 ) ) ;
#6887 = CARTESIAN_POINT ( 'NONE',  ( 0.6127236667933960712, 0.3730570928328242886, 0.4490000000000129998 ) ) ;
#6888 = CARTESIAN_POINT ( 'NONE',  ( 0.4078463691651938450, 0.1521935496519972175, 0.4489999999999999547 ) ) ;
#6889 = DIRECTION ( 'NONE',  ( 0.0000000000000000000, 0.0000000000000000000, 1.000000000000000000 ) ) ;
#6890 = CARTESIAN_POINT ( 'NONE',  ( 0.8228156980740949367, 0.3254584310069631448, 0.4500000000000000666 ) ) ;
#6891 = UNCERTAINTY_MEASURE_WITH_UNIT (LENGTH_MEASURE( 1.000000000000000082E-05 ), #5912, 'distance_accuracy_value', 'NONE');
#6892 = PRESENTATION_LAYER_ASSIGNMENT (  '', '', ( #2822 ) ) ;
#6893 = DIRECTION ( 'NONE',  ( -0.0000000000000000000, -1.000000000000000000, 0.0000000000000000000 ) ) ;
#6894 = VERTEX_POINT ( 'NONE', #1179 ) ;
#6895 = ORIENTED_EDGE ( 'NONE', *, *, #6731, .T. ) ;
#6896 = CARTESIAN_POINT ( 'NONE',  ( 0.8900184999700109234, 0.7145151720635484205, 0.4489999999999999547 ) ) ;
#6897 = CARTESIAN_POINT ( 'NONE',  ( 0.6380495162627459749, 0.5381262831746594921, 0.4489999999999886304 ) ) ;
#6898 = VECTOR ( 'NONE', #4616, 1000.000000000000000 ) ;
#6899 = VECTOR ( 'NONE', #754, 1000.000000000000000 ) ;
#6900 = SURFACE_SIDE_STYLE ('',( #4693 ) ) ;
#6901 = SURFACE_STYLE_FILL_AREA ( #4694 ) ;
#6902 = CARTESIAN_POINT ( 'NONE',  ( 0.3865575457766348699, 0.4906369669353432550, 0.4500000000000000666 ) ) ;
#6903 = VECTOR ( 'NONE', #6959, 1000.000000000000000 ) ;
#6904 = VERTEX_POINT ( 'NONE', #6156 ) ;
#6905 = CARTESIAN_POINT ( 'NONE',  ( 0.7207663436280822289, 0.6651032333483777315, 0.4499999999999996225 ) ) ;
#6906 = CARTESIAN_POINT ( 'NONE',  ( 0.8840986205796680375, 0.2369929760139772579, 0.4489999999999999547 ) ) ;
#6907 = ADVANCED_FACE ( 'NONE', ( #2835 ), #999, .T. ) ;
#6908 = B_SPLINE_CURVE_WITH_KNOTS ( 'NONE', 3,
 ( #3204, #3895, #608, #2236, #2925, #133, #1796, #3379, #2896, #5135, #1209, #644, #2861, #2270, #3966, #1684, #4590, #5174, #4521 ),
 .UNSPECIFIED., .F., .F.,
 ( 4, 1, 1, 1, 1, 1, 1, 1, 1, 1, 1, 1, 1, 1, 1, 1, 4 ),
 ( 0.0000000000000000000, 6.842456954923492543E-06, 1.355198892449314519E-05, 2.005210343691650999E-05, 2.637613046838758508E-05, 3.266189625875855906E-05, 3.889292284316613524E-05, 4.505785236384547894E-05, 5.124312366450314111E-05, 5.751661477666241475E-05, 6.396115288540398240E-05, 7.057296176245480678E-05, 7.738866414002022612E-05, 8.451659617752077774E-05, 9.189698657549195807E-05, 9.961248537635737329E-05, 0.0001076679365170028475 ),
 .UNSPECIFIED. ) ;
#6909 = CARTESIAN_POINT ( 'NONE',  ( 0.4048449353822213825, 0.5894682629311009947, 0.4489999999999999547 ) ) ;
#6910 =( GEOMETRIC_REPRESENTATION_CONTEXT ( 3 ) GLOBAL_UNCERTAINTY_ASSIGNED_CONTEXT ( ( #3304 ) ) GLOBAL_UNIT_ASSIGNED_CONTEXT ( ( #6662, #5593, #586 ) ) REPRESENTATION_CONTEXT ( 'NONE', 'WORKASPACE' ) );
#6911 = CARTESIAN_POINT ( 'NONE',  ( 0.8841175697528007582, 0.2383209368047749799, 0.4489999999999999547 ) ) ;
#6912 = CARTESIAN_POINT ( 'NONE',  ( 0.3865575457766348699, 0.4906369669353432550, 0.4500000000000000666 ) ) ;
#6913 = DIRECTION ( 'NONE',  ( -1.000000000000000000, -0.0000000000000000000, 0.0000000000000000000 ) ) ;
#6914 = ORIENTED_EDGE ( 'NONE', *, *, #3903, .T. ) ;
#6915 = ORIENTED_EDGE ( 'NONE', *, *, #6333, .T. ) ;
#6916 = B_SPLINE_CURVE_WITH_KNOTS ( 'NONE', 3,
 ( #4188, #2535, #4746, #1954, #924, #2095, #6542, #7052, #5479, #6407, #961 ),
 .UNSPECIFIED., .F., .F.,
 ( 4, 1, 1, 1, 1, 1, 1, 1, 4 ),
 ( 0.0000000000000000000, 8.658467369065090975E-06, 1.704586020632760989E-05, 2.542867500343202938E-05, 3.389788154312069793E-05, 4.248379525003067621E-05, 5.123194605020989630E-05, 6.027702084731397289E-05, 6.976968806847909453E-05 ),
 .UNSPECIFIED. ) ;
#6917 = LINE ( 'NONE', #5875, #2708 ) ;
#6918 = ADVANCED_FACE ( 'NONE', ( #6692 ), #1697, .T. ) ;
#6919 = SURFACE_STYLE_USAGE ( .BOTH. , #5701 ) ;
#6920 = SURFACE_SIDE_STYLE ('',( #4719 ) ) ;
#6921 = CARTESIAN_POINT ( 'NONE',  ( 0.8985011627328334249, 0.2986759802636662076, 0.4500000000000000666 ) ) ;
#6922 = CARTESIAN_POINT ( 'NONE',  ( 0.3837810519967270184, 0.7687253566128577909, 0.4500000000000000666 ) ) ;
#6923 = CARTESIAN_POINT ( 'NONE',  ( 0.6378375103866775753, 0.7687886763370526122, 0.4489999999999984004 ) ) ;
#6924 = SURFACE_STYLE_USAGE ( .BOTH. , #1169 ) ;
#6925 = VECTOR ( 'NONE', #4781, 1000.000000000000000 ) ;
#6926 = DIRECTION ( 'NONE',  ( 0.0000000000000000000, 0.0000000000000000000, 1.000000000000000000 ) ) ;
#6927 = CARTESIAN_POINT ( 'NONE',  ( 0.8703882334341056515, 0.3538704813126220539, 0.4489999999999999547 ) ) ;
#6928 = STYLED_ITEM ( 'NONE', ( #359 ), #62 ) ;
#6929 = PRESENTATION_STYLE_ASSIGNMENT (( #6352 ) ) ;
#6930 = CARTESIAN_POINT ( 'NONE',  ( 0.8625437579128081289, 0.2039608209101769487, 0.4500000000000004552 ) ) ;
#6931 =( NAMED_UNIT ( * ) PLANE_ANGLE_UNIT ( ) SI_UNIT ( $, .RADIAN. ) );
#6932 = ORIENTED_EDGE ( 'NONE', *, *, #6438, .T. ) ;
#6933 = PRESENTATION_STYLE_ASSIGNMENT (( #6857 ) ) ;
#6934 = CARTESIAN_POINT ( 'NONE',  ( 0.8914364891581553207, 0.4146589439617550110, 0.4499999999999961808 ) ) ;
#6935 = CARTESIAN_POINT ( 'NONE',  ( 0.5138831173700151300, 0.6916335457600426562, 0.4490000000000066160 ) ) ;
#6936 = CARTESIAN_POINT ( 'NONE',  ( 0.6520274486984928286, 0.4910020920965576519, 0.4489999999999998992 ) ) ;
#6937 = FILL_AREA_STYLE ('',( #3114 ) ) ;
#6938 = ORIENTED_EDGE ( 'NONE', *, *, #2447, .T. ) ;
#6939 = EDGE_LOOP ( 'NONE', ( #1126, #1492 ) ) ;
#6940 = CARTESIAN_POINT ( 'NONE',  ( 0.8664617053579825035, 0.3721310834510781484, 0.4490000000000001767 ) ) ;
#6941 = CARTESIAN_POINT ( 'NONE',  ( 0.7177909531651798236, 0.3543342033635364374, 0.4500000000000000111 ) ) ;
#6942 = CARTESIAN_POINT ( 'NONE',  ( 0.6385087623275870206, 0.4303452590537065747, 0.4500000000000000666 ) ) ;
#6943 = STYLED_ITEM ( 'NONE', ( #6274 ), #1032 ) ;
#6944 = CARTESIAN_POINT ( 'NONE',  ( 0.4149119802611597185, 0.5768907617758560757, 0.4499999999999999556 ) ) ;
#6945 = CARTESIAN_POINT ( 'NONE',  ( 0.8818567377913242300, 0.2509424009896661922, 0.4500000000000001221 ) ) ;
#6946 = CARTESIAN_POINT ( 'NONE',  ( 0.3701929160589207957, 0.7160898182743561380, 0.4489999999999998992 ) ) ;
#6947 = ORIENTED_EDGE ( 'NONE', *, *, #2860, .F. ) ;
#6948 = VERTEX_POINT ( 'NONE', #1292 ) ;
#6949 = PRESENTATION_LAYER_ASSIGNMENT (  '', '', ( #3936 ) ) ;
#6950 = CARTESIAN_POINT ( 'NONE',  ( 0.8589264417421468290, 0.1535792072804661734, 0.4499999999999996780 ) ) ;
#6951 = CARTESIAN_POINT ( 'NONE',  ( 0.7856938417880572345, 0.4057525774297749965, 0.4489999999999999547 ) ) ;
#6952 = CARTESIAN_POINT ( 'NONE',  ( 0.7600000000000002309, 0.9499999999999999556, -0.005000000000000013115 ) ) ;
#6953 = CARTESIAN_POINT ( 'NONE',  ( 0.6677225688834884654, 0.2437350630495551118, 0.4490000000000640146 ) ) ;
#6954 = PRESENTATION_LAYER_ASSIGNMENT (  '', '', ( #1007 ) ) ;
#6955 = CARTESIAN_POINT ( 'NONE',  ( 0.7663868907844854084, 0.3661388260093618174, 0.4490000000000074487 ) ) ;
#6956 = EDGE_CURVE ( 'NONE', #6855, #6212, #4115, .T. ) ;
#6957 = CARTESIAN_POINT ( 'NONE',  ( 0.7518259030861340619, 0.2403879940964416539, 0.4500000000000000666 ) ) ;
#6958 = CARTESIAN_POINT ( 'NONE',  ( 0.3686430492488570465, 0.6913005286340613287, 0.4489999999999625957 ) ) ;
#6959 = DIRECTION ( 'NONE',  ( -0.0000000000000000000, -1.000000000000000000, -0.0000000000000000000 ) ) ;
#6960 = CARTESIAN_POINT ( 'NONE',  ( 0.5000482366124848754, 0.6391680694759709347, 0.4490000000000000102 ) ) ;
#6961 = CARTESIAN_POINT ( 'NONE',  ( 0.8495156539723812683, 0.3305919223065551527, 0.4489999999999998992 ) ) ;
#6962 = UNCERTAINTY_MEASURE_WITH_UNIT (LENGTH_MEASURE( 1.000000000000000082E-05 ), #1661, 'distance_accuracy_value', 'NONE');
#6963 = STYLED_ITEM ( 'NONE', ( #3472 ), #2403 ) ;
#6964 = CARTESIAN_POINT ( 'NONE',  ( 0.8692252463062026813, 0.2082370512933719997, 0.4500000000000002887 ) ) ;
#6965 = EDGE_CURVE ( 'NONE', #1798, #7018, #2460, .T. ) ;
#6966 = ORIENTED_EDGE ( 'NONE', *, *, #5159, .T. ) ;
#6967 = CARTESIAN_POINT ( 'NONE',  ( 0.7269495300550262717, 0.6388998309820500543, 0.4500000000000001221 ) ) ;
#6968 = COLOUR_RGB ( '',1.000000000000000000, 1.000000000000000000, 1.000000000000000000 ) ;
#6969 = CARTESIAN_POINT ( 'NONE',  ( 0.5970846551294843874, 0.4205515887139544828, 0.4490000000000000102 ) ) ;
#6970 =( NAMED_UNIT ( * ) SI_UNIT ( $, .STERADIAN. ) SOLID_ANGLE_UNIT ( ) );
#6971 = SURFACE_SIDE_STYLE ('',( #1419 ) ) ;
#6972 = VERTEX_POINT ( 'NONE', #3506 ) ;
#6973 = VERTEX_POINT ( 'NONE', #4046 ) ;
#6974 = CARTESIAN_POINT ( 'NONE',  ( 0.4045780452424467821, 0.6571675825870526566, 0.4494999999999866880 ) ) ;
#6975 = CARTESIAN_POINT ( 'NONE',  ( 0.4185174315939425571, 0.5631959780197450804, 0.4494999999999746421 ) ) ;
#6976 = CARTESIAN_POINT ( 'NONE',  ( 0.8831488889321758018, 0.2468838296208004379, 0.4500000000000000111 ) ) ;
#6977 =( LENGTH_UNIT ( ) NAMED_UNIT ( * ) SI_UNIT ( .MILLI., .METRE. ) );
#6978 = CARTESIAN_POINT ( 'NONE',  ( 0.6418107436705451363, 0.2870350113310099482, 0.4490000000000472502 ) ) ;
#6979 = ORIENTED_EDGE ( 'NONE', *, *, #1916, .T. ) ;
#6980 = CARTESIAN_POINT ( 'NONE',  ( 0.9316068859921168288, 0.2378439235836211918, 0.4489999999999999547 ) ) ;
#6981 = PRESENTATION_STYLE_ASSIGNMENT (( #6548 ) ) ;
#6982 = CARTESIAN_POINT ( 'NONE',  ( 0.6100679570239646576, 0.3700845530095455693, 0.4499999999999985678 ) ) ;
#6983 = LINE ( 'NONE', #4821, #1054 ) ;
#6984 = SURFACE_SIDE_STYLE ('',( #407 ) ) ;
#6985 =( LENGTH_UNIT ( ) NAMED_UNIT ( * ) SI_UNIT ( .MILLI., .METRE. ) );
#6986 = SURFACE_STYLE_USAGE ( .BOTH. , #1507 ) ;
#6987 = CARTESIAN_POINT ( 'NONE',  ( 0.4045780452424467821, 0.6571675825870526566, 0.4494999999999866880 ) ) ;
#6988 = CARTESIAN_POINT ( 'NONE',  ( 0.3733229210947570098, 0.6859634688306001093, 0.4489999999999998437 ) ) ;
#6989 = STYLED_ITEM ( 'NONE', ( #333 ), #6859 ) ;
#6990 = CARTESIAN_POINT ( 'NONE',  ( 0.7518259030861340619, 0.2403879940964416539, 0.4489999999999730873 ) ) ;
#6991 =( NAMED_UNIT ( * ) SI_UNIT ( $, .STERADIAN. ) SOLID_ANGLE_UNIT ( ) );
#6992 = EDGE_CURVE ( 'NONE', #2928, #6729, #4093, .T. ) ;
#6993 =( NAMED_UNIT ( * ) SI_UNIT ( $, .STERADIAN. ) SOLID_ANGLE_UNIT ( ) );
#6994 = CARTESIAN_POINT ( 'NONE',  ( 0.6037290529188498178, 0.3591911867706752970, 0.4489999999999999547 ) ) ;
#6995 = CARTESIAN_POINT ( 'NONE',  ( 0.5492171668513514682, 0.6080802833161661480, 0.4489999999999997882 ) ) ;
#6996 = STYLED_ITEM ( 'NONE', ( #2819 ), #4761 ) ;
#6997 = ORIENTED_EDGE ( 'NONE', *, *, #5606, .T. ) ;
#6998 = CARTESIAN_POINT ( 'NONE',  ( 0.7271979871494980152, 0.6295538172291467172, 0.4500000000000000666 ) ) ;
#6999 = EDGE_CURVE ( 'NONE', #5712, #573, #5725, .T. ) ;
#7000 =( NAMED_UNIT ( * ) SI_UNIT ( $, .STERADIAN. ) SOLID_ANGLE_UNIT ( ) );
#7001 = MECHANICAL_DESIGN_GEOMETRIC_PRESENTATION_REPRESENTATION (  '', ( #4582 ), #3992 ) ;
#7002 = LINE ( 'NONE', #3858, #1072 ) ;
#7003 = CARTESIAN_POINT ( 'NONE',  ( 0.7724363333729722392, 0.6011072206399181717, 0.4490000000000000102 ) ) ;
#7004 = CARTESIAN_POINT ( 'NONE',  ( 0.7178605735394290033, 0.3489865440846074418, 0.4490000000000000102 ) ) ;
#7005 = EDGE_LOOP ( 'NONE', ( #3961, #720, #5898, #4750 ) ) ;
#7006 = VERTEX_POINT ( 'NONE', #1220 ) ;
#7007 = CARTESIAN_POINT ( 'NONE',  ( 0.3766768148669047966, 0.6825324509916597115, 0.4490000000000000102 ) ) ;
#7008 = AXIS2_PLACEMENT_3D ( 'NONE', #5110, #6186, #5142 ) ;
#7009 = CARTESIAN_POINT ( 'NONE',  ( 0.8592596316417661084, 0.3790277639116239605, 0.4489999999999998437 ) ) ;
#7010 = CARTESIAN_POINT ( 'NONE',  ( 0.3893039230481275537, 0.7686746356585583140, 0.4499999999999992895 ) ) ;
#7011 = PRESENTATION_LAYER_ASSIGNMENT (  '', '', ( #1764 ) ) ;
#7012 = SURFACE_STYLE_FILL_AREA ( #6833 ) ;
#7013 = CARTESIAN_POINT ( 'NONE',  ( 0.4100477107691551937, 0.5837595703951855564, 0.4490000000000000657 ) ) ;
#7014 = UNCERTAINTY_MEASURE_WITH_UNIT (LENGTH_MEASURE( 1.000000000000000082E-05 ), #3757, 'distance_accuracy_value', 'NONE');
#7015 = CARTESIAN_POINT ( 'NONE',  ( 0.8271208896095069152, 0.2809350592521072110, 0.4489999999999998992 ) ) ;
#7016 =( GEOMETRIC_REPRESENTATION_CONTEXT ( 3 ) GLOBAL_UNCERTAINTY_ASSIGNED_CONTEXT ( ( #3831 ) ) GLOBAL_UNIT_ASSIGNED_CONTEXT ( ( #1759, #4776, #430 ) ) REPRESENTATION_CONTEXT ( 'NONE', 'WORKASPACE' ) );
#7017 = FILL_AREA_STYLE ('',( #5907 ) ) ;
#7018 = VERTEX_POINT ( 'NONE', #2974 ) ;
#7019 = COLOUR_RGB ( '',1.000000000000000000, 1.000000000000000000, 0.7254901960784313486 ) ;
#7020 = CARTESIAN_POINT ( 'NONE',  ( 0.8991920881423440814, 0.1711191824343847034, 0.4499999999999997335 ) ) ;
#7021 = CARTESIAN_POINT ( 'NONE',  ( 0.6583089891651693337, 0.3097133355415008227, 0.4500000000000000111 ) ) ;
#7022 = CARTESIAN_POINT ( 'NONE',  ( 0.8118845584138906224, 0.4243095027007950382, 0.4490000000000001212 ) ) ;
#7023 = CARTESIAN_POINT ( 'NONE',  ( 0.8991920881423440814, 0.1711191824343847034, 0.4499999999999946820 ) ) ;
#7024 = DIRECTION ( 'NONE',  ( -2.817178834852666069E-17, -0.1104315260748466032, -0.9938837346736189016 ) ) ;
#7025 = STYLED_ITEM ( 'NONE', ( #1428 ), #3951 ) ;
#7026 = CARTESIAN_POINT ( 'NONE',  ( 0.7780771700586379680, 0.3962910080127788892, 0.4490000000000072822 ) ) ;
#7027 = CARTESIAN_POINT ( 'NONE',  ( 0.6724098249795475990, 0.5445605382225171542, 0.4499999999999995670 ) ) ;
#7028 = CARTESIAN_POINT ( 'NONE',  ( 0.7541592481338641463, 0.2211535340597851063, 0.4500000000000007327 ) ) ;
#7029 = CARTESIAN_POINT ( 'NONE',  ( 0.3490165176760305910, 0.4981817476242150211, 0.4499999999999996780 ) ) ;
#7030 = CARTESIAN_POINT ( 'NONE',  ( 0.5608742633717238579, 0.7453530439272939567, 0.4490000000000000657 ) ) ;
#7031 = UNCERTAINTY_MEASURE_WITH_UNIT (LENGTH_MEASURE( 1.000000000000000082E-05 ), #3277, 'distance_accuracy_value', 'NONE');
#7032 = CARTESIAN_POINT ( 'NONE',  ( 0.6185099852934374809, 0.3779176004410791379, 0.4499999999999999001 ) ) ;
#7033 = CARTESIAN_POINT ( 'NONE',  ( 0.6232443392506640256, 0.2664117153838349017, 0.4490000000000478053 ) ) ;
#7034 =( GEOMETRIC_REPRESENTATION_CONTEXT ( 3 ) GLOBAL_UNCERTAINTY_ASSIGNED_CONTEXT ( ( #2436 ) ) GLOBAL_UNIT_ASSIGNED_CONTEXT ( ( #3066, #4654, #3105 ) ) REPRESENTATION_CONTEXT ( 'NONE', 'WORKASPACE' ) );
#7035 = EDGE_LOOP ( 'NONE', ( #2490, #343, #5582 ) ) ;
#7036 =( NAMED_UNIT ( * ) PLANE_ANGLE_UNIT ( ) SI_UNIT ( $, .RADIAN. ) );
#7037 = CARTESIAN_POINT ( 'NONE',  ( 0.6232443392506640256, 0.2664117153838349017, 0.4500000000000000666 ) ) ;
#7038 = EDGE_CURVE ( 'NONE', #5889, #5258, #5763, .T. ) ;
#7039 = CARTESIAN_POINT ( 'NONE',  ( 0.7746873033888143079, 0.6289177996009415184, 0.4500000000000000666 ) ) ;
#7040 = CARTESIAN_POINT ( 'NONE',  ( 0.9098027582634253818, 0.3933794148620262110, 0.4490000000000086700 ) ) ;
#7041 = ORIENTED_EDGE ( 'NONE', *, *, #4526, .F. ) ;
#7042 = EDGE_LOOP ( 'NONE', ( #2679, #736, #603, #6754 ) ) ;
#7043 = PRESENTATION_LAYER_ASSIGNMENT (  '', '', ( #1224 ) ) ;
#7044 = EDGE_CURVE ( 'NONE', #629, #721, #2936, .T. ) ;
#7045 = CARTESIAN_POINT ( 'NONE',  ( 0.8763431035552327053, 0.1582392343312819805, 0.4489999999999995106 ) ) ;
#7046 = CARTESIAN_POINT ( 'NONE',  ( 0.4185976617007490241, 0.4958408277401174513, 0.4489999999999999547 ) ) ;
#7047 = CARTESIAN_POINT ( 'NONE',  ( 0.3955140905922453487, 0.7684474544987284217, 0.4499999999999991229 ) ) ;
#7048 = DIRECTION ( 'NONE',  ( 0.0000000000000000000, 0.0000000000000000000, -1.000000000000000000 ) ) ;
#7049 = CARTESIAN_POINT ( 'NONE',  ( 0.01000000000000020491, 0.7910495720687362731, 0.4399999999999999467 ) ) ;
#7050 = MECHANICAL_DESIGN_GEOMETRIC_PRESENTATION_REPRESENTATION (  '', ( #6134 ), #6815 ) ;
#7051 = CARTESIAN_POINT ( 'NONE',  ( 0.7179049629151939005, 0.3510020599351168502, 0.4495000000000000107 ) ) ;
#7052 = CARTESIAN_POINT ( 'NONE',  ( 0.8978943593030291881, 0.3156593899349411370, 0.4489999999999995661 ) ) ;
#7053 = CARTESIAN_POINT ( 'NONE',  ( 0.3841492347146543418, 0.7212464996813249263, 0.4500000000000001776 ) ) ;
#7054 = ORIENTED_EDGE ( 'NONE', *, *, #3767, .T. ) ;
#7055 = EDGE_CURVE ( 'NONE', #1845, #4180, #1808, .T. ) ;
#7056 = PRESENTATION_LAYER_ASSIGNMENT (  '', '', ( #3103 ) ) ;
#7057 = CARTESIAN_POINT ( 'NONE',  ( 0.7979407045173340096, 0.4165870977184409352, 0.4490000000000001212 ) ) ;
#7058 = CARTESIAN_POINT ( 'NONE',  ( 0.5992612315074493656, 0.3371531697785393744, 0.4499999999999985678 ) ) ;
#7059 = CARTESIAN_POINT ( 'NONE',  ( 0.7109346289365127136, 0.3131002117645452776, 0.4490000000000641811 ) ) ;
#7060 = SURFACE_SIDE_STYLE ('',( #4862 ) ) ;
#7061 = VECTOR ( 'NONE', #5761, 1000.000000000000000 ) ;
#7062 = CARTESIAN_POINT ( 'NONE',  ( 0.7780771700586379680, 0.3962910080127788337, 0.4489999999999998437 ) ) ;
#7063 = FILL_AREA_STYLE_COLOUR ( '', #2040 ) ;
#7064 = PLANE ( 'NONE',  #2885 ) ;
#7065 = CARTESIAN_POINT ( 'NONE',  ( 0.3530131692988296432, 0.7611468703264794300, 0.4489999999999999547 ) ) ;
#7066 = CARTESIAN_POINT ( 'NONE',  ( 0.7520740946920952963, 0.2370785646264057522, 0.4500000000000006772 ) ) ;
#7067 = FILL_AREA_STYLE ('',( #3735 ) ) ;
#7068 = SURFACE_STYLE_FILL_AREA ( #4793 ) ;
#7069 = MECHANICAL_DESIGN_GEOMETRIC_PRESENTATION_REPRESENTATION (  '', ( #6147 ), #448 ) ;
#7070 =( NAMED_UNIT ( * ) PLANE_ANGLE_UNIT ( ) SI_UNIT ( $, .RADIAN. ) );
#7071 = CARTESIAN_POINT ( 'NONE',  ( 0.6009609090461859315, 0.3504771685080497190, 0.4500000000000000666 ) ) ;
#7072 = CARTESIAN_POINT ( 'NONE',  ( 0.5517528103001877460, 0.5982884212072959729, 0.4499999999999999556 ) ) ;
#7073 = ORIENTED_EDGE ( 'NONE', *, *, #3271, .T. ) ;
#7074 = ORIENTED_EDGE ( 'NONE', *, *, #3457, .F. ) ;
#7075 = STYLED_ITEM ( 'NONE', ( #3739 ), #2279 ) ;
#7076 = FACE_OUTER_BOUND ( 'NONE', #2846, .T. ) ;
#7077 =( LENGTH_UNIT ( ) NAMED_UNIT ( * ) SI_UNIT ( .MILLI., .METRE. ) );
#7078 = CARTESIAN_POINT ( 'NONE',  ( 0.9179847627897882445, 0.3632848378137091827, 0.4490000000000088920 ) ) ;
#7079 = ORIENTED_EDGE ( 'NONE', *, *, #4567, .T. ) ;
#7080 = CARTESIAN_POINT ( 'NONE',  ( 0.3656138721646202128, 0.7104391305741044604, 0.4489999999999998437 ) ) ;
#7081 = ORIENTED_EDGE ( 'NONE', *, *, #3537, .T. ) ;
#7082 =( GEOMETRIC_REPRESENTATION_CONTEXT ( 3 ) GLOBAL_UNCERTAINTY_ASSIGNED_CONTEXT ( ( #2713 ) ) GLOBAL_UNIT_ASSIGNED_CONTEXT ( ( #2869, #4043, #5657 ) ) REPRESENTATION_CONTEXT ( 'NONE', 'WORKASPACE' ) );
#7083 = CARTESIAN_POINT ( 'NONE',  ( 0.01000000000000003837, 0.05895042793126382269, 0.4399999999999999467 ) ) ;
#7084 = CARTESIAN_POINT ( 'NONE',  ( 0.8688828426401395966, 0.3678417282258457655, 0.4500000000000000111 ) ) ;
#7085 = CARTESIAN_POINT ( 'NONE',  ( 0.5489163453945822280, 0.6482664026142810343, 0.4490000000000005653 ) ) ;
#7086 = SURFACE_STYLE_USAGE ( .BOTH. , #6539 ) ;
#7087 = ADVANCED_FACE ( 'NONE', ( #5257 ), #4710, .T. ) ;
#7088 = SURFACE_SIDE_STYLE ('',( #3718 ) ) ;
#7089 = EDGE_CURVE ( 'NONE', #5190, #5080, #6302, .T. ) ;
#7090 = SURFACE_STYLE_FILL_AREA ( #7017 ) ;
#7091 = CARTESIAN_POINT ( 'NONE',  ( 0.3770903931702644374, 0.7201299755266590275, 0.4489999999999998992 ) ) ;
#7092 = ORIENTED_EDGE ( 'NONE', *, *, #6965, .T. ) ;
#7093 = EDGE_LOOP ( 'NONE', ( #123, #1611, #1527 ) ) ;
#7094 = LINE ( 'NONE', #2098, #5864 ) ;
#7095 = CARTESIAN_POINT ( 'NONE',  ( 0.09000000000000023259, 0.0000000000000000000, 0.0000000000000000000 ) ) ;
#7096 = CARTESIAN_POINT ( 'NONE',  ( 0.8412700742750051086, 0.4302833354288071455, 0.4500000000000000666 ) ) ;
#7097 = B_SPLINE_CURVE_WITH_KNOTS ( 'NONE', 3,
 ( #1219, #3536, #5694, #1807, #3387, #5762, #2973, #5220, #4497, #3940, #5622 ),
 .UNSPECIFIED., .F., .F.,
 ( 4, 1, 1, 1, 1, 1, 1, 1, 4 ),
 ( 0.0000000000000000000, 5.708534924624213849E-06, 1.103780166901206051E-05, 1.608192968718720353E-05, 2.115877853072104062E-05, 2.613880939652192913E-05, 3.094972135191948598E-05, 3.588263909294611215E-05, 4.106542794896314596E-05 ),
 .UNSPECIFIED. ) ;
#7098 = CARTESIAN_POINT ( 'NONE',  ( 0.6978940813726478565, 0.2851377157620917924, 0.4490000000000641256 ) ) ;
#7099 = EDGE_CURVE ( 'NONE', #2241, #1679, #2905, .T. ) ;
#7100 = SURFACE_STYLE_USAGE ( .BOTH. , #4756 ) ;
#7101 = DIRECTION ( 'NONE',  ( -1.000000000000000000, 0.0000000000000000000, 0.0000000000000000000 ) ) ;
#7102 =( NAMED_UNIT ( * ) SI_UNIT ( $, .STERADIAN. ) SOLID_ANGLE_UNIT ( ) );
#7103 = CARTESIAN_POINT ( 'NONE',  ( 0.6347785110082798665, 0.7687479199565052657, 0.4500000000000001221 ) ) ;
#7104 = CARTESIAN_POINT ( 'NONE',  ( 0.3547475103000922725, 0.4958576717419488911, 0.4499999999999996780 ) ) ;
#7105 = CARTESIAN_POINT ( 'NONE',  ( 0.6347785110082798665, 0.7687479199565052657, 0.4500000000000000666 ) ) ;
#7106 = UNCERTAINTY_MEASURE_WITH_UNIT (LENGTH_MEASURE( 1.000000000000000082E-05 ), #2940, 'distance_accuracy_value', 'NONE');
#7107 = CARTESIAN_POINT ( 'NONE',  ( 0.6000832846895902684, 0.3456891196253094045, 0.4499999999999999001 ) ) ;
#7108 = CARTESIAN_POINT ( 'NONE',  ( 0.5731691362370735510, 0.6953865033956346808, 0.4499999999999999001 ) ) ;
#7109 = EDGE_LOOP ( 'NONE', ( #6979, #3155, #4036, #5711 ) ) ;
#7110 = MECHANICAL_DESIGN_GEOMETRIC_PRESENTATION_REPRESENTATION (  '', ( #6882 ), #2696 ) ;
#7111 = CARTESIAN_POINT ( 'NONE',  ( 0.4223186534603831643, 0.6417296207077182180, 0.4490000000000000657 ) ) ;
#7112 = CARTESIAN_POINT ( 'NONE',  ( 0.9061061006282998820, 0.3991328626693183002, 0.4499999999999999556 ) ) ;
#7113 = CARTESIAN_POINT ( 'NONE',  ( 0.8517598644239526839, 0.4301657104080245930, 0.4490000000000088365 ) ) ;
#7114 = LINE ( 'NONE', #1020, #5157 ) ;
#7115 = ORIENTED_EDGE ( 'NONE', *, *, #1644, .F. ) ;
#7116 =( LENGTH_UNIT ( ) NAMED_UNIT ( * ) SI_UNIT ( .MILLI., .METRE. ) );
#7117 = PRODUCT ( '7095E2CA-307A-46B5-9DE8-1FEC977057C4', '7095E2CA-307A-46B5-9DE8-1FEC977057C4', '', ( #2372 ) ) ;
#7118 = CARTESIAN_POINT ( 'NONE',  ( 0.3031862350127459416, 0.5469775285005141763, 0.4500000000000000666 ) ) ;
#7119 = SURFACE_SIDE_STYLE ('',( #4933 ) ) ;
#7120 = MECHANICAL_DESIGN_GEOMETRIC_PRESENTATION_REPRESENTATION (  '', ( #5751 ), #1408 ) ;
#7121 = EDGE_LOOP ( 'NONE', ( #4378, #3963, #2340, #2597 ) ) ;
#7122 = CARTESIAN_POINT ( 'NONE',  ( 0.8882252367463925324, 0.3036909240068918492, 0.4499999999999989009 ) ) ;
#7123 = FACE_OUTER_BOUND ( 'NONE', #1902, .T. ) ;
#7124 = EDGE_CURVE ( 'NONE', #1791, #522, #6345, .T. ) ;
#7125 = PRESENTATION_STYLE_ASSIGNMENT (( #3871 ) ) ;
#7126 = PRESENTATION_LAYER_ASSIGNMENT (  '', '', ( #5978 ) ) ;
#7127 = DIRECTION ( 'NONE',  ( -0.0000000000000000000, -0.1104315260748466032, -0.9938837346736190126 ) ) ;
#7128 = STYLED_ITEM ( 'NONE', ( #4754 ), #6295 ) ;
#7129 =( NAMED_UNIT ( * ) SI_UNIT ( $, .STERADIAN. ) SOLID_ANGLE_UNIT ( ) );
#7130 =( NAMED_UNIT ( * ) PLANE_ANGLE_UNIT ( ) SI_UNIT ( $, .RADIAN. ) );
#7131 = MECHANICAL_DESIGN_GEOMETRIC_PRESENTATION_REPRESENTATION (  '', ( #1658 ), #4005 ) ;
#7132 = EDGE_CURVE ( 'NONE', #5281, #5147, #7114, .T. ) ;
#7133 = CARTESIAN_POINT ( 'NONE',  ( 0.8196677834280142738, 0.3251903445237920853, 0.4494999999999965135 ) ) ;
#7134 = CARTESIAN_POINT ( 'NONE',  ( 0.5138831173700151300, 0.6916335457600425451, 0.4500000000000001776 ) ) ;
#7135 =( GEOMETRIC_REPRESENTATION_CONTEXT ( 3 ) GLOBAL_UNCERTAINTY_ASSIGNED_CONTEXT ( ( #1933 ) ) GLOBAL_UNIT_ASSIGNED_CONTEXT ( ( #5853, #6931, #4619 ) ) REPRESENTATION_CONTEXT ( 'NONE', 'WORKASPACE' ) );
#7136 = CARTESIAN_POINT ( 'NONE',  ( 0.6700341166346834854, 0.4248126023884322700, 0.4490000000000084479 ) ) ;
#7137 = CARTESIAN_POINT ( 'NONE',  ( 0.6300380555541250649, 0.5383039527783713973, 0.4489999999999998992 ) ) ;
#7138 = SURFACE_SIDE_STYLE ('',( #3186 ) ) ;
#7139 = CARTESIAN_POINT ( 'NONE',  ( 0.3167546110811221283, 0.7016888165614115769, 0.4489999999999652047 ) ) ;
#7140 = CARTESIAN_POINT ( 'NONE',  ( 0.5722409547152408349, 0.5650236739246543571, 0.4490000000000002323 ) ) ;
#7141 = CARTESIAN_POINT ( 'NONE',  ( 0.8013455524092238935, 0.2307904178517286020, 0.4499999999999995670 ) ) ;
#7142 = CARTESIAN_POINT ( 'NONE',  ( 0.01000000000000024307, 0.8400611626532639153, -0.001104315260748466032 ) ) ;
#7143 = PRESENTATION_STYLE_ASSIGNMENT (( #1016 ) ) ;
#7144 = B_SPLINE_CURVE_WITH_KNOTS ( 'NONE', 3,
 ( #2720, #2681, #4424, #1691, #4492, #6123, #5517, #4345, #2647, #30, #5004 ),
 .UNSPECIFIED., .F., .F.,
 ( 4, 1, 1, 1, 1, 1, 1, 1, 4 ),
 ( 0.0000000000000000000, 8.331006819765620172E-06, 1.641953889580070473E-05, 2.438406583731351536E-05, 3.233461634440050383E-05, 4.029083115036770319E-05, 4.842466387293998815E-05, 5.673180950431059861E-05, 6.538899530671434348E-05 ),
 .UNSPECIFIED. ) ;
#7145 = CARTESIAN_POINT ( 'NONE',  ( 0.5849995436459158871, 0.7583593316718039157, 0.4490000000000066716 ) ) ;
#7146 = SURFACE_STYLE_USAGE ( .BOTH. , #6108 ) ;
#7147 = CARTESIAN_POINT ( 'NONE',  ( 1.245857864376269220, 0.04960308924011202353, 0.4464278031610111608 ) ) ;
#7148 = VERTEX_POINT ( 'NONE', #7184 ) ;
#7149 = CARTESIAN_POINT ( 'NONE',  ( 0.7271979871494980152, 0.6295538172291467172, 0.4489999999999999547 ) ) ;
#7150 = CARTESIAN_POINT ( 'NONE',  ( 0.4149119802611597185, 0.5768907617758560757, 0.4499999999999994005 ) ) ;
#7151 = CARTESIAN_POINT ( 'NONE',  ( 0.8542939059135163937, 0.3330209362220513114, 0.4489999999999997882 ) ) ;
#7152 = DIRECTION ( 'NONE',  ( -0.9039630992093482531, 0.4276104714197607182, 0.0000000000000000000 ) ) ;
#7153 = VECTOR ( 'NONE', #810, 1000.000000000000000 ) ;
#7154 = B_SPLINE_SURFACE_WITH_KNOTS ( 'NONE', 3, 1, ( 
 ( #6911, #2903 ),
 ( #142, #2347 ),
 ( #4600, #6797 ),
 ( #1431, #6976 ),
 ( #854, #6945 ),
 ( #891, #1598 ),
 ( #3162, #4443 ),
 ( #3047, #6406 ),
 ( #2059, #4406 ),
 ( #5833, #2194 ),
 ( #5398, #3122 ),
 ( #1952, #2496 ),
 ( #1355, #814 ),
 ( #1985, #1388 ),
 ( #6603, #1053 ),
 ( #3856, #6067 ),
 ( #7015, #2021 ),
 ( #5364, #3083 ),
 ( #3604, #3677 ) ),
 .UNSPECIFIED., .F., .F., .F.,
 ( 4, 1, 1, 1, 1, 1, 1, 1, 1, 1, 1, 1, 1, 1, 1, 1, 4 ),
 ( 2, 2 ),
 ( 0.0000000000000000000, 0.05061342041271676279, 0.1007597227549728858, 0.1492748125078584842, 0.1988884379588267137, 0.2493064970530075031, 0.3023226859423756574, 0.3572206482518700543, 0.4154373215830228783, 0.4764429313671185717, 0.5398286479827852924, 0.6061838488371151801, 0.6759412007935891031, 0.7497824080738356711, 0.8282876884211454183, 0.9118449242474474525, 1.000000000000000000 ),
 ( 0.0000000000000000000, 1.000000000000000000 ),
 .UNSPECIFIED. ) ;
#7155 = VECTOR ( 'NONE', #4481, 1000.000000000000000 ) ;
#7156 = CARTESIAN_POINT ( 'NONE',  ( 0.3893039230481275537, 0.7686746356585583140, 0.4500000000000001776 ) ) ;
#7157 = UNCERTAINTY_MEASURE_WITH_UNIT (LENGTH_MEASURE( 1.000000000000000082E-05 ), #1267, 'distance_accuracy_value', 'NONE');
#7158 = COLOUR_RGB ( '',1.000000000000000000, 1.000000000000000000, 0.7254901960784313486 ) ;
#7159 = CARTESIAN_POINT ( 'NONE',  ( 0.6618073053941400108, 0.3158878296151961806, 0.4490000000000474167 ) ) ;
#7160 = ORIENTED_EDGE ( 'NONE', *, *, #5997, .F. ) ;
#7161 = CARTESIAN_POINT ( 'NONE',  ( 0.9186855998102992915, 0.2802901583740102232, 0.4499999999999988454 ) ) ;
#7162 = DIRECTION ( 'NONE',  ( 1.000000000000000000, -2.551063935260010491E-16, 0.0000000000000000000 ) ) ;
#7163 = COLOUR_RGB ( '',0.5607843137254902022, 0.5607843137254902022, 0.5607843137254902022 ) ;
#7164 = CARTESIAN_POINT ( 'NONE',  ( 0.9180385099237406976, 0.3609663361103305212, 0.4500000000000001221 ) ) ;
#7165 = CARTESIAN_POINT ( 'NONE',  ( 0.3171729706529584081, 0.6920046022186432388, 0.4489999999999992331 ) ) ;
#7166 =( LENGTH_UNIT ( ) NAMED_UNIT ( * ) SI_UNIT ( .MILLI., .METRE. ) );
#7167 = CARTESIAN_POINT ( 'NONE',  ( 0.4598389461743770390, 0.5970584276361374787, 0.4489999999999999547 ) ) ;
#7168 =( GEOMETRIC_REPRESENTATION_CONTEXT ( 3 ) GLOBAL_UNCERTAINTY_ASSIGNED_CONTEXT ( ( #4042 ) ) GLOBAL_UNIT_ASSIGNED_CONTEXT ( ( #4019, #4681, #793 ) ) REPRESENTATION_CONTEXT ( 'NONE', 'WORKASPACE' ) );
#7169 = SURFACE_STYLE_USAGE ( .BOTH. , #2344 ) ;
#7170 = ADVANCED_FACE ( 'NONE', ( #3639 ), #4375, .T. ) ;
#7171 = CARTESIAN_POINT ( 'NONE',  ( 0.7179049629151939005, 0.3510020599351168502, 0.4490000000000236025 ) ) ;
#7172 = CARTESIAN_POINT ( 'NONE',  ( 0.7518259030861340619, 0.2403879940964416539, 0.4489999999999999547 ) ) ;
#7173 = CARTESIAN_POINT ( 'NONE',  ( 0.8064186198209102319, 0.2187111709731531239, 0.4499999999999997335 ) ) ;
#7174 = EDGE_CURVE ( 'NONE', #5223, #385, #4185, .T. ) ;
#7175 = CARTESIAN_POINT ( 'NONE',  ( 0.8748364285920483541, 0.2620773179842212364, 0.4500000000000000111 ) ) ;
#7176 = VERTEX_POINT ( 'NONE', #1528 ) ;
#7177 = CARTESIAN_POINT ( 'NONE',  ( 0.7179049629151939005, 0.3510020599351168502, 0.4500000000000000111 ) ) ;
#7178 = CARTESIAN_POINT ( 'NONE',  ( 0.6401730467978860029, 0.7212133370895610351, 0.4490000000000003433 ) ) ;
#7179 = STYLED_ITEM ( 'NONE', ( #4962 ), #1563 ) ;
#7180 = CARTESIAN_POINT ( 'NONE',  ( 0.4098105236799790552, 0.5455499390546274530, 0.4489999999999999547 ) ) ;
#7181 = EDGE_CURVE ( 'NONE', #4952, #6763, #2702, .T. ) ;
#7182 = CARTESIAN_POINT ( 'NONE',  ( 0.4380422834920877362, 0.6272597781607480716, 0.4489999999999999547 ) ) ;
#7183 = FILL_AREA_STYLE_COLOUR ( '', #3121 ) ;
#7184 = CARTESIAN_POINT ( 'NONE',  ( 0.7212970569322878500, 0.2030749599084074597, 0.4500000000000000666 ) ) ;
#7185 = EDGE_LOOP ( 'NONE', ( #1958, #2315, #2606, #5934 ) ) ;
#7186 = CARTESIAN_POINT ( 'NONE',  ( 0.6643003625477962304, 0.5416963547556772340, 0.4500000000000000111 ) ) ;
#7187 = CARTESIAN_POINT ( 'NONE',  ( 0.3167546110811221283, 0.7016888165614115769, 0.4500000000000000666 ) ) ;
#7188 = DIRECTION ( 'NONE',  ( 0.0000000000000000000, -0.0000000000000000000, 1.000000000000000000 ) ) ;
#7189 = AXIS2_PLACEMENT_3D ( 'NONE', #345, #4955, #2665 ) ;
#7190 = CARTESIAN_POINT ( 'NONE',  ( 0.4310490145295887698, 0.7542363321368911189, 0.4489999999999999547 ) ) ;
#7191 = CARTESIAN_POINT ( 'NONE',  ( 0.3107397054048466334, 0.5334028934129164679, 0.4500000000000001221 ) ) ;
#7192 = CARTESIAN_POINT ( 'NONE',  ( 0.3841492347146543418, 0.7212464996813249263, 0.4490000000000000102 ) ) ;
#7193 = ORIENTED_EDGE ( 'NONE', *, *, #5482, .F. ) ;
#7194 = ORIENTED_EDGE ( 'NONE', *, *, #1259, .T. ) ;
#7195 = CARTESIAN_POINT ( 'NONE',  ( 0.9216826693339206233, 0.2756804445583339036, 0.4499999999999991229 ) ) ;
ENDSEC;
END-ISO-10303-21;
