ISO-10303-21;
HEADER;
FILE_DESCRIPTION (( 'STEP AP214' ),
    '1' );
FILE_NAME ('ST25DV64KC-JF6D3.STEP',
    '2024-04-08T12:29:18',
    ( 'Tashadra' ),
    ( '' ),
    'SwSTEP 2.0',
    'SolidWorks 2016',
    '' );
FILE_SCHEMA (( 'AUTOMOTIVE_DESIGN' ));
ENDSEC;

DATA;
#1 = DIRECTION ( 'NONE',  ( -0.0000000000000000000, -1.000000000000000000, -0.0000000000000000000 ) ) ;
#2 = AXIS2_PLACEMENT_3D ( 'NONE', #5574, #3601, #590 ) ;
#3 = MECHANICAL_DESIGN_GEOMETRIC_PRESENTATION_REPRESENTATION (  '', ( #5498 ), #354 ) ;
#4 = COLOUR_RGB ( '',0.7529411764705882200, 0.7529411764705882200, 0.7529411764705882200 ) ;
#5 = CARTESIAN_POINT ( 'NONE',  ( 0.0000000000000000000, 0.0000000000000000000, -1.399999999999999700 ) ) ;
#6 = ORIENTED_EDGE ( 'NONE', *, *, #5475, .T. ) ;
#7 =( NAMED_UNIT ( * ) PLANE_ANGLE_UNIT ( ) SI_UNIT ( $, .RADIAN. ) );
#8 = EDGE_LOOP ( 'NONE', ( #2283, #2434, #4985, #4552 ) ) ;
#9 = STYLED_ITEM ( 'NONE', ( #4281 ), #6272 ) ;
#10 = ADVANCED_FACE ( 'NONE', ( #4633 ), #1159, .F. ) ;
#11 = CARTESIAN_POINT ( 'NONE',  ( -0.6249999999999997800, 0.02000000000000000000, 1.350000000000003400 ) ) ;
#12 = DIRECTION ( 'NONE',  ( 0.7071067811865465700, 0.0000000000000000000, -0.7071067811865485700 ) ) ;
#13 = CARTESIAN_POINT ( 'NONE',  ( 0.0000000000000000000, 0.02000000000000000000, -1.099999999999999900 ) ) ;
#14 = FILL_AREA_STYLE ('',( #2043 ) ) ;
#15 = LINE ( 'NONE', #3530, #511 ) ;
#16 = CARTESIAN_POINT ( 'NONE',  ( 0.1250000000000005600, 0.02000000000000000000, 1.150000000000000600 ) ) ;
#17 = MANIFOLD_SOLID_BREP ( 'Boss-Extrude2[5]', #3468 ) ;
#18 =( LENGTH_UNIT ( ) NAMED_UNIT ( * ) SI_UNIT ( .MILLI., .METRE. ) );
#19 = DIRECTION ( 'NONE',  ( 0.0000000000000000000, 0.0000000000000000000, -1.000000000000000000 ) ) ;
#20 = EDGE_CURVE ( 'NONE', #787, #5829, #2868, .T. ) ;
#21 = EDGE_LOOP ( 'NONE', ( #4766, #891, #5142, #799 ) ) ;
#22 = UNCERTAINTY_MEASURE_WITH_UNIT (LENGTH_MEASURE( 1.000000000000000100E-005 ), #945, 'distance_accuracy_value', 'NONE');
#23 = SURFACE_STYLE_USAGE ( .BOTH. , #5783 ) ;
#24 = DIRECTION ( 'NONE',  ( -0.0000000000000000000, -1.000000000000000000, -0.0000000000000000000 ) ) ;
#25 = AXIS2_PLACEMENT_3D ( 'NONE', #3324, #285, #3817 ) ;
#26 = SURFACE_STYLE_USAGE ( .BOTH. , #2582 ) ;
#27 = MECHANICAL_DESIGN_GEOMETRIC_PRESENTATION_REPRESENTATION (  '', ( #5844 ), #374 ) ;
#28 = ORIENTED_EDGE ( 'NONE', *, *, #1279, .F. ) ;
#29 = ADVANCED_FACE ( 'NONE', ( #168 ), #3110, .T. ) ;
#30 = EDGE_CURVE ( 'NONE', #1912, #6071, #1904, .T. ) ;
#31 = CARTESIAN_POINT ( 'NONE',  ( -1.500000000000000200, 0.5500000000000000400, -1.500000000000000000 ) ) ;
#32 = CARTESIAN_POINT ( 'NONE',  ( -1.374999999999999800, 0.0000000000000000000, 0.0000000000000000000 ) ) ;
#33 = DIRECTION ( 'NONE',  ( 1.000000000000000000, -0.0000000000000000000, 0.0000000000000000000 ) ) ;
#34 = AXIS2_PLACEMENT_3D ( 'NONE', #275, #4727, #3803 ) ;
#35 = CARTESIAN_POINT ( 'NONE',  ( 0.3249999999999992300, 0.02000000000000000000, -1.399999999999999900 ) ) ;
#36 = CARTESIAN_POINT ( 'NONE',  ( -0.3249999999999996800, 0.0000000000000000000, 1.150000000000000100 ) ) ;
#37 = PLANE ( 'NONE',  #1913 ) ;
#38 = SPHERICAL_SURFACE ( 'NONE', #3798, 0.02000000000000000000 ) ;
#39 = DIRECTION ( 'NONE',  ( 1.000000000000000000, 0.0000000000000000000, -0.0000000000000000000 ) ) ;
#40 = EDGE_CURVE ( 'NONE', #4670, #6108, #574, .T. ) ;
#41 =( NAMED_UNIT ( * ) SI_UNIT ( $, .STERADIAN. ) SOLID_ANGLE_UNIT ( ) );
#42 = ORIENTED_EDGE ( 'NONE', *, *, #413, .T. ) ;
#43 = EDGE_LOOP ( 'NONE', ( #2913, #3484, #2154, #5573 ) ) ;
#44 = LINE ( 'NONE', #1452, #2587 ) ;
#45 = ORIENTED_EDGE ( 'NONE', *, *, #2988, .F. ) ;
#46 = MECHANICAL_DESIGN_GEOMETRIC_PRESENTATION_REPRESENTATION (  '', ( #5864 ), #397 ) ;
#47 =( GEOMETRIC_REPRESENTATION_CONTEXT ( 3 ) GLOBAL_UNCERTAINTY_ASSIGNED_CONTEXT ( ( #5527 ) ) GLOBAL_UNIT_ASSIGNED_CONTEXT ( ( #832, #4335, #1343 ) ) REPRESENTATION_CONTEXT ( 'NONE', 'WORKASPACE' ) );
#48 = VERTEX_POINT ( 'NONE', #4701 ) ;
#49 = DIRECTION ( 'NONE',  ( 0.0000000000000000000, 0.0000000000000000000, 1.000000000000000000 ) ) ;
#50 = ORIENTED_EDGE ( 'NONE', *, *, #1623, .F. ) ;
#51 = ORIENTED_EDGE ( 'NONE', *, *, #4296, .F. ) ;
#52 = DIRECTION ( 'NONE',  ( 0.0000000000000000000, 1.000000000000000000, -0.0000000000000000000 ) ) ;
#53 = SURFACE_SIDE_STYLE ('',( #3505 ) ) ;
#54 = PRESENTATION_STYLE_ASSIGNMENT (( #6429 ) ) ;
#55 = CARTESIAN_POINT ( 'NONE',  ( 1.324999999999999300, 0.02000000000000000000, -1.149999999999993500 ) ) ;
#56 = SURFACE_STYLE_FILL_AREA ( #4472 ) ;
#57 = PRESENTATION_STYLE_ASSIGNMENT (( #4984 ) ) ;
#58 = CARTESIAN_POINT ( 'NONE',  ( -0.3749999999999996700, 0.02000000000000000000, 0.0000000000000000000 ) ) ;
#59 = VERTEX_POINT ( 'NONE', #6334 ) ;
#60 = DIRECTION ( 'NONE',  ( -0.0000000000000000000, -1.000000000000000000, -0.0000000000000000000 ) ) ;
#61 = EDGE_CURVE ( 'NONE', #6255, #6147, #5570, .T. ) ;
#62 = ORIENTED_EDGE ( 'NONE', *, *, #381, .F. ) ;
#63 = DIRECTION ( 'NONE',  ( -1.084202172485508800E-015, 0.0000000000000000000, 1.000000000000000000 ) ) ;
#64 = DIRECTION ( 'NONE',  ( 0.0000000000000000000, 1.000000000000000000, -0.0000000000000000000 ) ) ;
#65 = ADVANCED_FACE ( 'NONE', ( #407 ), #2948, .T. ) ;
#66 = DIRECTION ( 'NONE',  ( 0.0000000000000000000, 0.0000000000000000000, 1.000000000000000000 ) ) ;
#67 = VERTEX_POINT ( 'NONE', #930 ) ;
#68 = VERTEX_POINT ( 'NONE', #5374 ) ;
#69 = PRESENTATION_STYLE_ASSIGNMENT (( #300 ) ) ;
#70 = DIRECTION ( 'NONE',  ( 0.0000000000000000000, 0.0000000000000000000, 1.000000000000000000 ) ) ;
#71 = ORIENTED_EDGE ( 'NONE', *, *, #1460, .T. ) ;
#72 = VERTEX_POINT ( 'NONE', #3948 ) ;
#73 = CIRCLE ( 'NONE', #962, 0.04999999999999991300 ) ;
#74 = AXIS2_PLACEMENT_3D ( 'NONE', #1726, #1240, #4284 ) ;
#75 = SURFACE_STYLE_FILL_AREA ( #5230 ) ;
#76 = EDGE_LOOP ( 'NONE', ( #1181, #3473, #2560, #5994 ) ) ;
#77 = DIRECTION ( 'NONE',  ( -1.000000000000000000, 0.0000000000000000000, 1.445602896647343800E-015 ) ) ;
#78 = FACE_BOUND ( 'NONE', #2863, .T. ) ;
#79 = ORIENTED_EDGE ( 'NONE', *, *, #1407, .T. ) ;
#80 = MECHANICAL_DESIGN_GEOMETRIC_PRESENTATION_REPRESENTATION (  '', ( #5578 ), #425 ) ;
#81 = AXIS2_PLACEMENT_3D ( 'NONE', #323, #363, #5264 ) ;
#82 = SURFACE_STYLE_USAGE ( .BOTH. , #3129 ) ;
#83 = VECTOR ( 'NONE', #1169, 1000.000000000000000 ) ;
#84 = CARTESIAN_POINT ( 'NONE',  ( 0.6249999999999994400, 0.02000000000000000000, -1.349999999999996100 ) ) ;
#85 = CARTESIAN_POINT ( 'NONE',  ( -1.480000000000000200, 0.5300000000000000300, -1.480000000000000000 ) ) ;
#86 = COLOUR_RGB ( '',0.7529411764705882200, 0.7529411764705882200, 0.7529411764705882200 ) ;
#87 = ORIENTED_EDGE ( 'NONE', *, *, #6317, .F. ) ;
#88 = EDGE_CURVE ( 'NONE', #1602, #3667, #251, .T. ) ;
#89 = SURFACE_SIDE_STYLE ('',( #4531 ) ) ;
#90 = SURFACE_SIDE_STYLE ('',( #2323 ) ) ;
#91 = FACE_OUTER_BOUND ( 'NONE', #4559, .T. ) ;
#92 = AXIS2_PLACEMENT_3D ( 'NONE', #1192, #4660, #1694 ) ;
#93 = ORIENTED_EDGE ( 'NONE', *, *, #3187, .T. ) ;
#94 = MECHANICAL_DESIGN_GEOMETRIC_PRESENTATION_REPRESENTATION (  '', ( #5589 ), #439 ) ;
#95 = DIRECTION ( 'NONE',  ( 1.000000000000000000, -0.0000000000000000000, 0.0000000000000000000 ) ) ;
#96 = ORIENTED_EDGE ( 'NONE', *, *, #1000, .T. ) ;
#97 =( NAMED_UNIT ( * ) PLANE_ANGLE_UNIT ( ) SI_UNIT ( $, .RADIAN. ) );
#98 = FILL_AREA_STYLE ('',( #1073 ) ) ;
#99 = PRESENTATION_LAYER_ASSIGNMENT (  '', '', ( #5911 ) ) ;
#100 = CLOSED_SHELL ( 'NONE', ( #704, #1447, #29, #1026, #336, #2738, #3460, #2261, #5930, #2102 ) ) ;
#101 = FILL_AREA_STYLE ('',( #176 ) ) ;
#102 = SURFACE_STYLE_USAGE ( .BOTH. , #3146 ) ;
#103 = PLANE ( 'NONE',  #5046 ) ;
#104 = CARTESIAN_POINT ( 'NONE',  ( 0.0000000000000000000, 0.0000000000000000000, -1.099999999999999900 ) ) ;
#105 =( LENGTH_UNIT ( ) NAMED_UNIT ( * ) SI_UNIT ( .MILLI., .METRE. ) );
#106 = ORIENTED_EDGE ( 'NONE', *, *, #5580, .T. ) ;
#107 = DIRECTION ( 'NONE',  ( 0.0000000000000000000, 0.0000000000000000000, -1.000000000000000000 ) ) ;
#108 = PRESENTATION_LAYER_ASSIGNMENT (  '', '', ( #6277 ) ) ;
#109 = CARTESIAN_POINT ( 'NONE',  ( 0.1250000000000006900, 0.02000000000000000000, -1.016439536705170100E-016 ) ) ;
#110 = EDGE_CURVE ( 'NONE', #1416, #775, #5395, .T. ) ;
#111 = CIRCLE ( 'NONE', #3071, 0.04999999999999991300 ) ;
#112 = MECHANICAL_DESIGN_GEOMETRIC_PRESENTATION_REPRESENTATION (  '', ( #5611 ), #467 ) ;
#113 = PLANE ( 'NONE',  #1540 ) ;
#114 = AXIS2_PLACEMENT_3D ( 'NONE', #5140, #893, #665 ) ;
#115 = VECTOR ( 'NONE', #1568, 1000.000000000000000 ) ;
#116 = LINE ( 'NONE', #5789, #3295 ) ;
#117 = EDGE_CURVE ( 'NONE', #4385, #5468, #1611, .T. ) ;
#118 = UNCERTAINTY_MEASURE_WITH_UNIT (LENGTH_MEASURE( 1.000000000000000100E-005 ), #5213, 'distance_accuracy_value', 'NONE');
#119 = CARTESIAN_POINT ( 'NONE',  ( -0.6750000000000000400, 0.02000000000000000000, -1.149999999999996400 ) ) ;
#120 = DIRECTION ( 'NONE',  ( 0.0000000000000000000, -0.0000000000000000000, 1.000000000000000000 ) ) ;
#121 =( GEOMETRIC_REPRESENTATION_CONTEXT ( 3 ) GLOBAL_UNCERTAINTY_ASSIGNED_CONTEXT ( ( #3199 ) ) GLOBAL_UNIT_ASSIGNED_CONTEXT ( ( #2039, #5507, #2553 ) ) REPRESENTATION_CONTEXT ( 'NONE', 'WORKASPACE' ) );
#122 = PRESENTATION_LAYER_ASSIGNMENT (  '', '', ( #5949 ) ) ;
#123 = CARTESIAN_POINT ( 'NONE',  ( 0.0000000000000000000, 0.02000000000000000000, -1.399999999999992800 ) ) ;
#124 =( LENGTH_UNIT ( ) NAMED_UNIT ( * ) SI_UNIT ( .MILLI., .METRE. ) );
#125 = VERTEX_POINT ( 'NONE', #1907 ) ;
#126 = DIRECTION ( 'NONE',  ( -1.000000000000000000, 0.0000000000000000000, -0.0000000000000000000 ) ) ;
#127 = ORIENTED_EDGE ( 'NONE', *, *, #3647, .F. ) ;
#128 = EDGE_CURVE ( 'NONE', #1330, #1760, #1443, .T. ) ;
#129 = COLOUR_RGB ( '',0.7529411764705882200, 0.7529411764705882200, 0.7529411764705882200 ) ;
#130 = SURFACE_SIDE_STYLE ('',( #4425 ) ) ;
#131 = ORIENTED_EDGE ( 'NONE', *, *, #381, .T. ) ;
#132 = EDGE_LOOP ( 'NONE', ( #5054, #3619, #6178, #2809 ) ) ;
#133 = VECTOR ( 'NONE', #206, 1000.000000000000000 ) ;
#134 = PLANE ( 'NONE',  #5747 ) ;
#135 = PRESENTATION_LAYER_ASSIGNMENT (  '', '', ( #6307 ) ) ;
#136 = CIRCLE ( 'NONE', #4214, 0.04999999999999991300 ) ;
#137 = AXIS2_PLACEMENT_3D ( 'NONE', #5002, #1567, #5024 ) ;
#138 = DIRECTION ( 'NONE',  ( 2.059984127722461900E-014, 0.0000000000000000000, 1.000000000000000000 ) ) ;
#139 = ORIENTED_EDGE ( 'NONE', *, *, #4168, .T. ) ;
#140 =( LENGTH_UNIT ( ) NAMED_UNIT ( * ) SI_UNIT ( .MILLI., .METRE. ) );
#141 = VECTOR ( 'NONE', #4286, 1000.000000000000000 ) ;
#142 = UNCERTAINTY_MEASURE_WITH_UNIT (LENGTH_MEASURE( 1.000000000000000100E-005 ), #2407, 'distance_accuracy_value', 'NONE');
#143 = VERTEX_POINT ( 'NONE', #4141 ) ;
#144 = COLOUR_RGB ( '',0.2509803921568627400, 0.2509803921568627400, 0.2509803921568627400 ) ;
#145 =( LENGTH_UNIT ( ) NAMED_UNIT ( * ) SI_UNIT ( .MILLI., .METRE. ) );
#146 = VECTOR ( 'NONE', #5755, 1000.000000000000000 ) ;
#147 = EDGE_LOOP ( 'NONE', ( #2317, #62, #6252, #2063 ) ) ;
#148 =( NAMED_UNIT ( * ) SI_UNIT ( $, .STERADIAN. ) SOLID_ANGLE_UNIT ( ) );
#149 = CARTESIAN_POINT ( 'NONE',  ( 0.3250000000000001800, 0.02000000000000000000, 1.400000000000000100 ) ) ;
#150 = DIRECTION ( 'NONE',  ( -1.000000000000000000, 0.0000000000000000000, 0.0000000000000000000 ) ) ;
#151 = DIRECTION ( 'NONE',  ( 0.0000000000000000000, 0.0000000000000000000, -1.000000000000000000 ) ) ;
#152 = CARTESIAN_POINT ( 'NONE',  ( 1.499999999999999800, 0.5300000000000000300, -1.500000000000000000 ) ) ;
#153 = SURFACE_STYLE_FILL_AREA ( #1392 ) ;
#154 = ORIENTED_EDGE ( 'NONE', *, *, #155, .T. ) ;
#155 = EDGE_CURVE ( 'NONE', #4609, #5259, #2787, .T. ) ;
#156 = CIRCLE ( 'NONE', #558, 0.04999999999999991300 ) ;
#157 = VERTEX_POINT ( 'NONE', #1300 ) ;
#158 = ORIENTED_EDGE ( 'NONE', *, *, #4296, .T. ) ;
#159 = CARTESIAN_POINT ( 'NONE',  ( 0.3250000000000000100, 0.02000000000000000000, 1.100000000000000300 ) ) ;
#160 =( GEOMETRIC_REPRESENTATION_CONTEXT ( 3 ) GLOBAL_UNCERTAINTY_ASSIGNED_CONTEXT ( ( #3747 ) ) GLOBAL_UNIT_ASSIGNED_CONTEXT ( ( #1147, #4622, #1657 ) ) REPRESENTATION_CONTEXT ( 'NONE', 'WORKASPACE' ) );
#161 = MECHANICAL_DESIGN_GEOMETRIC_PRESENTATION_REPRESENTATION (  '', ( #5978 ), #513 ) ;
#162 = LINE ( 'NONE', #6504, #2859 ) ;
#163 =( NAMED_UNIT ( * ) SI_UNIT ( $, .STERADIAN. ) SOLID_ANGLE_UNIT ( ) );
#164 = ORIENTED_EDGE ( 'NONE', *, *, #4136, .F. ) ;
#165 = DIRECTION ( 'NONE',  ( -0.0000000000000000000, -1.000000000000000000, -0.0000000000000000000 ) ) ;
#166 = EDGE_CURVE ( 'NONE', #5204, #3136, #5232, .T. ) ;
#167 = ORIENTED_EDGE ( 'NONE', *, *, #5352, .T. ) ;
#168 = FACE_OUTER_BOUND ( 'NONE', #3316, .T. ) ;
#169 = PRESENTATION_STYLE_ASSIGNMENT (( #3833 ) ) ;
#170 = CARTESIAN_POINT ( 'NONE',  ( 1.174999999999999600, 0.5200000000000000200, -1.149999999999993500 ) ) ;
#171 = CIRCLE ( 'NONE', #1679, 0.05000000000000012800 ) ;
#172 = AXIS2_PLACEMENT_3D ( 'NONE', #3731, #720, #4228 ) ;
#173 = ORIENTED_EDGE ( 'NONE', *, *, #2503, .F. ) ;
#174 = AXIS2_PLACEMENT_3D ( 'NONE', #5523, #5981, #5884 ) ;
#175 = CARTESIAN_POINT ( 'NONE',  ( -1.479999999999999500, 0.02000000000000000000, 1.480000000000000000 ) ) ;
#176 = FILL_AREA_STYLE_COLOUR ( '', #5798 ) ;
#177 = CARTESIAN_POINT ( 'NONE',  ( 1.324999999999999300, 0.0000000000000000000, -1.149999999999993500 ) ) ;
#178 = CARTESIAN_POINT ( 'NONE',  ( -1.125000000000000000, 0.02000000000000000000, -1.349999999999992500 ) ) ;
#179 = VERTEX_POINT ( 'NONE', #3603 ) ;
#180 = EDGE_CURVE ( 'NONE', #2621, #1393, #3944, .T. ) ;
#181 = DIRECTION ( 'NONE',  ( 0.0000000000000000000, 1.000000000000000000, -0.0000000000000000000 ) ) ;
#182 = FILL_AREA_STYLE ('',( #4177 ) ) ;
#183 = FILL_AREA_STYLE_COLOUR ( '', #2066 ) ;
#184 = FILL_AREA_STYLE_COLOUR ( '', #3600 ) ;
#185 = MECHANICAL_DESIGN_GEOMETRIC_PRESENTATION_REPRESENTATION (  '', ( #5998 ), #533 ) ;
#186 = DIRECTION ( 'NONE',  ( -0.0000000000000000000, -1.000000000000000000, -0.0000000000000000000 ) ) ;
#187 = DIRECTION ( 'NONE',  ( 0.0000000000000000000, 0.0000000000000000000, -1.000000000000000000 ) ) ;
#188 = CYLINDRICAL_SURFACE ( 'NONE', #6046, 0.02000000000000005200 ) ;
#189 = FACE_OUTER_BOUND ( 'NONE', #5631, .T. ) ;
#190 = DIRECTION ( 'NONE',  ( 2.710505431213772400E-016, 0.0000000000000000000, -1.000000000000000000 ) ) ;
#191 = PRESENTATION_STYLE_ASSIGNMENT (( #2457 ) ) ;
#192 = ORIENTED_EDGE ( 'NONE', *, *, #5051, .T. ) ;
#193 = CARTESIAN_POINT ( 'NONE',  ( -0.8749999999999996700, 0.02000000000000000000, 1.350000000000003400 ) ) ;
#194 = PRESENTATION_STYLE_ASSIGNMENT (( #5071 ) ) ;
#195 = DIRECTION ( 'NONE',  ( 1.000000000000000000, 0.0000000000000000000, -8.131516293641318800E-016 ) ) ;
#196 = FILL_AREA_STYLE ('',( #5659 ) ) ;
#197 = CARTESIAN_POINT ( 'NONE',  ( 1.479999999999999800, 0.04000000000000000100, -1.480000000000000000 ) ) ;
#198 = SURFACE_STYLE_USAGE ( .BOTH. , #3234 ) ;
#199 = PRESENTATION_STYLE_ASSIGNMENT (( #5390 ) ) ;
#200 = COLOUR_RGB ( '',0.2509803921568627400, 0.2509803921568627400, 0.2509803921568627400 ) ;
#201 = DIRECTION ( 'NONE',  ( 0.0000000000000000000, 1.000000000000000000, -0.0000000000000000000 ) ) ;
#202 =( GEOMETRIC_REPRESENTATION_CONTEXT ( 3 ) GLOBAL_UNCERTAINTY_ASSIGNED_CONTEXT ( ( #4593 ) ) GLOBAL_UNIT_ASSIGNED_CONTEXT ( ( #5331, #243, #292 ) ) REPRESENTATION_CONTEXT ( 'NONE', 'WORKASPACE' ) );
#203 = ADVANCED_FACE ( 'NONE', ( #4400 ), #3823, .F. ) ;
#204 = UNCERTAINTY_MEASURE_WITH_UNIT (LENGTH_MEASURE( 1.000000000000000100E-005 ), #5748, 'distance_accuracy_value', 'NONE');
#205 = DIRECTION ( 'NONE',  ( 0.0000000000000000000, 0.0000000000000000000, -1.000000000000000000 ) ) ;
#206 = DIRECTION ( 'NONE',  ( -5.421010862427543900E-016, 0.0000000000000000000, 1.000000000000000000 ) ) ;
#207 = PRESENTATION_LAYER_ASSIGNMENT (  '', '', ( #6028 ) ) ;
#208 = ORIENTED_EDGE ( 'NONE', *, *, #5191, .F. ) ;
#209 = CARTESIAN_POINT ( 'NONE',  ( -0.3749999999999992200, 0.02000000000000000000, 2.032879073410325000E-016 ) ) ;
#210 = CARTESIAN_POINT ( 'NONE',  ( -1.480000000000000200, 0.5500000000000000400, -1.500000000000000000 ) ) ;
#211 = AXIS2_PLACEMENT_3D ( 'NONE', #1468, #6449, #1024 ) ;
#212 = CIRCLE ( 'NONE', #948, 0.04999999999999991300 ) ;
#213 = VECTOR ( 'NONE', #455, 1000.000000000000000 ) ;
#214 = EDGE_CURVE ( 'NONE', #3457, #5120, #5495, .T. ) ;
#215 = ORIENTED_EDGE ( 'NONE', *, *, #5862, .F. ) ;
#216 = CARTESIAN_POINT ( 'NONE',  ( -1.374999999999999800, 0.0000000000000000000, 1.150000000000007500 ) ) ;
#217 = CARTESIAN_POINT ( 'NONE',  ( -0.3749999999999996700, 0.0000000000000000000, 0.0000000000000000000 ) ) ;
#218 = SURFACE_STYLE_FILL_AREA ( #4137 ) ;
#219 = VECTOR ( 'NONE', #4845, 1000.000000000000000 ) ;
#220 = ORIENTED_EDGE ( 'NONE', *, *, #2519, .T. ) ;
#221 = PRESENTATION_LAYER_ASSIGNMENT (  '', '', ( #6381 ) ) ;
#222 =( LENGTH_UNIT ( ) NAMED_UNIT ( * ) SI_UNIT ( .MILLI., .METRE. ) );
#223 = PRESENTATION_STYLE_ASSIGNMENT (( #5243 ) ) ;
#224 = VERTEX_POINT ( 'NONE', #6161 ) ;
#225 = DIRECTION ( 'NONE',  ( 0.0000000000000000000, 0.0000000000000000000, 1.000000000000000000 ) ) ;
#226 = COLOUR_RGB ( '',0.7529411764705882200, 0.7529411764705882200, 0.7529411764705882200 ) ;
#227 = CIRCLE ( 'NONE', #174, 0.02000000000000005200 ) ;
#228 = MANIFOLD_SOLID_BREP ( 'Boss-Extrude2[8]', #6111 ) ;
#229 = ORIENTED_EDGE ( 'NONE', *, *, #605, .T. ) ;
#230 = PRESENTATION_STYLE_ASSIGNMENT (( #198 ) ) ;
#231 = UNCERTAINTY_MEASURE_WITH_UNIT (LENGTH_MEASURE( 1.000000000000000100E-005 ), #4789, 'distance_accuracy_value', 'NONE');
#232 = LINE ( 'NONE', #4914, #1597 ) ;
#233 = STYLED_ITEM ( 'NONE', ( #2724 ), #6457 ) ;
#234 = VECTOR ( 'NONE', #1324, 1000.000000000000000 ) ;
#235 =( NAMED_UNIT ( * ) PLANE_ANGLE_UNIT ( ) SI_UNIT ( $, .RADIAN. ) );
#236 = ORIENTED_EDGE ( 'NONE', *, *, #1751, .T. ) ;
#237 = SURFACE_STYLE_USAGE ( .BOTH. , #6219 ) ;
#238 = ORIENTED_EDGE ( 'NONE', *, *, #3492, .T. ) ;
#239 = COLOUR_RGB ( '',0.7529411764705882200, 0.7529411764705882200, 0.7529411764705882200 ) ;
#240 = EDGE_LOOP ( 'NONE', ( #6273, #5703, #3724, #4941, #554, #2593, #4838, #3334 ) ) ;
#241 = DIRECTION ( 'NONE',  ( -0.0000000000000000000, -1.000000000000000000, 0.0000000000000000000 ) ) ;
#242 = FILL_AREA_STYLE ('',( #5206 ) ) ;
#243 =( NAMED_UNIT ( * ) PLANE_ANGLE_UNIT ( ) SI_UNIT ( $, .RADIAN. ) );
#244 = FACE_OUTER_BOUND ( 'NONE', #2888, .T. ) ;
#245 = STYLED_ITEM ( 'NONE', ( #5404 ), #336 ) ;
#246 = ORIENTED_EDGE ( 'NONE', *, *, #4641, .F. ) ;
#247 = SURFACE_STYLE_USAGE ( .BOTH. , #3282 ) ;
#248 = DIRECTION ( 'NONE',  ( -0.0000000000000000000, -1.000000000000000000, -0.0000000000000000000 ) ) ;
#249 = EDGE_CURVE ( 'NONE', #327, #6434, #5018, .T. ) ;
#250 = CARTESIAN_POINT ( 'NONE',  ( 1.375000000000000700, 0.0000000000000000000, 1.150000000000006800 ) ) ;
#251 = CIRCLE ( 'NONE', #2055, 0.02000000000000005200 ) ;
#252 = ORIENTED_EDGE ( 'NONE', *, *, #1293, .F. ) ;
#253 =( LENGTH_UNIT ( ) NAMED_UNIT ( * ) SI_UNIT ( .MILLI., .METRE. ) );
#254 = AXIS2_PLACEMENT_3D ( 'NONE', #2900, #2880, #6367 ) ;
#255 = STYLED_ITEM ( 'NONE', ( #330 ), #1412 ) ;
#256 = DIRECTION ( 'NONE',  ( 0.0000000000000000000, 0.0000000000000000000, -1.000000000000000000 ) ) ;
#257 = ADVANCED_FACE ( 'NONE', ( #6361 ), #4862, .T. ) ;
#258 = ORIENTED_EDGE ( 'NONE', *, *, #2009, .F. ) ;
#259 = LINE ( 'NONE', #4504, #2957 ) ;
#260 = CYLINDRICAL_SURFACE ( 'NONE', #2815, 0.04999999999999991300 ) ;
#261 = SURFACE_STYLE_USAGE ( .BOTH. , #3290 ) ;
#262 = EDGE_CURVE ( 'NONE', #6189, #3650, #6190, .T. ) ;
#263 = FILL_AREA_STYLE ('',( #3310 ) ) ;
#264 =( GEOMETRIC_REPRESENTATION_CONTEXT ( 3 ) GLOBAL_UNCERTAINTY_ASSIGNED_CONTEXT ( ( #142 ) ) GLOBAL_UNIT_ASSIGNED_CONTEXT ( ( #2407, #5874, #2925 ) ) REPRESENTATION_CONTEXT ( 'NONE', 'WORKASPACE' ) );
#265 = AXIS2_PLACEMENT_3D ( 'NONE', #1069, #5407, #4554 ) ;
#266 = DIRECTION ( 'NONE',  ( 0.0000000000000000000, 0.0000000000000000000, 1.000000000000000000 ) ) ;
#267 = CIRCLE ( 'NONE', #6041, 0.04999999999999991300 ) ;
#268 = DIRECTION ( 'NONE',  ( 0.0000000000000000000, 1.000000000000000000, -0.0000000000000000000 ) ) ;
#269 = EDGE_CURVE ( 'NONE', #6404, #5790, #1066, .T. ) ;
#270 = DIRECTION ( 'NONE',  ( 1.000000000000000000, -0.0000000000000000000, 0.0000000000000000000 ) ) ;
#271 = COLOUR_RGB ( '',0.7529411764705882200, 0.7529411764705882200, 0.7529411764705882200 ) ;
#272 = ORIENTED_EDGE ( 'NONE', *, *, #2355, .T. ) ;
#273 =( GEOMETRIC_REPRESENTATION_CONTEXT ( 3 ) GLOBAL_UNCERTAINTY_ASSIGNED_CONTEXT ( ( #22 ) ) GLOBAL_UNIT_ASSIGNED_CONTEXT ( ( #945, #4433, #1459 ) ) REPRESENTATION_CONTEXT ( 'NONE', 'WORKASPACE' ) );
#274 = CARTESIAN_POINT ( 'NONE',  ( 0.3749999999999989500, 0.02000000000000000000, 2.032879073410323300E-016 ) ) ;
#275 = CARTESIAN_POINT ( 'NONE',  ( 0.3249999999999996800, 0.02000000000000000000, -1.350000000000000100 ) ) ;
#276 = FACE_OUTER_BOUND ( 'NONE', #1833, .T. ) ;
#277 = STYLED_ITEM ( 'NONE', ( #3750 ), #5986 ) ;
#278 = ORIENTED_EDGE ( 'NONE', *, *, #4107, .F. ) ;
#279 = FILL_AREA_STYLE ('',( #4717 ) ) ;
#280 = DIRECTION ( 'NONE',  ( -0.0000000000000000000, -1.000000000000000000, -0.0000000000000000000 ) ) ;
#281 = DIRECTION ( 'NONE',  ( 0.0000000000000000000, 1.000000000000000000, -0.0000000000000000000 ) ) ;
#282 = EDGE_CURVE ( 'NONE', #794, #2651, #2384, .T. ) ;
#283 = SURFACE_STYLE_USAGE ( .BOTH. , #3857 ) ;
#284 = ADVANCED_FACE ( 'NONE', ( #898 ), #738, .T. ) ;
#285 = DIRECTION ( 'NONE',  ( 0.0000000000000000000, 1.000000000000000000, -0.0000000000000000000 ) ) ;
#286 =( GEOMETRIC_REPRESENTATION_CONTEXT ( 3 ) GLOBAL_UNCERTAINTY_ASSIGNED_CONTEXT ( ( #5824 ) ) GLOBAL_UNIT_ASSIGNED_CONTEXT ( ( #1914, #4887, #1420 ) ) REPRESENTATION_CONTEXT ( 'NONE', 'WORKASPACE' ) );
#287 = DIRECTION ( 'NONE',  ( -0.0000000000000000000, -1.000000000000000000, 0.0000000000000000000 ) ) ;
#288 = PLANE ( 'NONE',  #3123 ) ;
#289 = FILL_AREA_STYLE ('',( #5768 ) ) ;
#290 = COLOUR_RGB ( '',0.7529411764705882200, 0.7529411764705882200, 0.7529411764705882200 ) ;
#291 = ORIENTED_EDGE ( 'NONE', *, *, #5103, .F. ) ;
#292 =( NAMED_UNIT ( * ) SI_UNIT ( $, .STERADIAN. ) SOLID_ANGLE_UNIT ( ) );
#293 = FILL_AREA_STYLE ('',( #1926 ) ) ;
#294 = DIRECTION ( 'NONE',  ( 1.000000000000000000, -0.0000000000000000000, 0.0000000000000000000 ) ) ;
#295 = LINE ( 'NONE', #6270, #2664 ) ;
#296 = STYLED_ITEM ( 'NONE', ( #3237 ), #4754 ) ;
#297 =( NAMED_UNIT ( * ) SI_UNIT ( $, .STERADIAN. ) SOLID_ANGLE_UNIT ( ) );
#298 = DIRECTION ( 'NONE',  ( 1.000000000000000000, 0.0000000000000000000, 0.0000000000000000000 ) ) ;
#299 = MECHANICAL_DESIGN_GEOMETRIC_PRESENTATION_REPRESENTATION (  '', ( #5780 ), #643 ) ;
#300 = SURFACE_STYLE_USAGE ( .BOTH. , #3897 ) ;
#301 = ADVANCED_FACE ( 'NONE', ( #3569 ), #103, .F. ) ;
#302 = FACE_OUTER_BOUND ( 'NONE', #2139, .T. ) ;
#303 =( LENGTH_UNIT ( ) NAMED_UNIT ( * ) SI_UNIT ( .MILLI., .METRE. ) );
#304 = CYLINDRICAL_SURFACE ( 'NONE', #4859, 0.04999999999999991300 ) ;
#305 = EDGE_CURVE ( 'NONE', #6366, #5156, #259, .T. ) ;
#306 = VERTEX_POINT ( 'NONE', #4125 ) ;
#307 = FILL_AREA_STYLE ('',( #2412 ) ) ;
#308 = SURFACE_SIDE_STYLE ('',( #1536 ) ) ;
#309 = ORIENTED_EDGE ( 'NONE', *, *, #1104, .T. ) ;
#310 = PRESENTATION_LAYER_ASSIGNMENT (  '', '', ( #5791 ) ) ;
#311 = CIRCLE ( 'NONE', #1323, 0.02000000000000005200 ) ;
#312 = FACE_OUTER_BOUND ( 'NONE', #1276, .T. ) ;
#313 = CARTESIAN_POINT ( 'NONE',  ( 0.6749999999999999300, 0.02000000000000000000, -1.399999999999996600 ) ) ;
#314 = ORIENTED_EDGE ( 'NONE', *, *, #769, .T. ) ;
#315 = SURFACE_SIDE_STYLE ('',( #2094 ) ) ;
#316 = ORIENTED_EDGE ( 'NONE', *, *, #1829, .T. ) ;
#317 = EDGE_LOOP ( 'NONE', ( #817, #629, #291, #1845 ) ) ;
#318 = VERTEX_POINT ( 'NONE', #2130 ) ;
#319 = CYLINDRICAL_SURFACE ( 'NONE', #1422, 0.04999999999999991300 ) ;
#320 = ADVANCED_FACE ( 'NONE', ( #1620 ), #2510, .T. ) ;
#321 = ORIENTED_EDGE ( 'NONE', *, *, #5560, .T. ) ;
#322 = CARTESIAN_POINT ( 'NONE',  ( -0.3250000000000000100, 0.02000000000000000000, -1.349999999999999900 ) ) ;
#323 = CARTESIAN_POINT ( 'NONE',  ( -1.479999999999999500, 0.04000000000000000100, 1.480000000000000000 ) ) ;
#324 = COLOUR_RGB ( '',0.7529411764705882200, 0.7529411764705882200, 0.7529411764705882200 ) ;
#325 = PLANE ( 'NONE',  #1402 ) ;
#326 = ORIENTED_EDGE ( 'NONE', *, *, #5653, .T. ) ;
#327 = VERTEX_POINT ( 'NONE', #4980 ) ;
#328 =( NAMED_UNIT ( * ) PLANE_ANGLE_UNIT ( ) SI_UNIT ( $, .RADIAN. ) );
#329 = AXIS2_PLACEMENT_3D ( 'NONE', #5280, #5652, #2390 ) ;
#330 = PRESENTATION_STYLE_ASSIGNMENT (( #4779 ) ) ;
#331 = VECTOR ( 'NONE', #1855, 1000.000000000000000 ) ;
#332 = CARTESIAN_POINT ( 'NONE',  ( -0.3249999999999996800, 0.02000000000000000000, 1.150000000000000100 ) ) ;
#333 = EDGE_LOOP ( 'NONE', ( #326, #1968, #4243, #1685 ) ) ;
#334 = EDGE_CURVE ( 'NONE', #4947, #708, #6280, .T. ) ;
#335 = CARTESIAN_POINT ( 'NONE',  ( 0.0000000000000000000, 0.0000000000000000000, 0.0000000000000000000 ) ) ;
#336 = ADVANCED_FACE ( 'NONE', ( #3646 ), #5644, .T. ) ;
#337 = CARTESIAN_POINT ( 'NONE',  ( 0.8249999999999996200, 0.02000000000000000000, -1.149999999999997000 ) ) ;
#338 = SURFACE_STYLE_FILL_AREA ( #5860 ) ;
#339 = FILL_AREA_STYLE_COLOUR ( '', #271 ) ;
#340 = ORIENTED_EDGE ( 'NONE', *, *, #1838, .F. ) ;
#341 = SURFACE_STYLE_FILL_AREA ( #5247 ) ;
#342 = PRESENTATION_LAYER_ASSIGNMENT (  '', '', ( #6495 ) ) ;
#343 = AXIS2_PLACEMENT_3D ( 'NONE', #1011, #3459, #6477 ) ;
#344 = SURFACE_SIDE_STYLE ('',( #3321 ) ) ;
#345 = CARTESIAN_POINT ( 'NONE',  ( -1.175000000000000000, 0.02000000000000000000, -1.349999999999993000 ) ) ;
#346 = EDGE_CURVE ( 'NONE', #1365, #3598, #498, .T. ) ;
#347 =( GEOMETRIC_REPRESENTATION_CONTEXT ( 3 ) GLOBAL_UNCERTAINTY_ASSIGNED_CONTEXT ( ( #6150 ) ) GLOBAL_UNIT_ASSIGNED_CONTEXT ( ( #1670, #5114, #2167 ) ) REPRESENTATION_CONTEXT ( 'NONE', 'WORKASPACE' ) );
#348 = VECTOR ( 'NONE', #1061, 1000.000000000000000 ) ;
#349 = AXIS2_PLACEMENT_3D ( 'NONE', #1754, #1247, #3261 ) ;
#350 = CIRCLE ( 'NONE', #2462, 0.04999999999999991300 ) ;
#351 = LINE ( 'NONE', #5877, #519 ) ;
#352 = ORIENTED_EDGE ( 'NONE', *, *, #5393, .F. ) ;
#353 = UNCERTAINTY_MEASURE_WITH_UNIT (LENGTH_MEASURE( 1.000000000000000100E-005 ), #2644, 'distance_accuracy_value', 'NONE');
#354 =( GEOMETRIC_REPRESENTATION_CONTEXT ( 3 ) GLOBAL_UNCERTAINTY_ASSIGNED_CONTEXT ( ( #2790 ) ) GLOBAL_UNIT_ASSIGNED_CONTEXT ( ( #6044, #3628, #1332 ) ) REPRESENTATION_CONTEXT ( 'NONE', 'WORKASPACE' ) );
#355 = PRESENTATION_STYLE_ASSIGNMENT (( #82 ) ) ;
#356 = CIRCLE ( 'NONE', #570, 0.04999999999999991300 ) ;
#357 = FILL_AREA_STYLE ('',( #3886 ) ) ;
#358 = DIRECTION ( 'NONE',  ( 0.0000000000000000000, 0.0000000000000000000, 1.000000000000000000 ) ) ;
#359 = FILL_AREA_STYLE ('',( #833 ) ) ;
#360 = UNCERTAINTY_MEASURE_WITH_UNIT (LENGTH_MEASURE( 1.000000000000000100E-005 ), #5900, 'distance_accuracy_value', 'NONE');
#361 = AXIS2_PLACEMENT_3D ( 'NONE', #430, #3942, #942 ) ;
#362 = SURFACE_STYLE_FILL_AREA ( #4893 ) ;
#363 = DIRECTION ( 'NONE',  ( -1.000000000000000000, 0.0000000000000000000, 0.0000000000000000000 ) ) ;
#364 = SURFACE_SIDE_STYLE ('',( #5016 ) ) ;
#365 = AXIS2_PLACEMENT_3D ( 'NONE', #3720, #711, #4219 ) ;
#366 = ORIENTED_EDGE ( 'NONE', *, *, #623, .T. ) ;
#367 = EDGE_CURVE ( 'NONE', #785, #2935, #1837, .T. ) ;
#368 = VERTEX_POINT ( 'NONE', #1310 ) ;
#369 = DIRECTION ( 'NONE',  ( -5.421010862427544800E-016, 0.0000000000000000000, -1.000000000000000000 ) ) ;
#370 = CARTESIAN_POINT ( 'NONE',  ( 1.324999999999999500, 0.02000000000000000000, -1.349999999999993600 ) ) ;
#371 = AXIS2_PLACEMENT_3D ( 'NONE', #3797, #1771, #779 ) ;
#372 = ORIENTED_EDGE ( 'NONE', *, *, #1787, .F. ) ;
#373 = CARTESIAN_POINT ( 'NONE',  ( 0.6750000000000007100, 0.02000000000000000000, 1.350000000000003900 ) ) ;
#374 =( GEOMETRIC_REPRESENTATION_CONTEXT ( 3 ) GLOBAL_UNCERTAINTY_ASSIGNED_CONTEXT ( ( #3537 ) ) GLOBAL_UNIT_ASSIGNED_CONTEXT ( ( #2539, #2893, #2052 ) ) REPRESENTATION_CONTEXT ( 'NONE', 'WORKASPACE' ) );
#375 = PRESENTATION_STYLE_ASSIGNMENT (( #2282 ) ) ;
#376 =( LENGTH_UNIT ( ) NAMED_UNIT ( * ) SI_UNIT ( .MILLI., .METRE. ) );
#377 = VECTOR ( 'NONE', #5887, 1000.000000000000000 ) ;
#378 =( NAMED_UNIT ( * ) SI_UNIT ( $, .STERADIAN. ) SOLID_ANGLE_UNIT ( ) );
#379 = FILL_AREA_STYLE_COLOUR ( '', #3371 ) ;
#380 = LINE ( 'NONE', #2227, #3770 ) ;
#381 = EDGE_CURVE ( 'NONE', #4724, #3136, #1684, .T. ) ;
#382 = ORIENTED_EDGE ( 'NONE', *, *, #3592, .T. ) ;
#383 = MECHANICAL_DESIGN_GEOMETRIC_PRESENTATION_REPRESENTATION (  '', ( #6195 ), #731 ) ;
#384 = DIRECTION ( 'NONE',  ( 0.0000000000000000000, 0.0000000000000000000, -1.000000000000000000 ) ) ;
#385 = STYLED_ITEM ( 'NONE', ( #3378 ), #2515 ) ;
#386 = COLOUR_RGB ( '',0.7529411764705882200, 0.7529411764705882200, 0.7529411764705882200 ) ;
#387 = ORIENTED_EDGE ( 'NONE', *, *, #3107, .F. ) ;
#388 = CARTESIAN_POINT ( 'NONE',  ( 1.174999999999999600, 0.02000000000000000000, -1.349999999999993400 ) ) ;
#389 = LINE ( 'NONE', #690, #3093 ) ;
#390 = ORIENTED_EDGE ( 'NONE', *, *, #2417, .T. ) ;
#391 = EDGE_CURVE ( 'NONE', #6087, #5318, #3036, .T. ) ;
#392 = VECTOR ( 'NONE', #838, 1000.000000000000000 ) ;
#393 = ORIENTED_EDGE ( 'NONE', *, *, #2846, .T. ) ;
#394 = ORIENTED_EDGE ( 'NONE', *, *, #4287, .F. ) ;
#395 = DIRECTION ( 'NONE',  ( -0.0000000000000000000, -1.000000000000000000, 0.0000000000000000000 ) ) ;
#396 = CIRCLE ( 'NONE', #4527, 0.05000000000000012800 ) ;
#397 =( GEOMETRIC_REPRESENTATION_CONTEXT ( 3 ) GLOBAL_UNCERTAINTY_ASSIGNED_CONTEXT ( ( #1526 ) ) GLOBAL_UNIT_ASSIGNED_CONTEXT ( ( #6144, #1697, #163 ) ) REPRESENTATION_CONTEXT ( 'NONE', 'WORKASPACE' ) );
#398 = SURFACE_SIDE_STYLE ('',( #2445 ) ) ;
#399 = PRESENTATION_STYLE_ASSIGNMENT (( #1315 ) ) ;
#400 = AXIS2_PLACEMENT_3D ( 'NONE', #5808, #2862, #6327 ) ;
#401 = DIRECTION ( 'NONE',  ( 1.626303258728263400E-015, 0.0000000000000000000, 1.000000000000000000 ) ) ;
#402 = SURFACE_STYLE_FILL_AREA ( #3288 ) ;
#403 = VERTEX_POINT ( 'NONE', #4864 ) ;
#404 = CARTESIAN_POINT ( 'NONE',  ( -1.125000000000000000, 0.02000000000000000000, -1.349999999999992500 ) ) ;
#405 = DIRECTION ( 'NONE',  ( 1.000000000000000000, 0.0000000000000000000, -5.421010862427544800E-016 ) ) ;
#406 = CARTESIAN_POINT ( 'NONE',  ( 0.1249999999999995700, 0.02000000000000000000, -1.349999999999999400 ) ) ;
#407 = FACE_OUTER_BOUND ( 'NONE', #3317, .T. ) ;
#408 = UNCERTAINTY_MEASURE_WITH_UNIT (LENGTH_MEASURE( 1.000000000000000100E-005 ), #4041, 'distance_accuracy_value', 'NONE');
#409 = VERTEX_POINT ( 'NONE', #3910 ) ;
#410 = ADVANCED_FACE ( 'NONE', ( #5485 ), #1358, .F. ) ;
#411 = ORIENTED_EDGE ( 'NONE', *, *, #1418, .F. ) ;
#412 = CARTESIAN_POINT ( 'NONE',  ( -1.479999999999999500, 0.03999999999999999400, 1.480000000000000000 ) ) ;
#413 = EDGE_CURVE ( 'NONE', #4999, #2645, #4181, .T. ) ;
#414 =( LENGTH_UNIT ( ) NAMED_UNIT ( * ) SI_UNIT ( .MILLI., .METRE. ) );
#415 = ORIENTED_EDGE ( 'NONE', *, *, #4260, .T. ) ;
#416 = DIRECTION ( 'NONE',  ( 0.0000000000000000000, 0.0000000000000000000, -1.000000000000000000 ) ) ;
#417 = CARTESIAN_POINT ( 'NONE',  ( -0.3249999999999993400, 0.02000000000000000000, 1.400000000000000100 ) ) ;
#418 = AXIS2_PLACEMENT_3D ( 'NONE', #197, #3231, #3793 ) ;
#419 = SURFACE_SIDE_STYLE ('',( #3791 ) ) ;
#420 = CIRCLE ( 'NONE', #5033, 0.02000000000000005200 ) ;
#421 = DIRECTION ( 'NONE',  ( 0.0000000000000000000, 1.000000000000000000, -0.0000000000000000000 ) ) ;
#422 =( NAMED_UNIT ( * ) SI_UNIT ( $, .STERADIAN. ) SOLID_ANGLE_UNIT ( ) );
#423 = SURFACE_SIDE_STYLE ('',( #1342 ) ) ;
#424 = DIRECTION ( 'NONE',  ( 0.0000000000000000000, 1.000000000000000000, -0.0000000000000000000 ) ) ;
#425 =( GEOMETRIC_REPRESENTATION_CONTEXT ( 3 ) GLOBAL_UNCERTAINTY_ASSIGNED_CONTEXT ( ( #2306 ) ) GLOBAL_UNIT_ASSIGNED_CONTEXT ( ( #3727, #714, #4221 ) ) REPRESENTATION_CONTEXT ( 'NONE', 'WORKASPACE' ) );
#426 = AXIS2_PLACEMENT_3D ( 'NONE', #5858, #5332, #5353 ) ;
#427 = CARTESIAN_POINT ( 'NONE',  ( -1.374999999999999800, 0.02000000000000000000, 1.150000000000007500 ) ) ;
#428 = COLOUR_RGB ( '',0.7529411764705882200, 0.7529411764705882200, 0.7529411764705882200 ) ;
#429 = ORIENTED_EDGE ( 'NONE', *, *, #5760, .F. ) ;
#430 = CARTESIAN_POINT ( 'NONE',  ( 0.0000000000000000000, 0.02000000000000000000, 1.400000000000003700 ) ) ;
#431 = CARTESIAN_POINT ( 'NONE',  ( 0.6750000000000007100, 0.0000000000000000000, 1.350000000000003900 ) ) ;
#432 = LINE ( 'NONE', #1944, #1081 ) ;
#433 = EDGE_CURVE ( 'NONE', #5553, #2851, #4480, .T. ) ;
#434 = UNCERTAINTY_MEASURE_WITH_UNIT (LENGTH_MEASURE( 1.000000000000000100E-005 ), #2254, 'distance_accuracy_value', 'NONE');
#435 = ORIENTED_EDGE ( 'NONE', *, *, #5971, .F. ) ;
#436 = DIRECTION ( 'NONE',  ( 0.0000000000000000000, 0.0000000000000000000, 1.000000000000000000 ) ) ;
#437 = AXIS2_PLACEMENT_3D ( 'NONE', #5110, #606, #1680 ) ;
#438 = UNCERTAINTY_MEASURE_WITH_UNIT (LENGTH_MEASURE( 1.000000000000000100E-005 ), #2090, 'distance_accuracy_value', 'NONE');
#439 =( GEOMETRIC_REPRESENTATION_CONTEXT ( 3 ) GLOBAL_UNCERTAINTY_ASSIGNED_CONTEXT ( ( #4777 ) ) GLOBAL_UNIT_ASSIGNED_CONTEXT ( ( #997, #4317, #2287 ) ) REPRESENTATION_CONTEXT ( 'NONE', 'WORKASPACE' ) );
#440 = MANIFOLD_SOLID_BREP ( 'Boss-Extrude2[6]', #3423 ) ;
#441 = SURFACE_STYLE_FILL_AREA ( #5434 ) ;
#442 =( NAMED_UNIT ( * ) SI_UNIT ( $, .STERADIAN. ) SOLID_ANGLE_UNIT ( ) );
#443 = ORIENTED_EDGE ( 'NONE', *, *, #4156, .T. ) ;
#444 =( NAMED_UNIT ( * ) PLANE_ANGLE_UNIT ( ) SI_UNIT ( $, .RADIAN. ) );
#445 = CARTESIAN_POINT ( 'NONE',  ( -0.8249999999999996200, 0.02000000000000000000, 1.350000000000003900 ) ) ;
#446 = SURFACE_SIDE_STYLE ('',( #2769 ) ) ;
#447 =( NAMED_UNIT ( * ) SI_UNIT ( $, .STERADIAN. ) SOLID_ANGLE_UNIT ( ) );
#448 = CARTESIAN_POINT ( 'NONE',  ( -1.479999999999999500, 0.5300000000000000300, 1.480000000000000000 ) ) ;
#449 = MECHANICAL_DESIGN_GEOMETRIC_PRESENTATION_REPRESENTATION (  '', ( #5911 ), #791 ) ;
#450 =( NAMED_UNIT ( * ) PLANE_ANGLE_UNIT ( ) SI_UNIT ( $, .RADIAN. ) );
#451 = CARTESIAN_POINT ( 'NONE',  ( 0.1750000000000009600, 0.0000000000000000000, 1.400000000000000100 ) ) ;
#452 =( NAMED_UNIT ( * ) PLANE_ANGLE_UNIT ( ) SI_UNIT ( $, .RADIAN. ) );
#453 = COLOUR_RGB ( '',0.7529411764705882200, 0.7529411764705882200, 0.7529411764705882200 ) ;
#454 = CARTESIAN_POINT ( 'NONE',  ( -0.1250000000000001700, 0.02000000000000000000, 3.388131789017219200E-017 ) ) ;
#455 = DIRECTION ( 'NONE',  ( 5.421010862427537900E-016, 0.0000000000000000000, 1.000000000000000000 ) ) ;
#456 = LINE ( 'NONE', #3051, #4299 ) ;
#457 = ORIENTED_EDGE ( 'NONE', *, *, #5139, .T. ) ;
#458 = FILL_AREA_STYLE ('',( #2827 ) ) ;
#459 = MECHANICAL_DESIGN_GEOMETRIC_PRESENTATION_REPRESENTATION (  '', ( #6277 ), #802 ) ;
#460 = PRESENTATION_STYLE_ASSIGNMENT (( #485 ) ) ;
#461 = ORIENTED_EDGE ( 'NONE', *, *, #4602, .T. ) ;
#462 = ADVANCED_FACE ( 'NONE', ( #3262 ), #1619, .F. ) ;
#463 = VECTOR ( 'NONE', #5351, 1000.000000000000000 ) ;
#464 = EDGE_CURVE ( 'NONE', #1230, #1981, #1444, .T. ) ;
#465 = SURFACE_STYLE_USAGE ( .BOTH. , #1304 ) ;
#466 = COLOUR_RGB ( '',0.7529411764705882200, 0.7529411764705882200, 0.7529411764705882200 ) ;
#467 =( GEOMETRIC_REPRESENTATION_CONTEXT ( 3 ) GLOBAL_UNCERTAINTY_ASSIGNED_CONTEXT ( ( #6241 ) ) GLOBAL_UNIT_ASSIGNED_CONTEXT ( ( #850, #4355, #1370 ) ) REPRESENTATION_CONTEXT ( 'NONE', 'WORKASPACE' ) );
#468 = DIRECTION ( 'NONE',  ( 1.000000000000000000, 0.0000000000000000000, -1.445602896647346200E-015 ) ) ;
#469 = VERTEX_POINT ( 'NONE', #727 ) ;
#470 = SURFACE_STYLE_USAGE ( .BOTH. , #3479 ) ;
#471 =( NAMED_UNIT ( * ) PLANE_ANGLE_UNIT ( ) SI_UNIT ( $, .RADIAN. ) );
#472 = ORIENTED_EDGE ( 'NONE', *, *, #563, .T. ) ;
#473 = DIRECTION ( 'NONE',  ( 0.0000000000000000000, 0.0000000000000000000, 1.000000000000000000 ) ) ;
#474 = EDGE_CURVE ( 'NONE', #2080, #775, #3084, .T. ) ;
#475 = CARTESIAN_POINT ( 'NONE',  ( 1.325000000000000600, 0.0000000000000000000, 1.150000000000006400 ) ) ;
#476 = EDGE_LOOP ( 'NONE', ( #1328, #340, #3686, #995 ) ) ;
#477 = DIRECTION ( 'NONE',  ( 0.0000000000000000000, 0.0000000000000000000, 1.000000000000000000 ) ) ;
#478 = SURFACE_SIDE_STYLE ('',( #1847 ) ) ;
#479 =( NAMED_UNIT ( * ) PLANE_ANGLE_UNIT ( ) SI_UNIT ( $, .RADIAN. ) );
#480 = MECHANICAL_DESIGN_GEOMETRIC_PRESENTATION_REPRESENTATION (  '', ( #5949 ), #826 ) ;
#481 = EDGE_LOOP ( 'NONE', ( #4229, #3795, #4558, #3738 ) ) ;
#482 = CARTESIAN_POINT ( 'NONE',  ( 0.3250000000000004000, 0.0000000000000000000, 1.150000000000000100 ) ) ;
#483 = ORIENTED_EDGE ( 'NONE', *, *, #2885, .T. ) ;
#484 = EDGE_CURVE ( 'NONE', #2418, #4389, #5539, .T. ) ;
#485 = SURFACE_STYLE_USAGE ( .BOTH. , #3927 ) ;
#486 = CARTESIAN_POINT ( 'NONE',  ( -1.479999999999999500, 0.5300000000000000300, 1.480000000000000000 ) ) ;
#487 = MECHANICAL_DESIGN_GEOMETRIC_PRESENTATION_REPRESENTATION (  '', ( #6307 ), #831 ) ;
#488 = FILL_AREA_STYLE ('',( #3430 ) ) ;
#489 = VERTEX_POINT ( 'NONE', #4775 ) ;
#490 = STYLED_ITEM ( 'NONE', ( #2177 ), #6160 ) ;
#491 = ADVANCED_FACE ( 'NONE', ( #1580 ), #855, .T. ) ;
#492 = DIRECTION ( 'NONE',  ( 0.0000000000000000000, 0.0000000000000000000, 1.000000000000000000 ) ) ;
#493 = DIRECTION ( 'NONE',  ( -0.0000000000000000000, -1.000000000000000000, 0.0000000000000000000 ) ) ;
#494 = LINE ( 'NONE', #1955, #4337 ) ;
#495 = ORIENTED_EDGE ( 'NONE', *, *, #1293, .T. ) ;
#496 = DIRECTION ( 'NONE',  ( 1.000000000000000000, -0.0000000000000000000, 0.0000000000000000000 ) ) ;
#497 =( NAMED_UNIT ( * ) SI_UNIT ( $, .STERADIAN. ) SOLID_ANGLE_UNIT ( ) );
#498 = CIRCLE ( 'NONE', #2273, 0.04999999999999991300 ) ;
#499 = ORIENTED_EDGE ( 'NONE', *, *, #2042, .T. ) ;
#500 = CARTESIAN_POINT ( 'NONE',  ( 0.0000000000000000000, 0.02000000000000000000, 1.100000000000000300 ) ) ;
#501 = DIRECTION ( 'NONE',  ( -0.0000000000000000000, -1.000000000000000000, 0.0000000000000000000 ) ) ;
#502 = PLANE ( 'NONE',  #5957 ) ;
#503 = FACE_OUTER_BOUND ( 'NONE', #21, .T. ) ;
#504 = FILL_AREA_STYLE ('',( #3466 ) ) ;
#505 = EDGE_LOOP ( 'NONE', ( #2248, #5000, #4677, #1085, #5572, #5845, #4161, #4895 ) ) ;
#506 = FACE_OUTER_BOUND ( 'NONE', #1309, .T. ) ;
#507 = ORIENTED_EDGE ( 'NONE', *, *, #3647, .T. ) ;
#508 = EDGE_CURVE ( 'NONE', #224, #5399, #380, .T. ) ;
#509 = DIRECTION ( 'NONE',  ( 1.084202172485508800E-015, 0.0000000000000000000, 1.000000000000000000 ) ) ;
#510 = CARTESIAN_POINT ( 'NONE',  ( -0.8249999999999996200, 0.02000000000000000000, 1.150000000000003700 ) ) ;
#511 = VECTOR ( 'NONE', #1617, 1000.000000000000000 ) ;
#512 = STYLED_ITEM ( 'NONE', ( #6023 ), #3848 ) ;
#513 =( GEOMETRIC_REPRESENTATION_CONTEXT ( 3 ) GLOBAL_UNCERTAINTY_ASSIGNED_CONTEXT ( ( #2872 ) ) GLOBAL_UNIT_ASSIGNED_CONTEXT ( ( #2576, #3125, #3443 ) ) REPRESENTATION_CONTEXT ( 'NONE', 'WORKASPACE' ) );
#514 = CARTESIAN_POINT ( 'NONE',  ( 1.124999999999999600, 0.0000000000000000000, -1.349999999999993000 ) ) ;
#515 = ADVANCED_FACE ( 'NONE', ( #4910 ), #3156, .T. ) ;
#516 = VECTOR ( 'NONE', #3554, 1000.000000000000000 ) ;
#517 = CYLINDRICAL_SURFACE ( 'NONE', #2899, 0.04999999999999991300 ) ;
#518 = EDGE_CURVE ( 'NONE', #3470, #1160, #4449, .T. ) ;
#519 = VECTOR ( 'NONE', #1040, 1000.000000000000000 ) ;
#520 = VERTEX_POINT ( 'NONE', #2337 ) ;
#521 = CARTESIAN_POINT ( 'NONE',  ( -1.174999999999999800, 0.0000000000000000000, 1.150000000000007200 ) ) ;
#522 = STYLED_ITEM ( 'NONE', ( #2669 ), #4858 ) ;
#523 = STYLED_ITEM ( 'NONE', ( #57 ), #2354 ) ;
#524 = DIRECTION ( 'NONE',  ( 0.0000000000000000000, 0.0000000000000000000, -1.000000000000000000 ) ) ;
#525 = SURFACE_STYLE_USAGE ( .BOTH. , #3527 ) ;
#526 = UNCERTAINTY_MEASURE_WITH_UNIT (LENGTH_MEASURE( 1.000000000000000100E-005 ), #5339, 'distance_accuracy_value', 'NONE');
#527 = DIRECTION ( 'NONE',  ( -0.0000000000000000000, -1.000000000000000000, -0.0000000000000000000 ) ) ;
#528 = CARTESIAN_POINT ( 'NONE',  ( 0.0000000000000000000, 0.02000000000000000000, -0.6999999999999997300 ) ) ;
#529 = DIRECTION ( 'NONE',  ( 1.000000000000000000, 0.0000000000000000000, -1.445602896647332500E-016 ) ) ;
#530 = EDGE_CURVE ( 'NONE', #1250, #2773, #1805, .T. ) ;
#531 = ADVANCED_FACE ( 'NONE', ( #1957 ), #3002, .T. ) ;
#532 =( NAMED_UNIT ( * ) PLANE_ANGLE_UNIT ( ) SI_UNIT ( $, .RADIAN. ) );
#533 =( GEOMETRIC_REPRESENTATION_CONTEXT ( 3 ) GLOBAL_UNCERTAINTY_ASSIGNED_CONTEXT ( ( #6423 ) ) GLOBAL_UNIT_ASSIGNED_CONTEXT ( ( #1802, #4772, #1302 ) ) REPRESENTATION_CONTEXT ( 'NONE', 'WORKASPACE' ) );
#534 = ADVANCED_FACE ( 'NONE', ( #5764 ), #2294, .F. ) ;
#535 = SURFACE_SIDE_STYLE ('',( #2274 ) ) ;
#536 = DIRECTION ( 'NONE',  ( 0.0000000000000000000, 1.000000000000000000, -0.0000000000000000000 ) ) ;
#537 = COLOUR_RGB ( '',0.7529411764705882200, 0.7529411764705882200, 0.7529411764705882200 ) ;
#538 = PRESENTATION_STYLE_ASSIGNMENT (( #23 ) ) ;
#539 = ORIENTED_EDGE ( 'NONE', *, *, #928, .F. ) ;
#540 = CARTESIAN_POINT ( 'NONE',  ( -1.175000000000000000, 0.02000000000000000000, -1.349999999999993000 ) ) ;
#541 = CARTESIAN_POINT ( 'NONE',  ( 1.174999999999999600, 0.5500000000000000400, -1.029999999999993400 ) ) ;
#542 = DIRECTION ( 'NONE',  ( -0.0000000000000000000, -1.000000000000000000, -0.0000000000000000000 ) ) ;
#543 = SURFACE_STYLE_USAGE ( .BOTH. , #3553 ) ;
#544 = CARTESIAN_POINT ( 'NONE',  ( 0.1250000000000005600, 0.02000000000000000000, 1.150000000000000600 ) ) ;
#545 = VERTEX_POINT ( 'NONE', #3271 ) ;
#546 =( NAMED_UNIT ( * ) SI_UNIT ( $, .STERADIAN. ) SOLID_ANGLE_UNIT ( ) );
#547 = CARTESIAN_POINT ( 'NONE',  ( 0.3249999999999995700, 0.02000000000000000000, -1.149999999999999900 ) ) ;
#548 = CARTESIAN_POINT ( 'NONE',  ( 0.0000000000000000000, 0.0000000000000000000, 0.0000000000000000000 ) ) ;
#549 = ORIENTED_EDGE ( 'NONE', *, *, #1495, .T. ) ;
#550 = CARTESIAN_POINT ( 'NONE',  ( -0.8750000000000000000, 0.02000000000000000000, -1.349999999999995900 ) ) ;
#551 = AXIS2_PLACEMENT_3D ( 'NONE', #85, #3131, #6066 ) ;
#552 = FILL_AREA_STYLE_COLOUR ( '', #6171 ) ;
#553 = COLOUR_RGB ( '',0.7529411764705882200, 0.7529411764705882200, 0.7529411764705882200 ) ;
#554 = ORIENTED_EDGE ( 'NONE', *, *, #2941, .F. ) ;
#555 = MECHANICAL_DESIGN_GEOMETRIC_PRESENTATION_REPRESENTATION (  '', ( #6028 ), #899 ) ;
#556 = ADVANCED_FACE ( 'NONE', ( #1659 ), #5446, .T. ) ;
#557 = ORIENTED_EDGE ( 'NONE', *, *, #1308, .F. ) ;
#558 = AXIS2_PLACEMENT_3D ( 'NONE', #1008, #1423, #4424 ) ;
#559 = ORIENTED_EDGE ( 'NONE', *, *, #2175, .T. ) ;
#560 = PRESENTATION_STYLE_ASSIGNMENT (( #3945 ) ) ;
#561 = DIRECTION ( 'NONE',  ( 0.0000000000000000000, 1.000000000000000000, 0.0000000000000000000 ) ) ;
#562 = CARTESIAN_POINT ( 'NONE',  ( 1.500000000000000200, 0.5500000000000000400, 1.480000000000000000 ) ) ;
#563 = EDGE_CURVE ( 'NONE', #4130, #5234, #4307, .T. ) ;
#564 = CARTESIAN_POINT ( 'NONE',  ( 1.480000000000000200, 0.5300000000000000300, 1.480000000000000000 ) ) ;
#565 = FACE_OUTER_BOUND ( 'NONE', #5021, .T. ) ;
#566 = ORIENTED_EDGE ( 'NONE', *, *, #4611, .T. ) ;
#567 = DIRECTION ( 'NONE',  ( 0.0000000000000000000, 0.0000000000000000000, 1.000000000000000000 ) ) ;
#568 =( NAMED_UNIT ( * ) SI_UNIT ( $, .STERADIAN. ) SOLID_ANGLE_UNIT ( ) );
#569 = EDGE_LOOP ( 'NONE', ( #4936, #1426, #1042, #6282 ) ) ;
#570 = AXIS2_PLACEMENT_3D ( 'NONE', #6056, #3120, #70 ) ;
#571 = MECHANICAL_DESIGN_GEOMETRIC_PRESENTATION_REPRESENTATION (  '', ( #6381 ), #908 ) ;
#572 = CARTESIAN_POINT ( 'NONE',  ( 0.0000000000000000000, 0.02000000000000000000, 1.400000000000007200 ) ) ;
#573 = LINE ( 'NONE', #3692, #5714 ) ;
#574 = CIRCLE ( 'NONE', #2379, 0.04999999999999991300 ) ;
#575 = SURFACE_STYLE_FILL_AREA ( #4549 ) ;
#576 = ORIENTED_EDGE ( 'NONE', *, *, #4523, .F. ) ;
#577 = CARTESIAN_POINT ( 'NONE',  ( 0.8249999999999995100, 0.02000000000000000000, -1.349999999999996800 ) ) ;
#578 = VECTOR ( 'NONE', #954, 1000.000000000000000 ) ;
#579 = EDGE_LOOP ( 'NONE', ( #2363, #258, #788, #4905 ) ) ;
#580 = PRESENTATION_LAYER_ASSIGNMENT (  '', '', ( #233 ) ) ;
#581 =( LENGTH_UNIT ( ) NAMED_UNIT ( * ) SI_UNIT ( .MILLI., .METRE. ) );
#582 = DIRECTION ( 'NONE',  ( 1.301042606982602000E-014, 0.0000000000000000000, 1.000000000000000000 ) ) ;
#583 = DIRECTION ( 'NONE',  ( 0.0000000000000000000, 0.0000000000000000000, -1.000000000000000000 ) ) ;
#584 = FILL_AREA_STYLE_COLOUR ( '', #4047 ) ;
#585 = AXIS2_PLACEMENT_3D ( 'NONE', #5449, #2492, #5956 ) ;
#586 = DIRECTION ( 'NONE',  ( 0.0000000000000000000, 0.0000000000000000000, 1.000000000000000000 ) ) ;
#587 = FILL_AREA_STYLE_COLOUR ( '', #5511 ) ;
#588 = EDGE_CURVE ( 'NONE', #4095, #4730, #5617, .T. ) ;
#589 = ORIENTED_EDGE ( 'NONE', *, *, #5286, .F. ) ;
#590 = DIRECTION ( 'NONE',  ( 2.602085213965215100E-014, 0.0000000000000000000, 1.000000000000000000 ) ) ;
#591 = COLOUR_RGB ( '',0.7529411764705882200, 0.7529411764705882200, 0.7529411764705882200 ) ;
#592 = MECHANICAL_DESIGN_GEOMETRIC_PRESENTATION_REPRESENTATION (  '', ( #6401 ), #933 ) ;
#593 = AXIS2_PLACEMENT_3D ( 'NONE', #1984, #3354, #5837 ) ;
#594 = ORIENTED_EDGE ( 'NONE', *, *, #6302, .F. ) ;
#595 = COLOUR_RGB ( '',0.7529411764705882200, 0.7529411764705882200, 0.7529411764705882200 ) ;
#596 = EDGE_CURVE ( 'NONE', #5468, #4330, #4146, .T. ) ;
#597 = CARTESIAN_POINT ( 'NONE',  ( -1.124999999999999800, 0.02000000000000000000, 1.350000000000006800 ) ) ;
#598 = CARTESIAN_POINT ( 'NONE',  ( 1.125000000000000900, 0.02000000000000000000, 1.150000000000006800 ) ) ;
#599 = PRESENTATION_LAYER_ASSIGNMENT (  '', '', ( #6417 ) ) ;
#600 =( LENGTH_UNIT ( ) NAMED_UNIT ( * ) SI_UNIT ( .MILLI., .METRE. ) );
#601 = FILL_AREA_STYLE_COLOUR ( '', #6045 ) ;
#602 = DIRECTION ( 'NONE',  ( 1.000000000000000000, -0.0000000000000000000, 1.084202172485509000E-015 ) ) ;
#603 = COLOUR_RGB ( '',0.7529411764705882200, 0.7529411764705882200, 0.7529411764705882200 ) ;
#604 =( NAMED_UNIT ( * ) SI_UNIT ( $, .STERADIAN. ) SOLID_ANGLE_UNIT ( ) );
#605 = EDGE_CURVE ( 'NONE', #4730, #1432, #1494, .T. ) ;
#606 = DIRECTION ( 'NONE',  ( -0.0000000000000000000, -1.000000000000000000, -0.0000000000000000000 ) ) ;
#607 = FACE_OUTER_BOUND ( 'NONE', #2334, .T. ) ;
#608 = FACE_OUTER_BOUND ( 'NONE', #5167, .T. ) ;
#609 = CIRCLE ( 'NONE', #4981, 0.04999999999999991300 ) ;
#610 = AXIS2_PLACEMENT_3D ( 'NONE', #3434, #424, #3938 ) ;
#611 = ORIENTED_EDGE ( 'NONE', *, *, #2341, .F. ) ;
#612 = SURFACE_SIDE_STYLE ('',( #6183 ) ) ;
#613 = LINE ( 'NONE', #2839, #4595 ) ;
#614 = VECTOR ( 'NONE', #4359, 1000.000000000000000 ) ;
#615 = UNCERTAINTY_MEASURE_WITH_UNIT (LENGTH_MEASURE( 1.000000000000000100E-005 ), #4474, 'distance_accuracy_value', 'NONE');
#616 = CARTESIAN_POINT ( 'NONE',  ( 1.125000000000000900, 0.02000000000000000000, -1.219727444046198400E-015 ) ) ;
#617 =( NAMED_UNIT ( * ) PLANE_ANGLE_UNIT ( ) SI_UNIT ( $, .RADIAN. ) );
#618 = CARTESIAN_POINT ( 'NONE',  ( -0.8249999999999999600, 0.02000000000000000000, -1.349999999999996300 ) ) ;
#619 = FACE_OUTER_BOUND ( 'NONE', #3888, .T. ) ;
#620 = CARTESIAN_POINT ( 'NONE',  ( 0.8750000000000005600, 0.02000000000000000000, 1.350000000000003400 ) ) ;
#621 = FILL_AREA_STYLE_COLOUR ( '', #5363 ) ;
#622 =( NAMED_UNIT ( * ) SI_UNIT ( $, .STERADIAN. ) SOLID_ANGLE_UNIT ( ) );
#623 = EDGE_CURVE ( 'NONE', #5399, #6147, #295, .T. ) ;
#624 = VERTEX_POINT ( 'NONE', #2691 ) ;
#625 = SURFACE_SIDE_STYLE ('',( #2918 ) ) ;
#626 = CARTESIAN_POINT ( 'NONE',  ( 0.0000000000000000000, 0.0000000000000000000, -1.099999999999993000 ) ) ;
#627 = SURFACE_STYLE_FILL_AREA ( #2771 ) ;
#628 = CARTESIAN_POINT ( 'NONE',  ( 0.0000000000000000000, 0.02000000000000000000, -1.099999999999996300 ) ) ;
#629 = ORIENTED_EDGE ( 'NONE', *, *, #728, .F. ) ;
#630 = LINE ( 'NONE', #2886, #1507 ) ;
#631 = DIRECTION ( 'NONE',  ( 1.000000000000000000, 0.0000000000000000000, -2.710505431213772400E-016 ) ) ;
#632 = ORIENTED_EDGE ( 'NONE', *, *, #904, .F. ) ;
#633 = CARTESIAN_POINT ( 'NONE',  ( -0.1750000000000000200, 0.02000000000000000000, -1.149999999999999700 ) ) ;
#634 = COLOUR_RGB ( '',0.7529411764705882200, 0.7529411764705882200, 0.7529411764705882200 ) ;
#635 = PRESENTATION_STYLE_ASSIGNMENT (( #6336 ) ) ;
#636 = ORIENTED_EDGE ( 'NONE', *, *, #6181, .F. ) ;
#637 = CARTESIAN_POINT ( 'NONE',  ( -0.1250000000000000000, 0.02000000000000000000, -1.150000000000000100 ) ) ;
#638 = PRESENTATION_STYLE_ASSIGNMENT (( #2898 ) ) ;
#639 = ORIENTED_EDGE ( 'NONE', *, *, #2643, .T. ) ;
#640 = ADVANCED_FACE ( 'NONE', ( #1336 ), #4667, .T. ) ;
#641 = UNCERTAINTY_MEASURE_WITH_UNIT (LENGTH_MEASURE( 1.000000000000000100E-005 ), #2751, 'distance_accuracy_value', 'NONE');
#642 = AXIS2_PLACEMENT_3D ( 'NONE', #804, #4306, #1312 ) ;
#643 =( GEOMETRIC_REPRESENTATION_CONTEXT ( 3 ) GLOBAL_UNCERTAINTY_ASSIGNED_CONTEXT ( ( #5480 ) ) GLOBAL_UNIT_ASSIGNED_CONTEXT ( ( #6167, #235, #297 ) ) REPRESENTATION_CONTEXT ( 'NONE', 'WORKASPACE' ) );
#644 = PRESENTATION_STYLE_ASSIGNMENT (( #1058 ) ) ;
#645 = DIRECTION ( 'NONE',  ( -1.084202172485508800E-015, 0.0000000000000000000, 1.000000000000000000 ) ) ;
#646 = DIRECTION ( 'NONE',  ( 1.734723475976810200E-014, 0.0000000000000000000, 1.000000000000000000 ) ) ;
#647 = DIRECTION ( 'NONE',  ( 0.0000000000000000000, 1.000000000000000000, 0.0000000000000000000 ) ) ;
#648 = ORIENTED_EDGE ( 'NONE', *, *, #5941, .F. ) ;
#649 = FILL_AREA_STYLE_COLOUR ( '', #428 ) ;
#650 = UNCERTAINTY_MEASURE_WITH_UNIT (LENGTH_MEASURE( 1.000000000000000100E-005 ), #3367, 'distance_accuracy_value', 'NONE');
#651 = EDGE_CURVE ( 'NONE', #3244, #4521, #5999, .T. ) ;
#652 = PLANE ( 'NONE',  #5892 ) ;
#653 =( NAMED_UNIT ( * ) SI_UNIT ( $, .STERADIAN. ) SOLID_ANGLE_UNIT ( ) );
#654 = DIRECTION ( 'NONE',  ( 0.0000000000000000000, 0.0000000000000000000, -1.000000000000000000 ) ) ;
#655 = PRESENTATION_STYLE_ASSIGNMENT (( #729 ) ) ;
#656 = CARTESIAN_POINT ( 'NONE',  ( 0.0000000000000000000, 0.02000000000000000000, 1.400000000000000100 ) ) ;
#657 = MECHANICAL_DESIGN_GEOMETRIC_PRESENTATION_REPRESENTATION (  '', ( #5791 ), #1004 ) ;
#658 = SURFACE_STYLE_FILL_AREA ( #101 ) ;
#659 =( LENGTH_UNIT ( ) NAMED_UNIT ( * ) SI_UNIT ( .MILLI., .METRE. ) );
#660 = ORIENTED_EDGE ( 'NONE', *, *, #367, .F. ) ;
#661 = FILL_AREA_STYLE_COLOUR ( '', #4166 ) ;
#662 = FILL_AREA_STYLE ('',( #5113 ) ) ;
#663 = PRESENTATION_STYLE_ASSIGNMENT (( #691 ) ) ;
#664 = DIRECTION ( 'NONE',  ( 0.0000000000000000000, 0.0000000000000000000, 1.000000000000000000 ) ) ;
#665 = DIRECTION ( 'NONE',  ( 1.000000000000000000, 0.0000000000000000000, 0.0000000000000000000 ) ) ;
#666 = SURFACE_STYLE_FILL_AREA ( #293 ) ;
#667 = CARTESIAN_POINT ( 'NONE',  ( 0.3250000000000004000, 0.02000000000000000000, 1.350000000000000300 ) ) ;
#668 = CARTESIAN_POINT ( 'NONE',  ( 1.500000000000000200, 0.5300000000000000300, 1.500000000000000000 ) ) ;
#669 = ORIENTED_EDGE ( 'NONE', *, *, #862, .T. ) ;
#670 = FILL_AREA_STYLE_COLOUR ( '', #4906 ) ;
#671 = ORIENTED_EDGE ( 'NONE', *, *, #3921, .T. ) ;
#672 = CARTESIAN_POINT ( 'NONE',  ( 1.479999999999999800, 0.02000000000000000000, -1.480000000000000000 ) ) ;
#673 = AXIS2_PLACEMENT_3D ( 'NONE', #4714, #1278, #4753 ) ;
#674 = ADVANCED_FACE ( 'NONE', ( #3374 ), #2786, .T. ) ;
#675 = SURFACE_STYLE_FILL_AREA ( #4516 ) ;
#676 = EDGE_CURVE ( 'NONE', #3440, #6027, #2908, .T. ) ;
#677 = MECHANICAL_DESIGN_GEOMETRIC_PRESENTATION_REPRESENTATION (  '', ( #6495 ), #1025 ) ;
#678 = CARTESIAN_POINT ( 'NONE',  ( -0.1250000000000001700, 0.0000000000000000000, 3.388131789017219200E-017 ) ) ;
#679 = DIRECTION ( 'NONE',  ( 0.0000000000000000000, 0.0000000000000000000, -1.000000000000000000 ) ) ;
#680 = AXIS2_PLACEMENT_3D ( 'NONE', #992, #4448, #1523 ) ;
#681 = VECTOR ( 'NONE', #4561, 1000.000000000000000 ) ;
#682 = EDGE_CURVE ( 'NONE', #1216, #6098, #5528, .T. ) ;
#683 = UNCERTAINTY_MEASURE_WITH_UNIT (LENGTH_MEASURE( 1.000000000000000100E-005 ), #4988, 'distance_accuracy_value', 'NONE');
#684 = DIRECTION ( 'NONE',  ( 1.301042606982602000E-014, 0.0000000000000000000, 1.000000000000000000 ) ) ;
#685 = CARTESIAN_POINT ( 'NONE',  ( -1.500000000000000200, 0.03999999999999999400, -1.500000000000000000 ) ) ;
#686 = ADVANCED_FACE ( 'NONE', ( #1576 ), #1409, .T. ) ;
#687 = SURFACE_STYLE_FILL_AREA ( #6126 ) ;
#688 = AXIS2_PLACEMENT_3D ( 'NONE', #177, #3696, #684 ) ;
#689 = AXIS2_PLACEMENT_3D ( 'NONE', #4585, #2602, #3124 ) ;
#690 = CARTESIAN_POINT ( 'NONE',  ( -1.479999999999999500, 0.5500000000000000400, 1.500000000000000000 ) ) ;
#691 = SURFACE_STYLE_USAGE ( .BOTH. , #3698 ) ;
#692 = ORIENTED_EDGE ( 'NONE', *, *, #2634, .T. ) ;
#693 = CYLINDRICAL_SURFACE ( 'NONE', #5739, 0.04999999999999991300 ) ;
#694 = PLANE ( 'NONE',  #3885 ) ;
#695 = STYLED_ITEM ( 'NONE', ( #4854 ), #29 ) ;
#696 = DIRECTION ( 'NONE',  ( -1.000000000000000000, 0.0000000000000000000, 2.168404344971005200E-016 ) ) ;
#697 = EDGE_LOOP ( 'NONE', ( #6500, #4829, #2573, #3264 ) ) ;
#698 =( NAMED_UNIT ( * ) SI_UNIT ( $, .STERADIAN. ) SOLID_ANGLE_UNIT ( ) );
#699 = VECTOR ( 'NONE', #6035, 1000.000000000000000 ) ;
#700 = PRESENTATION_LAYER_ASSIGNMENT (  '', '', ( #9 ) ) ;
#701 = DIRECTION ( 'NONE',  ( -1.000000000000000000, 0.0000000000000000000, 0.0000000000000000000 ) ) ;
#702 = CARTESIAN_POINT ( 'NONE',  ( -2.023844055306283800E-015, 0.02000000000000000000, -1.399999999999999500 ) ) ;
#703 = ORIENTED_EDGE ( 'NONE', *, *, #4804, .T. ) ;
#704 = ADVANCED_FACE ( 'NONE', ( #4071 ), #6067, .T. ) ;
#705 = LINE ( 'NONE', #829, #5841 ) ;
#706 = FACE_OUTER_BOUND ( 'NONE', #1497, .T. ) ;
#707 = CARTESIAN_POINT ( 'NONE',  ( 1.480000000000000200, 0.5300000000000000300, 1.480000000000000000 ) ) ;
#708 = VERTEX_POINT ( 'NONE', #1978 ) ;
#709 = CARTESIAN_POINT ( 'NONE',  ( 0.1250000000000006900, 0.02000000000000000000, -1.016439536705170100E-016 ) ) ;
#710 = SURFACE_STYLE_USAGE ( .BOTH. , #3719 ) ;
#711 = DIRECTION ( 'NONE',  ( 0.0000000000000000000, 1.000000000000000000, -0.0000000000000000000 ) ) ;
#712 = AXIS2_PLACEMENT_3D ( 'NONE', #3293, #268, #755 ) ;
#713 = PRESENTATION_STYLE_ASSIGNMENT (( #2952 ) ) ;
#714 =( NAMED_UNIT ( * ) PLANE_ANGLE_UNIT ( ) SI_UNIT ( $, .RADIAN. ) );
#715 = EDGE_LOOP ( 'NONE', ( #2438, #3884, #5465, #4927, #4368, #3568, #5333, #2045 ) ) ;
#716 = EDGE_CURVE ( 'NONE', #1235, #2418, #3599, .T. ) ;
#717 = EDGE_LOOP ( 'NONE', ( #5667, #2940, #2074 ) ) ;
#718 = ORIENTED_EDGE ( 'NONE', *, *, #5270, .T. ) ;
#719 = CARTESIAN_POINT ( 'NONE',  ( 1.375000000000000700, 0.02000000000000000000, 1.350000000000005900 ) ) ;
#720 = DIRECTION ( 'NONE',  ( 0.0000000000000000000, 1.000000000000000000, -0.0000000000000000000 ) ) ;
#721 = UNCERTAINTY_MEASURE_WITH_UNIT (LENGTH_MEASURE( 1.000000000000000100E-005 ), #3319, 'distance_accuracy_value', 'NONE');
#722 = PRESENTATION_LAYER_ASSIGNMENT (  '', '', ( #6186 ) ) ;
#723 = VECTOR ( 'NONE', #2068, 1000.000000000000000 ) ;
#724 = DIRECTION ( 'NONE',  ( 0.0000000000000000000, -1.000000000000000000, 0.0000000000000000000 ) ) ;
#725 = ORIENTED_EDGE ( 'NONE', *, *, #5303, .F. ) ;
#726 =( NAMED_UNIT ( * ) PLANE_ANGLE_UNIT ( ) SI_UNIT ( $, .RADIAN. ) );
#727 = CARTESIAN_POINT ( 'NONE',  ( 1.499999999999999800, 0.5300000000000000300, -1.480000000000000000 ) ) ;
#728 = EDGE_CURVE ( 'NONE', #1512, #4670, #2269, .T. ) ;
#729 = SURFACE_STYLE_USAGE ( .BOTH. , #5165 ) ;
#730 = LINE ( 'NONE', #193, #3260 ) ;
#731 =( GEOMETRIC_REPRESENTATION_CONTEXT ( 3 ) GLOBAL_UNCERTAINTY_ASSIGNED_CONTEXT ( ( #3669 ) ) GLOBAL_UNIT_ASSIGNED_CONTEXT ( ( #4314, #1318, #4791 ) ) REPRESENTATION_CONTEXT ( 'NONE', 'WORKASPACE' ) );
#732 = ORIENTED_EDGE ( 'NONE', *, *, #30, .T. ) ;
#733 = AXIS2_PLACEMENT_3D ( 'NONE', #2860, #2347, #4334 ) ;
#734 = PLANE ( 'NONE',  #4606 ) ;
#735 = CARTESIAN_POINT ( 'NONE',  ( 0.1249999999999995700, 0.02000000000000000000, -1.349999999999999400 ) ) ;
#736 = COLOUR_RGB ( '',0.7529411764705882200, 0.7529411764705882200, 0.7529411764705882200 ) ;
#737 = ORIENTED_EDGE ( 'NONE', *, *, #1671, .F. ) ;
#738 = CYLINDRICAL_SURFACE ( 'NONE', #3407, 0.02000000000000005200 ) ;
#739 = EDGE_CURVE ( 'NONE', #6513, #775, #931, .T. ) ;
#740 =( NAMED_UNIT ( * ) SI_UNIT ( $, .STERADIAN. ) SOLID_ANGLE_UNIT ( ) );
#741 = CARTESIAN_POINT ( 'NONE',  ( -0.1250000000000003300, 0.0000000000000000000, -3.388131789017223500E-017 ) ) ;
#742 = PRESENTATION_LAYER_ASSIGNMENT (  '', '', ( #1092 ) ) ;
#743 = CARTESIAN_POINT ( 'NONE',  ( 0.0000000000000000000, 0.02000000000000000000, -1.099999999999996800 ) ) ;
#744 = AXIS2_PLACEMENT_3D ( 'NONE', #3865, #845, #4351 ) ;
#745 = DIRECTION ( 'NONE',  ( -1.445602896647339200E-016, 0.0000000000000000000, -1.000000000000000000 ) ) ;
#746 = PRESENTATION_STYLE_ASSIGNMENT (( #3840 ) ) ;
#747 = FILL_AREA_STYLE ('',( #5689 ) ) ;
#748 =( NAMED_UNIT ( * ) PLANE_ANGLE_UNIT ( ) SI_UNIT ( $, .RADIAN. ) );
#749 = ORIENTED_EDGE ( 'NONE', *, *, #5816, .T. ) ;
#750 = CARTESIAN_POINT ( 'NONE',  ( -0.6749999999999998200, 0.02000000000000000000, 1.150000000000003700 ) ) ;
#751 = EDGE_CURVE ( 'NONE', #1160, #2662, #3438, .T. ) ;
#752 = VERTEX_POINT ( 'NONE', #2613 ) ;
#753 =( NAMED_UNIT ( * ) SI_UNIT ( $, .STERADIAN. ) SOLID_ANGLE_UNIT ( ) );
#754 = SURFACE_STYLE_USAGE ( .BOTH. , #3766 ) ;
#755 = DIRECTION ( 'NONE',  ( 0.0000000000000000000, 0.0000000000000000000, 1.000000000000000000 ) ) ;
#756 =( NAMED_UNIT ( * ) PLANE_ANGLE_UNIT ( ) SI_UNIT ( $, .RADIAN. ) );
#757 = CIRCLE ( 'NONE', #1039, 0.05000000000000012800 ) ;
#758 = CARTESIAN_POINT ( 'NONE',  ( -1.479999999999999500, 0.5500000000000000400, 1.480000000000000000 ) ) ;
#759 = STYLED_ITEM ( 'NONE', ( #3220 ), #949 ) ;
#760 =( NAMED_UNIT ( * ) SI_UNIT ( $, .STERADIAN. ) SOLID_ANGLE_UNIT ( ) );
#761 = PLANE ( 'NONE',  #5194 ) ;
#762 = PRESENTATION_LAYER_ASSIGNMENT (  '', '', ( #1117 ) ) ;
#763 = FILL_AREA_STYLE ('',( #6218 ) ) ;
#764 = DIRECTION ( 'NONE',  ( -0.0000000000000000000, -1.000000000000000000, -0.0000000000000000000 ) ) ;
#765 = PRESENTATION_LAYER_ASSIGNMENT (  '', '', ( #6246 ) ) ;
#766 = DIRECTION ( 'NONE',  ( -1.000000000000000000, 0.0000000000000000000, 0.0000000000000000000 ) ) ;
#767 = ORIENTED_EDGE ( 'NONE', *, *, #5941, .T. ) ;
#768 = VECTOR ( 'NONE', #3611, 1000.000000000000000 ) ;
#769 = EDGE_CURVE ( 'NONE', #6012, #2849, #4591, .T. ) ;
#770 = ORIENTED_EDGE ( 'NONE', *, *, #4305, .F. ) ;
#771 = DIRECTION ( 'NONE',  ( 0.0000000000000000000, 1.000000000000000000, 0.0000000000000000000 ) ) ;
#772 = CARTESIAN_POINT ( 'NONE',  ( 0.3750000000000004400, 0.0000000000000000000, 1.349999999999999900 ) ) ;
#773 = CIRCLE ( 'NONE', #3585, 0.02000000000000005200 ) ;
#774 = STYLED_ITEM ( 'NONE', ( #2333 ), #5687 ) ;
#775 = VERTEX_POINT ( 'NONE', #5601 ) ;
#776 = STYLED_ITEM ( 'NONE', ( #2086 ), #3085 ) ;
#777 = CARTESIAN_POINT ( 'NONE',  ( 0.6750000000000001600, 0.02000000000000000000, -1.099999999999996800 ) ) ;
#778 = ADVANCED_FACE ( 'NONE', ( #1948 ), #2637, .F. ) ;
#779 = DIRECTION ( 'NONE',  ( 0.0000000000000000000, 0.0000000000000000000, -1.000000000000000000 ) ) ;
#780 = COLOUR_RGB ( '',0.7529411764705882200, 0.7529411764705882200, 0.7529411764705882200 ) ;
#781 = FACE_OUTER_BOUND ( 'NONE', #5284, .T. ) ;
#782 = DIRECTION ( 'NONE',  ( 5.421010862427544800E-016, 0.0000000000000000000, -1.000000000000000000 ) ) ;
#783 = CARTESIAN_POINT ( 'NONE',  ( 0.1750000000000009000, 0.02000000000000000000, 1.100000000000000300 ) ) ;
#784 = CARTESIAN_POINT ( 'NONE',  ( 1.175000000000001200, 0.02000000000000000000, 1.400000000000006400 ) ) ;
#785 = VERTEX_POINT ( 'NONE', #2121 ) ;
#786 = DIRECTION ( 'NONE',  ( 1.951563910473902900E-014, 0.0000000000000000000, 1.000000000000000000 ) ) ;
#787 = VERTEX_POINT ( 'NONE', #6114 ) ;
#788 = ORIENTED_EDGE ( 'NONE', *, *, #1211, .T. ) ;
#789 = ORIENTED_EDGE ( 'NONE', *, *, #1730, .F. ) ;
#790 = LINE ( 'NONE', #990, #5923 ) ;
#791 =( GEOMETRIC_REPRESENTATION_CONTEXT ( 3 ) GLOBAL_UNCERTAINTY_ASSIGNED_CONTEXT ( ( #6413 ) ) GLOBAL_UNIT_ASSIGNED_CONTEXT ( ( #4199, #1212, #4676 ) ) REPRESENTATION_CONTEXT ( 'NONE', 'WORKASPACE' ) );
#792 = COLOUR_RGB ( '',0.7529411764705882200, 0.7529411764705882200, 0.7529411764705882200 ) ;
#793 = DIRECTION ( 'NONE',  ( -1.000000000000000000, 0.0000000000000000000, 4.251773225433351000E-017 ) ) ;
#794 = VERTEX_POINT ( 'NONE', #5084 ) ;
#795 = CARTESIAN_POINT ( 'NONE',  ( 1.479999999999999800, 0.5500000000000000400, -1.500000000000000000 ) ) ;
#796 = SURFACE_STYLE_FILL_AREA ( #975 ) ;
#797 = DIRECTION ( 'NONE',  ( 1.000000000000000000, -0.0000000000000000000, 0.0000000000000000000 ) ) ;
#798 = VECTOR ( 'NONE', #5326, 1000.000000000000000 ) ;
#799 = ORIENTED_EDGE ( 'NONE', *, *, #822, .T. ) ;
#800 = SURFACE_STYLE_USAGE ( .BOTH. , #5143 ) ;
#801 = PRESENTATION_STYLE_ASSIGNMENT (( #4185 ) ) ;
#802 =( GEOMETRIC_REPRESENTATION_CONTEXT ( 3 ) GLOBAL_UNCERTAINTY_ASSIGNED_CONTEXT ( ( #6441 ) ) GLOBAL_UNIT_ASSIGNED_CONTEXT ( ( #1065, #2075, #3559 ) ) REPRESENTATION_CONTEXT ( 'NONE', 'WORKASPACE' ) );
#803 = ORIENTED_EDGE ( 'NONE', *, *, #1088, .T. ) ;
#804 = CARTESIAN_POINT ( 'NONE',  ( 0.6250000000000016700, 0.02000000000000000000, -1.016439536705167300E-015 ) ) ;
#805 = EDGE_CURVE ( 'NONE', #125, #4469, #5901, .T. ) ;
#806 = PLANE ( 'NONE',  #2403 ) ;
#807 = LINE ( 'NONE', #6228, #3337 ) ;
#808 = CARTESIAN_POINT ( 'NONE',  ( -0.8749999999999996700, 0.02000000000000000000, 1.150000000000004100 ) ) ;
#809 = COLOUR_RGB ( '',0.7529411764705882200, 0.7529411764705882200, 0.7529411764705882200 ) ;
#810 = CARTESIAN_POINT ( 'NONE',  ( -1.174999999999999800, 0.0000000000000000000, 1.350000000000007200 ) ) ;
#811 = ORIENTED_EDGE ( 'NONE', *, *, #4723, .F. ) ;
#812 = ORIENTED_EDGE ( 'NONE', *, *, #5475, .F. ) ;
#813 = SURFACE_STYLE_USAGE ( .BOTH. , #3820 ) ;
#814 = AXIS2_PLACEMENT_3D ( 'NONE', #750, #4514, #5456 ) ;
#815 = CARTESIAN_POINT ( 'NONE',  ( -0.8249999999999992900, 0.02000000000000000000, 1.100000000000003600 ) ) ;
#816 = CARTESIAN_POINT ( 'NONE',  ( -1.499999999999999600, 0.03999999999999999400, 1.500000000000000000 ) ) ;
#817 = ORIENTED_EDGE ( 'NONE', *, *, #6398, .T. ) ;
#818 = FACE_OUTER_BOUND ( 'NONE', #886, .T. ) ;
#819 = CLOSED_SHELL ( 'NONE', ( #6485, #3520, #4765, #4522, #851, #1052, #4754, #4489, #3524, #2354 ) ) ;
#820 = DIRECTION ( 'NONE',  ( -0.0000000000000000000, -1.000000000000000000, -0.0000000000000000000 ) ) ;
#821 = CARTESIAN_POINT ( 'NONE',  ( -0.8249999999999996200, 0.02000000000000000000, -1.399999999999996400 ) ) ;
#822 = EDGE_CURVE ( 'NONE', #3598, #4884, #5757, .T. ) ;
#823 = DIRECTION ( 'NONE',  ( -5.421010862427544800E-016, 0.0000000000000000000, -1.000000000000000000 ) ) ;
#824 =( LENGTH_UNIT ( ) NAMED_UNIT ( * ) SI_UNIT ( .MILLI., .METRE. ) );
#825 = AXIS2_PLACEMENT_3D ( 'NONE', #55, #3590, #582 ) ;
#826 =( GEOMETRIC_REPRESENTATION_CONTEXT ( 3 ) GLOBAL_UNCERTAINTY_ASSIGNED_CONTEXT ( ( #2004 ) ) GLOBAL_UNIT_ASSIGNED_CONTEXT ( ( #145, #1180, #5654 ) ) REPRESENTATION_CONTEXT ( 'NONE', 'WORKASPACE' ) );
#827 = FILL_AREA_STYLE_COLOUR ( '', #1015 ) ;
#828 = EDGE_CURVE ( 'NONE', #1416, #6513, #4901, .T. ) ;
#829 = CARTESIAN_POINT ( 'NONE',  ( -0.6250000000000006700, 0.02000000000000000000, -3.388131789017218600E-016 ) ) ;
#830 = UNCERTAINTY_MEASURE_WITH_UNIT (LENGTH_MEASURE( 1.000000000000000100E-005 ), #2483, 'distance_accuracy_value', 'NONE');
#831 =( GEOMETRIC_REPRESENTATION_CONTEXT ( 3 ) GLOBAL_UNCERTAINTY_ASSIGNED_CONTEXT ( ( #6290 ) ) GLOBAL_UNIT_ASSIGNED_CONTEXT ( ( #18, #3556, #546 ) ) REPRESENTATION_CONTEXT ( 'NONE', 'WORKASPACE' ) );
#832 =( LENGTH_UNIT ( ) NAMED_UNIT ( * ) SI_UNIT ( .MILLI., .METRE. ) );
#833 = FILL_AREA_STYLE_COLOUR ( '', #3845 ) ;
#834 = PRESENTATION_LAYER_ASSIGNMENT (  '', '', ( #490 ) ) ;
#835 = EDGE_LOOP ( 'NONE', ( #1557, #916, #3106, #3528 ) ) ;
#836 = DIRECTION ( 'NONE',  ( -0.0000000000000000000, -1.000000000000000000, -0.0000000000000000000 ) ) ;
#837 = LINE ( 'NONE', #32, #5975 ) ;
#838 = DIRECTION ( 'NONE',  ( 1.084202172485508800E-015, 0.0000000000000000000, 1.000000000000000000 ) ) ;
#839 = COLOUR_RGB ( '',0.7529411764705882200, 0.7529411764705882200, 0.7529411764705882200 ) ;
#840 = EDGE_CURVE ( 'NONE', #2645, #5829, #3147, .T. ) ;
#841 = UNCERTAINTY_MEASURE_WITH_UNIT (LENGTH_MEASURE( 1.000000000000000100E-005 ), #3634, 'distance_accuracy_value', 'NONE');
#842 = ADVANCED_FACE ( 'NONE', ( #608 ), #3839, .T. ) ;
#843 = AXIS2_PLACEMENT_3D ( 'NONE', #1676, #5123, #2173 ) ;
#844 = DIRECTION ( 'NONE',  ( 0.0000000000000000000, 0.0000000000000000000, 1.000000000000000000 ) ) ;
#845 = DIRECTION ( 'NONE',  ( -0.0000000000000000000, -1.000000000000000000, 0.0000000000000000000 ) ) ;
#846 = DIRECTION ( 'NONE',  ( 1.000000000000000000, 0.0000000000000000000, -1.548860246407863300E-016 ) ) ;
#847 = UNCERTAINTY_MEASURE_WITH_UNIT (LENGTH_MEASURE( 1.000000000000000100E-005 ), #3838, 'distance_accuracy_value', 'NONE');
#848 = ORIENTED_EDGE ( 'NONE', *, *, #3632, .F. ) ;
#849 = EDGE_CURVE ( 'NONE', #3923, #6189, #5116, .T. ) ;
#850 =( LENGTH_UNIT ( ) NAMED_UNIT ( * ) SI_UNIT ( .MILLI., .METRE. ) );
#851 = ADVANCED_FACE ( 'NONE', ( #1173 ), #5825, .T. ) ;
#852 = SURFACE_STYLE_FILL_AREA ( #1479 ) ;
#853 = AXIS2_PLACEMENT_3D ( 'NONE', #1490, #4467, #187 ) ;
#854 = FILL_AREA_STYLE_COLOUR ( '', #1076 ) ;
#855 = PLANE ( 'NONE',  #4151 ) ;
#856 = PRESENTATION_LAYER_ASSIGNMENT (  '', '', ( #523 ) ) ;
#857 = CARTESIAN_POINT ( 'NONE',  ( 0.0000000000000000000, 0.0000000000000000000, 0.0000000000000000000 ) ) ;
#858 = VERTEX_POINT ( 'NONE', #1207 ) ;
#859 = COLOUR_RGB ( '',0.2509803921568627400, 0.2509803921568627400, 0.2509803921568627400 ) ;
#860 = FILL_AREA_STYLE ('',( #5818 ) ) ;
#861 = SURFACE_STYLE_FILL_AREA ( #1819 ) ;
#862 = EDGE_CURVE ( 'NONE', #5356, #6168, #3369, .T. ) ;
#863 = ORIENTED_EDGE ( 'NONE', *, *, #3850, .T. ) ;
#864 =( LENGTH_UNIT ( ) NAMED_UNIT ( * ) SI_UNIT ( .MILLI., .METRE. ) );
#865 = CARTESIAN_POINT ( 'NONE',  ( 0.8250000000000001800, 0.02000000000000000000, 1.400000000000003700 ) ) ;
#866 = LINE ( 'NONE', #3919, #2054 ) ;
#867 = SURFACE_STYLE_FILL_AREA ( #3711 ) ;
#868 = ORIENTED_EDGE ( 'NONE', *, *, #3850, .F. ) ;
#869 = VECTOR ( 'NONE', #63, 1000.000000000000000 ) ;
#870 = CARTESIAN_POINT ( 'NONE',  ( 0.3749999999999995600, 0.02000000000000000000, -1.150000000000000400 ) ) ;
#871 = CARTESIAN_POINT ( 'NONE',  ( 0.0000000000000000000, 0.02000000000000000000, -1.399999999999999700 ) ) ;
#872 = ORIENTED_EDGE ( 'NONE', *, *, #3749, .F. ) ;
#873 = CARTESIAN_POINT ( 'NONE',  ( 0.0000000000000000000, 0.0000000000000000000, -1.099999999999999900 ) ) ;
#874 = SURFACE_STYLE_USAGE ( .BOTH. , #3889 ) ;
#875 = LINE ( 'NONE', #6384, #3542 ) ;
#876 = FACE_OUTER_BOUND ( 'NONE', #4991, .T. ) ;
#877 = ORIENTED_EDGE ( 'NONE', *, *, #5515, .T. ) ;
#878 = COLOUR_RGB ( '',0.7529411764705882200, 0.7529411764705882200, 0.7529411764705882200 ) ;
#879 = ORIENTED_EDGE ( 'NONE', *, *, #2371, .F. ) ;
#880 = SURFACE_STYLE_FILL_AREA ( #4678 ) ;
#881 = DIRECTION ( 'NONE',  ( 2.710505431213771900E-016, 0.0000000000000000000, 1.000000000000000000 ) ) ;
#882 = CARTESIAN_POINT ( 'NONE',  ( 1.479999999999999800, 0.03999999999999999400, -1.480000000000000000 ) ) ;
#883 = ORIENTED_EDGE ( 'NONE', *, *, #3355, .F. ) ;
#884 = PLANE ( 'NONE',  #4132 ) ;
#885 = PRESENTATION_STYLE_ASSIGNMENT (( #3690 ) ) ;
#886 = EDGE_LOOP ( 'NONE', ( #2442, #1669, #2710 ) ) ;
#887 = SURFACE_SIDE_STYLE ('',( #5269 ) ) ;
#888 = AXIS2_PLACEMENT_3D ( 'NONE', #618, #1184, #4196 ) ;
#889 = LINE ( 'NONE', #3659, #2148 ) ;
#890 = DIRECTION ( 'NONE',  ( 0.0000000000000000000, 0.0000000000000000000, -1.000000000000000000 ) ) ;
#891 = ORIENTED_EDGE ( 'NONE', *, *, #4904, .F. ) ;
#892 = DIRECTION ( 'NONE',  ( -0.0000000000000000000, -1.000000000000000000, -0.0000000000000000000 ) ) ;
#893 = DIRECTION ( 'NONE',  ( 0.0000000000000000000, 1.000000000000000000, 0.0000000000000000000 ) ) ;
#894 = CARTESIAN_POINT ( 'NONE',  ( 0.8750000000000003300, 0.0000000000000000000, 1.150000000000004100 ) ) ;
#895 = CARTESIAN_POINT ( 'NONE',  ( 0.0000000000000000000, 0.02000000000000000000, 0.0000000000000000000 ) ) ;
#896 = EDGE_LOOP ( 'NONE', ( #6177, #3996, #1096, #5328 ) ) ;
#897 = CARTESIAN_POINT ( 'NONE',  ( -1.324999999999999700, 0.0000000000000000000, -1.149999999999993000 ) ) ;
#898 = FACE_OUTER_BOUND ( 'NONE', #4457, .T. ) ;
#899 =( GEOMETRIC_REPRESENTATION_CONTEXT ( 3 ) GLOBAL_UNCERTAINTY_ASSIGNED_CONTEXT ( ( #5754 ) ) GLOBAL_UNIT_ASSIGNED_CONTEXT ( ( #600, #4119, #1124 ) ) REPRESENTATION_CONTEXT ( 'NONE', 'WORKASPACE' ) );
#900 = AXIS2_PLACEMENT_3D ( 'NONE', #370, #2493, #890 ) ;
#901 = CARTESIAN_POINT ( 'NONE',  ( 1.375000000000000700, 0.02000000000000000000, 0.0000000000000000000 ) ) ;
#902 = DIRECTION ( 'NONE',  ( 1.000000000000000000, 0.0000000000000000000, 0.0000000000000000000 ) ) ;
#903 = UNCERTAINTY_MEASURE_WITH_UNIT (LENGTH_MEASURE( 1.000000000000000100E-005 ), #6433, 'distance_accuracy_value', 'NONE');
#904 = EDGE_CURVE ( 'NONE', #3950, #2001, #2032, .T. ) ;
#905 = COLOUR_RGB ( '',0.7529411764705882200, 0.7529411764705882200, 0.7529411764705882200 ) ;
#906 = AXIS2_PLACEMENT_3D ( 'NONE', #572, #4079, #1089 ) ;
#907 = CYLINDRICAL_SURFACE ( 'NONE', #2266, 0.04999999999999991300 ) ;
#908 =( GEOMETRIC_REPRESENTATION_CONTEXT ( 3 ) GLOBAL_UNCERTAINTY_ASSIGNED_CONTEXT ( ( #118 ) ) GLOBAL_UNIT_ASSIGNED_CONTEXT ( ( #5213, #2962, #2534 ) ) REPRESENTATION_CONTEXT ( 'NONE', 'WORKASPACE' ) );
#909 = CIRCLE ( 'NONE', #4555, 0.04999999999999991300 ) ;
#910 = VERTEX_POINT ( 'NONE', #178 ) ;
#911 = CARTESIAN_POINT ( 'NONE',  ( -0.6750000000000003800, 0.02000000000000000000, -1.399999999999996400 ) ) ;
#912 = FACE_OUTER_BOUND ( 'NONE', #4620, .T. ) ;
#913 = CARTESIAN_POINT ( 'NONE',  ( 0.6250000000000016700, 0.0000000000000000000, -1.016439536705167300E-015 ) ) ;
#914 = ORIENTED_EDGE ( 'NONE', *, *, #840, .F. ) ;
#915 = SURFACE_STYLE_USAGE ( .BOTH. , #4870 ) ;
#916 = ORIENTED_EDGE ( 'NONE', *, *, #4804, .F. ) ;
#917 = DIRECTION ( 'NONE',  ( -1.000000000000000000, 0.0000000000000000000, 0.0000000000000000000 ) ) ;
#918 = MECHANICAL_DESIGN_GEOMETRIC_PRESENTATION_REPRESENTATION (  '', ( #233 ), #1255 ) ;
#919 = DIRECTION ( 'NONE',  ( -0.0000000000000000000, -1.000000000000000000, -0.0000000000000000000 ) ) ;
#920 = CARTESIAN_POINT ( 'NONE',  ( 1.500000000000000200, 0.03999999999999999400, 1.480000000000000000 ) ) ;
#921 = LINE ( 'NONE', #4671, #4583 ) ;
#922 = CARTESIAN_POINT ( 'NONE',  ( -0.1750000000000001600, 0.02000000000000000000, 1.400000000000000100 ) ) ;
#923 = PLANE ( 'NONE',  #2800 ) ;
#924 = UNCERTAINTY_MEASURE_WITH_UNIT (LENGTH_MEASURE( 1.000000000000000100E-005 ), #5081, 'distance_accuracy_value', 'NONE');
#925 = PRESENTATION_LAYER_ASSIGNMENT (  '', '', ( #245 ) ) ;
#926 = UNCERTAINTY_MEASURE_WITH_UNIT (LENGTH_MEASURE( 1.000000000000000100E-005 ), #967, 'distance_accuracy_value', 'NONE');
#927 = ORIENTED_EDGE ( 'NONE', *, *, #6222, .T. ) ;
#928 = EDGE_CURVE ( 'NONE', #5356, #3801, #4662, .T. ) ;
#929 = ORIENTED_EDGE ( 'NONE', *, *, #6398, .F. ) ;
#930 = CARTESIAN_POINT ( 'NONE',  ( -0.3249999999999993400, 0.0000000000000000000, 1.100000000000000300 ) ) ;
#931 = CIRCLE ( 'NONE', #551, 0.02000000000000005200 ) ;
#932 = CARTESIAN_POINT ( 'NONE',  ( -1.480000000000000200, 0.02000000000000000000, -1.480000000000000000 ) ) ;
#933 =( GEOMETRIC_REPRESENTATION_CONTEXT ( 3 ) GLOBAL_UNCERTAINTY_ASSIGNED_CONTEXT ( ( #3280 ) ) GLOBAL_UNIT_ASSIGNED_CONTEXT ( ( #1892, #5362, #2404 ) ) REPRESENTATION_CONTEXT ( 'NONE', 'WORKASPACE' ) );
#934 = ORIENTED_EDGE ( 'NONE', *, *, #4813, .T. ) ;
#935 = DIRECTION ( 'NONE',  ( 0.0000000000000000000, 0.0000000000000000000, -1.000000000000000000 ) ) ;
#936 = AXIS2_PLACEMENT_3D ( 'NONE', #1439, #3787, #2393 ) ;
#937 = LINE ( 'NONE', #6117, #3604 ) ;
#938 = PRESENTATION_STYLE_ASSIGNMENT (( #5426 ) ) ;
#939 = CARTESIAN_POINT ( 'NONE',  ( -0.1249999999999998300, 0.02000000000000000000, 1.150000000000000600 ) ) ;
#940 = CARTESIAN_POINT ( 'NONE',  ( 1.375000000000000700, 0.02000000000000000000, 1.150000000000006800 ) ) ;
#941 = EDGE_CURVE ( 'NONE', #5356, #2080, #4520, .T. ) ;
#942 = DIRECTION ( 'NONE',  ( -1.000000000000000000, 0.0000000000000000000, -0.0000000000000000000 ) ) ;
#943 = CIRCLE ( 'NONE', #4649, 0.04999999999999991300 ) ;
#944 = LINE ( 'NONE', #3507, #2122 ) ;
#945 =( LENGTH_UNIT ( ) NAMED_UNIT ( * ) SI_UNIT ( .MILLI., .METRE. ) );
#946 = DIRECTION ( 'NONE',  ( 0.0000000000000000000, 0.0000000000000000000, -1.000000000000000000 ) ) ;
#947 = FACE_OUTER_BOUND ( 'NONE', #3370, .T. ) ;
#948 = AXIS2_PLACEMENT_3D ( 'NONE', #2426, #5889, #2956 ) ;
#949 = ADVANCED_FACE ( 'NONE', ( #5676 ), #923, .F. ) ;
#950 = SURFACE_SIDE_STYLE ('',( #1795 ) ) ;
#951 = MECHANICAL_DESIGN_GEOMETRIC_PRESENTATION_REPRESENTATION (  '', ( #6417 ), #1287 ) ;
#952 = EDGE_LOOP ( 'NONE', ( #5881, #3419, #5737, #495 ) ) ;
#953 = EDGE_LOOP ( 'NONE', ( #6331, #4058, #3405, #4996 ) ) ;
#954 = DIRECTION ( 'NONE',  ( -0.0000000000000000000, -1.000000000000000000, -0.0000000000000000000 ) ) ;
#955 = VERTEX_POINT ( 'NONE', #772 ) ;
#956 = FACE_OUTER_BOUND ( 'NONE', #4253, .T. ) ;
#957 = EDGE_CURVE ( 'NONE', #3928, #6027, #2745, .T. ) ;
#958 = LINE ( 'NONE', #678, #4091 ) ;
#959 = CARTESIAN_POINT ( 'NONE',  ( 0.0000000000000000000, 0.02000000000000000000, -1.099999999999999900 ) ) ;
#960 = ORIENTED_EDGE ( 'NONE', *, *, #2250, .F. ) ;
#961 = CIRCLE ( 'NONE', #25, 0.04999999999999991300 ) ;
#962 = AXIS2_PLACEMENT_3D ( 'NONE', #1977, #5439, #2481 ) ;
#963 = SURFACE_STYLE_USAGE ( .BOTH. , #3017 ) ;
#964 = PRESENTATION_LAYER_ASSIGNMENT (  '', '', ( #277 ) ) ;
#965 = EDGE_LOOP ( 'NONE', ( #6124, #5995, #5494, #3843 ) ) ;
#966 = CARTESIAN_POINT ( 'NONE',  ( 0.0000000000000000000, 0.0000000000000000000, 0.0000000000000000000 ) ) ;
#967 =( LENGTH_UNIT ( ) NAMED_UNIT ( * ) SI_UNIT ( .MILLI., .METRE. ) );
#968 = COLOUR_RGB ( '',0.7529411764705882200, 0.7529411764705882200, 0.7529411764705882200 ) ;
#969 = ORIENTED_EDGE ( 'NONE', *, *, #5618, .T. ) ;
#970 = CARTESIAN_POINT ( 'NONE',  ( 0.0000000000000000000, 0.0000000000000000000, 0.0000000000000000000 ) ) ;
#971 = CARTESIAN_POINT ( 'NONE',  ( -1.324999999999999700, 0.02000000000000000000, 1.150000000000007200 ) ) ;
#972 = FILL_AREA_STYLE ('',( #1994 ) ) ;
#973 = SURFACE_SIDE_STYLE ('',( #3132 ) ) ;
#974 = CIRCLE ( 'NONE', #1157, 0.04999999999999991300 ) ;
#975 = FILL_AREA_STYLE ('',( #4016 ) ) ;
#976 =( NAMED_UNIT ( * ) PLANE_ANGLE_UNIT ( ) SI_UNIT ( $, .RADIAN. ) );
#977 = VERTEX_POINT ( 'NONE', #417 ) ;
#978 = SURFACE_SIDE_STYLE ('',( #2085 ) ) ;
#979 = EDGE_CURVE ( 'NONE', #5479, #4999, #3907, .T. ) ;
#980 = FILL_AREA_STYLE ('',( #3076 ) ) ;
#981 = VECTOR ( 'NONE', #4025, 1000.000000000000000 ) ;
#982 = ORIENTED_EDGE ( 'NONE', *, *, #1741, .F. ) ;
#983 = COLOUR_RGB ( '',0.7529411764705882200, 0.7529411764705882200, 0.7529411764705882200 ) ;
#984 = SPHERICAL_SURFACE ( 'NONE', #6122, 0.02000000000000000000 ) ;
#985 = ORIENTED_EDGE ( 'NONE', *, *, #5057, .T. ) ;
#986 = SURFACE_STYLE_USAGE ( .BOTH. , #3618 ) ;
#987 = STYLED_ITEM ( 'NONE', ( #3980 ), #1052 ) ;
#988 =( NAMED_UNIT ( * ) PLANE_ANGLE_UNIT ( ) SI_UNIT ( $, .RADIAN. ) );
#989 = FACE_OUTER_BOUND ( 'NONE', #2351, .T. ) ;
#990 = CARTESIAN_POINT ( 'NONE',  ( -0.6249999999999997800, 0.02000000000000000000, 1.350000000000003400 ) ) ;
#991 =( NAMED_UNIT ( * ) PLANE_ANGLE_UNIT ( ) SI_UNIT ( $, .RADIAN. ) );
#992 = CARTESIAN_POINT ( 'NONE',  ( -0.8249999999999996200, 0.02000000000000000000, 1.150000000000003700 ) ) ;
#993 = AXIS2_PLACEMENT_3D ( 'NONE', #2831, #4786, #6303 ) ;
#994 = DIRECTION ( 'NONE',  ( 0.0000000000000000000, 0.0000000000000000000, 1.000000000000000000 ) ) ;
#995 = ORIENTED_EDGE ( 'NONE', *, *, #367, .T. ) ;
#996 = SURFACE_SIDE_STYLE ('',( #3930 ) ) ;
#997 =( LENGTH_UNIT ( ) NAMED_UNIT ( * ) SI_UNIT ( .MILLI., .METRE. ) );
#998 = CARTESIAN_POINT ( 'NONE',  ( -0.1749999999999999600, 0.02000000000000000000, -1.349999999999999900 ) ) ;
#999 = VECTOR ( 'NONE', #4499, 1000.000000000000000 ) ;
#1000 = EDGE_CURVE ( 'NONE', #6397, #5634, #5198, .T. ) ;
#1001 = ADVANCED_FACE ( 'NONE', ( #1241 ), #38, .T. ) ;
#1002 = ORIENTED_EDGE ( 'NONE', *, *, #6202, .F. ) ;
#1003 = DIRECTION ( 'NONE',  ( 0.0000000000000000000, -0.0000000000000000000, 1.000000000000000000 ) ) ;
#1004 =( GEOMETRIC_REPRESENTATION_CONTEXT ( 3 ) GLOBAL_UNCERTAINTY_ASSIGNED_CONTEXT ( ( #1794 ) ) GLOBAL_UNIT_ASSIGNED_CONTEXT ( ( #864, #2146, #753 ) ) REPRESENTATION_CONTEXT ( 'NONE', 'WORKASPACE' ) );
#1005 = FACE_OUTER_BOUND ( 'NONE', #3165, .T. ) ;
#1006 = LINE ( 'NONE', #4551, #4806 ) ;
#1007 = DIRECTION ( 'NONE',  ( 0.0000000000000000000, 1.000000000000000000, 0.0000000000000000000 ) ) ;
#1008 = CARTESIAN_POINT ( 'NONE',  ( -0.1749999999999999600, 0.0000000000000000000, -1.349999999999999900 ) ) ;
#1009 = LINE ( 'NONE', #873, #6138 ) ;
#1010 = CARTESIAN_POINT ( 'NONE',  ( 0.0000000000000000000, 0.02000000000000000000, 1.100000000000006300 ) ) ;
#1011 = CARTESIAN_POINT ( 'NONE',  ( 0.6749999999999998200, 0.02000000000000000000, -1.149999999999996600 ) ) ;
#1012 = UNCERTAINTY_MEASURE_WITH_UNIT (LENGTH_MEASURE( 1.000000000000000100E-005 ), #824, 'distance_accuracy_value', 'NONE');
#1013 = SURFACE_SIDE_STYLE ('',( #2803 ) ) ;
#1014 = DIRECTION ( 'NONE',  ( 1.000000000000000000, 0.0000000000000000000, 0.0000000000000000000 ) ) ;
#1015 = COLOUR_RGB ( '',0.7529411764705882200, 0.7529411764705882200, 0.7529411764705882200 ) ;
#1016 = ORIENTED_EDGE ( 'NONE', *, *, #5026, .T. ) ;
#1017 = EDGE_LOOP ( 'NONE', ( #6360, #5132, #4987, #1896 ) ) ;
#1018 = CARTESIAN_POINT ( 'NONE',  ( -2.023844055306268800E-015, 0.02000000000000000000, -1.399999999999991500 ) ) ;
#1019 = AXIS2_PLACEMENT_3D ( 'NONE', #4812, #5309, #1350 ) ;
#1020 = ORIENTED_EDGE ( 'NONE', *, *, #4641, .T. ) ;
#1021 = EDGE_CURVE ( 'NONE', #6480, #5162, #1403, .T. ) ;
#1022 = VERTEX_POINT ( 'NONE', #1486 ) ;
#1023 =( NAMED_UNIT ( * ) SI_UNIT ( $, .STERADIAN. ) SOLID_ANGLE_UNIT ( ) );
#1024 = DIRECTION ( 'NONE',  ( 0.0000000000000000000, 0.0000000000000000000, 1.000000000000000000 ) ) ;
#1025 =( GEOMETRIC_REPRESENTATION_CONTEXT ( 3 ) GLOBAL_UNCERTAINTY_ASSIGNED_CONTEXT ( ( #2794 ) ) GLOBAL_UNIT_ASSIGNED_CONTEXT ( ( #2003, #5462, #2504 ) ) REPRESENTATION_CONTEXT ( 'NONE', 'WORKASPACE' ) );
#1026 = ADVANCED_FACE ( 'NONE', ( #1094 ), #2914, .F. ) ;
#1027 = STYLED_ITEM ( 'NONE', ( #3104 ), #1861 ) ;
#1028 = VERTEX_POINT ( 'NONE', #3395 ) ;
#1029 = CARTESIAN_POINT ( 'NONE',  ( -0.6750000000000003800, 0.02000000000000000000, -1.399999999999996400 ) ) ;
#1030 = DIRECTION ( 'NONE',  ( 0.0000000000000000000, 0.0000000000000000000, 1.000000000000000000 ) ) ;
#1031 = ADVANCED_FACE ( 'NONE', ( #5753 ), #3181, .F. ) ;
#1032 = EDGE_CURVE ( 'NONE', #5120, #1244, #116, .T. ) ;
#1033 = CARTESIAN_POINT ( 'NONE',  ( 1.479999999999999800, 0.5500000000000000400, -1.480000000000000000 ) ) ;
#1034 =( NAMED_UNIT ( * ) PLANE_ANGLE_UNIT ( ) SI_UNIT ( $, .RADIAN. ) );
#1035 = CYLINDRICAL_SURFACE ( 'NONE', #1843, 0.04999999999999991300 ) ;
#1036 = ORIENTED_EDGE ( 'NONE', *, *, #3560, .T. ) ;
#1037 = CARTESIAN_POINT ( 'NONE',  ( 0.3250000000000000100, 0.02000000000000000000, 1.100000000000000300 ) ) ;
#1038 = CARTESIAN_POINT ( 'NONE',  ( 0.8750000000000003300, 0.02000000000000000000, 1.150000000000004100 ) ) ;
#1039 = AXIS2_PLACEMENT_3D ( 'NONE', #1710, #5168, #2209 ) ;
#1040 = DIRECTION ( 'NONE',  ( -1.000000000000000000, 0.0000000000000000000, 0.0000000000000000000 ) ) ;
#1041 = PRESENTATION_LAYER_ASSIGNMENT (  '', '', ( #1380 ) ) ;
#1042 = ORIENTED_EDGE ( 'NONE', *, *, #716, .T. ) ;
#1043 = ORIENTED_EDGE ( 'NONE', *, *, #3544, .T. ) ;
#1044 = ORIENTED_EDGE ( 'NONE', *, *, #1543, .T. ) ;
#1045 = SURFACE_STYLE_FILL_AREA ( #2197 ) ;
#1046 = CARTESIAN_POINT ( 'NONE',  ( 1.124999999999999800, 0.0000000000000000000, -1.149999999999993700 ) ) ;
#1047 = CIRCLE ( 'NONE', #1539, 0.04999999999999991300 ) ;
#1048 = PRESENTATION_LAYER_ASSIGNMENT (  '', '', ( #695 ) ) ;
#1049 = LINE ( 'NONE', #816, #3555 ) ;
#1050 = VERTEX_POINT ( 'NONE', #6301 ) ;
#1051 = ORIENTED_EDGE ( 'NONE', *, *, #5250, .F. ) ;
#1052 = ADVANCED_FACE ( 'NONE', ( #1483 ), #2326, .T. ) ;
#1053 = MECHANICAL_DESIGN_GEOMETRIC_PRESENTATION_REPRESENTATION (  '', ( #9 ), #1388 ) ;
#1054 = DIRECTION ( 'NONE',  ( 0.0000000000000000000, 1.000000000000000000, -0.0000000000000000000 ) ) ;
#1055 = DIRECTION ( 'NONE',  ( 0.0000000000000000000, 0.0000000000000000000, 1.000000000000000000 ) ) ;
#1056 = VECTOR ( 'NONE', #1848, 1000.000000000000000 ) ;
#1057 = PRESENTATION_STYLE_ASSIGNMENT (( #5613 ) ) ;
#1058 = SURFACE_STYLE_USAGE ( .BOTH. , #2040 ) ;
#1059 = ORIENTED_EDGE ( 'NONE', *, *, #5662, .T. ) ;
#1060 =( NAMED_UNIT ( * ) PLANE_ANGLE_UNIT ( ) SI_UNIT ( $, .RADIAN. ) );
#1061 = DIRECTION ( 'NONE',  ( 5.421010862427537900E-016, 0.0000000000000000000, 1.000000000000000000 ) ) ;
#1062 = DIRECTION ( 'NONE',  ( 0.0000000000000000000, 0.0000000000000000000, -1.000000000000000000 ) ) ;
#1063 = STYLED_ITEM ( 'NONE', ( #2876 ), #228 ) ;
#1064 = ORIENTED_EDGE ( 'NONE', *, *, #1933, .T. ) ;
#1065 =( LENGTH_UNIT ( ) NAMED_UNIT ( * ) SI_UNIT ( .MILLI., .METRE. ) );
#1066 = LINE ( 'NONE', #4637, #2234 ) ;
#1067 = ADVANCED_FACE ( 'NONE', ( #6235 ), #5476, .F. ) ;
#1068 = EDGE_CURVE ( 'NONE', #2214, #1022, #3148, .T. ) ;
#1069 = CARTESIAN_POINT ( 'NONE',  ( 0.0000000000000000000, 0.02000000000000000000, -1.099999999999996300 ) ) ;
#1070 = CIRCLE ( 'NONE', #2725, 0.04999999999999991300 ) ;
#1071 = ORIENTED_EDGE ( 'NONE', *, *, #4287, .T. ) ;
#1072 = MECHANICAL_DESIGN_GEOMETRIC_PRESENTATION_REPRESENTATION (  '', ( #6186 ), #1400 ) ;
#1073 = FILL_AREA_STYLE_COLOUR ( '', #2378 ) ;
#1074 = STYLED_ITEM ( 'NONE', ( #6359 ), #1229 ) ;
#1075 = EDGE_CURVE ( 'NONE', #3923, #6048, #609, .T. ) ;
#1076 = COLOUR_RGB ( '',0.7529411764705882200, 0.7529411764705882200, 0.7529411764705882200 ) ;
#1077 = ORIENTED_EDGE ( 'NONE', *, *, #3768, .F. ) ;
#1078 = CARTESIAN_POINT ( 'NONE',  ( 0.3250000000000001800, 0.0000000000000000000, 1.400000000000000100 ) ) ;
#1079 = CARTESIAN_POINT ( 'NONE',  ( 0.0000000000000000000, 0.0000000000000000000, -1.099999999999996800 ) ) ;
#1080 = FILL_AREA_STYLE_COLOUR ( '', #1973 ) ;
#1081 = VECTOR ( 'NONE', #5419, 1000.000000000000000 ) ;
#1082 = PRESENTATION_LAYER_ASSIGNMENT (  '', '', ( #385 ) ) ;
#1083 = DIRECTION ( 'NONE',  ( 1.000000000000000000, 0.0000000000000000000, 0.0000000000000000000 ) ) ;
#1084 = PRESENTATION_STYLE_ASSIGNMENT (( #5606 ) ) ;
#1085 = ORIENTED_EDGE ( 'NONE', *, *, #1816, .T. ) ;
#1086 = FILL_AREA_STYLE ('',( #2430 ) ) ;
#1087 = CARTESIAN_POINT ( 'NONE',  ( -1.480000000000000200, 0.5300000000000000300, -1.480000000000000000 ) ) ;
#1088 = EDGE_CURVE ( 'NONE', #368, #4442, #1798, .T. ) ;
#1089 = DIRECTION ( 'NONE',  ( 1.000000000000000000, 0.0000000000000000000, -0.0000000000000000000 ) ) ;
#1090 = SURFACE_STYLE_FILL_AREA ( #2448 ) ;
#1091 = CARTESIAN_POINT ( 'NONE',  ( 0.6250000000000016700, 0.02000000000000000000, -1.016439536705167300E-015 ) ) ;
#1092 = STYLED_ITEM ( 'NONE', ( #3023 ), #3490 ) ;
#1093 = STYLED_ITEM ( 'NONE', ( #5417 ), #5912 ) ;
#1094 = FACE_OUTER_BOUND ( 'NONE', #4459, .T. ) ;
#1095 = ORIENTED_EDGE ( 'NONE', *, *, #4136, .T. ) ;
#1096 = ORIENTED_EDGE ( 'NONE', *, *, #2042, .F. ) ;
#1097 = LINE ( 'NONE', #1474, #6230 ) ;
#1098 =( NAMED_UNIT ( * ) SI_UNIT ( $, .STERADIAN. ) SOLID_ANGLE_UNIT ( ) );
#1099 = SURFACE_SIDE_STYLE ('',( #2499 ) ) ;
#1100 = PRESENTATION_STYLE_ASSIGNMENT (( #4839 ) ) ;
#1101 = CARTESIAN_POINT ( 'NONE',  ( 0.8250000000000005100, 0.02000000000000000000, 1.350000000000003900 ) ) ;
#1102 = DIRECTION ( 'NONE',  ( 0.0000000000000000000, 1.000000000000000000, 0.0000000000000000000 ) ) ;
#1103 = ORIENTED_EDGE ( 'NONE', *, *, #5850, .T. ) ;
#1104 = EDGE_CURVE ( 'NONE', #6087, #2418, #456, .T. ) ;
#1105 = COLOUR_RGB ( '',0.7529411764705882200, 0.7529411764705882200, 0.7529411764705882200 ) ;
#1106 = DIRECTION ( 'NONE',  ( 0.7071067811865485700, 0.0000000000000000000, 0.7071067811865465700 ) ) ;
#1107 = CARTESIAN_POINT ( 'NONE',  ( -0.8249999999999992900, 0.0000000000000000000, 1.100000000000003600 ) ) ;
#1108 = LINE ( 'NONE', #4029, #6074 ) ;
#1109 = PRESENTATION_STYLE_ASSIGNMENT (( #237 ) ) ;
#1110 = CARTESIAN_POINT ( 'NONE',  ( 0.0000000000000000000, 0.0000000000000000000, 1.400000000000006400 ) ) ;
#1111 = PRESENTATION_LAYER_ASSIGNMENT (  '', '', ( #759 ) ) ;
#1112 = ADVANCED_BREP_SHAPE_REPRESENTATION ( 'ST25DV64KC-JF6D3', ( #1883, #5867, #3079, #4403, #17, #440, #5559, #228, #5341, #4216, #1217, #1412, #2581, #4868, #1804 ), #5240 ) ;
#1113 = CIRCLE ( 'NONE', #843, 0.02000000000000005200 ) ;
#1114 = EDGE_LOOP ( 'NONE', ( #4259, #3241, #1517, #2267 ) ) ;
#1115 = PRESENTATION_STYLE_ASSIGNMENT (( #3257 ) ) ;
#1116 = ORIENTED_EDGE ( 'NONE', *, *, #2894, .F. ) ;
#1117 = STYLED_ITEM ( 'NONE', ( #1115 ), #4664 ) ;
#1118 = EDGE_LOOP ( 'NONE', ( #2668, #4847, #5382, #671 ) ) ;
#1119 = MECHANICAL_DESIGN_GEOMETRIC_PRESENTATION_REPRESENTATION (  '', ( #6246 ), #1456 ) ;
#1120 = CARTESIAN_POINT ( 'NONE',  ( 0.6750000000000009300, 0.0000000000000000000, 1.100000000000003600 ) ) ;
#1121 = CARTESIAN_POINT ( 'NONE',  ( -0.3749999999999998900, 0.02000000000000000000, -1.150000000000000100 ) ) ;
#1122 = DIRECTION ( 'NONE',  ( 1.000000000000000000, 0.0000000000000000000, -0.0000000000000000000 ) ) ;
#1123 = EDGE_CURVE ( 'NONE', #3244, #2621, #5610, .T. ) ;
#1124 =( NAMED_UNIT ( * ) SI_UNIT ( $, .STERADIAN. ) SOLID_ANGLE_UNIT ( ) );
#1125 = PRESENTATION_STYLE_ASSIGNMENT (( #2971 ) ) ;
#1126 = ORIENTED_EDGE ( 'NONE', *, *, #413, .F. ) ;
#1127 = LINE ( 'NONE', #2754, #6096 ) ;
#1128 = CARTESIAN_POINT ( 'NONE',  ( 1.174999999999999800, 0.02000000000000000000, -1.399999999999993200 ) ) ;
#1129 = SURFACE_STYLE_USAGE ( .BOTH. , #6055 ) ;
#1130 = EDGE_LOOP ( 'NONE', ( #1222, #2729, #1674, #3856 ) ) ;
#1131 = PRESENTATION_LAYER_ASSIGNMENT (  '', '', ( #774 ) ) ;
#1132 = CARTESIAN_POINT ( 'NONE',  ( 0.8750000000000003300, 0.0000000000000000000, -4.743384504624097700E-016 ) ) ;
#1133 = PRESENTATION_LAYER_ASSIGNMENT (  '', '', ( #776 ) ) ;
#1134 = PLANE ( 'NONE',  #4580 ) ;
#1135 = FACE_OUTER_BOUND ( 'NONE', #6418, .T. ) ;
#1136 = ADVANCED_FACE ( 'NONE', ( #2993 ), #113, .T. ) ;
#1137 = ORIENTED_EDGE ( 'NONE', *, *, #3790, .F. ) ;
#1138 = ORIENTED_EDGE ( 'NONE', *, *, #5205, .F. ) ;
#1139 = UNCERTAINTY_MEASURE_WITH_UNIT (LENGTH_MEASURE( 1.000000000000000100E-005 ), #2650, 'distance_accuracy_value', 'NONE');
#1140 = PRESENTATION_STYLE_ASSIGNMENT (( #5334 ) ) ;
#1141 = ORIENTED_EDGE ( 'NONE', *, *, #1265, .T. ) ;
#1142 = UNCERTAINTY_MEASURE_WITH_UNIT (LENGTH_MEASURE( 1.000000000000000100E-005 ), #222, 'distance_accuracy_value', 'NONE');
#1143 = ORIENTED_EDGE ( 'NONE', *, *, #5607, .T. ) ;
#1144 = DIRECTION ( 'NONE',  ( -0.0000000000000000000, -1.000000000000000000, -0.0000000000000000000 ) ) ;
#1145 = SURFACE_SIDE_STYLE ('',( #218 ) ) ;
#1146 = CARTESIAN_POINT ( 'NONE',  ( -0.1749999999999998200, 0.02000000000000000000, 1.150000000000000100 ) ) ;
#1147 =( LENGTH_UNIT ( ) NAMED_UNIT ( * ) SI_UNIT ( .MILLI., .METRE. ) );
#1148 = DIRECTION ( 'NONE',  ( 0.0000000000000000000, 0.0000000000000000000, -1.000000000000000000 ) ) ;
#1149 = SHAPE_DEFINITION_REPRESENTATION ( #5568, #1112 ) ;
#1150 = FACE_OUTER_BOUND ( 'NONE', #1872, .T. ) ;
#1151 = EDGE_CURVE ( 'NONE', #6486, #2996, #1174, .T. ) ;
#1152 = ORIENTED_EDGE ( 'NONE', *, *, #3067, .T. ) ;
#1153 = CIRCLE ( 'NONE', #2737, 0.04999999999999991300 ) ;
#1154 = VECTOR ( 'NONE', #2192, 1000.000000000000000 ) ;
#1155 = AXIS2_PLACEMENT_3D ( 'NONE', #4852, #1878, #5349 ) ;
#1156 = SURFACE_STYLE_USAGE ( .BOTH. , #6382 ) ;
#1157 = AXIS2_PLACEMENT_3D ( 'NONE', #1967, #52, #2720 ) ;
#1158 = VERTEX_POINT ( 'NONE', #6025 ) ;
#1159 = PLANE ( 'NONE',  #5823 ) ;
#1160 = VERTEX_POINT ( 'NONE', #1595 ) ;
#1161 = CYLINDRICAL_SURFACE ( 'NONE', #5275, 0.02000000000000005200 ) ;
#1162 = EDGE_CURVE ( 'NONE', #794, #3380, #3680, .T. ) ;
#1163 = CARTESIAN_POINT ( 'NONE',  ( 0.6250000000000005600, 0.0000000000000000000, 1.150000000000004100 ) ) ;
#1164 = SURFACE_SIDE_STYLE ('',( #4062 ) ) ;
#1165 = CARTESIAN_POINT ( 'NONE',  ( -1.375000000000000000, 0.0000000000000000000, 0.0000000000000000000 ) ) ;
#1166 = AXIS2_PLACEMENT_3D ( 'NONE', #3066, #12, #3549 ) ;
#1167 = DIRECTION ( 'NONE',  ( 2.168404344971009100E-016, -0.0000000000000000000, 1.000000000000000000 ) ) ;
#1168 = CARTESIAN_POINT ( 'NONE',  ( -0.1750000000000001800, 0.02000000000000000000, 1.100000000000000300 ) ) ;
#1169 = DIRECTION ( 'NONE',  ( -0.0000000000000000000, -1.000000000000000000, -0.0000000000000000000 ) ) ;
#1170 = EDGE_CURVE ( 'NONE', #403, #2633, #4982, .T. ) ;
#1171 =( NAMED_UNIT ( * ) SI_UNIT ( $, .STERADIAN. ) SOLID_ANGLE_UNIT ( ) );
#1172 = AXIS2_PLACEMENT_3D ( 'NONE', #5562, #2595, #6053 ) ;
#1173 = FACE_OUTER_BOUND ( 'NONE', #1114, .T. ) ;
#1174 = LINE ( 'NONE', #4881, #2511 ) ;
#1175 = MECHANICAL_DESIGN_GEOMETRIC_PRESENTATION_REPRESENTATION (  '', ( #490 ), #1515 ) ;
#1176 = EDGE_LOOP ( 'NONE', ( #6378, #576, #872, #4326 ) ) ;
#1177 = CARTESIAN_POINT ( 'NONE',  ( 0.1749999999999999300, 0.02000000000000000000, -1.399999999999999700 ) ) ;
#1178 = SURFACE_STYLE_FILL_AREA ( #3038 ) ;
#1179 = ADVANCED_FACE ( 'NONE', ( #2349 ), #4328, .F. ) ;
#1180 =( NAMED_UNIT ( * ) PLANE_ANGLE_UNIT ( ) SI_UNIT ( $, .RADIAN. ) );
#1181 = ORIENTED_EDGE ( 'NONE', *, *, #928, .T. ) ;
#1182 = SURFACE_SIDE_STYLE ('',( #658 ) ) ;
#1183 = CARTESIAN_POINT ( 'NONE',  ( -0.3750000000000000000, 0.0000000000000000000, -1.349999999999999400 ) ) ;
#1184 = DIRECTION ( 'NONE',  ( -0.0000000000000000000, -1.000000000000000000, 0.0000000000000000000 ) ) ;
#1185 = FILL_AREA_STYLE_COLOUR ( '', #1594 ) ;
#1186 = CARTESIAN_POINT ( 'NONE',  ( 0.0000000000000000000, 0.0000000000000000000, 0.0000000000000000000 ) ) ;
#1187 = ADVANCED_FACE ( 'NONE', ( #3221 ), #5649, .T. ) ;
#1188 = UNCERTAINTY_MEASURE_WITH_UNIT (LENGTH_MEASURE( 1.000000000000000100E-005 ), #3707, 'distance_accuracy_value', 'NONE');
#1189 = EDGE_CURVE ( 'NONE', #6108, #2935, #4485, .T. ) ;
#1190 = ORIENTED_EDGE ( 'NONE', *, *, #262, .F. ) ;
#1191 = ORIENTED_EDGE ( 'NONE', *, *, #5128, .T. ) ;
#1192 = CARTESIAN_POINT ( 'NONE',  ( 0.1750000000000006300, 0.02000000000000000000, 1.350000000000000300 ) ) ;
#1193 = AXIS2_PLACEMENT_3D ( 'NONE', #2128, #1615, #2152 ) ;
#1194 = AXIS2_PLACEMENT_3D ( 'NONE', #1873, #5537, #3858 ) ;
#1195 = ORIENTED_EDGE ( 'NONE', *, *, #3233, .F. ) ;
#1196 = SURFACE_SIDE_STYLE ('',( #1045 ) ) ;
#1197 = CARTESIAN_POINT ( 'NONE',  ( -1.175000000000000500, 0.02000000000000000000, -1.099999999999993000 ) ) ;
#1198 = VERTEX_POINT ( 'NONE', #6340 ) ;
#1199 = EDGE_CURVE ( 'NONE', #3827, #5287, #3040, .T. ) ;
#1200 = VERTEX_POINT ( 'NONE', #2027 ) ;
#1201 = ORIENTED_EDGE ( 'NONE', *, *, #3441, .F. ) ;
#1202 = FACE_OUTER_BOUND ( 'NONE', #1176, .T. ) ;
#1203 = VERTEX_POINT ( 'NONE', #1046 ) ;
#1204 = AXIS2_PLACEMENT_3D ( 'NONE', #4205, #4684, #696 ) ;
#1205 = MECHANICAL_DESIGN_GEOMETRIC_PRESENTATION_REPRESENTATION (  '', ( #523 ), #1547 ) ;
#1206 = DIRECTION ( 'NONE',  ( 0.0000000000000000000, 0.0000000000000000000, 1.000000000000000000 ) ) ;
#1207 = CARTESIAN_POINT ( 'NONE',  ( -0.3749999999999996700, 0.02000000000000000000, 1.349999999999999900 ) ) ;
#1208 = ORIENTED_EDGE ( 'NONE', *, *, #4576, .F. ) ;
#1209 = ORIENTED_EDGE ( 'NONE', *, *, #676, .F. ) ;
#1210 = ORIENTED_EDGE ( 'NONE', *, *, #2158, .T. ) ;
#1211 = EDGE_CURVE ( 'NONE', #2633, #977, #3190, .T. ) ;
#1212 =( NAMED_UNIT ( * ) PLANE_ANGLE_UNIT ( ) SI_UNIT ( $, .RADIAN. ) );
#1213 = VECTOR ( 'NONE', #4235, 1000.000000000000000 ) ;
#1214 = STYLED_ITEM ( 'NONE', ( #885 ), #3326 ) ;
#1215 = DIRECTION ( 'NONE',  ( -0.0000000000000000000, -1.000000000000000000, 0.0000000000000000000 ) ) ;
#1216 = VERTEX_POINT ( 'NONE', #2487 ) ;
#1217 = MANIFOLD_SOLID_BREP ( 'Boss-Extrude2[11]', #1521 ) ;
#1218 = CARTESIAN_POINT ( 'NONE',  ( 0.0000000000000000000, 0.02000000000000000000, 1.100000000000000300 ) ) ;
#1219 = ORIENTED_EDGE ( 'NONE', *, *, #4851, .T. ) ;
#1220 = COLOUR_RGB ( '',0.7529411764705882200, 0.7529411764705882200, 0.7529411764705882200 ) ;
#1221 = ADVANCED_FACE ( 'NONE', ( #5492 ), #325, .T. ) ;
#1222 = ORIENTED_EDGE ( 'NONE', *, *, #1279, .T. ) ;
#1223 = CARTESIAN_POINT ( 'NONE',  ( -0.6249999999999997800, 0.0000000000000000000, 1.350000000000003400 ) ) ;
#1224 =( NAMED_UNIT ( * ) PLANE_ANGLE_UNIT ( ) SI_UNIT ( $, .RADIAN. ) );
#1225 =( NAMED_UNIT ( * ) PLANE_ANGLE_UNIT ( ) SI_UNIT ( $, .RADIAN. ) );
#1226 = CIRCLE ( 'NONE', #3074, 0.02000000000000005200 ) ;
#1227 = CARTESIAN_POINT ( 'NONE',  ( -1.324999999999999700, 0.02000000000000000000, -1.149999999999993000 ) ) ;
#1228 =( NAMED_UNIT ( * ) PLANE_ANGLE_UNIT ( ) SI_UNIT ( $, .RADIAN. ) );
#1229 = ADVANCED_FACE ( 'NONE', ( #503 ), #4418, .T. ) ;
#1230 = VERTEX_POINT ( 'NONE', #4860 ) ;
#1231 = AXIS2_PLACEMENT_3D ( 'NONE', #998, #2008, #3661 ) ;
#1232 = DIRECTION ( 'NONE',  ( -0.0000000000000000000, -1.000000000000000000, -0.0000000000000000000 ) ) ;
#1233 = PLANE ( 'NONE',  #3227 ) ;
#1234 = CIRCLE ( 'NONE', #3867, 0.04999999999999991300 ) ;
#1235 = VERTEX_POINT ( 'NONE', #550 ) ;
#1236 = CARTESIAN_POINT ( 'NONE',  ( -1.479999999999999500, 0.5300000000000000300, 1.500000000000000000 ) ) ;
#1237 = CARTESIAN_POINT ( 'NONE',  ( 1.174999999999999600, 0.0000000000000000000, -1.349999999999993400 ) ) ;
#1238 = STYLED_ITEM ( 'NONE', ( #6499 ), #1963 ) ;
#1239 = EDGE_CURVE ( 'NONE', #2851, #6227, #4565, .T. ) ;
#1240 = DIRECTION ( 'NONE',  ( -0.0000000000000000000, -1.000000000000000000, -0.0000000000000000000 ) ) ;
#1241 = FACE_OUTER_BOUND ( 'NONE', #4528, .T. ) ;
#1242 = STYLED_ITEM ( 'NONE', ( #194 ), #5559 ) ;
#1243 = CARTESIAN_POINT ( 'NONE',  ( 0.8750000000000003300, 0.02000000000000000000, -4.743384504624097700E-016 ) ) ;
#1244 = VERTEX_POINT ( 'NONE', #3876 ) ;
#1245 = SURFACE_STYLE_FILL_AREA ( #5940 ) ;
#1246 = DIRECTION ( 'NONE',  ( -1.000000000000000000, -0.0000000000000000000, 0.0000000000000000000 ) ) ;
#1247 = DIRECTION ( 'NONE',  ( 1.000000000000000000, 0.0000000000000000000, -5.421010862427544800E-016 ) ) ;
#1248 = CARTESIAN_POINT ( 'NONE',  ( -0.6250000000000005600, 0.02000000000000000000, 3.388131789017217600E-016 ) ) ;
#1249 = DIRECTION ( 'NONE',  ( -1.000000000000000000, 0.0000000000000000000, -0.0000000000000000000 ) ) ;
#1250 = VERTEX_POINT ( 'NONE', #2435 ) ;
#1251 = CARTESIAN_POINT ( 'NONE',  ( 1.175000000000000000, 0.02000000000000000000, -1.099999999999993400 ) ) ;
#1252 = LINE ( 'NONE', #783, #2196 ) ;
#1253 = DIRECTION ( 'NONE',  ( -1.445602896647346600E-015, 0.0000000000000000000, -1.000000000000000000 ) ) ;
#1254 = DIRECTION ( 'NONE',  ( -0.0000000000000000000, -1.000000000000000000, 0.0000000000000000000 ) ) ;
#1255 =( GEOMETRIC_REPRESENTATION_CONTEXT ( 3 ) GLOBAL_UNCERTAINTY_ASSIGNED_CONTEXT ( ( #5726 ) ) GLOBAL_UNIT_ASSIGNED_CONTEXT ( ( #2616, #6070, #3133 ) ) REPRESENTATION_CONTEXT ( 'NONE', 'WORKASPACE' ) );
#1256 = ORIENTED_EDGE ( 'NONE', *, *, #728, .T. ) ;
#1257 = CARTESIAN_POINT ( 'NONE',  ( 0.0000000000000000000, 0.02000000000000000000, -1.399999999999996400 ) ) ;
#1258 = ORIENTED_EDGE ( 'NONE', *, *, #682, .T. ) ;
#1259 = DIRECTION ( 'NONE',  ( 0.0000000000000000000, 0.0000000000000000000, 1.000000000000000000 ) ) ;
#1260 = CARTESIAN_POINT ( 'NONE',  ( -0.8749999999999992200, 0.0000000000000000000, 4.743384504624097700E-016 ) ) ;
#1261 = MECHANICAL_DESIGN_GEOMETRIC_PRESENTATION_REPRESENTATION (  '', ( #245 ), #1616 ) ;
#1262 = ORIENTED_EDGE ( 'NONE', *, *, #2758, .F. ) ;
#1263 = CARTESIAN_POINT ( 'NONE',  ( 0.1750000000000009000, 0.0000000000000000000, 1.100000000000000300 ) ) ;
#1264 = ORIENTED_EDGE ( 'NONE', *, *, #40, .F. ) ;
#1265 = EDGE_CURVE ( 'NONE', #3700, #6152, #5721, .T. ) ;
#1266 = FACE_OUTER_BOUND ( 'NONE', #3519, .T. ) ;
#1267 = CARTESIAN_POINT ( 'NONE',  ( -1.500000000000000200, 0.03999999999999999400, -1.480000000000000000 ) ) ;
#1268 = FILL_AREA_STYLE_COLOUR ( '', #2728 ) ;
#1269 = FILL_AREA_STYLE ('',( #5211 ) ) ;
#1270 = SURFACE_STYLE_FILL_AREA ( #1841 ) ;
#1271 = PRESENTATION_LAYER_ASSIGNMENT (  '', '', ( #1626 ) ) ;
#1272 = EDGE_LOOP ( 'NONE', ( #2753, #1786, #3763, #5595, #394, #6076, #5769, #2149 ) ) ;
#1273 = PRESENTATION_LAYER_ASSIGNMENT (  '', '', ( #255 ) ) ;
#1274 = FACE_OUTER_BOUND ( 'NONE', #4184, .T. ) ;
#1275 = CARTESIAN_POINT ( 'NONE',  ( 2.976241257803347300E-017, 0.02000000000000000000, 0.7000000000000002900 ) ) ;
#1276 = EDGE_LOOP ( 'NONE', ( #2127, #1739, #4015, #4153 ) ) ;
#1277 = DIRECTION ( 'NONE',  ( 0.0000000000000000000, -0.0000000000000000000, 1.000000000000000000 ) ) ;
#1278 = DIRECTION ( 'NONE',  ( 1.000000000000000000, 0.0000000000000000000, -2.168404344971009100E-016 ) ) ;
#1279 = EDGE_CURVE ( 'NONE', #2398, #4884, #1910, .T. ) ;
#1280 = DIRECTION ( 'NONE',  ( 1.000000000000000000, 0.0000000000000000000, -5.421010862427544800E-016 ) ) ;
#1281 = CYLINDRICAL_SURFACE ( 'NONE', #814, 0.04999999999999991300 ) ;
#1282 = PRESENTATION_STYLE_ASSIGNMENT (( #2700 ) ) ;
#1283 = CARTESIAN_POINT ( 'NONE',  ( 0.3750000000000004400, 0.02000000000000000000, 1.150000000000000600 ) ) ;
#1284 = AXIS2_PLACEMENT_3D ( 'NONE', #3414, #405, #3916 ) ;
#1285 = ORIENTED_EDGE ( 'NONE', *, *, #1239, .T. ) ;
#1286 = ORIENTED_EDGE ( 'NONE', *, *, #4419, .T. ) ;
#1287 =( GEOMETRIC_REPRESENTATION_CONTEXT ( 3 ) GLOBAL_UNCERTAINTY_ASSIGNED_CONTEXT ( ( #5677 ) ) GLOBAL_UNIT_ASSIGNED_CONTEXT ( ( #2465, #4065, #1986 ) ) REPRESENTATION_CONTEXT ( 'NONE', 'WORKASPACE' ) );
#1288 = DIRECTION ( 'NONE',  ( 0.0000000000000000000, 0.0000000000000000000, -1.000000000000000000 ) ) ;
#1289 =( NAMED_UNIT ( * ) PLANE_ANGLE_UNIT ( ) SI_UNIT ( $, .RADIAN. ) );
#1290 = ADVANCED_FACE ( 'NONE', ( #4407 ), #1291, .T. ) ;
#1291 = CYLINDRICAL_SURFACE ( 'NONE', #5730, 0.04999999999999991300 ) ;
#1292 = VERTEX_POINT ( 'NONE', #1885 ) ;
#1293 = EDGE_CURVE ( 'NONE', #403, #368, #2631, .T. ) ;
#1294 = ORIENTED_EDGE ( 'NONE', *, *, #6464, .T. ) ;
#1295 = DIRECTION ( 'NONE',  ( -0.0000000000000000000, -1.000000000000000000, -0.0000000000000000000 ) ) ;
#1296 = AXIS2_PLACEMENT_3D ( 'NONE', #5420, #2455, #5916 ) ;
#1297 = CARTESIAN_POINT ( 'NONE',  ( 0.1750000000000001000, 0.0000000000000000000, -1.099999999999999900 ) ) ;
#1298 = CARTESIAN_POINT ( 'NONE',  ( -0.8749999999999996700, 0.0000000000000000000, 1.150000000000004100 ) ) ;
#1299 = MECHANICAL_DESIGN_GEOMETRIC_PRESENTATION_REPRESENTATION (  '', ( #277 ), #1645 ) ;
#1300 = CARTESIAN_POINT ( 'NONE',  ( -1.125000000000000000, 0.0000000000000000000, -1.349999999999992500 ) ) ;
#1301 = CARTESIAN_POINT ( 'NONE',  ( -1.324999999999999300, 0.02000000000000000000, 1.400000000000007200 ) ) ;
#1302 =( NAMED_UNIT ( * ) SI_UNIT ( $, .STERADIAN. ) SOLID_ANGLE_UNIT ( ) );
#1303 = CARTESIAN_POINT ( 'NONE',  ( -1.375000000000000000, 0.02000000000000000000, -1.149999999999993200 ) ) ;
#1304 = SURFACE_SIDE_STYLE ('',( #4943 ) ) ;
#1305 = ORIENTED_EDGE ( 'NONE', *, *, #4220, .T. ) ;
#1306 =( NAMED_UNIT ( * ) PLANE_ANGLE_UNIT ( ) SI_UNIT ( $, .RADIAN. ) );
#1307 = CIRCLE ( 'NONE', #6253, 0.04999999999999991300 ) ;
#1308 = EDGE_CURVE ( 'NONE', #1824, #6108, #3949, .T. ) ;
#1309 = EDGE_LOOP ( 'NONE', ( #3287, #87, #5547, #5153 ) ) ;
#1310 = CARTESIAN_POINT ( 'NONE',  ( -0.1249999999999997900, 0.0000000000000000000, 1.349999999999999900 ) ) ;
#1311 = ORIENTED_EDGE ( 'NONE', *, *, #4735, .F. ) ;
#1312 = DIRECTION ( 'NONE',  ( -1.626303258728263800E-015, 0.0000000000000000000, -1.000000000000000000 ) ) ;
#1313 = LINE ( 'NONE', #5984, #6304 ) ;
#1314 = UNCERTAINTY_MEASURE_WITH_UNIT (LENGTH_MEASURE( 1.000000000000000100E-005 ), #4547, 'distance_accuracy_value', 'NONE');
#1315 = SURFACE_STYLE_USAGE ( .BOTH. , #4309 ) ;
#1316 = AXIS2_PLACEMENT_3D ( 'NONE', #5320, #3372, #6344 ) ;
#1317 = DIRECTION ( 'NONE',  ( 2.602085213965215100E-014, 0.0000000000000000000, 1.000000000000000000 ) ) ;
#1318 =( NAMED_UNIT ( * ) PLANE_ANGLE_UNIT ( ) SI_UNIT ( $, .RADIAN. ) );
#1319 = VECTOR ( 'NONE', #4070, 1000.000000000000000 ) ;
#1320 = CARTESIAN_POINT ( 'NONE',  ( 0.0000000000000000000, 0.02000000000000000000, -0.6999999999999997300 ) ) ;
#1321 = PRESENTATION_LAYER_ASSIGNMENT (  '', '', ( #296 ) ) ;
#1322 =( NAMED_UNIT ( * ) SI_UNIT ( $, .STERADIAN. ) SOLID_ANGLE_UNIT ( ) );
#1323 = AXIS2_PLACEMENT_3D ( 'NONE', #4320, #4190, #5779 ) ;
#1324 = DIRECTION ( 'NONE',  ( -1.000000000000000000, 0.0000000000000000000, 0.0000000000000000000 ) ) ;
#1325 =( LENGTH_UNIT ( ) NAMED_UNIT ( * ) SI_UNIT ( .MILLI., .METRE. ) );
#1326 = VECTOR ( 'NONE', #3331, 1000.000000000000000 ) ;
#1327 = EDGE_CURVE ( 'NONE', #4695, #6446, #5090, .T. ) ;
#1328 = ORIENTED_EDGE ( 'NONE', *, *, #1956, .T. ) ;
#1329 = DIRECTION ( 'NONE',  ( 0.0000000000000000000, 0.0000000000000000000, 1.000000000000000000 ) ) ;
#1330 = VERTEX_POINT ( 'NONE', #3972 ) ;
#1331 = LINE ( 'NONE', #5329, #3992 ) ;
#1332 =( NAMED_UNIT ( * ) SI_UNIT ( $, .STERADIAN. ) SOLID_ANGLE_UNIT ( ) );
#1333 = UNCERTAINTY_MEASURE_WITH_UNIT (LENGTH_MEASURE( 1.000000000000000100E-005 ), #4366, 'distance_accuracy_value', 'NONE');
#1334 = STYLED_ITEM ( 'NONE', ( #5166 ), #3226 ) ;
#1335 = CARTESIAN_POINT ( 'NONE',  ( -0.1749999999999998200, 0.02000000000000000000, 1.350000000000000300 ) ) ;
#1336 = FACE_OUTER_BOUND ( 'NONE', #1723, .T. ) ;
#1337 = ORIENTED_EDGE ( 'NONE', *, *, #1460, .F. ) ;
#1338 = DIRECTION ( 'NONE',  ( 0.0000000000000000000, 0.0000000000000000000, -1.000000000000000000 ) ) ;
#1339 = FILL_AREA_STYLE ('',( #5298 ) ) ;
#1340 = COLOUR_RGB ( '',0.7529411764705882200, 0.7529411764705882200, 0.7529411764705882200 ) ;
#1341 = ORIENTED_EDGE ( 'NONE', *, *, #6341, .T. ) ;
#1342 = SURFACE_STYLE_FILL_AREA ( #6385 ) ;
#1343 =( NAMED_UNIT ( * ) SI_UNIT ( $, .STERADIAN. ) SOLID_ANGLE_UNIT ( ) );
#1344 = DIRECTION ( 'NONE',  ( -0.0000000000000000000, -1.000000000000000000, -0.0000000000000000000 ) ) ;
#1345 = UNCERTAINTY_MEASURE_WITH_UNIT (LENGTH_MEASURE( 1.000000000000000100E-005 ), #2757, 'distance_accuracy_value', 'NONE');
#1346 = ORIENTED_EDGE ( 'NONE', *, *, #3385, .T. ) ;
#1347 = SURFACE_STYLE_FILL_AREA ( #5249 ) ;
#1348 = PRESENTATION_STYLE_ASSIGNMENT (( #5851 ) ) ;
#1349 = FACE_OUTER_BOUND ( 'NONE', #3256, .T. ) ;
#1350 = DIRECTION ( 'NONE',  ( 0.0000000000000000000, 0.0000000000000000000, 1.000000000000000000 ) ) ;
#1351 = ORIENTED_EDGE ( 'NONE', *, *, #5879, .T. ) ;
#1352 = CYLINDRICAL_SURFACE ( 'NONE', #254, 0.04999999999999991300 ) ;
#1353 = FACE_OUTER_BOUND ( 'NONE', #5015, .T. ) ;
#1354 = ORIENTED_EDGE ( 'NONE', *, *, #5538, .T. ) ;
#1355 = ORIENTED_EDGE ( 'NONE', *, *, #88, .T. ) ;
#1356 = COLOUR_RGB ( '',0.7529411764705882200, 0.7529411764705882200, 0.7529411764705882200 ) ;
#1357 = EDGE_LOOP ( 'NONE', ( #2793, #5215, #4747, #5635 ) ) ;
#1358 = PLANE ( 'NONE',  #4598 ) ;
#1359 = AXIS2_PLACEMENT_3D ( 'NONE', #3873, #1782, #1868 ) ;
#1360 = ORIENTED_EDGE ( 'NONE', *, *, #2409, .F. ) ;
#1361 = FILL_AREA_STYLE_COLOUR ( '', #226 ) ;
#1362 = EDGE_CURVE ( 'NONE', #3963, #1981, #3805, .T. ) ;
#1363 = CIRCLE ( 'NONE', #6149, 0.02000000000000005200 ) ;
#1364 = PLANE ( 'NONE',  #733 ) ;
#1365 = VERTEX_POINT ( 'NONE', #1283 ) ;
#1366 = FILL_AREA_STYLE ('',( #339 ) ) ;
#1367 = ORIENTED_EDGE ( 'NONE', *, *, #2634, .F. ) ;
#1368 = STYLED_ITEM ( 'NONE', ( #5620 ), #4489 ) ;
#1369 = PRESENTATION_LAYER_ASSIGNMENT (  '', '', ( #1027 ) ) ;
#1370 =( NAMED_UNIT ( * ) SI_UNIT ( $, .STERADIAN. ) SOLID_ANGLE_UNIT ( ) );
#1371 = VERTEX_POINT ( 'NONE', #4757 ) ;
#1372 = SURFACE_STYLE_FILL_AREA ( #5658 ) ;
#1374 = VERTEX_POINT ( 'NONE', #5517 ) ;
#1373 = CARTESIAN_POINT ( 'NONE',  ( 0.1249999999999997400, 0.0000000000000000000, -1.150000000000000100 ) ) ;
#1375 = EDGE_CURVE ( 'NONE', #4130, #1371, #2316, .T. ) ;
#1376 =( NAMED_UNIT ( * ) SI_UNIT ( $, .STERADIAN. ) SOLID_ANGLE_UNIT ( ) );
#1377 =( NAMED_UNIT ( * ) SI_UNIT ( $, .STERADIAN. ) SOLID_ANGLE_UNIT ( ) );
#1378 = STYLED_ITEM ( 'NONE', ( #5896 ), #5452 ) ;
#1379 = ORIENTED_EDGE ( 'NONE', *, *, #4327, .T. ) ;
#1380 = STYLED_ITEM ( 'NONE', ( #5657 ), #2784 ) ;
#1381 = DIRECTION ( 'NONE',  ( -0.0000000000000000000, -1.000000000000000000, -0.0000000000000000000 ) ) ;
#1382 = MECHANICAL_DESIGN_GEOMETRIC_PRESENTATION_REPRESENTATION (  '', ( #695 ), #1718 ) ;
#1383 = ADVANCED_FACE ( 'NONE', ( #91 ), #5642, .T. ) ;
#1384 = LINE ( 'NONE', #4989, #2566 ) ;
#1385 = SURFACE_SIDE_STYLE ('',( #5931 ) ) ;
#1386 = DIRECTION ( 'NONE',  ( -0.0000000000000000000, -1.000000000000000000, -0.0000000000000000000 ) ) ;
#1387 =( NAMED_UNIT ( * ) PLANE_ANGLE_UNIT ( ) SI_UNIT ( $, .RADIAN. ) );
#1388 =( GEOMETRIC_REPRESENTATION_CONTEXT ( 3 ) GLOBAL_UNCERTAINTY_ASSIGNED_CONTEXT ( ( #1605 ) ) GLOBAL_UNIT_ASSIGNED_CONTEXT ( ( #1476, #4950, #1975 ) ) REPRESENTATION_CONTEXT ( 'NONE', 'WORKASPACE' ) );
#1389 = CARTESIAN_POINT ( 'NONE',  ( -1.175000000000000300, 0.02000000000000000000, 1.400000000000007200 ) ) ;
#1390 = ORIENTED_EDGE ( 'NONE', *, *, #3297, .F. ) ;
#1391 = DIRECTION ( 'NONE',  ( -0.0000000000000000000, 0.0000000000000000000, 1.000000000000000000 ) ) ;
#1392 = FILL_AREA_STYLE ('',( #1761 ) ) ;
#1393 = VERTEX_POINT ( 'NONE', #3368 ) ;
#1394 = DIRECTION ( 'NONE',  ( 0.0000000000000000000, 1.000000000000000000, 0.0000000000000000000 ) ) ;
#1395 = PRESENTATION_LAYER_ASSIGNMENT (  '', '', ( #1063 ) ) ;
#1396 = EDGE_CURVE ( 'NONE', #59, #6216, #3183, .T. ) ;
#1397 = PRESENTATION_STYLE_ASSIGNMENT (( #4636 ) ) ;
#1398 = FILL_AREA_STYLE ('',( #2878 ) ) ;
#1399 = SURFACE_STYLE_USAGE ( .BOTH. , #419 ) ;
#1400 =( GEOMETRIC_REPRESENTATION_CONTEXT ( 3 ) GLOBAL_UNCERTAINTY_ASSIGNED_CONTEXT ( ( #231 ) ) GLOBAL_UNIT_ASSIGNED_CONTEXT ( ( #4789, #1817, #5272 ) ) REPRESENTATION_CONTEXT ( 'NONE', 'WORKASPACE' ) );
#1401 = SURFACE_SIDE_STYLE ('',( #2688 ) ) ;
#1402 = AXIS2_PLACEMENT_3D ( 'NONE', #6487, #1394, #1003 ) ;
#1403 = LINE ( 'NONE', #637, #3755 ) ;
#1404 = DIRECTION ( 'NONE',  ( 0.0000000000000000000, 0.0000000000000000000, 1.000000000000000000 ) ) ;
#1405 = DIRECTION ( 'NONE',  ( 0.0000000000000000000, 0.0000000000000000000, 1.000000000000000000 ) ) ;
#1406 = ORIENTED_EDGE ( 'NONE', *, *, #2590, .T. ) ;
#1407 = EDGE_CURVE ( 'NONE', #1022, #4330, #494, .T. ) ;
#1408 = VECTOR ( 'NONE', #1920, 1000.000000000000000 ) ;
#1409 = CYLINDRICAL_SURFACE ( 'NONE', #6022, 0.02000000000000005200 ) ;
#1410 = STYLED_ITEM ( 'NONE', ( #1801 ), #4976 ) ;
#1411 = MECHANICAL_DESIGN_GEOMETRIC_PRESENTATION_REPRESENTATION (  '', ( #385 ), #1745 ) ;
#1412 = MANIFOLD_SOLID_BREP ( 'Boss-Extrude2[12]', #2320 ) ;
#1413 = ORIENTED_EDGE ( 'NONE', *, *, #4958, .F. ) ;
#1414 = PRESENTATION_STYLE_ASSIGNMENT (( #4618 ) ) ;
#1415 =( NAMED_UNIT ( * ) SI_UNIT ( $, .STERADIAN. ) SOLID_ANGLE_UNIT ( ) );
#1416 = VERTEX_POINT ( 'NONE', #3924 ) ;
#1417 = UNCERTAINTY_MEASURE_WITH_UNIT (LENGTH_MEASURE( 1.000000000000000100E-005 ), #2799, 'distance_accuracy_value', 'NONE');
#1418 = EDGE_CURVE ( 'NONE', #5241, #5549, #2551, .T. ) ;
#1419 = EDGE_LOOP ( 'NONE', ( #3250, #352, #5010, #139 ) ) ;
#1420 =( NAMED_UNIT ( * ) SI_UNIT ( $, .STERADIAN. ) SOLID_ANGLE_UNIT ( ) );
#1421 = CYLINDRICAL_SURFACE ( 'NONE', #3027, 0.04999999999999991300 ) ;
#1422 = AXIS2_PLACEMENT_3D ( 'NONE', #633, #3266, #4661 ) ;
#1423 = DIRECTION ( 'NONE',  ( -0.0000000000000000000, -1.000000000000000000, 0.0000000000000000000 ) ) ;
#1424 = COLOUR_RGB ( '',0.7529411764705882200, 0.7529411764705882200, 0.7529411764705882200 ) ;
#1425 = PRESENTATION_LAYER_ASSIGNMENT (  '', '', ( #1093 ) ) ;
#1426 = ORIENTED_EDGE ( 'NONE', *, *, #1534, .F. ) ;
#1427 = ORIENTED_EDGE ( 'NONE', *, *, #3881, .T. ) ;
#1428 =( LENGTH_UNIT ( ) NAMED_UNIT ( * ) SI_UNIT ( .MILLI., .METRE. ) );
#1429 = SURFACE_STYLE_FILL_AREA ( #6295 ) ;
#1430 = EDGE_LOOP ( 'NONE', ( #3715, #2293, #2676, #1051 ) ) ;
#1431 = CARTESIAN_POINT ( 'NONE',  ( -0.6750000000000000400, 0.02000000000000000000, -1.349999999999996300 ) ) ;
#1432 = VERTEX_POINT ( 'NONE', #4524 ) ;
#1433 = VECTOR ( 'NONE', #3964, 1000.000000000000000 ) ;
#1434 = VECTOR ( 'NONE', #3284, 1000.000000000000000 ) ;
#1435 = DIRECTION ( 'NONE',  ( 0.0000000000000000000, -1.000000000000000000, 0.0000000000000000000 ) ) ;
#1436 = SURFACE_STYLE_USAGE ( .BOTH. , #2182 ) ;
#1437 = ORIENTED_EDGE ( 'NONE', *, *, #1695, .T. ) ;
#1438 = EDGE_CURVE ( 'NONE', #4385, #5861, #4479, .T. ) ;
#1439 = CARTESIAN_POINT ( 'NONE',  ( -1.175000000000000000, 0.02000000000000000000, -1.149999999999992800 ) ) ;
#1440 = EDGE_LOOP ( 'NONE', ( #3112, #3003, #6159, #5029 ) ) ;
#1441 = CARTESIAN_POINT ( 'NONE',  ( 1.274999999999999900, 0.0000000000000000000, -4.423544863740856100E-016 ) ) ;
#1442 = MECHANICAL_DESIGN_GEOMETRIC_PRESENTATION_REPRESENTATION (  '', ( #759 ), #1772 ) ;
#1443 = LINE ( 'NONE', #784, #83 ) ;
#1444 = CIRCLE ( 'NONE', #1482, 0.04999999999999991300 ) ;
#1445 = DIRECTION ( 'NONE',  ( -0.0000000000000000000, -1.000000000000000000, -0.0000000000000000000 ) ) ;
#1446 = ORIENTED_EDGE ( 'NONE', *, *, #4305, .T. ) ;
#1447 = ADVANCED_FACE ( 'NONE', ( #6354 ), #734, .F. ) ;
#1448 =( NAMED_UNIT ( * ) SI_UNIT ( $, .STERADIAN. ) SOLID_ANGLE_UNIT ( ) );
#1449 = CARTESIAN_POINT ( 'NONE',  ( 0.6250000000000005600, 0.02000000000000000000, 1.150000000000004100 ) ) ;
#1450 = PLANE ( 'NONE',  #2648 ) ;
#1451 = VERTEX_POINT ( 'NONE', #3740 ) ;
#1452 = CARTESIAN_POINT ( 'NONE',  ( 0.6249999999999998900, 0.02000000000000000000, -3.388131789017214200E-016 ) ) ;
#1453 = PRESENTATION_STYLE_ASSIGNMENT (( #283 ) ) ;
#1454 = AXIS2_PLACEMENT_3D ( 'NONE', #4675, #2726, #4705 ) ;
#1455 = ORIENTED_EDGE ( 'NONE', *, *, #651, .T. ) ;
#1456 =( GEOMETRIC_REPRESENTATION_CONTEXT ( 3 ) GLOBAL_UNCERTAINTY_ASSIGNED_CONTEXT ( ( #650 ) ) GLOBAL_UNIT_ASSIGNED_CONTEXT ( ( #3367, #4360, #5738 ) ) REPRESENTATION_CONTEXT ( 'NONE', 'WORKASPACE' ) );
#1457 = DIRECTION ( 'NONE',  ( 0.0000000000000000000, 1.000000000000000000, -0.0000000000000000000 ) ) ;
#1458 = CARTESIAN_POINT ( 'NONE',  ( 1.175000000000000000, 0.0000000000000000000, -1.099999999999993400 ) ) ;
#1459 =( NAMED_UNIT ( * ) SI_UNIT ( $, .STERADIAN. ) SOLID_ANGLE_UNIT ( ) );
#1460 = EDGE_CURVE ( 'NONE', #6446, #143, #730, .T. ) ;
#1461 = PRESENTATION_STYLE_ASSIGNMENT (( #2984 ) ) ;
#1462 = SURFACE_SIDE_STYLE ('',( #5871 ) ) ;
#1463 = MECHANICAL_DESIGN_GEOMETRIC_PRESENTATION_REPRESENTATION (  '', ( #774 ), #1791 ) ;
#1464 = MECHANICAL_DESIGN_GEOMETRIC_PRESENTATION_REPRESENTATION (  '', ( #776 ), #1792 ) ;
#1465 = DIRECTION ( 'NONE',  ( 0.0000000000000000000, 0.0000000000000000000, -1.000000000000000000 ) ) ;
#1466 = ORIENTED_EDGE ( 'NONE', *, *, #4397, .F. ) ;
#1467 = CARTESIAN_POINT ( 'NONE',  ( 0.6750000000000001600, 0.02000000000000000000, -1.099999999999996800 ) ) ;
#1468 = CARTESIAN_POINT ( 'NONE',  ( 0.8250000000000005100, 0.0000000000000000000, 1.350000000000003900 ) ) ;
#1469 =( LENGTH_UNIT ( ) NAMED_UNIT ( * ) SI_UNIT ( .MILLI., .METRE. ) );
#1470 = CARTESIAN_POINT ( 'NONE',  ( -0.8249999999999998400, 0.02000000000000000000, -1.149999999999996600 ) ) ;
#1471 =( NAMED_UNIT ( * ) SI_UNIT ( $, .STERADIAN. ) SOLID_ANGLE_UNIT ( ) );
#1472 = ORIENTED_EDGE ( 'NONE', *, *, #2158, .F. ) ;
#1473 = DIRECTION ( 'NONE',  ( 0.0000000000000000000, 0.0000000000000000000, 1.000000000000000000 ) ) ;
#1474 = CARTESIAN_POINT ( 'NONE',  ( -0.3249999999999995700, 0.02000000000000000000, -1.099999999999999900 ) ) ;
#1475 = DIRECTION ( 'NONE',  ( 0.0000000000000000000, 1.000000000000000000, -0.0000000000000000000 ) ) ;
#1476 =( LENGTH_UNIT ( ) NAMED_UNIT ( * ) SI_UNIT ( .MILLI., .METRE. ) );
#1477 = COLOUR_RGB ( '',0.7529411764705882200, 0.7529411764705882200, 0.7529411764705882200 ) ;
#1478 =( NAMED_UNIT ( * ) PLANE_ANGLE_UNIT ( ) SI_UNIT ( $, .RADIAN. ) );
#1479 = FILL_AREA_STYLE ('',( #1642 ) ) ;
#1480 = COLOUR_RGB ( '',0.7529411764705882200, 0.7529411764705882200, 0.7529411764705882200 ) ;
#1481 = DIRECTION ( 'NONE',  ( 1.000000000000000000, 0.0000000000000000000, 0.0000000000000000000 ) ) ;
#1482 = AXIS2_PLACEMENT_3D ( 'NONE', #1237, #5833, #2890 ) ;
#1483 = FACE_OUTER_BOUND ( 'NONE', #579, .T. ) ;
#1484 =( NAMED_UNIT ( * ) PLANE_ANGLE_UNIT ( ) SI_UNIT ( $, .RADIAN. ) );
#1485 = EDGE_CURVE ( 'NONE', #3637, #6404, #5863, .T. ) ;
#1486 = CARTESIAN_POINT ( 'NONE',  ( -1.175000000000000300, 0.0000000000000000000, 1.100000000000007200 ) ) ;
#1487 =( NAMED_UNIT ( * ) SI_UNIT ( $, .STERADIAN. ) SOLID_ANGLE_UNIT ( ) );
#1488 = AXIS2_PLACEMENT_3D ( 'NONE', #5330, #2365, #5830 ) ;
#1489 = VERTEX_POINT ( 'NONE', #1263 ) ;
#1490 = CARTESIAN_POINT ( 'NONE',  ( 0.3250000000000004000, 0.02000000000000000000, 1.150000000000000100 ) ) ;
#1491 =( NAMED_UNIT ( * ) SI_UNIT ( $, .STERADIAN. ) SOLID_ANGLE_UNIT ( ) );
#1492 = CARTESIAN_POINT ( 'NONE',  ( -1.499999999999999600, 0.5500000000000000400, 1.480000000000000000 ) ) ;
#1493 = AXIS2_PLACEMENT_3D ( 'NONE', #31, #5552, #4094 ) ;
#1494 = LINE ( 'NONE', #3308, #5279 ) ;
#1495 = EDGE_CURVE ( 'NONE', #5217, #1216, #573, .T. ) ;
#1496 = SURFACE_SIDE_STYLE ('',( #56 ) ) ;
#1497 = EDGE_LOOP ( 'NONE', ( #51, #309, #2514, #2875, #5831, #4796, #6350, #2537 ) ) ;
#1498 = CYLINDRICAL_SURFACE ( 'NONE', #1204, 0.02000000000000005200 ) ;
#1499 =( LENGTH_UNIT ( ) NAMED_UNIT ( * ) SI_UNIT ( .MILLI., .METRE. ) );
#1500 = DIRECTION ( 'NONE',  ( -0.0000000000000000000, -1.000000000000000000, 0.0000000000000000000 ) ) ;
#1501 = CIRCLE ( 'NONE', #4542, 0.05000000000000012800 ) ;
#1502 = STYLED_ITEM ( 'NONE', ( #5268 ), #5271 ) ;
#1503 = SURFACE_STYLE_USAGE ( .BOTH. , #5467 ) ;
#1504 = AXIS2_PLACEMENT_3D ( 'NONE', #2163, #5137, #5636 ) ;
#1505 = EDGE_LOOP ( 'NONE', ( #6294, #557, #3012, #1256 ) ) ;
#1506 = ORIENTED_EDGE ( 'NONE', *, *, #1656, .T. ) ;
#1507 = VECTOR ( 'NONE', #6330, 1000.000000000000000 ) ;
#1508 = EDGE_CURVE ( 'NONE', #6084, #520, #4560, .T. ) ;
#1509 = LINE ( 'NONE', #1197, #2683 ) ;
#1510 = ORIENTED_EDGE ( 'NONE', *, *, #4624, .T. ) ;
#1511 = CARTESIAN_POINT ( 'NONE',  ( 0.0000000000000000000, 0.02000000000000000000, 1.400000000000007200 ) ) ;
#1512 = VERTEX_POINT ( 'NONE', #1763 ) ;
#1513 = AXIS2_PLACEMENT_3D ( 'NONE', #36, #3576, #567 ) ;
#1514 = FILL_AREA_STYLE_COLOUR ( '', #5937 ) ;
#1515 =( GEOMETRIC_REPRESENTATION_CONTEXT ( 3 ) GLOBAL_UNCERTAINTY_ASSIGNED_CONTEXT ( ( #5043 ) ) GLOBAL_UNIT_ASSIGNED_CONTEXT ( ( #581, #4096, #1098 ) ) REPRESENTATION_CONTEXT ( 'NONE', 'WORKASPACE' ) );
#1516 = LINE ( 'NONE', #2909, #5301 ) ;
#1517 = ORIENTED_EDGE ( 'NONE', *, *, #2941, .T. ) ;
#1518 = CARTESIAN_POINT ( 'NONE',  ( 1.479999999999999800, 0.5300000000000000300, -1.480000000000000000 ) ) ;
#1519 = LINE ( 'NONE', #3041, #4023 ) ;
#1520 = ORIENTED_EDGE ( 'NONE', *, *, #1068, .T. ) ;
#1521 = CLOSED_SHELL ( 'NONE', ( #5814, #4890, #320, #3085, #3243, #2021, #4696, #3054, #1861, #6339 ) ) ;
#1522 = DIRECTION ( 'NONE',  ( -1.000000000000000000, 0.0000000000000000000, -0.0000000000000000000 ) ) ;
#1523 = DIRECTION ( 'NONE',  ( 0.0000000000000000000, 0.0000000000000000000, 1.000000000000000000 ) ) ;
#1524 = CARTESIAN_POINT ( 'NONE',  ( -0.1750000000000001600, 0.0000000000000000000, 1.400000000000000100 ) ) ;
#1525 = FILL_AREA_STYLE_COLOUR ( '', #3663 ) ;
#1526 = UNCERTAINTY_MEASURE_WITH_UNIT (LENGTH_MEASURE( 1.000000000000000100E-005 ), #6144, 'distance_accuracy_value', 'NONE');
#1527 = LINE ( 'NONE', #13, #2698 ) ;
#1528 = SURFACE_STYLE_USAGE ( .BOTH. , #4500 ) ;
#1529 = CARTESIAN_POINT ( 'NONE',  ( -1.174999999999999800, 0.02000000000000000000, 1.150000000000007200 ) ) ;
#1530 = ORIENTED_EDGE ( 'NONE', *, *, #4412, .T. ) ;
#1531 = VERTEX_POINT ( 'NONE', #1788 ) ;
#1532 = CARTESIAN_POINT ( 'NONE',  ( -1.479999999999999500, 0.5300000000000000300, 1.480000000000000000 ) ) ;
#1533 = ADVANCED_FACE ( 'NONE', ( #4399 ), #1281, .T. ) ;
#1534 = EDGE_CURVE ( 'NONE', #1235, #327, #5231, .T. ) ;
#1535 = SURFACE_STYLE_FILL_AREA ( #6148 ) ;
#1536 = SURFACE_STYLE_FILL_AREA ( #3341 ) ;
#1537 = LINE ( 'NONE', #3357, #5324 ) ;
#1538 = ORIENTED_EDGE ( 'NONE', *, *, #2211, .T. ) ;
#1539 = AXIS2_PLACEMENT_3D ( 'NONE', #1691, #5155, #2190 ) ;
#1540 = AXIS2_PLACEMENT_3D ( 'NONE', #2160, #2031, #77 ) ;
#1541 = ORIENTED_EDGE ( 'NONE', *, *, #4412, .F. ) ;
#1542 =( NAMED_UNIT ( * ) PLANE_ANGLE_UNIT ( ) SI_UNIT ( $, .RADIAN. ) );
#1543 = EDGE_CURVE ( 'NONE', #6168, #469, #1903, .T. ) ;
#1544 = SURFACE_SIDE_STYLE ('',( #675 ) ) ;
#1545 = UNCERTAINTY_MEASURE_WITH_UNIT (LENGTH_MEASURE( 1.000000000000000100E-005 ), #2111, 'distance_accuracy_value', 'NONE');
#1546 = PRESENTATION_LAYER_ASSIGNMENT (  '', '', ( #522 ) ) ;
#1547 =( GEOMETRIC_REPRESENTATION_CONTEXT ( 3 ) GLOBAL_UNCERTAINTY_ASSIGNED_CONTEXT ( ( #2512 ) ) GLOBAL_UNIT_ASSIGNED_CONTEXT ( ( #5431, #5481, #1448 ) ) REPRESENTATION_CONTEXT ( 'NONE', 'WORKASPACE' ) );
#1548 = CARTESIAN_POINT ( 'NONE',  ( 1.274999999999999900, 0.02000000000000000000, -4.423544863740856100E-016 ) ) ;
#1549 = CARTESIAN_POINT ( 'NONE',  ( 1.175000000000000700, 0.0000000000000000000, 1.350000000000006300 ) ) ;
#1550 = CARTESIAN_POINT ( 'NONE',  ( -0.6749999999999998200, 0.02000000000000000000, 1.350000000000003900 ) ) ;
#1551 =( LENGTH_UNIT ( ) NAMED_UNIT ( * ) SI_UNIT ( .MILLI., .METRE. ) );
#1552 = CIRCLE ( 'NONE', #5041, 0.04999999999999991300 ) ;
#1553 = UNCERTAINTY_MEASURE_WITH_UNIT (LENGTH_MEASURE( 1.000000000000000100E-005 ), #3874, 'distance_accuracy_value', 'NONE');
#1554 = EDGE_CURVE ( 'NONE', #6084, #2230, #6424, .T. ) ;
#1555 = VECTOR ( 'NONE', #4249, 1000.000000000000000 ) ;
#1556 = LINE ( 'NONE', #626, #3579 ) ;
#1557 = ORIENTED_EDGE ( 'NONE', *, *, #2189, .F. ) ;
#1558 = CARTESIAN_POINT ( 'NONE',  ( -1.125000000000001100, 0.02000000000000000000, 1.219727444046198600E-015 ) ) ;
#1559 = VERTEX_POINT ( 'NONE', #2118 ) ;
#1560 = AXIS2_PLACEMENT_3D ( 'NONE', #1320, #2823, #5773 ) ;
#1561 = DIRECTION ( 'NONE',  ( 0.0000000000000000000, 0.0000000000000000000, -1.000000000000000000 ) ) ;
#1562 = SURFACE_STYLE_FILL_AREA ( #4582 ) ;
#1563 = ADVANCED_FACE ( 'NONE', ( #1135 ), #2624, .T. ) ;
#1564 = COLOUR_RGB ( '',0.7529411764705882200, 0.7529411764705882200, 0.7529411764705882200 ) ;
#1565 = DIRECTION ( 'NONE',  ( -0.0000000000000000000, -1.000000000000000000, -0.0000000000000000000 ) ) ;
#1566 = CARTESIAN_POINT ( 'NONE',  ( -0.1749999999999999600, 0.02000000000000000000, -1.349999999999999900 ) ) ;
#1567 = DIRECTION ( 'NONE',  ( -1.000000000000000000, 0.0000000000000000000, 1.445602896647339200E-016 ) ) ;
#1568 = DIRECTION ( 'NONE',  ( 1.000000000000000000, 0.0000000000000000000, -1.445602896647346200E-015 ) ) ;
#1569 = DIRECTION ( 'NONE',  ( 0.0000000000000000000, 0.0000000000000000000, -1.000000000000000000 ) ) ;
#1570 = CARTESIAN_POINT ( 'NONE',  ( -0.3249999999999995700, 0.0000000000000000000, -1.099999999999999900 ) ) ;
#1571 = SURFACE_SIDE_STYLE ('',( #2563 ) ) ;
#1572 = SURFACE_SIDE_STYLE ('',( #575 ) ) ;
#1573 = DIRECTION ( 'NONE',  ( -1.000000000000000000, 0.0000000000000000000, 0.0000000000000000000 ) ) ;
#1574 = EDGE_LOOP ( 'NONE', ( #5564, #6128, #192, #3558, #1346, #960, #1059, #3863 ) ) ;
#1575 = LINE ( 'NONE', #2449, #5052 ) ;
#1576 = FACE_OUTER_BOUND ( 'NONE', #6409, .T. ) ;
#1577 = VERTEX_POINT ( 'NONE', #4652 ) ;
#1578 = SURFACE_STYLE_USAGE ( .BOTH. , #2199 ) ;
#1579 = COLOUR_RGB ( '',0.7529411764705882200, 0.7529411764705882200, 0.7529411764705882200 ) ;
#1580 = FACE_OUTER_BOUND ( 'NONE', #3989, .T. ) ;
#1581 = STYLED_ITEM ( 'NONE', ( #1414 ), #4570 ) ;
#1582 = PRESENTATION_LAYER_ASSIGNMENT (  '', '', ( #1238 ) ) ;
#1583 = ORIENTED_EDGE ( 'NONE', *, *, #2125, .T. ) ;
#1584 = CARTESIAN_POINT ( 'NONE',  ( 1.324999999999999300, 0.02000000000000000000, -1.399999999999993500 ) ) ;
#1585 = CIRCLE ( 'NONE', #5988, 0.05000000000000012800 ) ;
#1586 = EDGE_CURVE ( 'NONE', #5156, #2849, #3799, .T. ) ;
#1587 = SURFACE_SIDE_STYLE ('',( #3852 ) ) ;
#1588 = DIRECTION ( 'NONE',  ( 0.0000000000000000000, 1.000000000000000000, -0.0000000000000000000 ) ) ;
#1589 = PRESENTATION_STYLE_ASSIGNMENT (( #4140 ) ) ;
#1590 = ORIENTED_EDGE ( 'NONE', *, *, #4990, .T. ) ;
#1591 = FILL_AREA_STYLE_COLOUR ( '', #3386 ) ;
#1592 =( NAMED_UNIT ( * ) SI_UNIT ( $, .STERADIAN. ) SOLID_ANGLE_UNIT ( ) );
#1593 = PRESENTATION_LAYER_ASSIGNMENT (  '', '', ( #1242 ) ) ;
#1594 = COLOUR_RGB ( '',0.7529411764705882200, 0.7529411764705882200, 0.7529411764705882200 ) ;
#1595 = CARTESIAN_POINT ( 'NONE',  ( 1.125000000000000900, 0.02000000000000000000, 1.150000000000006800 ) ) ;
#1596 = ORIENTED_EDGE ( 'NONE', *, *, #4990, .F. ) ;
#1597 = VECTOR ( 'NONE', #2444, 1000.000000000000000 ) ;
#1598 = STYLED_ITEM ( 'NONE', ( #4956 ), #3054 ) ;
#1599 = COLOUR_RGB ( '',0.7529411764705882200, 0.7529411764705882200, 0.7529411764705882200 ) ;
#1600 = DIRECTION ( 'NONE',  ( 1.000000000000000000, -0.0000000000000000000, 0.0000000000000000000 ) ) ;
#1601 = EDGE_LOOP ( 'NONE', ( #411, #1677, #2113, #2605, #93, #2798, #1354, #3090 ) ) ;
#1602 = VERTEX_POINT ( 'NONE', #175 ) ;
#1603 = CIRCLE ( 'NONE', #3538, 0.04999999999999991300 ) ;
#1604 = FILL_AREA_STYLE_COLOUR ( '', #4392 ) ;
#1605 = UNCERTAINTY_MEASURE_WITH_UNIT (LENGTH_MEASURE( 1.000000000000000100E-005 ), #1476, 'distance_accuracy_value', 'NONE');
#1606 = ADVANCED_FACE ( 'NONE', ( #4934 ), #3657, .F. ) ;
#1607 = COLOUR_RGB ( '',0.7529411764705882200, 0.7529411764705882200, 0.7529411764705882200 ) ;
#1608 = ORIENTED_EDGE ( 'NONE', *, *, #5724, .T. ) ;
#1609 = PRESENTATION_LAYER_ASSIGNMENT (  '', '', ( #1922 ) ) ;
#1610 = DIRECTION ( 'NONE',  ( 0.0000000000000000000, 0.0000000000000000000, -1.000000000000000000 ) ) ;
#1611 = LINE ( 'NONE', #6393, #4109 ) ;
#1612 =( LENGTH_UNIT ( ) NAMED_UNIT ( * ) SI_UNIT ( .MILLI., .METRE. ) );
#1613 = ORIENTED_EDGE ( 'NONE', *, *, #180, .F. ) ;
#1614 = CARTESIAN_POINT ( 'NONE',  ( -0.3249999999999993400, 0.02000000000000000000, 1.100000000000000300 ) ) ;
#1615 = DIRECTION ( 'NONE',  ( -0.0000000000000000000, -1.000000000000000000, -0.0000000000000000000 ) ) ;
#1616 =( GEOMETRIC_REPRESENTATION_CONTEXT ( 3 ) GLOBAL_UNCERTAINTY_ASSIGNED_CONTEXT ( ( #3449 ) ) GLOBAL_UNIT_ASSIGNED_CONTEXT ( ( #6002, #7, #1023 ) ) REPRESENTATION_CONTEXT ( 'NONE', 'WORKASPACE' ) );
#1617 = DIRECTION ( 'NONE',  ( -0.0000000000000000000, -1.000000000000000000, -0.0000000000000000000 ) ) ;
#1618 = ORIENTED_EDGE ( 'NONE', *, *, #5191, .T. ) ;
#1619 = PLANE ( 'NONE',  #1813 ) ;
#1620 = FACE_OUTER_BOUND ( 'NONE', #3336, .T. ) ;
#1621 = SURFACE_STYLE_FILL_AREA ( #307 ) ;
#1622 = SURFACE_SIDE_STYLE ('',( #1562 ) ) ;
#1623 = EDGE_CURVE ( 'NONE', #2546, #4469, #974, .T. ) ;
#1624 = LINE ( 'NONE', #4124, #5412 ) ;
#1625 = UNCERTAINTY_MEASURE_WITH_UNIT (LENGTH_MEASURE( 1.000000000000000100E-005 ), #4672, 'distance_accuracy_value', 'NONE');
#1626 = STYLED_ITEM ( 'NONE', ( #713 ), #4084 ) ;
#1627 = FILL_AREA_STYLE_COLOUR ( '', #1905 ) ;
#1628 = MECHANICAL_DESIGN_GEOMETRIC_PRESENTATION_REPRESENTATION (  '', ( #255 ), #1939 ) ;
#1629 = UNCERTAINTY_MEASURE_WITH_UNIT (LENGTH_MEASURE( 1.000000000000000100E-005 ), #4056, 'distance_accuracy_value', 'NONE');
#1630 = FACE_OUTER_BOUND ( 'NONE', #1118, .T. ) ;
#1631 = FACE_OUTER_BOUND ( 'NONE', #5639, .T. ) ;
#1632 = EDGE_CURVE ( 'NONE', #4026, #5708, #6103, .T. ) ;
#1633 = FACE_OUTER_BOUND ( 'NONE', #3080, .T. ) ;
#1634 = ORIENTED_EDGE ( 'NONE', *, *, #3187, .F. ) ;
#1635 = CARTESIAN_POINT ( 'NONE',  ( 0.0000000000000000000, 0.02000000000000000000, -1.399999999999999700 ) ) ;
#1636 = CARTESIAN_POINT ( 'NONE',  ( 0.0000000000000000000, 0.02000000000000000000, 0.0000000000000000000 ) ) ;
#1637 = STYLED_ITEM ( 'NONE', ( #3760 ), #5175 ) ;
#1638 = VECTOR ( 'NONE', #4414, 1000.000000000000000 ) ;
#1639 = CARTESIAN_POINT ( 'NONE',  ( 0.0000000000000000000, 0.0000000000000000000, -1.099999999999993400 ) ) ;
#1640 = VERTEX_POINT ( 'NONE', #5599 ) ;
#1641 = CARTESIAN_POINT ( 'NONE',  ( 1.479999999999999800, 0.5300000000000000300, -1.500000000000000000 ) ) ;
#1642 = FILL_AREA_STYLE_COLOUR ( '', #3525 ) ;
#1643 = EDGE_CURVE ( 'NONE', #5549, #2230, #3474, .T. ) ;
#1644 = AXIS2_PLACEMENT_3D ( 'NONE', #6461, #3487, #477 ) ;
#1645 =( GEOMETRIC_REPRESENTATION_CONTEXT ( 3 ) GLOBAL_UNCERTAINTY_ASSIGNED_CONTEXT ( ( #903 ) ) GLOBAL_UNIT_ASSIGNED_CONTEXT ( ( #6433, #3454, #447 ) ) REPRESENTATION_CONTEXT ( 'NONE', 'WORKASPACE' ) );
#1646 = FILL_AREA_STYLE_COLOUR ( '', #2416 ) ;
#1647 = DIRECTION ( 'NONE',  ( -0.0000000000000000000, -1.000000000000000000, -0.0000000000000000000 ) ) ;
#1648 = DIRECTION ( 'NONE',  ( 0.0000000000000000000, 0.0000000000000000000, -1.000000000000000000 ) ) ;
#1649 =( LENGTH_UNIT ( ) NAMED_UNIT ( * ) SI_UNIT ( .MILLI., .METRE. ) );
#1650 = DIRECTION ( 'NONE',  ( 0.0000000000000000000, 1.000000000000000000, -0.0000000000000000000 ) ) ;
#1651 =( NAMED_UNIT ( * ) SI_UNIT ( $, .STERADIAN. ) SOLID_ANGLE_UNIT ( ) );
#1652 = VECTOR ( 'NONE', #4363, 1000.000000000000000 ) ;
#1653 =( LENGTH_UNIT ( ) NAMED_UNIT ( * ) SI_UNIT ( .MILLI., .METRE. ) );
#1654 = FILL_AREA_STYLE_COLOUR ( '', #5588 ) ;
#1655 = ORIENTED_EDGE ( 'NONE', *, *, #5515, .F. ) ;
#1656 = EDGE_CURVE ( 'NONE', #327, #4389, #4778, .T. ) ;
#1657 =( NAMED_UNIT ( * ) SI_UNIT ( $, .STERADIAN. ) SOLID_ANGLE_UNIT ( ) );
#1658 = FILL_AREA_STYLE_COLOUR ( '', #453 ) ;
#1659 = FACE_OUTER_BOUND ( 'NONE', #1430, .T. ) ;
#1660 = PRESENTATION_LAYER_ASSIGNMENT (  '', '', ( #987 ) ) ;
#1661 = SURFACE_STYLE_FILL_AREA ( #4709 ) ;
#1662 = LINE ( 'NONE', #3958, #4312 ) ;
#1663 = ORIENTED_EDGE ( 'NONE', *, *, #1189, .F. ) ;
#1664 = ORIENTED_EDGE ( 'NONE', *, *, #6116, .T. ) ;
#1665 = VECTOR ( 'NONE', #701, 1000.000000000000000 ) ;
#1666 = MECHANICAL_DESIGN_GEOMETRIC_PRESENTATION_REPRESENTATION (  '', ( #296 ), #2000 ) ;
#1667 = AXIS2_PLACEMENT_3D ( 'NONE', #1257, #1277, #4255 ) ;
#1668 = SURFACE_STYLE_FILL_AREA ( #2558 ) ;
#1669 = ORIENTED_EDGE ( 'NONE', *, *, #739, .T. ) ;
#1670 =( LENGTH_UNIT ( ) NAMED_UNIT ( * ) SI_UNIT ( .MILLI., .METRE. ) );
#1671 = EDGE_CURVE ( 'NONE', #489, #4176, #3633, .T. ) ;
#1672 = DIRECTION ( 'NONE',  ( 0.0000000000000000000, -0.0000000000000000000, 1.000000000000000000 ) ) ;
#1673 = ORIENTED_EDGE ( 'NONE', *, *, #282, .F. ) ;
#1674 = ORIENTED_EDGE ( 'NONE', *, *, #346, .F. ) ;
#1675 = LINE ( 'NONE', #3178, #3630 ) ;
#1676 = CARTESIAN_POINT ( 'NONE',  ( -1.480000000000000200, 0.03999999999999999400, -1.480000000000000000 ) ) ;
#1677 = ORIENTED_EDGE ( 'NONE', *, *, #3010, .T. ) ;
#1678 = CARTESIAN_POINT ( 'NONE',  ( 0.6749999999999998200, 0.0000000000000000000, -1.149999999999996600 ) ) ;
#1679 = AXIS2_PLACEMENT_3D ( 'NONE', #4217, #4170, #1259 ) ;
#1680 = DIRECTION ( 'NONE',  ( 0.0000000000000000000, 0.0000000000000000000, -1.000000000000000000 ) ) ;
#1681 = SURFACE_STYLE_FILL_AREA ( #279 ) ;
#1682 = ORIENTED_EDGE ( 'NONE', *, *, #4863, .T. ) ;
#1683 = COLOUR_RGB ( '',0.2509803921568627400, 0.2509803921568627400, 0.2509803921568627400 ) ;
#1684 = LINE ( 'NONE', #1467, #331 ) ;
#1685 = ORIENTED_EDGE ( 'NONE', *, *, #2810, .T. ) ;
#1686 = VECTOR ( 'NONE', #509, 1000.000000000000000 ) ;
#1687 = VERTEX_POINT ( 'NONE', #2144 ) ;
#1688 = VECTOR ( 'NONE', #5157, 1000.000000000000000 ) ;
#1689 = SURFACE_SIDE_STYLE ('',( #4750 ) ) ;
#1690 = PRESENTATION_STYLE_ASSIGNMENT (( #4501 ) ) ;
#1691 = CARTESIAN_POINT ( 'NONE',  ( -0.3250000000000000100, 0.02000000000000000000, -1.349999999999999900 ) ) ;
#1692 = PRESENTATION_LAYER_ASSIGNMENT (  '', '', ( #5471 ) ) ;
#1693 = CARTESIAN_POINT ( 'NONE',  ( -1.480000000000000200, 0.5300000000000000300, -1.480000000000000000 ) ) ;
#1694 = DIRECTION ( 'NONE',  ( 0.0000000000000000000, 0.0000000000000000000, 1.000000000000000000 ) ) ;
#1695 = EDGE_CURVE ( 'NONE', #4823, #125, #5944, .T. ) ;
#1696 = UNCERTAINTY_MEASURE_WITH_UNIT (LENGTH_MEASURE( 1.000000000000000100E-005 ), #1551, 'distance_accuracy_value', 'NONE');
#1697 =( NAMED_UNIT ( * ) PLANE_ANGLE_UNIT ( ) SI_UNIT ( $, .RADIAN. ) );
#1698 = LINE ( 'NONE', #3068, #348 ) ;
#1699 = LINE ( 'NONE', #1248, #1555 ) ;
#1700 = PRESENTATION_LAYER_ASSIGNMENT (  '', '', ( #1368 ) ) ;
#1701 = CARTESIAN_POINT ( 'NONE',  ( -1.324999999999999700, 0.02000000000000000000, -1.149999999999993000 ) ) ;
#1702 = DIRECTION ( 'NONE',  ( 1.000000000000000000, -0.0000000000000000000, 0.0000000000000000000 ) ) ;
#1703 = MECHANICAL_DESIGN_GEOMETRIC_PRESENTATION_REPRESENTATION (  '', ( #1027 ), #2036 ) ;
#1704 = VECTOR ( 'NONE', #6462, 1000.000000000000000 ) ;
#1705 = EDGE_LOOP ( 'NONE', ( #3032, #4800, #1355, #1208 ) ) ;
#1706 = FACE_OUTER_BOUND ( 'NONE', #5129, .T. ) ;
#1707 = EDGE_CURVE ( 'NONE', #2214, #5861, #807, .T. ) ;
#1708 = DIRECTION ( 'NONE',  ( -0.0000000000000000000, -1.000000000000000000, 0.0000000000000000000 ) ) ;
#1709 = SURFACE_STYLE_FILL_AREA ( #5092 ) ;
#1710 = CARTESIAN_POINT ( 'NONE',  ( 0.6749999999999996000, 0.0000000000000000000, -1.349999999999996500 ) ) ;
#1711 =( NAMED_UNIT ( * ) PLANE_ANGLE_UNIT ( ) SI_UNIT ( $, .RADIAN. ) );
#1712 = PRESENTATION_LAYER_ASSIGNMENT (  '', '', ( #1378 ) ) ;
#1713 = AXIS2_PLACEMENT_3D ( 'NONE', #6060, #5605, #4247 ) ;
#1714 = DIRECTION ( 'NONE',  ( -0.0000000000000000000, -1.000000000000000000, -0.0000000000000000000 ) ) ;
#1715 = ADVANCED_FACE ( 'NONE', ( #6271 ), #5313, .T. ) ;
#1716 = LINE ( 'NONE', #404, #5516 ) ;
#1717 = SURFACE_SIDE_STYLE ('',( #880 ) ) ;
#1718 =( GEOMETRIC_REPRESENTATION_CONTEXT ( 3 ) GLOBAL_UNCERTAINTY_ASSIGNED_CONTEXT ( ( #3741 ) ) GLOBAL_UNIT_ASSIGNED_CONTEXT ( ( #1649, #4615, #4135 ) ) REPRESENTATION_CONTEXT ( 'NONE', 'WORKASPACE' ) );
#1719 = FILL_AREA_STYLE ('',( #2176 ) ) ;
#1720 = DIRECTION ( 'NONE',  ( 1.000000000000000000, 0.0000000000000000000, -0.0000000000000000000 ) ) ;
#1721 = EDGE_LOOP ( 'NONE', ( #2350, #2844, #632 ) ) ;
#1722 =( NAMED_UNIT ( * ) SI_UNIT ( $, .STERADIAN. ) SOLID_ANGLE_UNIT ( ) );
#1723 = EDGE_LOOP ( 'NONE', ( #1116, #1953, #158, #4402 ) ) ;
#1724 = ORIENTED_EDGE ( 'NONE', *, *, #4904, .T. ) ;
#1725 = SURFACE_STYLE_FILL_AREA ( #1269 ) ;
#1726 = CARTESIAN_POINT ( 'NONE',  ( -0.3249999999999996800, 0.02000000000000000000, 1.350000000000000300 ) ) ;
#1727 = MECHANICAL_DESIGN_GEOMETRIC_PRESENTATION_REPRESENTATION (  '', ( #1063 ), #2073 ) ;
#1728 = FILL_AREA_STYLE_COLOUR ( '', #3781 ) ;
#1729 = VECTOR ( 'NONE', #3384, 1000.000000000000000 ) ;
#1730 = EDGE_CURVE ( 'NONE', #3700, #1230, #162, .T. ) ;
#1731 = ORIENTED_EDGE ( 'NONE', *, *, #5805, .T. ) ;
#1732 = DIRECTION ( 'NONE',  ( -0.0000000000000000000, -1.000000000000000000, -0.0000000000000000000 ) ) ;
#1733 = CARTESIAN_POINT ( 'NONE',  ( 0.8749999999999996700, 0.02000000000000000000, -1.149999999999997000 ) ) ;
#1734 = PRESENTATION_LAYER_ASSIGNMENT (  '', '', ( #1074 ) ) ;
#1735 = ORIENTED_EDGE ( 'NONE', *, *, #20, .T. ) ;
#1736 = LINE ( 'NONE', #4198, #2924 ) ;
#1737 = ORIENTED_EDGE ( 'NONE', *, *, #4523, .T. ) ;
#1738 = CARTESIAN_POINT ( 'NONE',  ( -1.175000000000000300, 0.02000000000000000000, 1.100000000000007200 ) ) ;
#1739 = ORIENTED_EDGE ( 'NONE', *, *, #805, .F. ) ;
#1740 =( NAMED_UNIT ( * ) PLANE_ANGLE_UNIT ( ) SI_UNIT ( $, .RADIAN. ) );
#1741 = EDGE_CURVE ( 'NONE', #2065, #3380, #1527, .T. ) ;
#1742 = ORIENTED_EDGE ( 'NONE', *, *, #4654, .T. ) ;
#1743 = AXIS2_PLACEMENT_3D ( 'NONE', #5274, #2331, #5796 ) ;
#1744 = SURFACE_STYLE_FILL_AREA ( #4767 ) ;
#1745 =( GEOMETRIC_REPRESENTATION_CONTEXT ( 3 ) GLOBAL_UNCERTAINTY_ASSIGNED_CONTEXT ( ( #4532 ) ) GLOBAL_UNIT_ASSIGNED_CONTEXT ( ( #3818, #6326, #6306 ) ) REPRESENTATION_CONTEXT ( 'NONE', 'WORKASPACE' ) );
#1746 = CARTESIAN_POINT ( 'NONE',  ( 1.374999999999999600, 0.02000000000000000000, 0.0000000000000000000 ) ) ;
#1747 = DIRECTION ( 'NONE',  ( 0.0000000000000000000, 1.000000000000000000, -0.0000000000000000000 ) ) ;
#1748 = FILL_AREA_STYLE ('',( #5207 ) ) ;
#1749 = LINE ( 'NONE', #5237, #3105 ) ;
#1750 = ORIENTED_EDGE ( 'NONE', *, *, #979, .F. ) ;
#1751 = EDGE_CURVE ( 'NONE', #1824, #785, #4031, .T. ) ;
#1752 = DIRECTION ( 'NONE',  ( -5.421010862427538900E-016, 0.0000000000000000000, -1.000000000000000000 ) ) ;
#1753 = PRESENTATION_STYLE_ASSIGNMENT (( #5483 ) ) ;
#1754 = CARTESIAN_POINT ( 'NONE',  ( 0.6249999999999998900, 0.02000000000000000000, -3.388131789017214200E-016 ) ) ;
#1755 = SURFACE_STYLE_FILL_AREA ( #2185 ) ;
#1756 = MECHANICAL_DESIGN_GEOMETRIC_PRESENTATION_REPRESENTATION (  '', ( #1092 ), #2097 ) ;
#1757 = ORIENTED_EDGE ( 'NONE', *, *, #5618, .F. ) ;
#1758 = FILL_AREA_STYLE_COLOUR ( '', #859 ) ;
#1759 = MECHANICAL_DESIGN_GEOMETRIC_PRESENTATION_REPRESENTATION (  '', ( #1093 ), #2098 ) ;
#1760 = VERTEX_POINT ( 'NONE', #5486 ) ;
#1761 = FILL_AREA_STYLE_COLOUR ( '', #6494 ) ;
#1762 = ADVANCED_FACE ( 'NONE', ( #3875 ), #2071, .T. ) ;
#1763 = CARTESIAN_POINT ( 'NONE',  ( 0.6250000000000006700, 0.02000000000000000000, 1.350000000000003400 ) ) ;
#1764 = LINE ( 'NONE', #6392, #2963 ) ;
#1765 = EDGE_CURVE ( 'NONE', #3440, #3928, #3400, .T. ) ;
#1766 =( NAMED_UNIT ( * ) SI_UNIT ( $, .STERADIAN. ) SOLID_ANGLE_UNIT ( ) );
#1767 =( NAMED_UNIT ( * ) SI_UNIT ( $, .STERADIAN. ) SOLID_ANGLE_UNIT ( ) );
#1768 = CARTESIAN_POINT ( 'NONE',  ( 0.0000000000000000000, 0.02000000000000000000, -1.099999999999999900 ) ) ;
#1769 = FACE_OUTER_BOUND ( 'NONE', #965, .T. ) ;
#1770 = ORIENTED_EDGE ( 'NONE', *, *, #2770, .F. ) ;
#1771 = DIRECTION ( 'NONE',  ( -0.0000000000000000000, -1.000000000000000000, -0.0000000000000000000 ) ) ;
#1772 =( GEOMETRIC_REPRESENTATION_CONTEXT ( 3 ) GLOBAL_UNCERTAINTY_ASSIGNED_CONTEXT ( ( #2099 ) ) GLOBAL_UNIT_ASSIGNED_CONTEXT ( ( #3988, #2986, #5400 ) ) REPRESENTATION_CONTEXT ( 'NONE', 'WORKASPACE' ) );
#1773 = FILL_AREA_STYLE ('',( #1268 ) ) ;
#1774 = DIRECTION ( 'NONE',  ( -0.0000000000000000000, -1.000000000000000000, -0.0000000000000000000 ) ) ;
#1775 = COLOUR_RGB ( '',0.7529411764705882200, 0.7529411764705882200, 0.7529411764705882200 ) ;
#1776 = PRESENTATION_STYLE_ASSIGNMENT (( #3670 ) ) ;
#1777 = ORIENTED_EDGE ( 'NONE', *, *, #1730, .T. ) ;
#1778 = SURFACE_SIDE_STYLE ('',( #6362 ) ) ;
#1779 = DIRECTION ( 'NONE',  ( -2.710505431213771900E-016, 0.0000000000000000000, 1.000000000000000000 ) ) ;
#1780 = MECHANICAL_DESIGN_GEOMETRIC_PRESENTATION_REPRESENTATION (  '', ( #1117 ), #2116 ) ;
#1781 =( NAMED_UNIT ( * ) SI_UNIT ( $, .STERADIAN. ) SOLID_ANGLE_UNIT ( ) );
#1782 = DIRECTION ( 'NONE',  ( 0.0000000000000000000, -1.000000000000000000, 0.0000000000000000000 ) ) ;
#1783 = FACE_OUTER_BOUND ( 'NONE', #76, .T. ) ;
#1784 = PRESENTATION_LAYER_ASSIGNMENT (  '', '', ( #2117 ) ) ;
#1785 = DIRECTION ( 'NONE',  ( 0.0000000000000000000, -1.000000000000000000, 0.0000000000000000000 ) ) ;
#1786 = ORIENTED_EDGE ( 'NONE', *, *, #5760, .T. ) ;
#1787 = EDGE_CURVE ( 'NONE', #6470, #489, #1363, .T. ) ;
#1788 = CARTESIAN_POINT ( 'NONE',  ( 1.124999999999999800, 0.02000000000000000000, -0.6999999999999997300 ) ) ;
#1789 = DIRECTION ( 'NONE',  ( -1.000000000000000000, -0.0000000000000000000, -0.0000000000000000000 ) ) ;
#1790 = CARTESIAN_POINT ( 'NONE',  ( 0.1749999999999997700, 0.0000000000000000000, -1.149999999999999900 ) ) ;
#1791 =( GEOMETRIC_REPRESENTATION_CONTEXT ( 3 ) GLOBAL_UNCERTAINTY_ASSIGNED_CONTEXT ( ( #4525 ) ) GLOBAL_UNIT_ASSIGNED_CONTEXT ( ( #5684, #2733, #6184 ) ) REPRESENTATION_CONTEXT ( 'NONE', 'WORKASPACE' ) );
#1792 =( GEOMETRIC_REPRESENTATION_CONTEXT ( 3 ) GLOBAL_UNCERTAINTY_ASSIGNED_CONTEXT ( ( #5926 ) ) GLOBAL_UNIT_ASSIGNED_CONTEXT ( ( #4272, #452, #3138 ) ) REPRESENTATION_CONTEXT ( 'NONE', 'WORKASPACE' ) );
#1793 = PLANE ( 'NONE',  #642 ) ;
#1794 = UNCERTAINTY_MEASURE_WITH_UNIT (LENGTH_MEASURE( 1.000000000000000100E-005 ), #864, 'distance_accuracy_value', 'NONE');
#1795 = SURFACE_STYLE_FILL_AREA ( #6174 ) ;
#1796 = CARTESIAN_POINT ( 'NONE',  ( -1.375000000000000000, 0.02000000000000000000, 0.0000000000000000000 ) ) ;
#1797 = CARTESIAN_POINT ( 'NONE',  ( -1.175000000000000300, 0.02000000000000000000, 1.400000000000007200 ) ) ;
#1798 = CIRCLE ( 'NONE', #5647, 0.04999999999999991300 ) ;
#1799 = VERTEX_POINT ( 'NONE', #5460 ) ;
#1800 =( LENGTH_UNIT ( ) NAMED_UNIT ( * ) SI_UNIT ( .MILLI., .METRE. ) );
#1801 = PRESENTATION_STYLE_ASSIGNMENT (( #5809 ) ) ;
#1802 =( LENGTH_UNIT ( ) NAMED_UNIT ( * ) SI_UNIT ( .MILLI., .METRE. ) );
#1803 = FACE_OUTER_BOUND ( 'NONE', #4341, .T. ) ;
#1804 = AXIS2_PLACEMENT_3D ( 'NONE', #1186, #5172, #2212 ) ;
#1805 = LINE ( 'NONE', #4795, #463 ) ;
#1806 = SURFACE_SIDE_STYLE ('',( #6490 ) ) ;
#1807 = DIRECTION ( 'NONE',  ( -0.0000000000000000000, -1.000000000000000000, -0.0000000000000000000 ) ) ;
#1808 = SURFACE_SIDE_STYLE ('',( #153 ) ) ;
#1809 = CYLINDRICAL_SURFACE ( 'NONE', #2362, 0.02000000000000005200 ) ;
#1810 = UNCERTAINTY_MEASURE_WITH_UNIT (LENGTH_MEASURE( 1.000000000000000100E-005 ), #1987, 'distance_accuracy_value', 'NONE');
#1811 = ORIENTED_EDGE ( 'NONE', *, *, #2175, .F. ) ;
#1812 = CARTESIAN_POINT ( 'NONE',  ( -0.3749999999999992200, 0.02000000000000000000, 2.032879073410325000E-016 ) ) ;
#1813 = AXIS2_PLACEMENT_3D ( 'NONE', #3335, #298, #3829 ) ;
#1814 = UNCERTAINTY_MEASURE_WITH_UNIT (LENGTH_MEASURE( 1.000000000000000100E-005 ), #6471, 'distance_accuracy_value', 'NONE');
#1815 = ORIENTED_EDGE ( 'NONE', *, *, #5488, .F. ) ;
#1816 = EDGE_CURVE ( 'NONE', #4385, #5856, #6026, .T. ) ;
#1817 =( NAMED_UNIT ( * ) PLANE_ANGLE_UNIT ( ) SI_UNIT ( $, .RADIAN. ) );
#1818 = ORIENTED_EDGE ( 'NONE', *, *, #3898, .F. ) ;
#1819 = FILL_AREA_STYLE ('',( #2836 ) ) ;
#1820 = UNCERTAINTY_MEASURE_WITH_UNIT (LENGTH_MEASURE( 1.000000000000000100E-005 ), #6247, 'distance_accuracy_value', 'NONE');
#1821 = PRESENTATION_STYLE_ASSIGNMENT (( #4843 ) ) ;
#1822 = STYLED_ITEM ( 'NONE', ( #1348 ), #4216 ) ;
#1823 = DIRECTION ( 'NONE',  ( -0.0000000000000000000, -0.0000000000000000000, -1.000000000000000000 ) ) ;
#1824 = VERTEX_POINT ( 'NONE', #5910 ) ;
#1825 = AXIS2_PLACEMENT_3D ( 'NONE', #4215, #1708, #1918 ) ;
#1826 = DIRECTION ( 'NONE',  ( -1.000000000000000000, 0.0000000000000000000, 0.0000000000000000000 ) ) ;
#1827 = ORIENTED_EDGE ( 'NONE', *, *, #2536, .T. ) ;
#1828 = CARTESIAN_POINT ( 'NONE',  ( 0.6249999999999994400, 0.0000000000000000000, -1.349999999999996100 ) ) ;
#1829 = EDGE_CURVE ( 'NONE', #3457, #3947, #3252, .T. ) ;
#1830 = FILL_AREA_STYLE ('',( #1850 ) ) ;
#1831 = FILL_AREA_STYLE ('',( #4325 ) ) ;
#1832 = PRESENTATION_LAYER_ASSIGNMENT (  '', '', ( #1502 ) ) ;
#1833 = EDGE_LOOP ( 'NONE', ( #2545, #4163, #6127, #4336 ) ) ;
#1834 = AXIS2_PLACEMENT_3D ( 'NONE', #4648, #3675, #3185 ) ;
#1835 =( LENGTH_UNIT ( ) NAMED_UNIT ( * ) SI_UNIT ( .MILLI., .METRE. ) );
#1836 = SURFACE_STYLE_FILL_AREA ( #458 ) ;
#1837 = LINE ( 'NONE', #865, #4339 ) ;
#1838 = EDGE_CURVE ( 'NONE', #2735, #2101, #4557, .T. ) ;
#1839 = SURFACE_SIDE_STYLE ('',( #5136 ) ) ;
#1840 = ORIENTED_EDGE ( 'NONE', *, *, #5724, .F. ) ;
#1841 = FILL_AREA_STYLE ('',( #3837 ) ) ;
#1842 = CARTESIAN_POINT ( 'NONE',  ( 0.0000000000000000000, 0.02000000000000000000, 0.0000000000000000000 ) ) ;
#1843 = AXIS2_PLACEMENT_3D ( 'NONE', #5512, #527, #1062 ) ;
#1844 = VECTOR ( 'NONE', #797, 1000.000000000000000 ) ;
#1845 = ORIENTED_EDGE ( 'NONE', *, *, #6143, .T. ) ;
#1846 = PRESENTATION_LAYER_ASSIGNMENT (  '', '', ( #2181 ) ) ;
#1847 = SURFACE_STYLE_FILL_AREA ( #5047 ) ;
#1848 = DIRECTION ( 'NONE',  ( -0.0000000000000000000, -1.000000000000000000, -0.0000000000000000000 ) ) ;
#1849 = COLOUR_RGB ( '',0.7529411764705882200, 0.7529411764705882200, 0.7529411764705882200 ) ;
#1850 = FILL_AREA_STYLE_COLOUR ( '', #2213 ) ;
#1851 = FACE_OUTER_BOUND ( 'NONE', #4319, .T. ) ;
#1852 = LINE ( 'NONE', #2238, #5502 ) ;
#1853 = EDGE_CURVE ( 'NONE', #4695, #2773, #4699, .T. ) ;
#1854 = ORIENTED_EDGE ( 'NONE', *, *, #3339, .T. ) ;
#1855 = DIRECTION ( 'NONE',  ( -0.0000000000000000000, -1.000000000000000000, -0.0000000000000000000 ) ) ;
#1856 = CARTESIAN_POINT ( 'NONE',  ( 1.174999999999999600, 0.5500000000000000400, -1.149999999999993500 ) ) ;
#1857 = PRESENTATION_STYLE_ASSIGNMENT (( #5003 ) ) ;
#1858 = AXIS2_PLACEMENT_3D ( 'NONE', #5626, #6139, #654 ) ;
#1859 = CARTESIAN_POINT ( 'NONE',  ( 0.0000000000000000000, 0.0000000000000000000, -0.6999999999999997300 ) ) ;
#1860 = AXIS2_PLACEMENT_3D ( 'NONE', #2114, #395, #3567 ) ;
#1861 = ADVANCED_FACE ( 'NONE', ( #565 ), #4054, .T. ) ;
#1862 = SURFACE_STYLE_USAGE ( .BOTH. , #4826 ) ;
#1863 = CARTESIAN_POINT ( 'NONE',  ( 1.125000000000002000, 0.0000000000000000000, 1.219727444046199600E-015 ) ) ;
#1864 = EDGE_CURVE ( 'NONE', #1365, #2398, #2618, .T. ) ;
#1865 = DIRECTION ( 'NONE',  ( -0.0000000000000000000, -1.000000000000000000, -0.0000000000000000000 ) ) ;
#1866 = MECHANICAL_DESIGN_GEOMETRIC_PRESENTATION_REPRESENTATION (  '', ( #522 ), #2203 ) ;
#1867 = SURFACE_SIDE_STYLE ('',( #4202 ) ) ;
#1868 = DIRECTION ( 'NONE',  ( 0.0000000000000000000, 0.0000000000000000000, -1.000000000000000000 ) ) ;
#1869 =( NAMED_UNIT ( * ) SI_UNIT ( $, .STERADIAN. ) SOLID_ANGLE_UNIT ( ) );
#1870 = VECTOR ( 'NONE', #4761, 1000.000000000000000 ) ;
#1871 = EDGE_CURVE ( 'NONE', #3914, #5227, #3936, .T. ) ;
#1872 = EDGE_LOOP ( 'NONE', ( #4878, #2395, #1137, #2847, #5759, #982, #594, #883 ) ) ;
#1873 = CARTESIAN_POINT ( 'NONE',  ( -0.3249999999999999000, 0.02000000000000000000, -1.149999999999999900 ) ) ;
#1874 = ADVANCED_FACE ( 'NONE', ( #78, #1274 ), #3913, .T. ) ;
#1875 = PRESENTATION_LAYER_ASSIGNMENT (  '', '', ( #1214 ) ) ;
#1876 = ORIENTED_EDGE ( 'NONE', *, *, #5524, .T. ) ;
#1877 =( LENGTH_UNIT ( ) NAMED_UNIT ( * ) SI_UNIT ( .MILLI., .METRE. ) );
#1878 = DIRECTION ( 'NONE',  ( 0.0000000000000000000, 1.000000000000000000, -0.0000000000000000000 ) ) ;
#1879 =( NAMED_UNIT ( * ) SI_UNIT ( $, .STERADIAN. ) SOLID_ANGLE_UNIT ( ) );
#1880 = ORIENTED_EDGE ( 'NONE', *, *, #6464, .F. ) ;
#1881 = VECTOR ( 'NONE', #6411, 1000.000000000000000 ) ;
#1882 = DIRECTION ( 'NONE',  ( 0.0000000000000000000, 0.0000000000000000000, 1.000000000000000000 ) ) ;
#1883 = MANIFOLD_SOLID_BREP ( 'Boss-Extrude2[1]', #2157 ) ;
#1884 = ORIENTED_EDGE ( 'NONE', *, *, #5838, .F. ) ;
#1885 = CARTESIAN_POINT ( 'NONE',  ( -1.324999999999999500, 0.0000000000000000000, -1.099999999999993000 ) ) ;
#1886 = EDGE_LOOP ( 'NONE', ( #3952, #2632, #5069, #5902 ) ) ;
#1887 = ORIENTED_EDGE ( 'NONE', *, *, #3309, .F. ) ;
#1888 = FILL_AREA_STYLE_COLOUR ( '', #2869 ) ;
#1889 = FACE_OUTER_BOUND ( 'NONE', #240, .T. ) ;
#1890 = AXIS2_PLACEMENT_3D ( 'NONE', #1693, #2679, #5126 ) ;
#1891 =( NAMED_UNIT ( * ) SI_UNIT ( $, .STERADIAN. ) SOLID_ANGLE_UNIT ( ) );
#1892 =( LENGTH_UNIT ( ) NAMED_UNIT ( * ) SI_UNIT ( .MILLI., .METRE. ) );
#1893 = VECTOR ( 'NONE', #542, 1000.000000000000000 ) ;
#1894 = DIRECTION ( 'NONE',  ( -0.0000000000000000000, -1.000000000000000000, 0.0000000000000000000 ) ) ;
#1895 = EDGE_LOOP ( 'NONE', ( #2375, #2520, #4923, #6355 ) ) ;
#1896 = ORIENTED_EDGE ( 'NONE', *, *, #3467, .T. ) ;
#1897 = CARTESIAN_POINT ( 'NONE',  ( -1.375000000000000000, 0.02000000000000000000, -1.149999999999993200 ) ) ;
#1898 = SURFACE_SIDE_STYLE ('',( #5996 ) ) ;
#1899 = AXIS2_PLACEMENT_3D ( 'NONE', #5087, #2126, #5602 ) ;
#1900 = MECHANICAL_DESIGN_GEOMETRIC_PRESENTATION_REPRESENTATION (  '', ( #1238 ), #2246 ) ;
#1901 = DIRECTION ( 'NONE',  ( 0.0000000000000000000, 1.000000000000000000, -0.0000000000000000000 ) ) ;
#1902 = FILL_AREA_STYLE ('',( #6390 ) ) ;
#1903 = LINE ( 'NONE', #5665, #5082 ) ;
#1904 = LINE ( 'NONE', #217, #5715 ) ;
#1905 = COLOUR_RGB ( '',0.7529411764705882200, 0.7529411764705882200, 0.7529411764705882200 ) ;
#1906 = EDGE_LOOP ( 'NONE', ( #1590, #4994, #6427, #5742 ) ) ;
#1907 = CARTESIAN_POINT ( 'NONE',  ( 0.8249999999999999600, 0.02000000000000000000, 1.100000000000003600 ) ) ;
#1908 = EDGE_CURVE ( 'NONE', #2621, #5948, #4621, .T. ) ;
#1909 = CARTESIAN_POINT ( 'NONE',  ( 1.124999999999999600, 0.02000000000000000000, -1.349999999999993000 ) ) ;
#1910 = CIRCLE ( 'NONE', #3103, 0.04999999999999991300 ) ;
#1911 = MECHANICAL_DESIGN_GEOMETRIC_PRESENTATION_REPRESENTATION (  '', ( #1242 ), #2255 ) ;
#1912 = VERTEX_POINT ( 'NONE', #3901 ) ;
#1913 = AXIS2_PLACEMENT_3D ( 'NONE', #5946, #5969, #586 ) ;
#1914 =( LENGTH_UNIT ( ) NAMED_UNIT ( * ) SI_UNIT ( .MILLI., .METRE. ) );
#1915 = DIRECTION ( 'NONE',  ( -1.084202172485509000E-015, 0.0000000000000000000, -1.000000000000000000 ) ) ;
#1916 = CARTESIAN_POINT ( 'NONE',  ( -1.124999999999999800, 0.02000000000000000000, 1.350000000000006800 ) ) ;
#1917 = DIRECTION ( 'NONE',  ( -0.0000000000000000000, -1.000000000000000000, -0.0000000000000000000 ) ) ;
#1918 = DIRECTION ( 'NONE',  ( 1.192622389734051900E-014, 0.0000000000000000000, 1.000000000000000000 ) ) ;
#1919 = SURFACE_SIDE_STYLE ('',( #362 ) ) ;
#1920 = DIRECTION ( 'NONE',  ( -0.0000000000000000000, -1.000000000000000000, -0.0000000000000000000 ) ) ;
#1921 = SURFACE_SIDE_STYLE ('',( #5709 ) ) ;
#1922 = STYLED_ITEM ( 'NONE', ( #2092 ), #6485 ) ;
#1923 = DIRECTION ( 'NONE',  ( 0.0000000000000000000, 0.0000000000000000000, 1.000000000000000000 ) ) ;
#1924 = ORIENTED_EDGE ( 'NONE', *, *, #4093, .F. ) ;
#1925 = SURFACE_SIDE_STYLE ('',( #3582 ) ) ;
#1926 = FILL_AREA_STYLE_COLOUR ( '', #1849 ) ;
#1927 = ADVANCED_FACE ( 'NONE', ( #1983 ), #5304, .T. ) ;
#1928 = DIRECTION ( 'NONE',  ( 1.000000000000000000, 0.0000000000000000000, 0.0000000000000000000 ) ) ;
#1929 = ORIENTED_EDGE ( 'NONE', *, *, #5405, .F. ) ;
#1930 =( NAMED_UNIT ( * ) PLANE_ANGLE_UNIT ( ) SI_UNIT ( $, .RADIAN. ) );
#1931 = STYLED_ITEM ( 'NONE', ( #169 ), #410 ) ;
#1932 = CARTESIAN_POINT ( 'NONE',  ( 1.479999999999999800, 0.5300000000000000300, -1.480000000000000000 ) ) ;
#1933 = EDGE_CURVE ( 'NONE', #3493, #5790, #156, .T. ) ;
#1934 = SURFACE_STYLE_FILL_AREA ( #196 ) ;
#1935 = CARTESIAN_POINT ( 'NONE',  ( 0.0000000000000000000, 0.02000000000000000000, 1.100000000000003600 ) ) ;
#1936 = AXIS2_PLACEMENT_3D ( 'NONE', #373, #892, #2919 ) ;
#1937 = CARTESIAN_POINT ( 'NONE',  ( 1.324999999999999300, 0.02000000000000000000, -1.399999999999993500 ) ) ;
#1938 = FILL_AREA_STYLE_COLOUR ( '', #4090 ) ;
#1939 =( GEOMETRIC_REPRESENTATION_CONTEXT ( 3 ) GLOBAL_UNCERTAINTY_ASSIGNED_CONTEXT ( ( #6321 ) ) GLOBAL_UNIT_ASSIGNED_CONTEXT ( ( #2811, #1225, #2697 ) ) REPRESENTATION_CONTEXT ( 'NONE', 'WORKASPACE' ) );
#1940 = SURFACE_STYLE_FILL_AREA ( #4605 ) ;
#1941 = DIRECTION ( 'NONE',  ( -2.168404344971009100E-016, 0.0000000000000000000, -1.000000000000000000 ) ) ;
#1942 = FILL_AREA_STYLE ('',( #1974 ) ) ;
#1943 = EDGE_CURVE ( 'NONE', #3947, #5634, #1519, .T. ) ;
#1944 = CARTESIAN_POINT ( 'NONE',  ( 1.174999999999999600, 0.5200000000000000200, -1.269999999999993600 ) ) ;
#1945 = COLOUR_RGB ( '',0.7529411764705882200, 0.7529411764705882200, 0.7529411764705882200 ) ;
#1946 = PLANE ( 'NONE',  #1296 ) ;
#1947 = CARTESIAN_POINT ( 'NONE',  ( -0.3249999999999993400, 0.02000000000000000000, 1.100000000000000300 ) ) ;
#1948 = FACE_OUTER_BOUND ( 'NONE', #4861, .T. ) ;
#1949 = PRESENTATION_LAYER_ASSIGNMENT (  '', '', ( #1637 ) ) ;
#1950 =( NAMED_UNIT ( * ) SI_UNIT ( $, .STERADIAN. ) SOLID_ANGLE_UNIT ( ) );
#1951 =( NAMED_UNIT ( * ) PLANE_ANGLE_UNIT ( ) SI_UNIT ( $, .RADIAN. ) );
#1952 = AXIS2_PLACEMENT_3D ( 'NONE', #1932, #5474, #5447 ) ;
#1953 = ORIENTED_EDGE ( 'NONE', *, *, #391, .F. ) ;
#1954 = LINE ( 'NONE', #6285, #5761 ) ;
#1955 = CARTESIAN_POINT ( 'NONE',  ( 0.0000000000000000000, 0.0000000000000000000, 1.100000000000007200 ) ) ;
#1956 = EDGE_CURVE ( 'NONE', #2935, #2101, #4164, .T. ) ;
#1957 = FACE_OUTER_BOUND ( 'NONE', #1705, .T. ) ;
#1958 =( NAMED_UNIT ( * ) PLANE_ANGLE_UNIT ( ) SI_UNIT ( $, .RADIAN. ) );
#1959 = DIRECTION ( 'NONE',  ( 1.000000000000000000, 0.0000000000000000000, -5.421010862427544800E-016 ) ) ;
#1960 = VECTOR ( 'NONE', #2531, 1000.000000000000000 ) ;
#1961 = STYLED_ITEM ( 'NONE', ( #5073 ), #3562 ) ;
#1962 =( NAMED_UNIT ( * ) PLANE_ANGLE_UNIT ( ) SI_UNIT ( $, .RADIAN. ) );
#1963 = ADVANCED_FACE ( 'NONE', ( #2692 ), #6383, .T. ) ;
#1964 = DIRECTION ( 'NONE',  ( -1.445602896647339200E-016, 0.0000000000000000000, -1.000000000000000000 ) ) ;
#1965 = FILL_AREA_STYLE_COLOUR ( '', #1424 ) ;
#1966 = CARTESIAN_POINT ( 'NONE',  ( 1.374999999999999600, 0.02000000000000000000, 0.0000000000000000000 ) ) ;
#1967 = CARTESIAN_POINT ( 'NONE',  ( 0.8250000000000002900, 0.0000000000000000000, 1.150000000000003700 ) ) ;
#1968 = ORIENTED_EDGE ( 'NONE', *, *, #4327, .F. ) ;
#1969 = CARTESIAN_POINT ( 'NONE',  ( -1.500000000000000200, 0.03999999999999999400, -1.480000000000000000 ) ) ;
#1970 = COLOUR_RGB ( '',0.7529411764705882200, 0.7529411764705882200, 0.7529411764705882200 ) ;
#1971 = DIRECTION ( 'NONE',  ( -0.0000000000000000000, -1.000000000000000000, -0.0000000000000000000 ) ) ;
#1972 = ORIENTED_EDGE ( 'NONE', *, *, #2396, .F. ) ;
#1973 = COLOUR_RGB ( '',0.7529411764705882200, 0.7529411764705882200, 0.7529411764705882200 ) ;
#1974 = FILL_AREA_STYLE_COLOUR ( '', #5159 ) ;
#1975 =( NAMED_UNIT ( * ) SI_UNIT ( $, .STERADIAN. ) SOLID_ANGLE_UNIT ( ) );
#1976 = ORIENTED_EDGE ( 'NONE', *, *, #249, .F. ) ;
#1977 = CARTESIAN_POINT ( 'NONE',  ( -0.6749999999999998200, 0.02000000000000000000, 1.150000000000003700 ) ) ;
#1978 = CARTESIAN_POINT ( 'NONE',  ( -1.324999999999999300, 0.02000000000000000000, 1.400000000000007200 ) ) ;
#1979 = VECTOR ( 'NONE', #4824, 1000.000000000000000 ) ;
#1980 = FACE_OUTER_BOUND ( 'NONE', #3684, .T. ) ;
#1981 = VERTEX_POINT ( 'NONE', #514 ) ;
#1982 = EDGE_CURVE ( 'NONE', #6237, #4116, #5077, .T. ) ;
#1983 = FACE_OUTER_BOUND ( 'NONE', #2747, .T. ) ;
#1984 = CARTESIAN_POINT ( 'NONE',  ( 1.480000000000000200, 0.04000000000000000100, 1.480000000000000000 ) ) ;
#1985 = VERTEX_POINT ( 'NONE', #2916 ) ;
#1986 =( NAMED_UNIT ( * ) SI_UNIT ( $, .STERADIAN. ) SOLID_ANGLE_UNIT ( ) );
#1987 =( LENGTH_UNIT ( ) NAMED_UNIT ( * ) SI_UNIT ( .MILLI., .METRE. ) );
#1988 = MECHANICAL_DESIGN_GEOMETRIC_PRESENTATION_REPRESENTATION (  '', ( #987 ), #2329 ) ;
#1989 = COLOUR_RGB ( '',0.7529411764705882200, 0.7529411764705882200, 0.7529411764705882200 ) ;
#1990 =( NAMED_UNIT ( * ) SI_UNIT ( $, .STERADIAN. ) SOLID_ANGLE_UNIT ( ) );
#1991 = ORIENTED_EDGE ( 'NONE', *, *, #1000, .F. ) ;
#1992 = DIRECTION ( 'NONE',  ( -0.0000000000000000000, -1.000000000000000000, 0.0000000000000000000 ) ) ;
#1993 = CARTESIAN_POINT ( 'NONE',  ( -0.8249999999999996200, 0.02000000000000000000, -1.399999999999996400 ) ) ;
#1994 = FILL_AREA_STYLE_COLOUR ( '', #1989 ) ;
#1995 = CARTESIAN_POINT ( 'NONE',  ( -1.125000000000001300, 0.02000000000000000000, -1.219727444046198800E-015 ) ) ;
#1996 = SURFACE_STYLE_FILL_AREA ( #662 ) ;
#1997 = PLANE ( 'NONE',  #5266 ) ;
#1998 = CARTESIAN_POINT ( 'NONE',  ( -1.374999999999999800, 0.02000000000000000000, 0.0000000000000000000 ) ) ;
#1999 = SPHERICAL_SURFACE ( 'NONE', #6466, 0.02000000000000000000 ) ;
#2000 =( GEOMETRIC_REPRESENTATION_CONTEXT ( 3 ) GLOBAL_UNCERTAINTY_ASSIGNED_CONTEXT ( ( #4142 ) ) GLOBAL_UNIT_ASSIGNED_CONTEXT ( ( #2345, #5804, #2857 ) ) REPRESENTATION_CONTEXT ( 'NONE', 'WORKASPACE' ) );
#2001 = VERTEX_POINT ( 'NONE', #932 ) ;
#2002 = STYLED_ITEM ( 'NONE', ( #3861 ), #2228 ) ;
#2003 =( LENGTH_UNIT ( ) NAMED_UNIT ( * ) SI_UNIT ( .MILLI., .METRE. ) );
#2004 = UNCERTAINTY_MEASURE_WITH_UNIT (LENGTH_MEASURE( 1.000000000000000100E-005 ), #145, 'distance_accuracy_value', 'NONE');
#2005 =( NAMED_UNIT ( * ) SI_UNIT ( $, .STERADIAN. ) SOLID_ANGLE_UNIT ( ) );
#2006 = SURFACE_STYLE_USAGE ( .BOTH. , #1571 ) ;
#2007 = CARTESIAN_POINT ( 'NONE',  ( 0.0000000000000000000, 0.02000000000000000000, 0.0000000000000000000 ) ) ;
#2008 = DIRECTION ( 'NONE',  ( -0.0000000000000000000, -1.000000000000000000, -0.0000000000000000000 ) ) ;
#2009 = EDGE_CURVE ( 'NONE', #2633, #4442, #2215, .T. ) ;
#2010 =( NAMED_UNIT ( * ) SI_UNIT ( $, .STERADIAN. ) SOLID_ANGLE_UNIT ( ) );
#2011 = SURFACE_STYLE_FILL_AREA ( #182 ) ;
#2012 = AXIS2_PLACEMENT_3D ( 'NONE', #667, #3764, #2325 ) ;
#2013 = VECTOR ( 'NONE', #4726, 1000.000000000000000 ) ;
#2014 = DIRECTION ( 'NONE',  ( -0.0000000000000000000, -1.000000000000000000, -0.0000000000000000000 ) ) ;
#2015 = ADVANCED_FACE ( 'NONE', ( #2441 ), #4465, .T. ) ;
#2016 = DIRECTION ( 'NONE',  ( -0.0000000000000000000, -1.000000000000000000, -0.0000000000000000000 ) ) ;
#2017 = ORIENTED_EDGE ( 'NONE', *, *, #2846, .F. ) ;
#2018 = DIRECTION ( 'NONE',  ( -0.0000000000000000000, -1.000000000000000000, -0.0000000000000000000 ) ) ;
#2019 = UNCERTAINTY_MEASURE_WITH_UNIT (LENGTH_MEASURE( 1.000000000000000100E-005 ), #1612, 'distance_accuracy_value', 'NONE');
#2020 = CARTESIAN_POINT ( 'NONE',  ( 0.8750000000000005600, 0.02000000000000000000, 1.350000000000003400 ) ) ;
#2021 = ADVANCED_FACE ( 'NONE', ( #1980 ), #2689, .T. ) ;
#2022 = VECTOR ( 'NONE', #5985, 1000.000000000000000 ) ;
#2023 =( NAMED_UNIT ( * ) PLANE_ANGLE_UNIT ( ) SI_UNIT ( $, .RADIAN. ) );
#2024 = DIRECTION ( 'NONE',  ( 2.710505431213771900E-016, 0.0000000000000000000, 1.000000000000000000 ) ) ;
#2025 = UNCERTAINTY_MEASURE_WITH_UNIT (LENGTH_MEASURE( 1.000000000000000100E-005 ), #3550, 'distance_accuracy_value', 'NONE');
#2026 = LINE ( 'NONE', #1635, #3365 ) ;
#2027 = CARTESIAN_POINT ( 'NONE',  ( -1.124999999999999800, 0.0000000000000000000, 1.350000000000006800 ) ) ;
#2028 = MECHANICAL_DESIGN_GEOMETRIC_PRESENTATION_REPRESENTATION (  '', ( #5471 ), #2353 ) ;
#2029 = CARTESIAN_POINT ( 'NONE',  ( -0.3249999999999996800, 0.0000000000000000000, -1.399999999999999700 ) ) ;
#2030 = EDGE_CURVE ( 'NONE', #2996, #1640, #1516, .T. ) ;
#2031 = DIRECTION ( 'NONE',  ( -1.445602896647343800E-015, 0.0000000000000000000, -1.000000000000000000 ) ) ;
#2032 = CIRCLE ( 'NONE', #5882, 0.02000000000000005200 ) ;
#2033 = AXIS2_PLACEMENT_3D ( 'NONE', #5989, #5489, #4497 ) ;
#2034 = EDGE_LOOP ( 'NONE', ( #2694, #812, #6063, #1735 ) ) ;
#2035 = DIRECTION ( 'NONE',  ( 0.0000000000000000000, 0.0000000000000000000, 1.000000000000000000 ) ) ;
#2036 =( GEOMETRIC_REPRESENTATION_CONTEXT ( 3 ) GLOBAL_UNCERTAINTY_ASSIGNED_CONTEXT ( ( #3204 ) ) GLOBAL_UNIT_ASSIGNED_CONTEXT ( ( #1428, #4540, #4944 ) ) REPRESENTATION_CONTEXT ( 'NONE', 'WORKASPACE' ) );
#2037 = CIRCLE ( 'NONE', #5397, 0.05000000000000012800 ) ;
#2038 = CARTESIAN_POINT ( 'NONE',  ( 0.1749999999999996000, 0.02000000000000000000, -1.349999999999999900 ) ) ;
#2039 =( LENGTH_UNIT ( ) NAMED_UNIT ( * ) SI_UNIT ( .MILLI., .METRE. ) );
#2040 = SURFACE_SIDE_STYLE ('',( #4626 ) ) ;
#2041 = PRESENTATION_STYLE_ASSIGNMENT (( #986 ) ) ;
#2042 = EDGE_CURVE ( 'NONE', #1602, #3824, #4020, .T. ) ;
#2043 = FILL_AREA_STYLE_COLOUR ( '', #466 ) ;
#2044 = DIRECTION ( 'NONE',  ( 0.0000000000000000000, 1.000000000000000000, -0.0000000000000000000 ) ) ;
#2045 = ORIENTED_EDGE ( 'NONE', *, *, #5785, .F. ) ;
#2046 = VECTOR ( 'NONE', #3640, 1000.000000000000000 ) ;
#2047 = DIRECTION ( 'NONE',  ( 0.0000000000000000000, 0.0000000000000000000, 1.000000000000000000 ) ) ;
#2048 = MECHANICAL_DESIGN_GEOMETRIC_PRESENTATION_REPRESENTATION (  '', ( #1378 ), #2374 ) ;
#2049 = MECHANICAL_DESIGN_GEOMETRIC_PRESENTATION_REPRESENTATION (  '', ( #1380 ), #2376 ) ;
#2050 = ADVANCED_FACE ( 'NONE', ( #1353 ), #3392, .T. ) ;
#2051 = ORIENTED_EDGE ( 'NONE', *, *, #6064, .F. ) ;
#2052 =( NAMED_UNIT ( * ) SI_UNIT ( $, .STERADIAN. ) SOLID_ANGLE_UNIT ( ) );
#2053 = COLOUR_RGB ( '',0.7529411764705882200, 0.7529411764705882200, 0.7529411764705882200 ) ;
#2054 = VECTOR ( 'NONE', #4413, 1000.000000000000000 ) ;
#2055 = AXIS2_PLACEMENT_3D ( 'NONE', #412, #1823, #4060 ) ;
#2056 = ADVANCED_FACE ( 'NONE', ( #876 ), #884, .F. ) ;
#2057 = PRESENTATION_STYLE_ASSIGNMENT (( #2716 ) ) ;
#2058 = DIRECTION ( 'NONE',  ( -1.000000000000000000, 0.0000000000000000000, -0.0000000000000000000 ) ) ;
#2059 = DIRECTION ( 'NONE',  ( 1.000000000000000000, 0.0000000000000000000, -0.0000000000000000000 ) ) ;
#2060 = ORIENTED_EDGE ( 'NONE', *, *, #5580, .F. ) ;
#2061 = COLOUR_RGB ( '',0.7529411764705882200, 0.7529411764705882200, 0.7529411764705882200 ) ;
#2062 = AXIS2_PLACEMENT_3D ( 'NONE', #5463, #2505, #5967 ) ;
#2063 = ORIENTED_EDGE ( 'NONE', *, *, #3953, .T. ) ;
#2064 = CARTESIAN_POINT ( 'NONE',  ( -0.6249999999999998900, 0.02000000000000000000, -1.349999999999995900 ) ) ;
#2065 = VERTEX_POINT ( 'NONE', #5311 ) ;
#2066 = COLOUR_RGB ( '',0.7529411764705882200, 0.7529411764705882200, 0.7529411764705882200 ) ;
#2067 = CARTESIAN_POINT ( 'NONE',  ( 0.8749999999999995600, 0.02000000000000000000, -1.349999999999996300 ) ) ;
#2068 = DIRECTION ( 'NONE',  ( -0.0000000000000000000, -1.000000000000000000, -0.0000000000000000000 ) ) ;
#2069 = DIRECTION ( 'NONE',  ( 1.000000000000000000, 0.0000000000000000000, -2.710505431213772400E-016 ) ) ;
#2070 = DIRECTION ( 'NONE',  ( 5.421010862427543900E-016, 0.0000000000000000000, 1.000000000000000000 ) ) ;
#2071 = CYLINDRICAL_SURFACE ( 'NONE', #343, 0.04999999999999991300 ) ;
#2072 = ORIENTED_EDGE ( 'NONE', *, *, #2758, .T. ) ;
#2073 =( GEOMETRIC_REPRESENTATION_CONTEXT ( 3 ) GLOBAL_UNCERTAINTY_ASSIGNED_CONTEXT ( ( #434 ) ) GLOBAL_UNIT_ASSIGNED_CONTEXT ( ( #2254, #5719, #6224 ) ) REPRESENTATION_CONTEXT ( 'NONE', 'WORKASPACE' ) );
#2074 = ORIENTED_EDGE ( 'NONE', *, *, #3891, .F. ) ;
#2075 =( NAMED_UNIT ( * ) PLANE_ANGLE_UNIT ( ) SI_UNIT ( $, .RADIAN. ) );
#2076 = FILL_AREA_STYLE ('',( #3561 ) ) ;
#2077 = EDGE_CURVE ( 'NONE', #4823, #2735, #4242, .T. ) ;
#2078 = COLOUR_RGB ( '',0.7529411764705882200, 0.7529411764705882200, 0.7529411764705882200 ) ;
#2079 = UNCERTAINTY_MEASURE_WITH_UNIT (LENGTH_MEASURE( 1.000000000000000100E-005 ), #2425, 'distance_accuracy_value', 'NONE');
#2080 = VERTEX_POINT ( 'NONE', #3810 ) ;
#2081 = STYLED_ITEM ( 'NONE', ( #5075 ), #3983 ) ;
#2082 = FILL_AREA_STYLE ('',( #827 ) ) ;
#2083 = MECHANICAL_DESIGN_GEOMETRIC_PRESENTATION_REPRESENTATION (  '', ( #1074 ), #2405 ) ;
#2084 = ORIENTED_EDGE ( 'NONE', *, *, #6341, .F. ) ;
#2085 = SURFACE_STYLE_FILL_AREA ( #3745 ) ;
#2086 = PRESENTATION_STYLE_ASSIGNMENT (( #2006 ) ) ;
#2087 = EDGE_CURVE ( 'NONE', #3694, #5356, #2928, .T. ) ;
#2088 = CARTESIAN_POINT ( 'NONE',  ( 1.324999999999999300, 0.02000000000000000000, -1.149999999999993500 ) ) ;
#2089 = PRESENTATION_LAYER_ASSIGNMENT (  '', '', ( #1410 ) ) ;
#2090 =( LENGTH_UNIT ( ) NAMED_UNIT ( * ) SI_UNIT ( .MILLI., .METRE. ) );
#2091 = CARTESIAN_POINT ( 'NONE',  ( -1.125000000000001300, 0.0000000000000000000, -1.219727444046198800E-015 ) ) ;
#2092 = PRESENTATION_STYLE_ASSIGNMENT (( #3151 ) ) ;
#2093 = EDGE_CURVE ( 'NONE', #4278, #5389, #5550, .T. ) ;
#2094 = SURFACE_STYLE_FILL_AREA ( #3349 ) ;
#2095 = ORIENTED_EDGE ( 'NONE', *, *, #2087, .T. ) ;
#2096 = DIRECTION ( 'NONE',  ( 0.0000000000000000000, 0.0000000000000000000, 1.000000000000000000 ) ) ;
#2097 =( GEOMETRIC_REPRESENTATION_CONTEXT ( 3 ) GLOBAL_UNCERTAINTY_ASSIGNED_CONTEXT ( ( #3055 ) ) GLOBAL_UNIT_ASSIGNED_CONTEXT ( ( #4584, #97, #3625 ) ) REPRESENTATION_CONTEXT ( 'NONE', 'WORKASPACE' ) );
#2098 =( GEOMETRIC_REPRESENTATION_CONTEXT ( 3 ) GLOBAL_UNCERTAINTY_ASSIGNED_CONTEXT ( ( #4381 ) ) GLOBAL_UNIT_ASSIGNED_CONTEXT ( ( #5327, #2360, #5826 ) ) REPRESENTATION_CONTEXT ( 'NONE', 'WORKASPACE' ) );
#2099 = UNCERTAINTY_MEASURE_WITH_UNIT (LENGTH_MEASURE( 1.000000000000000100E-005 ), #3988, 'distance_accuracy_value', 'NONE');
#2100 = SURFACE_SIDE_STYLE ('',( #5321 ) ) ;
#2101 = VERTEX_POINT ( 'NONE', #5781 ) ;
#2102 = ADVANCED_FACE ( 'NONE', ( #2772 ), #4279, .F. ) ;
#2103 = UNCERTAINTY_MEASURE_WITH_UNIT (LENGTH_MEASURE( 1.000000000000000100E-005 ), #6402, 'distance_accuracy_value', 'NONE');
#2104 = VECTOR ( 'NONE', #5144, 1000.000000000000000 ) ;
#2105 = CARTESIAN_POINT ( 'NONE',  ( 1.499999999999999800, 0.03999999999999999400, -1.480000000000000000 ) ) ;
#2106 =( NAMED_UNIT ( * ) SI_UNIT ( $, .STERADIAN. ) SOLID_ANGLE_UNIT ( ) );
#2107 = SURFACE_SIDE_STYLE ('',( #5335 ) ) ;
#2108 = EDGE_CURVE ( 'NONE', #72, #368, #958, .T. ) ;
#2109 = SURFACE_SIDE_STYLE ('',( #6011 ) ) ;
#2110 =( NAMED_UNIT ( * ) PLANE_ANGLE_UNIT ( ) SI_UNIT ( $, .RADIAN. ) );
#2111 =( LENGTH_UNIT ( ) NAMED_UNIT ( * ) SI_UNIT ( .MILLI., .METRE. ) );
#2112 = VECTOR ( 'NONE', #2671, 1000.000000000000000 ) ;
#2113 = ORIENTED_EDGE ( 'NONE', *, *, #1265, .F. ) ;
#2114 = CARTESIAN_POINT ( 'NONE',  ( -0.1749999999999998200, 0.02000000000000000000, 1.350000000000000300 ) ) ;
#2115 = LINE ( 'NONE', #5640, #5906 ) ;
#2116 =( GEOMETRIC_REPRESENTATION_CONTEXT ( 3 ) GLOBAL_UNCERTAINTY_ASSIGNED_CONTEXT ( ( #1142 ) ) GLOBAL_UNIT_ASSIGNED_CONTEXT ( ( #222, #3748, #740 ) ) REPRESENTATION_CONTEXT ( 'NONE', 'WORKASPACE' ) );
#2117 = STYLED_ITEM ( 'NONE', ( #6016 ), #2056 ) ;
#2118 = CARTESIAN_POINT ( 'NONE',  ( -0.6249999999999998900, 0.0000000000000000000, -1.349999999999995900 ) ) ;
#2119 = SURFACE_STYLE_FILL_AREA ( #2496 ) ;
#2120 = DIRECTION ( 'NONE',  ( -1.000000000000000000, 0.0000000000000000000, 0.0000000000000000000 ) ) ;
#2121 = CARTESIAN_POINT ( 'NONE',  ( 0.8250000000000001800, 0.02000000000000000000, 1.400000000000003700 ) ) ;
#2122 = VECTOR ( 'NONE', #4013, 1000.000000000000000 ) ;
#2123 = PRESENTATION_STYLE_ASSIGNMENT (( #5413 ) ) ;
#2124 = FILL_AREA_STYLE ('',( #3662 ) ) ;
#2125 = EDGE_CURVE ( 'NONE', #4442, #4608, #3621, .T. ) ;
#2126 = DIRECTION ( 'NONE',  ( 0.0000000000000000000, 0.0000000000000000000, -1.000000000000000000 ) ) ;
#2127 = ORIENTED_EDGE ( 'NONE', *, *, #1623, .T. ) ;
#2128 = CARTESIAN_POINT ( 'NONE',  ( -0.6749999999999998200, 0.02000000000000000000, 1.350000000000003900 ) ) ;
#2129 = STYLED_ITEM ( 'NONE', ( #2884 ), #5814 ) ;
#2130 = CARTESIAN_POINT ( 'NONE',  ( -0.3749999999999996700, 0.02000000000000000000, 1.150000000000000600 ) ) ;
#2131 = ORIENTED_EDGE ( 'NONE', *, *, #1021, .T. ) ;
#2132 = VECTOR ( 'NONE', #5455, 1000.000000000000000 ) ;
#2133 = AXIS2_PLACEMENT_3D ( 'NONE', #2829, #5100, #1206 ) ;
#2134 = VECTOR ( 'NONE', #280, 1000.000000000000000 ) ;
#2135 = SURFACE_SIDE_STYLE ('',( #1709 ) ) ;
#2136 = PRESENTATION_STYLE_ASSIGNMENT (( #1528 ) ) ;
#2137 = DIRECTION ( 'NONE',  ( 1.000000000000000000, 0.0000000000000000000, 0.0000000000000000000 ) ) ;
#2138 = LINE ( 'NONE', #2357, #1979 ) ;
#2139 = EDGE_LOOP ( 'NONE', ( #2386, #246, #3229, #5036 ) ) ;
#2140 = FILL_AREA_STYLE ('',( #1646 ) ) ;
#2141 = SURFACE_STYLE_FILL_AREA ( #2223 ) ;
#2142 = VERTEX_POINT ( 'NONE', #1223 ) ;
#2143 = PRODUCT_DEFINITION_FORMATION_WITH_SPECIFIED_SOURCE ( 'ANY', '', #3142, .NOT_KNOWN. ) ;
#2144 = CARTESIAN_POINT ( 'NONE',  ( -0.1750000000000001800, 0.02000000000000000000, 1.100000000000000300 ) ) ;
#2145 = VECTOR ( 'NONE', #4193, 1000.000000000000000 ) ;
#2146 =( NAMED_UNIT ( * ) PLANE_ANGLE_UNIT ( ) SI_UNIT ( $, .RADIAN. ) );
#2147 = CARTESIAN_POINT ( 'NONE',  ( -0.6750000000000003800, 0.0000000000000000000, -1.399999999999996400 ) ) ;
#2148 = VECTOR ( 'NONE', #1789, 1000.000000000000000 ) ;
#2149 = ORIENTED_EDGE ( 'NONE', *, *, #518, .T. ) ;
#2150 = SURFACE_STYLE_USAGE ( .BOTH. , #5102 ) ;
#2151 =( NAMED_UNIT ( * ) SI_UNIT ( $, .STERADIAN. ) SOLID_ANGLE_UNIT ( ) );
#2152 = DIRECTION ( 'NONE',  ( 0.0000000000000000000, 0.0000000000000000000, -1.000000000000000000 ) ) ;
#2153 = STYLED_ITEM ( 'NONE', ( #223 ), #491 ) ;
#2154 = ORIENTED_EDGE ( 'NONE', *, *, #6377, .T. ) ;
#2155 = VECTOR ( 'NONE', #5319, 1000.000000000000000 ) ;
#2156 = FILL_AREA_STYLE_COLOUR ( '', #591 ) ;
#2157 = CLOSED_SHELL ( 'NONE', ( #3685, #6457, #5308, #5497, #491, #3951, #5182, #3226, #2494, #1031 ) ) ;
#2158 = EDGE_CURVE ( 'NONE', #3789, #2555, #2291, .T. ) ;
#2159 = PRESENTATION_LAYER_ASSIGNMENT (  '', '', ( #1822 ) ) ;
#2160 = CARTESIAN_POINT ( 'NONE',  ( -2.023844055306268800E-015, 0.02000000000000000000, -1.399999999999991500 ) ) ;
#2161 = AXIS2_PLACEMENT_3D ( 'NONE', #3717, #2635, #4892 ) ;
#2162 = ADVANCED_FACE ( 'NONE', ( #3461 ), #6292, .F. ) ;
#2163 = CARTESIAN_POINT ( 'NONE',  ( -1.174999999999999800, 0.02000000000000000000, 1.150000000000007200 ) ) ;
#2164 = EDGE_CURVE ( 'NONE', #1371, #545, #5461, .T. ) ;
#2165 = ORIENTED_EDGE ( 'NONE', *, *, #4977, .F. ) ;
#2166 = SURFACE_SIDE_STYLE ('',( #1372 ) ) ;
#2167 =( NAMED_UNIT ( * ) SI_UNIT ( $, .STERADIAN. ) SOLID_ANGLE_UNIT ( ) );
#2168 = MECHANICAL_DESIGN_GEOMETRIC_PRESENTATION_REPRESENTATION (  '', ( #1502 ), #2509 ) ;
#2169 = SURFACE_SIDE_STYLE ('',( #3815 ) ) ;
#2170 = AXIS2_PLACEMENT_3D ( 'NONE', #2655, #1650, #6115 ) ;
#2171 = CARTESIAN_POINT ( 'NONE',  ( -1.480000000000000200, 0.5500000000000000400, -1.480000000000000000 ) ) ;
#2172 = EDGE_LOOP ( 'NONE', ( #314, #5078, #3222, #1341 ) ) ;
#2173 = DIRECTION ( 'NONE',  ( 0.0000000000000000000, 0.0000000000000000000, 1.000000000000000000 ) ) ;
#2174 = DIRECTION ( 'NONE',  ( 0.0000000000000000000, 0.0000000000000000000, 1.000000000000000000 ) ) ;
#2175 = EDGE_CURVE ( 'NONE', #2944, #4187, #3013, .T. ) ;
#2176 = FILL_AREA_STYLE_COLOUR ( '', #4965 ) ;
#2177 = PRESENTATION_STYLE_ASSIGNMENT (( #3589 ) ) ;
#2178 = UNCERTAINTY_MEASURE_WITH_UNIT (LENGTH_MEASURE( 1.000000000000000100E-005 ), #1325, 'distance_accuracy_value', 'NONE');
#2179 = CYLINDRICAL_SURFACE ( 'NONE', #5698, 0.04999999999999991300 ) ;
#2180 = STYLED_ITEM ( 'NONE', ( #4995 ), #3685 ) ;
#2181 = STYLED_ITEM ( 'NONE', ( #355 ), #6166 ) ;
#2182 = SURFACE_SIDE_STYLE ('',( #1535 ) ) ;
#2183 = PRESENTATION_STYLE_ASSIGNMENT (( #2902 ) ) ;
#2184 = DIRECTION ( 'NONE',  ( -0.0000000000000000000, 1.000000000000000000, -0.0000000000000000000 ) ) ;
#2185 = FILL_AREA_STYLE ('',( #2821 ) ) ;
#2186 =( LENGTH_UNIT ( ) NAMED_UNIT ( * ) SI_UNIT ( .MILLI., .METRE. ) );
#2187 =( NAMED_UNIT ( * ) SI_UNIT ( $, .STERADIAN. ) SOLID_ANGLE_UNIT ( ) );
#2188 = EDGE_LOOP ( 'NONE', ( #5223, #5782, #2870, #5380 ) ) ;
#2189 = EDGE_CURVE ( 'NONE', #6168, #3801, #311, .T. ) ;
#2190 = DIRECTION ( 'NONE',  ( 0.0000000000000000000, 0.0000000000000000000, 1.000000000000000000 ) ) ;
#2191 = VECTOR ( 'NONE', #4276, 1000.000000000000000 ) ;
#2192 = DIRECTION ( 'NONE',  ( -1.084202172485508800E-015, 0.0000000000000000000, 1.000000000000000000 ) ) ;
#2193 = PRESENTATION_LAYER_ASSIGNMENT (  '', '', ( #512 ) ) ;
#2194 = ORIENTED_EDGE ( 'NONE', *, *, #6202, .T. ) ;
#2195 = STYLED_ITEM ( 'NONE', ( #6145 ), #1179 ) ;
#2196 = VECTOR ( 'NONE', #1774, 1000.000000000000000 ) ;
#2197 = FILL_AREA_STYLE ('',( #552 ) ) ;
#2198 = VECTOR ( 'NONE', #5793, 1000.000000000000000 ) ;
#2199 = SURFACE_SIDE_STYLE ('',( #1940 ) ) ;
#2200 = EDGE_CURVE ( 'NONE', #5276, #794, #4154, .T. ) ;
#2201 = ORIENTED_EDGE ( 'NONE', *, *, #3200, .T. ) ;
#2202 = VECTOR ( 'NONE', #1865, 1000.000000000000000 ) ;
#2203 =( GEOMETRIC_REPRESENTATION_CONTEXT ( 3 ) GLOBAL_UNCERTAINTY_ASSIGNED_CONTEXT ( ( #641 ) ) GLOBAL_UNIT_ASSIGNED_CONTEXT ( ( #2751, #6212, #3265 ) ) REPRESENTATION_CONTEXT ( 'NONE', 'WORKASPACE' ) );
#2204 = AXIS2_PLACEMENT_3D ( 'NONE', #3451, #5961, #5022 ) ;
#2205 = ORIENTED_EDGE ( 'NONE', *, *, #4837, .T. ) ;
#2206 = LINE ( 'NONE', #2091, #869 ) ;
#2207 = ORIENTED_EDGE ( 'NONE', *, *, #5850, .F. ) ;
#2208 = SURFACE_STYLE_USAGE ( .BOTH. , #2166 ) ;
#2209 = DIRECTION ( 'NONE',  ( 0.0000000000000000000, 0.0000000000000000000, 1.000000000000000000 ) ) ;
#2210 = LINE ( 'NONE', #913, #3390 ) ;
#2211 = EDGE_CURVE ( 'NONE', #4278, #6316, #1509, .T. ) ;
#2212 = DIRECTION ( 'NONE',  ( 1.000000000000000000, 0.0000000000000000000, 0.0000000000000000000 ) ) ;
#2213 = COLOUR_RGB ( '',0.7529411764705882200, 0.7529411764705882200, 0.7529411764705882200 ) ;
#2214 = VERTEX_POINT ( 'NONE', #1738 ) ;
#2215 = LINE ( 'NONE', #5478, #3545 ) ;
#2216 = VERTEX_POINT ( 'NONE', #1303 ) ;
#2217 =( LENGTH_UNIT ( ) NAMED_UNIT ( * ) SI_UNIT ( .MILLI., .METRE. ) );
#2218 = VECTOR ( 'NONE', #5668, 1000.000000000000000 ) ;
#2219 = MECHANICAL_DESIGN_GEOMETRIC_PRESENTATION_REPRESENTATION (  '', ( #1214 ), #2565 ) ;
#2220 = SURFACE_STYLE_USAGE ( .BOTH. , #5176 ) ;
#2221 = FILL_AREA_STYLE_COLOUR ( '', #5283 ) ;
#2222 = COLOUR_RGB ( '',0.7529411764705882200, 0.7529411764705882200, 0.7529411764705882200 ) ;
#2223 = FILL_AREA_STYLE ('',( #2736 ) ) ;
#2224 = VERTEX_POINT ( 'NONE', #3828 ) ;
#2225 = VERTEX_POINT ( 'NONE', #1828 ) ;
#2226 = CARTESIAN_POINT ( 'NONE',  ( -0.8749999999999996700, 0.0000000000000000000, 0.0000000000000000000 ) ) ;
#2227 = CARTESIAN_POINT ( 'NONE',  ( 0.0000000000000000000, 0.02000000000000000000, 1.400000000000000100 ) ) ;
#2228 = ADVANCED_FACE ( 'NONE', ( #5138 ), #4682, .T. ) ;
#2229 = CYLINDRICAL_SURFACE ( 'NONE', #371, 0.04999999999999991300 ) ;
#2230 = VERTEX_POINT ( 'NONE', #6244 ) ;
#2231 = CARTESIAN_POINT ( 'NONE',  ( 1.124999999999999800, 0.02000000000000000000, -0.6999999999999997300 ) ) ;
#2232 = DIRECTION ( 'NONE',  ( 1.000000000000000000, 0.0000000000000000000, -1.084202172485509000E-015 ) ) ;
#2233 = ORIENTED_EDGE ( 'NONE', *, *, #5128, .F. ) ;
#2234 = VECTOR ( 'NONE', #2654, 1000.000000000000000 ) ;
#2235 = ORIENTED_EDGE ( 'NONE', *, *, #4435, .F. ) ;
#2236 = CARTESIAN_POINT ( 'NONE',  ( -0.6750000000000002700, 0.0000000000000000000, 1.100000000000003600 ) ) ;
#2237 = AXIS2_PLACEMENT_3D ( 'NONE', #1636, #647, #120 ) ;
#2238 = CARTESIAN_POINT ( 'NONE',  ( 0.1750000000000009600, 0.02000000000000000000, 1.400000000000000100 ) ) ;
#2239 = SURFACE_SIDE_STYLE ('',( #1661 ) ) ;
#2240 = FACE_OUTER_BOUND ( 'NONE', #2607, .T. ) ;
#2241 = DIRECTION ( 'NONE',  ( -0.0000000000000000000, -1.000000000000000000, 0.0000000000000000000 ) ) ;
#2242 = SURFACE_STYLE_FILL_AREA ( #2640 ) ;
#2243 = LINE ( 'NONE', #1796, #4875 ) ;
#2244 = PRESENTATION_LAYER_ASSIGNMENT (  '', '', ( #1581 ) ) ;
#2245 = DIRECTION ( 'NONE',  ( 0.0000000000000000000, 1.000000000000000000, -0.0000000000000000000 ) ) ;
#2246 =( GEOMETRIC_REPRESENTATION_CONTEXT ( 3 ) GLOBAL_UNCERTAINTY_ASSIGNED_CONTEXT ( ( #2714 ) ) GLOBAL_UNIT_ASSIGNED_CONTEXT ( ( #2467, #2400, #5430 ) ) REPRESENTATION_CONTEXT ( 'NONE', 'WORKASPACE' ) );
#2247 = FACE_OUTER_BOUND ( 'NONE', #2932, .T. ) ;
#2248 = ORIENTED_EDGE ( 'NONE', *, *, #2711, .F. ) ;
#2249 = COLOUR_RGB ( '',0.7529411764705882200, 0.7529411764705882200, 0.7529411764705882200 ) ;
#2250 = EDGE_CURVE ( 'NONE', #4931, #143, #6009, .T. ) ;
#2251 = CARTESIAN_POINT ( 'NONE',  ( 1.374999999999999600, 0.0000000000000000000, -0.0000000000000000000 ) ) ;
#2252 = ORIENTED_EDGE ( 'NONE', *, *, #5250, .T. ) ;
#2253 = DIRECTION ( 'NONE',  ( 0.0000000000000000000, 0.0000000000000000000, 1.000000000000000000 ) ) ;
#2254 =( LENGTH_UNIT ( ) NAMED_UNIT ( * ) SI_UNIT ( .MILLI., .METRE. ) );
#2255 =( GEOMETRIC_REPRESENTATION_CONTEXT ( 3 ) GLOBAL_UNCERTAINTY_ASSIGNED_CONTEXT ( ( #1545 ) ) GLOBAL_UNIT_ASSIGNED_CONTEXT ( ( #2111, #5590, #2622 ) ) REPRESENTATION_CONTEXT ( 'NONE', 'WORKASPACE' ) );
#2256 = PRESENTATION_LAYER_ASSIGNMENT (  '', '', ( #1598 ) ) ;
#2257 = CARTESIAN_POINT ( 'NONE',  ( -0.8749999999999996700, 0.02000000000000000000, 1.150000000000004100 ) ) ;
#2258 = VECTOR ( 'NONE', #3189, 1000.000000000000000 ) ;
#2259 = CARTESIAN_POINT ( 'NONE',  ( -0.3249999999999999000, 0.0000000000000000000, -1.149999999999999900 ) ) ;
#2260 = PLANE ( 'NONE',  #349 ) ;
#2261 = ADVANCED_FACE ( 'NONE', ( #1349 ), #3757, .T. ) ;
#2262 = CARTESIAN_POINT ( 'NONE',  ( -0.3749999999999992200, 0.0000000000000000000, 2.032879073410325000E-016 ) ) ;
#2263 = CARTESIAN_POINT ( 'NONE',  ( -0.6250000000000006700, 0.0000000000000000000, -3.388131789017218600E-016 ) ) ;
#2264 = CARTESIAN_POINT ( 'NONE',  ( 0.1749999999999996000, 0.02000000000000000000, -1.349999999999999900 ) ) ;
#2265 =( NAMED_UNIT ( * ) PLANE_ANGLE_UNIT ( ) SI_UNIT ( $, .RADIAN. ) );
#2266 = AXIS2_PLACEMENT_3D ( 'NONE', #5558, #60, #3614 ) ;
#2267 = ORIENTED_EDGE ( 'NONE', *, *, #6064, .T. ) ;
#2268 = UNCERTAINTY_MEASURE_WITH_UNIT (LENGTH_MEASURE( 1.000000000000000100E-005 ), #3683, 'distance_accuracy_value', 'NONE');
#2269 = LINE ( 'NONE', #6463, #4744 ) ;
#2270 = ORIENTED_EDGE ( 'NONE', *, *, #2200, .F. ) ;
#2271 =( LENGTH_UNIT ( ) NAMED_UNIT ( * ) SI_UNIT ( .MILLI., .METRE. ) );
#2272 = LINE ( 'NONE', #123, #3442 ) ;
#2273 = AXIS2_PLACEMENT_3D ( 'NONE', #2896, #6363, #4303 ) ;
#2274 = SURFACE_STYLE_FILL_AREA ( #6000 ) ;
#2275 = DIRECTION ( 'NONE',  ( -1.000000000000000000, 0.0000000000000000000, -0.0000000000000000000 ) ) ;
#2276 = EDGE_CURVE ( 'NONE', #68, #6446, #4234, .T. ) ;
#2277 = SURFACE_SIDE_STYLE ('',( #75 ) ) ;
#2278 = FACE_OUTER_BOUND ( 'NONE', #1130, .T. ) ;
#2279 = LINE ( 'NONE', #3485, #5915 ) ;
#2280 = VECTOR ( 'NONE', #2497, 1000.000000000000000 ) ;
#2281 = SURFACE_STYLE_USAGE ( .BOTH. , #5233 ) ;
#2282 = SURFACE_STYLE_USAGE ( .BOTH. , #5235 ) ;
#2283 = ORIENTED_EDGE ( 'NONE', *, *, #4156, .F. ) ;
#2284 = MECHANICAL_DESIGN_GEOMETRIC_PRESENTATION_REPRESENTATION (  '', ( #1626 ), #2628 ) ;
#2285 = AXIS2_PLACEMENT_3D ( 'NONE', #4261, #241, #6221 ) ;
#2286 = ORIENTED_EDGE ( 'NONE', *, *, #262, .T. ) ;
#2287 =( NAMED_UNIT ( * ) SI_UNIT ( $, .STERADIAN. ) SOLID_ANGLE_UNIT ( ) );
#2288 = DIRECTION ( 'NONE',  ( 0.0000000000000000000, 0.0000000000000000000, -1.000000000000000000 ) ) ;
#2289 = ORIENTED_EDGE ( 'NONE', *, *, #6283, .F. ) ;
#2290 = LINE ( 'NONE', #3478, #4921 ) ;
#2291 = LINE ( 'NONE', #6191, #2134 ) ;
#2292 = SURFACE_STYLE_USAGE ( .BOTH. , #1806 ) ;
#2293 = ORIENTED_EDGE ( 'NONE', *, *, #3200, .F. ) ;
#2294 = PLANE ( 'NONE',  #673 ) ;
#2295 = EDGE_CURVE ( 'NONE', #5459, #5234, #1585, .T. ) ;
#2296 = CARTESIAN_POINT ( 'NONE',  ( 0.6749999999999996000, 0.02000000000000000000, -1.349999999999996500 ) ) ;
#2297 = MECHANICAL_DESIGN_GEOMETRIC_PRESENTATION_REPRESENTATION (  '', ( #1637 ), #2638 ) ;
#2298 = AXIS2_PLACEMENT_3D ( 'NONE', #510, #24, #416 ) ;
#2299 = SURFACE_SIDE_STYLE ('',( #3883 ) ) ;
#2300 = UNCERTAINTY_MEASURE_WITH_UNIT (LENGTH_MEASURE( 1.000000000000000100E-005 ), #2343, 'distance_accuracy_value', 'NONE');
#2301 = ORIENTED_EDGE ( 'NONE', *, *, #5607, .F. ) ;
#2302 = PLANE ( 'NONE',  #5109 ) ;
#2303 = SURFACE_SIDE_STYLE ('',( #341 ) ) ;
#2304 = VECTOR ( 'NONE', #4230, 1000.000000000000000 ) ;
#2305 = ORIENTED_EDGE ( 'NONE', *, *, #5805, .F. ) ;
#2306 = UNCERTAINTY_MEASURE_WITH_UNIT (LENGTH_MEASURE( 1.000000000000000100E-005 ), #3727, 'distance_accuracy_value', 'NONE');
#2307 = EDGE_CURVE ( 'NONE', #4187, #6316, #5544, .T. ) ;
#2308 = SURFACE_SIDE_STYLE ('',( #1347 ) ) ;
#2309 = VECTOR ( 'NONE', #3188, 1000.000000000000000 ) ;
#2310 = PRESENTATION_LAYER_ASSIGNMENT (  '', '', ( #1961 ) ) ;
#2311 = CARTESIAN_POINT ( 'NONE',  ( 1.174999999999999600, 0.5200000000000000200, -1.029999999999993400 ) ) ;
#2312 = ORIENTED_EDGE ( 'NONE', *, *, #5222, .F. ) ;
#2313 = STYLED_ITEM ( 'NONE', ( #5598 ), #6018 ) ;
#2314 = DIRECTION ( 'NONE',  ( 0.0000000000000000000, 1.000000000000000000, -0.0000000000000000000 ) ) ;
#2315 = DIRECTION ( 'NONE',  ( -0.0000000000000000000, -1.000000000000000000, -0.0000000000000000000 ) ) ;
#2316 = LINE ( 'NONE', #4957, #981 ) ;
#2317 = ORIENTED_EDGE ( 'NONE', *, *, #166, .T. ) ;
#2318 = VECTOR ( 'NONE', #6399, 1000.000000000000000 ) ;
#2319 = CIRCLE ( 'NONE', #4785, 0.04999999999999991300 ) ;
#2320 = CLOSED_SHELL ( 'NONE', ( #4664, #842, #3360, #2050, #4733, #1762, #4858, #2015, #2647, #203 ) ) ;
#2321 = DIRECTION ( 'NONE',  ( 2.710505431213771900E-016, 0.0000000000000000000, 1.000000000000000000 ) ) ;
#2322 =( NAMED_UNIT ( * ) PLANE_ANGLE_UNIT ( ) SI_UNIT ( $, .RADIAN. ) );
#2323 = SURFACE_STYLE_FILL_AREA ( #6483 ) ;
#2324 = EDGE_CURVE ( 'NONE', #6216, #5457, #227, .T. ) ;
#2325 = DIRECTION ( 'NONE',  ( 0.0000000000000000000, 0.0000000000000000000, -1.000000000000000000 ) ) ;
#2326 = PLANE ( 'NONE',  #3347 ) ;
#2327 = CARTESIAN_POINT ( 'NONE',  ( 0.3749999999999995600, 0.02000000000000000000, -1.150000000000000400 ) ) ;
#2328 = EDGE_LOOP ( 'NONE', ( #3802, #4345, #5212, #6104 ) ) ;
#2329 =( GEOMETRIC_REPRESENTATION_CONTEXT ( 3 ) GLOBAL_UNCERTAINTY_ASSIGNED_CONTEXT ( ( #526 ) ) GLOBAL_UNIT_ASSIGNED_CONTEXT ( ( #5339, #3954, #442 ) ) REPRESENTATION_CONTEXT ( 'NONE', 'WORKASPACE' ) );
#2330 =( NAMED_UNIT ( * ) SI_UNIT ( $, .STERADIAN. ) SOLID_ANGLE_UNIT ( ) );
#2331 = DIRECTION ( 'NONE',  ( 0.0000000000000000000, 1.000000000000000000, -0.0000000000000000000 ) ) ;
#2332 = LINE ( 'NONE', #4973, #999 ) ;
#2333 = PRESENTATION_STYLE_ASSIGNMENT (( #2220 ) ) ;
#2334 = EDGE_LOOP ( 'NONE', ( #2060, #1757, #2406, #6006 ) ) ;
#2335 = FILL_AREA_STYLE ('',( #6311 ) ) ;
#2336 = STYLED_ITEM ( 'NONE', ( #54 ), #4765 ) ;
#2337 = CARTESIAN_POINT ( 'NONE',  ( 1.324999999999999300, 0.0000000000000000000, -1.399999999999993500 ) ) ;
#2338 = PRESENTATION_LAYER_ASSIGNMENT (  '', '', ( #2002 ) ) ;
#2339 =( NAMED_UNIT ( * ) SI_UNIT ( $, .STERADIAN. ) SOLID_ANGLE_UNIT ( ) );
#2340 = DIRECTION ( 'NONE',  ( -1.000000000000000000, 0.0000000000000000000, 0.0000000000000000000 ) ) ;
#2341 = EDGE_CURVE ( 'NONE', #5241, #6084, #2917, .T. ) ;
#2342 = CARTESIAN_POINT ( 'NONE',  ( -0.3749999999999996700, 0.02000000000000000000, 1.150000000000000600 ) ) ;
#2343 =( LENGTH_UNIT ( ) NAMED_UNIT ( * ) SI_UNIT ( .MILLI., .METRE. ) );
#2344 = PRESENTATION_LAYER_ASSIGNMENT (  '', '', ( #1334 ) ) ;
#2345 =( LENGTH_UNIT ( ) NAMED_UNIT ( * ) SI_UNIT ( .MILLI., .METRE. ) );
#2346 = SURFACE_STYLE_USAGE ( .BOTH. , #5295 ) ;
#2347 = DIRECTION ( 'NONE',  ( 0.0000000000000000000, 1.000000000000000000, -0.0000000000000000000 ) ) ;
#2348 = SURFACE_SIDE_STYLE ('',( #3304 ) ) ;
#2349 = FACE_OUTER_BOUND ( 'NONE', #6020, .T. ) ;
#2350 = ORIENTED_EDGE ( 'NONE', *, *, #2979, .T. ) ;
#2351 = EDGE_LOOP ( 'NONE', ( #1262, #1311, #6352, #6 ) ) ;
#2352 = ORIENTED_EDGE ( 'NONE', *, *, #4496, .F. ) ;
#2353 =( GEOMETRIC_REPRESENTATION_CONTEXT ( 3 ) GLOBAL_UNCERTAINTY_ASSIGNED_CONTEXT ( ( #2995 ) ) GLOBAL_UNIT_ASSIGNED_CONTEXT ( ( #4210, #1224, #4693 ) ) REPRESENTATION_CONTEXT ( 'NONE', 'WORKASPACE' ) );
#2354 = ADVANCED_FACE ( 'NONE', ( #4085 ), #5904, .F. ) ;
#2355 = EDGE_CURVE ( 'NONE', #5318, #4389, #6080, .T. ) ;
#2356 = CIRCLE ( 'NONE', #1513, 0.04999999999999991300 ) ;
#2357 = CARTESIAN_POINT ( 'NONE',  ( -1.500000000000000200, 0.5300000000000000300, -1.500000000000000000 ) ) ;
#2358 = VERTEX_POINT ( 'NONE', #11 ) ;
#2359 = DIRECTION ( 'NONE',  ( 0.0000000000000000000, 0.0000000000000000000, 1.000000000000000000 ) ) ;
#2360 =( NAMED_UNIT ( * ) PLANE_ANGLE_UNIT ( ) SI_UNIT ( $, .RADIAN. ) );
#2361 = DIRECTION ( 'NONE',  ( -1.000000000000000000, 0.0000000000000000000, 0.0000000000000000000 ) ) ;
#2362 = AXIS2_PLACEMENT_3D ( 'NONE', #1033, #6506, #524 ) ;
#2363 = ORIENTED_EDGE ( 'NONE', *, *, #2125, .F. ) ;
#2364 = VERTEX_POINT ( 'NONE', #6497 ) ;
#2365 = DIRECTION ( 'NONE',  ( 1.000000000000000000, 0.0000000000000000000, 0.0000000000000000000 ) ) ;
#2366 = ORIENTED_EDGE ( 'NONE', *, *, #4948, .F. ) ;
#2367 = CIRCLE ( 'NONE', #3429, 0.04999999999999991300 ) ;
#2368 = VECTOR ( 'NONE', #4642, 1000.000000000000000 ) ;
#2369 = FILL_AREA_STYLE ('',( #854 ) ) ;
#2370 = CARTESIAN_POINT ( 'NONE',  ( 0.0000000000000000000, 0.0000000000000000000, 0.0000000000000000000 ) ) ;
#2371 = EDGE_CURVE ( 'NONE', #1203, #6227, #3447, .T. ) ;
#2372 = LINE ( 'NONE', #3826, #5006 ) ;
#2373 = ORIENTED_EDGE ( 'NONE', *, *, #3506, .T. ) ;
#2374 =( GEOMETRIC_REPRESENTATION_CONTEXT ( 3 ) GLOBAL_UNCERTAINTY_ASSIGNED_CONTEXT ( ( #4992 ) ) GLOBAL_UNIT_ASSIGNED_CONTEXT ( ( #4218, #1228, #4700 ) ) REPRESENTATION_CONTEXT ( 'NONE', 'WORKASPACE' ) );
#2375 = ORIENTED_EDGE ( 'NONE', *, *, #61, .T. ) ;
#2376 =( GEOMETRIC_REPRESENTATION_CONTEXT ( 3 ) GLOBAL_UNCERTAINTY_ASSIGNED_CONTEXT ( ( #5448 ) ) GLOBAL_UNIT_ASSIGNED_CONTEXT ( ( #1800, #976, #568 ) ) REPRESENTATION_CONTEXT ( 'NONE', 'WORKASPACE' ) );
#2377 = SURFACE_STYLE_USAGE ( .BOTH. , #887 ) ;
#2378 = COLOUR_RGB ( '',0.2509803921568627400, 0.2509803921568627400, 0.2509803921568627400 ) ;
#2379 = AXIS2_PLACEMENT_3D ( 'NONE', #431, #4556, #66 ) ;
#2380 = ORIENTED_EDGE ( 'NONE', *, *, #1151, .F. ) ;
#2381 =( NAMED_UNIT ( * ) SI_UNIT ( $, .STERADIAN. ) SOLID_ANGLE_UNIT ( ) );
#2382 = FILL_AREA_STYLE ('',( #4365 ) ) ;
#2383 = ORIENTED_EDGE ( 'NONE', *, *, #2189, .T. ) ;
#2384 = LINE ( 'NONE', #1121, #6040 ) ;
#2385 = AXIS2_PLACEMENT_3D ( 'NONE', #5943, #3004, #6460 ) ;
#2386 = ORIENTED_EDGE ( 'NONE', *, *, #957, .F. ) ;
#2387 = SURFACE_SIDE_STYLE ('',( #2681 ) ) ;
#2388 = CARTESIAN_POINT ( 'NONE',  ( 0.0000000000000000000, 0.0000000000000000000, 0.0000000000000000000 ) ) ;
#2389 = ADVANCED_FACE ( 'NONE', ( #947 ), #304, .T. ) ;
#2390 = DIRECTION ( 'NONE',  ( 1.000000000000000000, 0.0000000000000000000, 0.0000000000000000000 ) ) ;
#2391 = VECTOR ( 'NONE', #3779, 1000.000000000000000 ) ;
#2392 = CARTESIAN_POINT ( 'NONE',  ( -0.8749999999999992200, 0.02000000000000000000, 4.743384504624097700E-016 ) ) ;
#2393 = DIRECTION ( 'NONE',  ( 0.0000000000000000000, 0.0000000000000000000, -1.000000000000000000 ) ) ;
#2394 = STYLED_ITEM ( 'NONE', ( #3409 ), #301 ) ;
#2395 = ORIENTED_EDGE ( 'NONE', *, *, #5303, .T. ) ;
#2396 = EDGE_CURVE ( 'NONE', #3637, #3493, #1662, .T. ) ;
#2397 = LINE ( 'NONE', #454, #6206 ) ;
#2398 = VERTEX_POINT ( 'NONE', #4533 ) ;
#2399 = SURFACE_STYLE_USAGE ( .BOTH. , #5288 ) ;
#2400 =( NAMED_UNIT ( * ) PLANE_ANGLE_UNIT ( ) SI_UNIT ( $, .RADIAN. ) );
#2401 = VECTOR ( 'NONE', #5369, 1000.000000000000000 ) ;
#2402 = VECTOR ( 'NONE', #3622, 1000.000000000000000 ) ;
#2403 = AXIS2_PLACEMENT_3D ( 'NONE', #2834, #6305, #3346 ) ;
#2404 =( NAMED_UNIT ( * ) SI_UNIT ( $, .STERADIAN. ) SOLID_ANGLE_UNIT ( ) );
#2405 =( GEOMETRIC_REPRESENTATION_CONTEXT ( 3 ) GLOBAL_UNCERTAINTY_ASSIGNED_CONTEXT ( ( #6037 ) ) GLOBAL_UNIT_ASSIGNED_CONTEXT ( ( #414, #4375, #2010 ) ) REPRESENTATION_CONTEXT ( 'NONE', 'WORKASPACE' ) );
#2406 = ORIENTED_EDGE ( 'NONE', *, *, #4698, .T. ) ;
#2407 =( LENGTH_UNIT ( ) NAMED_UNIT ( * ) SI_UNIT ( .MILLI., .METRE. ) );
#2408 = VECTOR ( 'NONE', #1941, 1000.000000000000000 ) ;
#2409 = EDGE_CURVE ( 'NONE', #1365, #306, #4149, .T. ) ;
#2410 = CARTESIAN_POINT ( 'NONE',  ( -1.175000000000000500, 0.02000000000000000000, -1.099999999999993000 ) ) ;
#2411 = CARTESIAN_POINT ( 'NONE',  ( 0.3250000000000004000, 0.0000000000000000000, 1.350000000000000300 ) ) ;
#2412 = FILL_AREA_STYLE_COLOUR ( '', #2797 ) ;
#2413 = MECHANICAL_DESIGN_GEOMETRIC_PRESENTATION_REPRESENTATION (  '', ( #1410 ), #2764 ) ;
#2414 = DIRECTION ( 'NONE',  ( -0.0000000000000000000, -1.000000000000000000, -0.0000000000000000000 ) ) ;
#2415 = STYLED_ITEM ( 'NONE', ( #4078 ), #2548 ) ;
#2416 = COLOUR_RGB ( '',0.7529411764705882200, 0.7529411764705882200, 0.7529411764705882200 ) ;
#2417 = EDGE_CURVE ( 'NONE', #5287, #1200, #5451, .T. ) ;
#2418 = VERTEX_POINT ( 'NONE', #1993 ) ;
#2419 = FACE_OUTER_BOUND ( 'NONE', #953, .T. ) ;
#2420 = CARTESIAN_POINT ( 'NONE',  ( -2.023844055306283800E-015, 0.0000000000000000000, -1.399999999999999500 ) ) ;
#2421 = VERTEX_POINT ( 'NONE', #2064 ) ;
#2422 = FILL_AREA_STYLE ('',( #4405 ) ) ;
#2423 = VECTOR ( 'NONE', #2820, 1000.000000000000000 ) ;
#2424 =( NAMED_UNIT ( * ) SI_UNIT ( $, .STERADIAN. ) SOLID_ANGLE_UNIT ( ) );
#2425 =( LENGTH_UNIT ( ) NAMED_UNIT ( * ) SI_UNIT ( .MILLI., .METRE. ) );
#2426 = CARTESIAN_POINT ( 'NONE',  ( -0.6749999999999998200, 0.0000000000000000000, 1.350000000000003900 ) ) ;
#2427 = DIRECTION ( 'NONE',  ( -0.0000000000000000000, -1.000000000000000000, -0.0000000000000000000 ) ) ;
#2428 = SURFACE_STYLE_FILL_AREA ( #3849 ) ;
#2429 =( LENGTH_UNIT ( ) NAMED_UNIT ( * ) SI_UNIT ( .MILLI., .METRE. ) );
#2430 = FILL_AREA_STYLE_COLOUR ( '', #905 ) ;
#2431 = DIRECTION ( 'NONE',  ( 0.0000000000000000000, 0.0000000000000000000, -1.000000000000000000 ) ) ;
#2432 = EDGE_CURVE ( 'NONE', #6152, #520, #4001, .T. ) ;
#2433 = EDGE_LOOP ( 'NONE', ( #1064, #5680, #4158, #3935, #1818, #2305, #1876, #4784 ) ) ;
#2434 = ORIENTED_EDGE ( 'NONE', *, *, #849, .F. ) ;
#2435 = CARTESIAN_POINT ( 'NONE',  ( -0.6750000000000002700, 0.02000000000000000000, 1.100000000000003600 ) ) ;
#2436 = FACE_OUTER_BOUND ( 'NONE', #43, .T. ) ;
#2437 = ORIENTED_EDGE ( 'NONE', *, *, #3215, .T. ) ;
#2438 = ORIENTED_EDGE ( 'NONE', *, *, #3544, .F. ) ;
#2439 = DIRECTION ( 'NONE',  ( 0.0000000000000000000, 0.0000000000000000000, -1.000000000000000000 ) ) ;
#2440 = AXIS2_PLACEMENT_3D ( 'NONE', #1532, #3033, #1014 ) ;
#2441 = FACE_OUTER_BOUND ( 'NONE', #3375, .T. ) ;
#2442 = ORIENTED_EDGE ( 'NONE', *, *, #828, .T. ) ;
#2443 = DIRECTION ( 'NONE',  ( 0.0000000000000000000, 0.0000000000000000000, 1.000000000000000000 ) ) ;
#2444 = DIRECTION ( 'NONE',  ( 1.084202172485508800E-015, 0.0000000000000000000, 1.000000000000000000 ) ) ;
#2445 = SURFACE_STYLE_FILL_AREA ( #6426 ) ;
#2446 = LINE ( 'NONE', #3754, #4928 ) ;
#2447 = VERTEX_POINT ( 'NONE', #4916 ) ;
#2448 = FILL_AREA_STYLE ('',( #2923 ) ) ;
#2449 = CARTESIAN_POINT ( 'NONE',  ( 0.3750000000000004400, 0.0000000000000000000, -0.0000000000000000000 ) ) ;
#2450 = FILL_AREA_STYLE_COLOUR ( '', #4394 ) ;
#2451 = AXIS2_PLACEMENT_3D ( 'NONE', #2296, #3353, #5817 ) ;
#2452 = PLANE ( 'NONE',  #6146 ) ;
#2453 = FILL_AREA_STYLE ('',( #2981 ) ) ;
#2454 = VECTOR ( 'NONE', #5343, 1000.000000000000000 ) ;
#2455 = DIRECTION ( 'NONE',  ( 0.0000000000000000000, 1.000000000000000000, -0.0000000000000000000 ) ) ;
#2456 = FILL_AREA_STYLE_COLOUR ( '', #5171 ) ;
#2458 = ORIENTED_EDGE ( 'NONE', *, *, #4212, .F. ) ;
#2457 = SURFACE_STYLE_USAGE ( .BOTH. , #1867 ) ;
#2459 = EDGE_CURVE ( 'NONE', #5717, #2604, #1501, .T. ) ;
#2460 = DIRECTION ( 'NONE',  ( -0.0000000000000000000, -1.000000000000000000, -0.0000000000000000000 ) ) ;
#2461 = VECTOR ( 'NONE', #5997, 1000.000000000000000 ) ;
#2462 = AXIS2_PLACEMENT_3D ( 'NONE', #5727, #2779, #6233 ) ;
#2463 = CLOSED_SHELL ( 'NONE', ( #5202, #3292, #4976, #3072, #674, #3490, #6166 ) ) ;
#2464 = AXIS2_PLACEMENT_3D ( 'NONE', #1550, #1254, #6083 ) ;
#2465 =( LENGTH_UNIT ( ) NAMED_UNIT ( * ) SI_UNIT ( .MILLI., .METRE. ) );
#2466 = ORIENTED_EDGE ( 'NONE', *, *, #5057, .F. ) ;
#2467 =( LENGTH_UNIT ( ) NAMED_UNIT ( * ) SI_UNIT ( .MILLI., .METRE. ) );
#2468 = CARTESIAN_POINT ( 'NONE',  ( 1.499999999999999800, 0.03999999999999999400, -1.500000000000000000 ) ) ;
#2469 = DIRECTION ( 'NONE',  ( 0.0000000000000000000, 0.0000000000000000000, 1.000000000000000000 ) ) ;
#2470 = DIRECTION ( 'NONE',  ( 0.0000000000000000000, 0.0000000000000000000, -1.000000000000000000 ) ) ;
#2471 = CARTESIAN_POINT ( 'NONE',  ( 1.324999999999999100, 0.02000000000000000000, -1.099999999999993400 ) ) ;
#2472 = FILL_AREA_STYLE_COLOUR ( '', #1945 ) ;
#2473 = LINE ( 'NONE', #6137, #4874 ) ;
#2474 =( NAMED_UNIT ( * ) PLANE_ANGLE_UNIT ( ) SI_UNIT ( $, .RADIAN. ) );
#2475 = PRODUCT_RELATED_PRODUCT_CATEGORY ( 'part', '', ( #3142 ) ) ;
#2476 = FILL_AREA_STYLE_COLOUR ( '', #3920 ) ;
#2477 = COLOUR_RGB ( '',0.7529411764705882200, 0.7529411764705882200, 0.7529411764705882200 ) ;
#2478 = ORIENTED_EDGE ( 'NONE', *, *, #1643, .T. ) ;
#2479 = DIRECTION ( 'NONE',  ( -0.0000000000000000000, -1.000000000000000000, -0.0000000000000000000 ) ) ;
#2480 = UNCERTAINTY_MEASURE_WITH_UNIT (LENGTH_MEASURE( 1.000000000000000100E-005 ), #4731, 'distance_accuracy_value', 'NONE');
#2481 = DIRECTION ( 'NONE',  ( 0.0000000000000000000, 0.0000000000000000000, 1.000000000000000000 ) ) ;
#2482 = FILL_AREA_STYLE ('',( #2456 ) ) ;
#2483 =( LENGTH_UNIT ( ) NAMED_UNIT ( * ) SI_UNIT ( .MILLI., .METRE. ) );
#2484 = CIRCLE ( 'NONE', #2062, 0.04999999999999991300 ) ;
#2485 = LINE ( 'NONE', #4183, #1154 ) ;
#2486 = ORIENTED_EDGE ( 'NONE', *, *, #5816, .F. ) ;
#2487 = CARTESIAN_POINT ( 'NONE',  ( 0.8749999999999995600, 0.0000000000000000000, -1.349999999999996300 ) ) ;
#2488 = PRESENTATION_LAYER_ASSIGNMENT (  '', '', ( #2153 ) ) ;
#2489 =( LENGTH_UNIT ( ) NAMED_UNIT ( * ) SI_UNIT ( .MILLI., .METRE. ) );
#2490 = EDGE_CURVE ( 'NONE', #708, #5856, #136, .T. ) ;
#2491 = CIRCLE ( 'NONE', #4964, 0.05000000000000012800 ) ;
#2492 = DIRECTION ( 'NONE',  ( -1.445602896647346600E-015, 0.0000000000000000000, -1.000000000000000000 ) ) ;
#2493 = DIRECTION ( 'NONE',  ( -0.0000000000000000000, -1.000000000000000000, -0.0000000000000000000 ) ) ;
#2494 = ADVANCED_FACE ( 'NONE', ( #5621 ), #1364, .T. ) ;
#2495 = MECHANICAL_DESIGN_GEOMETRIC_PRESENTATION_REPRESENTATION (  '', ( #1822 ), #2840 ) ;
#2496 = FILL_AREA_STYLE ('',( #5934 ) ) ;
#2497 = DIRECTION ( 'NONE',  ( -1.000000000000000000, 0.0000000000000000000, 0.0000000000000000000 ) ) ;
#2498 = AXIS2_PLACEMENT_3D ( 'NONE', #707, #3126, #1288 ) ;
#2499 = SURFACE_STYLE_FILL_AREA ( #4098 ) ;
#2500 = DIRECTION ( 'NONE',  ( 1.084202172485509000E-015, 0.0000000000000000000, -1.000000000000000000 ) ) ;
#2501 = FILL_AREA_STYLE ('',( #2472 ) ) ;
#2502 = UNCERTAINTY_MEASURE_WITH_UNIT (LENGTH_MEASURE( 1.000000000000000100E-005 ), #2864, 'distance_accuracy_value', 'NONE');
#2503 = EDGE_CURVE ( 'NONE', #1451, #5472, #6005, .T. ) ;
#2504 =( NAMED_UNIT ( * ) SI_UNIT ( $, .STERADIAN. ) SOLID_ANGLE_UNIT ( ) );
#2505 = DIRECTION ( 'NONE',  ( -0.0000000000000000000, -1.000000000000000000, 0.0000000000000000000 ) ) ;
#2506 = PLANE ( 'NONE',  #3976 ) ;
#2507 = CARTESIAN_POINT ( 'NONE',  ( 0.3749999999999996700, 0.0000000000000000000, -1.349999999999999600 ) ) ;
#2508 = COLOUR_RGB ( '',0.7529411764705882200, 0.7529411764705882200, 0.7529411764705882200 ) ;
#2509 =( GEOMETRIC_REPRESENTATION_CONTEXT ( 3 ) GLOBAL_UNCERTAINTY_ASSIGNED_CONTEXT ( ( #2019 ) ) GLOBAL_UNIT_ASSIGNED_CONTEXT ( ( #1612, #5059, #2106 ) ) REPRESENTATION_CONTEXT ( 'NONE', 'WORKASPACE' ) );
#2510 = PLANE ( 'NONE',  #585 ) ;
#2511 = VECTOR ( 'NONE', #2561, 1000.000000000000000 ) ;
#2512 = UNCERTAINTY_MEASURE_WITH_UNIT (LENGTH_MEASURE( 1.000000000000000100E-005 ), #5431, 'distance_accuracy_value', 'NONE');
#2513 = PRESENTATION_LAYER_ASSIGNMENT (  '', '', ( #2850 ) ) ;
#2514 = ORIENTED_EDGE ( 'NONE', *, *, #716, .F. ) ;
#2515 = ADVANCED_FACE ( 'NONE', ( #3531 ), #4427, .T. ) ;
#2516 = ORIENTED_EDGE ( 'NONE', *, *, #269, .T. ) ;
#2517 = PRESENTATION_STYLE_ASSIGNMENT (( #874 ) ) ;
#2518 = CYLINDRICAL_SURFACE ( 'NONE', #2298, 0.04999999999999991300 ) ;
#2519 = EDGE_CURVE ( 'NONE', #4695, #4931, #4231, .T. ) ;
#2520 = ORIENTED_EDGE ( 'NONE', *, *, #623, .F. ) ;
#2521 = EDGE_LOOP ( 'NONE', ( #6319, #3922, #3164, #4145 ) ) ;
#2522 = PRESENTATION_STYLE_ASSIGNMENT (( #5044 ) ) ;
#2523 = PRESENTATION_LAYER_ASSIGNMENT (  '', '', ( #2180 ) ) ;
#2524 = AXIS2_PLACEMENT_3D ( 'NONE', #2088, #5554, #1610 ) ;
#2525 = DIRECTION ( 'NONE',  ( -0.0000000000000000000, -1.000000000000000000, -0.0000000000000000000 ) ) ;
#2526 = ORIENTED_EDGE ( 'NONE', *, *, #6505, .F. ) ;
#2527 = CARTESIAN_POINT ( 'NONE',  ( 1.374999999999999600, 0.0000000000000000000, -1.349999999999993200 ) ) ;
#2528 = PRESENTATION_STYLE_ASSIGNMENT (( #5763 ) ) ;
#2529 = CARTESIAN_POINT ( 'NONE',  ( -0.6249999999999998900, 0.02000000000000000000, -1.349999999999995900 ) ) ;
#2530 = DIRECTION ( 'NONE',  ( 0.0000000000000000000, 1.000000000000000000, -0.0000000000000000000 ) ) ;
#2531 = DIRECTION ( 'NONE',  ( 1.000000000000000000, -0.0000000000000000000, 0.0000000000000000000 ) ) ;
#2532 = CARTESIAN_POINT ( 'NONE',  ( -0.3249999999999996800, 0.02000000000000000000, 1.150000000000000100 ) ) ;
#2533 = ORIENTED_EDGE ( 'NONE', *, *, #979, .T. ) ;
#2534 =( NAMED_UNIT ( * ) SI_UNIT ( $, .STERADIAN. ) SOLID_ANGLE_UNIT ( ) );
#2535 = ORIENTED_EDGE ( 'NONE', *, *, #5352, .F. ) ;
#2536 = EDGE_CURVE ( 'NONE', #1230, #520, #5536, .T. ) ;
#2537 = ORIENTED_EDGE ( 'NONE', *, *, #4741, .F. ) ;
#2538 = ORIENTED_EDGE ( 'NONE', *, *, #4759, .F. ) ;
#2539 =( LENGTH_UNIT ( ) NAMED_UNIT ( * ) SI_UNIT ( .MILLI., .METRE. ) );
#2540 = ORIENTED_EDGE ( 'NONE', *, *, #5205, .T. ) ;
#2541 = PLANE ( 'NONE',  #265 ) ;
#2542 = MECHANICAL_DESIGN_GEOMETRIC_PRESENTATION_REPRESENTATION (  '', ( #512 ), #2879 ) ;
#2543 = PRESENTATION_LAYER_ASSIGNMENT (  '', '', ( #2195 ) ) ;
#2544 = PRESENTATION_STYLE_ASSIGNMENT (( #4037 ) ) ;
#2545 = ORIENTED_EDGE ( 'NONE', *, *, #3339, .F. ) ;
#2546 = VERTEX_POINT ( 'NONE', #894 ) ;
#2547 = ORIENTED_EDGE ( 'NONE', *, *, #1362, .T. ) ;
#2548 = ADVANCED_FACE ( 'NONE', ( #2911 ), #4310, .F. ) ;
#2549 = DIRECTION ( 'NONE',  ( -0.0000000000000000000, -1.000000000000000000, 0.0000000000000000000 ) ) ;
#2550 = EDGE_CURVE ( 'NONE', #787, #5708, #3605, .T. ) ;
#2551 = LINE ( 'NONE', #1746, #1213 ) ;
#2552 = DIRECTION ( 'NONE',  ( 0.0000000000000000000, 0.0000000000000000000, 1.000000000000000000 ) ) ;
#2553 =( NAMED_UNIT ( * ) SI_UNIT ( $, .STERADIAN. ) SOLID_ANGLE_UNIT ( ) );
#2554 =( NAMED_UNIT ( * ) SI_UNIT ( $, .STERADIAN. ) SOLID_ANGLE_UNIT ( ) );
#2555 = VERTEX_POINT ( 'NONE', #2029 ) ;
#2556 = AXIS2_PLACEMENT_3D ( 'NONE', #966, #6430, #2035 ) ;
#2557 = CARTESIAN_POINT ( 'NONE',  ( 0.6249999999999998900, 0.0000000000000000000, -3.388131789017214200E-016 ) ) ;
#2558 = FILL_AREA_STYLE ('',( #4042 ) ) ;
#2559 = FILL_AREA_STYLE_COLOUR ( '', #4792 ) ;
#2560 = ORIENTED_EDGE ( 'NONE', *, *, #3759, .F. ) ;
#2561 = DIRECTION ( 'NONE',  ( -0.0000000000000000000, -1.000000000000000000, -0.0000000000000000000 ) ) ;
#2562 = EDGE_CURVE ( 'NONE', #5227, #2142, #1108, .T. ) ;
#2563 = SURFACE_STYLE_FILL_AREA ( #5992 ) ;
#2564 =( NAMED_UNIT ( * ) PLANE_ANGLE_UNIT ( ) SI_UNIT ( $, .RADIAN. ) );
#2565 =( GEOMETRIC_REPRESENTATION_CONTEXT ( 3 ) GLOBAL_UNCERTAINTY_ASSIGNED_CONTEXT ( ( #6132 ) ) GLOBAL_UNIT_ASSIGNED_CONTEXT ( ( #5160, #3203, #2805 ) ) REPRESENTATION_CONTEXT ( 'NONE', 'WORKASPACE' ) );
#2566 = VECTOR ( 'NONE', #5236, 1000.000000000000000 ) ;
#2567 =( LENGTH_UNIT ( ) NAMED_UNIT ( * ) SI_UNIT ( .MILLI., .METRE. ) );
#2568 = CARTESIAN_POINT ( 'NONE',  ( 0.0000000000000000000, 0.0000000000000000000, -1.399999999999996400 ) ) ;
#2569 = ORIENTED_EDGE ( 'NONE', *, *, #3716, .F. ) ;
#2570 = CARTESIAN_POINT ( 'NONE',  ( 0.6750000000000010400, 0.0000000000000000000, 1.400000000000003700 ) ) ;
#2571 = DIRECTION ( 'NONE',  ( -0.0000000000000000000, -1.000000000000000000, -0.0000000000000000000 ) ) ;
#2572 = PLANE ( 'NONE',  #6370 ) ;
#2573 = ORIENTED_EDGE ( 'NONE', *, *, #334, .T. ) ;
#2574 = DIRECTION ( 'NONE',  ( 1.000000000000000000, -0.0000000000000000000, 0.0000000000000000000 ) ) ;
#2575 =( NAMED_UNIT ( * ) SI_UNIT ( $, .STERADIAN. ) SOLID_ANGLE_UNIT ( ) );
#2576 =( LENGTH_UNIT ( ) NAMED_UNIT ( * ) SI_UNIT ( .MILLI., .METRE. ) );
#2577 = SURFACE_STYLE_USAGE ( .BOTH. , #5540 ) ;
#2578 = ADVANCED_FACE ( 'NONE', ( #4907 ), #2541, .T. ) ;
#2579 = AXIS2_PLACEMENT_3D ( 'NONE', #1790, #5675, #1882 ) ;
#2580 = ADVANCED_FACE ( 'NONE', ( #1803 ), #2518, .T. ) ;
#2581 = MANIFOLD_SOLID_BREP ( 'Boss-Extrude2[13]', #3651 ) ;
#2582 = SURFACE_SIDE_STYLE ('',( #6315 ) ) ;
#2583 = VECTOR ( 'NONE', #3014, 1000.000000000000000 ) ;
#2584 = UNCERTAINTY_MEASURE_WITH_UNIT (LENGTH_MEASURE( 1.000000000000000100E-005 ), #2217, 'distance_accuracy_value', 'NONE');
#2585 = MECHANICAL_DESIGN_GEOMETRIC_PRESENTATION_REPRESENTATION (  '', ( #1581 ), #2929 ) ;
#2586 = ORIENTED_EDGE ( 'NONE', *, *, #5982, .T. ) ;
#2587 = VECTOR ( 'NONE', #3435, 1000.000000000000000 ) ;
#2588 = FILL_AREA_STYLE ('',( #5058 ) ) ;
#2589 = CARTESIAN_POINT ( 'NONE',  ( -0.3750000000000000000, 0.02000000000000000000, -1.349999999999999400 ) ) ;
#2590 = EDGE_CURVE ( 'NONE', #3694, #469, #5125, .T. ) ;
#2591 =( NAMED_UNIT ( * ) SI_UNIT ( $, .STERADIAN. ) SOLID_ANGLE_UNIT ( ) );
#2592 = CARTESIAN_POINT ( 'NONE',  ( 0.6750000000000007100, 0.02000000000000000000, 1.350000000000003900 ) ) ;
#2593 = ORIENTED_EDGE ( 'NONE', *, *, #1211, .F. ) ;
#2594 = FACE_OUTER_BOUND ( 'NONE', #2785, .T. ) ;
#2595 = DIRECTION ( 'NONE',  ( -0.0000000000000000000, -1.000000000000000000, 0.0000000000000000000 ) ) ;
#2596 = CARTESIAN_POINT ( 'NONE',  ( 0.8250000000000001800, 0.0000000000000000000, 1.400000000000003700 ) ) ;
#2597 = STYLED_ITEM ( 'NONE', ( #1084 ), #5587 ) ;
#2598 = ADVANCED_FACE ( 'NONE', ( #3847 ), #4509, .F. ) ;
#2599 = MECHANICAL_DESIGN_GEOMETRIC_PRESENTATION_REPRESENTATION (  '', ( #1598 ), #2946 ) ;
#2600 = CARTESIAN_POINT ( 'NONE',  ( 0.0000000000000000000, 0.02000000000000000000, -1.099999999999993400 ) ) ;
#2601 = CARTESIAN_POINT ( 'NONE',  ( 0.0000000000000000000, 0.02000000000000000000, 0.0000000000000000000 ) ) ;
#2602 = DIRECTION ( 'NONE',  ( -0.0000000000000000000, -1.000000000000000000, 0.0000000000000000000 ) ) ;
#2603 = CARTESIAN_POINT ( 'NONE',  ( 1.174999999999999600, 0.02000000000000000000, -1.149999999999993500 ) ) ;
#2604 = VERTEX_POINT ( 'NONE', #3491 ) ;
#2605 = ORIENTED_EDGE ( 'NONE', *, *, #4212, .T. ) ;
#2606 = MECHANICAL_DESIGN_GEOMETRIC_PRESENTATION_REPRESENTATION (  '', ( #1922 ), #2958 ) ;
#2607 = EDGE_LOOP ( 'NONE', ( #4067, #2084, #6251, #1724 ) ) ;
#2608 = CARTESIAN_POINT ( 'NONE',  ( 0.6750000000000004900, 0.02000000000000000000, 1.150000000000003700 ) ) ;
#2609 = ORIENTED_EDGE ( 'NONE', *, *, #3067, .F. ) ;
#2610 = CIRCLE ( 'NONE', #1644, 0.04999999999999991300 ) ;
#2611 = PLANE ( 'NONE',  #4189 ) ;
#2612 = CARTESIAN_POINT ( 'NONE',  ( 0.0000000000000000000, 0.02000000000000000000, 0.0000000000000000000 ) ) ;
#2613 = CARTESIAN_POINT ( 'NONE',  ( 0.8249999999999992900, 0.02000000000000000000, -1.399999999999996800 ) ) ;
#2614 = LINE ( 'NONE', #313, #3933 ) ;
#2615 = PLANE ( 'NONE',  #1899 ) ;
#2616 =( LENGTH_UNIT ( ) NAMED_UNIT ( * ) SI_UNIT ( .MILLI., .METRE. ) );
#2617 = ORIENTED_EDGE ( 'NONE', *, *, #4932, .T. ) ;
#2618 = LINE ( 'NONE', #6436, #5224 ) ;
#2619 =( LENGTH_UNIT ( ) NAMED_UNIT ( * ) SI_UNIT ( .MILLI., .METRE. ) );
#2620 = AXIS2_PLACEMENT_3D ( 'NONE', #2947, #6447, #2439 ) ;
#2621 = VERTEX_POINT ( 'NONE', #6467 ) ;
#2622 =( NAMED_UNIT ( * ) SI_UNIT ( $, .STERADIAN. ) SOLID_ANGLE_UNIT ( ) );
#2623 = EDGE_CURVE ( 'NONE', #3493, #2555, #5666, .T. ) ;
#2624 = SPHERICAL_SURFACE ( 'NONE', #114, 0.02000000000000000000 ) ;
#2625 = COLOUR_RGB ( '',0.7529411764705882200, 0.7529411764705882200, 0.7529411764705882200 ) ;
#2626 = CARTESIAN_POINT ( 'NONE',  ( 0.6750000000000004900, 0.0000000000000000000, 1.150000000000003700 ) ) ;
#2627 = VERTEX_POINT ( 'NONE', #4482 ) ;
#2628 =( GEOMETRIC_REPRESENTATION_CONTEXT ( 3 ) GLOBAL_UNCERTAINTY_ASSIGNED_CONTEXT ( ( #2103 ) ) GLOBAL_UNIT_ASSIGNED_CONTEXT ( ( #6402, #3433, #422 ) ) REPRESENTATION_CONTEXT ( 'NONE', 'WORKASPACE' ) );
#2629 = FILL_AREA_STYLE ('',( #6468 ) ) ;
#2630 = STYLED_ITEM ( 'NONE', ( #5013 ), #1447 ) ;
#2631 = LINE ( 'NONE', #5402, #6432 ) ;
#2632 = ORIENTED_EDGE ( 'NONE', *, *, #2967, .F. ) ;
#2633 = VERTEX_POINT ( 'NONE', #922 ) ;
#2634 = EDGE_CURVE ( 'NONE', #68, #5472, #3056, .T. ) ;
#2635 = DIRECTION ( 'NONE',  ( -0.0000000000000000000, -1.000000000000000000, 0.0000000000000000000 ) ) ;
#2636 = CARTESIAN_POINT ( 'NONE',  ( 0.8250000000000005100, 0.02000000000000000000, 1.350000000000003900 ) ) ;
#2637 = PLANE ( 'NONE',  #2237 ) ;
#2638 =( GEOMETRIC_REPRESENTATION_CONTEXT ( 3 ) GLOBAL_UNCERTAINTY_ASSIGNED_CONTEXT ( ( #5473 ) ) GLOBAL_UNIT_ASSIGNED_CONTEXT ( ( #3481, #471, #3982 ) ) REPRESENTATION_CONTEXT ( 'NONE', 'WORKASPACE' ) );
#2639 = STYLED_ITEM ( 'NONE', ( #3501 ), #2581 ) ;
#2640 = FILL_AREA_STYLE ('',( #601 ) ) ;
#2641 = FILL_AREA_STYLE_COLOUR ( '', #386 ) ;
#2642 = DIRECTION ( 'NONE',  ( 0.0000000000000000000, -1.000000000000000000, 0.0000000000000000000 ) ) ;
#2643 = EDGE_CURVE ( 'NONE', #4857, #1158, #351, .T. ) ;
#2644 =( LENGTH_UNIT ( ) NAMED_UNIT ( * ) SI_UNIT ( .MILLI., .METRE. ) );
#2645 = VERTEX_POINT ( 'NONE', #1373 ) ;
#2646 = MECHANICAL_DESIGN_GEOMETRIC_PRESENTATION_REPRESENTATION (  '', ( #1961 ), #2991 ) ;
#2647 = ADVANCED_FACE ( 'NONE', ( #4356 ), #4358, .T. ) ;
#2648 = AXIS2_PLACEMENT_3D ( 'NONE', #970, #4446, #1473 ) ;
#2649 = VECTOR ( 'NONE', #3201, 1000.000000000000000 ) ;
#2650 =( LENGTH_UNIT ( ) NAMED_UNIT ( * ) SI_UNIT ( .MILLI., .METRE. ) );
#2651 = VERTEX_POINT ( 'NONE', #4503 ) ;
#2652 = LINE ( 'NONE', #4969, #5111 ) ;
#2653 = FILL_AREA_STYLE_COLOUR ( '', #200 ) ;
#2654 = DIRECTION ( 'NONE',  ( -0.0000000000000000000, -1.000000000000000000, -0.0000000000000000000 ) ) ;
#2655 = CARTESIAN_POINT ( 'NONE',  ( 0.6750000000000004900, 0.02000000000000000000, 1.150000000000003700 ) ) ;
#2656 = DIRECTION ( 'NONE',  ( 0.0000000000000000000, 0.0000000000000000000, -1.000000000000000000 ) ) ;
#2657 = EDGE_CURVE ( 'NONE', #4702, #403, #2397, .T. ) ;
#2658 = LINE ( 'NONE', #562, #1319 ) ;
#2659 = DIRECTION ( 'NONE',  ( 0.0000000000000000000, 0.0000000000000000000, 1.000000000000000000 ) ) ;
#2660 = DIRECTION ( 'NONE',  ( 0.0000000000000000000, 1.000000000000000000, -0.0000000000000000000 ) ) ;
#2661 = SURFACE_STYLE_FILL_AREA ( #1748 ) ;
#2662 = VERTEX_POINT ( 'NONE', #5565 ) ;
#2663 = FACE_OUTER_BOUND ( 'NONE', #5312, .T. ) ;
#2664 = VECTOR ( 'NONE', #165, 1000.000000000000000 ) ;
#2665 = AXIS2_PLACEMENT_3D ( 'NONE', #1856, #5323, #2443 ) ;
#2666 = MECHANICAL_DESIGN_GEOMETRIC_PRESENTATION_REPRESENTATION (  '', ( #2002 ), #3028 ) ;
#2667 = DIRECTION ( 'NONE',  ( -0.0000000000000000000, -1.000000000000000000, -0.0000000000000000000 ) ) ;
#2668 = ORIENTED_EDGE ( 'NONE', *, *, #2674, .F. ) ;
#2669 = PRESENTATION_STYLE_ASSIGNMENT (( #5707 ) ) ;
#2670 = CARTESIAN_POINT ( 'NONE',  ( -1.275000000000000100, 0.0000000000000000000, 1.974796814170025800E-016 ) ) ;
#2671 = DIRECTION ( 'NONE',  ( -0.0000000000000000000, -1.000000000000000000, -0.0000000000000000000 ) ) ;
#2672 = VECTOR ( 'NONE', #5062, 1000.000000000000000 ) ;
#2673 = VECTOR ( 'NONE', #2016, 1000.000000000000000 ) ;
#2674 = EDGE_CURVE ( 'NONE', #6316, #1292, #1556, .T. ) ;
#2675 = DIRECTION ( 'NONE',  ( 1.000000000000000000, -0.0000000000000000000, -0.0000000000000000000 ) ) ;
#2676 = ORIENTED_EDGE ( 'NONE', *, *, #2324, .F. ) ;
#2677 = DIRECTION ( 'NONE',  ( 1.000000000000000000, -0.0000000000000000000, 0.0000000000000000000 ) ) ;
#2678 = VECTOR ( 'NONE', #5792, 1000.000000000000000 ) ;
#2679 = DIRECTION ( 'NONE',  ( 0.0000000000000000000, 0.0000000000000000000, -1.000000000000000000 ) ) ;
#2680 = EDGE_LOOP ( 'NONE', ( #3173, #252, #6052, #5849 ) ) ;
#2681 = SURFACE_STYLE_FILL_AREA ( #4370 ) ;
#2682 = MECHANICAL_DESIGN_GEOMETRIC_PRESENTATION_REPRESENTATION (  '', ( #1334 ), #3037 ) ;
#2683 = VECTOR ( 'NONE', #820, 1000.000000000000000 ) ;
#2684 = CARTESIAN_POINT ( 'NONE',  ( 0.8249999999999992900, 0.0000000000000000000, -1.399999999999996800 ) ) ;
#2685 = UNCERTAINTY_MEASURE_WITH_UNIT (LENGTH_MEASURE( 1.000000000000000100E-005 ), #5732, 'distance_accuracy_value', 'NONE');
#2686 = EDGE_LOOP ( 'NONE', ( #5305, #3691, #5722, #28, #1191, #636, #3908, #215 ) ) ;
#2687 = SURFACE_STYLE_USAGE ( .BOTH. , #1196 ) ;
#2688 = SURFACE_STYLE_FILL_AREA ( #3376 ) ;
#2689 = CYLINDRICAL_SURFACE ( 'NONE', #426, 0.05000000000000012800 ) ;
#2690 = ORIENTED_EDGE ( 'NONE', *, *, #3681, .T. ) ;
#2691 = CARTESIAN_POINT ( 'NONE',  ( -0.6750000000000001600, 0.02000000000000000000, 1.400000000000003700 ) ) ;
#2692 = FACE_OUTER_BOUND ( 'NONE', #5951, .T. ) ;
#2693 = ORIENTED_EDGE ( 'NONE', *, *, #2550, .T. ) ;
#2694 = ORIENTED_EDGE ( 'NONE', *, *, #5925, .T. ) ;
#2695 = ADVANCED_FACE ( 'NONE', ( #2247 ), #4856, .F. ) ;
#2696 = SURFACE_STYLE_USAGE ( .BOTH. , #6151 ) ;
#2697 =( NAMED_UNIT ( * ) SI_UNIT ( $, .STERADIAN. ) SOLID_ANGLE_UNIT ( ) );
#2698 = VECTOR ( 'NONE', #917, 1000.000000000000000 ) ;
#2699 = DIRECTION ( 'NONE',  ( 1.000000000000000000, 0.0000000000000000000, 0.0000000000000000000 ) ) ;
#2700 = SURFACE_STYLE_USAGE ( .BOTH. , #5660 ) ;
#2701 = EDGE_LOOP ( 'NONE', ( #3192, #1472, #725, #4915 ) ) ;
#2702 =( NAMED_UNIT ( * ) SI_UNIT ( $, .STERADIAN. ) SOLID_ANGLE_UNIT ( ) );
#2703 = APPLICATION_PROTOCOL_DEFINITION ( 'draft international standard', 'automotive_design', 1998, #3214 ) ;
#2704 = CARTESIAN_POINT ( 'NONE',  ( -1.479999999999999500, 0.03999999999999999400, 1.500000000000000000 ) ) ;
#2705 = PRESENTATION_LAYER_ASSIGNMENT (  '', '', ( #3058 ) ) ;
#2706 = DIRECTION ( 'NONE',  ( 0.0000000000000000000, 0.0000000000000000000, 1.000000000000000000 ) ) ;
#2707 = UNCERTAINTY_MEASURE_WITH_UNIT (LENGTH_MEASURE( 1.000000000000000100E-005 ), #6042, 'distance_accuracy_value', 'NONE');
#2708 = CYLINDRICAL_SURFACE ( 'NONE', #2012, 0.04999999999999991300 ) ;
#2709 = CARTESIAN_POINT ( 'NONE',  ( -0.8249999999999999600, 0.02000000000000000000, -1.349999999999996300 ) ) ;
#2710 = ORIENTED_EDGE ( 'NONE', *, *, #110, .F. ) ;
#2711 = EDGE_CURVE ( 'NONE', #2214, #3827, #3127, .T. ) ;
#2712 = DIRECTION ( 'NONE',  ( -0.0000000000000000000, -1.000000000000000000, 0.0000000000000000000 ) ) ;
#2713 = EDGE_LOOP ( 'NONE', ( #3332, #5199, #3268, #6332 ) ) ;
#2714 = UNCERTAINTY_MEASURE_WITH_UNIT (LENGTH_MEASURE( 1.000000000000000100E-005 ), #2467, 'distance_accuracy_value', 'NONE');
#2715 = MECHANICAL_DESIGN_GEOMETRIC_PRESENTATION_REPRESENTATION (  '', ( #1368 ), #3063 ) ;
#2716 = SURFACE_STYLE_USAGE ( .BOTH. , #5216 ) ;
#2717 = CARTESIAN_POINT ( 'NONE',  ( 1.479999999999999800, 0.04000000000000000100, -1.480000000000000000 ) ) ;
#2718 = AXIS2_PLACEMENT_3D ( 'NONE', #4000, #3932, #4889 ) ;
#2719 = EDGE_CURVE ( 'NONE', #409, #4086, #4421, .T. ) ;
#2720 = DIRECTION ( 'NONE',  ( 0.0000000000000000000, 0.0000000000000000000, 1.000000000000000000 ) ) ;
#2721 = LINE ( 'NONE', #1038, #3732 ) ;
#2722 = DIRECTION ( 'NONE',  ( -0.0000000000000000000, -1.000000000000000000, -0.0000000000000000000 ) ) ;
#2723 = DIRECTION ( 'NONE',  ( -1.000000000000000000, 0.0000000000000000000, 0.0000000000000000000 ) ) ;
#2724 = PRESENTATION_STYLE_ASSIGNMENT (( #5583 ) ) ;
#2725 = AXIS2_PLACEMENT_3D ( 'NONE', #4770, #1500, #3465 ) ;
#2726 = DIRECTION ( 'NONE',  ( -0.0000000000000000000, -1.000000000000000000, -0.0000000000000000000 ) ) ;
#2727 = APPLICATION_CONTEXT ( 'automotive_design' ) ;
#2728 = COLOUR_RGB ( '',0.7529411764705882200, 0.7529411764705882200, 0.7529411764705882200 ) ;
#2729 = ORIENTED_EDGE ( 'NONE', *, *, #822, .F. ) ;
#2730 =( NAMED_UNIT ( * ) SI_UNIT ( $, .STERADIAN. ) SOLID_ANGLE_UNIT ( ) );
#2731 = ADVANCED_FACE ( 'NONE', ( #1769 ), #2968, .F. ) ;
#2732 = AXIS2_PLACEMENT_3D ( 'NONE', #322, #836, #384 ) ;
#2733 =( NAMED_UNIT ( * ) PLANE_ANGLE_UNIT ( ) SI_UNIT ( $, .RADIAN. ) );
#2734 = CARTESIAN_POINT ( 'NONE',  ( -1.175000000000000300, 0.0000000000000000000, 1.400000000000007200 ) ) ;
#2735 = VERTEX_POINT ( 'NONE', #620 ) ;
#2736 = FILL_AREA_STYLE_COLOUR ( '', #968 ) ;
#2737 = AXIS2_PLACEMENT_3D ( 'NONE', #3508, #501, #4014 ) ;
#2738 = ADVANCED_FACE ( 'NONE', ( #1633 ), #5117, .T. ) ;
#2739 = DIRECTION ( 'NONE',  ( 1.000000000000000000, 0.0000000000000000000, 0.0000000000000000000 ) ) ;
#2740 = VECTOR ( 'NONE', #6113, 1000.000000000000000 ) ;
#2741 =( NAMED_UNIT ( * ) PLANE_ANGLE_UNIT ( ) SI_UNIT ( $, .RADIAN. ) );
#2742 = CARTESIAN_POINT ( 'NONE',  ( -0.6250000000000000000, 0.0000000000000000000, -1.149999999999996800 ) ) ;
#2743 = PRESENTATION_LAYER_ASSIGNMENT (  '', '', ( #2394 ) ) ;
#2744 = ADVANCED_FACE ( 'NONE', ( #5098 ), #2260, .F. ) ;
#2745 = CIRCLE ( 'NONE', #2440, 0.02000000000000005200 ) ;
#2746 = FILL_AREA_STYLE_COLOUR ( '', #1970 ) ;
#2747 = EDGE_LOOP ( 'NONE', ( #5219, #5612, #6346, #5316 ) ) ;
#2748 = EDGE_CURVE ( 'NONE', #5287, #4947, #3352, .T. ) ;
#2749 = LINE ( 'NONE', #939, #5201 ) ;
#2750 = SURFACE_STYLE_FILL_AREA ( #3645 ) ;
#2751 =( LENGTH_UNIT ( ) NAMED_UNIT ( * ) SI_UNIT ( .MILLI., .METRE. ) );
#2752 = PRESENTATION_LAYER_ASSIGNMENT (  '', '', ( #2081 ) ) ;
#2753 = ORIENTED_EDGE ( 'NONE', *, *, #5641, .T. ) ;
#2754 = CARTESIAN_POINT ( 'NONE',  ( -1.479999999999999500, 0.5500000000000000400, 1.500000000000000000 ) ) ;
#2755 = FACE_OUTER_BOUND ( 'NONE', #476, .T. ) ;
#2756 = ORIENTED_EDGE ( 'NONE', *, *, #849, .T. ) ;
#2757 =( LENGTH_UNIT ( ) NAMED_UNIT ( * ) SI_UNIT ( .MILLI., .METRE. ) );
#2758 = EDGE_CURVE ( 'NONE', #1640, #3623, #5966, .T. ) ;
#2759 = ADVANCED_FACE ( 'NONE', ( #4644 ), #3202, .T. ) ;
#2760 = CIRCLE ( 'NONE', #2665, 0.1200000000000000900 ) ;
#2761 = CIRCLE ( 'NONE', #5811, 0.04999999999999991300 ) ;
#2762 = UNCERTAINTY_MEASURE_WITH_UNIT (LENGTH_MEASURE( 1.000000000000000100E-005 ), #2429, 'distance_accuracy_value', 'NONE');
#2763 = VECTOR ( 'NONE', #3270, 1000.000000000000000 ) ;
#2764 =( GEOMETRIC_REPRESENTATION_CONTEXT ( 3 ) GLOBAL_UNCERTAINTY_ASSIGNED_CONTEXT ( ( #2502 ) ) GLOBAL_UNIT_ASSIGNED_CONTEXT ( ( #2864, #6328, #3363 ) ) REPRESENTATION_CONTEXT ( 'NONE', 'WORKASPACE' ) );
#2765 = AXIS2_PLACEMENT_3D ( 'NONE', #1842, #3864, #3348 ) ;
#2766 = ORIENTED_EDGE ( 'NONE', *, *, #508, .T. ) ;
#2767 = CARTESIAN_POINT ( 'NONE',  ( 0.6750000000000001600, 0.0000000000000000000, -1.099999999999996800 ) ) ;
#2768 = CARTESIAN_POINT ( 'NONE',  ( 1.175000000000000700, 0.0000000000000000000, 1.150000000000006400 ) ) ;
#2769 = SURFACE_STYLE_FILL_AREA ( #3452 ) ;
#2770 = EDGE_CURVE ( 'NONE', #5790, #5162, #4498, .T. ) ;
#2771 = FILL_AREA_STYLE ('',( #2746 ) ) ;
#2772 = FACE_OUTER_BOUND ( 'NONE', #2433, .T. ) ;
#2773 = VERTEX_POINT ( 'NONE', #815 ) ;
#2774 = EDGE_LOOP ( 'NONE', ( #5398, #5695, #2690, #5408 ) ) ;
#2775 = PRODUCT_DEFINITION_CONTEXT ( 'detailed design', #2727, 'design' ) ;
#2776 = DIRECTION ( 'NONE',  ( 0.0000000000000000000, 0.0000000000000000000, 1.000000000000000000 ) ) ;
#2777 = LINE ( 'NONE', #4224, #1434 ) ;
#2778 = AXIS2_PLACEMENT_3D ( 'NONE', #2626, #4063, #5608 ) ;
#2779 = DIRECTION ( 'NONE',  ( 0.0000000000000000000, 1.000000000000000000, -0.0000000000000000000 ) ) ;
#2780 = FILL_AREA_STYLE ('',( #1758 ) ) ;
#2781 = STYLED_ITEM ( 'NONE', ( #2183 ), #5930 ) ;
#2782 = CARTESIAN_POINT ( 'NONE',  ( 1.174999999999999600, 0.5200000000000000200, -1.269999999999993600 ) ) ;
#2783 = SURFACE_STYLE_USAGE ( .BOTH. , #6239 ) ;
#2784 = ADVANCED_FACE ( 'NONE', ( #5806 ), #5178, .T. ) ;
#2785 = EDGE_LOOP ( 'NONE', ( #6421, #6274, #2766, #1143, #1360, #3255, #3899, #1036 ) ) ;
#2786 = PLANE ( 'NONE',  #5012 ) ;
#2787 = CIRCLE ( 'NONE', #3729, 0.1200000000000000900 ) ;
#2788 = SURFACE_STYLE_FILL_AREA ( #1831 ) ;
#2789 = ORIENTED_EDGE ( 'NONE', *, *, #5953, .T. ) ;
#2790 = UNCERTAINTY_MEASURE_WITH_UNIT (LENGTH_MEASURE( 1.000000000000000100E-005 ), #6044, 'distance_accuracy_value', 'NONE');
#2791 = EDGE_CURVE ( 'NONE', #2065, #3743, #15, .T. ) ;
#2792 = SURFACE_SIDE_STYLE ('',( #2661 ) ) ;
#2793 = ORIENTED_EDGE ( 'NONE', *, *, #3990, .T. ) ;
#2794 = UNCERTAINTY_MEASURE_WITH_UNIT (LENGTH_MEASURE( 1.000000000000000100E-005 ), #2003, 'distance_accuracy_value', 'NONE');
#2795 = PRESENTATION_STYLE_ASSIGNMENT (( #4643 ) ) ;
#2796 = CARTESIAN_POINT ( 'NONE',  ( -0.1249999999999998300, 0.02000000000000000000, 1.150000000000000600 ) ) ;
#2797 = COLOUR_RGB ( '',0.7529411764705882200, 0.7529411764705882200, 0.7529411764705882200 ) ;
#2798 = ORIENTED_EDGE ( 'NONE', *, *, #433, .T. ) ;
#2799 =( LENGTH_UNIT ( ) NAMED_UNIT ( * ) SI_UNIT ( .MILLI., .METRE. ) );
#2800 = AXIS2_PLACEMENT_3D ( 'NONE', #5918, #1928, #679 ) ;
#2801 =( NAMED_UNIT ( * ) PLANE_ANGLE_UNIT ( ) SI_UNIT ( $, .RADIAN. ) );
#2802 =( NAMED_UNIT ( * ) PLANE_ANGLE_UNIT ( ) SI_UNIT ( $, .RADIAN. ) );
#2803 = SURFACE_STYLE_FILL_AREA ( #1086 ) ;
#2804 = SURFACE_STYLE_USAGE ( .BOTH. , #6510 ) ;
#2805 =( NAMED_UNIT ( * ) SI_UNIT ( $, .STERADIAN. ) SOLID_ANGLE_UNIT ( ) );
#2806 = STYLED_ITEM ( 'NONE', ( #3162 ), #4696 ) ;
#2807 = CARTESIAN_POINT ( 'NONE',  ( -1.125000000000000200, 0.02000000000000000000, -1.149999999999993200 ) ) ;
#2808 = MECHANICAL_DESIGN_GEOMETRIC_PRESENTATION_REPRESENTATION (  '', ( #2117 ), #3144 ) ;
#2809 = ORIENTED_EDGE ( 'NONE', *, *, #282, .T. ) ;
#2810 = EDGE_CURVE ( 'NONE', #1250, #3914, #1384, .T. ) ;
#2811 =( LENGTH_UNIT ( ) NAMED_UNIT ( * ) SI_UNIT ( .MILLI., .METRE. ) );
#2812 = ORIENTED_EDGE ( 'NONE', *, *, #4372, .T. ) ;
#2813 = DIRECTION ( 'NONE',  ( 0.0000000000000000000, 1.000000000000000000, 0.0000000000000000000 ) ) ;
#2814 =( NAMED_UNIT ( * ) SI_UNIT ( $, .STERADIAN. ) SOLID_ANGLE_UNIT ( ) );
#2815 = AXIS2_PLACEMENT_3D ( 'NONE', #2264, #4793, #4043 ) ;
#2816 =( LENGTH_UNIT ( ) NAMED_UNIT ( * ) SI_UNIT ( .MILLI., .METRE. ) );
#2817 = FACE_OUTER_BOUND ( 'NONE', #5909, .T. ) ;
#2818 = CARTESIAN_POINT ( 'NONE',  ( 1.124999999999999600, 0.02000000000000000000, -1.349999999999993000 ) ) ;
#2819 = DIRECTION ( 'NONE',  ( -0.0000000000000000000, 1.000000000000000000, -0.0000000000000000000 ) ) ;
#2820 = DIRECTION ( 'NONE',  ( -1.000000000000000000, 0.0000000000000000000, 0.0000000000000000000 ) ) ;
#2821 = FILL_AREA_STYLE_COLOUR ( '', #2625 ) ;
#2822 = LINE ( 'NONE', #3046, #115 ) ;
#2823 = DIRECTION ( 'NONE',  ( 0.0000000000000000000, -0.0000000000000000000, 1.000000000000000000 ) ) ;
#2824 = COLOUR_RGB ( '',0.7529411764705882200, 0.7529411764705882200, 0.7529411764705882200 ) ;
#2825 = DIRECTION ( 'NONE',  ( 0.0000000000000000000, 0.0000000000000000000, 1.000000000000000000 ) ) ;
#2826 = DIRECTION ( 'NONE',  ( -5.421010862427543900E-016, 0.0000000000000000000, 1.000000000000000000 ) ) ;
#2827 = FILL_AREA_STYLE_COLOUR ( '', #1683 ) ;
#2828 = ORIENTED_EDGE ( 'NONE', *, *, #3921, .F. ) ;
#2829 = CARTESIAN_POINT ( 'NONE',  ( 1.325000000000000600, 0.02000000000000000000, 1.350000000000006300 ) ) ;
#2830 = MECHANICAL_DESIGN_GEOMETRIC_PRESENTATION_REPRESENTATION (  '', ( #2153 ), #3172 ) ;
#2831 = CARTESIAN_POINT ( 'NONE',  ( -1.480000000000000200, 0.04000000000000000100, -1.480000000000000000 ) ) ;
#2832 = VECTOR ( 'NONE', #3539, 1000.000000000000000 ) ;
#2833 = EDGE_CURVE ( 'NONE', #59, #1602, #3896, .T. ) ;
#2834 = CARTESIAN_POINT ( 'NONE',  ( 0.0000000000000000000, 0.02000000000000000000, 1.100000000000007200 ) ) ;
#2835 = FACE_OUTER_BOUND ( 'NONE', #3163, .T. ) ;
#2836 = FILL_AREA_STYLE_COLOUR ( '', #4674 ) ;
#2837 = VECTOR ( 'NONE', #2469, 1000.000000000000000 ) ;
#2838 = DIRECTION ( 'NONE',  ( 0.0000000000000000000, 1.000000000000000000, -0.0000000000000000000 ) ) ;
#2839 = CARTESIAN_POINT ( 'NONE',  ( -1.125000000000000000, 0.02000000000000000000, 1.150000000000007500 ) ) ;
#2840 =( GEOMETRIC_REPRESENTATION_CONTEXT ( 3 ) GLOBAL_UNCERTAINTY_ASSIGNED_CONTEXT ( ( #5068 ) ) GLOBAL_UNIT_ASSIGNED_CONTEXT ( ( #2905, #6372, #3404 ) ) REPRESENTATION_CONTEXT ( 'NONE', 'WORKASPACE' ) );
#2841 = AXIS2_PLACEMENT_3D ( 'NONE', #5025, #2530, #3436 ) ;
#2842 = ORIENTED_EDGE ( 'NONE', *, *, #4851, .F. ) ;
#2843 = CARTESIAN_POINT ( 'NONE',  ( -1.324999999999999700, 0.02000000000000000000, 1.350000000000007200 ) ) ;
#2844 = ORIENTED_EDGE ( 'NONE', *, *, #3759, .T. ) ;
#2845 = VECTOR ( 'NONE', #6269, 1000.000000000000000 ) ;
#2846 = EDGE_CURVE ( 'NONE', #3824, #3667, #1226, .T. ) ;
#2847 = ORIENTED_EDGE ( 'NONE', *, *, #2200, .T. ) ;
#2848 = PRESENTATION_STYLE_ASSIGNMENT (( #3069 ) ) ;
#2849 = VERTEX_POINT ( 'NONE', #5772 ) ;
#2850 = STYLED_ITEM ( 'NONE', ( #5591 ), #2738 ) ;
#2851 = VERTEX_POINT ( 'NONE', #1251 ) ;
#2852 = SURFACE_STYLE_FILL_AREA ( #488 ) ;
#2853 = ORIENTED_EDGE ( 'NONE', *, *, #5953, .F. ) ;
#2854 =( NAMED_UNIT ( * ) SI_UNIT ( $, .STERADIAN. ) SOLID_ANGLE_UNIT ( ) );
#2855 = ORIENTED_EDGE ( 'NONE', *, *, #2371, .T. ) ;
#2856 = EDGE_CURVE ( 'NONE', #1531, #6237, #5028, .T. ) ;
#2857 =( NAMED_UNIT ( * ) SI_UNIT ( $, .STERADIAN. ) SOLID_ANGLE_UNIT ( ) );
#2858 =( NAMED_UNIT ( * ) PLANE_ANGLE_UNIT ( ) SI_UNIT ( $, .RADIAN. ) );
#2859 = VECTOR ( 'NONE', #4429, 1000.000000000000000 ) ;
#2860 = CARTESIAN_POINT ( 'NONE',  ( 0.0000000000000000000, 0.02000000000000000000, 0.0000000000000000000 ) ) ;
#2861 = PRESENTATION_STYLE_ASSIGNMENT (( #6266 ) ) ;
#2862 = DIRECTION ( 'NONE',  ( -0.0000000000000000000, -1.000000000000000000, 0.0000000000000000000 ) ) ;
#2863 = EDGE_LOOP ( 'NONE', ( #2538, #6207 ) ) ;
#2864 =( LENGTH_UNIT ( ) NAMED_UNIT ( * ) SI_UNIT ( .MILLI., .METRE. ) );
#2865 = MECHANICAL_DESIGN_GEOMETRIC_PRESENTATION_REPRESENTATION (  '', ( #2181 ), #3205 ) ;
#2866 = PLANE ( 'NONE',  #1488 ) ;
#2867 = VERTEX_POINT ( 'NONE', #1107 ) ;
#2868 = LINE ( 'NONE', #5262, #1056 ) ;
#2869 = COLOUR_RGB ( '',0.7529411764705882200, 0.7529411764705882200, 0.7529411764705882200 ) ;
#2870 = ORIENTED_EDGE ( 'NONE', *, *, #2979, .F. ) ;
#2871 = DIRECTION ( 'NONE',  ( 1.000000000000000000, -0.0000000000000000000, 0.0000000000000000000 ) ) ;
#2872 = UNCERTAINTY_MEASURE_WITH_UNIT (LENGTH_MEASURE( 1.000000000000000100E-005 ), #2576, 'distance_accuracy_value', 'NONE');
#2873 = DIRECTION ( 'NONE',  ( 0.0000000000000000000, 0.0000000000000000000, -1.000000000000000000 ) ) ;
#2874 = PRESENTATION_STYLE_ASSIGNMENT (( #3424 ) ) ;
#2875 = ORIENTED_EDGE ( 'NONE', *, *, #6491, .T. ) ;
#2876 = PRESENTATION_STYLE_ASSIGNMENT (( #5762 ) ) ;
#2877 = EDGE_CURVE ( 'NONE', #4823, #2546, #2721, .T. ) ;
#2878 = FILL_AREA_STYLE_COLOUR ( '', #2824 ) ;
#2879 =( GEOMETRIC_REPRESENTATION_CONTEXT ( 3 ) GLOBAL_UNCERTAINTY_ASSIGNED_CONTEXT ( ( #2584 ) ) GLOBAL_UNIT_ASSIGNED_CONTEXT ( ( #2217, #5681, #2730 ) ) REPRESENTATION_CONTEXT ( 'NONE', 'WORKASPACE' ) );
#2880 = DIRECTION ( 'NONE',  ( -0.0000000000000000000, -1.000000000000000000, -0.0000000000000000000 ) ) ;
#2881 = MECHANICAL_DESIGN_GEOMETRIC_PRESENTATION_REPRESENTATION (  '', ( #2195 ), #3218 ) ;
#2882 = CARTESIAN_POINT ( 'NONE',  ( 0.1750000000000006300, 0.02000000000000000000, 1.350000000000000300 ) ) ;
#2883 = CIRCLE ( 'NONE', #5712, 0.04999999999999991300 ) ;
#2884 = PRESENTATION_STYLE_ASSIGNMENT (( #2281 ) ) ;
#2885 = EDGE_CURVE ( 'NONE', #5688, #5634, #6197, .T. ) ;
#2886 = CARTESIAN_POINT ( 'NONE',  ( 1.500000000000000200, 0.5500000000000000400, 1.480000000000000000 ) ) ;
#2887 = COLOUR_RGB ( '',0.7529411764705882200, 0.7529411764705882200, 0.7529411764705882200 ) ;
#2888 = EDGE_LOOP ( 'NONE', ( #278, #2955, #2540, #1742 ) ) ;
#2889 = STYLED_ITEM ( 'NONE', ( #6003 ), #4868 ) ;
#2890 = DIRECTION ( 'NONE',  ( 0.0000000000000000000, 0.0000000000000000000, 1.000000000000000000 ) ) ;
#2891 = STYLED_ITEM ( 'NONE', ( #2123 ), #2389 ) ;
#2892 = LINE ( 'NONE', #1110, #2402 ) ;
#2893 =( NAMED_UNIT ( * ) PLANE_ANGLE_UNIT ( ) SI_UNIT ( $, .RADIAN. ) );
#2894 = EDGE_CURVE ( 'NONE', #5318, #1559, #1070, .T. ) ;
#2895 = FACE_OUTER_BOUND ( 'NONE', #3186, .T. ) ;
#2896 = CARTESIAN_POINT ( 'NONE',  ( 0.3250000000000004000, 0.02000000000000000000, 1.150000000000000100 ) ) ;
#2897 = PRESENTATION_LAYER_ASSIGNMENT (  '', '', ( #3239 ) ) ;
#2898 = SURFACE_STYLE_USAGE ( .BOTH. , #398 ) ;
#2899 = AXIS2_PLACEMENT_3D ( 'NONE', #2709, #186, #205 ) ;
#2900 = CARTESIAN_POINT ( 'NONE',  ( -1.174999999999999800, 0.02000000000000000000, 1.350000000000007200 ) ) ;
#2901 = CARTESIAN_POINT ( 'NONE',  ( 0.0000000000000000000, 0.0000000000000000000, 1.400000000000003700 ) ) ;
#2902 = SURFACE_STYLE_USAGE ( .BOTH. , #5847 ) ;
#2903 = CARTESIAN_POINT ( 'NONE',  ( -0.1750000000000001800, 0.0000000000000000000, 1.100000000000000300 ) ) ;
#2904 = VERTEX_POINT ( 'NONE', #3510 ) ;
#2905 =( LENGTH_UNIT ( ) NAMED_UNIT ( * ) SI_UNIT ( .MILLI., .METRE. ) );
#2906 = DIRECTION ( 'NONE',  ( 0.0000000000000000000, 0.0000000000000000000, 1.000000000000000000 ) ) ;
#2907 = LINE ( 'NONE', #6406, #1408 ) ;
#2908 = CIRCLE ( 'NONE', #4679, 0.02000000000000005200 ) ;
#2909 = CARTESIAN_POINT ( 'NONE',  ( 0.3749999999999989500, 0.0000000000000000000, 2.032879073410323300E-016 ) ) ;
#2910 = VERTEX_POINT ( 'NONE', #3031 ) ;
#2911 = FACE_OUTER_BOUND ( 'NONE', #3011, .T. ) ;
#2912 = COLOUR_RGB ( '',0.7529411764705882200, 0.7529411764705882200, 0.7529411764705882200 ) ;
#2913 = ORIENTED_EDGE ( 'NONE', *, *, #682, .F. ) ;
#2914 = PLANE ( 'NONE',  #5765 ) ;
#2915 = STYLED_ITEM ( 'NONE', ( #5609 ), #842 ) ;
#2916 = CARTESIAN_POINT ( 'NONE',  ( -0.6250000000000000000, 0.02000000000000000000, -1.149999999999996800 ) ) ;
#2917 = LINE ( 'NONE', #4752, #2763 ) ;
#2918 = SURFACE_STYLE_FILL_AREA ( #3642 ) ;
#2919 = DIRECTION ( 'NONE',  ( 0.0000000000000000000, 0.0000000000000000000, -1.000000000000000000 ) ) ;
#2920 = CARTESIAN_POINT ( 'NONE',  ( 0.1250000000000006100, 0.02000000000000000000, 1.349999999999999900 ) ) ;
#2921 = ORIENTED_EDGE ( 'NONE', *, *, #1123, .F. ) ;
#2922 =( NAMED_UNIT ( * ) PLANE_ANGLE_UNIT ( ) SI_UNIT ( $, .RADIAN. ) );
#2923 = FILL_AREA_STYLE_COLOUR ( '', #4885 ) ;
#2924 = VECTOR ( 'NONE', #1714, 1000.000000000000000 ) ;
#2925 =( NAMED_UNIT ( * ) SI_UNIT ( $, .STERADIAN. ) SOLID_ANGLE_UNIT ( ) );
#2926 = ORIENTED_EDGE ( 'NONE', *, *, #941, .T. ) ;
#2927 = PRESENTATION_STYLE_ASSIGNMENT (( #3959 ) ) ;
#2928 = LINE ( 'NONE', #795, #5379 ) ;
#2929 =( GEOMETRIC_REPRESENTATION_CONTEXT ( 3 ) GLOBAL_UNCERTAINTY_ASSIGNED_CONTEXT ( ( #4600 ) ) GLOBAL_UNIT_ASSIGNED_CONTEXT ( ( #1653, #5104, #2151 ) ) REPRESENTATION_CONTEXT ( 'NONE', 'WORKASPACE' ) );
#2930 = EDGE_LOOP ( 'NONE', ( #6338, #1840, #2301, #366 ) ) ;
#2931 = STYLED_ITEM ( 'NONE', ( #1125 ), #2015 ) ;
#2932 = EDGE_LOOP ( 'NONE', ( #877, #811, #5922, #1510 ) ) ;
#2933 = CARTESIAN_POINT ( 'NONE',  ( -0.8249999999999992900, 0.02000000000000000000, 1.100000000000003600 ) ) ;
#2934 = DIRECTION ( 'NONE',  ( 0.0000000000000000000, 0.0000000000000000000, 1.000000000000000000 ) ) ;
#2935 = VERTEX_POINT ( 'NONE', #2596 ) ;
#2936 = LINE ( 'NONE', #4706, #5555 ) ;
#2937 = DIRECTION ( 'NONE',  ( -0.0000000000000000000, -1.000000000000000000, -0.0000000000000000000 ) ) ;
#2938 = ADVANCED_FACE ( 'NONE', ( #2240 ), #4271, .T. ) ;
#2939 = DIRECTION ( 'NONE',  ( 1.000000000000000000, 0.0000000000000000000, 0.0000000000000000000 ) ) ;
#2940 = ORIENTED_EDGE ( 'NONE', *, *, #2324, .T. ) ;
#2941 = EDGE_CURVE ( 'NONE', #977, #858, #5582, .T. ) ;
#2942 = VECTOR ( 'NONE', #1779, 1000.000000000000000 ) ;
#2943 = CARTESIAN_POINT ( 'NONE',  ( 0.6750000000000010400, 0.02000000000000000000, 1.400000000000003700 ) ) ;
#2944 = VERTEX_POINT ( 'NONE', #5535 ) ;
#2945 = PRESENTATION_LAYER_ASSIGNMENT (  '', '', ( #2597 ) ) ;
#2946 =( GEOMETRIC_REPRESENTATION_CONTEXT ( 3 ) GLOBAL_UNCERTAINTY_ASSIGNED_CONTEXT ( ( #1314 ) ) GLOBAL_UNIT_ASSIGNED_CONTEXT ( ( #4547, #3488, #1592 ) ) REPRESENTATION_CONTEXT ( 'NONE', 'WORKASPACE' ) );
#2947 = CARTESIAN_POINT ( 'NONE',  ( -0.3249999999999999000, 0.02000000000000000000, -1.149999999999999900 ) ) ;
#2948 = SPHERICAL_SURFACE ( 'NONE', #3077, 0.02000000000000000000 ) ;
#2949 = FILL_AREA_STYLE ('',( #4463 ) ) ;
#2950 = ORIENTED_EDGE ( 'NONE', *, *, #5381, .T. ) ;
#2951 = CARTESIAN_POINT ( 'NONE',  ( -0.6750000000000000400, 0.02000000000000000000, -1.149999999999996400 ) ) ;
#2952 = SURFACE_STYLE_USAGE ( .BOTH. , #5885 ) ;
#2953 = SURFACE_STYLE_USAGE ( .BOTH. , #423 ) ;
#2954 =( NAMED_UNIT ( * ) SI_UNIT ( $, .STERADIAN. ) SOLID_ANGLE_UNIT ( ) );
#2955 = ORIENTED_EDGE ( 'NONE', *, *, #3973, .F. ) ;
#2956 = DIRECTION ( 'NONE',  ( 1.734723475976810200E-014, 0.0000000000000000000, 1.000000000000000000 ) ) ;
#2957 = VECTOR ( 'NONE', #2024, 1000.000000000000000 ) ;
#2958 =( GEOMETRIC_REPRESENTATION_CONTEXT ( 3 ) GLOBAL_UNCERTAINTY_ASSIGNED_CONTEXT ( ( #4575 ) ) GLOBAL_UNIT_ASSIGNED_CONTEXT ( ( #105, #3641, #622 ) ) REPRESENTATION_CONTEXT ( 'NONE', 'WORKASPACE' ) );
#2959 = CIRCLE ( 'NONE', #2464, 0.04999999999999991300 ) ;
#2960 = FILL_AREA_STYLE_COLOUR ( '', #553 ) ;
#2961 =( NAMED_UNIT ( * ) SI_UNIT ( $, .STERADIAN. ) SOLID_ANGLE_UNIT ( ) );
#2962 =( NAMED_UNIT ( * ) PLANE_ANGLE_UNIT ( ) SI_UNIT ( $, .RADIAN. ) );
#2963 = VECTOR ( 'NONE', #2937, 1000.000000000000000 ) ;
#2964 = PRESENTATION_LAYER_ASSIGNMENT (  '', '', ( #1931 ) ) ;
#2965 = CYLINDRICAL_SURFACE ( 'NONE', #3940, 0.04999999999999991300 ) ;
#2966 = CIRCLE ( 'NONE', #400, 0.04999999999999991300 ) ;
#2967 = EDGE_CURVE ( 'NONE', #2969, #4095, #1764, .T. ) ;
#2968 = CYLINDRICAL_SURFACE ( 'NONE', #3193, 0.1200000000000000900 ) ;
#2969 = VERTEX_POINT ( 'NONE', #4103 ) ;
#2970 = FILL_AREA_STYLE_COLOUR ( '', #537 ) ;
#2971 = SURFACE_STYLE_USAGE ( .BOTH. , #4032 ) ;
#2972 = LINE ( 'NONE', #4432, #1638 ) ;
#2973 = PRESENTATION_LAYER_ASSIGNMENT (  '', '', ( #3300 ) ) ;
#2974 = SURFACE_SIDE_STYLE ('',( #5371 ) ) ;
#2975 = PRESENTATION_LAYER_ASSIGNMENT (  '', '', ( #2630 ) ) ;
#2976 = ORIENTED_EDGE ( 'NONE', *, *, #3973, .T. ) ;
#2977 = SURFACE_STYLE_USAGE ( .BOTH. , #5907 ) ;
#2978 = CARTESIAN_POINT ( 'NONE',  ( -0.1250000000000000000, 0.0000000000000000000, -1.150000000000000100 ) ) ;
#2979 = EDGE_CURVE ( 'NONE', #3950, #2080, #420, .T. ) ;
#2980 = SURFACE_SIDE_STYLE ('',( #3238 ) ) ;
#2981 = FILL_AREA_STYLE_COLOUR ( '', #1775 ) ;
#2982 = UNCERTAINTY_MEASURE_WITH_UNIT (LENGTH_MEASURE( 1.000000000000000100E-005 ), #6318, 'distance_accuracy_value', 'NONE');
#2983 = CARTESIAN_POINT ( 'NONE',  ( -1.275000000000000100, 0.02000000000000000000, -0.6999999999999997300 ) ) ;
#2984 = SURFACE_STYLE_USAGE ( .BOTH. , #1013 ) ;
#2985 = PRESENTATION_LAYER_ASSIGNMENT (  '', '', ( #3313 ) ) ;
#2986 =( NAMED_UNIT ( * ) PLANE_ANGLE_UNIT ( ) SI_UNIT ( $, .RADIAN. ) );
#2987 = PRESENTATION_LAYER_ASSIGNMENT (  '', '', ( #2639 ) ) ;
#2988 = EDGE_CURVE ( 'NONE', #5251, #1200, #1624, .T. ) ;
#2989 = DIRECTION ( 'NONE',  ( -1.000000000000000000, 0.0000000000000000000, -0.0000000000000000000 ) ) ;
#2990 = DIRECTION ( 'NONE',  ( 0.0000000000000000000, -0.0000000000000000000, 1.000000000000000000 ) ) ;
#2991 =( GEOMETRIC_REPRESENTATION_CONTEXT ( 3 ) GLOBAL_UNCERTAINTY_ASSIGNED_CONTEXT ( ( #3005 ) ) GLOBAL_UNIT_ASSIGNED_CONTEXT ( ( #1499, #4974, #2005 ) ) REPRESENTATION_CONTEXT ( 'NONE', 'WORKASPACE' ) );
#2992 = FILL_AREA_STYLE_COLOUR ( '', #5079 ) ;
#2993 = FACE_OUTER_BOUND ( 'NONE', #3565, .T. ) ;
#2994 = PRESENTATION_LAYER_ASSIGNMENT (  '', '', ( #2313 ) ) ;
#2995 = UNCERTAINTY_MEASURE_WITH_UNIT (LENGTH_MEASURE( 1.000000000000000100E-005 ), #4210, 'distance_accuracy_value', 'NONE');
#2996 = VERTEX_POINT ( 'NONE', #2507 ) ;
#2997 = CARTESIAN_POINT ( 'NONE',  ( 0.8249999999999995100, 0.0000000000000000000, -1.349999999999996800 ) ) ;
#2998 = CARTESIAN_POINT ( 'NONE',  ( -1.374999999999999800, 0.02000000000000000000, 1.350000000000006800 ) ) ;
#2999 = FILL_AREA_STYLE_COLOUR ( '', #595 ) ;
#3000 = SURFACE_SIDE_STYLE ('',( #1245 ) ) ;
#3001 = UNCERTAINTY_MEASURE_WITH_UNIT (LENGTH_MEASURE( 1.000000000000000100E-005 ), #3450, 'distance_accuracy_value', 'NONE');
#3002 = CYLINDRICAL_SURFACE ( 'NONE', #329, 0.02000000000000005200 ) ;
#3003 = ORIENTED_EDGE ( 'NONE', *, *, #1021, .F. ) ;
#3004 = DIRECTION ( 'NONE',  ( 1.000000000000000000, 0.0000000000000000000, -1.084202172485509000E-015 ) ) ;
#3005 = UNCERTAINTY_MEASURE_WITH_UNIT (LENGTH_MEASURE( 1.000000000000000100E-005 ), #1499, 'distance_accuracy_value', 'NONE');
#3006 = LINE ( 'NONE', #3705, #133 ) ;
#3007 = DIRECTION ( 'NONE',  ( 0.0000000000000000000, 1.000000000000000000, -0.0000000000000000000 ) ) ;
#3008 = VECTOR ( 'NONE', #1565, 1000.000000000000000 ) ;
#3009 = CARTESIAN_POINT ( 'NONE',  ( -0.8249999999999992900, 0.02000000000000000000, 1.400000000000003700 ) ) ;
#3010 = EDGE_CURVE ( 'NONE', #5241, #6152, #267, .T. ) ;
#3011 = EDGE_LOOP ( 'NONE', ( #1294, #3868, #4237, #1285 ) ) ;
#3012 = ORIENTED_EDGE ( 'NONE', *, *, #6422, .F. ) ;
#3013 = LINE ( 'NONE', #2807, #2845 ) ;
#3014 = DIRECTION ( 'NONE',  ( 8.131516293641316800E-016, 0.0000000000000000000, 1.000000000000000000 ) ) ;
#3015 = STYLED_ITEM ( 'NONE', ( #1100 ), #1067 ) ;
#3016 = EDGE_LOOP ( 'NONE', ( #2855, #4594, #3782, #5091 ) ) ;
#3017 = SURFACE_SIDE_STYLE ('',( #2852 ) ) ;
#3018 = ADVANCED_FACE ( 'NONE', ( #4120 ), #37, .F. ) ;
#3019 = ORIENTED_EDGE ( 'NONE', *, *, #4019, .T. ) ;
#3020 = SURFACE_STYLE_USAGE ( .BOTH. , #5960 ) ;
#3021 = CARTESIAN_POINT ( 'NONE',  ( 1.480000000000000200, 0.5500000000000000400, 1.480000000000000000 ) ) ;
#3022 = EDGE_LOOP ( 'NONE', ( #1618, #5392, #1103, #639, #1427, #4573, #3546, #4535 ) ) ;
#3023 = PRESENTATION_STYLE_ASSIGNMENT (( #5074 ) ) ;
#3024 = VERTEX_POINT ( 'NONE', #2782 ) ;
#3025 = SURFACE_STYLE_USAGE ( .BOTH. , #5964 ) ;
#3026 = CARTESIAN_POINT ( 'NONE',  ( 1.480000000000000200, 0.5300000000000000300, 1.480000000000000000 ) ) ;
#3027 = AXIS2_PLACEMENT_3D ( 'NONE', #1335, #3343, #3359 ) ;
#3028 =( GEOMETRIC_REPRESENTATION_CONTEXT ( 3 ) GLOBAL_UNCERTAINTY_ASSIGNED_CONTEXT ( ( #4799 ) ) GLOBAL_UNIT_ASSIGNED_CONTEXT ( ( #4665, #726, #1781 ) ) REPRESENTATION_CONTEXT ( 'NONE', 'WORKASPACE' ) );
#3029 = CARTESIAN_POINT ( 'NONE',  ( 0.6750000000000009300, 0.02000000000000000000, 1.100000000000003600 ) ) ;
#3030 = DIRECTION ( 'NONE',  ( 1.000000000000000000, -0.0000000000000000000, 5.421010862427544800E-016 ) ) ;
#3031 = CARTESIAN_POINT ( 'NONE',  ( -1.324999999999999700, 0.0000000000000000000, -1.399999999999992800 ) ) ;
#3032 = ORIENTED_EDGE ( 'NONE', *, *, #904, .T. ) ;
#3033 = DIRECTION ( 'NONE',  ( 0.0000000000000000000, -0.0000000000000000000, 1.000000000000000000 ) ) ;
#3034 = EDGE_CURVE ( 'NONE', #708, #1158, #3655, .T. ) ;
#3035 = COLOUR_RGB ( '',0.7529411764705882200, 0.7529411764705882200, 0.7529411764705882200 ) ;
#3036 = LINE ( 'NONE', #911, #3184 ) ;
#3037 =( GEOMETRIC_REPRESENTATION_CONTEXT ( 3 ) GLOBAL_UNCERTAINTY_ASSIGNED_CONTEXT ( ( #2982 ) ) GLOBAL_UNIT_ASSIGNED_CONTEXT ( ( #6318, #5822, #6199 ) ) REPRESENTATION_CONTEXT ( 'NONE', 'WORKASPACE' ) );
#3038 = FILL_AREA_STYLE ('',( #5499 ) ) ;
#3039 = EDGE_LOOP ( 'NONE', ( #3463, #2526, #4165, #1390 ) ) ;
#3040 = LINE ( 'NONE', #1558, #1686 ) ;
#3041 = CARTESIAN_POINT ( 'NONE',  ( 1.375000000000000700, 0.0000000000000000000, -0.0000000000000000000 ) ) ;
#3042 = EDGE_LOOP ( 'NONE', ( #1596, #1815, #106, #1466, #3615, #1991, #3778, #4692 ) ) ;
#3043 = CYLINDRICAL_SURFACE ( 'NONE', #3926, 0.05000000000000012800 ) ;
#3044 = ORIENTED_EDGE ( 'NONE', *, *, #5694, .T. ) ;
#3045 = CARTESIAN_POINT ( 'NONE',  ( 0.1749999999999997700, 0.02000000000000000000, -1.149999999999999900 ) ) ;
#3046 = CARTESIAN_POINT ( 'NONE',  ( -2.023844055306278200E-015, 0.02000000000000000000, -1.399999999999995500 ) ) ;
#3047 = FILL_AREA_STYLE ('',( #2450 ) ) ;
#3048 = DIRECTION ( 'NONE',  ( 3.469446951953613200E-016, 0.0000000000000000000, 1.000000000000000000 ) ) ;
#3049 = DIRECTION ( 'NONE',  ( 0.0000000000000000000, 0.0000000000000000000, 1.000000000000000000 ) ) ;
#3050 = DIRECTION ( 'NONE',  ( 0.0000000000000000000, -0.0000000000000000000, 1.000000000000000000 ) ) ;
#3051 = CARTESIAN_POINT ( 'NONE',  ( 0.0000000000000000000, 0.02000000000000000000, -1.399999999999996400 ) ) ;
#3052 = LINE ( 'NONE', #2557, #4197 ) ;
#3053 = VECTOR ( 'NONE', #6211, 1000.000000000000000 ) ;
#3054 = ADVANCED_FACE ( 'NONE', ( #989 ), #3043, .T. ) ;
#3055 = UNCERTAINTY_MEASURE_WITH_UNIT (LENGTH_MEASURE( 1.000000000000000100E-005 ), #4584, 'distance_accuracy_value', 'NONE');
#3056 = LINE ( 'NONE', #3009, #5504 ) ;
#3057 = EDGE_LOOP ( 'NONE', ( #2233, #3735, #5835, #1608 ) ) ;
#3058 = STYLED_ITEM ( 'NONE', ( #2041 ), #674 ) ;
#3059 = FILL_AREA_STYLE_COLOUR ( '', #4304 ) ;
#3060 = COLOUR_RGB ( '',0.7529411764705882200, 0.7529411764705882200, 0.7529411764705882200 ) ;
#3061 = LINE ( 'NONE', #2600, #4207 ) ;
#3062 = FILL_AREA_STYLE_COLOUR ( '', #4180 ) ;
#3063 =( GEOMETRIC_REPRESENTATION_CONTEXT ( 3 ) GLOBAL_UNCERTAINTY_ASSIGNED_CONTEXT ( ( #1629 ) ) GLOBAL_UNIT_ASSIGNED_CONTEXT ( ( #4056, #1060, #4543 ) ) REPRESENTATION_CONTEXT ( 'NONE', 'WORKASPACE' ) );
#3064 = LINE ( 'NONE', #5872, #4211 ) ;
#3065 = AXIS2_PLACEMENT_3D ( 'NONE', #3960, #4517, #473 ) ;
#3066 = CARTESIAN_POINT ( 'NONE',  ( 0.9124999999999982000, 0.02000000000000000000, -0.9125000000000007500 ) ) ;
#3067 = EDGE_CURVE ( 'NONE', #6486, #4521, #4348, .T. ) ;
#3068 = CARTESIAN_POINT ( 'NONE',  ( 0.8750000000000003300, 0.02000000000000000000, -4.743384504624097700E-016 ) ) ;
#3069 = SURFACE_STYLE_USAGE ( .BOTH. , #6013 ) ;
#3070 = DIRECTION ( 'NONE',  ( -0.0000000000000000000, -1.000000000000000000, -0.0000000000000000000 ) ) ;
#3071 = AXIS2_PLACEMENT_3D ( 'NONE', #2768, #6223, #3277 ) ;
#3072 = ADVANCED_FACE ( 'NONE', ( #506 ), #5513, .T. ) ;
#3073 = DIRECTION ( 'NONE',  ( -0.0000000000000000000, -1.000000000000000000, -0.0000000000000000000 ) ) ;
#3074 = AXIS2_PLACEMENT_3D ( 'NONE', #3946, #1435, #6238 ) ;
#3075 = EDGE_LOOP ( 'NONE', ( #4983, #1541, #4223, #5282 ) ) ;
#3076 = FILL_AREA_STYLE_COLOUR ( '', #736 ) ;
#3077 = AXIS2_PLACEMENT_3D ( 'NONE', #486, #3997, #2939 ) ;
#3078 = CARTESIAN_POINT ( 'NONE',  ( 0.0000000000000000000, 0.02000000000000000000, -1.099999999999993400 ) ) ;
#3079 = MANIFOLD_SOLID_BREP ( 'Boss-Extrude2[3]', #6267 ) ;
#3080 = EDGE_LOOP ( 'NONE', ( #6437, #4711, #4769, #5853 ) ) ;
#3081 = FILL_AREA_STYLE ('',( #184 ) ) ;
#3082 = COLOUR_RGB ( '',0.7529411764705882200, 0.7529411764705882200, 0.7529411764705882200 ) ;
#3083 = AXIS2_PLACEMENT_3D ( 'NONE', #2532, #5990, #3049 ) ;
#3084 = LINE ( 'NONE', #210, #1729 ) ;
#3085 = ADVANCED_FACE ( 'NONE', ( #3890 ), #260, .T. ) ;
#3086 = ORIENTED_EDGE ( 'NONE', *, *, #1643, .F. ) ;
#3087 = CARTESIAN_POINT ( 'NONE',  ( -0.6249999999999998900, 0.0000000000000000000, 1.150000000000004100 ) ) ;
#3088 = FILL_AREA_STYLE_COLOUR ( '', #1340 ) ;
#3089 = CARTESIAN_POINT ( 'NONE',  ( -0.1249999999999999400, 0.02000000000000000000, -1.349999999999999400 ) ) ;
#3090 = ORIENTED_EDGE ( 'NONE', *, *, #5270, .F. ) ;
#3091 = CARTESIAN_POINT ( 'NONE',  ( 0.0000000000000000000, 0.02000000000000000000, 1.100000000000003600 ) ) ;
#3092 = AXIS2_PLACEMENT_3D ( 'NONE', #5643, #6141, #529 ) ;
#3093 = VECTOR ( 'NONE', #1167, 1000.000000000000000 ) ;
#3094 = SURFACE_STYLE_USAGE ( .BOTH. , #1572 ) ;
#3095 = VERTEX_POINT ( 'NONE', #1947 ) ;
#3096 =( NAMED_UNIT ( * ) PLANE_ANGLE_UNIT ( ) SI_UNIT ( $, .RADIAN. ) );
#3097 = EDGE_LOOP ( 'NONE', ( #3448, #1972, #5066, #2516 ) ) ;
#3098 = EDGE_CURVE ( 'NONE', #2358, #624, #2959, .T. ) ;
#3099 = ORIENTED_EDGE ( 'NONE', *, *, #4781, .F. ) ;
#3100 = FACE_OUTER_BOUND ( 'NONE', #4613, .T. ) ;
#3101 = MECHANICAL_DESIGN_GEOMETRIC_PRESENTATION_REPRESENTATION (  '', ( #2081 ), #3411 ) ;
#3102 = DIRECTION ( 'NONE',  ( 0.0000000000000000000, 1.000000000000000000, -0.0000000000000000000 ) ) ;
#3103 = AXIS2_PLACEMENT_3D ( 'NONE', #482, #5973, #436 ) ;
#3104 = PRESENTATION_STYLE_ASSIGNMENT (( #3482 ) ) ;
#3105 = VECTOR ( 'NONE', #5542, 1000.000000000000000 ) ;
#3106 = ORIENTED_EDGE ( 'NONE', *, *, #1396, .F. ) ;
#3107 = EDGE_CURVE ( 'NONE', #3925, #5688, #5577, .T. ) ;
#3108 = SURFACE_STYLE_FILL_AREA ( #3196 ) ;
#3109 = FILL_AREA_STYLE ('',( #5042 ) ) ;
#3110 = CYLINDRICAL_SURFACE ( 'NONE', #2732, 0.04999999999999991300 ) ;
#3111 = FILL_AREA_STYLE_COLOUR ( '', #1480 ) ;
#3112 = ORIENTED_EDGE ( 'NONE', *, *, #6293, .F. ) ;
#3113 = PRESENTATION_LAYER_ASSIGNMENT (  '', '', ( #2415 ) ) ;
#3114 = DIRECTION ( 'NONE',  ( 0.0000000000000000000, 0.0000000000000000000, 1.000000000000000000 ) ) ;
#3115 = CARTESIAN_POINT ( 'NONE',  ( -1.499999999999999600, 0.03999999999999999400, 1.480000000000000000 ) ) ;
#3116 = PRESENTATION_STYLE_ASSIGNMENT (( #3535 ) ) ;
#3117 = ORIENTED_EDGE ( 'NONE', *, *, #2030, .T. ) ;
#3118 = SURFACE_SIDE_STYLE ('',( #4441 ) ) ;
#3119 = EDGE_CURVE ( 'NONE', #1531, #3879, #4268, .T. ) ;
#3120 = DIRECTION ( 'NONE',  ( -0.0000000000000000000, -1.000000000000000000, 0.0000000000000000000 ) ) ;
#3121 = AXIS2_PLACEMENT_3D ( 'NONE', #2601, #5571, #2096 ) ;
#3122 = ADVANCED_FACE ( 'NONE', ( #5406 ), #2302, .T. ) ;
#3123 = AXIS2_PLACEMENT_3D ( 'NONE', #6351, #3379, #358 ) ;
#3124 = DIRECTION ( 'NONE',  ( 1.192622389734051900E-014, 0.0000000000000000000, 1.000000000000000000 ) ) ;
#3125 =( NAMED_UNIT ( * ) PLANE_ANGLE_UNIT ( ) SI_UNIT ( $, .RADIAN. ) );
#3126 = DIRECTION ( 'NONE',  ( -1.000000000000000000, -0.0000000000000000000, -0.0000000000000000000 ) ) ;
#3127 = CIRCLE ( 'NONE', #1504, 0.04999999999999991300 ) ;
#3128 = ORIENTED_EDGE ( 'NONE', *, *, #5993, .T. ) ;
#3129 = SURFACE_SIDE_STYLE ('',( #5509 ) ) ;
#3130 = DIRECTION ( 'NONE',  ( 0.0000000000000000000, 0.0000000000000000000, 1.000000000000000000 ) ) ;
#3131 = DIRECTION ( 'NONE',  ( -1.000000000000000000, 0.0000000000000000000, 0.0000000000000000000 ) ) ;
#3132 = SURFACE_STYLE_FILL_AREA ( #2453 ) ;
#3133 =( NAMED_UNIT ( * ) SI_UNIT ( $, .STERADIAN. ) SOLID_ANGLE_UNIT ( ) );
#3134 = FACE_OUTER_BOUND ( 'NONE', #2328, .T. ) ;
#3135 = EDGE_CURVE ( 'NONE', #785, #2735, #2319, .T. ) ;
#3136 = VERTEX_POINT ( 'NONE', #2767 ) ;
#3137 =( NAMED_UNIT ( * ) SI_UNIT ( $, .STERADIAN. ) SOLID_ANGLE_UNIT ( ) );
#3138 =( NAMED_UNIT ( * ) SI_UNIT ( $, .STERADIAN. ) SOLID_ANGLE_UNIT ( ) );
#3139 = DIRECTION ( 'NONE',  ( 0.0000000000000000000, 1.000000000000000000, 0.0000000000000000000 ) ) ;
#3140 = LINE ( 'NONE', #2471, #5745 ) ;
#3141 = AXIS2_PLACEMENT_3D ( 'NONE', #4017, #4455, #4511 ) ;
#3142 = PRODUCT ( 'ST25DV64KC-JF6D3', 'ST25DV64KC-JF6D3', '', ( #5679 ) ) ;
#3143 = AXIS2_PLACEMENT_3D ( 'NONE', #1243, #4721, #1752 ) ;
#3144 =( GEOMETRIC_REPRESENTATION_CONTEXT ( 3 ) GLOBAL_UNCERTAINTY_ASSIGNED_CONTEXT ( ( #1820 ) ) GLOBAL_UNIT_ASSIGNED_CONTEXT ( ( #6247, #6313, #1376 ) ) REPRESENTATION_CONTEXT ( 'NONE', 'WORKASPACE' ) );
#3145 = CYLINDRICAL_SURFACE ( 'NONE', #3636, 0.04999999999999991300 ) ;
#3146 = SURFACE_SIDE_STYLE ('',( #5821 ) ) ;
#3147 = CIRCLE ( 'NONE', #2579, 0.05000000000000012800 ) ;
#3148 = LINE ( 'NONE', #3494, #5758 ) ;
#3149 = EDGE_CURVE ( 'NONE', #2216, #5389, #3648, .T. ) ;
#3150 = DIRECTION ( 'NONE',  ( 2.168404344971009100E-016, -0.0000000000000000000, 1.000000000000000000 ) ) ;
#3151 = SURFACE_STYLE_USAGE ( .BOTH. , #6093 ) ;
#3152 = ORIENTED_EDGE ( 'NONE', *, *, #6491, .F. ) ;
#3153 = COLOUR_RGB ( '',0.7529411764705882200, 0.7529411764705882200, 0.7529411764705882200 ) ;
#3154 = DIRECTION ( 'NONE',  ( -1.000000000000000000, 0.0000000000000000000, -0.0000000000000000000 ) ) ;
#3155 = STYLED_ITEM ( 'NONE', ( #1453 ), #3122 ) ;
#3156 = CYLINDRICAL_SURFACE ( 'NONE', #6140, 0.04999999999999991300 ) ;
#3157 =( NAMED_UNIT ( * ) SI_UNIT ( $, .STERADIAN. ) SOLID_ANGLE_UNIT ( ) );
#3158 = VERTEX_POINT ( 'NONE', #1120 ) ;
#3159 = LINE ( 'NONE', #1548, #4604 ) ;
#3160 = ORIENTED_EDGE ( 'NONE', *, *, #676, .T. ) ;
#3161 = ADVANCED_FACE ( 'NONE', ( #6109 ), #984, .T. ) ;
#3162 = PRESENTATION_STYLE_ASSIGNMENT (( #247 ) ) ;
#3163 = EDGE_LOOP ( 'NONE', ( #6453, #4629, #4635, #131 ) ) ;
#3164 = ORIENTED_EDGE ( 'NONE', *, *, #3492, .F. ) ;
#3165 = EDGE_LOOP ( 'NONE', ( #2950, #2252, #703, #1044 ) ) ;
#3166 = DIRECTION ( 'NONE',  ( -0.0000000000000000000, -1.000000000000000000, -0.0000000000000000000 ) ) ;
#3167 =( NAMED_UNIT ( * ) PLANE_ANGLE_UNIT ( ) SI_UNIT ( $, .RADIAN. ) );
#3168 = CYLINDRICAL_SURFACE ( 'NONE', #5053, 0.02000000000000005200 ) ;
#3169 = DIRECTION ( 'NONE',  ( -1.000000000000000000, 0.0000000000000000000, 0.0000000000000000000 ) ) ;
#3170 = SURFACE_STYLE_USAGE ( .BOTH. , #6119 ) ;
#3171 = ORIENTED_EDGE ( 'NONE', *, *, #2417, .F. ) ;
#3172 =( GEOMETRIC_REPRESENTATION_CONTEXT ( 3 ) GLOBAL_UNCERTAINTY_ASSIGNED_CONTEXT ( ( #5254 ) ) GLOBAL_UNIT_ASSIGNED_CONTEXT ( ( #5855, #1740, #1722 ) ) REPRESENTATION_CONTEXT ( 'NONE', 'WORKASPACE' ) );
#3173 = ORIENTED_EDGE ( 'NONE', *, *, #1088, .F. ) ;
#3174 = DIRECTION ( 'NONE',  ( 0.0000000000000000000, 0.0000000000000000000, -1.000000000000000000 ) ) ;
#3175 = FILL_AREA_STYLE ('',( #2156 ) ) ;
#3176 = EDGE_CURVE ( 'NONE', #318, #1912, #4946, .T. ) ;
#3177 = UNCERTAINTY_MEASURE_WITH_UNIT (LENGTH_MEASURE( 1.000000000000000100E-005 ), #2489, 'distance_accuracy_value', 'NONE');
#3178 = CARTESIAN_POINT ( 'NONE',  ( -0.6750000000000001600, 0.02000000000000000000, 1.400000000000003700 ) ) ;
#3179 = ORIENTED_EDGE ( 'NONE', *, *, #4863, .F. ) ;
#3180 = AXIS2_PLACEMENT_3D ( 'NONE', #4876, #1901, #5368 ) ;
#3181 = PLANE ( 'NONE',  #1316 ) ;
#3182 = STYLED_ITEM ( 'NONE', ( #644 ), #1715 ) ;
#3183 = CIRCLE ( 'NONE', #593, 0.02000000000000005200 ) ;
#3184 = VECTOR ( 'NONE', #4783, 1000.000000000000000 ) ;
#3185 = DIRECTION ( 'NONE',  ( 1.000000000000000000, 0.0000000000000000000, -0.0000000000000000000 ) ) ;
#3186 = EDGE_LOOP ( 'NONE', ( #929, #3851, #3401, #50, #1854, #3878, #1663, #1264 ) ) ;
#3187 = EDGE_CURVE ( 'NONE', #3963, #5553, #3483, .T. ) ;
#3188 = DIRECTION ( 'NONE',  ( -0.0000000000000000000, -1.000000000000000000, -0.0000000000000000000 ) ) ;
#3189 = DIRECTION ( 'NONE',  ( 1.548860246407863300E-016, 0.0000000000000000000, 1.000000000000000000 ) ) ;
#3190 = LINE ( 'NONE', #3853, #4344 ) ;
#3191 = STYLED_ITEM ( 'NONE', ( #3216 ), #5308 ) ;
#3192 = ORIENTED_EDGE ( 'NONE', *, *, #2623, .T. ) ;
#3193 = AXIS2_PLACEMENT_3D ( 'NONE', #170, #2184, #664 ) ;
#3194 = CARTESIAN_POINT ( 'NONE',  ( 1.479999999999999800, 0.5300000000000000300, -1.480000000000000000 ) ) ;
#3195 = DIRECTION ( 'NONE',  ( 5.421010862427543900E-016, 0.0000000000000000000, 1.000000000000000000 ) ) ;
#3196 = FILL_AREA_STYLE ('',( #5121 ) ) ;
#3197 = EDGE_LOOP ( 'NONE', ( #5383, #868, #2609, #4959 ) ) ;
#3198 = CARTESIAN_POINT ( 'NONE',  ( -0.3249999999999996800, 0.02000000000000000000, -1.399999999999999700 ) ) ;
#3199 = UNCERTAINTY_MEASURE_WITH_UNIT (LENGTH_MEASURE( 1.000000000000000100E-005 ), #2039, 'distance_accuracy_value', 'NONE');
#3200 = EDGE_CURVE ( 'NONE', #5457, #489, #4787, .T. ) ;
#3201 = DIRECTION ( 'NONE',  ( -0.0000000000000000000, -1.000000000000000000, -0.0000000000000000000 ) ) ;
#3202 = CYLINDRICAL_SURFACE ( 'NONE', #1713, 0.02000000000000005200 ) ;
#3203 =( NAMED_UNIT ( * ) PLANE_ANGLE_UNIT ( ) SI_UNIT ( $, .RADIAN. ) );
#3204 = UNCERTAINTY_MEASURE_WITH_UNIT (LENGTH_MEASURE( 1.000000000000000100E-005 ), #1428, 'distance_accuracy_value', 'NONE');
#3205 =( GEOMETRIC_REPRESENTATION_CONTEXT ( 3 ) GLOBAL_UNCERTAINTY_ASSIGNED_CONTEXT ( ( #3912 ) ) GLOBAL_UNIT_ASSIGNED_CONTEXT ( ( #5718, #4853, #1879 ) ) REPRESENTATION_CONTEXT ( 'NONE', 'WORKASPACE' ) );
#3206 = LINE ( 'NONE', #3730, #5664 ) ;
#3207 = ADVANCED_FACE ( 'NONE', ( #818 ), #1999, .T. ) ;
#3208 = EDGE_LOOP ( 'NONE', ( #5306, #611, #3320, #2478 ) ) ;
#3209 = COLOUR_RGB ( '',0.7529411764705882200, 0.7529411764705882200, 0.7529411764705882200 ) ;
#3210 = DIRECTION ( 'NONE',  ( 0.0000000000000000000, 1.000000000000000000, -0.0000000000000000000 ) ) ;
#3211 = CARTESIAN_POINT ( 'NONE',  ( 0.6249999999999994400, 0.02000000000000000000, -1.349999999999996100 ) ) ;
#3212 = ADVANCED_FACE ( 'NONE', ( #4481 ), #2708, .T. ) ;
#3213 = CARTESIAN_POINT ( 'NONE',  ( 0.0000000000000000000, 0.02000000000000000000, 0.0000000000000000000 ) ) ;
#3214 = APPLICATION_CONTEXT ( 'automotive_design' ) ;
#3215 = EDGE_CURVE ( 'NONE', #910, #2944, #1537, .T. ) ;
#3216 = PRESENTATION_STYLE_ASSIGNMENT (( #102 ) ) ;
#3217 = CARTESIAN_POINT ( 'NONE',  ( -1.125000000000000000, 0.02000000000000000000, 1.150000000000007500 ) ) ;
#3218 =( GEOMETRIC_REPRESENTATION_CONTEXT ( 3 ) GLOBAL_UNCERTAINTY_ASSIGNED_CONTEXT ( ( #4030 ) ) GLOBAL_UNIT_ASSIGNED_CONTEXT ( ( #2567, #1951, #5878 ) ) REPRESENTATION_CONTEXT ( 'NONE', 'WORKASPACE' ) );
#3219 =( NAMED_UNIT ( * ) PLANE_ANGLE_UNIT ( ) SI_UNIT ( $, .RADIAN. ) );
#3220 = PRESENTATION_STYLE_ASSIGNMENT (( #1156 ) ) ;
#3221 = FACE_OUTER_BOUND ( 'NONE', #3356, .T. ) ;
#3222 = ORIENTED_EDGE ( 'NONE', *, *, #305, .F. ) ;
#3223 = FILL_AREA_STYLE_COLOUR ( '', #3383 ) ;
#3224 = DIRECTION ( 'NONE',  ( 0.0000000000000000000, 0.0000000000000000000, 1.000000000000000000 ) ) ;
#3225 = EDGE_CURVE ( 'NONE', #6434, #545, #171, .T. ) ;
#3226 = ADVANCED_FACE ( 'NONE', ( #4038 ), #3475, .T. ) ;
#3227 = AXIS2_PLACEMENT_3D ( 'NONE', #743, #4250, #1249 ) ;
#3228 = PRESENTATION_LAYER_ASSIGNMENT (  '', '', ( #2891 ) ) ;
#3229 = ORIENTED_EDGE ( 'NONE', *, *, #828, .F. ) ;
#3230 = PLANE ( 'NONE',  #3388 ) ;
#3231 = DIRECTION ( 'NONE',  ( -1.000000000000000000, -0.0000000000000000000, -0.0000000000000000000 ) ) ;
#3232 = PRESENTATION_STYLE_ASSIGNMENT (( #3613 ) ) ;
#3233 = EDGE_CURVE ( 'NONE', #489, #3440, #889, .T. ) ;
#3234 = SURFACE_SIDE_STYLE ('',( #4240 ) ) ;
#3235 = VERTEX_POINT ( 'NONE', #2742 ) ;
#3236 = CARTESIAN_POINT ( 'NONE',  ( 0.0000000000000000000, 0.0000000000000000000, 0.0000000000000000000 ) ) ;
#3237 = PRESENTATION_STYLE_ASSIGNMENT (( #5292 ) ) ;
#3238 = SURFACE_STYLE_FILL_AREA ( #5913 ) ;
#3239 = STYLED_ITEM ( 'NONE', ( #4251 ), #3360 ) ;
#3240 = PRESENTATION_LAYER_ASSIGNMENT (  '', '', ( #2129 ) ) ;
#3241 = ORIENTED_EDGE ( 'NONE', *, *, #4055, .F. ) ;
#3242 = CARTESIAN_POINT ( 'NONE',  ( 1.375000000000000700, 0.02000000000000000000, 1.150000000000006800 ) ) ;
#3243 = ADVANCED_FACE ( 'NONE', ( #6032 ), #5788, .F. ) ;
#3244 = VERTEX_POINT ( 'NONE', #4782 ) ;
#3245 = FILL_AREA_STYLE ('',( #4295 ) ) ;
#3246 = ORIENTED_EDGE ( 'NONE', *, *, #3425, .F. ) ;
#3247 = ORIENTED_EDGE ( 'NONE', *, *, #6248, .F. ) ;
#3248 = ORIENTED_EDGE ( 'NONE', *, *, #1123, .T. ) ;
#3249 = UNCERTAINTY_MEASURE_WITH_UNIT (LENGTH_MEASURE( 1.000000000000000100E-005 ), #6369, 'distance_accuracy_value', 'NONE');
#3250 = ORIENTED_EDGE ( 'NONE', *, *, #2562, .F. ) ;
#3251 = DIRECTION ( 'NONE',  ( -1.000000000000000000, 0.0000000000000000000, 0.0000000000000000000 ) ) ;
#3252 = LINE ( 'NONE', #940, #1893 ) ;
#3253 = CARTESIAN_POINT ( 'NONE',  ( 0.3249999999999993400, 0.02000000000000000000, -1.099999999999999900 ) ) ;
#3254 = FILL_AREA_STYLE_COLOUR ( '', #4188 ) ;
#3255 = ORIENTED_EDGE ( 'NONE', *, *, #346, .T. ) ;
#3256 = EDGE_LOOP ( 'NONE', ( #1770, #4466, #3543, #2131 ) ) ;
#3257 = SURFACE_STYLE_USAGE ( .BOTH. , #6203 ) ;
#3258 = DIRECTION ( 'NONE',  ( -0.0000000000000000000, -1.000000000000000000, 0.0000000000000000000 ) ) ;
#3259 = PRESENTATION_LAYER_ASSIGNMENT (  '', '', ( #2915 ) ) ;
#3260 = VECTOR ( 'NONE', #5203, 1000.000000000000000 ) ;
#3261 = DIRECTION ( 'NONE',  ( -5.421010862427544800E-016, 0.0000000000000000000, -1.000000000000000000 ) ) ;
#3262 = FACE_OUTER_BOUND ( 'NONE', #3541, .T. ) ;
#3263 = CARTESIAN_POINT ( 'NONE',  ( 1.480000000000000000, 0.02000000000000000000, -2.139492287038062000E-016 ) ) ;
#3264 = ORIENTED_EDGE ( 'NONE', *, *, #3034, .T. ) ;
#3265 =( NAMED_UNIT ( * ) SI_UNIT ( $, .STERADIAN. ) SOLID_ANGLE_UNIT ( ) );
#3266 = DIRECTION ( 'NONE',  ( -0.0000000000000000000, -1.000000000000000000, -0.0000000000000000000 ) ) ;
#3267 = VECTOR ( 'NONE', #3831, 1000.000000000000000 ) ;
#3268 = ORIENTED_EDGE ( 'NONE', *, *, #1816, .F. ) ;
#3269 = STYLED_ITEM ( 'NONE', ( #3306 ), #4632 ) ;
#3270 = DIRECTION ( 'NONE',  ( -0.0000000000000000000, -1.000000000000000000, -0.0000000000000000000 ) ) ;
#3271 = CARTESIAN_POINT ( 'NONE',  ( -0.8249999999999995100, 0.0000000000000000000, -1.099999999999996300 ) ) ;
#3272 = AXIS2_PLACEMENT_3D ( 'NONE', #5979, #3955, #1915 ) ;
#3273 = EDGE_CURVE ( 'NONE', #6098, #4546, #5477, .T. ) ;
#3274 = DIRECTION ( 'NONE',  ( -0.0000000000000000000, 1.000000000000000000, -0.0000000000000000000 ) ) ;
#3275 = UNCERTAINTY_MEASURE_WITH_UNIT (LENGTH_MEASURE( 1.000000000000000100E-005 ), #140, 'distance_accuracy_value', 'NONE');
#3276 = DIRECTION ( 'NONE',  ( -8.131516293641318800E-016, 0.0000000000000000000, -1.000000000000000000 ) ) ;
#3277 = DIRECTION ( 'NONE',  ( 0.0000000000000000000, 0.0000000000000000000, 1.000000000000000000 ) ) ;
#3278 = SURFACE_STYLE_USAGE ( .BOTH. , #950 ) ;
#3279 = MECHANICAL_DESIGN_GEOMETRIC_PRESENTATION_REPRESENTATION (  '', ( #2597 ), #3596 ) ;
#3280 = UNCERTAINTY_MEASURE_WITH_UNIT (LENGTH_MEASURE( 1.000000000000000100E-005 ), #1892, 'distance_accuracy_value', 'NONE');
#3281 = STYLED_ITEM ( 'NONE', ( #1690 ), #3072 ) ;
#3282 = SURFACE_SIDE_STYLE ('',( #627 ) ) ;
#3283 = VERTEX_POINT ( 'NONE', #1163 ) ;
#3284 = DIRECTION ( 'NONE',  ( -0.0000000000000000000, -1.000000000000000000, -0.0000000000000000000 ) ) ;
#3285 = CARTESIAN_POINT ( 'NONE',  ( -0.1249999999999999400, 0.0000000000000000000, -1.349999999999999400 ) ) ;
#3286 = SURFACE_STYLE_USAGE ( .BOTH. , #6234 ) ;
#3287 = ORIENTED_EDGE ( 'NONE', *, *, #605, .F. ) ;
#3288 = FILL_AREA_STYLE ('',( #3780 ) ) ;
#3289 = PRESENTATION_LAYER_ASSIGNMENT (  '', '', ( #3609 ) ) ;
#3290 = SURFACE_SIDE_STYLE ('',( #3994 ) ) ;
#3291 = COLOUR_RGB ( '',0.7529411764705882200, 0.7529411764705882200, 0.7529411764705882200 ) ;
#3292 = ADVANCED_FACE ( 'NONE', ( #4172 ), #4262, .F. ) ;
#3293 = CARTESIAN_POINT ( 'NONE',  ( 0.0000000000000000000, 0.0000000000000000000, 0.0000000000000000000 ) ) ;
#3294 = MECHANICAL_DESIGN_GEOMETRIC_PRESENTATION_REPRESENTATION (  '', ( #1931 ), #3617 ) ;
#3295 = VECTOR ( 'NONE', #4380, 1000.000000000000000 ) ;
#3296 = CARTESIAN_POINT ( 'NONE',  ( 0.0000000000000000000, 0.02000000000000000000, 1.100000000000006300 ) ) ;
#3297 = EDGE_CURVE ( 'NONE', #179, #6513, #2372, .T. ) ;
#3298 =( NAMED_UNIT ( * ) SI_UNIT ( $, .STERADIAN. ) SOLID_ANGLE_UNIT ( ) );
#3299 = VECTOR ( 'NONE', #6091, 1000.000000000000000 ) ;
#3300 = STYLED_ITEM ( 'NONE', ( #2927 ), #4105 ) ;
#3301 = ORIENTED_EDGE ( 'NONE', *, *, #1908, .T. ) ;
#3302 = MECHANICAL_DESIGN_GEOMETRIC_PRESENTATION_REPRESENTATION (  '', ( #2630 ), #3629 ) ;
#3303 = DIRECTION ( 'NONE',  ( -1.000000000000000000, 0.0000000000000000000, -0.0000000000000000000 ) ) ;
#3304 = SURFACE_STYLE_FILL_AREA ( #5299 ) ;
#3305 = SURFACE_SIDE_STYLE ('',( #1681 ) ) ;
#3306 = PRESENTATION_STYLE_ASSIGNMENT (( #5149 ) ) ;
#3307 = DIRECTION ( 'NONE',  ( 1.000000000000000000, -0.0000000000000000000, 2.710505431213772400E-016 ) ) ;
#3308 = CARTESIAN_POINT ( 'NONE',  ( 2.976241257803347300E-017, 0.0000000000000000000, 0.7000000000000002900 ) ) ;
#3309 = EDGE_CURVE ( 'NONE', #5553, #1203, #6349, .T. ) ;
#3310 = FILL_AREA_STYLE_COLOUR ( '', #3330 ) ;
#3311 = LINE ( 'NONE', #500, #1960 ) ;
#3312 = DIRECTION ( 'NONE',  ( 0.0000000000000000000, 0.0000000000000000000, -1.000000000000000000 ) ) ;
#3313 = STYLED_ITEM ( 'NONE', ( #5756 ), #5182 ) ;
#3314 = MECHANICAL_DESIGN_GEOMETRIC_PRESENTATION_REPRESENTATION (  '', ( #2639 ), #3639 ) ;
#3315 =( NAMED_UNIT ( * ) PLANE_ANGLE_UNIT ( ) SI_UNIT ( $, .RADIAN. ) );
#3316 = EDGE_LOOP ( 'NONE', ( #3338, #2466, #4625, #1210 ) ) ;
#3317 = EDGE_LOOP ( 'NONE', ( #5072, #4150, #1209 ) ) ;
#3318 = CARTESIAN_POINT ( 'NONE',  ( 0.0000000000000000000, 0.02000000000000000000, 0.0000000000000000000 ) ) ;
#3319 =( LENGTH_UNIT ( ) NAMED_UNIT ( * ) SI_UNIT ( .MILLI., .METRE. ) );
#3320 = ORIENTED_EDGE ( 'NONE', *, *, #1418, .T. ) ;
#3321 = SURFACE_STYLE_FILL_AREA ( #3364 ) ;
#3322 = EDGE_CURVE ( 'NONE', #3824, #5457, #1049, .T. ) ;
#3323 =( NAMED_UNIT ( * ) SI_UNIT ( $, .STERADIAN. ) SOLID_ANGLE_UNIT ( ) );
#3324 = CARTESIAN_POINT ( 'NONE',  ( 0.3249999999999996800, 0.0000000000000000000, -1.350000000000000100 ) ) ;
#3325 = ORIENTED_EDGE ( 'NONE', *, *, #2077, .F. ) ;
#3326 = ADVANCED_FACE ( 'NONE', ( #3706 ), #5561, .T. ) ;
#3327 = CARTESIAN_POINT ( 'NONE',  ( -1.324999999999999300, 0.02000000000000000000, 1.100000000000007200 ) ) ;
#3328 = FACE_OUTER_BOUND ( 'NONE', #2188, .T. ) ;
#3329 = MECHANICAL_DESIGN_GEOMETRIC_PRESENTATION_REPRESENTATION (  '', ( #2313 ), #3654 ) ;
#3330 = COLOUR_RGB ( '',0.7529411764705882200, 0.7529411764705882200, 0.7529411764705882200 ) ;
#3331 = DIRECTION ( 'NONE',  ( -0.0000000000000000000, -1.000000000000000000, -0.0000000000000000000 ) ) ;
#3332 = ORIENTED_EDGE ( 'NONE', *, *, #6153, .T. ) ;
#3333 = VECTOR ( 'NONE', #3495, 1000.000000000000000 ) ;
#3334 = ORIENTED_EDGE ( 'NONE', *, *, #2657, .F. ) ;
#3335 = CARTESIAN_POINT ( 'NONE',  ( -0.8749999999999996700, 0.02000000000000000000, 0.0000000000000000000 ) ) ;
#3336 = EDGE_LOOP ( 'NONE', ( #6323, #2921, #1455, #863 ) ) ;
#3337 = VECTOR ( 'NONE', #3251, 1000.000000000000000 ) ;
#3338 = ORIENTED_EDGE ( 'NONE', *, *, #5524, .F. ) ;
#3339 = EDGE_CURVE ( 'NONE', #2546, #2101, #1749, .T. ) ;
#3340 = DIRECTION ( 'NONE',  ( -0.0000000000000000000, 1.000000000000000000, -0.0000000000000000000 ) ) ;
#3341 = FILL_AREA_STYLE ('',( #1888 ) ) ;
#3342 = COLOUR_RGB ( '',0.7529411764705882200, 0.7529411764705882200, 0.7529411764705882200 ) ;
#3343 = DIRECTION ( 'NONE',  ( -0.0000000000000000000, -1.000000000000000000, -0.0000000000000000000 ) ) ;
#3344 = VECTOR ( 'NONE', #3340, 1000.000000000000000 ) ;
#3345 = ORIENTED_EDGE ( 'NONE', *, *, #1375, .F. ) ;
#3346 = DIRECTION ( 'NONE',  ( 1.000000000000000000, 0.0000000000000000000, -0.0000000000000000000 ) ) ;
#3347 = AXIS2_PLACEMENT_3D ( 'NONE', #5927, #2990, #39 ) ;
#3348 = DIRECTION ( 'NONE',  ( 0.0000000000000000000, 0.0000000000000000000, 1.000000000000000000 ) ) ;
#3349 = FILL_AREA_STYLE ('',( #3819 ) ) ;
#3350 = PRESENTATION_LAYER_ASSIGNMENT (  '', '', ( #2336 ) ) ;
#3351 = PRESENTATION_LAYER_ASSIGNMENT (  '', '', ( #3677 ) ) ;
#3352 = CIRCLE ( 'NONE', #2, 0.04999999999999991300 ) ;
#3353 = DIRECTION ( 'NONE',  ( -0.0000000000000000000, -1.000000000000000000, -0.0000000000000000000 ) ) ;
#3354 = DIRECTION ( 'NONE',  ( 0.0000000000000000000, 0.0000000000000000000, 1.000000000000000000 ) ) ;
#3355 = EDGE_CURVE ( 'NONE', #6404, #6480, #4395, .T. ) ;
#3356 = EDGE_LOOP ( 'NONE', ( #6342, #5375, #2458, #1777 ) ) ;
#3357 = CARTESIAN_POINT ( 'NONE',  ( -1.125000000000001300, 0.02000000000000000000, -1.219727444046198800E-015 ) ) ;
#3358 = PRESENTATION_LAYER_ASSIGNMENT (  '', '', ( #3687 ) ) ;
#3359 = DIRECTION ( 'NONE',  ( 0.0000000000000000000, 0.0000000000000000000, -1.000000000000000000 ) ) ;
#3360 = ADVANCED_FACE ( 'NONE', ( #244 ), #761, .T. ) ;
#3361 = CIRCLE ( 'NONE', #4953, 0.04999999999999991300 ) ;
#3362 = CARTESIAN_POINT ( 'NONE',  ( -1.374999999999999800, 0.0000000000000000000, 1.350000000000006800 ) ) ;
#3363 =( NAMED_UNIT ( * ) SI_UNIT ( $, .STERADIAN. ) SOLID_ANGLE_UNIT ( ) );
#3364 = FILL_AREA_STYLE ('',( #1080 ) ) ;
#3365 = VECTOR ( 'NONE', #2120, 1000.000000000000000 ) ;
#3366 = FILL_AREA_STYLE_COLOUR ( '', #6182 ) ;
#3367 =( LENGTH_UNIT ( ) NAMED_UNIT ( * ) SI_UNIT ( .MILLI., .METRE. ) );
#3368 = CARTESIAN_POINT ( 'NONE',  ( 0.1249999999999995700, 0.0000000000000000000, -1.349999999999999400 ) ) ;
#3369 = CIRCLE ( 'NONE', #6232, 0.02000000000000005200 ) ;
#3370 = EDGE_LOOP ( 'NONE', ( #3658, #5161, #6492, #4968 ) ) ;
#3371 = COLOUR_RGB ( '',0.7529411764705882200, 0.7529411764705882200, 0.7529411764705882200 ) ;
#3372 = DIRECTION ( 'NONE',  ( 0.0000000000000000000, 1.000000000000000000, -0.0000000000000000000 ) ) ;
#3373 = AXIS2_PLACEMENT_3D ( 'NONE', #5734, #764, #3712 ) ;
#3374 = FACE_OUTER_BOUND ( 'NONE', #1886, .T. ) ;
#3375 = EDGE_LOOP ( 'NONE', ( #5650, #2312, #3871, #457 ) ) ;
#3376 = FILL_AREA_STYLE ('',( #3399 ) ) ;
#3377 = LINE ( 'NONE', #1614, #2672 ) ;
#3378 = PRESENTATION_STYLE_ASSIGNMENT (( #4790 ) ) ;
#3379 = DIRECTION ( 'NONE',  ( 0.0000000000000000000, 1.000000000000000000, -0.0000000000000000000 ) ) ;
#3380 = VERTEX_POINT ( 'NONE', #4318 ) ;
#3381 = SPHERICAL_SURFACE ( 'NONE', #993, 0.02000000000000000000 ) ;
#3382 = CIRCLE ( 'NONE', #3842, 0.04999999999999991300 ) ;
#3383 = COLOUR_RGB ( '',0.7529411764705882200, 0.7529411764705882200, 0.7529411764705882200 ) ;
#3384 = DIRECTION ( 'NONE',  ( -0.0000000000000000000, 1.000000000000000000, -0.0000000000000000000 ) ) ;
#3385 = EDGE_CURVE ( 'NONE', #5472, #143, #3794, .T. ) ;
#3386 = COLOUR_RGB ( '',0.7529411764705882200, 0.7529411764705882200, 0.7529411764705882200 ) ;
#3387 = ORIENTED_EDGE ( 'NONE', *, *, #4654, .F. ) ;
#3388 = AXIS2_PLACEMENT_3D ( 'NONE', #5190, #2232, #5696 ) ;
#3389 = UNCERTAINTY_MEASURE_WITH_UNIT (LENGTH_MEASURE( 1.000000000000000100E-005 ), #376, 'distance_accuracy_value', 'NONE');
#3390 = VECTOR ( 'NONE', #401, 1000.000000000000000 ) ;
#3391 = AXIS2_PLACEMENT_3D ( 'NONE', #1529, #4415, #3825 ) ;
#3392 = CYLINDRICAL_SURFACE ( 'NONE', #2451, 0.05000000000000012800 ) ;
#3393 = EDGE_LOOP ( 'NONE', ( #732, #2051, #2366, #3584 ) ) ;
#3394 = ORIENTED_EDGE ( 'NONE', *, *, #1982, .F. ) ;
#3395 = CARTESIAN_POINT ( 'NONE',  ( 1.125000000000000700, 0.0000000000000000000, 1.350000000000005900 ) ) ;
#3396 = VECTOR ( 'NONE', #2677, 1000.000000000000000 ) ;
#3397 = AXIS2_PLACEMENT_3D ( 'NONE', #1087, #2414, #3406 ) ;
#3398 = FILL_AREA_STYLE ('',( #2992 ) ) ;
#3399 = FILL_AREA_STYLE_COLOUR ( '', #5300 ) ;
#3400 = CIRCLE ( 'NONE', #6498, 0.02000000000000005200 ) ;
#3401 = ORIENTED_EDGE ( 'NONE', *, *, #4534, .T. ) ;
#3402 =( NAMED_UNIT ( * ) PLANE_ANGLE_UNIT ( ) SI_UNIT ( $, .RADIAN. ) );
#3403 = STYLED_ITEM ( 'NONE', ( #4798 ), #6339 ) ;
#3404 =( NAMED_UNIT ( * ) SI_UNIT ( $, .STERADIAN. ) SOLID_ANGLE_UNIT ( ) );
#3405 = ORIENTED_EDGE ( 'NONE', *, *, #1438, .T. ) ;
#3406 = DIRECTION ( 'NONE',  ( 0.0000000000000000000, 0.0000000000000000000, 1.000000000000000000 ) ) ;
#3407 = AXIS2_PLACEMENT_3D ( 'NONE', #4590, #150, #4239 ) ;
#3408 = ORIENTED_EDGE ( 'NONE', *, *, #1068, .F. ) ;
#3409 = PRESENTATION_STYLE_ASSIGNMENT (( #4954 ) ) ;
#3410 = EDGE_CURVE ( 'NONE', #4176, #179, #2446, .T. ) ;
#3411 =( GEOMETRIC_REPRESENTATION_CONTEXT ( 3 ) GLOBAL_UNCERTAINTY_ASSIGNED_CONTEXT ( ( #5567 ) ) GLOBAL_UNIT_ASSIGNED_CONTEXT ( ( #5807, #2858, #6324 ) ) REPRESENTATION_CONTEXT ( 'NONE', 'WORKASPACE' ) );
#3412 = AXIS2_PLACEMENT_3D ( 'NONE', #6379, #3312, #4280 ) ;
#3413 = DIRECTION ( 'NONE',  ( 8.131516293641316800E-016, 0.0000000000000000000, 1.000000000000000000 ) ) ;
#3414 = CARTESIAN_POINT ( 'NONE',  ( -0.6250000000000005600, 0.02000000000000000000, 3.388131789017217600E-016 ) ) ;
#3415 = FACE_OUTER_BOUND ( 'NONE', #5154, .T. ) ;
#3416 = COLOUR_RGB ( '',0.2509803921568627400, 0.2509803921568627400, 0.2509803921568627400 ) ;
#3417 = EDGE_CURVE ( 'NONE', #5234, #545, #6265, .T. ) ;
#3418 = DIRECTION ( 'NONE',  ( 0.0000000000000000000, 0.0000000000000000000, 1.000000000000000000 ) ) ;
#3419 = ORIENTED_EDGE ( 'NONE', *, *, #5089, .F. ) ;
#3420 = DIRECTION ( 'NONE',  ( 1.000000000000000000, -0.0000000000000000000, -0.0000000000000000000 ) ) ;
#3421 = STYLED_ITEM ( 'NONE', ( #2517 ), #4998 ) ;
#3422 = MECHANICAL_DESIGN_GEOMETRIC_PRESENTATION_REPRESENTATION (  '', ( #2415 ), #3762 ) ;
#3423 = CLOSED_SHELL ( 'NONE', ( #2784, #3967, #5175, #949, #3326, #5522, #4028, #1963, #2515, #3848 ) ) ;
#3424 = SURFACE_STYLE_USAGE ( .BOTH. , #3515 ) ;
#3425 = EDGE_CURVE ( 'NONE', #3440, #3824, #1127, .T. ) ;
#3426 = LINE ( 'NONE', #4171, #2104 ) ;
#3427 = FILL_AREA_STYLE_COLOUR ( '', #983 ) ;
#3428 = UNCERTAINTY_MEASURE_WITH_UNIT (LENGTH_MEASURE( 1.000000000000000100E-005 ), #124, 'distance_accuracy_value', 'NONE');
#3429 = AXIS2_PLACEMENT_3D ( 'NONE', #5671, #2712, #6165 ) ;
#3430 = FILL_AREA_STYLE_COLOUR ( '', #1356 ) ;
#3431 = PRESENTATION_LAYER_ASSIGNMENT (  '', '', ( #2781 ) ) ;
#3432 = CARTESIAN_POINT ( 'NONE',  ( 0.3750000000000004400, 0.02000000000000000000, 0.0000000000000000000 ) ) ;
#3433 =( NAMED_UNIT ( * ) PLANE_ANGLE_UNIT ( ) SI_UNIT ( $, .RADIAN. ) );
#3434 = CARTESIAN_POINT ( 'NONE',  ( 0.0000000000000000000, 0.0000000000000000000, 0.0000000000000000000 ) ) ;
#3435 = DIRECTION ( 'NONE',  ( 5.421010862427543900E-016, 0.0000000000000000000, 1.000000000000000000 ) ) ;
#3436 = DIRECTION ( 'NONE',  ( 0.0000000000000000000, 0.0000000000000000000, 1.000000000000000000 ) ) ;
#3437 = CARTESIAN_POINT ( 'NONE',  ( 0.8249999999999996200, 0.0000000000000000000, -1.149999999999997000 ) ) ;
#3438 = LINE ( 'NONE', #598, #768 ) ;
#3439 = CARTESIAN_POINT ( 'NONE',  ( -1.479999999999999500, 0.5500000000000000400, 1.480000000000000000 ) ) ;
#3440 = VERTEX_POINT ( 'NONE', #1236 ) ;
#3441 = EDGE_CURVE ( 'NONE', #2944, #4278, #3469, .T. ) ;
#3442 = VECTOR ( 'NONE', #3169, 1000.000000000000000 ) ;
#3443 =( NAMED_UNIT ( * ) SI_UNIT ( $, .STERADIAN. ) SOLID_ANGLE_UNIT ( ) );
#3444 = STYLED_ITEM ( 'NONE', ( #6225 ), #1026 ) ;
#3445 = VECTOR ( 'NONE', #1964, 1000.000000000000000 ) ;
#3446 = FACE_OUTER_BOUND ( 'NONE', #952, .T. ) ;
#3447 = CIRCLE ( 'NONE', #2204, 0.05000000000000012800 ) ;
#3448 = ORIENTED_EDGE ( 'NONE', *, *, #1933, .F. ) ;
#3449 = UNCERTAINTY_MEASURE_WITH_UNIT (LENGTH_MEASURE( 1.000000000000000100E-005 ), #6002, 'distance_accuracy_value', 'NONE');
#3450 =( LENGTH_UNIT ( ) NAMED_UNIT ( * ) SI_UNIT ( .MILLI., .METRE. ) );
#3451 = CARTESIAN_POINT ( 'NONE',  ( 1.174999999999999600, 0.0000000000000000000, -1.149999999999993500 ) ) ;
#3452 = FILL_AREA_STYLE ('',( #1938 ) ) ;
#3453 = EDGE_LOOP ( 'NONE', ( #4244, #3345, #472, #4819 ) ) ;
#3454 =( NAMED_UNIT ( * ) PLANE_ANGLE_UNIT ( ) SI_UNIT ( $, .RADIAN. ) );
#3455 = DIRECTION ( 'NONE',  ( -0.0000000000000000000, -1.000000000000000000, -0.0000000000000000000 ) ) ;
#3456 = UNCERTAINTY_MEASURE_WITH_UNIT (LENGTH_MEASURE( 1.000000000000000100E-005 ), #2186, 'distance_accuracy_value', 'NONE');
#3457 = VERTEX_POINT ( 'NONE', #3242 ) ;
#3458 = CIRCLE ( 'NONE', #4937, 0.04999999999999991300 ) ;
#3459 = DIRECTION ( 'NONE',  ( -0.0000000000000000000, -1.000000000000000000, -0.0000000000000000000 ) ) ;
#3460 = ADVANCED_FACE ( 'NONE', ( #4771 ), #319, .T. ) ;
#3461 = FACE_OUTER_BOUND ( 'NONE', #3689, .T. ) ;
#3462 = PRESENTATION_LAYER_ASSIGNMENT (  '', '', ( #2806 ) ) ;
#3463 = ORIENTED_EDGE ( 'NONE', *, *, #3716, .T. ) ;
#3464 =( LENGTH_UNIT ( ) NAMED_UNIT ( * ) SI_UNIT ( .MILLI., .METRE. ) );
#3465 = DIRECTION ( 'NONE',  ( 0.0000000000000000000, 0.0000000000000000000, 1.000000000000000000 ) ) ;
#3466 = FILL_AREA_STYLE_COLOUR ( '', #2887 ) ;
#3467 = EDGE_CURVE ( 'NONE', #624, #1451, #1675, .T. ) ;
#3468 = CLOSED_SHELL ( 'NONE', ( #1533, #10, #2580, #462, #1290, #3591, #3721, #5035, #5271, #3018 ) ) ;
#3469 = CIRCLE ( 'NONE', #5543, 0.04999999999999991300 ) ;
#3470 = VERTEX_POINT ( 'NONE', #4645 ) ;
#3471 = PRESENTATION_LAYER_ASSIGNMENT (  '', '', ( #3155 ) ) ;
#3472 = FILL_AREA_STYLE ('',( #3427 ) ) ;
#3473 = ORIENTED_EDGE ( 'NONE', *, *, #6193, .F. ) ;
#3474 = LINE ( 'NONE', #4147, #2145 ) ;
#3475 = CYLINDRICAL_SURFACE ( 'NONE', #4027, 0.04999999999999991300 ) ;
#3476 = ORIENTED_EDGE ( 'NONE', *, *, #2307, .T. ) ;
#3477 = DIRECTION ( 'NONE',  ( 0.0000000000000000000, 0.0000000000000000000, 1.000000000000000000 ) ) ;
#3478 = CARTESIAN_POINT ( 'NONE',  ( -2.023844055306278200E-015, 0.0000000000000000000, -1.399999999999995500 ) ) ;
#3479 = SURFACE_SIDE_STYLE ('',( #441 ) ) ;
#3480 = ORIENTED_EDGE ( 'NONE', *, *, #3273, .T. ) ;
#3481 =( LENGTH_UNIT ( ) NAMED_UNIT ( * ) SI_UNIT ( .MILLI., .METRE. ) );
#3482 = SURFACE_STYLE_USAGE ( .BOTH. , #1921 ) ;
#3483 = LINE ( 'NONE', #616, #5954 ) ;
#3484 = ORIENTED_EDGE ( 'NONE', *, *, #1495, .F. ) ;
#3485 = CARTESIAN_POINT ( 'NONE',  ( -1.324999999999999300, 0.02000000000000000000, 1.100000000000007200 ) ) ;
#3486 = CARTESIAN_POINT ( 'NONE',  ( -1.175000000000000500, 0.0000000000000000000, -1.099999999999993000 ) ) ;
#3487 = DIRECTION ( 'NONE',  ( 0.0000000000000000000, 1.000000000000000000, -0.0000000000000000000 ) ) ;
#3488 =( NAMED_UNIT ( * ) PLANE_ANGLE_UNIT ( ) SI_UNIT ( $, .RADIAN. ) );
#3489 =( NAMED_UNIT ( * ) SI_UNIT ( $, .STERADIAN. ) SOLID_ANGLE_UNIT ( ) );
#3490 = ADVANCED_FACE ( 'NONE', ( #5470 ), #4159, .T. ) ;
#3491 = CARTESIAN_POINT ( 'NONE',  ( 0.8249999999999992900, 0.02000000000000000000, -1.099999999999996800 ) ) ;
#3492 = EDGE_CURVE ( 'NONE', #5443, #3937, #3701, .T. ) ;
#3493 = VERTEX_POINT ( 'NONE', #4568 ) ;
#3494 = CARTESIAN_POINT ( 'NONE',  ( -1.175000000000000300, 0.02000000000000000000, 1.100000000000007200 ) ) ;
#3495 = DIRECTION ( 'NONE',  ( 1.000000000000000000, 0.0000000000000000000, -1.445602896647346200E-015 ) ) ;
#3496 = AXIS2_PLACEMENT_3D ( 'NONE', #1431, #4897, #1923 ) ;
#3497 =( NAMED_UNIT ( * ) PLANE_ANGLE_UNIT ( ) SI_UNIT ( $, .RADIAN. ) );
#3498 =( LENGTH_UNIT ( ) NAMED_UNIT ( * ) SI_UNIT ( .MILLI., .METRE. ) );
#3499 = CARTESIAN_POINT ( 'NONE',  ( -1.325000000000000000, 0.0000000000000000000, -1.349999999999993000 ) ) ;
#3500 = PRESENTATION_LAYER_ASSIGNMENT (  '', '', ( #3182 ) ) ;
#3501 = PRESENTATION_STYLE_ASSIGNMENT (( #4420 ) ) ;
#3502 = ORIENTED_EDGE ( 'NONE', *, *, #2894, .T. ) ;
#3503 = DIRECTION ( 'NONE',  ( 0.0000000000000000000, 0.0000000000000000000, 1.000000000000000000 ) ) ;
#3504 =( NAMED_UNIT ( * ) PLANE_ANGLE_UNIT ( ) SI_UNIT ( $, .RADIAN. ) );
#3505 = SURFACE_STYLE_FILL_AREA ( #3109 ) ;
#3506 = EDGE_CURVE ( 'NONE', #3158, #3283, #5001, .T. ) ;
#3507 = CARTESIAN_POINT ( 'NONE',  ( 1.125000000000000700, 0.02000000000000000000, 1.350000000000005900 ) ) ;
#3508 = CARTESIAN_POINT ( 'NONE',  ( -0.1750000000000000200, 0.02000000000000000000, -1.149999999999999700 ) ) ;
#3509 = SURFACE_STYLE_FILL_AREA ( #2076 ) ;
#3510 = CARTESIAN_POINT ( 'NONE',  ( 0.1750000000000009000, 0.02000000000000000000, 1.100000000000000300 ) ) ;
#3511 = AXIS2_PLACEMENT_3D ( 'NONE', #2612, #6065, #3130 ) ;
#3512 = SURFACE_SIDE_STYLE ('',( #4114 ) ) ;
#3513 = MECHANICAL_DESIGN_GEOMETRIC_PRESENTATION_REPRESENTATION (  '', ( #2850 ), #3855 ) ;
#3514 = SURFACE_STYLE_FILL_AREA ( #2382 ) ;
#3515 = SURFACE_SIDE_STYLE ('',( #338 ) ) ;
#3516 = EDGE_CURVE ( 'NONE', #1687, #4702, #2367, .T. ) ;
#3517 =( NAMED_UNIT ( * ) SI_UNIT ( $, .STERADIAN. ) SOLID_ANGLE_UNIT ( ) );
#3518 = CARTESIAN_POINT ( 'NONE',  ( -1.275000000000000100, 0.02000000000000000000, 1.974796814170025800E-016 ) ) ;
#3519 = EDGE_LOOP ( 'NONE', ( #3179, #4760, #5701, #4483 ) ) ;
#3520 = ADVANCED_FACE ( 'NONE', ( #1202 ), #134, .F. ) ;
#3521 = DIRECTION ( 'NONE',  ( 0.0000000000000000000, 0.0000000000000000000, 1.000000000000000000 ) ) ;
#3522 = DIRECTION ( 'NONE',  ( 0.0000000000000000000, 0.0000000000000000000, 1.000000000000000000 ) ) ;
#3523 = FILL_AREA_STYLE_COLOUR ( '', #3209 ) ;
#3524 = ADVANCED_FACE ( 'NONE', ( #1889 ), #1946, .T. ) ;
#3525 = COLOUR_RGB ( '',0.7529411764705882200, 0.7529411764705882200, 0.7529411764705882200 ) ;
#3526 = CARTESIAN_POINT ( 'NONE',  ( 0.6749999999999999300, 0.02000000000000000000, -1.399999999999996600 ) ) ;
#3527 = SURFACE_SIDE_STYLE ('',( #6125 ) ) ;
#3528 = ORIENTED_EDGE ( 'NONE', *, *, #5735, .F. ) ;
#3529 = LINE ( 'NONE', #2263, #3999 ) ;
#3530 = CARTESIAN_POINT ( 'NONE',  ( -0.1750000000000003800, 0.02000000000000000000, -1.099999999999999900 ) ) ;
#3531 = FACE_OUTER_BOUND ( 'NONE', #505, .T. ) ;
#3532 = DIRECTION ( 'NONE',  ( -3.469446951953614200E-016, 0.0000000000000000000, -1.000000000000000000 ) ) ;
#3533 = EDGE_CURVE ( 'NONE', #6237, #2364, #5220, .T. ) ;
#3534 = ORIENTED_EDGE ( 'NONE', *, *, #5089, .T. ) ;
#3535 = SURFACE_STYLE_USAGE ( .BOTH. , #1462 ) ;
#3536 = LINE ( 'NONE', #2933, #5842 ) ;
#3537 = UNCERTAINTY_MEASURE_WITH_UNIT (LENGTH_MEASURE( 1.000000000000000100E-005 ), #2539, 'distance_accuracy_value', 'NONE');
#3538 = AXIS2_PLACEMENT_3D ( 'NONE', #6208, #3258, #225 ) ;
#3539 = DIRECTION ( 'NONE',  ( 3.469446951953613200E-016, 0.0000000000000000000, 1.000000000000000000 ) ) ;
#3540 = LINE ( 'NONE', #3594, #4685 ) ;
#3541 = EDGE_LOOP ( 'NONE', ( #4436, #1337, #3557, #220 ) ) ;
#3542 = VECTOR ( 'NONE', #4384, 1000.000000000000000 ) ;
#3543 = ORIENTED_EDGE ( 'NONE', *, *, #3355, .T. ) ;
#3544 = EDGE_CURVE ( 'NONE', #1250, #1799, #73, .T. ) ;
#3545 = VECTOR ( 'NONE', #1445, 1000.000000000000000 ) ;
#3546 = ORIENTED_EDGE ( 'NONE', *, *, #596, .T. ) ;
#3547 = CARTESIAN_POINT ( 'NONE',  ( 0.6250000000000005600, 0.02000000000000000000, 1.150000000000004100 ) ) ;
#3548 = CYLINDRICAL_SURFACE ( 'NONE', #1858, 0.02000000000000005200 ) ;
#3549 = DIRECTION ( 'NONE',  ( -0.7071067811865485700, 0.0000000000000000000, -0.7071067811865465700 ) ) ;
#3550 =( LENGTH_UNIT ( ) NAMED_UNIT ( * ) SI_UNIT ( .MILLI., .METRE. ) );
#3551 = PRESENTATION_LAYER_ASSIGNMENT (  '', '', ( #2889 ) ) ;
#3552 = MECHANICAL_DESIGN_GEOMETRIC_PRESENTATION_REPRESENTATION (  '', ( #2891 ), #3895 ) ;
#3553 = SURFACE_SIDE_STYLE ('',( #5766 ) ) ;
#3554 = DIRECTION ( 'NONE',  ( -0.0000000000000000000, -1.000000000000000000, -0.0000000000000000000 ) ) ;
#3555 = VECTOR ( 'NONE', #294, 1000.000000000000000 ) ;
#3556 =( NAMED_UNIT ( * ) PLANE_ANGLE_UNIT ( ) SI_UNIT ( $, .RADIAN. ) );
#3557 = ORIENTED_EDGE ( 'NONE', *, *, #1327, .F. ) ;
#3558 = ORIENTED_EDGE ( 'NONE', *, *, #2503, .T. ) ;
#3559 =( NAMED_UNIT ( * ) SI_UNIT ( $, .STERADIAN. ) SOLID_ANGLE_UNIT ( ) );
#3560 = EDGE_CURVE ( 'NONE', #2904, #6366, #2610, .T. ) ;
#3561 = FILL_AREA_STYLE_COLOUR ( '', #839 ) ;
#3562 = ADVANCED_FACE ( 'NONE', ( #1266 ), #2506, .T. ) ;
#3563 = AXIS2_PLACEMENT_3D ( 'NONE', #2843, #5797, #2288 ) ;
#3564 = FILL_AREA_STYLE ('',( #3059 ) ) ;
#3565 = EDGE_LOOP ( 'NONE', ( #5099, #789, #1141, #3808 ) ) ;
#3566 = MECHANICAL_DESIGN_GEOMETRIC_PRESENTATION_REPRESENTATION (  '', ( #2129 ), #3902 ) ;
#3567 = DIRECTION ( 'NONE',  ( 2.059984127722461900E-014, 0.0000000000000000000, 1.000000000000000000 ) ) ;
#3568 = ORIENTED_EDGE ( 'NONE', *, *, #4932, .F. ) ;
#3569 = FACE_OUTER_BOUND ( 'NONE', #1895, .T. ) ;
#3570 = ORIENTED_EDGE ( 'NONE', *, *, #5026, .F. ) ;
#3571 = CARTESIAN_POINT ( 'NONE',  ( 1.174999999999999600, 0.5200000000000000200, -1.149999999999993500 ) ) ;
#3572 = CARTESIAN_POINT ( 'NONE',  ( -1.125000000000000000, 0.0000000000000000000, 1.150000000000007500 ) ) ;
#3573 = FILL_AREA_STYLE ('',( #3088 ) ) ;
#3574 = VECTOR ( 'NONE', #3070, 1000.000000000000000 ) ;
#3575 = CARTESIAN_POINT ( 'NONE',  ( -0.8749999999999996700, 0.02000000000000000000, 1.350000000000003400 ) ) ;
#3576 = DIRECTION ( 'NONE',  ( -0.0000000000000000000, -1.000000000000000000, 0.0000000000000000000 ) ) ;
#3577 = VECTOR ( 'NONE', #5088, 1000.000000000000000 ) ;
#3578 = LINE ( 'NONE', #2311, #6204 ) ;
#3579 = VECTOR ( 'NONE', #4880, 1000.000000000000000 ) ;
#3580 = ORIENTED_EDGE ( 'NONE', *, *, #751, .F. ) ;
#3581 = MECHANICAL_DESIGN_GEOMETRIC_PRESENTATION_REPRESENTATION (  '', ( #2915 ), #3911 ) ;
#3582 = SURFACE_STYLE_FILL_AREA ( #1902 ) ;
#3583 = FACE_OUTER_BOUND ( 'NONE', #2172, .T. ) ;
#3584 = ORIENTED_EDGE ( 'NONE', *, *, #3176, .T. ) ;
#3585 = AXIS2_PLACEMENT_3D ( 'NONE', #3194, #151, #3682 ) ;
#3586 = FACE_OUTER_BOUND ( 'NONE', #2686, .T. ) ;
#3587 = PRESENTATION_LAYER_ASSIGNMENT (  '', '', ( #2931 ) ) ;
#3588 = LINE ( 'NONE', #2670, #2258 ) ;
#3589 = SURFACE_STYLE_USAGE ( .BOTH. , #53 ) ;
#3590 = DIRECTION ( 'NONE',  ( -0.0000000000000000000, -1.000000000000000000, 0.0000000000000000000 ) ) ;
#3591 = ADVANCED_FACE ( 'NONE', ( #4612 ), #502, .T. ) ;
#3592 = EDGE_CURVE ( 'NONE', #1028, #1760, #5464, .T. ) ;
#3593 = DIRECTION ( 'NONE',  ( 1.000000000000000000, 0.0000000000000000000, 0.0000000000000000000 ) ) ;
#3594 = CARTESIAN_POINT ( 'NONE',  ( 0.9124999999999982000, 0.02000000000000000000, -0.9125000000000007500 ) ) ;
#3595 = FILL_AREA_STYLE_COLOUR ( '', #6043 ) ;
#3596 =( GEOMETRIC_REPRESENTATION_CONTEXT ( 3 ) GLOBAL_UNCERTAINTY_ASSIGNED_CONTEXT ( ( #353 ) ) GLOBAL_UNIT_ASSIGNED_CONTEXT ( ( #2644, #6101, #3157 ) ) REPRESENTATION_CONTEXT ( 'NONE', 'WORKASPACE' ) );
#3597 = AXIS2_PLACEMENT_3D ( 'NONE', #5421, #3007, #5372 ) ;
#3598 = VERTEX_POINT ( 'NONE', #1037 ) ;
#3599 = CIRCLE ( 'NONE', #888, 0.04999999999999991300 ) ;
#3600 = COLOUR_RGB ( '',0.7529411764705882200, 0.7529411764705882200, 0.7529411764705882200 ) ;
#3601 = DIRECTION ( 'NONE',  ( -0.0000000000000000000, -1.000000000000000000, 0.0000000000000000000 ) ) ;
#3602 = ORIENTED_EDGE ( 'NONE', *, *, #1508, .F. ) ;
#3603 = CARTESIAN_POINT ( 'NONE',  ( 1.479999999999999800, 0.5500000000000000400, -1.480000000000000000 ) ) ;
#3604 = VECTOR ( 'NONE', #3150, 1000.000000000000000 ) ;
#3605 = LINE ( 'NONE', #959, #6240 ) ;
#3606 = ADVANCED_FACE ( 'NONE', ( #312 ), #1035, .T. ) ;
#3607 = VERTEX_POINT ( 'NONE', #1570 ) ;
#3608 = EDGE_LOOP ( 'NONE', ( #1929, #3086, #718, #3128 ) ) ;
#3609 = STYLED_ITEM ( 'NONE', ( #4720 ), #6489 ) ;
#3610 = LINE ( 'NONE', #2468, #3445 ) ;
#3611 = DIRECTION ( 'NONE',  ( -0.0000000000000000000, -1.000000000000000000, -0.0000000000000000000 ) ) ;
#3612 = COLOUR_RGB ( '',0.7529411764705882200, 0.7529411764705882200, 0.7529411764705882200 ) ;
#3613 = SURFACE_STYLE_USAGE ( .BOTH. , #89 ) ;
#3614 = DIRECTION ( 'NONE',  ( 0.0000000000000000000, 0.0000000000000000000, -1.000000000000000000 ) ) ;
#3615 = ORIENTED_EDGE ( 'NONE', *, *, #1943, .T. ) ;
#3616 = CARTESIAN_POINT ( 'NONE',  ( 1.125000000000002000, 0.02000000000000000000, 1.219727444046199600E-015 ) ) ;
#3617 =( GEOMETRIC_REPRESENTATION_CONTEXT ( 3 ) GLOBAL_UNCERTAINTY_ASSIGNED_CONTEXT ( ( #2300 ) ) GLOBAL_UNIT_ASSIGNED_CONTEXT ( ( #2343, #5802, #2854 ) ) REPRESENTATION_CONTEXT ( 'NONE', 'WORKASPACE' ) );
#3618 = SURFACE_SIDE_STYLE ('',( #852 ) ) ;
#3619 = ORIENTED_EDGE ( 'NONE', *, *, #5173, .F. ) ;
#3620 = LINE ( 'NONE', #1492, #2132 ) ;
#3621 = LINE ( 'NONE', #4736, #4764 ) ;
#3622 = DIRECTION ( 'NONE',  ( 1.000000000000000000, -0.0000000000000000000, 0.0000000000000000000 ) ) ;
#3623 = VERTEX_POINT ( 'NONE', #5534 ) ;
#3624 = EDGE_CURVE ( 'NONE', #1912, #67, #2356, .T. ) ;
#3625 =( NAMED_UNIT ( * ) SI_UNIT ( $, .STERADIAN. ) SOLID_ANGLE_UNIT ( ) );
#3626 = AXIS2_PLACEMENT_3D ( 'NONE', #4891, #1917, #935 ) ;
#3627 = EDGE_LOOP ( 'NONE', ( #173, #4324, #2617, #692 ) ) ;
#3628 =( NAMED_UNIT ( * ) PLANE_ANGLE_UNIT ( ) SI_UNIT ( $, .RADIAN. ) );
#3629 =( GEOMETRIC_REPRESENTATION_CONTEXT ( 3 ) GLOBAL_UNCERTAINTY_ASSIGNED_CONTEXT ( ( #924 ) ) GLOBAL_UNIT_ASSIGNED_CONTEXT ( ( #5081, #3315, #3812 ) ) REPRESENTATION_CONTEXT ( 'NONE', 'WORKASPACE' ) );
#3630 = VECTOR ( 'NONE', #6188, 1000.000000000000000 ) ;
#3631 = ORIENTED_EDGE ( 'NONE', *, *, #4201, .T. ) ;
#3632 = EDGE_CURVE ( 'NONE', #409, #125, #6337, .T. ) ;
#3633 = CIRCLE ( 'NONE', #2498, 0.02000000000000005200 ) ;
#3634 =( LENGTH_UNIT ( ) NAMED_UNIT ( * ) SI_UNIT ( .MILLI., .METRE. ) );
#3635 = FILL_AREA_STYLE_COLOUR ( '', #4265 ) ;
#3636 = AXIS2_PLACEMENT_3D ( 'NONE', #971, #4942, #4471 ) ;
#3637 = VERTEX_POINT ( 'NONE', #5030 ) ;
#3638 = FILL_AREA_STYLE ('',( #649 ) ) ;
#3639 =( GEOMETRIC_REPRESENTATION_CONTEXT ( 3 ) GLOBAL_UNCERTAINTY_ASSIGNED_CONTEXT ( ( #3177 ) ) GLOBAL_UNIT_ASSIGNED_CONTEXT ( ( #2489, #1484, #5014 ) ) REPRESENTATION_CONTEXT ( 'NONE', 'WORKASPACE' ) );
#3640 = DIRECTION ( 'NONE',  ( -1.000000000000000000, 0.0000000000000000000, 0.0000000000000000000 ) ) ;
#3641 =( NAMED_UNIT ( * ) PLANE_ANGLE_UNIT ( ) SI_UNIT ( $, .RADIAN. ) );
#3642 = FILL_AREA_STYLE ('',( #2641 ) ) ;
#3643 = SURFACE_STYLE_FILL_AREA ( #860 ) ;
#3644 = ORIENTED_EDGE ( 'NONE', *, *, #249, .T. ) ;
#3645 = FILL_AREA_STYLE ('',( #4975 ) ) ;
#3646 = FACE_OUTER_BOUND ( 'NONE', #132, .T. ) ;
#3647 = EDGE_CURVE ( 'NONE', #5037, #72, #3693, .T. ) ;
#3648 = CIRCLE ( 'NONE', #5445, 0.05000000000000012800 ) ;
#3649 = CARTESIAN_POINT ( 'NONE',  ( 0.1250000000000002200, 0.02000000000000000000, -3.388131789017220500E-017 ) ) ;
#3650 = VERTEX_POINT ( 'NONE', #4519 ) ;
#3651 = CLOSED_SHELL ( 'NONE', ( #4105, #1927, #1136, #1187, #5452, #4658, #2548, #6160, #3122, #1067 ) ) ;
#3652 = UNCERTAINTY_MEASURE_WITH_UNIT (LENGTH_MEASURE( 1.000000000000000100E-005 ), #5623, 'distance_accuracy_value', 'NONE');
#3653 = STYLED_ITEM ( 'NONE', ( #2136 ), #3591 ) ;
#3654 =( GEOMETRIC_REPRESENTATION_CONTEXT ( 3 ) GLOBAL_UNCERTAINTY_ASSIGNED_CONTEXT ( ( #6209 ) ) GLOBAL_UNIT_ASSIGNED_CONTEXT ( ( #3981, #991, #4470 ) ) REPRESENTATION_CONTEXT ( 'NONE', 'WORKASPACE' ) );
#3655 = LINE ( 'NONE', #1301, #6118 ) ;
#3656 = COLOUR_RGB ( '',0.2509803921568627400, 0.2509803921568627400, 0.2509803921568627400 ) ;
#3657 = PLANE ( 'NONE',  #1493 ) ;
#3658 = ORIENTED_EDGE ( 'NONE', *, *, #5897, .F. ) ;
#3659 = CARTESIAN_POINT ( 'NONE',  ( -1.499999999999999600, 0.5300000000000000300, 1.500000000000000000 ) ) ;
#3660 = DIRECTION ( 'NONE',  ( -0.0000000000000000000, -1.000000000000000000, 0.0000000000000000000 ) ) ;
#3661 = DIRECTION ( 'NONE',  ( 0.0000000000000000000, 0.0000000000000000000, -1.000000000000000000 ) ) ;
#3662 = FILL_AREA_STYLE_COLOUR ( '', #2477 ) ;
#3663 = COLOUR_RGB ( '',0.7529411764705882200, 0.7529411764705882200, 0.7529411764705882200 ) ;
#3664 =( NAMED_UNIT ( * ) PLANE_ANGLE_UNIT ( ) SI_UNIT ( $, .RADIAN. ) );
#3665 = FACE_OUTER_BOUND ( 'NONE', #569, .T. ) ;
#3666 = EDGE_CURVE ( 'NONE', #157, #4187, #2206, .T. ) ;
#3667 = VERTEX_POINT ( 'NONE', #3115 ) ;
#3668 = DIRECTION ( 'NONE',  ( -1.000000000000000000, 0.0000000000000000000, 0.0000000000000000000 ) ) ;
#3669 = UNCERTAINTY_MEASURE_WITH_UNIT (LENGTH_MEASURE( 1.000000000000000100E-005 ), #4314, 'distance_accuracy_value', 'NONE');
#3670 = SURFACE_STYLE_USAGE ( .BOTH. , #130 ) ;
#3671 = CIRCLE ( 'NONE', #4315, 0.04999999999999991300 ) ;
#3672 = PRESENTATION_LAYER_ASSIGNMENT (  '', '', ( #3015 ) ) ;
#3673 = FILL_AREA_STYLE ('',( #661 ) ) ;
#3674 = UNCERTAINTY_MEASURE_WITH_UNIT (LENGTH_MEASURE( 1.000000000000000100E-005 ), #5281, 'distance_accuracy_value', 'NONE');
#3675 = DIRECTION ( 'NONE',  ( 0.0000000000000000000, -0.0000000000000000000, 1.000000000000000000 ) ) ;
#3676 = MECHANICAL_DESIGN_GEOMETRIC_PRESENTATION_REPRESENTATION (  '', ( #2336 ), #4011 ) ;
#3677 = STYLED_ITEM ( 'NONE', ( #2057 ), #2261 ) ;
#3678 = FILL_AREA_STYLE_COLOUR ( '', #4712 ) ;
#3679 = SURFACE_STYLE_USAGE ( .BOTH. , #2169 ) ;
#3680 = CIRCLE ( 'NONE', #1194, 0.05000000000000012800 ) ;
#3681 = EDGE_CURVE ( 'NONE', #1531, #2969, #3540, .T. ) ;
#3682 = DIRECTION ( 'NONE',  ( -1.000000000000000000, 0.0000000000000000000, 0.0000000000000000000 ) ) ;
#3683 =( LENGTH_UNIT ( ) NAMED_UNIT ( * ) SI_UNIT ( .MILLI., .METRE. ) );
#3684 = EDGE_LOOP ( 'NONE', ( #4195, #4074, #4089, #42 ) ) ;
#3685 = ADVANCED_FACE ( 'NONE', ( #4832 ), #4102, .F. ) ;
#3686 = ORIENTED_EDGE ( 'NONE', *, *, #3135, .F. ) ;
#3687 = STYLED_ITEM ( 'NONE', ( #4627 ), #3243 ) ;
#3688 = DIRECTION ( 'NONE',  ( -1.000000000000000000, 0.0000000000000000000, 0.0000000000000000000 ) ) ;
#3689 = EDGE_LOOP ( 'NONE', ( #272, #4391, #5370, #4283 ) ) ;
#3690 = SURFACE_STYLE_USAGE ( .BOTH. , #5278 ) ;
#3691 = ORIENTED_EDGE ( 'NONE', *, *, #4347, .F. ) ;
#3692 = CARTESIAN_POINT ( 'NONE',  ( 0.8749999999999995600, 0.02000000000000000000, -1.349999999999996300 ) ) ;
#3693 = CIRCLE ( 'NONE', #1172, 0.04999999999999991300 ) ;
#3694 = VERTEX_POINT ( 'NONE', #1641 ) ;
#3695 = DIRECTION ( 'NONE',  ( 0.0000000000000000000, 0.0000000000000000000, -1.000000000000000000 ) ) ;
#3696 = DIRECTION ( 'NONE',  ( -0.0000000000000000000, -1.000000000000000000, 0.0000000000000000000 ) ) ;
#3697 = DIRECTION ( 'NONE',  ( 0.0000000000000000000, 0.0000000000000000000, 1.000000000000000000 ) ) ;
#3698 = SURFACE_SIDE_STYLE ('',( #2011 ) ) ;
#3699 = ORIENTED_EDGE ( 'NONE', *, *, #651, .F. ) ;
#3700 = VERTEX_POINT ( 'NONE', #1128 ) ;
#3701 = LINE ( 'NONE', #1091, #6345 ) ;
#3702 = MECHANICAL_DESIGN_GEOMETRIC_PRESENTATION_REPRESENTATION (  '', ( #3058 ), #4046 ) ;
#3703 = LINE ( 'NONE', #1168, #2368 ) ;
#3704 = DIRECTION ( 'NONE',  ( 0.0000000000000000000, -1.000000000000000000, 0.0000000000000000000 ) ) ;
#3705 = CARTESIAN_POINT ( 'NONE',  ( 0.3749999999999989500, 0.02000000000000000000, 2.032879073410323300E-016 ) ) ;
#3706 = FACE_OUTER_BOUND ( 'NONE', #481, .T. ) ;
#3707 =( LENGTH_UNIT ( ) NAMED_UNIT ( * ) SI_UNIT ( .MILLI., .METRE. ) );
#3708 = EDGE_LOOP ( 'NONE', ( #5424, #5009, #1043, #5972 ) ) ;
#3709 = EDGE_LOOP ( 'NONE', ( #4111, #5886, #1880, #879, #1924, #6198, #1827, #3602 ) ) ;
#3710 = AXIS2_PLACEMENT_3D ( 'NONE', #564, #4072, #1083 ) ;
#3711 = FILL_AREA_STYLE ('',( #3223 ) ) ;
#3712 = DIRECTION ( 'NONE',  ( 0.0000000000000000000, 0.0000000000000000000, -1.000000000000000000 ) ) ;
#3713 = STYLED_ITEM ( 'NONE', ( #6419 ), #1883 ) ;
#3714 = VECTOR ( 'NONE', #4398, 1000.000000000000000 ) ;
#3715 = ORIENTED_EDGE ( 'NONE', *, *, #1787, .T. ) ;
#3716 = EDGE_CURVE ( 'NONE', #179, #3694, #5546, .T. ) ;
#3717 = CARTESIAN_POINT ( 'NONE',  ( -0.8249999999999999600, 0.0000000000000000000, -1.349999999999996300 ) ) ;
#3718 = FILL_AREA_STYLE_COLOUR ( '', #4 ) ;
#3719 = SURFACE_SIDE_STYLE ('',( #1934 ) ) ;
#3720 = CARTESIAN_POINT ( 'NONE',  ( 1.325000000000000600, 0.02000000000000000000, 1.150000000000006400 ) ) ;
#3721 = ADVANCED_FACE ( 'NONE', ( #4236 ), #6250, .T. ) ;
#3722 = COLOUR_RGB ( '',0.7529411764705882200, 0.7529411764705882200, 0.7529411764705882200 ) ;
#3723 = STYLED_ITEM ( 'NONE', ( #4133 ), #5497 ) ;
#3724 = ORIENTED_EDGE ( 'NONE', *, *, #6329, .F. ) ;
#3725 = VECTOR ( 'NONE', #5669, 1000.000000000000000 ) ;
#3726 = STYLED_ITEM ( 'NONE', ( #4716 ), #2938 ) ;
#3727 =( LENGTH_UNIT ( ) NAMED_UNIT ( * ) SI_UNIT ( .MILLI., .METRE. ) );
#3728 = DIRECTION ( 'NONE',  ( 0.0000000000000000000, 0.0000000000000000000, 1.000000000000000000 ) ) ;
#3729 = AXIS2_PLACEMENT_3D ( 'NONE', #4106, #3139, #2706 ) ;
#3730 = CARTESIAN_POINT ( 'NONE',  ( -1.500000000000000200, 0.5500000000000000400, -1.480000000000000000 ) ) ;
#3731 = CARTESIAN_POINT ( 'NONE',  ( 0.6749999999999996000, 0.02000000000000000000, -1.349999999999996500 ) ) ;
#3732 = VECTOR ( 'NONE', #4952, 1000.000000000000000 ) ;
#3733 = PRESENTATION_LAYER_ASSIGNMENT (  '', '', ( #3403 ) ) ;
#3734 =( NAMED_UNIT ( * ) PLANE_ANGLE_UNIT ( ) SI_UNIT ( $, .RADIAN. ) );
#3735 = ORIENTED_EDGE ( 'NONE', *, *, #1864, .F. ) ;
#3736 = DIRECTION ( 'NONE',  ( 0.0000000000000000000, 1.000000000000000000, -0.0000000000000000000 ) ) ;
#3737 = PRESENTATION_STYLE_ASSIGNMENT (( #2696 ) ) ;
#3738 = ORIENTED_EDGE ( 'NONE', *, *, #4122, .T. ) ;
#3739 = SPHERICAL_SURFACE ( 'NONE', #4512, 0.02000000000000000000 ) ;
#3740 = CARTESIAN_POINT ( 'NONE',  ( -0.6750000000000001600, 0.0000000000000000000, 1.400000000000003700 ) ) ;
#3741 = UNCERTAINTY_MEASURE_WITH_UNIT (LENGTH_MEASURE( 1.000000000000000100E-005 ), #1649, 'distance_accuracy_value', 'NONE');
#3742 = LINE ( 'NONE', #4126, #6215 ) ;
#3743 = VERTEX_POINT ( 'NONE', #4597 ) ;
#3744 = CARTESIAN_POINT ( 'NONE',  ( -0.8249999999999992900, 0.0000000000000000000, 1.400000000000003700 ) ) ;
#3745 = FILL_AREA_STYLE ('',( #3678 ) ) ;
#3746 = MECHANICAL_DESIGN_GEOMETRIC_PRESENTATION_REPRESENTATION (  '', ( #2394 ), #4076 ) ;
#3747 = UNCERTAINTY_MEASURE_WITH_UNIT (LENGTH_MEASURE( 1.000000000000000100E-005 ), #1147, 'distance_accuracy_value', 'NONE');
#3748 =( NAMED_UNIT ( * ) PLANE_ANGLE_UNIT ( ) SI_UNIT ( $, .RADIAN. ) );
#3749 = EDGE_CURVE ( 'NONE', #1687, #3095, #3776, .T. ) ;
#3750 = PRESENTATION_STYLE_ASSIGNMENT (( #2977 ) ) ;
#3751 = FILL_AREA_STYLE_COLOUR ( '', #239 ) ;
#3752 = DIRECTION ( 'NONE',  ( 1.445602896647339200E-016, -0.0000000000000000000, 1.000000000000000000 ) ) ;
#3753 = STYLED_ITEM ( 'NONE', ( #3116 ), #1290 ) ;
#3754 = CARTESIAN_POINT ( 'NONE',  ( 1.479999999999999800, 0.5500000000000000400, -1.500000000000000000 ) ) ;
#3755 = VECTOR ( 'NONE', #1, 1000.000000000000000 ) ;
#3756 = ORIENTED_EDGE ( 'NONE', *, *, #3624, .F. ) ;
#3757 = PLANE ( 'NONE',  #5656 ) ;
#3758 =( LENGTH_UNIT ( ) NAMED_UNIT ( * ) SI_UNIT ( .MILLI., .METRE. ) );
#3759 = EDGE_CURVE ( 'NONE', #2080, #2001, #1113, .T. ) ;
#3760 = PRESENTATION_STYLE_ASSIGNMENT (( #6454 ) ) ;
#3761 = AXIS2_PLACEMENT_3D ( 'NONE', #3866, #846, #4352 ) ;
#3762 =( GEOMETRIC_REPRESENTATION_CONTEXT ( 3 ) GLOBAL_UNCERTAINTY_ASSIGNED_CONTEXT ( ( #3389 ) ) GLOBAL_UNIT_ASSIGNED_CONTEXT ( ( #376, #2922, #2330 ) ) REPRESENTATION_CONTEXT ( 'NONE', 'WORKASPACE' ) );
#3763 = ORIENTED_EDGE ( 'NONE', *, *, #3836, .T. ) ;
#3764 = DIRECTION ( 'NONE',  ( -0.0000000000000000000, -1.000000000000000000, -0.0000000000000000000 ) ) ;
#3765 = LINE ( 'NONE', #5253, #2423 ) ;
#3766 = SURFACE_SIDE_STYLE ('',( #3974 ) ) ;
#3767 = ORIENTED_EDGE ( 'NONE', *, *, #2093, .F. ) ;
#3768 = EDGE_CURVE ( 'NONE', #1687, #5037, #3703, .T. ) ;
#3769 =( LENGTH_UNIT ( ) NAMED_UNIT ( * ) SI_UNIT ( .MILLI., .METRE. ) );
#3770 = VECTOR ( 'NONE', #2871, 1000.000000000000000 ) ;
#3771 = CARTESIAN_POINT ( 'NONE',  ( 1.325000000000000200, 0.02000000000000000000, 1.400000000000006400 ) ) ;
#3772 = ADVANCED_FACE ( 'NONE', ( #5065 ), #3548, .T. ) ;
#3773 = STYLED_ITEM ( 'NONE', ( #4840 ), #3520 ) ;
#3774 =( NAMED_UNIT ( * ) PLANE_ANGLE_UNIT ( ) SI_UNIT ( $, .RADIAN. ) );
#3775 = MECHANICAL_DESIGN_GEOMETRIC_PRESENTATION_REPRESENTATION (  '', ( #2781 ), #4112 ) ;
#3776 = LINE ( 'NONE', #6120, #4912 ) ;
#3777 = ORIENTED_EDGE ( 'NONE', *, *, #2711, .T. ) ;
#3778 = ORIENTED_EDGE ( 'NONE', *, *, #5560, .F. ) ;
#3779 = DIRECTION ( 'NONE',  ( -1.000000000000000000, 0.0000000000000000000, 0.0000000000000000000 ) ) ;
#3780 = FILL_AREA_STYLE_COLOUR ( '', #1607 ) ;
#3781 = COLOUR_RGB ( '',0.7529411764705882200, 0.7529411764705882200, 0.7529411764705882200 ) ;
#3782 = ORIENTED_EDGE ( 'NONE', *, *, #433, .F. ) ;
#3783 = CARTESIAN_POINT ( 'NONE',  ( -0.1250000000000003300, 0.02000000000000000000, -3.388131789017223500E-017 ) ) ;
#3784 = ORIENTED_EDGE ( 'NONE', *, *, #2030, .F. ) ;
#3785 = FILL_AREA_STYLE_COLOUR ( '', #129 ) ;
#3786 = SURFACE_STYLE_USAGE ( .BOTH. , #1808 ) ;
#3787 = DIRECTION ( 'NONE',  ( -0.0000000000000000000, -1.000000000000000000, -0.0000000000000000000 ) ) ;
#3788 = VECTOR ( 'NONE', #5410, 1000.000000000000000 ) ;
#3789 = VERTEX_POINT ( 'NONE', #3198 ) ;
#3790 = EDGE_CURVE ( 'NONE', #5276, #3789, #1047, .T. ) ;
#3791 = SURFACE_STYLE_FILL_AREA ( #3398 ) ;
#3792 = CARTESIAN_POINT ( 'NONE',  ( 1.480000000000000200, 0.04000000000000000100, 1.480000000000000000 ) ) ;
#3793 = DIRECTION ( 'NONE',  ( 0.0000000000000000000, 0.0000000000000000000, -1.000000000000000000 ) ) ;
#3794 = CIRCLE ( 'NONE', #4865, 0.04999999999999991300 ) ;
#3795 = ORIENTED_EDGE ( 'NONE', *, *, #3034, .F. ) ;
#3796 = CARTESIAN_POINT ( 'NONE',  ( -1.324999999999999700, 0.02000000000000000000, -1.399999999999992800 ) ) ;
#3797 = CARTESIAN_POINT ( 'NONE',  ( 1.325000000000000600, 0.02000000000000000000, 1.150000000000006400 ) ) ;
#3798 = AXIS2_PLACEMENT_3D ( 'NONE', #2717, #1007, #5108 ) ;
#3799 = LINE ( 'NONE', #2920, #2309 ) ;
#3800 = DIRECTION ( 'NONE',  ( 1.000000000000000000, -0.0000000000000000000, 5.421010862427544800E-016 ) ) ;
#3801 = VERTEX_POINT ( 'NONE', #672 ) ;
#3802 = ORIENTED_EDGE ( 'NONE', *, *, #3225, .T. ) ;
#3803 = DIRECTION ( 'NONE',  ( 0.0000000000000000000, 0.0000000000000000000, -1.000000000000000000 ) ) ;
#3804 =( LENGTH_UNIT ( ) NAMED_UNIT ( * ) SI_UNIT ( .MILLI., .METRE. ) );
#3805 = LINE ( 'NONE', #1909, #6278 ) ;
#3806 = ORIENTED_EDGE ( 'NONE', *, *, #6075, .F. ) ;
#3807 = MECHANICAL_DESIGN_GEOMETRIC_PRESENTATION_REPRESENTATION (  '', ( #2806 ), #4131 ) ;
#3808 = ORIENTED_EDGE ( 'NONE', *, *, #2432, .T. ) ;
#3809 = STYLED_ITEM ( 'NONE', ( #69 ), #2102 ) ;
#3810 = CARTESIAN_POINT ( 'NONE',  ( -1.480000000000000200, 0.03999999999999999400, -1.500000000000000000 ) ) ;
#3811 = EDGE_CURVE ( 'NONE', #3879, #4095, #6172, .T. ) ;
#3812 =( NAMED_UNIT ( * ) SI_UNIT ( $, .STERADIAN. ) SOLID_ANGLE_UNIT ( ) );
#3813 = DIRECTION ( 'NONE',  ( 0.0000000000000000000, 0.0000000000000000000, -1.000000000000000000 ) ) ;
#3814 = MECHANICAL_DESIGN_GEOMETRIC_PRESENTATION_REPRESENTATION (  '', ( #3155 ), #4143 ) ;
#3815 = SURFACE_STYLE_FILL_AREA ( #2124 ) ;
#3816 = ORIENTED_EDGE ( 'NONE', *, *, #4624, .F. ) ;
#3817 = DIRECTION ( 'NONE',  ( 0.0000000000000000000, 0.0000000000000000000, 1.000000000000000000 ) ) ;
#3818 =( LENGTH_UNIT ( ) NAMED_UNIT ( * ) SI_UNIT ( .MILLI., .METRE. ) );
#3819 = FILL_AREA_STYLE_COLOUR ( '', #3416 ) ;
#3820 = SURFACE_SIDE_STYLE ('',( #3915 ) ) ;
#3821 = VECTOR ( 'NONE', #2479, 1000.000000000000000 ) ;
#3822 = LINE ( 'NONE', #5158, #5106 ) ;
#3823 = PLANE ( 'NONE',  #712 ) ;
#3824 = VERTEX_POINT ( 'NONE', #2704 ) ;
#3825 = DIRECTION ( 'NONE',  ( 0.0000000000000000000, 0.0000000000000000000, -1.000000000000000000 ) ) ;
#3826 = CARTESIAN_POINT ( 'NONE',  ( -1.500000000000000200, 0.5500000000000000400, -1.480000000000000000 ) ) ;
#3827 = VERTEX_POINT ( 'NONE', #3217 ) ;
#3828 = CARTESIAN_POINT ( 'NONE',  ( 1.175000000000001200, 0.0000000000000000000, 1.100000000000006300 ) ) ;
#3829 = DIRECTION ( 'NONE',  ( 0.0000000000000000000, 0.0000000000000000000, -1.000000000000000000 ) ) ;
#3830 = CIRCLE ( 'NONE', #6310, 0.1200000000000000900 ) ;
#3831 = DIRECTION ( 'NONE',  ( 1.000000000000000000, 0.0000000000000000000, -1.445602896647343600E-015 ) ) ;
#3832 = VECTOR ( 'NONE', #33, 1000.000000000000000 ) ;
#3833 = SURFACE_STYLE_USAGE ( .BOTH. , #308 ) ;
#3834 = STYLED_ITEM ( 'NONE', ( #1109 ), #515 ) ;
#3835 = FILL_AREA_STYLE_COLOUR ( '', #2053 ) ;
#3836 = EDGE_CURVE ( 'NONE', #1330, #3925, #4697, .T. ) ;
#3837 = FILL_AREA_STYLE_COLOUR ( '', #6416 ) ;
#3838 =( LENGTH_UNIT ( ) NAMED_UNIT ( * ) SI_UNIT ( .MILLI., .METRE. ) );
#3839 = CYLINDRICAL_SURFACE ( 'NONE', #4888, 0.04999999999999991300 ) ;
#3840 = SURFACE_STYLE_USAGE ( .BOTH. , #315 ) ;
#3841 = DIRECTION ( 'NONE',  ( 0.0000000000000000000, 0.0000000000000000000, 1.000000000000000000 ) ) ;
#3842 = AXIS2_PLACEMENT_3D ( 'NONE', #4431, #1457, #4924 ) ;
#3843 = ORIENTED_EDGE ( 'NONE', *, *, #4759, .T. ) ;
#3844 = MECHANICAL_DESIGN_GEOMETRIC_PRESENTATION_REPRESENTATION (  '', ( #3182 ), #4162 ) ;
#3845 = COLOUR_RGB ( '',0.7529411764705882200, 0.7529411764705882200, 0.7529411764705882200 ) ;
#3846 = ORIENTED_EDGE ( 'NONE', *, *, #6329, .T. ) ;
#3847 = FACE_OUTER_BOUND ( 'NONE', #5135, .T. ) ;
#3848 = ADVANCED_FACE ( 'NONE', ( #4841 ), #694, .F. ) ;
#3849 = FILL_AREA_STYLE ('',( #6312 ) ) ;
#3850 = EDGE_CURVE ( 'NONE', #4521, #5948, #2936, .T. ) ;
#3851 = ORIENTED_EDGE ( 'NONE', *, *, #3506, .F. ) ;
#3852 = SURFACE_STYLE_FILL_AREA ( #3573 ) ;
#3853 = CARTESIAN_POINT ( 'NONE',  ( 0.0000000000000000000, 0.02000000000000000000, 1.400000000000000100 ) ) ;
#3854 = PRESENTATION_LAYER_ASSIGNMENT (  '', '', ( #3191 ) ) ;
#3855 =( GEOMETRIC_REPRESENTATION_CONTEXT ( 3 ) GLOBAL_UNCERTAINTY_ASSIGNED_CONTEXT ( ( #3652 ) ) GLOBAL_UNIT_ASSIGNED_CONTEXT ( ( #5623, #3167, #4638 ) ) REPRESENTATION_CONTEXT ( 'NONE', 'WORKASPACE' ) );
#3856 = ORIENTED_EDGE ( 'NONE', *, *, #1864, .T. ) ;
#3857 = SURFACE_SIDE_STYLE ('',( #1621 ) ) ;
#3858 = DIRECTION ( 'NONE',  ( 0.0000000000000000000, 0.0000000000000000000, 1.000000000000000000 ) ) ;
#3859 = FACE_OUTER_BOUND ( 'NONE', #2521, .T. ) ;
#3860 = STYLED_ITEM ( 'NONE', ( #655 ), #10 ) ;
#3861 = PRESENTATION_STYLE_ASSIGNMENT (( #2292 ) ) ;
#3862 = DIRECTION ( 'NONE',  ( 0.0000000000000000000, 1.000000000000000000, -0.0000000000000000000 ) ) ;
#3863 = ORIENTED_EDGE ( 'NONE', *, *, #5653, .F. ) ;
#3864 = DIRECTION ( 'NONE',  ( 0.0000000000000000000, 1.000000000000000000, -0.0000000000000000000 ) ) ;
#3865 = CARTESIAN_POINT ( 'NONE',  ( -0.6750000000000000400, 0.0000000000000000000, -1.149999999999996400 ) ) ;
#3866 = CARTESIAN_POINT ( 'NONE',  ( -1.275000000000000100, 0.02000000000000000000, 1.974796814170025800E-016 ) ) ;
#3867 = AXIS2_PLACEMENT_3D ( 'NONE', #2411, #5875, #2934 ) ;
#3868 = ORIENTED_EDGE ( 'NONE', *, *, #5993, .F. ) ;
#3869 = SURFACE_STYLE_USAGE ( .BOTH. , #344 ) ;
#3870 = ORIENTED_EDGE ( 'NONE', *, *, #3516, .T. ) ;
#3871 = ORIENTED_EDGE ( 'NONE', *, *, #2459, .T. ) ;
#3872 = UNCERTAINTY_MEASURE_WITH_UNIT (LENGTH_MEASURE( 1.000000000000000100E-005 ), #1469, 'distance_accuracy_value', 'NONE');
#3873 = CARTESIAN_POINT ( 'NONE',  ( 1.480000000000000200, 0.5500000000000000400, 1.480000000000000000 ) ) ;
#3874 =( LENGTH_UNIT ( ) NAMED_UNIT ( * ) SI_UNIT ( .MILLI., .METRE. ) );
#3875 = FACE_OUTER_BOUND ( 'NONE', #147, .T. ) ;
#3876 = CARTESIAN_POINT ( 'NONE',  ( 1.325000000000000200, 0.0000000000000000000, 1.100000000000006300 ) ) ;
#3877 = EDGE_LOOP ( 'NONE', ( #208, #3408, #3777, #5686 ) ) ;
#3878 = ORIENTED_EDGE ( 'NONE', *, *, #1956, .F. ) ;
#3879 = VERTEX_POINT ( 'NONE', #5193 ) ;
#3880 = UNCERTAINTY_MEASURE_WITH_UNIT (LENGTH_MEASURE( 1.000000000000000100E-005 ), #5958, 'distance_accuracy_value', 'NONE');
#3881 = EDGE_CURVE ( 'NONE', #1158, #5919, #1603, .T. ) ;
#3882 = DIRECTION ( 'NONE',  ( 1.084202172485508800E-015, 0.0000000000000000000, 1.000000000000000000 ) ) ;
#3883 = SURFACE_STYLE_FILL_AREA ( #5245 ) ;
#3884 = ORIENTED_EDGE ( 'NONE', *, *, #530, .T. ) ;
#3885 = AXIS2_PLACEMENT_3D ( 'NONE', #3236, #201, #3728 ) ;
#3886 = FILL_AREA_STYLE_COLOUR ( '', #634 ) ;
#3887 = STYLED_ITEM ( 'NONE', ( #538 ), #1187 ) ;
#3888 = EDGE_LOOP ( 'NONE', ( #1406, #5933, #5297, #6033 ) ) ;
#3889 = SURFACE_SIDE_STYLE ('',( #6473 ) ) ;
#3890 = FACE_OUTER_BOUND ( 'NONE', #6229, .T. ) ;
#3891 = EDGE_CURVE ( 'NONE', #59, #5457, #4248, .T. ) ;
#3892 = FILL_AREA_STYLE_COLOUR ( '', #144 ) ;
#3893 = MECHANICAL_DESIGN_GEOMETRIC_PRESENTATION_REPRESENTATION (  '', ( #2889 ), #4213 ) ;
#3894 = DIRECTION ( 'NONE',  ( 0.0000000000000000000, -1.000000000000000000, 0.0000000000000000000 ) ) ;
#3895 =( GEOMETRIC_REPRESENTATION_CONTEXT ( 3 ) GLOBAL_UNCERTAINTY_ASSIGNED_CONTEXT ( ( #4346 ) ) GLOBAL_UNIT_ASSIGNED_CONTEXT ( ( #3498, #1542, #1491 ) ) REPRESENTATION_CONTEXT ( 'NONE', 'WORKASPACE' ) );
#3896 = LINE ( 'NONE', #6289, #6365 ) ;
#3897 = SURFACE_SIDE_STYLE ('',( #1429 ) ) ;
#3898 = EDGE_CURVE ( 'NONE', #2651, #3607, #396, .T. ) ;
#3899 = ORIENTED_EDGE ( 'NONE', *, *, #4456, .F. ) ;
#3900 = MECHANICAL_DESIGN_GEOMETRIC_PRESENTATION_REPRESENTATION (  '', ( #3239 ), #4225 ) ;
#3901 = CARTESIAN_POINT ( 'NONE',  ( -0.3749999999999996700, 0.0000000000000000000, 1.150000000000000600 ) ) ;
#3902 =( GEOMETRIC_REPRESENTATION_CONTEXT ( 3 ) GLOBAL_UNCERTAINTY_ASSIGNED_CONTEXT ( ( #204 ) ) GLOBAL_UNIT_ASSIGNED_CONTEXT ( ( #5748, #2801, #6261 ) ) REPRESENTATION_CONTEXT ( 'NONE', 'WORKASPACE' ) );
#3903 = ORIENTED_EDGE ( 'NONE', *, *, #30, .F. ) ;
#3904 = DIRECTION ( 'NONE',  ( -0.0000000000000000000, -1.000000000000000000, -0.0000000000000000000 ) ) ;
#3905 = CARTESIAN_POINT ( 'NONE',  ( -1.479999999999999500, 0.04000000000000000100, 1.480000000000000000 ) ) ;
#3906 = FILL_AREA_STYLE ('',( #6443 ) ) ;
#3907 = LINE ( 'NONE', #109, #2583 ) ;
#3908 = ORIENTED_EDGE ( 'NONE', *, *, #61, .F. ) ;
#3909 = LINE ( 'NONE', #5908, #6391 ) ;
#3910 = CARTESIAN_POINT ( 'NONE',  ( 0.6750000000000009300, 0.02000000000000000000, 1.100000000000003600 ) ) ;
#3911 =( GEOMETRIC_REPRESENTATION_CONTEXT ( 3 ) GLOBAL_UNCERTAINTY_ASSIGNED_CONTEXT ( ( #721 ) ) GLOBAL_UNIT_ASSIGNED_CONTEXT ( ( #3319, #6276, #2814 ) ) REPRESENTATION_CONTEXT ( 'NONE', 'WORKASPACE' ) );
#3912 = UNCERTAINTY_MEASURE_WITH_UNIT (LENGTH_MEASURE( 1.000000000000000100E-005 ), #5718, 'distance_accuracy_value', 'NONE');
#3913 = PLANE ( 'NONE',  #4051 ) ;
#3914 = VERTEX_POINT ( 'NONE', #2236 ) ;
#3915 = SURFACE_STYLE_FILL_AREA ( #289 ) ;
#3916 = DIRECTION ( 'NONE',  ( -5.421010862427544800E-016, 0.0000000000000000000, -1.000000000000000000 ) ) ;
#3917 = AXIS2_PLACEMENT_3D ( 'NONE', #1101, #6092, #2656 ) ;
#3918 = MECHANICAL_DESIGN_GEOMETRIC_PRESENTATION_REPRESENTATION (  '', ( #2931 ), #4257 ) ;
#3919 = CARTESIAN_POINT ( 'NONE',  ( 1.325000000000000200, 0.02000000000000000000, 1.400000000000006400 ) ) ;
#3920 = COLOUR_RGB ( '',0.2509803921568627400, 0.2509803921568627400, 0.2509803921568627400 ) ;
#3921 = EDGE_CURVE ( 'NONE', #5389, #1292, #2777, .T. ) ;
#3922 = ORIENTED_EDGE ( 'NONE', *, *, #3953, .F. ) ;
#3923 = VERTEX_POINT ( 'NONE', #5208 ) ;
#3924 = CARTESIAN_POINT ( 'NONE',  ( -1.500000000000000200, 0.5300000000000000300, -1.480000000000000000 ) ) ;
#3925 = VERTEX_POINT ( 'NONE', #3771 ) ;
#3926 = AXIS2_PLACEMENT_3D ( 'NONE', #547, #4926, #4454 ) ;
#3927 = SURFACE_SIDE_STYLE ('',( #5615 ) ) ;
#3928 = VERTEX_POINT ( 'NONE', #758 ) ;
#3929 = ORIENTED_EDGE ( 'NONE', *, *, #1751, .F. ) ;
#3930 = SURFACE_STYLE_FILL_AREA ( #3986 ) ;
#3931 = VECTOR ( 'NONE', #4269, 1000.000000000000000 ) ;
#3932 = DIRECTION ( 'NONE',  ( -0.0000000000000000000, -1.000000000000000000, 0.0000000000000000000 ) ) ;
#3933 = VECTOR ( 'NONE', #1295, 1000.000000000000000 ) ;
#3934 = UNCERTAINTY_MEASURE_WITH_UNIT (LENGTH_MEASURE( 1.000000000000000100E-005 ), #4152, 'distance_accuracy_value', 'NONE');
#3935 = ORIENTED_EDGE ( 'NONE', *, *, #4550, .T. ) ;
#3936 = CIRCLE ( 'NONE', #2718, 0.04999999999999991300 ) ;
#3937 = VERTEX_POINT ( 'NONE', #6231 ) ;
#3938 = DIRECTION ( 'NONE',  ( 0.0000000000000000000, 0.0000000000000000000, 1.000000000000000000 ) ) ;
#3939 = UNCERTAINTY_MEASURE_WITH_UNIT (LENGTH_MEASURE( 1.000000000000000100E-005 ), #3464, 'distance_accuracy_value', 'NONE');
#3940 = AXIS2_PLACEMENT_3D ( 'NONE', #1146, #5603, #4619 ) ;
#3941 = CARTESIAN_POINT ( 'NONE',  ( 0.0000000000000000000, 0.02000000000000000000, -1.099999999999996800 ) ) ;
#3942 = DIRECTION ( 'NONE',  ( 0.0000000000000000000, 0.0000000000000000000, -1.000000000000000000 ) ) ;
#3943 = VECTOR ( 'NONE', #2667, 1000.000000000000000 ) ;
#3944 = CIRCLE ( 'NONE', #4382, 0.04999999999999991300 ) ;
#3945 = SURFACE_STYLE_USAGE ( .BOTH. , #4922 ) ;
#3946 = CARTESIAN_POINT ( 'NONE',  ( -1.479999999999999500, 0.03999999999999999400, 1.480000000000000000 ) ) ;
#3947 = VERTEX_POINT ( 'NONE', #250 ) ;
#3948 = CARTESIAN_POINT ( 'NONE',  ( -0.1249999999999998300, 0.0000000000000000000, 1.150000000000000600 ) ) ;
#3949 = LINE ( 'NONE', #2943, #5238 ) ;
#3950 = VERTEX_POINT ( 'NONE', #1267 ) ;
#3951 = ADVANCED_FACE ( 'NONE', ( #5385 ), #2229, .T. ) ;
#3952 = ORIENTED_EDGE ( 'NONE', *, *, #588, .F. ) ;
#3953 = EDGE_CURVE ( 'NONE', #3937, #5204, #6089, .T. ) ;
#3954 =( NAMED_UNIT ( * ) PLANE_ANGLE_UNIT ( ) SI_UNIT ( $, .RADIAN. ) );
#3955 = DIRECTION ( 'NONE',  ( 1.000000000000000000, 0.0000000000000000000, -1.084202172485509000E-015 ) ) ;
#3956 = MECHANICAL_DESIGN_GEOMETRIC_PRESENTATION_REPRESENTATION (  '', ( #3300 ), #4290 ) ;
#3957 =( NAMED_UNIT ( * ) SI_UNIT ( $, .STERADIAN. ) SOLID_ANGLE_UNIT ( ) );
#3958 = CARTESIAN_POINT ( 'NONE',  ( -0.1750000000000003200, 0.02000000000000000000, -1.399999999999999700 ) ) ;
#3959 = SURFACE_STYLE_USAGE ( .BOTH. , #446 ) ;
#3960 = CARTESIAN_POINT ( 'NONE',  ( 0.0000000000000000000, 0.02000000000000000000, 0.0000000000000000000 ) ) ;
#3961 = EDGE_CURVE ( 'NONE', #2996, #5948, #961, .T. ) ;
#3962 =( NAMED_UNIT ( * ) SI_UNIT ( $, .STERADIAN. ) SOLID_ANGLE_UNIT ( ) );
#3963 = VERTEX_POINT ( 'NONE', #2818 ) ;
#3964 = DIRECTION ( 'NONE',  ( -0.0000000000000000000, -1.000000000000000000, -0.0000000000000000000 ) ) ;
#3965 = FILL_AREA_STYLE_COLOUR ( '', #5651 ) ;
#3966 = MECHANICAL_DESIGN_GEOMETRIC_PRESENTATION_REPRESENTATION (  '', ( #3313 ), #4298 ) ;
#3967 = ADVANCED_FACE ( 'NONE', ( #3100 ), #806, .F. ) ;
#3968 =( LENGTH_UNIT ( ) NAMED_UNIT ( * ) SI_UNIT ( .MILLI., .METRE. ) );
#3969 = STYLED_ITEM ( 'NONE', ( #191 ), #2647 ) ;
#3970 = CIRCLE ( 'NONE', #92, 0.04999999999999991300 ) ;
#3971 = ORIENTED_EDGE ( 'NONE', *, *, #5971, .T. ) ;
#3972 = CARTESIAN_POINT ( 'NONE',  ( 1.175000000000001200, 0.02000000000000000000, 1.400000000000006400 ) ) ;
#3973 = EDGE_CURVE ( 'NONE', #4462, #48, #2614, .T. ) ;
#3974 = SURFACE_STYLE_FILL_AREA ( #242 ) ;
#3975 =( NAMED_UNIT ( * ) SI_UNIT ( $, .STERADIAN. ) SOLID_ANGLE_UNIT ( ) );
#3976 = AXIS2_PLACEMENT_3D ( 'NONE', #5968, #3030, #6482 ) ;
#3977 =( LENGTH_UNIT ( ) NAMED_UNIT ( * ) SI_UNIT ( .MILLI., .METRE. ) );
#3978 = CARTESIAN_POINT ( 'NONE',  ( -1.274999999999999900, 0.02000000000000000000, 0.7000000000000002900 ) ) ;
#3979 = VECTOR ( 'NONE', #2571, 1000.000000000000000 ) ;
#3980 = PRESENTATION_STYLE_ASSIGNMENT (( #2377 ) ) ;
#3981 =( LENGTH_UNIT ( ) NAMED_UNIT ( * ) SI_UNIT ( .MILLI., .METRE. ) );
#3982 =( NAMED_UNIT ( * ) SI_UNIT ( $, .STERADIAN. ) SOLID_ANGLE_UNIT ( ) );
#3983 = ADVANCED_FACE ( 'NONE', ( #5221 ), #4807, .F. ) ;
#3984 = DIRECTION ( 'NONE',  ( 0.0000000000000000000, 1.000000000000000000, -0.0000000000000000000 ) ) ;
#3985 = CARTESIAN_POINT ( 'NONE',  ( -0.8749999999999998900, 0.02000000000000000000, -1.149999999999996800 ) ) ;
#3986 = FILL_AREA_STYLE ('',( #4951 ) ) ;
#3987 = DIRECTION ( 'NONE',  ( 1.084202172485508800E-015, 0.0000000000000000000, 1.000000000000000000 ) ) ;
#3988 =( LENGTH_UNIT ( ) NAMED_UNIT ( * ) SI_UNIT ( .MILLI., .METRE. ) );
#3989 = EDGE_LOOP ( 'NONE', ( #4579, #5692, #1071, #483 ) ) ;
#3990 = EDGE_CURVE ( 'NONE', #3879, #2364, #4616, .T. ) ;
#3991 = ORIENTED_EDGE ( 'NONE', *, *, #6095, .T. ) ;
#3992 = VECTOR ( 'NONE', #2361, 1000.000000000000000 ) ;
#3993 = DIRECTION ( 'NONE',  ( -1.000000000000000000, 0.0000000000000000000, 0.0000000000000000000 ) ) ;
#3994 = SURFACE_STYLE_FILL_AREA ( #6245 ) ;
#3995 = MECHANICAL_DESIGN_GEOMETRIC_PRESENTATION_REPRESENTATION (  '', ( #2180 ), #4332 ) ;
#3996 = ORIENTED_EDGE ( 'NONE', *, *, #3322, .F. ) ;
#3997 = DIRECTION ( 'NONE',  ( 0.0000000000000000000, 1.000000000000000000, 0.0000000000000000000 ) ) ;
#3998 = MECHANICAL_DESIGN_GEOMETRIC_PRESENTATION_REPRESENTATION (  '', ( #3015 ), #4333 ) ;
#3999 = VECTOR ( 'NONE', #5728, 1000.000000000000000 ) ;
#4000 = CARTESIAN_POINT ( 'NONE',  ( -0.6749999999999998200, 0.0000000000000000000, 1.150000000000003700 ) ) ;
#4001 = LINE ( 'NONE', #1937, #2673 ) ;
#4002 = DIRECTION ( 'NONE',  ( 0.0000000000000000000, 0.0000000000000000000, -1.000000000000000000 ) ) ;
#4003 = DIRECTION ( 'NONE',  ( 0.0000000000000000000, 0.0000000000000000000, 1.000000000000000000 ) ) ;
#4004 = EDGE_LOOP ( 'NONE', ( #4762, #1305, #1138, #2205, #238, #4780, #2812, #6019 ) ) ;
#4005 = CARTESIAN_POINT ( 'NONE',  ( -0.3749999999999996700, 0.0000000000000000000, 1.349999999999999900 ) ) ;
#4006 = LINE ( 'NONE', #3296, #4458 ) ;
#4007 = ORIENTED_EDGE ( 'NONE', *, *, #2519, .F. ) ;
#4008 = LINE ( 'NONE', #1389, #2202 ) ;
#4009 = DIRECTION ( 'NONE',  ( 0.0000000000000000000, 0.0000000000000000000, 1.000000000000000000 ) ) ;
#4010 = COLOUR_RGB ( '',0.7529411764705882200, 0.7529411764705882200, 0.7529411764705882200 ) ;
#4011 =( GEOMETRIC_REPRESENTATION_CONTEXT ( 3 ) GLOBAL_UNCERTAINTY_ASSIGNED_CONTEXT ( ( #3001 ) ) GLOBAL_UNIT_ASSIGNED_CONTEXT ( ( #3450, #444, #3957 ) ) REPRESENTATION_CONTEXT ( 'NONE', 'WORKASPACE' ) );
#4012 = AXIS2_PLACEMENT_3D ( 'NONE', #1701, #5242, #5733 ) ;
#4013 = DIRECTION ( 'NONE',  ( -0.0000000000000000000, -1.000000000000000000, -0.0000000000000000000 ) ) ;
#4014 = DIRECTION ( 'NONE',  ( 2.059984127722461900E-014, 0.0000000000000000000, 1.000000000000000000 ) ) ;
#4015 = ORIENTED_EDGE ( 'NONE', *, *, #1695, .F. ) ;
#4016 = FILL_AREA_STYLE_COLOUR ( '', #5928 ) ;
#4017 = CARTESIAN_POINT ( 'NONE',  ( 1.325000000000000600, 0.0000000000000000000, 1.350000000000006300 ) ) ;
#4018 = PRESENTATION_STYLE_ASSIGNMENT (( #4869 ) ) ;
#4019 = EDGE_CURVE ( 'NONE', #6027, #1416, #2138, .T. ) ;
#4020 = CIRCLE ( 'NONE', #81, 0.02000000000000005200 ) ;
#4021 = ADVANCED_FACE ( 'NONE', ( #3328 ), #3168, .T. ) ;
#4022 = ORIENTED_EDGE ( 'NONE', *, *, #2108, .T. ) ;
#4023 = VECTOR ( 'NONE', #4962, 1000.000000000000000 ) ;
#4024 = ORIENTED_EDGE ( 'NONE', *, *, #5381, .F. ) ;
#4025 = DIRECTION ( 'NONE',  ( -0.0000000000000000000, -1.000000000000000000, -0.0000000000000000000 ) ) ;
#4026 = VERTEX_POINT ( 'NONE', #870 ) ;
#4027 = AXIS2_PLACEMENT_3D ( 'NONE', #5801, #4302, #3695 ) ;
#4028 = ADVANCED_FACE ( 'NONE', ( #4464 ), #1352, .T. ) ;
#4029 = CARTESIAN_POINT ( 'NONE',  ( -0.6250000000000005600, 0.0000000000000000000, 3.388131789017217600E-016 ) ) ;
#4030 = UNCERTAINTY_MEASURE_WITH_UNIT (LENGTH_MEASURE( 1.000000000000000100E-005 ), #2567, 'distance_accuracy_value', 'NONE');
#4031 = LINE ( 'NONE', #5416, #6508 ) ;
#4032 = SURFACE_SIDE_STYLE ('',( #6263 ) ) ;
#4033 = EDGE_LOOP ( 'NONE', ( #5813, #1367, #5625, #71 ) ) ;
#4034 = CARTESIAN_POINT ( 'NONE',  ( 0.8749999999999996700, 0.0000000000000000000, -1.149999999999997000 ) ) ;
#4035 = PRESENTATION_STYLE_ASSIGNMENT (( #5575 ) ) ;
#4036 = DIRECTION ( 'NONE',  ( -0.0000000000000000000, -1.000000000000000000, 0.0000000000000000000 ) ) ;
#4037 = SURFACE_STYLE_USAGE ( .BOTH. , #5508 ) ;
#4038 = FACE_OUTER_BOUND ( 'NONE', #4507, .T. ) ;
#4039 = CLOSED_SHELL ( 'NONE', ( #2744, #4050, #6217, #4570, #6272, #3606, #4548, #1715, #4632, #5980 ) ) ;
#4040 = CARTESIAN_POINT ( 'NONE',  ( 0.8249999999999999600, 0.0000000000000000000, 1.100000000000003600 ) ) ;
#4041 =( LENGTH_UNIT ( ) NAMED_UNIT ( * ) SI_UNIT ( .MILLI., .METRE. ) );
#4042 = FILL_AREA_STYLE_COLOUR ( '', #4157 ) ;
#4043 = DIRECTION ( 'NONE',  ( 0.0000000000000000000, 0.0000000000000000000, -1.000000000000000000 ) ) ;
#4044 =( NAMED_UNIT ( * ) PLANE_ANGLE_UNIT ( ) SI_UNIT ( $, .RADIAN. ) );
#4045 = ORIENTED_EDGE ( 'NONE', *, *, #3149, .F. ) ;
#4046 =( GEOMETRIC_REPRESENTATION_CONTEXT ( 3 ) GLOBAL_UNCERTAINTY_ASSIGNED_CONTEXT ( ( #1810 ) ) GLOBAL_UNIT_ASSIGNED_CONTEXT ( ( #1987, #5566, #3975 ) ) REPRESENTATION_CONTEXT ( 'NONE', 'WORKASPACE' ) );
#4047 = COLOUR_RGB ( '',0.7529411764705882200, 0.7529411764705882200, 0.7529411764705882200 ) ;
#4048 = VECTOR ( 'NONE', #4270, 1000.000000000000000 ) ;
#4049 = AXIS2_PLACEMENT_3D ( 'NONE', #5027, #2069, #5531 ) ;
#4050 = ADVANCED_FACE ( 'NONE', ( #5784 ), #6015, .T. ) ;
#4051 = AXIS2_PLACEMENT_3D ( 'NONE', #4911, #4935, #5883 ) ;
#4052 = ORIENTED_EDGE ( 'NONE', *, *, #180, .T. ) ;
#4053 = DIRECTION ( 'NONE',  ( -0.0000000000000000000, -1.000000000000000000, 0.0000000000000000000 ) ) ;
#4054 = PLANE ( 'NONE',  #3065 ) ;
#4055 = EDGE_CURVE ( 'NONE', #977, #4608, #875, .T. ) ;
#4056 =( LENGTH_UNIT ( ) NAMED_UNIT ( * ) SI_UNIT ( .MILLI., .METRE. ) );
#4057 = DIRECTION ( 'NONE',  ( 1.000000000000000000, -0.0000000000000000000, 0.0000000000000000000 ) ) ;
#4058 = ORIENTED_EDGE ( 'NONE', *, *, #117, .F. ) ;
#4059 = PRESENTATION_LAYER_ASSIGNMENT (  '', '', ( #3723 ) ) ;
#4060 = DIRECTION ( 'NONE',  ( 1.000000000000000000, 0.0000000000000000000, 0.0000000000000000000 ) ) ;
#4061 = PRESENTATION_LAYER_ASSIGNMENT (  '', '', ( #3726 ) ) ;
#4062 = SURFACE_STYLE_FILL_AREA ( #4589 ) ;
#4063 = DIRECTION ( 'NONE',  ( 0.0000000000000000000, 1.000000000000000000, -0.0000000000000000000 ) ) ;
#4064 = AXIS2_PLACEMENT_3D ( 'NONE', #1678, #6287, #2174 ) ;
#4065 =( NAMED_UNIT ( * ) PLANE_ANGLE_UNIT ( ) SI_UNIT ( $, .RADIAN. ) );
#4066 = MECHANICAL_DESIGN_GEOMETRIC_PRESENTATION_REPRESENTATION (  '', ( #3403 ), #4388 ) ;
#4067 = ORIENTED_EDGE ( 'NONE', *, *, #4347, .T. ) ;
#4068 = VECTOR ( 'NONE', #3904, 1000.000000000000000 ) ;
#4069 = DIRECTION ( 'NONE',  ( 0.0000000000000000000, 0.0000000000000000000, 1.000000000000000000 ) ) ;
#4070 = DIRECTION ( 'NONE',  ( 0.0000000000000000000, -1.000000000000000000, 0.0000000000000000000 ) ) ;
#4071 = FACE_OUTER_BOUND ( 'NONE', #3097, .T. ) ;
#4072 = DIRECTION ( 'NONE',  ( 0.0000000000000000000, 0.0000000000000000000, 1.000000000000000000 ) ) ;
#4073 = CARTESIAN_POINT ( 'NONE',  ( -0.8749999999999998900, 0.0000000000000000000, -1.149999999999996800 ) ) ;
#4074 = ORIENTED_EDGE ( 'NONE', *, *, #20, .F. ) ;
#4075 = LINE ( 'NONE', #104, #2046 ) ;
#4076 =( GEOMETRIC_REPRESENTATION_CONTEXT ( 3 ) GLOBAL_UNCERTAINTY_ASSIGNED_CONTEXT ( ( #5064 ) ) GLOBAL_UNIT_ASSIGNED_CONTEXT ( ( #3968, #479, #3489 ) ) REPRESENTATION_CONTEXT ( 'NONE', 'WORKASPACE' ) );
#4077 = DIRECTION ( 'NONE',  ( 0.0000000000000000000, 0.0000000000000000000, 1.000000000000000000 ) ) ;
#4078 = PRESENTATION_STYLE_ASSIGNMENT (( #915 ) ) ;
#4079 = DIRECTION ( 'NONE',  ( 0.0000000000000000000, -0.0000000000000000000, 1.000000000000000000 ) ) ;
#4080 = EDGE_CURVE ( 'NONE', #2225, #5204, #2210, .T. ) ;
#4081 = ORIENTED_EDGE ( 'NONE', *, *, #5423, .F. ) ;
#4082 = FACE_OUTER_BOUND ( 'NONE', #4566, .T. ) ;
#4083 = DIRECTION ( 'NONE',  ( 1.626303258728263400E-015, 0.0000000000000000000, 1.000000000000000000 ) ) ;
#4084 = ADVANCED_FACE ( 'NONE', ( #4835 ), #5378, .T. ) ;
#4085 = FACE_OUTER_BOUND ( 'NONE', #6001, .T. ) ;
#4086 = VERTEX_POINT ( 'NONE', #1449 ) ;
#4087 = PRESENTATION_LAYER_ASSIGNMENT (  '', '', ( #4728 ) ) ;
#4088 = PRESENTATION_LAYER_ASSIGNMENT (  '', '', ( #3753 ) ) ;
#4089 = ORIENTED_EDGE ( 'NONE', *, *, #6057, .F. ) ;
#4090 = COLOUR_RGB ( '',0.7529411764705882200, 0.7529411764705882200, 0.7529411764705882200 ) ;
#4091 = VECTOR ( 'NONE', #2321, 1000.000000000000000 ) ;
#4092 = ORIENTED_EDGE ( 'NONE', *, *, #3441, .T. ) ;
#4093 = EDGE_CURVE ( 'NONE', #1981, #1203, #232, .T. ) ;
#4094 = DIRECTION ( 'NONE',  ( 1.000000000000000000, 0.0000000000000000000, -0.0000000000000000000 ) ) ;
#4095 = VERTEX_POINT ( 'NONE', #5414 ) ;
#4096 =( NAMED_UNIT ( * ) PLANE_ANGLE_UNIT ( ) SI_UNIT ( $, .RADIAN. ) );
#4097 = PRESENTATION_STYLE_ASSIGNMENT (( #5746 ) ) ;
#4098 = FILL_AREA_STYLE ('',( #3111 ) ) ;
#4099 = PRESENTATION_LAYER_ASSIGNMENT (  '', '', ( #3421 ) ) ;
#4100 = CARTESIAN_POINT ( 'NONE',  ( 0.0000000000000000000, 0.0000000000000000000, 1.100000000000003600 ) ) ;
#4101 = CARTESIAN_POINT ( 'NONE',  ( 1.174999999999999600, 0.5200000000000000200, -1.149999999999993500 ) ) ;
#4102 = PLANE ( 'NONE',  #5294 ) ;
#4103 = CARTESIAN_POINT ( 'NONE',  ( 1.274999999999999700, 0.02000000000000000000, -0.5500000000000002700 ) ) ;
#4104 = ORIENTED_EDGE ( 'NONE', *, *, #6075, .T. ) ;
#4105 = ADVANCED_FACE ( 'NONE', ( #4241 ), #6431, .T. ) ;
#4106 = CARTESIAN_POINT ( 'NONE',  ( 1.174999999999999600, 0.5500000000000000400, -1.149999999999993500 ) ) ;
#4107 = EDGE_CURVE ( 'NONE', #48, #5628, #2290, .T. ) ;
#4108 = CARTESIAN_POINT ( 'NONE',  ( 1.374999999999999600, 0.02000000000000000000, -1.149999999999993900 ) ) ;
#4109 = VECTOR ( 'NONE', #3073, 1000.000000000000000 ) ;
#4110 = PRESENTATION_LAYER_ASSIGNMENT (  '', '', ( #3773 ) ) ;
#4111 = ORIENTED_EDGE ( 'NONE', *, *, #1554, .T. ) ;
#4112 =( GEOMETRIC_REPRESENTATION_CONTEXT ( 3 ) GLOBAL_UNCERTAINTY_ASSIGNED_CONTEXT ( ( #3249 ) ) GLOBAL_UNIT_ASSIGNED_CONTEXT ( ( #6369, #3402, #378 ) ) REPRESENTATION_CONTEXT ( 'NONE', 'WORKASPACE' ) );
#4113 = ORIENTED_EDGE ( 'NONE', *, *, #1032, .F. ) ;
#4114 = SURFACE_STYLE_FILL_AREA ( #5970 ) ;
#4115 = VECTOR ( 'NONE', #1647, 1000.000000000000000 ) ;
#4116 = VERTEX_POINT ( 'NONE', #3978 ) ;
#4117 = CARTESIAN_POINT ( 'NONE',  ( -1.480000000000000200, 0.5300000000000000300, -1.480000000000000000 ) ) ;
#4118 = DIRECTION ( 'NONE',  ( 0.0000000000000000000, -0.0000000000000000000, 1.000000000000000000 ) ) ;
#4119 =( NAMED_UNIT ( * ) PLANE_ANGLE_UNIT ( ) SI_UNIT ( $, .RADIAN. ) );
#4120 = FACE_OUTER_BOUND ( 'NONE', #1574, .T. ) ;
#4121 = CARTESIAN_POINT ( 'NONE',  ( 1.500000000000000200, 0.5300000000000000300, 1.480000000000000000 ) ) ;
#4122 = EDGE_CURVE ( 'NONE', #5856, #5919, #6085, .T. ) ;
#4123 = DIRECTION ( 'NONE',  ( 1.084202172485509000E-015, 0.0000000000000000000, -1.000000000000000000 ) ) ;
#4124 = CARTESIAN_POINT ( 'NONE',  ( -1.125000000000001100, 0.0000000000000000000, 1.219727444046198600E-015 ) ) ;
#4125 = CARTESIAN_POINT ( 'NONE',  ( 0.3750000000000004400, 0.02000000000000000000, 1.349999999999999900 ) ) ;
#4126 = CARTESIAN_POINT ( 'NONE',  ( 0.0000000000000000000, 0.0000000000000000000, 1.100000000000006300 ) ) ;
#4127 = ORIENTED_EDGE ( 'NONE', *, *, #4080, .F. ) ;
#4128 = UNCERTAINTY_MEASURE_WITH_UNIT (LENGTH_MEASURE( 1.000000000000000100E-005 ), #6088, 'distance_accuracy_value', 'NONE');
#4129 = PRESENTATION_LAYER_ASSIGNMENT (  '', '', ( #3444 ) ) ;
#4130 = VERTEX_POINT ( 'NONE', #5905 ) ;
#4131 =( GEOMETRIC_REPRESENTATION_CONTEXT ( 3 ) GLOBAL_UNCERTAINTY_ASSIGNED_CONTEXT ( ( #6444 ) ) GLOBAL_UNIT_ASSIGNED_CONTEXT ( ( #3769, #756, #4267 ) ) REPRESENTATION_CONTEXT ( 'NONE', 'WORKASPACE' ) );
#4132 = AXIS2_PLACEMENT_3D ( 'NONE', #2392, #1280, #823 ) ;
#4133 = PRESENTATION_STYLE_ASSIGNMENT (( #754 ) ) ;
#4134 =( NAMED_UNIT ( * ) SI_UNIT ( $, .STERADIAN. ) SOLID_ANGLE_UNIT ( ) );
#4135 =( NAMED_UNIT ( * ) SI_UNIT ( $, .STERADIAN. ) SOLID_ANGLE_UNIT ( ) );
#4136 = EDGE_CURVE ( 'NONE', #3667, #6027, #3620, .T. ) ;
#4137 = FILL_AREA_STYLE ('',( #621 ) ) ;
#4138 = UNCERTAINTY_MEASURE_WITH_UNIT (LENGTH_MEASURE( 1.000000000000000100E-005 ), #3758, 'distance_accuracy_value', 'NONE');
#4139 = FACE_OUTER_BOUND ( 'NONE', #715, .T. ) ;
#4140 = SURFACE_STYLE_USAGE ( .BOTH. , #625 ) ;
#4141 = CARTESIAN_POINT ( 'NONE',  ( -0.8749999999999996700, 0.0000000000000000000, 1.350000000000003400 ) ) ;
#4142 = UNCERTAINTY_MEASURE_WITH_UNIT (LENGTH_MEASURE( 1.000000000000000100E-005 ), #2345, 'distance_accuracy_value', 'NONE');
#4143 =( GEOMETRIC_REPRESENTATION_CONTEXT ( 3 ) GLOBAL_UNCERTAINTY_ASSIGNED_CONTEXT ( ( #4128 ) ) GLOBAL_UNIT_ASSIGNED_CONTEXT ( ( #6088, #5338, #148 ) ) REPRESENTATION_CONTEXT ( 'NONE', 'WORKASPACE' ) );
#4144 = DIRECTION ( 'NONE',  ( -2.710505431213772400E-016, 0.0000000000000000000, -1.000000000000000000 ) ) ;
#4145 = ORIENTED_EDGE ( 'NONE', *, *, #5286, .T. ) ;
#4146 = CIRCLE ( 'NONE', #1019, 0.04999999999999991300 ) ;
#4147 = CARTESIAN_POINT ( 'NONE',  ( 1.374999999999999600, 0.02000000000000000000, -1.149999999999993900 ) ) ;
#4148 = CYLINDRICAL_SURFACE ( 'NONE', #853, 0.04999999999999991300 ) ;
#4149 = LINE ( 'NONE', #3432, #2837 ) ;
#4150 = ORIENTED_EDGE ( 'NONE', *, *, #957, .T. ) ;
#4151 = AXIS2_PLACEMENT_3D ( 'NONE', #5690, #2739, #6192 ) ;
#4152 =( LENGTH_UNIT ( ) NAMED_UNIT ( * ) SI_UNIT ( .MILLI., .METRE. ) );
#4153 = ORIENTED_EDGE ( 'NONE', *, *, #2877, .T. ) ;
#4154 = LINE ( 'NONE', #209, #5293 ) ;
#4155 =( NAMED_UNIT ( * ) PLANE_ANGLE_UNIT ( ) SI_UNIT ( $, .RADIAN. ) );
#4156 = EDGE_CURVE ( 'NONE', #6189, #2910, #3458, .T. ) ;
#4157 = COLOUR_RGB ( '',0.7529411764705882200, 0.7529411764705882200, 0.7529411764705882200 ) ;
#4158 = ORIENTED_EDGE ( 'NONE', *, *, #6293, .T. ) ;
#4159 = PLANE ( 'NONE',  #3121 ) ;
#4160 = STYLED_ITEM ( 'NONE', ( #5693 ), #4383 ) ;
#4161 = ORIENTED_EDGE ( 'NONE', *, *, #2748, .F. ) ;
#4162 =( GEOMETRIC_REPRESENTATION_CONTEXT ( 3 ) GLOBAL_UNCERTAINTY_ASSIGNED_CONTEXT ( ( #6158 ) ) GLOBAL_UNIT_ASSIGNED_CONTEXT ( ( #5891, #5436, #4970 ) ) REPRESENTATION_CONTEXT ( 'NONE', 'WORKASPACE' ) );
#4163 = ORIENTED_EDGE ( 'NONE', *, *, #2877, .F. ) ;
#4164 = CIRCLE ( 'NONE', #211, 0.04999999999999991300 ) ;
#4165 = ORIENTED_EDGE ( 'NONE', *, *, #739, .F. ) ;
#4166 = COLOUR_RGB ( '',0.7529411764705882200, 0.7529411764705882200, 0.7529411764705882200 ) ;
#4167 = ORIENTED_EDGE ( 'NONE', *, *, #3681, .F. ) ;
#4168 = EDGE_CURVE ( 'NONE', #2358, #2142, #790, .T. ) ;
#4169 = SURFACE_STYLE_FILL_AREA ( #1942 ) ;
#4170 = DIRECTION ( 'NONE',  ( 0.0000000000000000000, 1.000000000000000000, -0.0000000000000000000 ) ) ;
#4171 = CARTESIAN_POINT ( 'NONE',  ( -0.6249999999999998900, 0.02000000000000000000, 1.150000000000004100 ) ) ;
#4172 = FACE_OUTER_BOUND ( 'NONE', #1357, .T. ) ;
#4173 = ADVANCED_FACE ( 'NONE', ( #956 ), #4610, .T. ) ;
#4174 = MECHANICAL_DESIGN_GEOMETRIC_PRESENTATION_REPRESENTATION (  '', ( #3191 ), #4502 ) ;
#4175 = EDGE_LOOP ( 'NONE', ( #3502, #1682, #4607, #5551, #5645, #1976, #1506, #4301 ) ) ;
#4176 = VERTEX_POINT ( 'NONE', #3021 ) ;
#4177 = FILL_AREA_STYLE_COLOUR ( '', #3656 ) ;
#4178 = DIRECTION ( 'NONE',  ( 0.0000000000000000000, 0.0000000000000000000, 1.000000000000000000 ) ) ;
#4179 = CARTESIAN_POINT ( 'NONE',  ( 0.9124999999999982000, 0.0000000000000000000, -0.9125000000000007500 ) ) ;
#4180 = COLOUR_RGB ( '',0.2509803921568627400, 0.2509803921568627400, 0.2509803921568627400 ) ;
#4181 = LINE ( 'NONE', #4631, #3714 ) ;
#4182 = PRESENTATION_LAYER_ASSIGNMENT (  '', '', ( #3860 ) ) ;
#4183 = CARTESIAN_POINT ( 'NONE',  ( 1.125000000000002000, 0.02000000000000000000, 1.219727444046199600E-015 ) ) ;
#4184 = EDGE_LOOP ( 'NONE', ( #1020, #3631, #5361, #5774 ) ) ;
#4185 = SURFACE_STYLE_USAGE ( .BOTH. , #5648 ) ;
#4186 = COLOUR_RGB ( '',0.2509803921568627400, 0.2509803921568627400, 0.2509803921568627400 ) ;
#4187 = VERTEX_POINT ( 'NONE', #4371 ) ;
#4188 = COLOUR_RGB ( '',0.2509803921568627400, 0.2509803921568627400, 0.2509803921568627400 ) ;
#4189 = AXIS2_PLACEMENT_3D ( 'NONE', #2388, #5852, #2906 ) ;
#4190 = DIRECTION ( 'NONE',  ( 0.0000000000000000000, 0.0000000000000000000, -1.000000000000000000 ) ) ;
#4191 = DIRECTION ( 'NONE',  ( 0.0000000000000000000, 0.0000000000000000000, 1.000000000000000000 ) ) ;
#4192 = ADVANCED_FACE ( 'NONE', ( #6256 ), #2866, .T. ) ;
#4193 = DIRECTION ( 'NONE',  ( -0.0000000000000000000, -1.000000000000000000, -0.0000000000000000000 ) ) ;
#4194 = DIRECTION ( 'NONE',  ( -0.0000000000000000000, -1.000000000000000000, -0.0000000000000000000 ) ) ;
#4195 = ORIENTED_EDGE ( 'NONE', *, *, #840, .T. ) ;
#4196 = DIRECTION ( 'NONE',  ( 0.0000000000000000000, 0.0000000000000000000, 1.000000000000000000 ) ) ;
#4197 = VECTOR ( 'NONE', #2070, 1000.000000000000000 ) ;
#4198 = CARTESIAN_POINT ( 'NONE',  ( 0.8249999999999992900, 0.02000000000000000000, -1.399999999999996800 ) ) ;
#4199 =( LENGTH_UNIT ( ) NAMED_UNIT ( * ) SI_UNIT ( .MILLI., .METRE. ) );
#4200 = SURFACE_STYLE_FILL_AREA ( #1773 ) ;
#4201 = EDGE_CURVE ( 'NONE', #3928, #4176, #630, .T. ) ;
#4202 = SURFACE_STYLE_FILL_AREA ( #504 ) ;
#4203 = ORIENTED_EDGE ( 'NONE', *, *, #1586, .T. ) ;
#4204 = CARTESIAN_POINT ( 'NONE',  ( -0.8249999999999996200, 0.0000000000000000000, 1.150000000000003700 ) ) ;
#4205 = CARTESIAN_POINT ( 'NONE',  ( -1.479999999999999800, 0.5300000000000000300, 3.209238430557093100E-016 ) ) ;
#4206 = CYLINDRICAL_SURFACE ( 'NONE', #2524, 0.05000000000000012800 ) ;
#4207 = VECTOR ( 'NONE', #1600, 1000.000000000000000 ) ;
#4208 = AXIS2_PLACEMENT_3D ( 'NONE', #4245, #1246, #4725 ) ;
#4209 = AXIS2_PLACEMENT_3D ( 'NONE', #5440, #1481, #5800 ) ;
#4210 =( LENGTH_UNIT ( ) NAMED_UNIT ( * ) SI_UNIT ( .MILLI., .METRE. ) );
#4211 = VECTOR ( 'NONE', #3413, 1000.000000000000000 ) ;
#4212 = EDGE_CURVE ( 'NONE', #3700, #3963, #5777, .T. ) ;
#4213 =( GEOMETRIC_REPRESENTATION_CONTEXT ( 3 ) GLOBAL_UNCERTAINTY_ASSIGNED_CONTEXT ( ( #5952 ) ) GLOBAL_UNIT_ASSIGNED_CONTEXT ( ( #253, #3774, #760 ) ) REPRESENTATION_CONTEXT ( 'NONE', 'WORKASPACE' ) );
#4214 = AXIS2_PLACEMENT_3D ( 'NONE', #5273, #287, #2359 ) ;
#4215 = CARTESIAN_POINT ( 'NONE',  ( 0.3249999999999995700, 0.02000000000000000000, -1.149999999999999900 ) ) ;
#4216 = MANIFOLD_SOLID_BREP ( 'Boss-Extrude2[10]', #100 ) ;
#4217 = CARTESIAN_POINT ( 'NONE',  ( -0.8249999999999998400, 0.0000000000000000000, -1.149999999999996600 ) ) ;
#4218 =( LENGTH_UNIT ( ) NAMED_UNIT ( * ) SI_UNIT ( .MILLI., .METRE. ) );
#4219 = DIRECTION ( 'NONE',  ( 0.0000000000000000000, 0.0000000000000000000, 1.000000000000000000 ) ) ;
#4220 = EDGE_CURVE ( 'NONE', #5217, #752, #4830, .T. ) ;
#4221 =( NAMED_UNIT ( * ) SI_UNIT ( $, .STERADIAN. ) SOLID_ANGLE_UNIT ( ) );
#4222 = ORIENTED_EDGE ( 'NONE', *, *, #4735, .T. ) ;
#4223 = ORIENTED_EDGE ( 'NONE', *, *, #3632, .T. ) ;
#4224 = CARTESIAN_POINT ( 'NONE',  ( -1.324999999999999500, 0.02000000000000000000, -1.099999999999993000 ) ) ;
#4225 =( GEOMETRIC_REPRESENTATION_CONTEXT ( 3 ) GLOBAL_UNCERTAINTY_ASSIGNED_CONTEXT ( ( #2685 ) ) GLOBAL_UNIT_ASSIGNED_CONTEXT ( ( #5732, #2265, #5214 ) ) REPRESENTATION_CONTEXT ( 'NONE', 'WORKASPACE' ) );
#4226 = PRESENTATION_STYLE_ASSIGNMENT (( #1503 ) ) ;
#4227 = CARTESIAN_POINT ( 'NONE',  ( 0.3249999999999993400, 0.02000000000000000000, -1.099999999999999900 ) ) ;
#4228 = DIRECTION ( 'NONE',  ( 0.0000000000000000000, 0.0000000000000000000, 1.000000000000000000 ) ) ;
#4229 = ORIENTED_EDGE ( 'NONE', *, *, #3881, .F. ) ;
#4230 = DIRECTION ( 'NONE',  ( -0.0000000000000000000, -1.000000000000000000, -0.0000000000000000000 ) ) ;
#4231 = LINE ( 'NONE', #808, #377 ) ;
#4232 = VECTOR ( 'NONE', #6356, 1000.000000000000000 ) ;
#4233 = ORIENTED_EDGE ( 'NONE', *, *, #4093, .T. ) ;
#4234 = CIRCLE ( 'NONE', #5310, 0.04999999999999991300 ) ;
#4235 = DIRECTION ( 'NONE',  ( 0.0000000000000000000, 0.0000000000000000000, 1.000000000000000000 ) ) ;
#4236 = FACE_OUTER_BOUND ( 'NONE', #1017, .T. ) ;
#4237 = ORIENTED_EDGE ( 'NONE', *, *, #5538, .F. ) ;
#4238 = DIRECTION ( 'NONE',  ( -0.0000000000000000000, -1.000000000000000000, -0.0000000000000000000 ) ) ;
#4239 = DIRECTION ( 'NONE',  ( 0.0000000000000000000, 0.0000000000000000000, 1.000000000000000000 ) ) ;
#4240 = SURFACE_STYLE_FILL_AREA ( #6179 ) ;
#4241 = FACE_OUTER_BOUND ( 'NONE', #3208, .T. ) ;
#4242 = LINE ( 'NONE', #6357, #392 ) ;
#4243 = ORIENTED_EDGE ( 'NONE', *, *, #530, .F. ) ;
#4244 = ORIENTED_EDGE ( 'NONE', *, *, #2164, .F. ) ;
#4245 = CARTESIAN_POINT ( 'NONE',  ( 1.480000000000000200, 0.03999999999999999400, 1.480000000000000000 ) ) ;
#4246 = PRESENTATION_LAYER_ASSIGNMENT (  '', '', ( #4567 ) ) ;
#4247 = DIRECTION ( 'NONE',  ( -1.000000000000000000, 0.0000000000000000000, 0.0000000000000000000 ) ) ;
#4248 = CIRCLE ( 'NONE', #4208, 0.02000000000000005200 ) ;
#4249 = DIRECTION ( 'NONE',  ( 5.421010862427543900E-016, 0.0000000000000000000, 1.000000000000000000 ) ) ;
#4250 = DIRECTION ( 'NONE',  ( 0.0000000000000000000, 0.0000000000000000000, -1.000000000000000000 ) ) ;
#4251 = PRESENTATION_STYLE_ASSIGNMENT (( #2783 ) ) ;
#4252 = DIRECTION ( 'NONE',  ( -1.000000000000000000, 0.0000000000000000000, 1.445602896647346600E-015 ) ) ;
#4253 = EDGE_LOOP ( 'NONE', ( #2569, #566, #5080 ) ) ;
#4254 = PRESENTATION_LAYER_ASSIGNMENT (  '', '', ( #3269 ) ) ;
#4255 = DIRECTION ( 'NONE',  ( 1.000000000000000000, 0.0000000000000000000, -0.0000000000000000000 ) ) ;
#4256 =( NAMED_UNIT ( * ) SI_UNIT ( $, .STERADIAN. ) SOLID_ANGLE_UNIT ( ) );
#4257 =( GEOMETRIC_REPRESENTATION_CONTEXT ( 3 ) GLOBAL_UNCERTAINTY_ASSIGNED_CONTEXT ( ( #5959 ) ) GLOBAL_UNIT_ASSIGNED_CONTEXT ( ( #3977, #1962, #1487 ) ) REPRESENTATION_CONTEXT ( 'NONE', 'WORKASPACE' ) );
#4258 = VECTOR ( 'NONE', #1702, 1000.000000000000000 ) ;
#4259 = ORIENTED_EDGE ( 'NONE', *, *, #4813, .F. ) ;
#4260 = EDGE_CURVE ( 'NONE', #4947, #4857, #4008, .T. ) ;
#4261 = CARTESIAN_POINT ( 'NONE',  ( -1.324999999999999700, 0.02000000000000000000, 1.150000000000007200 ) ) ;
#4262 = PLANE ( 'NONE',  #1560 ) ;
#4263 = AXIS2_PLACEMENT_3D ( 'NONE', #5630, #2660, #6123 ) ;
#4264 = ORIENTED_EDGE ( 'NONE', *, *, #4576, .T. ) ;
#4265 = COLOUR_RGB ( '',0.7529411764705882200, 0.7529411764705882200, 0.7529411764705882200 ) ;
#4266 = PRESENTATION_LAYER_ASSIGNMENT (  '', '', ( #3281 ) ) ;
#4267 =( NAMED_UNIT ( * ) SI_UNIT ( $, .STERADIAN. ) SOLID_ANGLE_UNIT ( ) );
#4268 = LINE ( 'NONE', #2231, #4115 ) ;
#4269 = DIRECTION ( 'NONE',  ( -0.0000000000000000000, -1.000000000000000000, -0.0000000000000000000 ) ) ;
#4270 = DIRECTION ( 'NONE',  ( 5.421010862427543900E-016, 0.0000000000000000000, 1.000000000000000000 ) ) ;
#4271 = CYLINDRICAL_SURFACE ( 'NONE', #5699, 0.04999999999999991300 ) ;
#4272 =( LENGTH_UNIT ( ) NAMED_UNIT ( * ) SI_UNIT ( .MILLI., .METRE. ) );
#4273 = SURFACE_STYLE_FILL_AREA ( #6036 ) ;
#4274 = MECHANICAL_DESIGN_GEOMETRIC_PRESENTATION_REPRESENTATION (  '', ( #3609 ), #4587 ) ;
#4275 = SURFACE_STYLE_FILL_AREA ( #1366 ) ;
#4276 = DIRECTION ( 'NONE',  ( 1.000000000000000000, 0.0000000000000000000, -1.445602896647346200E-015 ) ) ;
#4277 = SURFACE_STYLE_FILL_AREA ( #3638 ) ;
#4278 = VERTEX_POINT ( 'NONE', #2410 ) ;
#4279 = PLANE ( 'NONE',  #6112 ) ;
#4280 = DIRECTION ( 'NONE',  ( -1.000000000000000000, 0.0000000000000000000, -0.0000000000000000000 ) ) ;
#4281 = PRESENTATION_STYLE_ASSIGNMENT (( #4452 ) ) ;
#4282 = SURFACE_SIDE_STYLE ('',( #3108 ) ) ;
#4283 = ORIENTED_EDGE ( 'NONE', *, *, #391, .T. ) ;
#4284 = DIRECTION ( 'NONE',  ( 0.0000000000000000000, 0.0000000000000000000, -1.000000000000000000 ) ) ;
#4285 = AXIS2_PLACEMENT_3D ( 'NONE', #2603, #3102, #49 ) ;
#4286 = DIRECTION ( 'NONE',  ( -0.0000000000000000000, -1.000000000000000000, -0.0000000000000000000 ) ) ;
#4287 = EDGE_CURVE ( 'NONE', #3457, #5688, #6008, .T. ) ;
#4288 = CARTESIAN_POINT ( 'NONE',  ( 0.6249999999999997800, 0.02000000000000000000, -1.149999999999997000 ) ) ;
#4289 = PLANE ( 'NONE',  #1743 ) ;
#4290 =( GEOMETRIC_REPRESENTATION_CONTEXT ( 3 ) GLOBAL_UNCERTAINTY_ASSIGNED_CONTEXT ( ( #926 ) ) GLOBAL_UNIT_ASSIGNED_CONTEXT ( ( #967, #4444, #1471 ) ) REPRESENTATION_CONTEXT ( 'NONE', 'WORKASPACE' ) );
#4291 =( NAMED_UNIT ( * ) SI_UNIT ( $, .STERADIAN. ) SOLID_ANGLE_UNIT ( ) );
#4292 = AXIS2_PLACEMENT_3D ( 'NONE', #1566, #6249, #4178 ) ;
#4293 = DIRECTION ( 'NONE',  ( 4.251773225433352300E-017, -0.0000000000000000000, 1.000000000000000000 ) ) ;
#4294 = DIRECTION ( 'NONE',  ( -0.0000000000000000000, -1.000000000000000000, 0.0000000000000000000 ) ) ;
#4295 = FILL_AREA_STYLE_COLOUR ( '', #2912 ) ;
#4296 = EDGE_CURVE ( 'NONE', #6087, #2421, #5291, .T. ) ;
#4297 = SURFACE_SIDE_STYLE ('',( #4689 ) ) ;
#4298 =( GEOMETRIC_REPRESENTATION_CONTEXT ( 3 ) GLOBAL_UNCERTAINTY_ASSIGNED_CONTEXT ( ( #4338 ) ) GLOBAL_UNIT_ASSIGNED_CONTEXT ( ( #6476, #3504, #497 ) ) REPRESENTATION_CONTEXT ( 'NONE', 'WORKASPACE' ) );
#4299 = VECTOR ( 'NONE', #4529, 1000.000000000000000 ) ;
#4300 = AXIS2_PLACEMENT_3D ( 'NONE', #6445, #1561, #2989 ) ;
#4301 = ORIENTED_EDGE ( 'NONE', *, *, #2355, .F. ) ;
#4302 = DIRECTION ( 'NONE',  ( -0.0000000000000000000, -1.000000000000000000, -0.0000000000000000000 ) ) ;
#4303 = DIRECTION ( 'NONE',  ( 0.0000000000000000000, 0.0000000000000000000, 1.000000000000000000 ) ) ;
#4304 = COLOUR_RGB ( '',0.7529411764705882200, 0.7529411764705882200, 0.7529411764705882200 ) ;
#4305 = EDGE_CURVE ( 'NONE', #3925, #6397, #866, .T. ) ;
#4306 = DIRECTION ( 'NONE',  ( 1.000000000000000000, 0.0000000000000000000, -1.626303258728263800E-015 ) ) ;
#4307 = LINE ( 'NONE', #628, #614 ) ;
#4308 = EDGE_LOOP ( 'NONE', ( #4487, #3816, #3991, #3971 ) ) ;
#4309 = SURFACE_SIDE_STYLE ('',( #1744 ) ) ;
#4310 = PLANE ( 'NONE',  #4739 ) ;
#4311 = PRESENTATION_LAYER_ASSIGNMENT (  '', '', ( #3653 ) ) ;
#4312 = VECTOR ( 'NONE', #2525, 1000.000000000000000 ) ;
#4313 = DIRECTION ( 'NONE',  ( -0.0000000000000000000, -1.000000000000000000, 0.0000000000000000000 ) ) ;
#4314 =( LENGTH_UNIT ( ) NAMED_UNIT ( * ) SI_UNIT ( .MILLI., .METRE. ) );
#4315 = AXIS2_PLACEMENT_3D ( 'NONE', #2038, #5506, #2552 ) ;
#4316 = EDGE_LOOP ( 'NONE', ( #2373, #5702, #4647, #1530 ) ) ;
#4317 =( NAMED_UNIT ( * ) PLANE_ANGLE_UNIT ( ) SI_UNIT ( $, .RADIAN. ) );
#4318 = CARTESIAN_POINT ( 'NONE',  ( -0.3249999999999995700, 0.02000000000000000000, -1.099999999999999900 ) ) ;
#4319 = EDGE_LOOP ( 'NONE', ( #382, #4553, #429, #1286 ) ) ;
#4320 = CARTESIAN_POINT ( 'NONE',  ( 1.479999999999999800, 0.03999999999999999400, -1.480000000000000000 ) ) ;
#4321 = DIRECTION ( 'NONE',  ( 0.0000000000000000000, 0.0000000000000000000, -1.000000000000000000 ) ) ;
#4322 = SURFACE_STYLE_USAGE ( .BOTH. , #4297 ) ;
#4323 = UNCERTAINTY_MEASURE_WITH_UNIT (LENGTH_MEASURE( 1.000000000000000100E-005 ), #6135, 'distance_accuracy_value', 'NONE');
#4324 = ORIENTED_EDGE ( 'NONE', *, *, #3467, .F. ) ;
#4325 = FILL_AREA_STYLE_COLOUR ( '', #86 ) ;
#4326 = ORIENTED_EDGE ( 'NONE', *, *, #3768, .T. ) ;
#4327 = EDGE_CURVE ( 'NONE', #2773, #2867, #3536, .T. ) ;
#4328 = PLANE ( 'NONE',  #4209 ) ;
#4329 = SURFACE_STYLE_FILL_AREA ( #3673 ) ;
#4330 = VERTEX_POINT ( 'NONE', #5894 ) ;
#4331 = DIRECTION ( 'NONE',  ( -5.421010862427543900E-016, 0.0000000000000000000, 1.000000000000000000 ) ) ;
#4332 =( GEOMETRIC_REPRESENTATION_CONTEXT ( 3 ) GLOBAL_UNCERTAINTY_ASSIGNED_CONTEXT ( ( #4873 ) ) GLOBAL_UNIT_ASSIGNED_CONTEXT ( ( #2619, #6073, #3137 ) ) REPRESENTATION_CONTEXT ( 'NONE', 'WORKASPACE' ) );
#4333 =( GEOMETRIC_REPRESENTATION_CONTEXT ( 3 ) GLOBAL_UNCERTAINTY_ASSIGNED_CONTEXT ( ( #1696 ) ) GLOBAL_UNIT_ASSIGNED_CONTEXT ( ( #1551, #5011, #4291 ) ) REPRESENTATION_CONTEXT ( 'NONE', 'WORKASPACE' ) );
#4334 = DIRECTION ( 'NONE',  ( 0.0000000000000000000, 0.0000000000000000000, 1.000000000000000000 ) ) ;
#4335 =( NAMED_UNIT ( * ) PLANE_ANGLE_UNIT ( ) SI_UNIT ( $, .RADIAN. ) );
#4336 = ORIENTED_EDGE ( 'NONE', *, *, #1838, .T. ) ;
#4337 = VECTOR ( 'NONE', #3993, 1000.000000000000000 ) ;
#4338 = UNCERTAINTY_MEASURE_WITH_UNIT (LENGTH_MEASURE( 1.000000000000000100E-005 ), #6476, 'distance_accuracy_value', 'NONE');
#4339 = VECTOR ( 'NONE', #5840, 1000.000000000000000 ) ;
#4340 = AXIS2_PLACEMENT_3D ( 'NONE', #4966, #1992, #5453 ) ;
#4341 = EDGE_LOOP ( 'NONE', ( #5929, #4007, #4818, #1379 ) ) ;
#4342 = MECHANICAL_DESIGN_GEOMETRIC_PRESENTATION_REPRESENTATION (  '', ( #3677 ), #4651 ) ;
#4343 = DIRECTION ( 'NONE',  ( 0.0000000000000000000, 0.0000000000000000000, 1.000000000000000000 ) ) ;
#4344 = VECTOR ( 'NONE', #2340, 1000.000000000000000 ) ;
#4345 = ORIENTED_EDGE ( 'NONE', *, *, #3417, .F. ) ;
#4346 = UNCERTAINTY_MEASURE_WITH_UNIT (LENGTH_MEASURE( 1.000000000000000100E-005 ), #3498, 'distance_accuracy_value', 'NONE');
#4347 = EDGE_CURVE ( 'NONE', #1489, #6012, #3382, .T. ) ;
#4348 = CIRCLE ( 'NONE', #3597, 0.04999999999999991300 ) ;
#4349 = MECHANICAL_DESIGN_GEOMETRIC_PRESENTATION_REPRESENTATION (  '', ( #3687 ), #4659 ) ;
#4350 = CARTESIAN_POINT ( 'NONE',  ( -1.480000000000000200, 0.5500000000000000400, -1.480000000000000000 ) ) ;
#4351 = DIRECTION ( 'NONE',  ( 1.734723475976810200E-014, 0.0000000000000000000, 1.000000000000000000 ) ) ;
#4352 = DIRECTION ( 'NONE',  ( -1.548860246407863300E-016, 0.0000000000000000000, -1.000000000000000000 ) ) ;
#4353 = LINE ( 'NONE', #16, #516 ) ;
#4354 = LINE ( 'NONE', #3263, #5810 ) ;
#4355 =( NAMED_UNIT ( * ) PLANE_ANGLE_UNIT ( ) SI_UNIT ( $, .RADIAN. ) );
#4356 = FACE_OUTER_BOUND ( 'NONE', #4004, .T. ) ;
#4357 = ORIENTED_EDGE ( 'NONE', *, *, #1075, .F. ) ;
#4358 = PLANE ( 'NONE',  #6298 ) ;
#4359 = DIRECTION ( 'NONE',  ( -1.000000000000000000, 0.0000000000000000000, 0.0000000000000000000 ) ) ;
#4360 =( NAMED_UNIT ( * ) PLANE_ANGLE_UNIT ( ) SI_UNIT ( $, .RADIAN. ) );
#4361 = SURFACE_SIDE_STYLE ('',( #3643 ) ) ;
#4362 = LINE ( 'NONE', #1897, #5673 ) ;
#4363 = DIRECTION ( 'NONE',  ( -0.0000000000000000000, -1.000000000000000000, -0.0000000000000000000 ) ) ;
#4364 = FILL_AREA_STYLE_COLOUR ( '', #5285 ) ;
#4365 = FILL_AREA_STYLE_COLOUR ( '', #4810 ) ;
#4366 =( LENGTH_UNIT ( ) NAMED_UNIT ( * ) SI_UNIT ( .MILLI., .METRE. ) );
#4367 = STYLED_ITEM ( 'NONE', ( #2522 ), #4522 ) ;
#4368 = ORIENTED_EDGE ( 'NONE', *, *, #2276, .F. ) ;
#4369 = PRESENTATION_LAYER_ASSIGNMENT (  '', '', ( #3713 ) ) ;
#4370 = FILL_AREA_STYLE ('',( #3892 ) ) ;
#4371 = CARTESIAN_POINT ( 'NONE',  ( -1.125000000000000200, 0.0000000000000000000, -1.149999999999993200 ) ) ;
#4372 = EDGE_CURVE ( 'NONE', #4724, #2604, #4539, .T. ) ;
#4373 = CARTESIAN_POINT ( 'NONE',  ( 0.0000000000000000000, 0.02000000000000000000, -1.099999999999993000 ) ) ;
#4374 = EDGE_LOOP ( 'NONE', ( #167, #4422, #3394, #4379 ) ) ;
#4375 =( NAMED_UNIT ( * ) PLANE_ANGLE_UNIT ( ) SI_UNIT ( $, .RADIAN. ) );
#4376 = MECHANICAL_DESIGN_GEOMETRIC_PRESENTATION_REPRESENTATION (  '', ( #3723 ), #4703 ) ;
#4377 = MECHANICAL_DESIGN_GEOMETRIC_PRESENTATION_REPRESENTATION (  '', ( #3726 ), #4704 ) ;
#4378 = SURFACE_STYLE_FILL_AREA ( #3245 ) ;
#4379 = ORIENTED_EDGE ( 'NONE', *, *, #3533, .T. ) ;
#4380 = DIRECTION ( 'NONE',  ( -0.0000000000000000000, -1.000000000000000000, -0.0000000000000000000 ) ) ;
#4381 = UNCERTAINTY_MEASURE_WITH_UNIT (LENGTH_MEASURE( 1.000000000000000100E-005 ), #5327, 'distance_accuracy_value', 'NONE');
#4382 = AXIS2_PLACEMENT_3D ( 'NONE', #5257, #2314, #5770 ) ;
#4383 = ADVANCED_FACE ( 'NONE', ( #706 ), #2452, .T. ) ;
#4384 = DIRECTION ( 'NONE',  ( -0.0000000000000000000, -1.000000000000000000, -0.0000000000000000000 ) ) ;
#4385 = VERTEX_POINT ( 'NONE', #427 ) ;
#4386 = DIRECTION ( 'NONE',  ( 0.0000000000000000000, 1.000000000000000000, -0.0000000000000000000 ) ) ;
#4387 = DIRECTION ( 'NONE',  ( 0.0000000000000000000, 1.000000000000000000, -0.0000000000000000000 ) ) ;
#4388 =( GEOMETRIC_REPRESENTATION_CONTEXT ( 3 ) GLOBAL_UNCERTAINTY_ASSIGNED_CONTEXT ( ( #408 ) ) GLOBAL_UNIT_ASSIGNED_CONTEXT ( ( #4041, #1034, #4518 ) ) REPRESENTATION_CONTEXT ( 'NONE', 'WORKASPACE' ) );
#4389 = VERTEX_POINT ( 'NONE', #5438 ) ;
#4390 = CARTESIAN_POINT ( 'NONE',  ( -1.375000000000000000, 0.0000000000000000000, -1.349999999999992500 ) ) ;
#4391 = ORIENTED_EDGE ( 'NONE', *, *, #484, .F. ) ;
#4392 = COLOUR_RGB ( '',0.7529411764705882200, 0.7529411764705882200, 0.7529411764705882200 ) ;
#4393 = COLOUR_RGB ( '',0.7529411764705882200, 0.7529411764705882200, 0.7529411764705882200 ) ;
#4394 = COLOUR_RGB ( '',0.7529411764705882200, 0.7529411764705882200, 0.7529411764705882200 ) ;
#4395 = LINE ( 'NONE', #4749, #2942 ) ;
#4396 = EDGE_LOOP ( 'NONE', ( #2789, #1126, #1750, #2194 ) ) ;
#4397 = EDGE_CURVE ( 'NONE', #3947, #1244, #2761, .T. ) ;
#4398 = DIRECTION ( 'NONE',  ( -0.0000000000000000000, -1.000000000000000000, -0.0000000000000000000 ) ) ;
#4399 = FACE_OUTER_BOUND ( 'NONE', #3708, .T. ) ;
#4400 = FACE_OUTER_BOUND ( 'NONE', #6264, .T. ) ;
#4401 = ORIENTED_EDGE ( 'NONE', *, *, #3425, .T. ) ;
#4402 = ORIENTED_EDGE ( 'NONE', *, *, #5184, .T. ) ;
#4403 = MANIFOLD_SOLID_BREP ( 'Boss-Extrude2[4]', #819 ) ;
#4404 = AXIS2_PLACEMENT_3D ( 'NONE', #335, #3862, #844 ) ;
#4405 = FILL_AREA_STYLE_COLOUR ( '', #2061 ) ;
#4406 = MECHANICAL_DESIGN_GEOMETRIC_PRESENTATION_REPRESENTATION (  '', ( #3753 ), #4729 ) ;
#4407 = FACE_OUTER_BOUND ( 'NONE', #4033, .T. ) ;
#4408 = PLANE ( 'NONE',  #610 ) ;
#4409 = ORIENTED_EDGE ( 'NONE', *, *, #2833, .T. ) ;
#4410 = UNCERTAINTY_MEASURE_WITH_UNIT (LENGTH_MEASURE( 1.000000000000000100E-005 ), #1877, 'distance_accuracy_value', 'NONE');
#4411 = DIRECTION ( 'NONE',  ( -0.0000000000000000000, -1.000000000000000000, -0.0000000000000000000 ) ) ;
#4412 = EDGE_CURVE ( 'NONE', #409, #3158, #6078, .T. ) ;
#4413 = DIRECTION ( 'NONE',  ( -0.0000000000000000000, -1.000000000000000000, -0.0000000000000000000 ) ) ;
#4414 = DIRECTION ( 'NONE',  ( -1.000000000000000000, 0.0000000000000000000, 4.251773225433351000E-017 ) ) ;
#4415 = DIRECTION ( 'NONE',  ( -0.0000000000000000000, -1.000000000000000000, -0.0000000000000000000 ) ) ;
#4416 = MECHANICAL_DESIGN_GEOMETRIC_PRESENTATION_REPRESENTATION (  '', ( #3421 ), #4738 ) ;
#4417 = STYLED_ITEM ( 'NONE', ( #938 ), #2578 ) ;
#4418 = PLANE ( 'NONE',  #3412 ) ;
#4419 = EDGE_CURVE ( 'NONE', #2627, #1028, #944, .T. ) ;
#4420 = SURFACE_STYLE_USAGE ( .BOTH. , #4993 ) ;
#4421 = CIRCLE ( 'NONE', #2170, 0.04999999999999991300 ) ;
#4422 = ORIENTED_EDGE ( 'NONE', *, *, #5070, .F. ) ;
#4423 = MECHANICAL_DESIGN_GEOMETRIC_PRESENTATION_REPRESENTATION (  '', ( #3773 ), #4743 ) ;
#4424 = DIRECTION ( 'NONE',  ( 0.0000000000000000000, 0.0000000000000000000, 1.000000000000000000 ) ) ;
#4425 = SURFACE_STYLE_FILL_AREA ( #3175 ) ;
#4426 = ORIENTED_EDGE ( 'NONE', *, *, #3811, .T. ) ;
#4427 = PLANE ( 'NONE',  #2765 ) ;
#4428 = DIRECTION ( 'NONE',  ( -0.0000000000000000000, -1.000000000000000000, -0.0000000000000000000 ) ) ;
#4429 = DIRECTION ( 'NONE',  ( -0.0000000000000000000, -1.000000000000000000, -0.0000000000000000000 ) ) ;
#4430 = FACE_OUTER_BOUND ( 'NONE', #5596, .T. ) ;
#4431 = CARTESIAN_POINT ( 'NONE',  ( 0.1750000000000005400, 0.0000000000000000000, 1.150000000000000100 ) ) ;
#4432 = CARTESIAN_POINT ( 'NONE',  ( 2.976241257803347300E-017, 0.02000000000000000000, 0.7000000000000002900 ) ) ;
#4433 =( NAMED_UNIT ( * ) PLANE_ANGLE_UNIT ( ) SI_UNIT ( $, .RADIAN. ) );
#4434 = SURFACE_STYLE_USAGE ( .BOTH. , #1778 ) ;
#4435 = EDGE_CURVE ( 'NONE', #5861, #4330, #2279, .T. ) ;
#4436 = ORIENTED_EDGE ( 'NONE', *, *, #2250, .T. ) ;
#4437 = SURFACE_STYLE_FILL_AREA ( #2501 ) ;
#4438 = DIRECTION ( 'NONE',  ( 0.0000000000000000000, -0.0000000000000000000, 1.000000000000000000 ) ) ;
#4439 = MECHANICAL_DESIGN_GEOMETRIC_PRESENTATION_REPRESENTATION (  '', ( #3444 ), #4768 ) ;
#4440 = VECTOR ( 'NONE', #5638, 1000.000000000000000 ) ;
#4441 = SURFACE_STYLE_FILL_AREA ( #2629 ) ;
#4442 = VERTEX_POINT ( 'NONE', #1524 ) ;
#4443 = DIRECTION ( 'NONE',  ( 0.0000000000000000000, 0.0000000000000000000, -1.000000000000000000 ) ) ;
#4444 =( NAMED_UNIT ( * ) PLANE_ANGLE_UNIT ( ) SI_UNIT ( $, .RADIAN. ) );
#4445 = FACE_OUTER_BOUND ( 'NONE', #4374, .T. ) ;
#4446 = DIRECTION ( 'NONE',  ( 0.0000000000000000000, 1.000000000000000000, -0.0000000000000000000 ) ) ;
#4447 = CARTESIAN_POINT ( 'NONE',  ( 0.1250000000000006100, 0.02000000000000000000, 1.349999999999999900 ) ) ;
#4448 = DIRECTION ( 'NONE',  ( -0.0000000000000000000, -1.000000000000000000, 0.0000000000000000000 ) ) ;
#4449 = CIRCLE ( 'NONE', #5803, 0.04999999999999991300 ) ;
#4450 = PRESENTATION_LAYER_ASSIGNMENT (  '', '', ( #3809 ) ) ;
#4451 = CARTESIAN_POINT ( 'NONE',  ( 0.0000000000000000000, 0.02000000000000000000, 0.0000000000000000000 ) ) ;
#4452 = SURFACE_STYLE_USAGE ( .BOTH. , #973 ) ;
#4453 = CYLINDRICAL_SURFACE ( 'NONE', #2033, 0.1200000000000000900 ) ;
#4454 = DIRECTION ( 'NONE',  ( 0.0000000000000000000, 0.0000000000000000000, -1.000000000000000000 ) ) ;
#4455 = DIRECTION ( 'NONE',  ( 0.0000000000000000000, 1.000000000000000000, -0.0000000000000000000 ) ) ;
#4456 = EDGE_CURVE ( 'NONE', #2904, #3598, #3311, .T. ) ;
#4457 = EDGE_LOOP ( 'NONE', ( #6039, #5521, #6094, #1195 ) ) ;
#4458 = VECTOR ( 'NONE', #270, 1000.000000000000000 ) ;
#4459 = EDGE_LOOP ( 'NONE', ( #1731, #1673, #2270, #985 ) ) ;
#4460 = PRESENTATION_STYLE_ASSIGNMENT (( #3869 ) ) ;
#4461 = ADVANCED_FACE ( 'NONE', ( #781 ), #4453, .F. ) ;
#4462 = VERTEX_POINT ( 'NONE', #3526 ) ;
#4463 = FILL_AREA_STYLE_COLOUR ( '', #878 ) ;
#4464 = FACE_OUTER_BOUND ( 'NONE', #6300, .T. ) ;
#4465 = CYLINDRICAL_SURFACE ( 'NONE', #5218, 0.05000000000000012800 ) ;
#4466 = ORIENTED_EDGE ( 'NONE', *, *, #269, .F. ) ;
#4467 = DIRECTION ( 'NONE',  ( -0.0000000000000000000, -1.000000000000000000, -0.0000000000000000000 ) ) ;
#4468 = DIRECTION ( 'NONE',  ( -0.0000000000000000000, -1.000000000000000000, -0.0000000000000000000 ) ) ;
#4469 = VERTEX_POINT ( 'NONE', #4040 ) ;
#4470 =( NAMED_UNIT ( * ) SI_UNIT ( $, .STERADIAN. ) SOLID_ANGLE_UNIT ( ) );
#4471 = DIRECTION ( 'NONE',  ( 0.0000000000000000000, 0.0000000000000000000, -1.000000000000000000 ) ) ;
#4472 = FILL_AREA_STYLE ('',( #2476 ) ) ;
#4473 = SURFACE_STYLE_USAGE ( .BOTH. , #996 ) ;
#4474 =( LENGTH_UNIT ( ) NAMED_UNIT ( * ) SI_UNIT ( .MILLI., .METRE. ) );
#4475 = ORIENTED_EDGE ( 'NONE', *, *, #1308, .T. ) ;
#4476 = ADVANCED_FACE ( 'NONE', ( #619 ), #1809, .T. ) ;
#4477 = CARTESIAN_POINT ( 'NONE',  ( -0.8249999999999996200, 0.02000000000000000000, 1.350000000000003900 ) ) ;
#4478 = PRESENTATION_LAYER_ASSIGNMENT (  '', '', ( #3834 ) ) ;
#4479 = CIRCLE ( 'NONE', #2285, 0.04999999999999991300 ) ;
#4480 = CIRCLE ( 'NONE', #4285, 0.05000000000000012800 ) ;
#4481 = FACE_OUTER_BOUND ( 'NONE', #2930, .T. ) ;
#4482 = CARTESIAN_POINT ( 'NONE',  ( 1.125000000000000700, 0.02000000000000000000, 1.350000000000005900 ) ) ;
#4483 = ORIENTED_EDGE ( 'NONE', *, *, #5442, .T. ) ;
#4484 = EDGE_CURVE ( 'NONE', #2969, #2447, #3159, .T. ) ;
#4485 = LINE ( 'NONE', #6420, #1844 ) ;
#4486 =( LENGTH_UNIT ( ) NAMED_UNIT ( * ) SI_UNIT ( .MILLI., .METRE. ) );
#4487 = ORIENTED_EDGE ( 'NONE', *, *, #5879, .F. ) ;
#4488 = PRESENTATION_LAYER_ASSIGNMENT (  '', '', ( #4160 ) ) ;
#4489 = ADVANCED_FACE ( 'NONE', ( #3446 ), #6010, .T. ) ;
#4490 = SURFACE_SIDE_STYLE ('',( #4758 ) ) ;
#4491 =( NAMED_UNIT ( * ) SI_UNIT ( $, .STERADIAN. ) SOLID_ANGLE_UNIT ( ) );
#4492 = PRESENTATION_LAYER_ASSIGNMENT (  '', '', ( #4811 ) ) ;
#4493 = DIRECTION ( 'NONE',  ( -1.000000000000000000, 0.0000000000000000000, 0.0000000000000000000 ) ) ;
#4494 = DIRECTION ( 'NONE',  ( 0.0000000000000000000, 0.0000000000000000000, -1.000000000000000000 ) ) ;
#4495 = DIRECTION ( 'NONE',  ( 1.000000000000000000, -0.0000000000000000000, 0.0000000000000000000 ) ) ;
#4496 = EDGE_CURVE ( 'NONE', #6470, #4176, #6481, .T. ) ;
#4497 = DIRECTION ( 'NONE',  ( 0.0000000000000000000, 0.0000000000000000000, 1.000000000000000000 ) ) ;
#4498 = LINE ( 'NONE', #741, #2013 ) ;
#4499 = DIRECTION ( 'NONE',  ( -0.0000000000000000000, -1.000000000000000000, -0.0000000000000000000 ) ) ;
#4500 = SURFACE_SIDE_STYLE ('',( #796 ) ) ;
#4501 = SURFACE_STYLE_USAGE ( .BOTH. , #478 ) ;
#4502 =( GEOMETRIC_REPRESENTATION_CONTEXT ( 3 ) GLOBAL_UNCERTAINTY_ASSIGNED_CONTEXT ( ( #841 ) ) GLOBAL_UNIT_ASSIGNED_CONTEXT ( ( #3634, #617, #4134 ) ) REPRESENTATION_CONTEXT ( 'NONE', 'WORKASPACE' ) );
#4503 = CARTESIAN_POINT ( 'NONE',  ( -0.3749999999999998900, 0.0000000000000000000, -1.150000000000000100 ) ) ;
#4504 = CARTESIAN_POINT ( 'NONE',  ( 0.1250000000000002200, 0.02000000000000000000, -3.388131789017220500E-017 ) ) ;
#4505 = STYLED_ITEM ( 'NONE', ( #5736 ), #2744 ) ;
#4506 = LINE ( 'NONE', #5706, #3053 ) ;
#4507 = EDGE_LOOP ( 'NONE', ( #6343, #3580, #5683, #969 ) ) ;
#4508 = MECHANICAL_DESIGN_GEOMETRIC_PRESENTATION_REPRESENTATION (  '', ( #3860 ), #4820 ) ;
#4509 = PLANE ( 'NONE',  #4300 ) ;
#4510 = FACE_OUTER_BOUND ( 'NONE', #2774, .T. ) ;
#4511 = DIRECTION ( 'NONE',  ( 0.0000000000000000000, 0.0000000000000000000, 1.000000000000000000 ) ) ;
#4512 = AXIS2_PLACEMENT_3D ( 'NONE', #3905, #6374, #902 ) ;
#4513 = CARTESIAN_POINT ( 'NONE',  ( -1.175000000000000000, 0.0000000000000000000, -1.149999999999992800 ) ) ;
#4514 = DIRECTION ( 'NONE',  ( -0.0000000000000000000, -1.000000000000000000, -0.0000000000000000000 ) ) ;
#4515 = COLOUR_RGB ( '',0.7529411764705882200, 0.7529411764705882200, 0.7529411764705882200 ) ;
#4516 = FILL_AREA_STYLE ('',( #3523 ) ) ;
#4517 = DIRECTION ( 'NONE',  ( 0.0000000000000000000, 1.000000000000000000, -0.0000000000000000000 ) ) ;
#4518 =( NAMED_UNIT ( * ) SI_UNIT ( $, .STERADIAN. ) SOLID_ANGLE_UNIT ( ) );
#4519 = CARTESIAN_POINT ( 'NONE',  ( -1.375000000000000000, 0.0000000000000000000, -1.149999999999993200 ) ) ;
#4520 = LINE ( 'NONE', #685, #1870 ) ;
#4521 = VERTEX_POINT ( 'NONE', #35 ) ;
#4522 = ADVANCED_FACE ( 'NONE', ( #5131 ), #2572, .F. ) ;
#4523 = EDGE_CURVE ( 'NONE', #3095, #67, #3377, .T. ) ;
#4524 = CARTESIAN_POINT ( 'NONE',  ( -1.274999999999999900, 0.0000000000000000000, 0.7000000000000002900 ) ) ;
#4525 = UNCERTAINTY_MEASURE_WITH_UNIT (LENGTH_MEASURE( 1.000000000000000100E-005 ), #5684, 'distance_accuracy_value', 'NONE');
#4526 = DIRECTION ( 'NONE',  ( 1.000000000000000000, -0.0000000000000000000, 0.0000000000000000000 ) ) ;
#4527 = AXIS2_PLACEMENT_3D ( 'NONE', #2259, #5725, #2776 ) ;
#4528 = EDGE_LOOP ( 'NONE', ( #669, #2383, #539 ) ) ;
#4529 = DIRECTION ( 'NONE',  ( -1.000000000000000000, 0.0000000000000000000, 0.0000000000000000000 ) ) ;
#4530 = PRESENTATION_LAYER_ASSIGNMENT (  '', '', ( #3887 ) ) ;
#4531 = SURFACE_STYLE_FILL_AREA ( #4577 ) ;
#4532 = UNCERTAINTY_MEASURE_WITH_UNIT (LENGTH_MEASURE( 1.000000000000000100E-005 ), #3818, 'distance_accuracy_value', 'NONE');
#4533 = CARTESIAN_POINT ( 'NONE',  ( 0.3750000000000004400, 0.0000000000000000000, 1.150000000000000600 ) ) ;
#4534 = EDGE_CURVE ( 'NONE', #3158, #4469, #6004, .T. ) ;
#4535 = ORIENTED_EDGE ( 'NONE', *, *, #1407, .F. ) ;
#4536 = PLANE ( 'NONE',  #137 ) ;
#4537 = FACE_OUTER_BOUND ( 'NONE', #2680, .T. ) ;
#4538 = CARTESIAN_POINT ( 'NONE',  ( 0.8749999999999996700, 0.02000000000000000000, -1.149999999999997000 ) ) ;
#4539 = LINE ( 'NONE', #3941, #1881 ) ;
#4540 =( NAMED_UNIT ( * ) PLANE_ANGLE_UNIT ( ) SI_UNIT ( $, .RADIAN. ) );
#4541 = STYLED_ITEM ( 'NONE', ( #375 ), #4890 ) ;
#4542 = AXIS2_PLACEMENT_3D ( 'NONE', #337, #1894, #5870 ) ;
#4543 =( NAMED_UNIT ( * ) SI_UNIT ( $, .STERADIAN. ) SOLID_ANGLE_UNIT ( ) );
#4544 = ORIENTED_EDGE ( 'NONE', *, *, #2674, .T. ) ;
#4545 = CARTESIAN_POINT ( 'NONE',  ( 1.325000000000000200, 0.0000000000000000000, 1.400000000000006400 ) ) ;
#4546 = VERTEX_POINT ( 'NONE', #6069 ) ;
#4547 =( LENGTH_UNIT ( ) NAMED_UNIT ( * ) SI_UNIT ( .MILLI., .METRE. ) );
#4548 = ADVANCED_FACE ( 'NONE', ( #5836 ), #2615, .T. ) ;
#4549 = FILL_AREA_STYLE ('',( #1627 ) ) ;
#4550 = EDGE_CURVE ( 'NONE', #3743, #3607, #4075, .T. ) ;
#4551 = CARTESIAN_POINT ( 'NONE',  ( 0.0000000000000000000, 0.0000000000000000000, -1.399999999999992800 ) ) ;
#4552 = ORIENTED_EDGE ( 'NONE', *, *, #4723, .T. ) ;
#4553 = ORIENTED_EDGE ( 'NONE', *, *, #128, .F. ) ;
#4554 = DIRECTION ( 'NONE',  ( 1.000000000000000000, 0.0000000000000000000, -0.0000000000000000000 ) ) ;
#4555 = AXIS2_PLACEMENT_3D ( 'NONE', #810, #4313, #1317 ) ;
#4556 = DIRECTION ( 'NONE',  ( 0.0000000000000000000, 1.000000000000000000, -0.0000000000000000000 ) ) ;
#4557 = LINE ( 'NONE', #2020, #723 ) ;
#4558 = ORIENTED_EDGE ( 'NONE', *, *, #2490, .T. ) ;
#4559 = EDGE_LOOP ( 'NONE', ( #5315, #1811, #4092, #1538 ) ) ;
#4560 = CIRCLE ( 'NONE', #4939, 0.04999999999999991300 ) ;
#4561 = DIRECTION ( 'NONE',  ( -0.0000000000000000000, -1.000000000000000000, -0.0000000000000000000 ) ) ;
#4562 = ORIENTED_EDGE ( 'NONE', *, *, #3215, .F. ) ;
#4563 = CARTESIAN_POINT ( 'NONE',  ( 0.6749999999999998200, 0.02000000000000000000, -1.149999999999996600 ) ) ;
#4564 = CARTESIAN_POINT ( 'NONE',  ( 1.375000000000000700, 0.02000000000000000000, 1.350000000000005900 ) ) ;
#4565 = LINE ( 'NONE', #5425, #578 ) ;
#4566 = EDGE_LOOP ( 'NONE', ( #3756, #5576, #3846, #1737 ) ) ;
#4567 = STYLED_ITEM ( 'NONE', ( #6469 ), #851 ) ;
#4568 = CARTESIAN_POINT ( 'NONE',  ( -0.1750000000000003200, 0.0000000000000000000, -1.399999999999999700 ) ) ;
#4569 = DIRECTION ( 'NONE',  ( -0.0000000000000000000, -1.000000000000000000, 0.0000000000000000000 ) ) ;
#4570 = ADVANCED_FACE ( 'NONE', ( #2755 ), #6072, .T. ) ;
#4571 = MECHANICAL_DESIGN_GEOMETRIC_PRESENTATION_REPRESENTATION (  '', ( #3269 ), #4894 ) ;
#4572 = PRESENTATION_LAYER_ASSIGNMENT (  '', '', ( #4896 ) ) ;
#4573 = ORIENTED_EDGE ( 'NONE', *, *, #6153, .F. ) ;
#4574 = SURFACE_STYLE_USAGE ( .BOTH. , #1099 ) ;
#4575 = UNCERTAINTY_MEASURE_WITH_UNIT (LENGTH_MEASURE( 1.000000000000000100E-005 ), #105, 'distance_accuracy_value', 'NONE');
#4576 = EDGE_CURVE ( 'NONE', #3950, #3667, #937, .T. ) ;
#4577 = FILL_AREA_STYLE ('',( #5581 ) ) ;
#4578 = DIRECTION ( 'NONE',  ( 0.0000000000000000000, 0.0000000000000000000, 1.000000000000000000 ) ) ;
#4579 = ORIENTED_EDGE ( 'NONE', *, *, #1943, .F. ) ;
#4580 = AXIS2_PLACEMENT_3D ( 'NONE', #3649, #631, #4144 ) ;
#4581 = MECHANICAL_DESIGN_GEOMETRIC_PRESENTATION_REPRESENTATION (  '', ( #3281 ), #4909 ) ;
#4582 = FILL_AREA_STYLE ('',( #587 ) ) ;
#4583 = VECTOR ( 'NONE', #4194, 1000.000000000000000 ) ;
#4584 =( LENGTH_UNIT ( ) NAMED_UNIT ( * ) SI_UNIT ( .MILLI., .METRE. ) );
#4585 = CARTESIAN_POINT ( 'NONE',  ( 0.3249999999999995700, 0.0000000000000000000, -1.149999999999999900 ) ) ;
#4586 = FILL_AREA_STYLE ('',( #3062 ) ) ;
#4587 =( GEOMETRIC_REPRESENTATION_CONTEXT ( 3 ) GLOBAL_UNCERTAINTY_ASSIGNED_CONTEXT ( ( #3428 ) ) GLOBAL_UNIT_ASSIGNED_CONTEXT ( ( #124, #3664, #653 ) ) REPRESENTATION_CONTEXT ( 'NONE', 'WORKASPACE' ) );
#4588 = FILL_AREA_STYLE_COLOUR ( '', #809 ) ;
#4589 = FILL_AREA_STYLE ('',( #2653 ) ) ;
#4590 = CARTESIAN_POINT ( 'NONE',  ( 0.0000000000000000000, 0.5300000000000000300, 1.480000000000000000 ) ) ;
#4591 = LINE ( 'NONE', #5145, #3299 ) ;
#4592 = CARTESIAN_POINT ( 'NONE',  ( -0.1250000000000000000, 0.02000000000000000000, -1.150000000000000100 ) ) ;
#4593 = UNCERTAINTY_MEASURE_WITH_UNIT (LENGTH_MEASURE( 1.000000000000000100E-005 ), #5331, 'distance_accuracy_value', 'NONE');
#4594 = ORIENTED_EDGE ( 'NONE', *, *, #1239, .F. ) ;
#4595 = VECTOR ( 'NONE', #1344, 1000.000000000000000 ) ;
#4596 = FACE_OUTER_BOUND ( 'NONE', #4849, .T. ) ;
#4597 = CARTESIAN_POINT ( 'NONE',  ( -0.1750000000000003800, 0.0000000000000000000, -1.099999999999999900 ) ) ;
#4598 = AXIS2_PLACEMENT_3D ( 'NONE', #2370, #3736, #2825 ) ;
#4599 =( NAMED_UNIT ( * ) SI_UNIT ( $, .STERADIAN. ) SOLID_ANGLE_UNIT ( ) );
#4600 = UNCERTAINTY_MEASURE_WITH_UNIT (LENGTH_MEASURE( 1.000000000000000100E-005 ), #1653, 'distance_accuracy_value', 'NONE');
#4601 = FILL_AREA_STYLE_COLOUR ( '', #4883 ) ;
#4602 = EDGE_CURVE ( 'NONE', #1577, #6048, #2272, .T. ) ;
#4603 = SURFACE_SIDE_STYLE ('',( #4329 ) ) ;
#4604 = VECTOR ( 'NONE', #3048, 1000.000000000000000 ) ;
#4605 = FILL_AREA_STYLE ('',( #5384 ) ) ;
#4606 = AXIS2_PLACEMENT_3D ( 'NONE', #871, #5637, #5869 ) ;
#4607 = ORIENTED_EDGE ( 'NONE', *, *, #5897, .T. ) ;
#4608 = VERTEX_POINT ( 'NONE', #4639 ) ;
#4609 = VERTEX_POINT ( 'NONE', #5118 ) ;
#4610 = SPHERICAL_SURFACE ( 'NONE', #5932, 0.02000000000000000000 ) ;
#4611 = EDGE_CURVE ( 'NONE', #179, #469, #773, .T. ) ;
#4612 = FACE_OUTER_BOUND ( 'NONE', #3627, .T. ) ;
#4613 = EDGE_LOOP ( 'NONE', ( #79, #2235, #5185, #1520 ) ) ;
#4614 = CARTESIAN_POINT ( 'NONE',  ( 0.0000000000000000000, 0.02000000000000000000, 1.400000000000006400 ) ) ;
#4615 =( NAMED_UNIT ( * ) PLANE_ANGLE_UNIT ( ) SI_UNIT ( $, .RADIAN. ) );
#4616 = LINE ( 'NONE', #1859, #798 ) ;
#4617 = PRESENTATION_LAYER_ASSIGNMENT (  '', '', ( #3969 ) ) ;
#4618 = SURFACE_STYLE_USAGE ( .BOTH. , #1145 ) ;
#4619 = DIRECTION ( 'NONE',  ( 0.0000000000000000000, 0.0000000000000000000, -1.000000000000000000 ) ) ;
#4620 = EDGE_LOOP ( 'NONE', ( #6082, #660, #3929, #4475 ) ) ;
#4621 = LINE ( 'NONE', #2420, #3333 ) ;
#4622 =( NAMED_UNIT ( * ) PLANE_ANGLE_UNIT ( ) SI_UNIT ( $, .RADIAN. ) );
#4623 = ORIENTED_EDGE ( 'NONE', *, *, #6095, .F. ) ;
#4624 = EDGE_CURVE ( 'NONE', #1577, #1374, #2115, .T. ) ;
#4625 = ORIENTED_EDGE ( 'NONE', *, *, #3790, .T. ) ;
#4626 = SURFACE_STYLE_FILL_AREA ( #972 ) ;
#4627 = PRESENTATION_STYLE_ASSIGNMENT (( #800 ) ) ;
#4628 = MECHANICAL_DESIGN_GEOMETRIC_PRESENTATION_REPRESENTATION (  '', ( #3653 ), #4961 ) ;
#4629 = ORIENTED_EDGE ( 'NONE', *, *, #5139, .F. ) ;
#4630 = AXIS2_PLACEMENT_3D ( 'NONE', #1995, #5458, #2500 ) ;
#4631 = CARTESIAN_POINT ( 'NONE',  ( 0.1249999999999997400, 0.02000000000000000000, -1.150000000000000100 ) ) ;
#4632 = ADVANCED_FACE ( 'NONE', ( #4596 ), #652, .T. ) ;
#4633 = FACE_OUTER_BOUND ( 'NONE', #333, .T. ) ;
#4634 = PRESENTATION_STYLE_ASSIGNMENT (( #6155 ) ) ;
#4635 = ORIENTED_EDGE ( 'NONE', *, *, #4372, .F. ) ;
#4636 = SURFACE_STYLE_USAGE ( .BOTH. , #1164 ) ;
#4637 = CARTESIAN_POINT ( 'NONE',  ( -0.1249999999999999400, 0.02000000000000000000, -1.349999999999999400 ) ) ;
#4638 =( NAMED_UNIT ( * ) SI_UNIT ( $, .STERADIAN. ) SOLID_ANGLE_UNIT ( ) );
#4639 = CARTESIAN_POINT ( 'NONE',  ( -0.3249999999999993400, 0.0000000000000000000, 1.400000000000000100 ) ) ;
#4640 = CARTESIAN_POINT ( 'NONE',  ( 0.0000000000000000000, 0.02000000000000000000, -1.099999999999993000 ) ) ;
#4641 = EDGE_CURVE ( 'NONE', #6513, #3928, #389, .T. ) ;
#4642 = DIRECTION ( 'NONE',  ( -0.0000000000000000000, -1.000000000000000000, -0.0000000000000000000 ) ) ;
#4643 = SURFACE_STYLE_USAGE ( .BOTH. , #3512 ) ;
#4644 = FACE_OUTER_BOUND ( 'NONE', #835, .T. ) ;
#4645 = CARTESIAN_POINT ( 'NONE',  ( 1.175000000000001200, 0.02000000000000000000, 1.100000000000006300 ) ) ;
#4646 = SURFACE_STYLE_USAGE ( .BOTH. , #3118 ) ;
#4647 = ORIENTED_EDGE ( 'NONE', *, *, #2719, .F. ) ;
#4648 = CARTESIAN_POINT ( 'NONE',  ( 0.0000000000000000000, 0.02000000000000000000, -1.399999999999992800 ) ) ;
#4649 = AXIS2_PLACEMENT_3D ( 'NONE', #2997, #6451, #3477 ) ;
#4650 = COLOUR_RGB ( '',0.7529411764705882200, 0.7529411764705882200, 0.7529411764705882200 ) ;
#4651 =( GEOMETRIC_REPRESENTATION_CONTEXT ( 3 ) GLOBAL_UNCERTAINTY_ASSIGNED_CONTEXT ( ( #1345 ) ) GLOBAL_UNIT_ASSIGNED_CONTEXT ( ( #2757, #3734, #1322 ) ) REPRESENTATION_CONTEXT ( 'NONE', 'WORKASPACE' ) );
#4652 = CARTESIAN_POINT ( 'NONE',  ( -1.175000000000000300, 0.02000000000000000000, -1.399999999999992800 ) ) ;
#4653 = CARTESIAN_POINT ( 'NONE',  ( -1.324999999999999500, 0.02000000000000000000, -1.099999999999993000 ) ) ;
#4654 = EDGE_CURVE ( 'NONE', #752, #5628, #1736, .T. ) ;
#4655 = FILL_AREA_STYLE ('',( #670 ) ) ;
#4656 = LINE ( 'NONE', #84, #681 ) ;
#4657 = CARTESIAN_POINT ( 'NONE',  ( 0.0000000000000000000, 0.02000000000000000000, 1.400000000000006400 ) ) ;
#4658 = ADVANCED_FACE ( 'NONE', ( #5548 ), #4918, .T. ) ;
#4659 =( GEOMETRIC_REPRESENTATION_CONTEXT ( 3 ) GLOBAL_UNCERTAINTY_ASSIGNED_CONTEXT ( ( #5244 ) ) GLOBAL_UNIT_ASSIGNED_CONTEXT ( ( #1835, #1289, #1766 ) ) REPRESENTATION_CONTEXT ( 'NONE', 'WORKASPACE' ) );
#4660 = DIRECTION ( 'NONE',  ( 0.0000000000000000000, 1.000000000000000000, -0.0000000000000000000 ) ) ;
#4661 = DIRECTION ( 'NONE',  ( 0.0000000000000000000, 0.0000000000000000000, -1.000000000000000000 ) ) ;
#4662 = CIRCLE ( 'NONE', #418, 0.02000000000000005200 ) ;
#4663 = ORIENTED_EDGE ( 'NONE', *, *, #5423, .T. ) ;
#4664 = ADVANCED_FACE ( 'NONE', ( #2436 ), #5700, .T. ) ;
#4665 =( LENGTH_UNIT ( ) NAMED_UNIT ( * ) SI_UNIT ( .MILLI., .METRE. ) );
#4666 = FACE_OUTER_BOUND ( 'NONE', #1419, .T. ) ;
#4667 = CYLINDRICAL_SURFACE ( 'NONE', #3373, 0.04999999999999991300 ) ;
#4668 = ORIENTED_EDGE ( 'NONE', *, *, #6442, .T. ) ;
#4669 = UNCERTAINTY_MEASURE_WITH_UNIT (LENGTH_MEASURE( 1.000000000000000100E-005 ), #3804, 'distance_accuracy_value', 'NONE');
#4670 = VERTEX_POINT ( 'NONE', #5192 ) ;
#4671 = CARTESIAN_POINT ( 'NONE',  ( -0.6250000000000000000, 0.02000000000000000000, -1.149999999999996800 ) ) ;
#4672 =( LENGTH_UNIT ( ) NAMED_UNIT ( * ) SI_UNIT ( .MILLI., .METRE. ) );
#4673 = COLOUR_RGB ( '',0.7529411764705882200, 0.7529411764705882200, 0.7529411764705882200 ) ;
#4674 = COLOUR_RGB ( '',0.7529411764705882200, 0.7529411764705882200, 0.7529411764705882200 ) ;
#4675 = CARTESIAN_POINT ( 'NONE',  ( 1.174999999999999600, 0.02000000000000000000, -1.149999999999993500 ) ) ;
#4676 =( NAMED_UNIT ( * ) SI_UNIT ( $, .STERADIAN. ) SOLID_ANGLE_UNIT ( ) );
#4677 = ORIENTED_EDGE ( 'NONE', *, *, #1438, .F. ) ;
#4678 = FILL_AREA_STYLE ('',( #183 ) ) ;
#4679 = AXIS2_PLACEMENT_3D ( 'NONE', #5627, #6121, #2659 ) ;
#4680 = LINE ( 'NONE', #2327, #2678 ) ;
#4681 = VECTOR ( 'NONE', #3418, 1000.000000000000000 ) ;
#4682 = CYLINDRICAL_SURFACE ( 'NONE', #4012, 0.05000000000000012800 ) ;
#4683 = DIRECTION ( 'NONE',  ( 0.0000000000000000000, 0.0000000000000000000, 1.000000000000000000 ) ) ;
#4684 = DIRECTION ( 'NONE',  ( -2.168404344971009100E-016, 0.0000000000000000000, -1.000000000000000000 ) ) ;
#4685 = VECTOR ( 'NONE', #1106, 1000.000000000000000 ) ;
#4686 = ORIENTED_EDGE ( 'NONE', *, *, #3233, .T. ) ;
#4687 = DIRECTION ( 'NONE',  ( 0.0000000000000000000, -0.0000000000000000000, 1.000000000000000000 ) ) ;
#4688 = SURFACE_STYLE_FILL_AREA ( #2422 ) ;
#4689 = SURFACE_STYLE_FILL_AREA ( #1830 ) ;
#4690 = PRESENTATION_LAYER_ASSIGNMENT (  '', '', ( #4367 ) ) ;
#4691 = DIRECTION ( 'NONE',  ( 5.421010862427543900E-016, 0.0000000000000000000, 1.000000000000000000 ) ) ;
#4692 = ORIENTED_EDGE ( 'NONE', *, *, #3592, .F. ) ;
#4693 =( NAMED_UNIT ( * ) SI_UNIT ( $, .STERADIAN. ) SOLID_ANGLE_UNIT ( ) );
#4694 = MECHANICAL_DESIGN_GEOMETRIC_PRESENTATION_REPRESENTATION (  '', ( #3713 ), #5023 ) ;
#4695 = VERTEX_POINT ( 'NONE', #2257 ) ;
#4696 = ADVANCED_FACE ( 'NONE', ( #5775 ), #6226, .F. ) ;
#4697 = LINE ( 'NONE', #4657, #3396 ) ;
#4698 = EDGE_CURVE ( 'NONE', #3470, #5120, #4006, .T. ) ;
#4699 = CIRCLE ( 'NONE', #680, 0.04999999999999991300 ) ;
#4700 =( NAMED_UNIT ( * ) SI_UNIT ( $, .STERADIAN. ) SOLID_ANGLE_UNIT ( ) );
#4701 = CARTESIAN_POINT ( 'NONE',  ( 0.6749999999999999300, 0.0000000000000000000, -1.399999999999996600 ) ) ;
#4702 = VERTEX_POINT ( 'NONE', #2796 ) ;
#4703 =( GEOMETRIC_REPRESENTATION_CONTEXT ( 3 ) GLOBAL_UNCERTAINTY_ASSIGNED_CONTEXT ( ( #3872 ) ) GLOBAL_UNIT_ASSIGNED_CONTEXT ( ( #1469, #2564, #6017 ) ) REPRESENTATION_CONTEXT ( 'NONE', 'WORKASPACE' ) );
#4704 =( GEOMETRIC_REPRESENTATION_CONTEXT ( 3 ) GLOBAL_UNCERTAINTY_ASSIGNED_CONTEXT ( ( #2480 ) ) GLOBAL_UNIT_ASSIGNED_CONTEXT ( ( #4731, #2110, #2575 ) ) REPRESENTATION_CONTEXT ( 'NONE', 'WORKASPACE' ) );
#4705 = DIRECTION ( 'NONE',  ( 0.0000000000000000000, 0.0000000000000000000, -1.000000000000000000 ) ) ;
#4706 = CARTESIAN_POINT ( 'NONE',  ( 0.3249999999999992300, 0.02000000000000000000, -1.399999999999999900 ) ) ;
#4707 = STYLED_ITEM ( 'NONE', ( #1282 ), #203 ) ;
#4708 = ORIENTED_EDGE ( 'NONE', *, *, #1632, .F. ) ;
#4709 = FILL_AREA_STYLE ('',( #2221 ) ) ;
#4710 = CARTESIAN_POINT ( 'NONE',  ( -0.8249999999999995100, 0.02000000000000000000, -1.099999999999996300 ) ) ;
#4711 = ORIENTED_EDGE ( 'NONE', *, *, #2791, .F. ) ;
#4712 = COLOUR_RGB ( '',0.7529411764705882200, 0.7529411764705882200, 0.7529411764705882200 ) ;
#4713 = CARTESIAN_POINT ( 'NONE',  ( 0.0000000000000000000, 0.0000000000000000000, -1.099999999999996300 ) ) ;
#4714 = CARTESIAN_POINT ( 'NONE',  ( -1.500000000000000200, 0.5500000000000000400, -1.500000000000000000 ) ) ;
#4715 = FILL_AREA_STYLE_COLOUR ( '', #3035 ) ;
#4716 = PRESENTATION_STYLE_ASSIGNMENT (( #1129 ) ) ;
#4717 = FILL_AREA_STYLE_COLOUR ( '', #324 ) ;
#4718 = CARTESIAN_POINT ( 'NONE',  ( 1.325000000000000600, 0.02000000000000000000, 1.350000000000006300 ) ) ;
#4719 = STYLED_ITEM ( 'NONE', ( #2795 ), #320 ) ;
#4720 = PRESENTATION_STYLE_ASSIGNMENT (( #3170 ) ) ;
#4721 = DIRECTION ( 'NONE',  ( 1.000000000000000000, 0.0000000000000000000, -5.421010862427538900E-016 ) ) ;
#4722 = CIRCLE ( 'NONE', #744, 0.04999999999999991300 ) ;
#4723 = EDGE_CURVE ( 'NONE', #6048, #2910, #5289, .T. ) ;
#4724 = VERTEX_POINT ( 'NONE', #777 ) ;
#4725 = DIRECTION ( 'NONE',  ( 0.0000000000000000000, 0.0000000000000000000, -1.000000000000000000 ) ) ;
#4726 = DIRECTION ( 'NONE',  ( -2.710505431213771900E-016, 0.0000000000000000000, 1.000000000000000000 ) ) ;
#4727 = DIRECTION ( 'NONE',  ( -0.0000000000000000000, -1.000000000000000000, -0.0000000000000000000 ) ) ;
#4728 = STYLED_ITEM ( 'NONE', ( #1821 ), #4028 ) ;
#4729 =( GEOMETRIC_REPRESENTATION_CONTEXT ( 3 ) GLOBAL_UNCERTAINTY_ASSIGNED_CONTEXT ( ( #2178 ) ) GLOBAL_UNIT_ASSIGNED_CONTEXT ( ( #1325, #1930, #4978 ) ) REPRESENTATION_CONTEXT ( 'NONE', 'WORKASPACE' ) );
#4730 = VERTEX_POINT ( 'NONE', #5723 ) ;
#4731 =( LENGTH_UNIT ( ) NAMED_UNIT ( * ) SI_UNIT ( .MILLI., .METRE. ) );
#4732 = CARTESIAN_POINT ( 'NONE',  ( -2.023844055306278200E-015, 0.02000000000000000000, -1.399999999999995500 ) ) ;
#4733 = ADVANCED_FACE ( 'NONE', ( #3859 ), #1793, .F. ) ;
#4734 = SURFACE_SIDE_STYLE ('',( #6086 ) ) ;
#4735 = EDGE_CURVE ( 'NONE', #4026, #1640, #4680, .T. ) ;
#4736 = CARTESIAN_POINT ( 'NONE',  ( 0.0000000000000000000, 0.0000000000000000000, 1.400000000000000100 ) ) ;
#4737 = FACE_OUTER_BOUND ( 'NONE', #6455, .T. ) ;
#4738 =( GEOMETRIC_REPRESENTATION_CONTEXT ( 3 ) GLOBAL_UNCERTAINTY_ASSIGNED_CONTEXT ( ( #1333 ) ) GLOBAL_UNIT_ASSIGNED_CONTEXT ( ( #4366, #1387, #4850 ) ) REPRESENTATION_CONTEXT ( 'NONE', 'WORKASPACE' ) );
#4739 = AXIS2_PLACEMENT_3D ( 'NONE', #3078, #1465, #2058 ) ;
#4740 = ADVANCED_FACE ( 'NONE', ( #6007 ), #3381, .T. ) ;
#4741 = EDGE_CURVE ( 'NONE', #2421, #1985, #705, .T. ) ;
#4742 = ORIENTED_EDGE ( 'NONE', *, *, #214, .F. ) ;
#4743 =( GEOMETRIC_REPRESENTATION_CONTEXT ( 3 ) GLOBAL_UNCERTAINTY_ASSIGNED_CONTEXT ( ( #1188 ) ) GLOBAL_UNIT_ASSIGNED_CONTEXT ( ( #3707, #3219, #698 ) ) REPRESENTATION_CONTEXT ( 'NONE', 'WORKASPACE' ) );
#4744 = VECTOR ( 'NONE', #1144, 1000.000000000000000 ) ;
#4745 = PLANE ( 'NONE',  #4866 ) ;
#4746 = STYLED_ITEM ( 'NONE', ( #199 ), #5980 ) ;
#4747 = ORIENTED_EDGE ( 'NONE', *, *, #2856, .F. ) ;
#4748 = DIRECTION ( 'NONE',  ( 0.0000000000000000000, 1.000000000000000000, -0.0000000000000000000 ) ) ;
#4749 = CARTESIAN_POINT ( 'NONE',  ( -0.1250000000000003300, 0.02000000000000000000, -3.388131789017223500E-017 ) ) ;
#4750 = SURFACE_STYLE_FILL_AREA ( #4655 ) ;
#4751 = COLOUR_RGB ( '',0.7529411764705882200, 0.7529411764705882200, 0.7529411764705882200 ) ;
#4752 = CARTESIAN_POINT ( 'NONE',  ( 1.374999999999999600, 0.02000000000000000000, -1.349999999999993200 ) ) ;
#4753 = DIRECTION ( 'NONE',  ( -2.168404344971009100E-016, 0.0000000000000000000, -1.000000000000000000 ) ) ;
#4754 = ADVANCED_FACE ( 'NONE', ( #4537 ), #1421, .T. ) ;
#4755 = CYLINDRICAL_SURFACE ( 'NONE', #4986, 0.04999999999999991300 ) ;
#4756 = VECTOR ( 'NONE', #6479, 1000.000000000000000 ) ;
#4757 = CARTESIAN_POINT ( 'NONE',  ( -0.6750000000000003800, 0.0000000000000000000, -1.099999999999996300 ) ) ;
#4758 = SURFACE_STYLE_FILL_AREA ( #5454 ) ;
#4759 = EDGE_CURVE ( 'NONE', #5259, #4609, #2760, .T. ) ;
#4760 = ORIENTED_EDGE ( 'NONE', *, *, #5184, .F. ) ;
#4761 = DIRECTION ( 'NONE',  ( -1.000000000000000000, 0.0000000000000000000, 0.0000000000000000000 ) ) ;
#4762 = ORIENTED_EDGE ( 'NONE', *, *, #6377, .F. ) ;
#4763 = VECTOR ( 'NONE', #4468, 1000.000000000000000 ) ;
#4764 = VECTOR ( 'NONE', #766, 1000.000000000000000 ) ;
#4765 = ADVANCED_FACE ( 'NONE', ( #4082 ), #4755, .T. ) ;
#4766 = ORIENTED_EDGE ( 'NONE', *, *, #6034, .F. ) ;
#4767 = FILL_AREA_STYLE ('',( #6284 ) ) ;
#4768 =( GEOMETRIC_REPRESENTATION_CONTEXT ( 3 ) GLOBAL_UNCERTAINTY_ASSIGNED_CONTEXT ( ( #4669 ) ) GLOBAL_UNIT_ASSIGNED_CONTEXT ( ( #3804, #328, #6320 ) ) REPRESENTATION_CONTEXT ( 'NONE', 'WORKASPACE' ) );
#4769 = ORIENTED_EDGE ( 'NONE', *, *, #1741, .T. ) ;
#4770 = CARTESIAN_POINT ( 'NONE',  ( -0.6750000000000000400, 0.0000000000000000000, -1.349999999999996300 ) ) ;
#4771 = FACE_OUTER_BOUND ( 'NONE', #1440, .T. ) ;
#4772 =( NAMED_UNIT ( * ) PLANE_ANGLE_UNIT ( ) SI_UNIT ( $, .RADIAN. ) );
#4773 = ORIENTED_EDGE ( 'NONE', *, *, #1199, .T. ) ;
#4774 = STYLED_ITEM ( 'NONE', ( #2528 ), #4733 ) ;
#4775 = CARTESIAN_POINT ( 'NONE',  ( 1.480000000000000200, 0.5300000000000000300, 1.500000000000000000 ) ) ;
#4776 = MECHANICAL_DESIGN_GEOMETRIC_PRESENTATION_REPRESENTATION (  '', ( #3809 ), #5096 ) ;
#4777 = UNCERTAINTY_MEASURE_WITH_UNIT (LENGTH_MEASURE( 1.000000000000000100E-005 ), #997, 'distance_accuracy_value', 'NONE');
#4778 = CIRCLE ( 'NONE', #2161, 0.04999999999999991300 ) ;
#4779 = SURFACE_STYLE_USAGE ( .BOTH. , #4797 ) ;
#4780 = ORIENTED_EDGE ( 'NONE', *, *, #6410, .T. ) ;
#4781 = EDGE_CURVE ( 'NONE', #1216, #5628, #943, .T. ) ;
#4782 = CARTESIAN_POINT ( 'NONE',  ( 0.1749999999999999300, 0.02000000000000000000, -1.399999999999999700 ) ) ;
#4783 = DIRECTION ( 'NONE',  ( -0.0000000000000000000, -1.000000000000000000, -0.0000000000000000000 ) ) ;
#4784 = ORIENTED_EDGE ( 'NONE', *, *, #2623, .F. ) ;
#4785 = AXIS2_PLACEMENT_3D ( 'NONE', #2636, #1747, #1329 ) ;
#4786 = DIRECTION ( 'NONE',  ( 0.0000000000000000000, 1.000000000000000000, 0.0000000000000000000 ) ) ;
#4787 = LINE ( 'NONE', #5246, #3344 ) ;
#4788 = ORIENTED_EDGE ( 'NONE', *, *, #5263, .F. ) ;
#4789 =( LENGTH_UNIT ( ) NAMED_UNIT ( * ) SI_UNIT ( .MILLI., .METRE. ) );
#4790 = SURFACE_STYLE_USAGE ( .BOTH. , #5846 ) ;
#4791 =( NAMED_UNIT ( * ) SI_UNIT ( $, .STERADIAN. ) SOLID_ANGLE_UNIT ( ) );
#4792 = COLOUR_RGB ( '',0.7529411764705882200, 0.7529411764705882200, 0.7529411764705882200 ) ;
#4793 = DIRECTION ( 'NONE',  ( -0.0000000000000000000, -1.000000000000000000, -0.0000000000000000000 ) ) ;
#4794 = UNCERTAINTY_MEASURE_WITH_UNIT (LENGTH_MEASURE( 1.000000000000000100E-005 ), #5749, 'distance_accuracy_value', 'NONE');
#4795 = CARTESIAN_POINT ( 'NONE',  ( 0.0000000000000000000, 0.02000000000000000000, 1.100000000000003600 ) ) ;
#4796 = ORIENTED_EDGE ( 'NONE', *, *, #563, .F. ) ;
#4797 = SURFACE_SIDE_STYLE ('',( #1836 ) ) ;
#4798 = PRESENTATION_STYLE_ASSIGNMENT (( #525 ) ) ;
#4799 = UNCERTAINTY_MEASURE_WITH_UNIT (LENGTH_MEASURE( 1.000000000000000100E-005 ), #4665, 'distance_accuracy_value', 'NONE');
#4800 = ORIENTED_EDGE ( 'NONE', *, *, #5982, .F. ) ;
#4801 = FILL_AREA_STYLE ('',( #4588 ) ) ;
#4802 = MECHANICAL_DESIGN_GEOMETRIC_PRESENTATION_REPRESENTATION (  '', ( #3834 ), #5124 ) ;
#4803 = FILL_AREA_STYLE ('',( #3835 ) ) ;
#4804 = EDGE_CURVE ( 'NONE', #6216, #6168, #3610, .T. ) ;
#4805 = VECTOR ( 'NONE', #5525, 1000.000000000000000 ) ;
#4806 = VECTOR ( 'NONE', #1573, 1000.000000000000000 ) ;
#4807 = PLANE ( 'NONE',  #4404 ) ;
#4808 = PLANE ( 'NONE',  #3761 ) ;
#4809 = MECHANICAL_DESIGN_GEOMETRIC_PRESENTATION_REPRESENTATION (  '', ( #4160 ), #5133 ) ;
#4810 = COLOUR_RGB ( '',0.7529411764705882200, 0.7529411764705882200, 0.7529411764705882200 ) ;
#4811 = STYLED_ITEM ( 'NONE', ( #2544 ), #1762 ) ;
#4812 = CARTESIAN_POINT ( 'NONE',  ( -1.324999999999999700, 0.0000000000000000000, 1.150000000000007200 ) ) ;
#4813 = EDGE_CURVE ( 'NONE', #4608, #6071, #6077, .T. ) ;
#4814 = FILL_AREA_STYLE_COLOUR ( '', #1599 ) ;
#4815 = ADVANCED_FACE ( 'NONE', ( #2278 ), #4148, .T. ) ;
#4816 = DIRECTION ( 'NONE',  ( -0.0000000000000000000, -1.000000000000000000, -0.0000000000000000000 ) ) ;
#4817 = AXIS2_PLACEMENT_3D ( 'NONE', #5086, #4118, #1122 ) ;
#4818 = ORIENTED_EDGE ( 'NONE', *, *, #1853, .T. ) ;
#4819 = ORIENTED_EDGE ( 'NONE', *, *, #3417, .T. ) ;
#4820 =( GEOMETRIC_REPRESENTATION_CONTEXT ( 3 ) GLOBAL_UNCERTAINTY_ASSIGNED_CONTEXT ( ( #3275 ) ) GLOBAL_UNIT_ASSIGNED_CONTEXT ( ( #140, #6194, #3517 ) ) REPRESENTATION_CONTEXT ( 'NONE', 'WORKASPACE' ) );
#4821 = DIRECTION ( 'NONE',  ( -0.0000000000000000000, -1.000000000000000000, -0.0000000000000000000 ) ) ;
#4822 = ADVANCED_FACE ( 'NONE', ( #302 ), #1498, .T. ) ;
#4823 = VERTEX_POINT ( 'NONE', #5177 ) ;
#4824 = DIRECTION ( 'NONE',  ( -2.168404344971009100E-016, -0.0000000000000000000, -1.000000000000000000 ) ) ;
#4825 = FACE_OUTER_BOUND ( 'NONE', #3197, .T. ) ;
#4826 = SURFACE_SIDE_STYLE ('',( #4275 ) ) ;
#4827 = DIRECTION ( 'NONE',  ( -1.084202172485508800E-015, 0.0000000000000000000, 1.000000000000000000 ) ) ;
#4828 = STYLED_ITEM ( 'NONE', ( #6050 ), #6217 ) ;
#4829 = ORIENTED_EDGE ( 'NONE', *, *, #4260, .F. ) ;
#4830 = CIRCLE ( 'NONE', #3180, 0.04999999999999991300 ) ;
#4831 = SURFACE_SIDE_STYLE ('',( #4378 ) ) ;
#4832 = FACE_OUTER_BOUND ( 'NONE', #1906, .T. ) ;
#4833 = VERTEX_POINT ( 'NONE', #5685 ) ;
#4834 =( NAMED_UNIT ( * ) PLANE_ANGLE_UNIT ( ) SI_UNIT ( $, .RADIAN. ) );
#4835 = FACE_OUTER_BOUND ( 'NONE', #8, .T. ) ;
#4836 = ORIENTED_EDGE ( 'NONE', *, *, #4837, .F. ) ;
#4837 = EDGE_CURVE ( 'NONE', #4462, #5443, #5450, .T. ) ;
#4838 = ORIENTED_EDGE ( 'NONE', *, *, #1170, .F. ) ;
#4839 = SURFACE_STYLE_USAGE ( .BOTH. , #4933 ) ;
#4840 = PRESENTATION_STYLE_ASSIGNMENT (( #2687 ) ) ;
#4841 = FACE_OUTER_BOUND ( 'NONE', #3022, .T. ) ;
#4842 = STYLED_ITEM ( 'NONE', ( #4097 ), #3951 ) ;
#4843 = SURFACE_STYLE_USAGE ( .BOTH. , #1385 ) ;
#4844 = MECHANICAL_DESIGN_GEOMETRIC_PRESENTATION_REPRESENTATION (  '', ( #3887 ), #5180 ) ;
#4845 = DIRECTION ( 'NONE',  ( 1.000000000000000000, 0.0000000000000000000, -1.445602896647343600E-015 ) ) ;
#4846 = SURFACE_STYLE_FILL_AREA ( #2335 ) ;
#4847 = ORIENTED_EDGE ( 'NONE', *, *, #2211, .F. ) ;
#4848 = DIRECTION ( 'NONE',  ( 1.000000000000000000, -0.0000000000000000000, 0.0000000000000000000 ) ) ;
#4849 = EDGE_LOOP ( 'NONE', ( #5839, #5771, #236, #5487, #3325, #1437, #848, #5170 ) ) ;
#4850 =( NAMED_UNIT ( * ) SI_UNIT ( $, .STERADIAN. ) SOLID_ANGLE_UNIT ( ) );
#4851 = EDGE_CURVE ( 'NONE', #6486, #4026, #3006, .T. ) ;
#4852 = CARTESIAN_POINT ( 'NONE',  ( 1.174999999999999600, 0.02000000000000000000, -1.349999999999993400 ) ) ;
#4853 =( NAMED_UNIT ( * ) PLANE_ANGLE_UNIT ( ) SI_UNIT ( $, .RADIAN. ) );
#4854 = PRESENTATION_STYLE_ASSIGNMENT (( #1436 ) ) ;
#4855 = PRESENTATION_LAYER_ASSIGNMENT (  '', '', ( #4541 ) ) ;
#4857 = VERTEX_POINT ( 'NONE', #2734 ) ;
#4856 = PLANE ( 'NONE',  #1834 ) ;
#4858 = ADVANCED_FACE ( 'NONE', ( #2835 ), #1233, .F. ) ;
#4859 = AXIS2_PLACEMENT_3D ( 'NONE', #2951, #6452, #4002 ) ;
#4860 = CARTESIAN_POINT ( 'NONE',  ( 1.174999999999999800, 0.0000000000000000000, -1.399999999999993200 ) ) ;
#4861 = EDGE_LOOP ( 'NONE', ( #4409, #2586, #5787, #6164 ) ) ;
#4862 = CYLINDRICAL_SURFACE ( 'NONE', #3092, 0.02000000000000005200 ) ;
#4863 = EDGE_CURVE ( 'NONE', #1559, #3235, #3529, .T. ) ;
#4864 = CARTESIAN_POINT ( 'NONE',  ( -0.1249999999999997900, 0.02000000000000000000, 1.349999999999999900 ) ) ;
#4865 = AXIS2_PLACEMENT_3D ( 'NONE', #5710, #2241, #5197 ) ;
#4866 = AXIS2_PLACEMENT_3D ( 'NONE', #274, #3800, #782 ) ;
#4867 = SURFACE_STYLE_FILL_AREA ( #5752 ) ;
#4868 = MANIFOLD_SOLID_BREP ( 'Cut-Extrude1', #5799 ) ;
#4869 = SURFACE_STYLE_USAGE ( .BOTH. , #1401 ) ;
#4870 = SURFACE_SIDE_STYLE ('',( #5364 ) ) ;
#4871 = DIRECTION ( 'NONE',  ( -0.0000000000000000000, -1.000000000000000000, -0.0000000000000000000 ) ) ;
#4872 = FILL_AREA_STYLE ('',( #379 ) ) ;
#4873 = UNCERTAINTY_MEASURE_WITH_UNIT (LENGTH_MEASURE( 1.000000000000000100E-005 ), #2619, 'distance_accuracy_value', 'NONE');
#4874 = VECTOR ( 'NONE', #3195, 1000.000000000000000 ) ;
#4875 = VECTOR ( 'NONE', #5252, 1000.000000000000000 ) ;
#4876 = CARTESIAN_POINT ( 'NONE',  ( 0.8249999999999995100, 0.02000000000000000000, -1.349999999999996800 ) ) ;
#4877 = SURFACE_STYLE_FILL_AREA ( #2369 ) ;
#4878 = ORIENTED_EDGE ( 'NONE', *, *, #1485, .F. ) ;
#4879 = CARTESIAN_POINT ( 'NONE',  ( 0.0000000000000000000, 0.02000000000000000000, -1.480000000000000000 ) ) ;
#4880 = DIRECTION ( 'NONE',  ( -1.000000000000000000, 0.0000000000000000000, 0.0000000000000000000 ) ) ;
#4881 = CARTESIAN_POINT ( 'NONE',  ( 0.3749999999999996700, 0.02000000000000000000, -1.349999999999999600 ) ) ;
#4882 = VECTOR ( 'NONE', #3420, 1000.000000000000000 ) ;
#4883 = COLOUR_RGB ( '',0.7529411764705882200, 0.7529411764705882200, 0.7529411764705882200 ) ;
#4884 = VERTEX_POINT ( 'NONE', #5195 ) ;
#4885 = COLOUR_RGB ( '',0.7529411764705882200, 0.7529411764705882200, 0.7529411764705882200 ) ;
#4886 = LINE ( 'NONE', #668, #2740 ) ;
#4887 =( NAMED_UNIT ( * ) PLANE_ANGLE_UNIT ( ) SI_UNIT ( $, .RADIAN. ) );
#4888 = AXIS2_PLACEMENT_3D ( 'NONE', #577, #3166, #3813 ) ;
#4889 = DIRECTION ( 'NONE',  ( 0.0000000000000000000, 0.0000000000000000000, 1.000000000000000000 ) ) ;
#4890 = ADVANCED_FACE ( 'NONE', ( #4825 ), #6395, .T. ) ;
#4891 = CARTESIAN_POINT ( 'NONE',  ( -1.325000000000000000, 0.02000000000000000000, -1.349999999999993000 ) ) ;
#4892 = DIRECTION ( 'NONE',  ( 0.0000000000000000000, 0.0000000000000000000, 1.000000000000000000 ) ) ;
#4893 = FILL_AREA_STYLE ('',( #6387 ) ) ;
#4894 =( GEOMETRIC_REPRESENTATION_CONTEXT ( 3 ) GLOBAL_UNCERTAINTY_ASSIGNED_CONTEXT ( ( #3456 ) ) GLOBAL_UNIT_ASSIGNED_CONTEXT ( ( #2186, #5663, #2702 ) ) REPRESENTATION_CONTEXT ( 'NONE', 'WORKASPACE' ) );
#4895 = ORIENTED_EDGE ( 'NONE', *, *, #1199, .F. ) ;
#4896 = STYLED_ITEM ( 'NONE', ( #635 ), #2021 ) ;
#4897 = DIRECTION ( 'NONE',  ( -0.0000000000000000000, -1.000000000000000000, 0.0000000000000000000 ) ) ;
#4898 = PLANE ( 'NONE',  #361 ) ;
#4899 = COLOUR_RGB ( '',0.7529411764705882200, 0.7529411764705882200, 0.7529411764705882200 ) ;
#4900 = DIRECTION ( 'NONE',  ( 1.000000000000000000, 0.0000000000000000000, -4.251773225433352300E-017 ) ) ;
#4901 = CIRCLE ( 'NONE', #1890, 0.02000000000000005200 ) ;
#4902 = CARTESIAN_POINT ( 'NONE',  ( -1.480000000000000200, 0.04000000000000000100, -1.480000000000000000 ) ) ;
#4903 = SURFACE_STYLE_FILL_AREA ( #3081 ) ;
#4904 = EDGE_CURVE ( 'NONE', #2904, #1489, #1252, .T. ) ;
#4905 = ORIENTED_EDGE ( 'NONE', *, *, #4055, .T. ) ;
#4906 = COLOUR_RGB ( '',0.7529411764705882200, 0.7529411764705882200, 0.7529411764705882200 ) ;
#4907 = FACE_OUTER_BOUND ( 'NONE', #3453, .T. ) ;
#4908 = STYLED_ITEM ( 'NONE', ( #1776 ), #5616 ) ;
#4909 =( GEOMETRIC_REPRESENTATION_CONTEXT ( 3 ) GLOBAL_UNCERTAINTY_ASSIGNED_CONTEXT ( ( #615 ) ) GLOBAL_UNIT_ASSIGNED_CONTEXT ( ( #4474, #1478, #5563 ) ) REPRESENTATION_CONTEXT ( 'NONE', 'WORKASPACE' ) );
#4910 = FACE_OUTER_BOUND ( 'NONE', #4308, .T. ) ;
#4911 = CARTESIAN_POINT ( 'NONE',  ( 0.0000000000000000000, 0.5500000000000000400, 0.0000000000000000000 ) ) ;
#4912 = VECTOR ( 'NONE', #3668, 1000.000000000000000 ) ;
#4913 = DIRECTION ( 'NONE',  ( 2.602085213965215100E-014, 0.0000000000000000000, 1.000000000000000000 ) ) ;
#4914 = CARTESIAN_POINT ( 'NONE',  ( 1.125000000000000900, 0.0000000000000000000, -1.219727444046198400E-015 ) ) ;
#4915 = ORIENTED_EDGE ( 'NONE', *, *, #2396, .T. ) ;
#4916 = CARTESIAN_POINT ( 'NONE',  ( 1.275000000000000100, 0.02000000000000000000, 0.7000000000000001800 ) ) ;
#4917 = CARTESIAN_POINT ( 'NONE',  ( -1.479999999999999800, 0.02000000000000000000, 3.209238430557093100E-016 ) ) ;
#4918 = CYLINDRICAL_SURFACE ( 'NONE', #1454, 0.05000000000000012800 ) ;
#4919 = CARTESIAN_POINT ( 'NONE',  ( 1.325000000000000200, 0.02000000000000000000, 1.100000000000006300 ) ) ;
#4920 = ORIENTED_EDGE ( 'NONE', *, *, #4107, .T. ) ;
#4921 = VECTOR ( 'NONE', #468, 1000.000000000000000 ) ;
#4922 = SURFACE_SIDE_STYLE ('',( #5704 ) ) ;
#4923 = ORIENTED_EDGE ( 'NONE', *, *, #508, .F. ) ;
#4924 = DIRECTION ( 'NONE',  ( 0.0000000000000000000, 0.0000000000000000000, 1.000000000000000000 ) ) ;
#4925 = CARTESIAN_POINT ( 'NONE',  ( -1.275000000000000100, 0.02000000000000000000, -0.6999999999999997300 ) ) ;
#4926 = DIRECTION ( 'NONE',  ( -0.0000000000000000000, -1.000000000000000000, -0.0000000000000000000 ) ) ;
#4927 = ORIENTED_EDGE ( 'NONE', *, *, #1327, .T. ) ;
#4928 = VECTOR ( 'NONE', #745, 1000.000000000000000 ) ;
#4929 = SURFACE_STYLE_USAGE ( .BOTH. , #364 ) ;
#4930 = STYLED_ITEM ( 'NONE', ( #1057 ), #440 ) ;
#4931 = VERTEX_POINT ( 'NONE', #1298 ) ;
#4932 = EDGE_CURVE ( 'NONE', #624, #68, #3765, .T. ) ;
#4933 = SURFACE_SIDE_STYLE ('',( #4903 ) ) ;
#4934 = FACE_OUTER_BOUND ( 'NONE', #5290, .T. ) ;
#4935 = DIRECTION ( 'NONE',  ( 0.0000000000000000000, 1.000000000000000000, 0.0000000000000000000 ) ) ;
#4936 = ORIENTED_EDGE ( 'NONE', *, *, #1656, .F. ) ;
#4937 = AXIS2_PLACEMENT_3D ( 'NONE', #3499, #493, #4003 ) ;
#4938 = FILL_AREA_STYLE ('',( #1965 ) ) ;
#4939 = AXIS2_PLACEMENT_3D ( 'NONE', #6205, #1054, #266 ) ;
#4940 = PLANE ( 'NONE',  #4630 ) ;
#4941 = ORIENTED_EDGE ( 'NONE', *, *, #4948, .T. ) ;
#4942 = DIRECTION ( 'NONE',  ( -0.0000000000000000000, -1.000000000000000000, -0.0000000000000000000 ) ) ;
#4943 = SURFACE_STYLE_FILL_AREA ( #3472 ) ;
#4944 =( NAMED_UNIT ( * ) SI_UNIT ( $, .STERADIAN. ) SOLID_ANGLE_UNIT ( ) );
#4945 = ADVANCED_FACE ( 'NONE', ( #2594 ), #4289, .T. ) ;
#4946 = LINE ( 'NONE', #2342, #2155 ) ;
#4947 = VERTEX_POINT ( 'NONE', #1797 ) ;
#4948 = EDGE_CURVE ( 'NONE', #318, #858, #1954, .T. ) ;
#4949 = DIRECTION ( 'NONE',  ( 0.0000000000000000000, 0.0000000000000000000, 1.000000000000000000 ) ) ;
#4950 =( NAMED_UNIT ( * ) PLANE_ANGLE_UNIT ( ) SI_UNIT ( $, .RADIAN. ) );
#4951 = FILL_AREA_STYLE_COLOUR ( '', #6412 ) ;
#4952 = DIRECTION ( 'NONE',  ( -0.0000000000000000000, -1.000000000000000000, -0.0000000000000000000 ) ) ;
#4953 = AXIS2_PLACEMENT_3D ( 'NONE', #521, #4036, #1030 ) ;
#4954 = SURFACE_STYLE_USAGE ( .BOTH. , #978 ) ;
#4955 = MECHANICAL_DESIGN_GEOMETRIC_PRESENTATION_REPRESENTATION (  '', ( #3969 ), #5267 ) ;
#4956 = PRESENTATION_STYLE_ASSIGNMENT (( #5917 ) ) ;
#4957 = CARTESIAN_POINT ( 'NONE',  ( -0.6750000000000003800, 0.02000000000000000000, -1.099999999999996300 ) ) ;
#4958 = EDGE_CURVE ( 'NONE', #3827, #5251, #613, .T. ) ;
#4959 = ORIENTED_EDGE ( 'NONE', *, *, #1151, .T. ) ;
#4960 = CARTESIAN_POINT ( 'NONE',  ( 1.274999999999999900, 0.02000000000000000000, -4.423544863740856100E-016 ) ) ;
#4961 =( GEOMETRIC_REPRESENTATION_CONTEXT ( 3 ) GLOBAL_UNCERTAINTY_ASSIGNED_CONTEXT ( ( #683 ) ) GLOBAL_UNIT_ASSIGNED_CONTEXT ( ( #4988, #2023, #5491 ) ) REPRESENTATION_CONTEXT ( 'NONE', 'WORKASPACE' ) );
#4962 = DIRECTION ( 'NONE',  ( 0.0000000000000000000, 0.0000000000000000000, 1.000000000000000000 ) ) ;
#4963 = CIRCLE ( 'NONE', #3083, 0.04999999999999991300 ) ;
#4964 = AXIS2_PLACEMENT_3D ( 'NONE', #3045, #6502, #3522 ) ;
#4965 = COLOUR_RGB ( '',0.7529411764705882200, 0.7529411764705882200, 0.7529411764705882200 ) ;
#4966 = CARTESIAN_POINT ( 'NONE',  ( -0.3249999999999996800, 0.0000000000000000000, 1.350000000000000300 ) ) ;
#4967 = SURFACE_SIDE_STYLE ('',( #5373 ) ) ;
#4968 = ORIENTED_EDGE ( 'NONE', *, *, #1375, .T. ) ;
#4969 = CARTESIAN_POINT ( 'NONE',  ( 0.0000000000000000000, 0.0000000000000000000, 1.100000000000000300 ) ) ;
#4970 =( NAMED_UNIT ( * ) SI_UNIT ( $, .STERADIAN. ) SOLID_ANGLE_UNIT ( ) );
#4971 = CIRCLE ( 'NONE', #5633, 0.04999999999999991300 ) ;
#4972 = SURFACE_STYLE_USAGE ( .BOTH. , #1496 ) ;
#4973 = CARTESIAN_POINT ( 'NONE',  ( 1.275000000000000100, 0.02000000000000000000, 0.7000000000000001800 ) ) ;
#4974 =( NAMED_UNIT ( * ) PLANE_ANGLE_UNIT ( ) SI_UNIT ( $, .RADIAN. ) );
#4975 = FILL_AREA_STYLE_COLOUR ( '', #5359 ) ;
#4976 = ADVANCED_FACE ( 'NONE', ( #4445 ), #4808, .F. ) ;
#4977 = EDGE_CURVE ( 'NONE', #5037, #67, #1331, .T. ) ;
#4978 =( NAMED_UNIT ( * ) SI_UNIT ( $, .STERADIAN. ) SOLID_ANGLE_UNIT ( ) );
#4979 = AXIS2_PLACEMENT_3D ( 'NONE', #6097, #3154, #107 ) ;
#4980 = CARTESIAN_POINT ( 'NONE',  ( -0.8750000000000000000, 0.0000000000000000000, -1.349999999999995900 ) ) ;
#4981 = AXIS2_PLACEMENT_3D ( 'NONE', #6169, #4569, #3224 ) ;
#4982 = CIRCLE ( 'NONE', #1860, 0.04999999999999991300 ) ;
#4983 = ORIENTED_EDGE ( 'NONE', *, *, #4534, .F. ) ;
#4984 = SURFACE_STYLE_USAGE ( .BOTH. , #4967 ) ;
#4985 = ORIENTED_EDGE ( 'NONE', *, *, #1075, .T. ) ;
#4986 = AXIS2_PLACEMENT_3D ( 'NONE', #332, #4821, #4443 ) ;
#4987 = ORIENTED_EDGE ( 'NONE', *, *, #3098, .T. ) ;
#4988 =( LENGTH_UNIT ( ) NAMED_UNIT ( * ) SI_UNIT ( .MILLI., .METRE. ) );
#4989 = CARTESIAN_POINT ( 'NONE',  ( -0.6750000000000002700, 0.02000000000000000000, 1.100000000000003600 ) ) ;
#4990 = EDGE_CURVE ( 'NONE', #2662, #1028, #5277, .T. ) ;
#4991 = EDGE_LOOP ( 'NONE', ( #3644, #2289, #3152, #6501 ) ) ;
#4992 = UNCERTAINTY_MEASURE_WITH_UNIT (LENGTH_MEASURE( 1.000000000000000100E-005 ), #4218, 'distance_accuracy_value', 'NONE');
#4993 = SURFACE_SIDE_STYLE ('',( #1178 ) ) ;
#4994 = ORIENTED_EDGE ( 'NONE', *, *, #4419, .F. ) ;
#4995 = PRESENTATION_STYLE_ASSIGNMENT (( #5584 ) ) ;
#4996 = ORIENTED_EDGE ( 'NONE', *, *, #4435, .T. ) ;
#4997 = UNCERTAINTY_MEASURE_WITH_UNIT (LENGTH_MEASURE( 1.000000000000000100E-005 ), #4486, 'distance_accuracy_value', 'NONE');
#4998 = ADVANCED_FACE ( 'NONE', ( #2663 ), #693, .T. ) ;
#4999 = VERTEX_POINT ( 'NONE', #5848 ) ;
#5000 = ORIENTED_EDGE ( 'NONE', *, *, #1707, .T. ) ;
#5001 = CIRCLE ( 'NONE', #2778, 0.04999999999999991300 ) ;
#5002 = CARTESIAN_POINT ( 'NONE',  ( 1.499999999999999800, 0.5500000000000000400, -1.500000000000000000 ) ) ;
#5003 = SURFACE_STYLE_USAGE ( .BOTH. , #1544 ) ;
#5004 = DIRECTION ( 'NONE',  ( 0.0000000000000000000, 0.0000000000000000000, 1.000000000000000000 ) ) ;
#5005 = CARTESIAN_POINT ( 'NONE',  ( 0.0000000000000000000, 0.0000000000000000000, 0.0000000000000000000 ) ) ;
#5006 = VECTOR ( 'NONE', #1826, 1000.000000000000000 ) ;
#5007 = DIRECTION ( 'NONE',  ( 0.0000000000000000000, 1.000000000000000000, -0.0000000000000000000 ) ) ;
#5008 = CARTESIAN_POINT ( 'NONE',  ( 1.324999999999999500, 0.02000000000000000000, -1.349999999999993600 ) ) ;
#5009 = ORIENTED_EDGE ( 'NONE', *, *, #2810, .F. ) ;
#5010 = ORIENTED_EDGE ( 'NONE', *, *, #5785, .T. ) ;
#5011 =( NAMED_UNIT ( * ) PLANE_ANGLE_UNIT ( ) SI_UNIT ( $, .RADIAN. ) );
#5012 = AXIS2_PLACEMENT_3D ( 'NONE', #4960, #5594, #3532 ) ;
#5013 = PRESENTATION_STYLE_ASSIGNMENT (( #6275 ) ) ;
#5014 =( NAMED_UNIT ( * ) SI_UNIT ( $, .STERADIAN. ) SOLID_ANGLE_UNIT ( ) );
#5015 = EDGE_LOOP ( 'NONE', ( #4663, #589, #4836, #2976 ) ) ;
#5016 = SURFACE_STYLE_FILL_AREA ( #3906 ) ;
#5017 = EDGE_LOOP ( 'NONE', ( #1664, #4668 ) ) ;
#5018 = LINE ( 'NONE', #1260, #3725 ) ;
#5019 = PRESENTATION_STYLE_ASSIGNMENT (( #4434 ) ) ;
#5020 = MECHANICAL_DESIGN_GEOMETRIC_PRESENTATION_REPRESENTATION (  '', ( #4367 ), #5347 ) ;
#5021 = EDGE_LOOP ( 'NONE', ( #2842, #1152, #3699, #4104, #2533, #5344, #2693, #4708 ) ) ;
#5022 = DIRECTION ( 'NONE',  ( 0.0000000000000000000, 0.0000000000000000000, 1.000000000000000000 ) ) ;
#5023 =( GEOMETRIC_REPRESENTATION_CONTEXT ( 3 ) GLOBAL_UNCERTAINTY_ASSIGNED_CONTEXT ( ( #4997 ) ) GLOBAL_UNIT_ASSIGNED_CONTEXT ( ( #4486, #988, #1891 ) ) REPRESENTATION_CONTEXT ( 'NONE', 'WORKASPACE' ) );
#5024 = DIRECTION ( 'NONE',  ( 1.445602896647339200E-016, 0.0000000000000000000, 1.000000000000000000 ) ) ;
#5025 = CARTESIAN_POINT ( 'NONE',  ( 0.8250000000000002900, 0.02000000000000000000, 1.150000000000003700 ) ) ;
#5026 = EDGE_CURVE ( 'NONE', #3650, #1292, #2037, .T. ) ;
#5027 = CARTESIAN_POINT ( 'NONE',  ( -0.1250000000000001700, 0.02000000000000000000, 3.388131789017219200E-017 ) ) ;
#5028 = LINE ( 'NONE', #528, #2391 ) ;
#5029 = ORIENTED_EDGE ( 'NONE', *, *, #2791, .T. ) ;
#5030 = CARTESIAN_POINT ( 'NONE',  ( -0.1750000000000003200, 0.02000000000000000000, -1.399999999999999700 ) ) ;
#5031 = DIRECTION ( 'NONE',  ( -0.0000000000000000000, -1.000000000000000000, -0.0000000000000000000 ) ) ;
#5032 = PRESENTATION_LAYER_ASSIGNMENT (  '', '', ( #5354 ) ) ;
#5033 = AXIS2_PLACEMENT_3D ( 'NONE', #5396, #5031, #946 ) ;
#5034 = PLANE ( 'NONE',  #906 ) ;
#5035 = ADVANCED_FACE ( 'NONE', ( #4666 ), #5827, .T. ) ;
#5036 = ORIENTED_EDGE ( 'NONE', *, *, #4019, .F. ) ;
#5037 = VERTEX_POINT ( 'NONE', #2903 ) ;
#5038 = PRESENTATION_LAYER_ASSIGNMENT (  '', '', ( #4707 ) ) ;
#5039 = LINE ( 'NONE', #406, #2401 ) ;
#5040 = ORIENTED_EDGE ( 'NONE', *, *, #3322, .T. ) ;
#5041 = AXIS2_PLACEMENT_3D ( 'NONE', #2592, #6051, #3114 ) ;
#5042 = FILL_AREA_STYLE_COLOUR ( '', #4650 ) ;
#5043 = UNCERTAINTY_MEASURE_WITH_UNIT (LENGTH_MEASURE( 1.000000000000000100E-005 ), #581, 'distance_accuracy_value', 'NONE');
#5044 = SURFACE_STYLE_USAGE ( .BOTH. , #1587 ) ;
#5045 = DIRECTION ( 'NONE',  ( 0.0000000000000000000, 0.0000000000000000000, 1.000000000000000000 ) ) ;
#5046 = AXIS2_PLACEMENT_3D ( 'NONE', #656, #3174, #126 ) ;
#5047 = FILL_AREA_STYLE ('',( #3965 ) ) ;
#5048 = PRESENTATION_STYLE_ASSIGNMENT (( #1578 ) ) ;
#5049 = CARTESIAN_POINT ( 'NONE',  ( 1.124999999999999800, 0.02000000000000000000, -1.149999999999993700 ) ) ;
#5050 = ORIENTED_EDGE ( 'NONE', *, *, #2748, .T. ) ;
#5051 = EDGE_CURVE ( 'NONE', #2142, #1451, #212, .T. ) ;
#5052 = VECTOR ( 'NONE', #6435, 1000.000000000000000 ) ;
#5053 = AXIS2_PLACEMENT_3D ( 'NONE', #4350, #6348, #1338 ) ;
#5054 = ORIENTED_EDGE ( 'NONE', *, *, #3898, .T. ) ;
#5055 = PRESENTATION_LAYER_ASSIGNMENT (  '', '', ( #5388 ) ) ;
#5056 = PRESENTATION_STYLE_ASSIGNMENT (( #813 ) ) ;
#5057 = EDGE_CURVE ( 'NONE', #5276, #5418, #5357, .T. ) ;
#5058 = FILL_AREA_STYLE_COLOUR ( '', #3060 ) ;
#5059 =( NAMED_UNIT ( * ) PLANE_ANGLE_UNIT ( ) SI_UNIT ( $, .RADIAN. ) );
#5060 = STYLED_ITEM ( 'NONE', ( #5832 ), #5035 ) ;
#5061 = PRESENTATION_LAYER_ASSIGNMENT (  '', '', ( #4417 ) ) ;
#5062 = DIRECTION ( 'NONE',  ( -0.0000000000000000000, -1.000000000000000000, -0.0000000000000000000 ) ) ;
#5063 = FILL_AREA_STYLE ('',( #584 ) ) ;
#5064 = UNCERTAINTY_MEASURE_WITH_UNIT (LENGTH_MEASURE( 1.000000000000000100E-005 ), #3968, 'distance_accuracy_value', 'NONE');
#5065 = FACE_OUTER_BOUND ( 'NONE', #3039, .T. ) ;
#5066 = ORIENTED_EDGE ( 'NONE', *, *, #1485, .T. ) ;
#5067 = FILL_AREA_STYLE ('',( #1591 ) ) ;
#5068 = UNCERTAINTY_MEASURE_WITH_UNIT (LENGTH_MEASURE( 1.000000000000000100E-005 ), #2905, 'distance_accuracy_value', 'NONE');
#5069 = ORIENTED_EDGE ( 'NONE', *, *, #4484, .T. ) ;
#5070 = EDGE_CURVE ( 'NONE', #4116, #1432, #2907, .T. ) ;
#5071 = SURFACE_STYLE_USAGE ( .BOTH. , #1622 ) ;
#5072 = ORIENTED_EDGE ( 'NONE', *, *, #1765, .T. ) ;
#5073 = PRESENTATION_STYLE_ASSIGNMENT (( #4473 ) ) ;
#5074 = SURFACE_STYLE_USAGE ( .BOTH. , #4603 ) ;
#5075 = PRESENTATION_STYLE_ASSIGNMENT (( #2346 ) ) ;
#5076 = AXIS2_PLACEMENT_3D ( 'NONE', #895, #4386, #1404 ) ;
#5077 = LINE ( 'NONE', #3518, #3788 ) ;
#5078 = ORIENTED_EDGE ( 'NONE', *, *, #1586, .F. ) ;
#5079 = COLOUR_RGB ( '',0.2509803921568627400, 0.2509803921568627400, 0.2509803921568627400 ) ;
#5080 = ORIENTED_EDGE ( 'NONE', *, *, #2590, .F. ) ;
#5081 =( LENGTH_UNIT ( ) NAMED_UNIT ( * ) SI_UNIT ( .MILLI., .METRE. ) );
#5082 = VECTOR ( 'NONE', #3274, 1000.000000000000000 ) ;
#5083 = FILL_AREA_STYLE_COLOUR ( '', #4515 ) ;
#5084 = CARTESIAN_POINT ( 'NONE',  ( -0.3749999999999998900, 0.02000000000000000000, -1.150000000000000100 ) ) ;
#5085 = ORIENTED_EDGE ( 'NONE', *, *, #588, .T. ) ;
#5086 = CARTESIAN_POINT ( 'NONE',  ( 0.0000000000000000000, 0.02000000000000000000, -1.099999999999999900 ) ) ;
#5087 = CARTESIAN_POINT ( 'NONE',  ( 0.0000000000000000000, 0.02000000000000000000, 1.100000000000003600 ) ) ;
#5088 = DIRECTION ( 'NONE',  ( 1.000000000000000000, -0.0000000000000000000, 0.0000000000000000000 ) ) ;
#5089 = EDGE_CURVE ( 'NONE', #4702, #72, #2749, .T. ) ;
#5090 = LINE ( 'NONE', #5950, #2461 ) ;
#5091 = ORIENTED_EDGE ( 'NONE', *, *, #3309, .T. ) ;
#5092 = FILL_AREA_STYLE ('',( #4601 ) ) ;
#5093 = ORIENTED_EDGE ( 'NONE', *, *, #3990, .F. ) ;
#5094 = LINE ( 'NONE', #152, #6291 ) ;
#5095 = AXIS2_PLACEMENT_3D ( 'NONE', #1768, #5229, #2275 ) ;
#5096 =( GEOMETRIC_REPRESENTATION_CONTEXT ( 3 ) GLOBAL_UNCERTAINTY_ASSIGNED_CONTEXT ( ( #3674 ) ) GLOBAL_UNIT_ASSIGNED_CONTEXT ( ( #5281, #1306, #1869 ) ) REPRESENTATION_CONTEXT ( 'NONE', 'WORKASPACE' ) );
#5097 =( LENGTH_UNIT ( ) NAMED_UNIT ( * ) SI_UNIT ( .MILLI., .METRE. ) );
#5098 = FACE_OUTER_BOUND ( 'NONE', #317, .T. ) ;
#5099 = ORIENTED_EDGE ( 'NONE', *, *, #2536, .F. ) ;
#5100 = DIRECTION ( 'NONE',  ( 0.0000000000000000000, 1.000000000000000000, -0.0000000000000000000 ) ) ;
#5101 = DIRECTION ( 'NONE',  ( -1.000000000000000000, 0.0000000000000000000, -0.0000000000000000000 ) ) ;
#5102 = SURFACE_SIDE_STYLE ('',( #4277 ) ) ;
#5103 = EDGE_CURVE ( 'NONE', #4086, #1512, #44, .T. ) ;
#5104 =( NAMED_UNIT ( * ) PLANE_ANGLE_UNIT ( ) SI_UNIT ( $, .RADIAN. ) );
#5105 = CARTESIAN_POINT ( 'NONE',  ( 0.3749999999999996700, 0.02000000000000000000, -1.349999999999999600 ) ) ;
#5106 = VECTOR ( 'NONE', #3688, 1000.000000000000000 ) ;
#5107 = CLOSED_SHELL ( 'NONE', ( #515, #2695, #4084, #1179, #2228, #6489, #1383, #6018, #5912, #410 ) ) ;
#5108 = DIRECTION ( 'NONE',  ( 1.000000000000000000, 0.0000000000000000000, 0.0000000000000000000 ) ) ;
#5109 = AXIS2_PLACEMENT_3D ( 'NONE', #3318, #6133, #5225 ) ;
#5110 = CARTESIAN_POINT ( 'NONE',  ( -0.8249999999999998400, 0.02000000000000000000, -1.149999999999996600 ) ) ;
#5111 = VECTOR ( 'NONE', #496, 1000.000000000000000 ) ;
#5112 = LINE ( 'NONE', #1079, #3832 ) ;
#5113 = FILL_AREA_STYLE_COLOUR ( '', #3342 ) ;
#5114 =( NAMED_UNIT ( * ) PLANE_ANGLE_UNIT ( ) SI_UNIT ( $, .RADIAN. ) );
#5115 = CARTESIAN_POINT ( 'NONE',  ( 0.8249999999999999600, 0.02000000000000000000, 1.100000000000003600 ) ) ;
#5116 = LINE ( 'NONE', #5697, #1326 ) ;
#5117 = PLANE ( 'NONE',  #4817 ) ;
#5118 = CARTESIAN_POINT ( 'NONE',  ( 1.174999999999999600, 0.5500000000000000400, -1.269999999999993600 ) ) ;
#5119 = DIRECTION ( 'NONE',  ( 1.000000000000000000, 0.0000000000000000000, -0.0000000000000000000 ) ) ;
#5120 = VERTEX_POINT ( 'NONE', #4919 ) ;
#5121 = FILL_AREA_STYLE_COLOUR ( '', #2078 ) ;
#5122 = VECTOR ( 'NONE', #4827, 1000.000000000000000 ) ;
#5123 = DIRECTION ( 'NONE',  ( -1.000000000000000000, -0.0000000000000000000, -0.0000000000000000000 ) ) ;
#5124 =( GEOMETRIC_REPRESENTATION_CONTEXT ( 3 ) GLOBAL_UNCERTAINTY_ASSIGNED_CONTEXT ( ( #4138 ) ) GLOBAL_UNIT_ASSIGNED_CONTEXT ( ( #3758, #748, #4256 ) ) REPRESENTATION_CONTEXT ( 'NONE', 'WORKASPACE' ) );
#5125 = CIRCLE ( 'NONE', #1952, 0.02000000000000005200 ) ;
#5126 = DIRECTION ( 'NONE',  ( -1.000000000000000000, 0.0000000000000000000, 0.0000000000000000000 ) ) ;
#5127 = CARTESIAN_POINT ( 'NONE',  ( 1.375000000000000700, 0.0000000000000000000, 1.350000000000005900 ) ) ;
#5128 = EDGE_CURVE ( 'NONE', #2398, #955, #1575, .T. ) ;
#5129 = EDGE_LOOP ( 'NONE', ( #4426, #5085, #229, #2535, #5093 ) ) ;
#5130 = DIRECTION ( 'NONE',  ( 2.602085213965215100E-014, 0.0000000000000000000, 1.000000000000000000 ) ) ;
#5131 = FACE_OUTER_BOUND ( 'NONE', #3393, .T. ) ;
#5132 = ORIENTED_EDGE ( 'NONE', *, *, #4168, .F. ) ;
#5133 =( GEOMETRIC_REPRESENTATION_CONTEXT ( 3 ) GLOBAL_UNCERTAINTY_ASSIGNED_CONTEXT ( ( #3939 ) ) GLOBAL_UNIT_ASSIGNED_CONTEXT ( ( #3464, #450, #3962 ) ) REPRESENTATION_CONTEXT ( 'NONE', 'WORKASPACE' ) );
#5134 = AXIS2_PLACEMENT_3D ( 'NONE', #2608, #2427, #6408 ) ;
#5135 = EDGE_LOOP ( 'NONE', ( #4686, #4401, #5040, #2201 ) ) ;
#5136 = SURFACE_STYLE_FILL_AREA ( #4803 ) ;
#5137 = DIRECTION ( 'NONE',  ( -0.0000000000000000000, -1.000000000000000000, 0.0000000000000000000 ) ) ;
#5138 = FACE_OUTER_BOUND ( 'NONE', #5795, .T. ) ;
#5139 = EDGE_CURVE ( 'NONE', #2604, #4546, #3909, .T. ) ;
#5140 = CARTESIAN_POINT ( 'NONE',  ( 1.480000000000000200, 0.5300000000000000300, 1.480000000000000000 ) ) ;
#5141 = UNCERTAINTY_MEASURE_WITH_UNIT (LENGTH_MEASURE( 1.000000000000000100E-005 ), #303, 'distance_accuracy_value', 'NONE');
#5142 = ORIENTED_EDGE ( 'NONE', *, *, #4456, .T. ) ;
#5143 = SURFACE_SIDE_STYLE ('',( #5945 ) ) ;
#5144 = DIRECTION ( 'NONE',  ( -0.0000000000000000000, -1.000000000000000000, -0.0000000000000000000 ) ) ;
#5145 = CARTESIAN_POINT ( 'NONE',  ( 0.1250000000000002200, 0.0000000000000000000, -3.388131789017220500E-017 ) ) ;
#5146 = AXIS2_PLACEMENT_3D ( 'NONE', #119, #3660, #646 ) ;
#5147 =( NAMED_UNIT ( * ) PLANE_ANGLE_UNIT ( ) SI_UNIT ( $, .RADIAN. ) );
#5148 = PRESENTATION_LAYER_ASSIGNMENT (  '', '', ( #4505 ) ) ;
#5149 = SURFACE_STYLE_USAGE ( .BOTH. , #1689 ) ;
#5150 =( NAMED_UNIT ( * ) PLANE_ANGLE_UNIT ( ) SI_UNIT ( $, .RADIAN. ) );
#5151 = PRESENTATION_STYLE_ASSIGNMENT (( #3786 ) ) ;
#5152 =( NAMED_UNIT ( * ) SI_UNIT ( $, .STERADIAN. ) SOLID_ANGLE_UNIT ( ) );
#5153 = ORIENTED_EDGE ( 'NONE', *, *, #5070, .T. ) ;
#5154 = EDGE_LOOP ( 'NONE', ( #127, #1077, #3870, #3534 ) ) ;
#5155 = DIRECTION ( 'NONE',  ( -0.0000000000000000000, -1.000000000000000000, 0.0000000000000000000 ) ) ;
#5156 = VERTEX_POINT ( 'NONE', #4447 ) ;
#5157 = DIRECTION ( 'NONE',  ( 0.0000000000000000000, 0.0000000000000000000, 1.000000000000000000 ) ) ;
#5158 = CARTESIAN_POINT ( 'NONE',  ( 0.0000000000000000000, 0.0000000000000000000, 1.100000000000003600 ) ) ;
#5159 = COLOUR_RGB ( '',0.7529411764705882200, 0.7529411764705882200, 0.7529411764705882200 ) ;
#5160 =( LENGTH_UNIT ( ) NAMED_UNIT ( * ) SI_UNIT ( .MILLI., .METRE. ) );
#5161 = ORIENTED_EDGE ( 'NONE', *, *, #5442, .F. ) ;
#5162 = VERTEX_POINT ( 'NONE', #2978 ) ;
#5163 = PRESENTATION_LAYER_ASSIGNMENT (  '', '', ( #4828 ) ) ;
#5164 = DIRECTION ( 'NONE',  ( -0.0000000000000000000, -1.000000000000000000, 0.0000000000000000000 ) ) ;
#5165 = SURFACE_SIDE_STYLE ('',( #1996 ) ) ;
#5166 = PRESENTATION_STYLE_ASSIGNMENT (( #2208 ) ) ;
#5167 = EDGE_LOOP ( 'NONE', ( #5302, #3387, #6279, #549 ) ) ;
#5168 = DIRECTION ( 'NONE',  ( 0.0000000000000000000, 1.000000000000000000, -0.0000000000000000000 ) ) ;
#5169 =( NAMED_UNIT ( * ) SI_UNIT ( $, .STERADIAN. ) SOLID_ANGLE_UNIT ( ) );
#5170 = ORIENTED_EDGE ( 'NONE', *, *, #2719, .T. ) ;
#5171 = COLOUR_RGB ( '',0.2509803921568627400, 0.2509803921568627400, 0.2509803921568627400 ) ;
#5172 = DIRECTION ( 'NONE',  ( 0.0000000000000000000, 0.0000000000000000000, 1.000000000000000000 ) ) ;
#5173 = EDGE_CURVE ( 'NONE', #3380, #3607, #1097, .T. ) ;
#5174 = SURFACE_STYLE_USAGE ( .BOTH. , #1717 ) ;
#5175 = ADVANCED_FACE ( 'NONE', ( #2419 ), #3145, .T. ) ;
#5176 = SURFACE_SIDE_STYLE ('',( #6299 ) ) ;
#5177 = CARTESIAN_POINT ( 'NONE',  ( 0.8750000000000003300, 0.02000000000000000000, 1.150000000000004100 ) ) ;
#5178 = CYLINDRICAL_SURFACE ( 'NONE', #3391, 0.04999999999999991300 ) ;
#5179 = PRESENTATION_LAYER_ASSIGNMENT (  '', '', ( #4842 ) ) ;
#5180 =( GEOMETRIC_REPRESENTATION_CONTEXT ( 3 ) GLOBAL_UNCERTAINTY_ASSIGNED_CONTEXT ( ( #5141 ) ) GLOBAL_UNIT_ASSIGNED_CONTEXT ( ( #303, #4834, #1415 ) ) REPRESENTATION_CONTEXT ( 'NONE', 'WORKASPACE' ) );
#5181 = CARTESIAN_POINT ( 'NONE',  ( -1.175000000000000000, 0.02000000000000000000, -1.149999999999992800 ) ) ;
#5182 = ADVANCED_FACE ( 'NONE', ( #607 ), #1997, .T. ) ;
#5183 = SURFACE_STYLE_USAGE ( .BOTH. , #4734 ) ;
#5184 = EDGE_CURVE ( 'NONE', #2421, #1559, #5815, .T. ) ;
#5185 = ORIENTED_EDGE ( 'NONE', *, *, #1707, .F. ) ;
#5186 = MECHANICAL_DESIGN_GEOMETRIC_PRESENTATION_REPRESENTATION (  '', ( #4541 ), #5529 ) ;
#5187 = STYLED_ITEM ( 'NONE', ( #6484 ), #2494 ) ;
#5188 = ORIENTED_EDGE ( 'NONE', *, *, #3410, .F. ) ;
#5189 = DIRECTION ( 'NONE',  ( 1.000000000000000000, 0.0000000000000000000, 0.0000000000000000000 ) ) ;
#5190 = CARTESIAN_POINT ( 'NONE',  ( 1.125000000000000900, 0.02000000000000000000, -1.219727444046198400E-015 ) ) ;
#5191 = EDGE_CURVE ( 'NONE', #1022, #5251, #3361, .T. ) ;
#5192 = CARTESIAN_POINT ( 'NONE',  ( 0.6250000000000006700, 0.0000000000000000000, 1.350000000000003400 ) ) ;
#5193 = CARTESIAN_POINT ( 'NONE',  ( 1.124999999999999800, 0.0000000000000000000, -0.6999999999999997300 ) ) ;
#5194 = AXIS2_PLACEMENT_3D ( 'NONE', #4732, #1253, #4252 ) ;
#5195 = CARTESIAN_POINT ( 'NONE',  ( 0.3250000000000000100, 0.0000000000000000000, 1.100000000000000300 ) ) ;
#5196 = AXIS2_PLACEMENT_3D ( 'NONE', #5794, #2838, #6308 ) ;
#5197 = DIRECTION ( 'NONE',  ( 0.0000000000000000000, 0.0000000000000000000, 1.000000000000000000 ) ) ;
#5198 = CIRCLE ( 'NONE', #3141, 0.04999999999999991300 ) ;
#5199 = ORIENTED_EDGE ( 'NONE', *, *, #4122, .F. ) ;
#5200 = CARTESIAN_POINT ( 'NONE',  ( 1.175000000000000700, 0.02000000000000000000, 1.150000000000006400 ) ) ;
#5201 = VECTOR ( 'NONE', #4428, 1000.000000000000000 ) ;
#5202 = ADVANCED_FACE ( 'NONE', ( #4510 ), #5484, .T. ) ;
#5203 = DIRECTION ( 'NONE',  ( -0.0000000000000000000, -1.000000000000000000, -0.0000000000000000000 ) ) ;
#5204 = VERTEX_POINT ( 'NONE', #6503 ) ;
#5205 = EDGE_CURVE ( 'NONE', #4462, #752, #2822, .T. ) ;
#5206 = FILL_AREA_STYLE_COLOUR ( '', #1477 ) ;
#5207 = FILL_AREA_STYLE_COLOUR ( '', #2508 ) ;
#5208 = CARTESIAN_POINT ( 'NONE',  ( -1.375000000000000000, 0.02000000000000000000, -1.349999999999992500 ) ) ;
#5209 = MECHANICAL_DESIGN_GEOMETRIC_PRESENTATION_REPRESENTATION (  '', ( #4567 ), #5569 ) ;
#5210 = PRESENTATION_STYLE_ASSIGNMENT (( #4972 ) ) ;
#5211 = FILL_AREA_STYLE_COLOUR ( '', #3082 ) ;
#5212 = ORIENTED_EDGE ( 'NONE', *, *, #2295, .F. ) ;
#5213 =( LENGTH_UNIT ( ) NAMED_UNIT ( * ) SI_UNIT ( .MILLI., .METRE. ) );
#5214 =( NAMED_UNIT ( * ) SI_UNIT ( $, .STERADIAN. ) SOLID_ANGLE_UNIT ( ) );
#5215 = ORIENTED_EDGE ( 'NONE', *, *, #3533, .F. ) ;
#5216 = SURFACE_SIDE_STYLE ('',( #867 ) ) ;
#5217 = VERTEX_POINT ( 'NONE', #2067 ) ;
#5218 = AXIS2_PLACEMENT_3D ( 'NONE', #5360, #5865, #2873 ) ;
#5219 = ORIENTED_EDGE ( 'NONE', *, *, #1508, .T. ) ;
#5220 = LINE ( 'NONE', #2983, #1433 ) ;
#5221 = FACE_OUTER_BOUND ( 'NONE', #4175, .T. ) ;
#5222 = EDGE_CURVE ( 'NONE', #5717, #6098, #5433, .T. ) ;
#5223 = ORIENTED_EDGE ( 'NONE', *, *, #110, .T. ) ;
#5224 = VECTOR ( 'NONE', #2014, 1000.000000000000000 ) ;
#5225 = DIRECTION ( 'NONE',  ( 0.0000000000000000000, 0.0000000000000000000, 1.000000000000000000 ) ) ;
#5226 =( NAMED_UNIT ( * ) PLANE_ANGLE_UNIT ( ) SI_UNIT ( $, .RADIAN. ) );
#5227 = VERTEX_POINT ( 'NONE', #3087 ) ;
#5228 = PRESENTATION_LAYER_ASSIGNMENT (  '', '', ( #4908 ) ) ;
#5229 = DIRECTION ( 'NONE',  ( 0.0000000000000000000, 0.0000000000000000000, -1.000000000000000000 ) ) ;
#5230 = FILL_AREA_STYLE ('',( #3751 ) ) ;
#5231 = LINE ( 'NONE', #6130, #3943 ) ;
#5232 = CIRCLE ( 'NONE', #4064, 0.04999999999999991300 ) ;
#5233 = SURFACE_SIDE_STYLE ('',( #4200 ) ) ;
#5234 = VERTEX_POINT ( 'NONE', #6031 ) ;
#5235 = SURFACE_SIDE_STYLE ('',( #1725 ) ) ;
#5236 = DIRECTION ( 'NONE',  ( -0.0000000000000000000, -1.000000000000000000, -0.0000000000000000000 ) ) ;
#5237 = CARTESIAN_POINT ( 'NONE',  ( 0.8749999999999990000, 0.0000000000000000000, -9.486769009248191400E-016 ) ) ;
#5238 = VECTOR ( 'NONE', #4816, 1000.000000000000000 ) ;
#5239 = ORIENTED_EDGE ( 'NONE', *, *, #128, .T. ) ;
#5240 =( GEOMETRIC_REPRESENTATION_CONTEXT ( 3 ) GLOBAL_UNCERTAINTY_ASSIGNED_CONTEXT ( ( #2268 ) ) GLOBAL_UNIT_ASSIGNED_CONTEXT ( ( #3683, #5150, #2187 ) ) REPRESENTATION_CONTEXT ( 'NONE', 'WORKASPACE' ) );
#5241 = VERTEX_POINT ( 'NONE', #5526 ) ;
#5242 = DIRECTION ( 'NONE',  ( -0.0000000000000000000, -1.000000000000000000, -0.0000000000000000000 ) ) ;
#5243 = SURFACE_STYLE_USAGE ( .BOTH. , #4831 ) ;
#5244 = UNCERTAINTY_MEASURE_WITH_UNIT (LENGTH_MEASURE( 1.000000000000000100E-005 ), #1835, 'distance_accuracy_value', 'NONE');
#5245 = FILL_AREA_STYLE ('',( #4715 ) ) ;
#5246 = CARTESIAN_POINT ( 'NONE',  ( 1.480000000000000400, 0.5500000000000000400, 1.500000000000000000 ) ) ;
#5247 = FILL_AREA_STYLE ('',( #3254 ) ) ;
#5248 = PRESENTATION_LAYER_ASSIGNMENT (  '', '', ( #4930 ) ) ;
#5249 = FILL_AREA_STYLE ('',( #6258 ) ) ;
#5250 = EDGE_CURVE ( 'NONE', #6470, #6216, #2658, .T. ) ;
#5251 = VERTEX_POINT ( 'NONE', #3572 ) ;
#5252 = DIRECTION ( 'NONE',  ( 0.0000000000000000000, 0.0000000000000000000, 1.000000000000000000 ) ) ;
#5253 = CARTESIAN_POINT ( 'NONE',  ( 0.0000000000000000000, 0.02000000000000000000, 1.400000000000003700 ) ) ;
#5254 = UNCERTAINTY_MEASURE_WITH_UNIT (LENGTH_MEASURE( 1.000000000000000100E-005 ), #5855, 'distance_accuracy_value', 'NONE');
#5255 = LINE ( 'NONE', #6142, #2649 ) ;
#5256 = AXIS2_PLACEMENT_3D ( 'NONE', #1966, #5432, #2470 ) ;
#5257 = CARTESIAN_POINT ( 'NONE',  ( 0.1749999999999996000, 0.0000000000000000000, -1.349999999999999900 ) ) ;
#5258 = STYLED_ITEM ( 'NONE', ( #1753 ), #1533 ) ;
#5259 = VERTEX_POINT ( 'NONE', #541 ) ;
#5260 = CARTESIAN_POINT ( 'NONE',  ( 1.124999999999999800, 0.02000000000000000000, -1.149999999999993700 ) ) ;
#5261 = UNCERTAINTY_MEASURE_WITH_UNIT (LENGTH_MEASURE( 1.000000000000000100E-005 ), #2816, 'distance_accuracy_value', 'NONE');
#5262 = CARTESIAN_POINT ( 'NONE',  ( 0.1750000000000001000, 0.02000000000000000000, -1.099999999999999900 ) ) ;
#5263 = EDGE_CURVE ( 'NONE', #3136, #4546, #5112, .T. ) ;
#5264 = DIRECTION ( 'NONE',  ( 0.0000000000000000000, 0.0000000000000000000, 1.000000000000000000 ) ) ;
#5265 = VECTOR ( 'NONE', #4238, 1000.000000000000000 ) ;
#5266 = AXIS2_PLACEMENT_3D ( 'NONE', #1010, #4494, #1522 ) ;
#5267 =( GEOMETRIC_REPRESENTATION_CONTEXT ( 3 ) GLOBAL_UNCERTAINTY_ASSIGNED_CONTEXT ( ( #830 ) ) GLOBAL_UNIT_ASSIGNED_CONTEXT ( ( #2483, #4044, #1950 ) ) REPRESENTATION_CONTEXT ( 'NONE', 'WORKASPACE' ) );
#5268 = PRESENTATION_STYLE_ASSIGNMENT (( #4574 ) ) ;
#5269 = SURFACE_STYLE_FILL_AREA ( #1398 ) ;
#5270 = EDGE_CURVE ( 'NONE', #5549, #1198, #6465, .T. ) ;
#5271 = ADVANCED_FACE ( 'NONE', ( #4139 ), #5556, .T. ) ;
#5272 =( NAMED_UNIT ( * ) SI_UNIT ( $, .STERADIAN. ) SOLID_ANGLE_UNIT ( ) );
#5273 = CARTESIAN_POINT ( 'NONE',  ( -1.324999999999999700, 0.02000000000000000000, 1.350000000000007200 ) ) ;
#5274 = CARTESIAN_POINT ( 'NONE',  ( 0.0000000000000000000, 0.02000000000000000000, 0.0000000000000000000 ) ) ;
#5275 = AXIS2_PLACEMENT_3D ( 'NONE', #1969, #4493, #3503 ) ;
#5276 = VERTEX_POINT ( 'NONE', #2589 ) ;
#5277 = LINE ( 'NONE', #1863, #5122 ) ;
#5278 = SURFACE_SIDE_STYLE ('',( #4846 ) ) ;
#5279 = VECTOR ( 'NONE', #793, 1000.000000000000000 ) ;
#5280 = CARTESIAN_POINT ( 'NONE',  ( -1.480000000000000200, 0.03999999999999999400, -1.500000000000000000 ) ) ;
#5281 =( LENGTH_UNIT ( ) NAMED_UNIT ( * ) SI_UNIT ( .MILLI., .METRE. ) );
#5282 = ORIENTED_EDGE ( 'NONE', *, *, #805, .T. ) ;
#5283 = COLOUR_RGB ( '',0.7529411764705882200, 0.7529411764705882200, 0.7529411764705882200 ) ;
#5284 = EDGE_LOOP ( 'NONE', ( #5403, #927, #154, #1884 ) ) ;
#5285 = COLOUR_RGB ( '',0.7529411764705882200, 0.7529411764705882200, 0.7529411764705882200 ) ;
#5286 = EDGE_CURVE ( 'NONE', #5443, #2225, #4656, .T. ) ;
#5287 = VERTEX_POINT ( 'NONE', #597 ) ;
#5288 = SURFACE_SIDE_STYLE ('',( #6386 ) ) ;
#5289 = LINE ( 'NONE', #3796, #141 ) ;
#5290 = EDGE_LOOP ( 'NONE', ( #2095, #2926, #5938, #6394 ) ) ;
#5291 = CIRCLE ( 'NONE', #3496, 0.04999999999999991300 ) ;
#5292 = SURFACE_STYLE_USAGE ( .BOTH. , #1839 ) ;
#5293 = VECTOR ( 'NONE', #4691, 1000.000000000000000 ) ;
#5294 = AXIS2_PLACEMENT_3D ( 'NONE', #3616, #602, #4123 ) ;
#5295 = SURFACE_SIDE_STYLE ('',( #1270 ) ) ;
#5296 = AXIS2_PLACEMENT_3D ( 'NONE', #548, #536, #5514 ) ;
#5297 = ORIENTED_EDGE ( 'NONE', *, *, #862, .F. ) ;
#5298 = FILL_AREA_STYLE_COLOUR ( '', #1579 ) ;
#5299 = FILL_AREA_STYLE ('',( #6309 ) ) ;
#5300 = COLOUR_RGB ( '',0.7529411764705882200, 0.7529411764705882200, 0.7529411764705882200 ) ;
#5301 = VECTOR ( 'NONE', #2826, 1000.000000000000000 ) ;
#5302 = ORIENTED_EDGE ( 'NONE', *, *, #4781, .T. ) ;
#5303 = EDGE_CURVE ( 'NONE', #3637, #3789, #2026, .T. ) ;
#5304 = CYLINDRICAL_SURFACE ( 'NONE', #900, 0.04999999999999991300 ) ;
#5305 = ORIENTED_EDGE ( 'NONE', *, *, #769, .F. ) ;
#5306 = ORIENTED_EDGE ( 'NONE', *, *, #1554, .F. ) ;
#5307 = STYLED_ITEM ( 'NONE', ( #5914 ), #4815 ) ;
#5308 = ADVANCED_FACE ( 'NONE', ( #5983 ), #5600, .F. ) ;
#5309 = DIRECTION ( 'NONE',  ( -0.0000000000000000000, -1.000000000000000000, 0.0000000000000000000 ) ) ;
#5310 = AXIS2_PLACEMENT_3D ( 'NONE', #445, #2549, #492 ) ;
#5311 = CARTESIAN_POINT ( 'NONE',  ( -0.1750000000000003800, 0.02000000000000000000, -1.099999999999999900 ) ) ;
#5312 = EDGE_LOOP ( 'NONE', ( #6154, #5711, #5890, #4203 ) ) ;
#5313 = CYLINDRICAL_SURFACE ( 'NONE', #5134, 0.04999999999999991300 ) ;
#5314 = FILL_AREA_STYLE_COLOUR ( '', #4186 ) ;
#5315 = ORIENTED_EDGE ( 'NONE', *, *, #2307, .F. ) ;
#5316 = ORIENTED_EDGE ( 'NONE', *, *, #2341, .T. ) ;
#5317 = EDGE_CURVE ( 'NONE', #1985, #4130, #5350, .T. ) ;
#5318 = VERTEX_POINT ( 'NONE', #2147 ) ;
#5319 = DIRECTION ( 'NONE',  ( -0.0000000000000000000, -1.000000000000000000, -0.0000000000000000000 ) ) ;
#5320 = CARTESIAN_POINT ( 'NONE',  ( 0.0000000000000000000, 0.0000000000000000000, 0.0000000000000000000 ) ) ;
#5321 = SURFACE_STYLE_FILL_AREA ( #4586 ) ;
#5322 = AXIS2_PLACEMENT_3D ( 'NONE', #3437, #4294, #786 ) ;
#5323 = DIRECTION ( 'NONE',  ( 0.0000000000000000000, 1.000000000000000000, 0.0000000000000000000 ) ) ;
#5324 = VECTOR ( 'NONE', #645, 1000.000000000000000 ) ;
#5325 = EDGE_LOOP ( 'NONE', ( #5866, #5188, #2352, #4024 ) ) ;
#5326 = DIRECTION ( 'NONE',  ( -1.000000000000000000, 0.0000000000000000000, 0.0000000000000000000 ) ) ;
#5327 =( LENGTH_UNIT ( ) NAMED_UNIT ( * ) SI_UNIT ( .MILLI., .METRE. ) );
#5328 = ORIENTED_EDGE ( 'NONE', *, *, #2833, .F. ) ;
#5329 = CARTESIAN_POINT ( 'NONE',  ( 0.0000000000000000000, 0.0000000000000000000, 1.100000000000000300 ) ) ;
#5330 = CARTESIAN_POINT ( 'NONE',  ( 0.3750000000000004400, 0.02000000000000000000, 0.0000000000000000000 ) ) ;
#5331 =( LENGTH_UNIT ( ) NAMED_UNIT ( * ) SI_UNIT ( .MILLI., .METRE. ) );
#5332 = DIRECTION ( 'NONE',  ( -0.0000000000000000000, -1.000000000000000000, -0.0000000000000000000 ) ) ;
#5333 = ORIENTED_EDGE ( 'NONE', *, *, #3098, .F. ) ;
#5334 = SURFACE_STYLE_USAGE ( .BOTH. , #4361 ) ;
#5335 = SURFACE_STYLE_FILL_AREA ( #5063 ) ;
#5336 = LINE ( 'NONE', #2262, #4048 ) ;
#5337 = EDGE_LOOP ( 'NONE', ( #3117, #2072, #5533, #914, #2853, #1613, #3301, #6389 ) ) ;
#5338 =( NAMED_UNIT ( * ) PLANE_ANGLE_UNIT ( ) SI_UNIT ( $, .RADIAN. ) );
#5339 =( LENGTH_UNIT ( ) NAMED_UNIT ( * ) SI_UNIT ( .MILLI., .METRE. ) );
#5340 = PRESENTATION_LAYER_ASSIGNMENT (  '', '', ( #5682 ) ) ;
#5341 = MANIFOLD_SOLID_BREP ( 'Boss-Extrude2[9]', #5107 ) ;
#5342 =( NAMED_UNIT ( * ) PLANE_ANGLE_UNIT ( ) SI_UNIT ( $, .RADIAN. ) );
#5343 = DIRECTION ( 'NONE',  ( 0.0000000000000000000, 0.0000000000000000000, 1.000000000000000000 ) ) ;
#5344 = ORIENTED_EDGE ( 'NONE', *, *, #6057, .T. ) ;
#5345 = PLANE ( 'NONE',  #5076 ) ;
#5346 = DIRECTION ( 'NONE',  ( 0.0000000000000000000, 0.0000000000000000000, -1.000000000000000000 ) ) ;
#5347 =( GEOMETRIC_REPRESENTATION_CONTEXT ( 3 ) GLOBAL_UNCERTAINTY_ASSIGNED_CONTEXT ( ( #438 ) ) GLOBAL_UNIT_ASSIGNED_CONTEXT ( ( #2090, #5557, #2591 ) ) REPRESENTATION_CONTEXT ( 'NONE', 'WORKASPACE' ) );
#5348 = STYLED_ITEM ( 'NONE', ( #638 ), #1927 ) ;
#5349 = DIRECTION ( 'NONE',  ( 0.0000000000000000000, 0.0000000000000000000, 1.000000000000000000 ) ) ;
#5350 = CIRCLE ( 'NONE', #5146, 0.04999999999999991300 ) ;
#5351 = DIRECTION ( 'NONE',  ( -1.000000000000000000, 0.0000000000000000000, 0.0000000000000000000 ) ) ;
#5352 = EDGE_CURVE ( 'NONE', #2364, #1432, #3588, .T. ) ;
#5353 = DIRECTION ( 'NONE',  ( 0.0000000000000000000, 0.0000000000000000000, -1.000000000000000000 ) ) ;
#5354 = STYLED_ITEM ( 'NONE', ( #5976 ), #5522 ) ;
#5355 = AXIS2_PLACEMENT_3D ( 'NONE', #5876, #5466, #5731 ) ;
#5356 = VERTEX_POINT ( 'NONE', #6134 ) ;
#5357 = LINE ( 'NONE', #5391, #4068 ) ;
#5358 = MECHANICAL_DESIGN_GEOMETRIC_PRESENTATION_REPRESENTATION (  '', ( #4707 ), #5705 ) ;
#5359 = COLOUR_RGB ( '',0.7529411764705882200, 0.7529411764705882200, 0.7529411764705882200 ) ;
#5360 = CARTESIAN_POINT ( 'NONE',  ( 0.8249999999999996200, 0.02000000000000000000, -1.149999999999997000 ) ) ;
#5361 = ORIENTED_EDGE ( 'NONE', *, *, #3410, .T. ) ;
#5362 =( NAMED_UNIT ( * ) PLANE_ANGLE_UNIT ( ) SI_UNIT ( $, .RADIAN. ) );
#5363 = COLOUR_RGB ( '',0.7529411764705882200, 0.7529411764705882200, 0.7529411764705882200 ) ;
#5364 = SURFACE_STYLE_FILL_AREA ( #1339 ) ;
#5365 = CARTESIAN_POINT ( 'NONE',  ( 0.3249999999999992300, 0.0000000000000000000, -1.399999999999999900 ) ) ;
#5366 = SURFACE_STYLE_USAGE ( .BOTH. , #1898 ) ;
#5367 = AXIS2_PLACEMENT_3D ( 'NONE', #5005, #2044, #5510 ) ;
#5368 = DIRECTION ( 'NONE',  ( 0.0000000000000000000, 0.0000000000000000000, 1.000000000000000000 ) ) ;
#5369 = DIRECTION ( 'NONE',  ( -0.0000000000000000000, -1.000000000000000000, -0.0000000000000000000 ) ) ;
#5370 = ORIENTED_EDGE ( 'NONE', *, *, #1104, .F. ) ;
#5371 = SURFACE_STYLE_FILL_AREA ( #5903 ) ;
#5372 = DIRECTION ( 'NONE',  ( 0.0000000000000000000, 0.0000000000000000000, 1.000000000000000000 ) ) ;
#5373 = SURFACE_STYLE_FILL_AREA ( #4938 ) ;
#5374 = CARTESIAN_POINT ( 'NONE',  ( -0.8249999999999992900, 0.02000000000000000000, 1.400000000000003700 ) ) ;
#5375 = ORIENTED_EDGE ( 'NONE', *, *, #1362, .F. ) ;
#5376 = DIRECTION ( 'NONE',  ( 0.0000000000000000000, 0.0000000000000000000, -1.000000000000000000 ) ) ;
#5377 = PRESENTATION_LAYER_ASSIGNMENT (  '', '', ( #4719 ) ) ;
#5378 = CYLINDRICAL_SURFACE ( 'NONE', #3626, 0.04999999999999991300 ) ;
#5379 = VECTOR ( 'NONE', #1785, 1000.000000000000000 ) ;
#5380 = ORIENTED_EDGE ( 'NONE', *, *, #5694, .F. ) ;
#5381 = EDGE_CURVE ( 'NONE', #469, #6470, #4886, .T. ) ;
#5382 = ORIENTED_EDGE ( 'NONE', *, *, #2093, .T. ) ;
#5383 = ORIENTED_EDGE ( 'NONE', *, *, #3961, .T. ) ;
#5384 = FILL_AREA_STYLE_COLOUR ( '', #603 ) ;
#5385 = FACE_OUTER_BOUND ( 'NONE', #6511, .T. ) ;
#5386 = FILL_AREA_STYLE ('',( #1604 ) ) ;
#5387 = MECHANICAL_DESIGN_GEOMETRIC_PRESENTATION_REPRESENTATION (  '', ( #4728 ), #5729 ) ;
#5388 = STYLED_ITEM ( 'NONE', ( #1140 ), #1383 ) ;
#5389 = VERTEX_POINT ( 'NONE', #4653 ) ;
#5390 = SURFACE_STYLE_USAGE ( .BOTH. , #1919 ) ;
#5391 = CARTESIAN_POINT ( 'NONE',  ( -0.3750000000000000000, 0.02000000000000000000, -1.349999999999999400 ) ) ;
#5392 = ORIENTED_EDGE ( 'NONE', *, *, #2988, .T. ) ;
#5393 = EDGE_CURVE ( 'NONE', #1799, #5227, #3426, .T. ) ;
#5394 = SURFACE_STYLE_USAGE ( .BOTH. , #1925 ) ;
#5395 = CIRCLE ( 'NONE', #3397, 0.02000000000000005200 ) ;
#5396 = CARTESIAN_POINT ( 'NONE',  ( -1.480000000000000200, 0.03999999999999999400, -1.480000000000000000 ) ) ;
#5397 = AXIS2_PLACEMENT_3D ( 'NONE', #897, #4387, #1405 ) ;
#5398 = ORIENTED_EDGE ( 'NONE', *, *, #3811, .F. ) ;
#5399 = VERTEX_POINT ( 'NONE', #149 ) ;
#5400 =( NAMED_UNIT ( * ) SI_UNIT ( $, .STERADIAN. ) SOLID_ANGLE_UNIT ( ) );
#5401 = MECHANICAL_DESIGN_GEOMETRIC_PRESENTATION_REPRESENTATION (  '', ( #4417 ), #5740 ) ;
#5402 = CARTESIAN_POINT ( 'NONE',  ( -0.1249999999999997900, 0.02000000000000000000, 1.349999999999999900 ) ) ;
#5403 = ORIENTED_EDGE ( 'NONE', *, *, #6442, .F. ) ;
#5404 = PRESENTATION_STYLE_ASSIGNMENT (( #465 ) ) ;
#5405 = EDGE_CURVE ( 'NONE', #2230, #1050, #6058, .T. ) ;
#5406 = FACE_OUTER_BOUND ( 'NONE', #1601, .T. ) ;
#5407 = DIRECTION ( 'NONE',  ( 0.0000000000000000000, -0.0000000000000000000, 1.000000000000000000 ) ) ;
#5408 = ORIENTED_EDGE ( 'NONE', *, *, #2967, .T. ) ;
#5409 = STYLED_ITEM ( 'NONE', ( #560 ), #3524 ) ;
#5410 = DIRECTION ( 'NONE',  ( 1.548860246407863300E-016, 0.0000000000000000000, 1.000000000000000000 ) ) ;
#5411 = PRESENTATION_LAYER_ASSIGNMENT (  '', '', ( #4746 ) ) ;
#5412 = VECTOR ( 'NONE', #3987, 1000.000000000000000 ) ;
#5413 = SURFACE_STYLE_USAGE ( .BOTH. , #4490 ) ;
#5414 = CARTESIAN_POINT ( 'NONE',  ( 1.274999999999999700, 0.0000000000000000000, -0.5500000000000002700 ) ) ;
#5415 = CARTESIAN_POINT ( 'NONE',  ( 0.1250000000000005600, 0.0000000000000000000, 1.150000000000000600 ) ) ;
#5416 = CARTESIAN_POINT ( 'NONE',  ( 0.0000000000000000000, 0.02000000000000000000, 1.400000000000003700 ) ) ;
#5417 = PRESENTATION_STYLE_ASSIGNMENT (( #1862 ) ) ;
#5418 = VERTEX_POINT ( 'NONE', #1183 ) ;
#5419 = DIRECTION ( 'NONE',  ( -0.0000000000000000000, 1.000000000000000000, -0.0000000000000000000 ) ) ;
#5420 = CARTESIAN_POINT ( 'NONE',  ( 0.0000000000000000000, 0.02000000000000000000, 0.0000000000000000000 ) ) ;
#5421 = CARTESIAN_POINT ( 'NONE',  ( 0.3249999999999996800, 0.02000000000000000000, -1.350000000000000100 ) ) ;
#5422 = DIRECTION ( 'NONE',  ( -0.0000000000000000000, -1.000000000000000000, -0.0000000000000000000 ) ) ;
#5423 = EDGE_CURVE ( 'NONE', #48, #2225, #757, .T. ) ;
#5424 = ORIENTED_EDGE ( 'NONE', *, *, #1871, .F. ) ;
#5425 = CARTESIAN_POINT ( 'NONE',  ( 1.175000000000000000, 0.02000000000000000000, -1.099999999999993400 ) ) ;
#5426 = SURFACE_STYLE_USAGE ( .BOTH. , #535 ) ;
#5427 = LINE ( 'NONE', #3253, #5265 ) ;
#5428 = CARTESIAN_POINT ( 'NONE',  ( 0.0000000000000000000, 0.0000000000000000000, 1.400000000000000100 ) ) ;
#5429 = STYLED_ITEM ( 'NONE', ( #5048 ), #1031 ) ;
#5430 =( NAMED_UNIT ( * ) SI_UNIT ( $, .STERADIAN. ) SOLID_ANGLE_UNIT ( ) );
#5431 =( LENGTH_UNIT ( ) NAMED_UNIT ( * ) SI_UNIT ( .MILLI., .METRE. ) );
#5432 = DIRECTION ( 'NONE',  ( 1.000000000000000000, 0.0000000000000000000, 0.0000000000000000000 ) ) ;
#5433 = LINE ( 'NONE', #4538, #3979 ) ;
#5434 = FILL_AREA_STYLE ('',( #2999 ) ) ;
#5435 = FILL_AREA_STYLE_COLOUR ( '', #4899 ) ;
#5436 =( NAMED_UNIT ( * ) PLANE_ANGLE_UNIT ( ) SI_UNIT ( $, .RADIAN. ) );
#5437 = PRESENTATION_LAYER_ASSIGNMENT (  '', '', ( #4774 ) ) ;
#5438 = CARTESIAN_POINT ( 'NONE',  ( -0.8249999999999996200, 0.0000000000000000000, -1.399999999999996400 ) ) ;
#5439 = DIRECTION ( 'NONE',  ( -0.0000000000000000000, -1.000000000000000000, 0.0000000000000000000 ) ) ;
#5440 = CARTESIAN_POINT ( 'NONE',  ( -1.375000000000000000, 0.02000000000000000000, 0.0000000000000000000 ) ) ;
#5441 = PRESENTATION_STYLE_ASSIGNMENT (( #4646 ) ) ;
#5442 = EDGE_CURVE ( 'NONE', #1985, #3235, #921, .T. ) ;
#5443 = VERTEX_POINT ( 'NONE', #3211 ) ;
#5444 = ORIENTED_EDGE ( 'NONE', *, *, #4496, .T. ) ;
#5445 = AXIS2_PLACEMENT_3D ( 'NONE', #1227, #3210, #2253 ) ;
#5446 = CYLINDRICAL_SURFACE ( 'NONE', #1359, 0.02000000000000005200 ) ;
#5447 = DIRECTION ( 'NONE',  ( 0.0000000000000000000, 0.0000000000000000000, 1.000000000000000000 ) ) ;
#5448 = UNCERTAINTY_MEASURE_WITH_UNIT (LENGTH_MEASURE( 1.000000000000000100E-005 ), #1800, 'distance_accuracy_value', 'NONE');
#5449 = CARTESIAN_POINT ( 'NONE',  ( -2.023844055306283800E-015, 0.02000000000000000000, -1.399999999999999500 ) ) ;
#5450 = CIRCLE ( 'NONE', #172, 0.05000000000000012800 ) ;
#5451 = LINE ( 'NONE', #1916, #3008 ) ;
#5452 = ADVANCED_FACE ( 'NONE', ( #4737 ), #3230, .F. ) ;
#5453 = DIRECTION ( 'NONE',  ( 0.0000000000000000000, 0.0000000000000000000, 1.000000000000000000 ) ) ;
#5454 = FILL_AREA_STYLE ('',( #5935 ) ) ;
#5455 = DIRECTION ( 'NONE',  ( -0.0000000000000000000, 1.000000000000000000, -0.0000000000000000000 ) ) ;
#5456 = DIRECTION ( 'NONE',  ( 0.0000000000000000000, 0.0000000000000000000, -1.000000000000000000 ) ) ;
#5457 = VERTEX_POINT ( 'NONE', #6173 ) ;
#5458 = DIRECTION ( 'NONE',  ( 1.000000000000000000, -0.0000000000000000000, 1.084202172485509000E-015 ) ) ;
#5459 = VERTEX_POINT ( 'NONE', #6200 ) ;
#5460 = CARTESIAN_POINT ( 'NONE',  ( -0.6249999999999998900, 0.02000000000000000000, 1.150000000000004100 ) ) ;
#5461 = LINE ( 'NONE', #4713, #1665 ) ;
#5462 =( NAMED_UNIT ( * ) PLANE_ANGLE_UNIT ( ) SI_UNIT ( $, .RADIAN. ) );
#5463 = CARTESIAN_POINT ( 'NONE',  ( -0.1750000000000000200, 0.0000000000000000000, -1.149999999999999700 ) ) ;
#5464 = CIRCLE ( 'NONE', #5632, 0.04999999999999991300 ) ;
#5465 = ORIENTED_EDGE ( 'NONE', *, *, #1853, .F. ) ;
#5466 = DIRECTION ( 'NONE',  ( -0.0000000000000000000, -1.000000000000000000, 0.0000000000000000000 ) ) ;
#5467 = SURFACE_SIDE_STYLE ('',( #2750 ) ) ;
#5468 = VERTEX_POINT ( 'NONE', #216 ) ;
#5469 = EDGE_LOOP ( 'NONE', ( #499, #393, #5920 ) ) ;
#5470 = FACE_OUTER_BOUND ( 'NONE', #6185, .T. ) ;
#5471 = STYLED_ITEM ( 'NONE', ( #6478 ), #640 ) ;
#5472 = VERTEX_POINT ( 'NONE', #3744 ) ;
#5473 = UNCERTAINTY_MEASURE_WITH_UNIT (LENGTH_MEASURE( 1.000000000000000100E-005 ), #3481, 'distance_accuracy_value', 'NONE');
#5474 = DIRECTION ( 'NONE',  ( 0.0000000000000000000, -1.000000000000000000, -0.0000000000000000000 ) ) ;
#5475 = EDGE_CURVE ( 'NONE', #5708, #3623, #5427, .T. ) ;
#5476 = PLANE ( 'NONE',  #5296 ) ;
#5477 = CIRCLE ( 'NONE', #5322, 0.05000000000000012800 ) ;
#5478 = CARTESIAN_POINT ( 'NONE',  ( -0.1750000000000001600, 0.02000000000000000000, 1.400000000000000100 ) ) ;
#5479 = VERTEX_POINT ( 'NONE', #735 ) ;
#5480 = UNCERTAINTY_MEASURE_WITH_UNIT (LENGTH_MEASURE( 1.000000000000000100E-005 ), #6167, 'distance_accuracy_value', 'NONE');
#5481 =( NAMED_UNIT ( * ) PLANE_ANGLE_UNIT ( ) SI_UNIT ( $, .RADIAN. ) );
#5482 = MECHANICAL_DESIGN_GEOMETRIC_PRESENTATION_REPRESENTATION (  '', ( #4811 ), #5812 ) ;
#5483 = SURFACE_STYLE_USAGE ( .BOTH. , #4282 ) ;
#5484 = PLANE ( 'NONE',  #1166 ) ;
#5485 = FACE_OUTER_BOUND ( 'NONE', #5505, .T. ) ;
#5486 = CARTESIAN_POINT ( 'NONE',  ( 1.175000000000001200, 0.0000000000000000000, 1.400000000000006400 ) ) ;
#5487 = ORIENTED_EDGE ( 'NONE', *, *, #3135, .T. ) ;
#5488 = EDGE_CURVE ( 'NONE', #2224, #2662, #111, .T. ) ;
#5489 = DIRECTION ( 'NONE',  ( -0.0000000000000000000, 1.000000000000000000, -0.0000000000000000000 ) ) ;
#5490 = PLANE ( 'NONE',  #5367 ) ;
#5491 =( NAMED_UNIT ( * ) SI_UNIT ( $, .STERADIAN. ) SOLID_ANGLE_UNIT ( ) );
#5492 = FACE_OUTER_BOUND ( 'NONE', #5017, .T. ) ;
#5493 = AXIS2_PLACEMENT_3D ( 'NONE', #4614, #1648, #5101 ) ;
#5494 = ORIENTED_EDGE ( 'NONE', *, *, #5838, .T. ) ;
#5495 = CIRCLE ( 'NONE', #365, 0.04999999999999991300 ) ;
#5496 = MECHANICAL_DESIGN_GEOMETRIC_PRESENTATION_REPRESENTATION (  '', ( #4505 ), #5820 ) ;
#5497 = ADVANCED_FACE ( 'NONE', ( #2817 ), #2179, .T. ) ;
#5498 = STYLED_ITEM ( 'NONE', ( #4035 ), #17 ) ;
#5499 = FILL_AREA_STYLE_COLOUR ( '', #6474 ) ;
#5500 = FACE_OUTER_BOUND ( 'NONE', #896, .T. ) ;
#5501 = MECHANICAL_DESIGN_GEOMETRIC_PRESENTATION_REPRESENTATION (  '', ( #4828 ), #5828 ) ;
#5502 = VECTOR ( 'NONE', #1232, 1000.000000000000000 ) ;
#5503 = DIRECTION ( 'NONE',  ( -0.0000000000000000000, -1.000000000000000000, 0.0000000000000000000 ) ) ;
#5504 = VECTOR ( 'NONE', #5422, 1000.000000000000000 ) ;
#5505 = EDGE_LOOP ( 'NONE', ( #1351, #6373, #3476, #4544, #3570, #1190, #443, #1655 ) ) ;
#5506 = DIRECTION ( 'NONE',  ( 0.0000000000000000000, 1.000000000000000000, -0.0000000000000000000 ) ) ;
#5507 =( NAMED_UNIT ( * ) PLANE_ANGLE_UNIT ( ) SI_UNIT ( $, .RADIAN. ) );
#5508 = SURFACE_SIDE_STYLE ('',( #4169 ) ) ;
#5509 = SURFACE_STYLE_FILL_AREA ( #2588 ) ;
#5510 = DIRECTION ( 'NONE',  ( 0.0000000000000000000, 0.0000000000000000000, 1.000000000000000000 ) ) ;
#5511 = COLOUR_RGB ( '',0.2509803921568627400, 0.2509803921568627400, 0.2509803921568627400 ) ;
#5512 = CARTESIAN_POINT ( 'NONE',  ( 0.8250000000000002900, 0.02000000000000000000, 1.150000000000003700 ) ) ;
#5513 = PLANE ( 'NONE',  #5899 ) ;
#5514 = DIRECTION ( 'NONE',  ( 0.0000000000000000000, 0.0000000000000000000, 1.000000000000000000 ) ) ;
#5515 = EDGE_CURVE ( 'NONE', #1374, #2910, #1006, .T. ) ;
#5516 = VECTOR ( 'NONE', #1386, 1000.000000000000000 ) ;
#5517 = CARTESIAN_POINT ( 'NONE',  ( -1.175000000000000300, 0.0000000000000000000, -1.399999999999992800 ) ) ;
#5518 = DIRECTION ( 'NONE',  ( 5.421010862427543900E-016, 0.0000000000000000000, 1.000000000000000000 ) ) ;
#5519 = MECHANICAL_DESIGN_GEOMETRIC_PRESENTATION_REPRESENTATION (  '', ( #4842 ), #5843 ) ;
#5520 = PRESENTATION_LAYER_ASSIGNMENT (  '', '', ( #5844 ) ) ;
#5521 = ORIENTED_EDGE ( 'NONE', *, *, #4201, .F. ) ;
#5522 = ADVANCED_FACE ( 'NONE', ( #6131 ), #5034, .T. ) ;
#5523 = CARTESIAN_POINT ( 'NONE',  ( 1.480000000000000200, 0.03999999999999999400, 1.480000000000000000 ) ) ;
#5524 = EDGE_CURVE ( 'NONE', #5418, #2555, #356, .T. ) ;
#5525 = DIRECTION ( 'NONE',  ( -0.0000000000000000000, -1.000000000000000000, -0.0000000000000000000 ) ) ;
#5526 = CARTESIAN_POINT ( 'NONE',  ( 1.374999999999999600, 0.02000000000000000000, -1.349999999999993200 ) ) ;
#5527 = UNCERTAINTY_MEASURE_WITH_UNIT (LENGTH_MEASURE( 1.000000000000000100E-005 ), #832, 'distance_accuracy_value', 'NONE');
#5528 = LINE ( 'NONE', #1132, #213 ) ;
#5529 =( GEOMETRIC_REPRESENTATION_CONTEXT ( 3 ) GLOBAL_UNCERTAINTY_ASSIGNED_CONTEXT ( ( #4794 ) ) GLOBAL_UNIT_ASSIGNED_CONTEXT ( ( #5749, #2802, #6262 ) ) REPRESENTATION_CONTEXT ( 'NONE', 'WORKASPACE' ) );
#5530 = PRESENTATION_LAYER_ASSIGNMENT (  '', '', ( #5187 ) ) ;
#5531 = DIRECTION ( 'NONE',  ( -2.710505431213772400E-016, 0.0000000000000000000, -1.000000000000000000 ) ) ;
#5532 = CARTESIAN_POINT ( 'NONE',  ( -1.499999999999999600, 0.03999999999999999400, 1.480000000000000000 ) ) ;
#5533 = ORIENTED_EDGE ( 'NONE', *, *, #5925, .F. ) ;
#5534 = CARTESIAN_POINT ( 'NONE',  ( 0.3249999999999993400, 0.0000000000000000000, -1.099999999999999900 ) ) ;
#5535 = CARTESIAN_POINT ( 'NONE',  ( -1.125000000000000200, 0.02000000000000000000, -1.149999999999993200 ) ) ;
#5536 = LINE ( 'NONE', #6368, #219 ) ;
#5537 = DIRECTION ( 'NONE',  ( 0.0000000000000000000, 1.000000000000000000, -0.0000000000000000000 ) ) ;
#5538 = EDGE_CURVE ( 'NONE', #2851, #1198, #3061, .T. ) ;
#5539 = LINE ( 'NONE', #821, #4232 ) ;
#5540 = SURFACE_SIDE_STYLE ('',( #3509 ) ) ;
#5541 = ORIENTED_EDGE ( 'NONE', *, *, #4484, .F. ) ;
#5542 = DIRECTION ( 'NONE',  ( 1.084202172485508800E-015, 0.0000000000000000000, 1.000000000000000000 ) ) ;
#5543 = AXIS2_PLACEMENT_3D ( 'NONE', #5181, #6059, #5130 ) ;
#5544 = CIRCLE ( 'NONE', #6335, 0.04999999999999991300 ) ;
#5545 = STYLED_ITEM ( 'NONE', ( #746 ), #5867 ) ;
#5546 = CIRCLE ( 'NONE', #4979, 0.02000000000000005200 ) ;
#5547 = ORIENTED_EDGE ( 'NONE', *, *, #6248, .T. ) ;
#5548 = FACE_OUTER_BOUND ( 'NONE', #3016, .T. ) ;
#5549 = VERTEX_POINT ( 'NONE', #4108 ) ;
#5550 = LINE ( 'NONE', #4373, #234 ) ;
#5551 = ORIENTED_EDGE ( 'NONE', *, *, #2164, .T. ) ;
#5552 = DIRECTION ( 'NONE',  ( 0.0000000000000000000, 0.0000000000000000000, 1.000000000000000000 ) ) ;
#5553 = VERTEX_POINT ( 'NONE', #5049 ) ;
#5554 = DIRECTION ( 'NONE',  ( -0.0000000000000000000, -1.000000000000000000, -0.0000000000000000000 ) ) ;
#5555 = VECTOR ( 'NONE', #1732, 1000.000000000000000 ) ;
#5556 = PLANE ( 'NONE',  #3511 ) ;
#5557 =( NAMED_UNIT ( * ) PLANE_ANGLE_UNIT ( ) SI_UNIT ( $, .RADIAN. ) );
#5558 = CARTESIAN_POINT ( 'NONE',  ( 1.175000000000000700, 0.02000000000000000000, 1.350000000000006300 ) ) ;
#5559 = MANIFOLD_SOLID_BREP ( 'Boss-Extrude2[7]', #2463 ) ;
#5560 = EDGE_CURVE ( 'NONE', #1760, #6397, #2892, .T. ) ;
#5561 = CYLINDRICAL_SURFACE ( 'NONE', #3563, 0.04999999999999991300 ) ;
#5562 = CARTESIAN_POINT ( 'NONE',  ( -0.1749999999999998200, 0.0000000000000000000, 1.150000000000000100 ) ) ;
#5563 =( NAMED_UNIT ( * ) SI_UNIT ( $, .STERADIAN. ) SOLID_ANGLE_UNIT ( ) );
#5564 = ORIENTED_EDGE ( 'NONE', *, *, #1871, .T. ) ;
#5565 = CARTESIAN_POINT ( 'NONE',  ( 1.125000000000000900, 0.0000000000000000000, 1.150000000000006800 ) ) ;
#5566 =( NAMED_UNIT ( * ) PLANE_ANGLE_UNIT ( ) SI_UNIT ( $, .RADIAN. ) );
#5567 = UNCERTAINTY_MEASURE_WITH_UNIT (LENGTH_MEASURE( 1.000000000000000100E-005 ), #5807, 'distance_accuracy_value', 'NONE');
#5568 = PRODUCT_DEFINITION_SHAPE ( 'NONE', 'NONE',  #6268 ) ;
#5569 =( GEOMETRIC_REPRESENTATION_CONTEXT ( 3 ) GLOBAL_UNCERTAINTY_ASSIGNED_CONTEXT ( ( #5751 ) ) GLOBAL_UNIT_ASSIGNED_CONTEXT ( ( #2271, #5226, #1767 ) ) REPRESENTATION_CONTEXT ( 'NONE', 'WORKASPACE' ) );
#5570 = LINE ( 'NONE', #5428, #4258 ) ;
#5571 = DIRECTION ( 'NONE',  ( 0.0000000000000000000, 1.000000000000000000, -0.0000000000000000000 ) ) ;
#5572 = ORIENTED_EDGE ( 'NONE', *, *, #2490, .F. ) ;
#5573 = ORIENTED_EDGE ( 'NONE', *, *, #5222, .T. ) ;
#5574 = CARTESIAN_POINT ( 'NONE',  ( -1.174999999999999800, 0.02000000000000000000, 1.350000000000007200 ) ) ;
#5575 = SURFACE_STYLE_USAGE ( .BOTH. , #2100 ) ;
#5576 = ORIENTED_EDGE ( 'NONE', *, *, #3176, .F. ) ;
#5577 = CIRCLE ( 'NONE', #2133, 0.04999999999999991300 ) ;
#5578 = STYLED_ITEM ( 'NONE', ( #230 ), #4658 ) ;
#5579 = MECHANICAL_DESIGN_GEOMETRIC_PRESENTATION_REPRESENTATION (  '', ( #4896 ), #5893 ) ;
#5580 = EDGE_CURVE ( 'NONE', #2224, #1244, #3742, .T. ) ;
#5581 = FILL_AREA_STYLE_COLOUR ( '', #4673 ) ;
#5582 = CIRCLE ( 'NONE', #5355, 0.04999999999999991300 ) ;
#5583 = SURFACE_STYLE_USAGE ( .BOTH. , #2107 ) ;
#5584 = SURFACE_STYLE_USAGE ( .BOTH. , #2109 ) ;
#5585 = CARTESIAN_POINT ( 'NONE',  ( 0.1750000000000005400, 0.02000000000000000000, 1.150000000000000100 ) ) ;
#5586 = MECHANICAL_DESIGN_GEOMETRIC_PRESENTATION_REPRESENTATION (  '', ( #4908 ), #5898 ) ;
#5587 = ADVANCED_FACE ( 'NONE', ( #3583 ), #1134, .F. ) ;
#5588 = COLOUR_RGB ( '',0.7529411764705882200, 0.7529411764705882200, 0.7529411764705882200 ) ;
#5589 = STYLED_ITEM ( 'NONE', ( #5019 ), #3079 ) ;
#5590 =( NAMED_UNIT ( * ) PLANE_ANGLE_UNIT ( ) SI_UNIT ( $, .RADIAN. ) );
#5591 = PRESENTATION_STYLE_ASSIGNMENT (( #2150 ) ) ;
#5592 = ORIENTED_EDGE ( 'NONE', *, *, #1982, .T. ) ;
#5593 = LINE ( 'NONE', #3985, #3821 ) ;
#5594 = DIRECTION ( 'NONE',  ( 1.000000000000000000, 0.0000000000000000000, -3.469446951953614200E-016 ) ) ;
#5595 = ORIENTED_EDGE ( 'NONE', *, *, #3107, .T. ) ;
#5596 = EDGE_LOOP ( 'NONE', ( #5873, #435, #2437, #559 ) ) ;
#5597 = AXIS2_PLACEMENT_3D ( 'NONE', #4640, #1672, #5119 ) ;
#5598 = PRESENTATION_STYLE_ASSIGNMENT (( #470 ) ) ;
#5599 = CARTESIAN_POINT ( 'NONE',  ( 0.3749999999999995600, 0.0000000000000000000, -1.150000000000000400 ) ) ;
#5600 = PLANE ( 'NONE',  #5493 ) ;
#5601 = CARTESIAN_POINT ( 'NONE',  ( -1.480000000000000200, 0.5300000000000000300, -1.500000000000000000 ) ) ;
#5602 = DIRECTION ( 'NONE',  ( -1.000000000000000000, 0.0000000000000000000, -0.0000000000000000000 ) ) ;
#5603 = DIRECTION ( 'NONE',  ( -0.0000000000000000000, -1.000000000000000000, -0.0000000000000000000 ) ) ;
#5604 = MECHANICAL_DESIGN_GEOMETRIC_PRESENTATION_REPRESENTATION (  '', ( #4930 ), #5921 ) ;
#5605 = DIRECTION ( 'NONE',  ( -1.445602896647339200E-016, 0.0000000000000000000, -1.000000000000000000 ) ) ;
#5606 = SURFACE_STYLE_USAGE ( .BOTH. , #2135 ) ;
#5607 = EDGE_CURVE ( 'NONE', #5399, #306, #5741, .T. ) ;
#5608 = DIRECTION ( 'NONE',  ( 0.0000000000000000000, 0.0000000000000000000, 1.000000000000000000 ) ) ;
#5609 = PRESENTATION_STYLE_ASSIGNMENT (( #3278 ) ) ;
#5610 = LINE ( 'NONE', #1177, #1652 ) ;
#5611 = STYLED_ITEM ( 'NONE', ( #4460 ), #4192 ) ;
#5612 = ORIENTED_EDGE ( 'NONE', *, *, #2432, .F. ) ;
#5613 = SURFACE_STYLE_USAGE ( .BOTH. , #612 ) ;
#5614 = PRESENTATION_LAYER_ASSIGNMENT (  '', '', ( #5258 ) ) ;
#5615 = SURFACE_STYLE_FILL_AREA ( #3564 ) ;
#5616 = ADVANCED_FACE ( 'NONE', ( #3134 ), #6450, .T. ) ;
#5617 = LINE ( 'NONE', #1441, #2832 ) ;
#5618 = EDGE_CURVE ( 'NONE', #3470, #2224, #5255, .T. ) ;
#5619 = DIRECTION ( 'NONE',  ( -0.0000000000000000000, -1.000000000000000000, -0.0000000000000000000 ) ) ;
#5620 = PRESENTATION_STYLE_ASSIGNMENT (( #543 ) ) ;
#5621 = FACE_OUTER_BOUND ( 'NONE', #1272, .T. ) ;
#5622 = STYLED_ITEM ( 'NONE', ( #1857 ), #5202 ) ;
#5623 =( LENGTH_UNIT ( ) NAMED_UNIT ( * ) SI_UNIT ( .MILLI., .METRE. ) );
#5624 = PLANE ( 'NONE',  #5597 ) ;
#5625 = ORIENTED_EDGE ( 'NONE', *, *, #2276, .T. ) ;
#5626 = CARTESIAN_POINT ( 'NONE',  ( 0.0000000000000000000, 0.5300000000000000300, -1.480000000000000000 ) ) ;
#5627 = CARTESIAN_POINT ( 'NONE',  ( -1.479999999999999500, 0.5300000000000000300, 1.480000000000000000 ) ) ;
#5628 = VERTEX_POINT ( 'NONE', #2684 ) ;
#5629 = EDGE_CURVE ( 'NONE', #5156, #224, #3970, .T. ) ;
#5630 = CARTESIAN_POINT ( 'NONE',  ( 0.3250000000000004000, 0.02000000000000000000, 1.350000000000000300 ) ) ;
#5631 = EDGE_LOOP ( 'NONE', ( #3784, #2380, #1219, #4222 ) ) ;
#5632 = AXIS2_PLACEMENT_3D ( 'NONE', #1549, #5007, #2047 ) ;
#5633 = AXIS2_PLACEMENT_3D ( 'NONE', #540, #4053, #1055 ) ;
#5634 = VERTEX_POINT ( 'NONE', #5127 ) ;
#5635 = ORIENTED_EDGE ( 'NONE', *, *, #3119, .T. ) ;
#5636 = DIRECTION ( 'NONE',  ( 0.0000000000000000000, 0.0000000000000000000, 1.000000000000000000 ) ) ;
#5637 = DIRECTION ( 'NONE',  ( 0.0000000000000000000, -0.0000000000000000000, 1.000000000000000000 ) ) ;
#5638 = DIRECTION ( 'NONE',  ( -0.0000000000000000000, -1.000000000000000000, -0.0000000000000000000 ) ) ;
#5639 = EDGE_LOOP ( 'NONE', ( #4623, #461, #4357, #749, #6170, #3767, #1201, #4562 ) ) ;
#5640 = CARTESIAN_POINT ( 'NONE',  ( -1.175000000000000300, 0.02000000000000000000, -1.399999999999992800 ) ) ;
#5641 = EDGE_CURVE ( 'NONE', #1160, #2627, #2485, .T. ) ;
#5642 = CYLINDRICAL_SURFACE ( 'NONE', #936, 0.04999999999999991300 ) ;
#5643 = CARTESIAN_POINT ( 'NONE',  ( 1.480000000000000000, 0.5300000000000000300, -2.139492287038062000E-016 ) ) ;
#5644 = CYLINDRICAL_SURFACE ( 'NONE', #2620, 0.05000000000000012800 ) ;
#5645 = ORIENTED_EDGE ( 'NONE', *, *, #3225, .F. ) ;
#5646 = STYLED_ITEM ( 'NONE', ( #1589 ), #3721 ) ;
#5647 = AXIS2_PLACEMENT_3D ( 'NONE', #5672, #5164, #138 ) ;
#5648 = SURFACE_SIDE_STYLE ('',( #2141 ) ) ;
#5649 = CYLINDRICAL_SURFACE ( 'NONE', #6187, 0.04999999999999991300 ) ;
#5650 = ORIENTED_EDGE ( 'NONE', *, *, #3273, .F. ) ;
#5651 = COLOUR_RGB ( '',0.7529411764705882200, 0.7529411764705882200, 0.7529411764705882200 ) ;
#5652 = DIRECTION ( 'NONE',  ( 2.168404344971009100E-016, -0.0000000000000000000, 1.000000000000000000 ) ) ;
#5653 = EDGE_CURVE ( 'NONE', #3914, #2867, #3822, .T. ) ;
#5654 =( NAMED_UNIT ( * ) SI_UNIT ( $, .STERADIAN. ) SOLID_ANGLE_UNIT ( ) );
#5655 = PRESENTATION_LAYER_ASSIGNMENT (  '', '', ( #5307 ) ) ;
#5656 = AXIS2_PLACEMENT_3D ( 'NONE', #3783, #3307, #190 ) ;
#5657 = PRESENTATION_STYLE_ASSIGNMENT (( #2804 ) ) ;
#5658 = FILL_AREA_STYLE ('',( #3718 ) ) ;
#5659 = FILL_AREA_STYLE_COLOUR ( '', #3291 ) ;
#5660 = SURFACE_SIDE_STYLE ('',( #1755 ) ) ;
#5661 = CIRCLE ( 'NONE', #6388, 0.1200000000000000900 ) ;
#5662 = EDGE_CURVE ( 'NONE', #4931, #2867, #1307, .T. ) ;
#5663 =( NAMED_UNIT ( * ) PLANE_ANGLE_UNIT ( ) SI_UNIT ( $, .RADIAN. ) );
#5664 = VECTOR ( 'NONE', #3704, 1000.000000000000000 ) ;
#5665 = CARTESIAN_POINT ( 'NONE',  ( 1.499999999999999800, 0.5500000000000000400, -1.480000000000000000 ) ) ;
#5666 = LINE ( 'NONE', #5, #1704 ) ;
#5667 = ORIENTED_EDGE ( 'NONE', *, *, #1396, .T. ) ;
#5668 = DIRECTION ( 'NONE',  ( 0.7071067811865485700, 0.0000000000000000000, 0.7071067811865465700 ) ) ;
#5669 = DIRECTION ( 'NONE',  ( 5.421010862427543900E-016, 0.0000000000000000000, 1.000000000000000000 ) ) ;
#5670 = AXIS2_PLACEMENT_3D ( 'NONE', #709, #195, #3276 ) ;
#5671 = CARTESIAN_POINT ( 'NONE',  ( -0.1749999999999998200, 0.02000000000000000000, 1.150000000000000100 ) ) ;
#5672 = CARTESIAN_POINT ( 'NONE',  ( -0.1749999999999998200, 0.0000000000000000000, 1.350000000000000300 ) ) ;
#5673 = VECTOR ( 'NONE', #4871, 1000.000000000000000 ) ;
#5674 = UNCERTAINTY_MEASURE_WITH_UNIT (LENGTH_MEASURE( 1.000000000000000100E-005 ), #659, 'distance_accuracy_value', 'NONE');
#5675 = DIRECTION ( 'NONE',  ( 0.0000000000000000000, 1.000000000000000000, -0.0000000000000000000 ) ) ;
#5676 = FACE_OUTER_BOUND ( 'NONE', #2713, .T. ) ;
#5677 = UNCERTAINTY_MEASURE_WITH_UNIT (LENGTH_MEASURE( 1.000000000000000100E-005 ), #2465, 'distance_accuracy_value', 'NONE');
#5678 = FILL_AREA_STYLE ('',( #1728 ) ) ;
#5679 = PRODUCT_CONTEXT ( 'NONE', #3214, 'mechanical' ) ;
#5680 = ORIENTED_EDGE ( 'NONE', *, *, #2770, .T. ) ;
#5681 =( NAMED_UNIT ( * ) PLANE_ANGLE_UNIT ( ) SI_UNIT ( $, .RADIAN. ) );
#5682 = STYLED_ITEM ( 'NONE', ( #4226 ), #704 ) ;
#5683 = ORIENTED_EDGE ( 'NONE', *, *, #518, .F. ) ;
#5684 =( LENGTH_UNIT ( ) NAMED_UNIT ( * ) SI_UNIT ( .MILLI., .METRE. ) );
#5685 = CARTESIAN_POINT ( 'NONE',  ( 1.174999999999999600, 0.5200000000000000200, -1.029999999999993400 ) ) ;
#5686 = ORIENTED_EDGE ( 'NONE', *, *, #4958, .T. ) ;
#5687 = ADVANCED_FACE ( 'NONE', ( #3665 ), #517, .T. ) ;
#5688 = VERTEX_POINT ( 'NONE', #719 ) ;
#5689 = FILL_AREA_STYLE_COLOUR ( '', #792 ) ;
#5690 = CARTESIAN_POINT ( 'NONE',  ( 1.375000000000000700, 0.02000000000000000000, 0.0000000000000000000 ) ) ;
#5691 = PRESENTATION_LAYER_ASSIGNMENT (  '', '', ( #5348 ) ) ;
#5692 = ORIENTED_EDGE ( 'NONE', *, *, #1829, .F. ) ;
#5693 = PRESENTATION_STYLE_ASSIGNMENT (( #6438 ) ) ;
#5694 = EDGE_CURVE ( 'NONE', #1416, #3950, #3206, .T. ) ;
#5695 = ORIENTED_EDGE ( 'NONE', *, *, #3119, .F. ) ;
#5696 = DIRECTION ( 'NONE',  ( -1.084202172485509000E-015, 0.0000000000000000000, -1.000000000000000000 ) ) ;
#5697 = CARTESIAN_POINT ( 'NONE',  ( -1.375000000000000000, 0.02000000000000000000, -1.349999999999992500 ) ) ;
#5698 = AXIS2_PLACEMENT_3D ( 'NONE', #4718, #2722, #19 ) ;
#5699 = AXIS2_PLACEMENT_3D ( 'NONE', #5585, #6440, #256 ) ;
#5700 = PLANE ( 'NONE',  #3143 ) ;
#5701 = ORIENTED_EDGE ( 'NONE', *, *, #4741, .T. ) ;
#5702 = ORIENTED_EDGE ( 'NONE', *, *, #6143, .F. ) ;
#5703 = ORIENTED_EDGE ( 'NONE', *, *, #3749, .T. ) ;
#5704 = SURFACE_STYLE_FILL_AREA ( #5386 ) ;
#5705 =( GEOMETRIC_REPRESENTATION_CONTEXT ( 3 ) GLOBAL_UNCERTAINTY_ASSIGNED_CONTEXT ( ( #1625 ) ) GLOBAL_UNIT_ASSIGNED_CONTEXT ( ( #4672, #1711, #5169 ) ) REPRESENTATION_CONTEXT ( 'NONE', 'WORKASPACE' ) );
#5706 = CARTESIAN_POINT ( 'NONE',  ( 0.3750000000000004400, 0.02000000000000000000, 1.349999999999999900 ) ) ;
#5707 = SURFACE_STYLE_USAGE ( .BOTH. , #2239 ) ;
#5708 = VERTEX_POINT ( 'NONE', #4227 ) ;
#5709 = SURFACE_STYLE_FILL_AREA ( #3047 ) ;
#5710 = CARTESIAN_POINT ( 'NONE',  ( -0.8249999999999996200, 0.0000000000000000000, 1.350000000000003900 ) ) ;
#5711 = ORIENTED_EDGE ( 'NONE', *, *, #5744, .F. ) ;
#5712 = AXIS2_PLACEMENT_3D ( 'NONE', #4563, #1588, #5045 ) ;
#5713 = DIRECTION ( 'NONE',  ( 0.0000000000000000000, 0.0000000000000000000, 1.000000000000000000 ) ) ;
#5714 = VECTOR ( 'NONE', #248, 1000.000000000000000 ) ;
#5715 = VECTOR ( 'NONE', #4191, 1000.000000000000000 ) ;
#5716 = PRESENTATION_STYLE_ASSIGNMENT (( #3094 ) ) ;
#5717 = VERTEX_POINT ( 'NONE', #1733 ) ;
#5718 =( LENGTH_UNIT ( ) NAMED_UNIT ( * ) SI_UNIT ( .MILLI., .METRE. ) );
#5719 =( NAMED_UNIT ( * ) PLANE_ANGLE_UNIT ( ) SI_UNIT ( $, .RADIAN. ) );
#5720 = MECHANICAL_DESIGN_GEOMETRIC_PRESENTATION_REPRESENTATION (  '', ( #4719 ), #6054 ) ;
#5721 = LINE ( 'NONE', #1018, #3267 ) ;
#5722 = ORIENTED_EDGE ( 'NONE', *, *, #6034, .T. ) ;
#5723 = CARTESIAN_POINT ( 'NONE',  ( 1.275000000000000100, 0.0000000000000000000, 0.7000000000000001800 ) ) ;
#5724 = EDGE_CURVE ( 'NONE', #306, #955, #4506, .T. ) ;
#5725 = DIRECTION ( 'NONE',  ( 0.0000000000000000000, 1.000000000000000000, -0.0000000000000000000 ) ) ;
#5726 = UNCERTAINTY_MEASURE_WITH_UNIT (LENGTH_MEASURE( 1.000000000000000100E-005 ), #2616, 'distance_accuracy_value', 'NONE');
#5727 = CARTESIAN_POINT ( 'NONE',  ( 1.175000000000000700, 0.02000000000000000000, 1.350000000000006300 ) ) ;
#5728 = DIRECTION ( 'NONE',  ( -5.421010862427543900E-016, 0.0000000000000000000, 1.000000000000000000 ) ) ;
#5729 =( GEOMETRIC_REPRESENTATION_CONTEXT ( 3 ) GLOBAL_UNCERTAINTY_ASSIGNED_CONTEXT ( ( #4410 ) ) GLOBAL_UNIT_ASSIGNED_CONTEXT ( ( #1877, #5342, #2381 ) ) REPRESENTATION_CONTEXT ( 'NONE', 'WORKASPACE' ) );
#5730 = AXIS2_PLACEMENT_3D ( 'NONE', #4477, #6396, #6314 ) ;
#5731 = DIRECTION ( 'NONE',  ( 0.0000000000000000000, 0.0000000000000000000, 1.000000000000000000 ) ) ;
#5732 =( LENGTH_UNIT ( ) NAMED_UNIT ( * ) SI_UNIT ( .MILLI., .METRE. ) );
#5733 = DIRECTION ( 'NONE',  ( 0.0000000000000000000, 0.0000000000000000000, -1.000000000000000000 ) ) ;
#5734 = CARTESIAN_POINT ( 'NONE',  ( -0.6750000000000000400, 0.02000000000000000000, -1.349999999999996300 ) ) ;
#5735 = EDGE_CURVE ( 'NONE', #3801, #59, #4354, .T. ) ;
#5736 = PRESENTATION_STYLE_ASSIGNMENT (( #3679 ) ) ;
#5737 = ORIENTED_EDGE ( 'NONE', *, *, #2657, .T. ) ;
#5738 =( NAMED_UNIT ( * ) SI_UNIT ( $, .STERADIAN. ) SOLID_ANGLE_UNIT ( ) );
#5739 = AXIS2_PLACEMENT_3D ( 'NONE', #2882, #6353, #5346 ) ;
#5740 =( GEOMETRIC_REPRESENTATION_CONTEXT ( 3 ) GLOBAL_UNCERTAINTY_ASSIGNED_CONTEXT ( ( #360 ) ) GLOBAL_UNIT_ASSIGNED_CONTEXT ( ( #5900, #1958, #6024 ) ) REPRESENTATION_CONTEXT ( 'NONE', 'WORKASPACE' ) );
#5741 = CIRCLE ( 'NONE', #4263, 0.04999999999999991300 ) ;
#5742 = ORIENTED_EDGE ( 'NONE', *, *, #751, .T. ) ;
#5743 = SURFACE_STYLE_USAGE ( .BOTH. , #2792 ) ;
#5744 = EDGE_CURVE ( 'NONE', #224, #6255, #1852, .T. ) ;
#5745 = VECTOR ( 'NONE', #5939, 1000.000000000000000 ) ;
#5746 = SURFACE_STYLE_USAGE ( .BOTH. , #2277 ) ;
#5747 = AXIS2_PLACEMENT_3D ( 'NONE', #1218, #4687, #1720 ) ;
#5748 =( LENGTH_UNIT ( ) NAMED_UNIT ( * ) SI_UNIT ( .MILLI., .METRE. ) );
#5749 =( LENGTH_UNIT ( ) NAMED_UNIT ( * ) SI_UNIT ( .MILLI., .METRE. ) );
#5750 = MECHANICAL_DESIGN_GEOMETRIC_PRESENTATION_REPRESENTATION (  '', ( #4746 ), #6081 ) ;
#5751 = UNCERTAINTY_MEASURE_WITH_UNIT (LENGTH_MEASURE( 1.000000000000000100E-005 ), #2271, 'distance_accuracy_value', 'NONE');
#5752 = FILL_AREA_STYLE ('',( #3595 ) ) ;
#5753 = FACE_OUTER_BOUND ( 'NONE', #3042, .T. ) ;
#5754 = UNCERTAINTY_MEASURE_WITH_UNIT (LENGTH_MEASURE( 1.000000000000000100E-005 ), #600, 'distance_accuracy_value', 'NONE');
#5755 = DIRECTION ( 'NONE',  ( 0.0000000000000000000, 0.0000000000000000000, 1.000000000000000000 ) ) ;
#5756 = PRESENTATION_STYLE_ASSIGNMENT (( #3025 ) ) ;
#5757 = LINE ( 'NONE', #159, #4440 ) ;
#5758 = VECTOR ( 'NONE', #1381, 1000.000000000000000 ) ;
#5759 = ORIENTED_EDGE ( 'NONE', *, *, #1162, .T. ) ;
#5760 = EDGE_CURVE ( 'NONE', #2627, #1330, #350, .T. ) ;
#5761 = VECTOR ( 'NONE', #3841, 1000.000000000000000 ) ;
#5762 = SURFACE_STYLE_USAGE ( .BOTH. , #2303 ) ;
#5763 = SURFACE_STYLE_USAGE ( .BOTH. , #2308 ) ;
#5764 = FACE_OUTER_BOUND ( 'NONE', #6259, .T. ) ;
#5765 = AXIS2_PLACEMENT_3D ( 'NONE', #1812, #1959, #369 ) ;
#5766 = SURFACE_STYLE_FILL_AREA ( #14 ) ;
#5767 = CARTESIAN_POINT ( 'NONE',  ( -1.374999999999999800, 0.02000000000000000000, 1.350000000000006800 ) ) ;
#5768 = FILL_AREA_STYLE_COLOUR ( '', #1105 ) ;
#5769 = ORIENTED_EDGE ( 'NONE', *, *, #4698, .F. ) ;
#5770 = DIRECTION ( 'NONE',  ( 0.0000000000000000000, 0.0000000000000000000, 1.000000000000000000 ) ) ;
#5771 = ORIENTED_EDGE ( 'NONE', *, *, #6422, .T. ) ;
#5772 = CARTESIAN_POINT ( 'NONE',  ( 0.1250000000000006100, 0.0000000000000000000, 1.349999999999999900 ) ) ;
#5773 = DIRECTION ( 'NONE',  ( 1.000000000000000000, 0.0000000000000000000, -0.0000000000000000000 ) ) ;
#5774 = ORIENTED_EDGE ( 'NONE', *, *, #3297, .T. ) ;
#5775 = FACE_OUTER_BOUND ( 'NONE', #2034, .T. ) ;
#5776 = ORIENTED_EDGE ( 'NONE', *, *, #3624, .T. ) ;
#5777 = CIRCLE ( 'NONE', #1155, 0.04999999999999991300 ) ;
#5778 = MECHANICAL_DESIGN_GEOMETRIC_PRESENTATION_REPRESENTATION (  '', ( #4774 ), #6110 ) ;
#5779 = DIRECTION ( 'NONE',  ( -1.000000000000000000, 0.0000000000000000000, 0.0000000000000000000 ) ) ;
#5780 = STYLED_ITEM ( 'NONE', ( #5924 ), #2162 ) ;
#5781 = CARTESIAN_POINT ( 'NONE',  ( 0.8750000000000005600, 0.0000000000000000000, 1.350000000000003400 ) ) ;
#5782 = ORIENTED_EDGE ( 'NONE', *, *, #474, .F. ) ;
#5783 = SURFACE_SIDE_STYLE ('',( #2788 ) ) ;
#5784 = FACE_OUTER_BOUND ( 'NONE', #1505, .T. ) ;
#5785 = EDGE_CURVE ( 'NONE', #1799, #2358, #1699, .T. ) ;
#5786 = SURFACE_STYLE_FILL_AREA ( #263 ) ;
#5787 = ORIENTED_EDGE ( 'NONE', *, *, #6193, .T. ) ;
#5788 = PLANE ( 'NONE',  #5670 ) ;
#5789 = CARTESIAN_POINT ( 'NONE',  ( 1.325000000000000200, 0.02000000000000000000, 1.100000000000006300 ) ) ;
#5790 = VERTEX_POINT ( 'NONE', #3285 ) ;
#5791 = STYLED_ITEM ( 'NONE', ( #4634 ), #3212 ) ;
#5792 = DIRECTION ( 'NONE',  ( -0.0000000000000000000, -1.000000000000000000, -0.0000000000000000000 ) ) ;
#5793 = DIRECTION ( 'NONE',  ( -1.000000000000000000, 0.0000000000000000000, 0.0000000000000000000 ) ) ;
#5794 = CARTESIAN_POINT ( 'NONE',  ( 0.1750000000000006300, 0.0000000000000000000, 1.350000000000000300 ) ) ;
#5795 = EDGE_LOOP ( 'NONE', ( #1016, #2828, #4045, #767 ) ) ;
#5796 = DIRECTION ( 'NONE',  ( 0.0000000000000000000, 0.0000000000000000000, 1.000000000000000000 ) ) ;
#5797 = DIRECTION ( 'NONE',  ( -0.0000000000000000000, -1.000000000000000000, -0.0000000000000000000 ) ) ;
#5798 = COLOUR_RGB ( '',0.7529411764705882200, 0.7529411764705882200, 0.7529411764705882200 ) ;
#5799 = CLOSED_SHELL ( 'NONE', ( #4461, #6099, #1606, #534, #2598, #1874, #778, #257, #4173, #1563, #4476, #3772, #4822, #284, #556, #2759, #1001, #3207, #65, #3161, #6049, #4021, #686, #6400, #4740, #6176, #531, #2731, #1221 ) ) ;
#5800 = DIRECTION ( 'NONE',  ( 0.0000000000000000000, 0.0000000000000000000, -1.000000000000000000 ) ) ;
#5801 = CARTESIAN_POINT ( 'NONE',  ( 1.175000000000000700, 0.02000000000000000000, 1.150000000000006400 ) ) ;
#5802 =( NAMED_UNIT ( * ) PLANE_ANGLE_UNIT ( ) SI_UNIT ( $, .RADIAN. ) );
#5803 = AXIS2_PLACEMENT_3D ( 'NONE', #5200, #2245, #5713 ) ;
#5804 =( NAMED_UNIT ( * ) PLANE_ANGLE_UNIT ( ) SI_UNIT ( $, .RADIAN. ) );
#5805 = EDGE_CURVE ( 'NONE', #5418, #2651, #5336, .T. ) ;
#5806 = FACE_OUTER_BOUND ( 'NONE', #3877, .T. ) ;
#5807 =( LENGTH_UNIT ( ) NAMED_UNIT ( * ) SI_UNIT ( .MILLI., .METRE. ) );
#5808 = CARTESIAN_POINT ( 'NONE',  ( -1.175000000000000000, 0.0000000000000000000, -1.349999999999993000 ) ) ;
#5809 = SURFACE_STYLE_USAGE ( .BOTH. , #2348 ) ;
#5810 = VECTOR ( 'NONE', #3752, 1000.000000000000000 ) ;
#5811 = AXIS2_PLACEMENT_3D ( 'NONE', #475, #3984, #994 ) ;
#5812 =( GEOMETRIC_REPRESENTATION_CONTEXT ( 3 ) GLOBAL_UNCERTAINTY_ASSIGNED_CONTEXT ( ( #2025 ) ) GLOBAL_UNIT_ASSIGNED_CONTEXT ( ( #3550, #2474, #2554 ) ) REPRESENTATION_CONTEXT ( 'NONE', 'WORKASPACE' ) );
#5813 = ORIENTED_EDGE ( 'NONE', *, *, #3385, .F. ) ;
#5814 = ADVANCED_FACE ( 'NONE', ( #189 ), #4745, .T. ) ;
#5815 = LINE ( 'NONE', #2529, #2022 ) ;
#5816 = EDGE_CURVE ( 'NONE', #3923, #2216, #2243, .T. ) ;
#5817 = DIRECTION ( 'NONE',  ( 0.0000000000000000000, 0.0000000000000000000, -1.000000000000000000 ) ) ;
#5818 = FILL_AREA_STYLE_COLOUR ( '', #6107 ) ;
#5819 = STYLED_ITEM ( 'NONE', ( #1397 ), #5341 ) ;
#5820 =( GEOMETRIC_REPRESENTATION_CONTEXT ( 3 ) GLOBAL_UNCERTAINTY_ASSIGNED_CONTEXT ( ( #4323 ) ) GLOBAL_UNIT_ASSIGNED_CONTEXT ( ( #6135, #5147, #1651 ) ) REPRESENTATION_CONTEXT ( 'NONE', 'WORKASPACE' ) );
#5821 = SURFACE_STYLE_FILL_AREA ( #6090 ) ;
#5822 =( NAMED_UNIT ( * ) PLANE_ANGLE_UNIT ( ) SI_UNIT ( $, .RADIAN. ) );
#5823 = AXIS2_PLACEMENT_3D ( 'NONE', #1935, #4438, #2059 ) ;
#5824 = UNCERTAINTY_MEASURE_WITH_UNIT (LENGTH_MEASURE( 1.000000000000000100E-005 ), #1914, 'distance_accuracy_value', 'NONE');
#5825 = CYLINDRICAL_SURFACE ( 'NONE', #74, 0.04999999999999991300 ) ;
#5826 =( NAMED_UNIT ( * ) SI_UNIT ( $, .STERADIAN. ) SOLID_ANGLE_UNIT ( ) );
#5827 = PLANE ( 'NONE',  #1284 ) ;
#5828 =( GEOMETRIC_REPRESENTATION_CONTEXT ( 3 ) GLOBAL_UNCERTAINTY_ASSIGNED_CONTEXT ( ( #2762 ) ) GLOBAL_UNIT_ASSIGNED_CONTEXT ( ( #2429, #5895, #2961 ) ) REPRESENTATION_CONTEXT ( 'NONE', 'WORKASPACE' ) );
#5829 = VERTEX_POINT ( 'NONE', #1297 ) ;
#5830 = DIRECTION ( 'NONE',  ( 0.0000000000000000000, 0.0000000000000000000, -1.000000000000000000 ) ) ;
#5831 = ORIENTED_EDGE ( 'NONE', *, *, #2295, .T. ) ;
#5832 = PRESENTATION_STYLE_ASSIGNMENT (( #5366 ) ) ;
#5833 = DIRECTION ( 'NONE',  ( 0.0000000000000000000, 1.000000000000000000, -0.0000000000000000000 ) ) ;
#5834 = SURFACE_SIDE_STYLE ('',( #5786 ) ) ;
#5835 = ORIENTED_EDGE ( 'NONE', *, *, #2409, .T. ) ;
#5836 = FACE_OUTER_BOUND ( 'NONE', #3075, .T. ) ;
#5837 = DIRECTION ( 'NONE',  ( 1.000000000000000000, 0.0000000000000000000, 0.0000000000000000000 ) ) ;
#5838 = EDGE_CURVE ( 'NONE', #4833, #5259, #3578, .T. ) ;
#5839 = ORIENTED_EDGE ( 'NONE', *, *, #5103, .T. ) ;
#5840 = DIRECTION ( 'NONE',  ( -0.0000000000000000000, -1.000000000000000000, -0.0000000000000000000 ) ) ;
#5841 = VECTOR ( 'NONE', #4331, 1000.000000000000000 ) ;
#5842 = VECTOR ( 'NONE', #919, 1000.000000000000000 ) ;
#5843 =( GEOMETRIC_REPRESENTATION_CONTEXT ( 3 ) GLOBAL_UNCERTAINTY_ASSIGNED_CONTEXT ( ( #1417 ) ) GLOBAL_UNIT_ASSIGNED_CONTEXT ( ( #2799, #6260, #3298 ) ) REPRESENTATION_CONTEXT ( 'NONE', 'WORKASPACE' ) );
#5844 = STYLED_ITEM ( 'NONE', ( #2874 ), #1217 ) ;
#5845 = ORIENTED_EDGE ( 'NONE', *, *, #334, .F. ) ;
#5846 = SURFACE_SIDE_STYLE ('',( #861 ) ) ;
#5847 = SURFACE_SIDE_STYLE ('',( #3514 ) ) ;
#5848 = CARTESIAN_POINT ( 'NONE',  ( 0.1249999999999997400, 0.02000000000000000000, -1.150000000000000100 ) ) ;
#5849 = ORIENTED_EDGE ( 'NONE', *, *, #2009, .T. ) ;
#5850 = EDGE_CURVE ( 'NONE', #1200, #4857, #909, .T. ) ;
#5851 = SURFACE_STYLE_USAGE ( .BOTH. , #2387 ) ;
#5852 = DIRECTION ( 'NONE',  ( 0.0000000000000000000, 1.000000000000000000, -0.0000000000000000000 ) ) ;
#5853 = ORIENTED_EDGE ( 'NONE', *, *, #5173, .T. ) ;
#5854 = PRESENTATION_LAYER_ASSIGNMENT (  '', '', ( #6195 ) ) ;
#5855 =( LENGTH_UNIT ( ) NAMED_UNIT ( * ) SI_UNIT ( .MILLI., .METRE. ) );
#5856 = VERTEX_POINT ( 'NONE', #5767 ) ;
#5857 = MECHANICAL_DESIGN_GEOMETRIC_PRESENTATION_REPRESENTATION (  '', ( #5187 ), #6196 ) ;
#5858 = CARTESIAN_POINT ( 'NONE',  ( 0.1749999999999997700, 0.02000000000000000000, -1.149999999999999900 ) ) ;
#5859 = VECTOR ( 'NONE', #6456, 1000.000000000000000 ) ;
#5860 = FILL_AREA_STYLE ('',( #5314 ) ) ;
#5861 = VERTEX_POINT ( 'NONE', #3327 ) ;
#5862 = EDGE_CURVE ( 'NONE', #2849, #6255, #6047, .T. ) ;
#5863 = CIRCLE ( 'NONE', #4292, 0.04999999999999991300 ) ;
#5864 = STYLED_ITEM ( 'NONE', ( #801 ), #3460 ) ;
#5865 = DIRECTION ( 'NONE',  ( -0.0000000000000000000, -1.000000000000000000, -0.0000000000000000000 ) ) ;
#5866 = ORIENTED_EDGE ( 'NONE', *, *, #4611, .F. ) ;
#5867 = MANIFOLD_SOLID_BREP ( 'Boss-Extrude2[2]', #4039 ) ;
#5868 = PRESENTATION_LAYER_ASSIGNMENT (  '', '', ( #5545 ) ) ;
#5869 = DIRECTION ( 'NONE',  ( 1.000000000000000000, 0.0000000000000000000, -0.0000000000000000000 ) ) ;
#5870 = DIRECTION ( 'NONE',  ( 1.951563910473902900E-014, 0.0000000000000000000, 1.000000000000000000 ) ) ;
#5871 = SURFACE_STYLE_FILL_AREA ( #980 ) ;
#5872 = CARTESIAN_POINT ( 'NONE',  ( 0.1250000000000006900, 0.0000000000000000000, -1.016439536705170100E-016 ) ) ;
#5873 = ORIENTED_EDGE ( 'NONE', *, *, #3666, .F. ) ;
#5874 =( NAMED_UNIT ( * ) PLANE_ANGLE_UNIT ( ) SI_UNIT ( $, .RADIAN. ) );
#5875 = DIRECTION ( 'NONE',  ( 0.0000000000000000000, 1.000000000000000000, -0.0000000000000000000 ) ) ;
#5876 = CARTESIAN_POINT ( 'NONE',  ( -0.3249999999999996800, 0.02000000000000000000, 1.350000000000000300 ) ) ;
#5877 = CARTESIAN_POINT ( 'NONE',  ( 0.0000000000000000000, 0.0000000000000000000, 1.400000000000007200 ) ) ;
#5878 =( NAMED_UNIT ( * ) SI_UNIT ( $, .STERADIAN. ) SOLID_ANGLE_UNIT ( ) );
#5879 = EDGE_CURVE ( 'NONE', #1374, #157, #2966, .T. ) ;
#5880 = DIRECTION ( 'NONE',  ( -0.0000000000000000000, -1.000000000000000000, -0.0000000000000000000 ) ) ;
#5881 = ORIENTED_EDGE ( 'NONE', *, *, #2108, .F. ) ;
#5882 = AXIS2_PLACEMENT_3D ( 'NONE', #4902, #1391, #2723 ) ;
#5883 = DIRECTION ( 'NONE',  ( 0.0000000000000000000, -0.0000000000000000000, 1.000000000000000000 ) ) ;
#5884 = DIRECTION ( 'NONE',  ( 0.0000000000000000000, 0.0000000000000000000, -1.000000000000000000 ) ) ;
#5885 = SURFACE_SIDE_STYLE ('',( #4688 ) ) ;
#5886 = ORIENTED_EDGE ( 'NONE', *, *, #5405, .T. ) ;
#5887 = DIRECTION ( 'NONE',  ( -0.0000000000000000000, -1.000000000000000000, -0.0000000000000000000 ) ) ;
#5888 =( NAMED_UNIT ( * ) PLANE_ANGLE_UNIT ( ) SI_UNIT ( $, .RADIAN. ) );
#5889 = DIRECTION ( 'NONE',  ( -0.0000000000000000000, -1.000000000000000000, 0.0000000000000000000 ) ) ;
#5890 = ORIENTED_EDGE ( 'NONE', *, *, #5629, .F. ) ;
#5891 =( LENGTH_UNIT ( ) NAMED_UNIT ( * ) SI_UNIT ( .MILLI., .METRE. ) );
#5892 = AXIS2_PLACEMENT_3D ( 'NONE', #3213, #181, #3697 ) ;
#5893 =( GEOMETRIC_REPRESENTATION_CONTEXT ( 3 ) GLOBAL_UNCERTAINTY_ASSIGNED_CONTEXT ( ( #1553 ) ) GLOBAL_UNIT_ASSIGNED_CONTEXT ( ( #3874, #2322, #2339 ) ) REPRESENTATION_CONTEXT ( 'NONE', 'WORKASPACE' ) );
#5894 = CARTESIAN_POINT ( 'NONE',  ( -1.324999999999999300, 0.0000000000000000000, 1.100000000000007200 ) ) ;
#5895 =( NAMED_UNIT ( * ) PLANE_ANGLE_UNIT ( ) SI_UNIT ( $, .RADIAN. ) );
#5896 = PRESENTATION_STYLE_ASSIGNMENT (( #710 ) ) ;
#5897 = EDGE_CURVE ( 'NONE', #3235, #1371, #4722, .T. ) ;
#5898 =( GEOMETRIC_REPRESENTATION_CONTEXT ( 3 ) GLOBAL_UNCERTAINTY_ASSIGNED_CONTEXT ( ( #5674 ) ) GLOBAL_UNIT_ASSIGNED_CONTEXT ( ( #659, #4155, #1171 ) ) REPRESENTATION_CONTEXT ( 'NONE', 'WORKASPACE' ) );
#5899 = AXIS2_PLACEMENT_3D ( 'NONE', #1275, #4293, #4900 ) ;
#5900 =( LENGTH_UNIT ( ) NAMED_UNIT ( * ) SI_UNIT ( .MILLI., .METRE. ) );
#5901 = LINE ( 'NONE', #5115, #2112 ) ;
#5902 = ORIENTED_EDGE ( 'NONE', *, *, #6317, .T. ) ;
#5903 = FILL_AREA_STYLE ('',( #1361 ) ) ;
#5904 = PLANE ( 'NONE',  #2556 ) ;
#5905 = CARTESIAN_POINT ( 'NONE',  ( -0.6750000000000003800, 0.02000000000000000000, -1.099999999999996300 ) ) ;
#5906 = VECTOR ( 'NONE', #6136, 1000.000000000000000 ) ;
#5907 = SURFACE_SIDE_STYLE ('',( #1090 ) ) ;
#5908 = CARTESIAN_POINT ( 'NONE',  ( 0.8249999999999992900, 0.02000000000000000000, -1.099999999999996800 ) ) ;
#5909 = EDGE_LOOP ( 'NONE', ( #96, #6496, #387, #1446 ) ) ;
#5910 = CARTESIAN_POINT ( 'NONE',  ( 0.6750000000000010400, 0.02000000000000000000, 1.400000000000003700 ) ) ;
#5911 = STYLED_ITEM ( 'NONE', ( #663 ), #1112 ) ;
#5912 = ADVANCED_FACE ( 'NONE', ( #1631 ), #288, .T. ) ;
#5913 = FILL_AREA_STYLE ('',( #2960 ) ) ;
#5914 = PRESENTATION_STYLE_ASSIGNMENT (( #3020 ) ) ;
#5915 = VECTOR ( 'NONE', #5942, 1000.000000000000000 ) ;
#5916 = DIRECTION ( 'NONE',  ( 0.0000000000000000000, 0.0000000000000000000, 1.000000000000000000 ) ) ;
#5917 = SURFACE_STYLE_USAGE ( .BOTH. , #90 ) ;
#5918 = CARTESIAN_POINT ( 'NONE',  ( -1.374999999999999800, 0.02000000000000000000, 0.0000000000000000000 ) ) ;
#5919 = VERTEX_POINT ( 'NONE', #3362 ) ;
#5920 = ORIENTED_EDGE ( 'NONE', *, *, #88, .F. ) ;
#5921 =( GEOMETRIC_REPRESENTATION_CONTEXT ( 3 ) GLOBAL_UNCERTAINTY_ASSIGNED_CONTEXT ( ( #1139 ) ) GLOBAL_UNIT_ASSIGNED_CONTEXT ( ( #2650, #6106, #4599 ) ) REPRESENTATION_CONTEXT ( 'NONE', 'WORKASPACE' ) );
#5922 = ORIENTED_EDGE ( 'NONE', *, *, #4602, .F. ) ;
#5923 = VECTOR ( 'NONE', #5962, 1000.000000000000000 ) ;
#5924 = PRESENTATION_STYLE_ASSIGNMENT (( #5183 ) ) ;
#5925 = EDGE_CURVE ( 'NONE', #5829, #3623, #1009, .T. ) ;
#5926 = UNCERTAINTY_MEASURE_WITH_UNIT (LENGTH_MEASURE( 1.000000000000000100E-005 ), #4272, 'distance_accuracy_value', 'NONE');
#5927 = CARTESIAN_POINT ( 'NONE',  ( 0.0000000000000000000, 0.02000000000000000000, 1.400000000000000100 ) ) ;
#5928 = COLOUR_RGB ( '',0.7529411764705882200, 0.7529411764705882200, 0.7529411764705882200 ) ;
#5929 = ORIENTED_EDGE ( 'NONE', *, *, #5662, .F. ) ;
#5930 = ADVANCED_FACE ( 'NONE', ( #1150 ), #5345, .T. ) ;
#5931 = SURFACE_STYLE_FILL_AREA ( #357 ) ;
#5932 = AXIS2_PLACEMENT_3D ( 'NONE', #1518, #6472, #2137 ) ;
#5933 = ORIENTED_EDGE ( 'NONE', *, *, #1543, .F. ) ;
#5934 = FILL_AREA_STYLE_COLOUR ( '', #780 ) ;
#5935 = FILL_AREA_STYLE_COLOUR ( '', #3612 ) ;
#5936 = MECHANICAL_DESIGN_GEOMETRIC_PRESENTATION_REPRESENTATION (  '', ( #5258 ), #6288 ) ;
#5937 = COLOUR_RGB ( '',0.7529411764705882200, 0.7529411764705882200, 0.7529411764705882200 ) ;
#5938 = ORIENTED_EDGE ( 'NONE', *, *, #474, .T. ) ;
#5939 = DIRECTION ( 'NONE',  ( -0.0000000000000000000, -1.000000000000000000, -0.0000000000000000000 ) ) ;
#5940 = FILL_AREA_STYLE ('',( #5435 ) ) ;
#5941 = EDGE_CURVE ( 'NONE', #2216, #3650, #4362, .T. ) ;
#5942 = DIRECTION ( 'NONE',  ( -0.0000000000000000000, -1.000000000000000000, -0.0000000000000000000 ) ) ;
#5943 = CARTESIAN_POINT ( 'NONE',  ( 0.8749999999999990000, 0.02000000000000000000, -9.486769009248191400E-016 ) ) ;
#5944 = CIRCLE ( 'NONE', #2841, 0.04999999999999991300 ) ;
#5945 = SURFACE_STYLE_FILL_AREA ( #4801 ) ;
#5946 = CARTESIAN_POINT ( 'NONE',  ( 0.0000000000000000000, 0.0000000000000000000, 0.0000000000000000000 ) ) ;
#5947 = PRESENTATION_LAYER_ASSIGNMENT (  '', '', ( #5622 ) ) ;
#5948 = VERTEX_POINT ( 'NONE', #5365 ) ;
#5949 = STYLED_ITEM ( 'NONE', ( #3737 ), #2695 ) ;
#5950 = CARTESIAN_POINT ( 'NONE',  ( -0.8749999999999996700, 0.02000000000000000000, 0.0000000000000000000 ) ) ;
#5951 = EDGE_LOOP ( 'NONE', ( #45, #1413, #4773, #390 ) ) ;
#5952 = UNCERTAINTY_MEASURE_WITH_UNIT (LENGTH_MEASURE( 1.000000000000000100E-005 ), #253, 'distance_accuracy_value', 'NONE');
#5953 = EDGE_CURVE ( 'NONE', #1393, #2645, #3064, .T. ) ;
#5954 = VECTOR ( 'NONE', #3882, 1000.000000000000000 ) ;
#5955 = EDGE_LOOP ( 'NONE', ( #321, #770, #6407, #5239 ) ) ;
#5956 = DIRECTION ( 'NONE',  ( -1.000000000000000000, 0.0000000000000000000, 1.445602896647346600E-015 ) ) ;
#5957 = AXIS2_PLACEMENT_3D ( 'NONE', #5991, #3050, #6509 ) ;
#5958 =( LENGTH_UNIT ( ) NAMED_UNIT ( * ) SI_UNIT ( .MILLI., .METRE. ) );
#5959 = UNCERTAINTY_MEASURE_WITH_UNIT (LENGTH_MEASURE( 1.000000000000000100E-005 ), #3977, 'distance_accuracy_value', 'NONE');
#5960 = SURFACE_SIDE_STYLE ('',( #2119 ) ) ;
#5961 = DIRECTION ( 'NONE',  ( 0.0000000000000000000, 1.000000000000000000, -0.0000000000000000000 ) ) ;
#5962 = DIRECTION ( 'NONE',  ( -0.0000000000000000000, -1.000000000000000000, -0.0000000000000000000 ) ) ;
#5963 = CARTESIAN_POINT ( 'NONE',  ( -1.324999999999999700, 0.02000000000000000000, -1.399999999999992800 ) ) ;
#5964 = SURFACE_SIDE_STYLE ('',( #4437 ) ) ;
#5965 = DIRECTION ( 'NONE',  ( -1.000000000000000000, 0.0000000000000000000, 0.0000000000000000000 ) ) ;
#5966 = CIRCLE ( 'NONE', #689, 0.05000000000000012800 ) ;
#5967 = DIRECTION ( 'NONE',  ( 2.059984127722461900E-014, 0.0000000000000000000, 1.000000000000000000 ) ) ;
#5968 = CARTESIAN_POINT ( 'NONE',  ( -0.6250000000000006700, 0.02000000000000000000, -3.388131789017218600E-016 ) ) ;
#5969 = DIRECTION ( 'NONE',  ( 0.0000000000000000000, 1.000000000000000000, -0.0000000000000000000 ) ) ;
#5970 = FILL_AREA_STYLE ('',( #3635 ) ) ;
#5971 = EDGE_CURVE ( 'NONE', #910, #157, #1716, .T. ) ;
#5972 = ORIENTED_EDGE ( 'NONE', *, *, #5393, .T. ) ;
#5973 = DIRECTION ( 'NONE',  ( 0.0000000000000000000, 1.000000000000000000, -0.0000000000000000000 ) ) ;
#5974 = FILL_AREA_STYLE_COLOUR ( '', #4751 ) ;
#5975 = VECTOR ( 'NONE', #6030, 1000.000000000000000 ) ;
#5976 = PRESENTATION_STYLE_ASSIGNMENT (( #2577 ) ) ;
#5977 = PRESENTATION_LAYER_ASSIGNMENT (  '', '', ( #5646 ) ) ;
#5978 = STYLED_ITEM ( 'NONE', ( #5441 ), #1136 ) ;
#5979 = CARTESIAN_POINT ( 'NONE',  ( -1.125000000000001100, 0.02000000000000000000, 1.219727444046198600E-015 ) ) ;
#5980 = ADVANCED_FACE ( 'NONE', ( #2895 ), #4408, .F. ) ;
#5981 = DIRECTION ( 'NONE',  ( 0.0000000000000000000, -1.000000000000000000, 0.0000000000000000000 ) ) ;
#5982 = EDGE_CURVE ( 'NONE', #1602, #2001, #6220, .T. ) ;
#5983 = FACE_OUTER_BOUND ( 'NONE', #5955, .T. ) ;
#5984 = CARTESIAN_POINT ( 'NONE',  ( -0.3749999999999996700, 0.02000000000000000000, 1.349999999999999900 ) ) ;
#5985 = DIRECTION ( 'NONE',  ( -0.0000000000000000000, -1.000000000000000000, -0.0000000000000000000 ) ) ;
#5986 = ADVANCED_FACE ( 'NONE', ( #3586 ), #1450, .F. ) ;
#5987 = MECHANICAL_DESIGN_GEOMETRIC_PRESENTATION_REPRESENTATION (  '', ( #5307 ), #6333 ) ;
#5988 = AXIS2_PLACEMENT_3D ( 'NONE', #1470, #421, #3521 ) ;
#5989 = CARTESIAN_POINT ( 'NONE',  ( 1.174999999999999600, 0.5200000000000000200, -1.149999999999993500 ) ) ;
#5990 = DIRECTION ( 'NONE',  ( -0.0000000000000000000, -1.000000000000000000, 0.0000000000000000000 ) ) ;
#5991 = CARTESIAN_POINT ( 'NONE',  ( 0.0000000000000000000, 0.02000000000000000000, 1.400000000000003700 ) ) ;
#5992 = FILL_AREA_STYLE ('',( #6414 ) ) ;
#5993 = EDGE_CURVE ( 'NONE', #1198, #1050, #3140, .T. ) ;
#5994 = ORIENTED_EDGE ( 'NONE', *, *, #941, .F. ) ;
#5995 = ORIENTED_EDGE ( 'NONE', *, *, #6116, .F. ) ;
#5996 = SURFACE_STYLE_FILL_AREA ( #4872 ) ;
#5997 = DIRECTION ( 'NONE',  ( 0.0000000000000000000, 0.0000000000000000000, 1.000000000000000000 ) ) ;
#5998 = STYLED_ITEM ( 'NONE', ( #2861 ), #3292 ) ;
#5999 = LINE ( 'NONE', #702, #2191 ) ;
#6000 = FILL_AREA_STYLE ('',( #5974 ) ) ;
#6001 = EDGE_LOOP ( 'NONE', ( #507, #4022, #803, #1583, #934, #3903, #5776, #2165 ) ) ;
#6002 =( LENGTH_UNIT ( ) NAMED_UNIT ( * ) SI_UNIT ( .MILLI., .METRE. ) );
#6003 = PRESENTATION_STYLE_ASSIGNMENT (( #3286 ) ) ;
#6004 = LINE ( 'NONE', #4100, #699 ) ;
#6005 = LINE ( 'NONE', #2901, #2198 ) ;
#6006 = ORIENTED_EDGE ( 'NONE', *, *, #1032, .T. ) ;
#6007 = FACE_OUTER_BOUND ( 'NONE', #1721, .T. ) ;
#6008 = LINE ( 'NONE', #901, #4681 ) ;
#6009 = LINE ( 'NONE', #2226, #146 ) ;
#6010 = PLANE ( 'NONE',  #4049 ) ;
#6011 = SURFACE_STYLE_FILL_AREA ( #5067 ) ;
#6012 = VERTEX_POINT ( 'NONE', #5415 ) ;
#6013 = SURFACE_SIDE_STYLE ('',( #1668 ) ) ;
#6014 = DIRECTION ( 'NONE',  ( -0.0000000000000000000, -1.000000000000000000, -0.0000000000000000000 ) ) ;
#6015 = CYLINDRICAL_SURFACE ( 'NONE', #1936, 0.04999999999999991300 ) ;
#6016 = PRESENTATION_STYLE_ASSIGNMENT (( #4322 ) ) ;
#6017 =( NAMED_UNIT ( * ) SI_UNIT ( $, .STERADIAN. ) SOLID_ANGLE_UNIT ( ) );
#6018 = ADVANCED_FACE ( 'NONE', ( #4430 ), #4940, .T. ) ;
#6019 = ORIENTED_EDGE ( 'NONE', *, *, #2459, .F. ) ;
#6020 = EDGE_LOOP ( 'NONE', ( #2286, #648, #2486, #2756 ) ) ;
#6021 = ORIENTED_EDGE ( 'NONE', *, *, #4397, .T. ) ;
#6022 = AXIS2_PLACEMENT_3D ( 'NONE', #3439, #2642, #1148 ) ;
#6023 = PRESENTATION_STYLE_ASSIGNMENT (( #5174 ) ) ;
#6024 =( NAMED_UNIT ( * ) SI_UNIT ( $, .STERADIAN. ) SOLID_ANGLE_UNIT ( ) );
#6025 = CARTESIAN_POINT ( 'NONE',  ( -1.324999999999999300, 0.0000000000000000000, 1.400000000000007200 ) ) ;
#6026 = LINE ( 'NONE', #1998, #5859 ) ;
#6027 = VERTEX_POINT ( 'NONE', #6475 ) ;
#6028 = STYLED_ITEM ( 'NONE', ( #3232 ), #4548 ) ;
#6029 = MECHANICAL_DESIGN_GEOMETRIC_PRESENTATION_REPRESENTATION (  '', ( #5348 ), #6371 ) ;
#6030 = DIRECTION ( 'NONE',  ( 0.0000000000000000000, 0.0000000000000000000, 1.000000000000000000 ) ) ;
#6031 = CARTESIAN_POINT ( 'NONE',  ( -0.8249999999999995100, 0.02000000000000000000, -1.099999999999996300 ) ) ;
#6032 = FACE_OUTER_BOUND ( 'NONE', #4396, .T. ) ;
#6033 = ORIENTED_EDGE ( 'NONE', *, *, #2087, .F. ) ;
#6034 = EDGE_CURVE ( 'NONE', #1489, #4884, #2652, .T. ) ;
#6035 = DIRECTION ( 'NONE',  ( 1.000000000000000000, -0.0000000000000000000, 0.0000000000000000000 ) ) ;
#6036 = FILL_AREA_STYLE ('',( #1654 ) ) ;
#6037 = UNCERTAINTY_MEASURE_WITH_UNIT (LENGTH_MEASURE( 1.000000000000000100E-005 ), #414, 'distance_accuracy_value', 'NONE');
#6038 = MECHANICAL_DESIGN_GEOMETRIC_PRESENTATION_REPRESENTATION (  '', ( #5354 ), #6380 ) ;
#6039 = ORIENTED_EDGE ( 'NONE', *, *, #1671, .T. ) ;
#6040 = VECTOR ( 'NONE', #5619, 1000.000000000000000 ) ;
#6041 = AXIS2_PLACEMENT_3D ( 'NONE', #5008, #4748, #4077 ) ;
#6042 =( LENGTH_UNIT ( ) NAMED_UNIT ( * ) SI_UNIT ( .MILLI., .METRE. ) );
#6043 = COLOUR_RGB ( '',0.7529411764705882200, 0.7529411764705882200, 0.7529411764705882200 ) ;
#6044 =( LENGTH_UNIT ( ) NAMED_UNIT ( * ) SI_UNIT ( .MILLI., .METRE. ) );
#6045 = COLOUR_RGB ( '',0.7529411764705882200, 0.7529411764705882200, 0.7529411764705882200 ) ;
#6046 = AXIS2_PLACEMENT_3D ( 'NONE', #5532, #4057, #1569 ) ;
#6047 = CIRCLE ( 'NONE', #5196, 0.04999999999999991300 ) ;
#6048 = VERTEX_POINT ( 'NONE', #5963 ) ;
#6049 = ADVANCED_FACE ( 'NONE', ( #1783 ), #1161, .T. ) ;
#6050 = PRESENTATION_STYLE_ASSIGNMENT (( #5394 ) ) ;
#6051 = DIRECTION ( 'NONE',  ( 0.0000000000000000000, 1.000000000000000000, -0.0000000000000000000 ) ) ;
#6052 = ORIENTED_EDGE ( 'NONE', *, *, #1170, .T. ) ;
#6053 = DIRECTION ( 'NONE',  ( 0.0000000000000000000, 0.0000000000000000000, 1.000000000000000000 ) ) ;
#6054 =( GEOMETRIC_REPRESENTATION_CONTEXT ( 3 ) GLOBAL_UNCERTAINTY_ASSIGNED_CONTEXT ( ( #3934 ) ) GLOBAL_UNIT_ASSIGNED_CONTEXT ( ( #4152, #6100, #604 ) ) REPRESENTATION_CONTEXT ( 'NONE', 'WORKASPACE' ) );
#6055 = SURFACE_SIDE_STYLE ('',( #4867 ) ) ;
#6056 = CARTESIAN_POINT ( 'NONE',  ( -0.3250000000000000100, 0.0000000000000000000, -1.349999999999999900 ) ) ;
#6057 = EDGE_CURVE ( 'NONE', #4999, #787, #2491, .T. ) ;
#6058 = CIRCLE ( 'NONE', #688, 0.05000000000000012800 ) ;
#6059 = DIRECTION ( 'NONE',  ( -0.0000000000000000000, -1.000000000000000000, 0.0000000000000000000 ) ) ;
#6060 = CARTESIAN_POINT ( 'NONE',  ( 1.479999999999999800, 0.03999999999999999400, -1.500000000000000000 ) ) ;
#6061 = PRESENTATION_LAYER_ASSIGNMENT (  '', '', ( #6401 ) ) ;
#6062 = MECHANICAL_DESIGN_GEOMETRIC_PRESENTATION_REPRESENTATION (  '', ( #5388 ), #6403 ) ;
#6063 = ORIENTED_EDGE ( 'NONE', *, *, #2550, .F. ) ;
#6064 = EDGE_CURVE ( 'NONE', #858, #6071, #1313, .T. ) ;
#6065 = DIRECTION ( 'NONE',  ( 0.0000000000000000000, 1.000000000000000000, -0.0000000000000000000 ) ) ;
#6066 = DIRECTION ( 'NONE',  ( 0.0000000000000000000, 0.0000000000000000000, 1.000000000000000000 ) ) ;
#6067 = CYLINDRICAL_SURFACE ( 'NONE', #1231, 0.04999999999999991300 ) ;
#6068 = PRESENTATION_LAYER_ASSIGNMENT (  '', '', ( #5060 ) ) ;
#6069 = CARTESIAN_POINT ( 'NONE',  ( 0.8249999999999992900, 0.0000000000000000000, -1.099999999999996800 ) ) ;
#6070 =( NAMED_UNIT ( * ) PLANE_ANGLE_UNIT ( ) SI_UNIT ( $, .RADIAN. ) );
#6071 = VERTEX_POINT ( 'NONE', #4005 ) ;
#6072 = CYLINDRICAL_SURFACE ( 'NONE', #3917, 0.04999999999999991300 ) ;
#6073 =( NAMED_UNIT ( * ) PLANE_ANGLE_UNIT ( ) SI_UNIT ( $, .RADIAN. ) );
#6074 = VECTOR ( 'NONE', #5518, 1000.000000000000000 ) ;
#6075 = EDGE_CURVE ( 'NONE', #3244, #5479, #3671, .T. ) ;
#6076 = ORIENTED_EDGE ( 'NONE', *, *, #214, .T. ) ;
#6077 = CIRCLE ( 'NONE', #4340, 0.04999999999999991300 ) ;
#6078 = LINE ( 'NONE', #3029, #4756 ) ;
#6079 = PRESENTATION_LAYER_ASSIGNMENT (  '', '', ( #5409 ) ) ;
#6080 = LINE ( 'NONE', #2568, #2280 ) ;
#6081 =( GEOMETRIC_REPRESENTATION_CONTEXT ( 3 ) GLOBAL_UNCERTAINTY_ASSIGNED_CONTEXT ( ( #2079 ) ) GLOBAL_UNIT_ASSIGNED_CONTEXT ( ( #2425, #5888, #2954 ) ) REPRESENTATION_CONTEXT ( 'NONE', 'WORKASPACE' ) );
#6082 = ORIENTED_EDGE ( 'NONE', *, *, #1189, .T. ) ;
#6083 = DIRECTION ( 'NONE',  ( 1.734723475976810200E-014, 0.0000000000000000000, 1.000000000000000000 ) ) ;
#6084 = VERTEX_POINT ( 'NONE', #2527 ) ;
#6085 = LINE ( 'NONE', #2998, #4763 ) ;
#6086 = SURFACE_STYLE_FILL_AREA ( #747 ) ;
#6087 = VERTEX_POINT ( 'NONE', #1029 ) ;
#6088 =( LENGTH_UNIT ( ) NAMED_UNIT ( * ) SI_UNIT ( .MILLI., .METRE. ) );
#6089 = LINE ( 'NONE', #4288, #3931 ) ;
#6090 = FILL_AREA_STYLE ('',( #5083 ) ) ;
#6091 = DIRECTION ( 'NONE',  ( 2.710505431213771900E-016, 0.0000000000000000000, 1.000000000000000000 ) ) ;
#6092 = DIRECTION ( 'NONE',  ( -0.0000000000000000000, -1.000000000000000000, -0.0000000000000000000 ) ) ;
#6093 = SURFACE_SIDE_STYLE ('',( #2242 ) ) ;
#6094 = ORIENTED_EDGE ( 'NONE', *, *, #1765, .F. ) ;
#6095 = EDGE_CURVE ( 'NONE', #1577, #910, #4971, .T. ) ;
#6096 = VECTOR ( 'NONE', #724, 1000.000000000000000 ) ;
#6097 = CARTESIAN_POINT ( 'NONE',  ( 1.479999999999999800, 0.5300000000000000300, -1.480000000000000000 ) ) ;
#6098 = VERTEX_POINT ( 'NONE', #4034 ) ;
#6099 = ADVANCED_FACE ( 'NONE', ( #1005 ), #4536, .F. ) ;
#6100 =( NAMED_UNIT ( * ) PLANE_ANGLE_UNIT ( ) SI_UNIT ( $, .RADIAN. ) );
#6101 =( NAMED_UNIT ( * ) PLANE_ANGLE_UNIT ( ) SI_UNIT ( $, .RADIAN. ) );
#6102 = PRESENTATION_LAYER_ASSIGNMENT (  '', '', ( #5429 ) ) ;
#6103 = CIRCLE ( 'NONE', #1825, 0.05000000000000012800 ) ;
#6104 = ORIENTED_EDGE ( 'NONE', *, *, #6283, .T. ) ;
#6105 = ORIENTED_EDGE ( 'NONE', *, *, #166, .F. ) ;
#6106 =( NAMED_UNIT ( * ) PLANE_ANGLE_UNIT ( ) SI_UNIT ( $, .RADIAN. ) );
#6107 = COLOUR_RGB ( '',0.7529411764705882200, 0.7529411764705882200, 0.7529411764705882200 ) ;
#6108 = VERTEX_POINT ( 'NONE', #2570 ) ;
#6109 = FACE_OUTER_BOUND ( 'NONE', #717, .T. ) ;
#6110 =( GEOMETRIC_REPRESENTATION_CONTEXT ( 3 ) GLOBAL_UNCERTAINTY_ASSIGNED_CONTEXT ( ( #5261 ) ) GLOBAL_UNIT_ASSIGNED_CONTEXT ( ( #2816, #6281, #3323 ) ) REPRESENTATION_CONTEXT ( 'NONE', 'WORKASPACE' ) );
#6111 = CLOSED_SHELL ( 'NONE', ( #640, #2162, #5687, #2056, #5616, #2578, #2389, #3562, #4383, #3983 ) ) ;
#6112 = AXIS2_PLACEMENT_3D ( 'NONE', #857, #281, #4343 ) ;
#6113 = DIRECTION ( 'NONE',  ( 1.445602896647339200E-016, -0.0000000000000000000, 1.000000000000000000 ) ) ;
#6114 = CARTESIAN_POINT ( 'NONE',  ( 0.1750000000000001000, 0.02000000000000000000, -1.099999999999999900 ) ) ;
#6115 = DIRECTION ( 'NONE',  ( 0.0000000000000000000, 0.0000000000000000000, 1.000000000000000000 ) ) ;
#6116 = EDGE_CURVE ( 'NONE', #4833, #3024, #3830, .T. ) ;
#6117 = CARTESIAN_POINT ( 'NONE',  ( -1.500000000000000200, 0.03999999999999999400, -1.500000000000000000 ) ) ;
#6118 = VECTOR ( 'NONE', #6014, 1000.000000000000000 ) ;
#6119 = SURFACE_SIDE_STYLE ('',( #4273 ) ) ;
#6120 = CARTESIAN_POINT ( 'NONE',  ( 0.0000000000000000000, 0.02000000000000000000, 1.100000000000000300 ) ) ;
#6121 = DIRECTION ( 'NONE',  ( -0.0000000000000000000, -1.000000000000000000, 0.0000000000000000000 ) ) ;
#6122 = AXIS2_PLACEMENT_3D ( 'NONE', #3792, #771, #5189 ) ;
#6123 = DIRECTION ( 'NONE',  ( 0.0000000000000000000, 0.0000000000000000000, 1.000000000000000000 ) ) ;
#6124 = ORIENTED_EDGE ( 'NONE', *, *, #6222, .F. ) ;
#6125 = SURFACE_STYLE_FILL_AREA ( #6507 ) ;
#6126 = FILL_AREA_STYLE ('',( #2970 ) ) ;
#6127 = ORIENTED_EDGE ( 'NONE', *, *, #2077, .T. ) ;
#6128 = ORIENTED_EDGE ( 'NONE', *, *, #2562, .T. ) ;
#6129 = LINE ( 'NONE', #3547, #4805 ) ;
#6130 = CARTESIAN_POINT ( 'NONE',  ( -0.8750000000000000000, 0.02000000000000000000, -1.349999999999995900 ) ) ;
#6131 = FACE_OUTER_BOUND ( 'NONE', #697, .T. ) ;
#6132 = UNCERTAINTY_MEASURE_WITH_UNIT (LENGTH_MEASURE( 1.000000000000000100E-005 ), #5160, 'distance_accuracy_value', 'NONE');
#6133 = DIRECTION ( 'NONE',  ( 0.0000000000000000000, 1.000000000000000000, -0.0000000000000000000 ) ) ;
#6134 = CARTESIAN_POINT ( 'NONE',  ( 1.479999999999999800, 0.03999999999999999400, -1.500000000000000000 ) ) ;
#6135 =( LENGTH_UNIT ( ) NAMED_UNIT ( * ) SI_UNIT ( .MILLI., .METRE. ) );
#6136 = DIRECTION ( 'NONE',  ( -0.0000000000000000000, -1.000000000000000000, -0.0000000000000000000 ) ) ;
#6137 = CARTESIAN_POINT ( 'NONE',  ( -0.8749999999999992200, 0.02000000000000000000, 4.743384504624097700E-016 ) ) ;
#6138 = VECTOR ( 'NONE', #4848, 1000.000000000000000 ) ;
#6139 = DIRECTION ( 'NONE',  ( 1.000000000000000000, 0.0000000000000000000, 0.0000000000000000000 ) ) ;
#6140 = AXIS2_PLACEMENT_3D ( 'NONE', #345, #1807, #4321 ) ;
#6141 = DIRECTION ( 'NONE',  ( 1.445602896647339200E-016, -0.0000000000000000000, 1.000000000000000000 ) ) ;
#6142 = CARTESIAN_POINT ( 'NONE',  ( 1.175000000000001200, 0.02000000000000000000, 1.100000000000006300 ) ) ;
#6143 = EDGE_CURVE ( 'NONE', #4086, #3283, #6129, .T. ) ;
#6144 =( LENGTH_UNIT ( ) NAMED_UNIT ( * ) SI_UNIT ( .MILLI., .METRE. ) );
#6145 = PRESENTATION_STYLE_ASSIGNMENT (( #26 ) ) ;
#6146 = AXIS2_PLACEMENT_3D ( 'NONE', #4451, #1475, #4949 ) ;
#6147 = VERTEX_POINT ( 'NONE', #1078 ) ;
#6148 = FILL_AREA_STYLE ('',( #3366 ) ) ;
#6149 = AXIS2_PLACEMENT_3D ( 'NONE', #3026, #4411, #4009 ) ;
#6150 = UNCERTAINTY_MEASURE_WITH_UNIT (LENGTH_MEASURE( 1.000000000000000100E-005 ), #1670, 'distance_accuracy_value', 'NONE');
#6151 = SURFACE_SIDE_STYLE ('',( #4877 ) ) ;
#6152 = VERTEX_POINT ( 'NONE', #1584 ) ;
#6153 = EDGE_CURVE ( 'NONE', #5468, #5919, #837, .T. ) ;
#6154 = ORIENTED_EDGE ( 'NONE', *, *, #5862, .T. ) ;
#6155 = SURFACE_STYLE_USAGE ( .BOTH. , #1182 ) ;
#6156 = SURFACE_STYLE_FILL_AREA ( #2780 ) ;
#6157 = PRESENTATION_LAYER_ASSIGNMENT (  '', '', ( #5819 ) ) ;
#6158 = UNCERTAINTY_MEASURE_WITH_UNIT (LENGTH_MEASURE( 1.000000000000000100E-005 ), #5891, 'distance_accuracy_value', 'NONE');
#6159 = ORIENTED_EDGE ( 'NONE', *, *, #6302, .T. ) ;
#6160 = ADVANCED_FACE ( 'NONE', ( #6458 ), #4206, .T. ) ;
#6161 = CARTESIAN_POINT ( 'NONE',  ( 0.1750000000000009600, 0.02000000000000000000, 1.400000000000000100 ) ) ;
#6162 = PRESENTATION_LAYER_ASSIGNMENT (  '', '', ( #5498 ) ) ;
#6163 = VECTOR ( 'NONE', #2574, 1000.000000000000000 ) ;
#6164 = ORIENTED_EDGE ( 'NONE', *, *, #5735, .T. ) ;
#6165 = DIRECTION ( 'NONE',  ( 0.0000000000000000000, 0.0000000000000000000, 1.000000000000000000 ) ) ;
#6166 = ADVANCED_FACE ( 'NONE', ( #1706 ), #2611, .F. ) ;
#6167 =( LENGTH_UNIT ( ) NAMED_UNIT ( * ) SI_UNIT ( .MILLI., .METRE. ) );
#6168 = VERTEX_POINT ( 'NONE', #2105 ) ;
#6169 = CARTESIAN_POINT ( 'NONE',  ( -1.325000000000000000, 0.02000000000000000000, -1.349999999999993000 ) ) ;
#6170 = ORIENTED_EDGE ( 'NONE', *, *, #3149, .T. ) ;
#6171 = COLOUR_RGB ( '',0.7529411764705882200, 0.7529411764705882200, 0.7529411764705882200 ) ;
#6172 = LINE ( 'NONE', #4179, #2218 ) ;
#6173 = CARTESIAN_POINT ( 'NONE',  ( 1.480000000000000200, 0.03999999999999999400, 1.500000000000000000 ) ) ;
#6174 = FILL_AREA_STYLE ('',( #1658 ) ) ;
#6175 = VECTOR ( 'NONE', #2315, 1000.000000000000000 ) ;
#6176 = ADVANCED_FACE ( 'NONE', ( #6376 ), #3739, .T. ) ;
#6177 = ORIENTED_EDGE ( 'NONE', *, *, #3891, .T. ) ;
#6178 = ORIENTED_EDGE ( 'NONE', *, *, #1162, .F. ) ;
#6179 = FILL_AREA_STYLE ('',( #1185 ) ) ;
#6180 = APPLICATION_PROTOCOL_DEFINITION ( 'draft international standard', 'automotive_design', 1998, #2727 ) ;
#6181 = EDGE_CURVE ( 'NONE', #6147, #955, #1234, .T. ) ;
#6182 = COLOUR_RGB ( '',0.7529411764705882200, 0.7529411764705882200, 0.7529411764705882200 ) ;
#6183 = SURFACE_STYLE_FILL_AREA ( #98 ) ;
#6184 =( NAMED_UNIT ( * ) SI_UNIT ( $, .STERADIAN. ) SOLID_ANGLE_UNIT ( ) );
#6185 = EDGE_LOOP ( 'NONE', ( #4167, #6428, #5592, #3247, #5541 ) ) ;
#6186 = STYLED_ITEM ( 'NONE', ( #399 ), #3967 ) ;
#6187 = AXIS2_PLACEMENT_3D ( 'NONE', #388, #5880, #5376 ) ;
#6188 = DIRECTION ( 'NONE',  ( -0.0000000000000000000, -1.000000000000000000, -0.0000000000000000000 ) ) ;
#6189 = VERTEX_POINT ( 'NONE', #4390 ) ;
#6190 = LINE ( 'NONE', #1165, #1688 ) ;
#6191 = CARTESIAN_POINT ( 'NONE',  ( -0.3249999999999996800, 0.02000000000000000000, -1.399999999999999700 ) ) ;
#6192 = DIRECTION ( 'NONE',  ( 0.0000000000000000000, 0.0000000000000000000, -1.000000000000000000 ) ) ;
#6193 = EDGE_CURVE ( 'NONE', #2001, #3801, #6213, .T. ) ;
#6194 =( NAMED_UNIT ( * ) PLANE_ANGLE_UNIT ( ) SI_UNIT ( $, .RADIAN. ) );
#6195 = STYLED_ITEM ( 'NONE', ( #5056 ), #4945 ) ;
#6196 =( GEOMETRIC_REPRESENTATION_CONTEXT ( 3 ) GLOBAL_UNCERTAINTY_ASSIGNED_CONTEXT ( ( #847 ) ) GLOBAL_UNIT_ASSIGNED_CONTEXT ( ( #3838, #6405, #2424 ) ) REPRESENTATION_CONTEXT ( 'NONE', 'WORKASPACE' ) );
#6197 = LINE ( 'NONE', #4564, #3574 ) ;
#6198 = ORIENTED_EDGE ( 'NONE', *, *, #464, .F. ) ;
#6199 =( NAMED_UNIT ( * ) SI_UNIT ( $, .STERADIAN. ) SOLID_ANGLE_UNIT ( ) );
#6200 = CARTESIAN_POINT ( 'NONE',  ( -0.8749999999999998900, 0.02000000000000000000, -1.149999999999996800 ) ) ;
#6201 = LINE ( 'NONE', #1639, #3577 ) ;
#6202 = EDGE_CURVE ( 'NONE', #5479, #1393, #5039, .T. ) ;
#6203 = SURFACE_SIDE_STYLE ('',( #6254 ) ) ;
#6204 = VECTOR ( 'NONE', #2819, 1000.000000000000000 ) ;
#6205 = CARTESIAN_POINT ( 'NONE',  ( 1.324999999999999500, 0.0000000000000000000, -1.349999999999993600 ) ) ;
#6206 = VECTOR ( 'NONE', #881, 1000.000000000000000 ) ;
#6207 = ORIENTED_EDGE ( 'NONE', *, *, #155, .F. ) ;
#6208 = CARTESIAN_POINT ( 'NONE',  ( -1.324999999999999700, 0.0000000000000000000, 1.350000000000007200 ) ) ;
#6209 = UNCERTAINTY_MEASURE_WITH_UNIT (LENGTH_MEASURE( 1.000000000000000100E-005 ), #3981, 'distance_accuracy_value', 'NONE');
#6210 = PRESENTATION_LAYER_ASSIGNMENT (  '', '', ( #5864 ) ) ;
#6211 = DIRECTION ( 'NONE',  ( -0.0000000000000000000, -1.000000000000000000, -0.0000000000000000000 ) ) ;
#6212 =( NAMED_UNIT ( * ) PLANE_ANGLE_UNIT ( ) SI_UNIT ( $, .RADIAN. ) );
#6213 = LINE ( 'NONE', #4879, #4882 ) ;
#6214 = MECHANICAL_DESIGN_GEOMETRIC_PRESENTATION_REPRESENTATION (  '', ( #5545 ), #47 ) ;
#6215 = VECTOR ( 'NONE', #95, 1000.000000000000000 ) ;
#6216 = VERTEX_POINT ( 'NONE', #920 ) ;
#6217 = ADVANCED_FACE ( 'NONE', ( #912 ), #4898, .F. ) ;
#6218 = FILL_AREA_STYLE_COLOUR ( '', #4010 ) ;
#6219 = SURFACE_SIDE_STYLE ('',( #2428 ) ) ;
#6220 = LINE ( 'NONE', #4917, #2408 ) ;
#6221 = DIRECTION ( 'NONE',  ( 0.0000000000000000000, 0.0000000000000000000, 1.000000000000000000 ) ) ;
#6222 = EDGE_CURVE ( 'NONE', #3024, #4609, #432, .T. ) ;
#6223 = DIRECTION ( 'NONE',  ( 0.0000000000000000000, 1.000000000000000000, -0.0000000000000000000 ) ) ;
#6224 =( NAMED_UNIT ( * ) SI_UNIT ( $, .STERADIAN. ) SOLID_ANGLE_UNIT ( ) );
#6225 = PRESENTATION_STYLE_ASSIGNMENT (( #2399 ) ) ;
#6226 = PLANE ( 'NONE',  #5095 ) ;
#6227 = VERTEX_POINT ( 'NONE', #1458 ) ;
#6228 = CARTESIAN_POINT ( 'NONE',  ( 0.0000000000000000000, 0.02000000000000000000, 1.100000000000007200 ) ) ;
#6229 = EDGE_LOOP ( 'NONE', ( #4052, #1002, #3806, #3248 ) ) ;
#6230 = VECTOR ( 'NONE', #1971, 1000.000000000000000 ) ;
#6231 = CARTESIAN_POINT ( 'NONE',  ( 0.6249999999999997800, 0.02000000000000000000, -1.149999999999997000 ) ) ;
#6232 = AXIS2_PLACEMENT_3D ( 'NONE', #882, #3894, #2431 ) ;
#6233 = DIRECTION ( 'NONE',  ( 0.0000000000000000000, 0.0000000000000000000, 1.000000000000000000 ) ) ;
#6234 = SURFACE_SIDE_STYLE ('',( #6156 ) ) ;
#6235 = FACE_OUTER_BOUND ( 'NONE', #3709, .T. ) ;
#6236 = UNCERTAINTY_MEASURE_WITH_UNIT (LENGTH_MEASURE( 1.000000000000000100E-005 ), #5097, 'distance_accuracy_value', 'NONE');
#6237 = VERTEX_POINT ( 'NONE', #4925 ) ;
#6238 = DIRECTION ( 'NONE',  ( 0.0000000000000000000, 0.0000000000000000000, -1.000000000000000000 ) ) ;
#6239 = SURFACE_SIDE_STYLE ('',( #402 ) ) ;
#6240 = VECTOR ( 'NONE', #4526, 1000.000000000000000 ) ;
#6241 = UNCERTAINTY_MEASURE_WITH_UNIT (LENGTH_MEASURE( 1.000000000000000100E-005 ), #850, 'distance_accuracy_value', 'NONE');
#6242 = COLOUR_RGB ( '',0.7529411764705882200, 0.7529411764705882200, 0.7529411764705882200 ) ;
#6243 = PRESENTATION_LAYER_ASSIGNMENT (  '', '', ( #5578 ) ) ;
#6244 = CARTESIAN_POINT ( 'NONE',  ( 1.374999999999999600, 0.0000000000000000000, -1.149999999999993900 ) ) ;
#6245 = FILL_AREA_STYLE ('',( #3785 ) ) ;
#6246 = STYLED_ITEM ( 'NONE', ( #5151 ), #2050 ) ;
#6247 =( LENGTH_UNIT ( ) NAMED_UNIT ( * ) SI_UNIT ( .MILLI., .METRE. ) );
#6248 = EDGE_CURVE ( 'NONE', #2447, #4116, #2972, .T. ) ;
#6249 = DIRECTION ( 'NONE',  ( -0.0000000000000000000, -1.000000000000000000, 0.0000000000000000000 ) ) ;
#6250 = CYLINDRICAL_SURFACE ( 'NONE', #1193, 0.04999999999999991300 ) ;
#6251 = ORIENTED_EDGE ( 'NONE', *, *, #3560, .F. ) ;
#6252 = ORIENTED_EDGE ( 'NONE', *, *, #6410, .F. ) ;
#6253 = AXIS2_PLACEMENT_3D ( 'NONE', #4204, #1215, #4683 ) ;
#6254 = SURFACE_STYLE_FILL_AREA ( #5678 ) ;
#6255 = VERTEX_POINT ( 'NONE', #451 ) ;
#6256 = FACE_OUTER_BOUND ( 'NONE', #3057, .T. ) ;
#6257 = PRESENTATION_LAYER_ASSIGNMENT (  '', '', ( #5589 ) ) ;
#6258 = FILL_AREA_STYLE_COLOUR ( '', #6488 ) ;
#6259 = EDGE_LOOP ( 'NONE', ( #3044, #4264, #1095, #3019 ) ) ;
#6260 =( NAMED_UNIT ( * ) PLANE_ANGLE_UNIT ( ) SI_UNIT ( $, .RADIAN. ) );
#6261 =( NAMED_UNIT ( * ) SI_UNIT ( $, .STERADIAN. ) SOLID_ANGLE_UNIT ( ) );
#6262 =( NAMED_UNIT ( * ) SI_UNIT ( $, .STERADIAN. ) SOLID_ANGLE_UNIT ( ) );
#6263 = SURFACE_STYLE_FILL_AREA ( #2949 ) ;
#6264 = EDGE_LOOP ( 'NONE', ( #1258, #3480, #4788, #6105, #4127, #4081, #4920, #3099 ) ) ;
#6265 = LINE ( 'NONE', #4710, #2304 ) ;
#6266 = SURFACE_STYLE_USAGE ( .BOTH. , #3305 ) ;
#6267 = CLOSED_SHELL ( 'NONE', ( #5587, #4998, #301, #3212, #4192, #4815, #1229, #2938, #4945, #5986 ) ) ;
#6268 = PRODUCT_DEFINITION ( 'UNKNOWN', '', #2143, #2775 ) ;
#6269 = DIRECTION ( 'NONE',  ( -0.0000000000000000000, -1.000000000000000000, -0.0000000000000000000 ) ) ;
#6270 = CARTESIAN_POINT ( 'NONE',  ( 0.3250000000000001800, 0.02000000000000000000, 1.400000000000000100 ) ) ;
#6271 = FACE_OUTER_BOUND ( 'NONE', #4316, .T. ) ;
#6272 = ADVANCED_FACE ( 'NONE', ( #276 ), #6439, .T. ) ;
#6273 = ORIENTED_EDGE ( 'NONE', *, *, #3516, .F. ) ;
#6274 = ORIENTED_EDGE ( 'NONE', *, *, #5629, .T. ) ;
#6275 = SURFACE_STYLE_USAGE ( .BOTH. , #2299 ) ;
#6276 =( NAMED_UNIT ( * ) PLANE_ANGLE_UNIT ( ) SI_UNIT ( $, .RADIAN. ) );
#6277 = STYLED_ITEM ( 'NONE', ( #5716 ), #462 ) ;
#6278 = VECTOR ( 'NONE', #6358, 1000.000000000000000 ) ;
#6279 = ORIENTED_EDGE ( 'NONE', *, *, #4220, .F. ) ;
#6280 = LINE ( 'NONE', #1511, #2318 ) ;
#6281 =( NAMED_UNIT ( * ) PLANE_ANGLE_UNIT ( ) SI_UNIT ( $, .RADIAN. ) );
#6282 = ORIENTED_EDGE ( 'NONE', *, *, #484, .T. ) ;
#6283 = EDGE_CURVE ( 'NONE', #5459, #6434, #5593, .T. ) ;
#6284 = FILL_AREA_STYLE_COLOUR ( '', #4393 ) ;
#6285 = CARTESIAN_POINT ( 'NONE',  ( -0.3749999999999996700, 0.02000000000000000000, 0.0000000000000000000 ) ) ;
#6286 = PRESENTATION_LAYER_ASSIGNMENT (  '', '', ( #5611 ) ) ;
#6287 = DIRECTION ( 'NONE',  ( 0.0000000000000000000, 1.000000000000000000, -0.0000000000000000000 ) ) ;
#6288 =( GEOMETRIC_REPRESENTATION_CONTEXT ( 3 ) GLOBAL_UNCERTAINTY_ASSIGNED_CONTEXT ( ( #6236 ) ) GLOBAL_UNIT_ASSIGNED_CONTEXT ( ( #5097, #2741, #5152 ) ) REPRESENTATION_CONTEXT ( 'NONE', 'WORKASPACE' ) );
#6289 = CARTESIAN_POINT ( 'NONE',  ( 0.0000000000000000000, 0.02000000000000000000, 1.480000000000000000 ) ) ;
#6290 = UNCERTAINTY_MEASURE_WITH_UNIT (LENGTH_MEASURE( 1.000000000000000100E-005 ), #18, 'distance_accuracy_value', 'NONE');
#6291 = VECTOR ( 'NONE', #2675, 1000.000000000000000 ) ;
#6292 = PLANE ( 'NONE',  #1667 ) ;
#6293 = EDGE_CURVE ( 'NONE', #5162, #3743, #2484, .T. ) ;
#6294 = ORIENTED_EDGE ( 'NONE', *, *, #40, .T. ) ;
#6295 = FILL_AREA_STYLE ('',( #4814 ) ) ;
#6296 = MECHANICAL_DESIGN_GEOMETRIC_PRESENTATION_REPRESENTATION (  '', ( #5622 ), #121 ) ;
#6297 = FACE_OUTER_BOUND ( 'NONE', #5337, .T. ) ;
#6298 = AXIS2_PLACEMENT_3D ( 'NONE', #2007, #64, #6375 ) ;
#6299 = SURFACE_STYLE_FILL_AREA ( #1719 ) ;
#6300 = EDGE_LOOP ( 'NONE', ( #2207, #3171, #5050, #415 ) ) ;
#6301 = CARTESIAN_POINT ( 'NONE',  ( 1.324999999999999100, 0.0000000000000000000, -1.099999999999993400 ) ) ;
#6302 = EDGE_CURVE ( 'NONE', #6480, #2065, #1153, .T. ) ;
#6303 = DIRECTION ( 'NONE',  ( 1.000000000000000000, 0.0000000000000000000, 0.0000000000000000000 ) ) ;
#6304 = VECTOR ( 'NONE', #2018, 1000.000000000000000 ) ;
#6305 = DIRECTION ( 'NONE',  ( 0.0000000000000000000, -0.0000000000000000000, 1.000000000000000000 ) ) ;
#6306 =( NAMED_UNIT ( * ) SI_UNIT ( $, .STERADIAN. ) SOLID_ANGLE_UNIT ( ) );
#6307 = STYLED_ITEM ( 'NONE', ( #2848 ), #3606 ) ;
#6308 = DIRECTION ( 'NONE',  ( 0.0000000000000000000, 0.0000000000000000000, 1.000000000000000000 ) ) ;
#6309 = FILL_AREA_STYLE_COLOUR ( '', #3153 ) ;
#6310 = AXIS2_PLACEMENT_3D ( 'NONE', #3571, #561, #4069 ) ;
#6311 = FILL_AREA_STYLE_COLOUR ( '', #2222 ) ;
#6312 = FILL_AREA_STYLE_COLOUR ( '', #6242 ) ;
#6313 =( NAMED_UNIT ( * ) PLANE_ANGLE_UNIT ( ) SI_UNIT ( $, .RADIAN. ) );
#6314 = DIRECTION ( 'NONE',  ( 0.0000000000000000000, 0.0000000000000000000, -1.000000000000000000 ) ) ;
#6315 = SURFACE_STYLE_FILL_AREA ( #2082 ) ;
#6316 = VERTEX_POINT ( 'NONE', #3486 ) ;
#6317 = EDGE_CURVE ( 'NONE', #2447, #4730, #2332, .T. ) ;
#6318 =( LENGTH_UNIT ( ) NAMED_UNIT ( * ) SI_UNIT ( .MILLI., .METRE. ) );
#6319 = ORIENTED_EDGE ( 'NONE', *, *, #4080, .T. ) ;
#6320 =( NAMED_UNIT ( * ) SI_UNIT ( $, .STERADIAN. ) SOLID_ANGLE_UNIT ( ) );
#6321 = UNCERTAINTY_MEASURE_WITH_UNIT (LENGTH_MEASURE( 1.000000000000000100E-005 ), #2811, 'distance_accuracy_value', 'NONE');
#6322 = MECHANICAL_DESIGN_GEOMETRIC_PRESENTATION_REPRESENTATION (  '', ( #5646 ), #160 ) ;
#6323 = ORIENTED_EDGE ( 'NONE', *, *, #1908, .F. ) ;
#6324 =( NAMED_UNIT ( * ) SI_UNIT ( $, .STERADIAN. ) SOLID_ANGLE_UNIT ( ) );
#6325 = PRESENTATION_LAYER_ASSIGNMENT (  '', '', ( #5978 ) ) ;
#6326 =( NAMED_UNIT ( * ) PLANE_ANGLE_UNIT ( ) SI_UNIT ( $, .RADIAN. ) );
#6327 = DIRECTION ( 'NONE',  ( 0.0000000000000000000, 0.0000000000000000000, 1.000000000000000000 ) ) ;
#6328 =( NAMED_UNIT ( * ) PLANE_ANGLE_UNIT ( ) SI_UNIT ( $, .RADIAN. ) );
#6329 = EDGE_CURVE ( 'NONE', #318, #3095, #4963, .T. ) ;
#6330 = DIRECTION ( 'NONE',  ( 1.000000000000000000, -0.0000000000000000000, 0.0000000000000000000 ) ) ;
#6331 = ORIENTED_EDGE ( 'NONE', *, *, #596, .F. ) ;
#6332 = ORIENTED_EDGE ( 'NONE', *, *, #117, .T. ) ;
#6333 =( GEOMETRIC_REPRESENTATION_CONTEXT ( 3 ) GLOBAL_UNCERTAINTY_ASSIGNED_CONTEXT ( ( #1814 ) ) GLOBAL_UNIT_ASSIGNED_CONTEXT ( ( #6471, #3497, #4491 ) ) REPRESENTATION_CONTEXT ( 'NONE', 'WORKASPACE' ) );
#6334 = CARTESIAN_POINT ( 'NONE',  ( 1.480000000000000200, 0.02000000000000000000, 1.480000000000000000 ) ) ;
#6335 = AXIS2_PLACEMENT_3D ( 'NONE', #4513, #5503, #4913 ) ;
#6336 = SURFACE_STYLE_USAGE ( .BOTH. , #5834 ) ;
#6337 = LINE ( 'NONE', #3091, #6163 ) ;
#6338 = ORIENTED_EDGE ( 'NONE', *, *, #6181, .T. ) ;
#6339 = ADVANCED_FACE ( 'NONE', ( #6297 ), #5490, .F. ) ;
#6340 = CARTESIAN_POINT ( 'NONE',  ( 1.324999999999999100, 0.02000000000000000000, -1.099999999999993400 ) ) ;
#6341 = EDGE_CURVE ( 'NONE', #6366, #6012, #4353, .T. ) ;
#6342 = ORIENTED_EDGE ( 'NONE', *, *, #464, .T. ) ;
#6343 = ORIENTED_EDGE ( 'NONE', *, *, #5488, .T. ) ;
#6344 = DIRECTION ( 'NONE',  ( 0.0000000000000000000, 0.0000000000000000000, 1.000000000000000000 ) ) ;
#6345 = VECTOR ( 'NONE', #4083, 1000.000000000000000 ) ;
#6346 = ORIENTED_EDGE ( 'NONE', *, *, #3010, .F. ) ;
#6347 = PRESENTATION_LAYER_ASSIGNMENT (  '', '', ( #5998 ) ) ;
#6348 = DIRECTION ( 'NONE',  ( 0.0000000000000000000, -1.000000000000000000, 0.0000000000000000000 ) ) ;
#6349 = LINE ( 'NONE', #5260, #6175 ) ;
#6350 = ORIENTED_EDGE ( 'NONE', *, *, #5317, .F. ) ;
#6351 = CARTESIAN_POINT ( 'NONE',  ( 0.0000000000000000000, 0.02000000000000000000, 0.0000000000000000000 ) ) ;
#6352 = ORIENTED_EDGE ( 'NONE', *, *, #1632, .T. ) ;
#6353 = DIRECTION ( 'NONE',  ( -0.0000000000000000000, -1.000000000000000000, -0.0000000000000000000 ) ) ;
#6354 = FACE_OUTER_BOUND ( 'NONE', #2701, .T. ) ;
#6355 = ORIENTED_EDGE ( 'NONE', *, *, #5744, .T. ) ;
#6356 = DIRECTION ( 'NONE',  ( -0.0000000000000000000, -1.000000000000000000, -0.0000000000000000000 ) ) ;
#6357 = CARTESIAN_POINT ( 'NONE',  ( 0.8749999999999990000, 0.02000000000000000000, -9.486769009248191400E-016 ) ) ;
#6358 = DIRECTION ( 'NONE',  ( -0.0000000000000000000, -1.000000000000000000, -0.0000000000000000000 ) ) ;
#6359 = PRESENTATION_STYLE_ASSIGNMENT (( #4929 ) ) ;
#6360 = ORIENTED_EDGE ( 'NONE', *, *, #5051, .F. ) ;
#6361 = FACE_OUTER_BOUND ( 'NONE', #5325, .T. ) ;
#6362 = SURFACE_STYLE_FILL_AREA ( #2482 ) ;
#6363 = DIRECTION ( 'NONE',  ( 0.0000000000000000000, 1.000000000000000000, -0.0000000000000000000 ) ) ;
#6364 = MECHANICAL_DESIGN_GEOMETRIC_PRESENTATION_REPRESENTATION (  '', ( #5682 ), #202 ) ;
#6365 = VECTOR ( 'NONE', #3303, 1000.000000000000000 ) ;
#6366 = VERTEX_POINT ( 'NONE', #544 ) ;
#6367 = DIRECTION ( 'NONE',  ( 0.0000000000000000000, 0.0000000000000000000, -1.000000000000000000 ) ) ;
#6368 = CARTESIAN_POINT ( 'NONE',  ( -2.023844055306268800E-015, 0.0000000000000000000, -1.399999999999991500 ) ) ;
#6369 =( LENGTH_UNIT ( ) NAMED_UNIT ( * ) SI_UNIT ( .MILLI., .METRE. ) );
#6370 = AXIS2_PLACEMENT_3D ( 'NONE', #58, #3593, #583 ) ;
#6371 =( GEOMETRIC_REPRESENTATION_CONTEXT ( 3 ) GLOBAL_UNCERTAINTY_ASSIGNED_CONTEXT ( ( #3880 ) ) GLOBAL_UNIT_ASSIGNED_CONTEXT ( ( #5958, #6493, #1990 ) ) REPRESENTATION_CONTEXT ( 'NONE', 'WORKASPACE' ) );
#6372 =( NAMED_UNIT ( * ) PLANE_ANGLE_UNIT ( ) SI_UNIT ( $, .RADIAN. ) );
#6373 = ORIENTED_EDGE ( 'NONE', *, *, #3666, .T. ) ;
#6374 = DIRECTION ( 'NONE',  ( 0.0000000000000000000, 1.000000000000000000, 0.0000000000000000000 ) ) ;
#6375 = DIRECTION ( 'NONE',  ( 0.0000000000000000000, 0.0000000000000000000, 1.000000000000000000 ) ) ;
#6376 = FACE_OUTER_BOUND ( 'NONE', #5469, .T. ) ;
#6377 = EDGE_CURVE ( 'NONE', #5217, #5717, #1698, .T. ) ;
#6378 = ORIENTED_EDGE ( 'NONE', *, *, #4977, .T. ) ;
#6379 = CARTESIAN_POINT ( 'NONE',  ( 0.0000000000000000000, 0.02000000000000000000, 1.100000000000000300 ) ) ;
#6380 =( GEOMETRIC_REPRESENTATION_CONTEXT ( 3 ) GLOBAL_UNCERTAINTY_ASSIGNED_CONTEXT ( ( #2707 ) ) GLOBAL_UNIT_ASSIGNED_CONTEXT ( ( #6042, #3096, #41 ) ) REPRESENTATION_CONTEXT ( 'NONE', 'WORKASPACE' ) );
#6381 = STYLED_ITEM ( 'NONE', ( #1461 ), #3018 ) ;
#6382 = SURFACE_SIDE_STYLE ('',( #687 ) ) ;
#6383 = PLANE ( 'NONE',  #3272 ) ;
#6384 = CARTESIAN_POINT ( 'NONE',  ( -0.3249999999999993400, 0.02000000000000000000, 1.400000000000000100 ) ) ;
#6385 = FILL_AREA_STYLE ('',( #4364 ) ) ;
#6386 = SURFACE_STYLE_FILL_AREA ( #2140 ) ;
#6387 = FILL_AREA_STYLE_COLOUR ( '', #1564 ) ;
#6388 = AXIS2_PLACEMENT_3D ( 'NONE', #4101, #1102, #4578 ) ;
#6389 = ORIENTED_EDGE ( 'NONE', *, *, #3961, .F. ) ;
#6390 = FILL_AREA_STYLE_COLOUR ( '', #2249 ) ;
#6391 = VECTOR ( 'NONE', #3455, 1000.000000000000000 ) ;
#6392 = CARTESIAN_POINT ( 'NONE',  ( 1.274999999999999700, 0.02000000000000000000, -0.5500000000000002700 ) ) ;
#6393 = CARTESIAN_POINT ( 'NONE',  ( -1.374999999999999800, 0.02000000000000000000, 1.150000000000007500 ) ) ;
#6394 = ORIENTED_EDGE ( 'NONE', *, *, #6505, .T. ) ;
#6395 = CYLINDRICAL_SURFACE ( 'NONE', #34, 0.04999999999999991300 ) ;
#6396 = DIRECTION ( 'NONE',  ( -0.0000000000000000000, -1.000000000000000000, -0.0000000000000000000 ) ) ;
#6397 = VERTEX_POINT ( 'NONE', #4545 ) ;
#6398 = EDGE_CURVE ( 'NONE', #3283, #4670, #3052, .T. ) ;
#6399 = DIRECTION ( 'NONE',  ( -1.000000000000000000, 0.0000000000000000000, 0.0000000000000000000 ) ) ;
#6400 = ADVANCED_FACE ( 'NONE', ( #5500 ), #188, .T. ) ;
#6401 = STYLED_ITEM ( 'NONE', ( #4018 ), #4050 ) ;
#6402 =( LENGTH_UNIT ( ) NAMED_UNIT ( * ) SI_UNIT ( .MILLI., .METRE. ) );
#6403 =( GEOMETRIC_REPRESENTATION_CONTEXT ( 3 ) GLOBAL_UNCERTAINTY_ASSIGNED_CONTEXT ( ( #1012 ) ) GLOBAL_UNIT_ASSIGNED_CONTEXT ( ( #824, #532, #1377 ) ) REPRESENTATION_CONTEXT ( 'NONE', 'WORKASPACE' ) );
#6404 = VERTEX_POINT ( 'NONE', #3089 ) ;
#6405 =( NAMED_UNIT ( * ) PLANE_ANGLE_UNIT ( ) SI_UNIT ( $, .RADIAN. ) );
#6406 = CARTESIAN_POINT ( 'NONE',  ( -1.274999999999999900, 0.02000000000000000000, 0.7000000000000002900 ) ) ;
#6407 = ORIENTED_EDGE ( 'NONE', *, *, #3836, .F. ) ;
#6408 = DIRECTION ( 'NONE',  ( 0.0000000000000000000, 0.0000000000000000000, -1.000000000000000000 ) ) ;
#6409 = EDGE_LOOP ( 'NONE', ( #3160, #164, #2017, #3246 ) ) ;
#6410 = EDGE_CURVE ( 'NONE', #3937, #4724, #2883, .T. ) ;
#6411 = DIRECTION ( 'NONE',  ( 1.000000000000000000, -0.0000000000000000000, 0.0000000000000000000 ) ) ;
#6412 = COLOUR_RGB ( '',0.7529411764705882200, 0.7529411764705882200, 0.7529411764705882200 ) ;
#6413 = UNCERTAINTY_MEASURE_WITH_UNIT (LENGTH_MEASURE( 1.000000000000000100E-005 ), #4199, 'distance_accuracy_value', 'NONE');
#6414 = FILL_AREA_STYLE_COLOUR ( '', #1220 ) ;
#6415 = MECHANICAL_DESIGN_GEOMETRIC_PRESENTATION_REPRESENTATION (  '', ( #5060 ), #264 ) ;
#6416 = COLOUR_RGB ( '',0.7529411764705882200, 0.7529411764705882200, 0.7529411764705882200 ) ;
#6417 = STYLED_ITEM ( 'NONE', ( #460 ), #2580 ) ;
#6418 = EDGE_LOOP ( 'NONE', ( #372, #5444, #737 ) ) ;
#6419 = PRESENTATION_STYLE_ASSIGNMENT (( #1399 ) ) ;
#6420 = CARTESIAN_POINT ( 'NONE',  ( 0.0000000000000000000, 0.0000000000000000000, 1.400000000000003700 ) ) ;
#6421 = ORIENTED_EDGE ( 'NONE', *, *, #305, .T. ) ;
#6422 = EDGE_CURVE ( 'NONE', #1512, #1824, #1552, .T. ) ;
#6423 = UNCERTAINTY_MEASURE_WITH_UNIT (LENGTH_MEASURE( 1.000000000000000100E-005 ), #1802, 'distance_accuracy_value', 'NONE');
#6424 = LINE ( 'NONE', #2251, #2454 ) ;
#6425 = MECHANICAL_DESIGN_GEOMETRIC_PRESENTATION_REPRESENTATION (  '', ( #5409 ), #273 ) ;
#6426 = FILL_AREA_STYLE ('',( #1514 ) ) ;
#6427 = ORIENTED_EDGE ( 'NONE', *, *, #5641, .F. ) ;
#6428 = ORIENTED_EDGE ( 'NONE', *, *, #2856, .T. ) ;
#6429 = SURFACE_STYLE_USAGE ( .BOTH. , #2974 ) ;
#6430 = DIRECTION ( 'NONE',  ( 0.0000000000000000000, 1.000000000000000000, -0.0000000000000000000 ) ) ;
#6431 = PLANE ( 'NONE',  #5256 ) ;
#6432 = VECTOR ( 'NONE', #2460, 1000.000000000000000 ) ;
#6433 =( LENGTH_UNIT ( ) NAMED_UNIT ( * ) SI_UNIT ( .MILLI., .METRE. ) );
#6434 = VERTEX_POINT ( 'NONE', #4073 ) ;
#6435 = DIRECTION ( 'NONE',  ( 0.0000000000000000000, 0.0000000000000000000, 1.000000000000000000 ) ) ;
#6436 = CARTESIAN_POINT ( 'NONE',  ( 0.3750000000000004400, 0.02000000000000000000, 1.150000000000000600 ) ) ;
#6437 = ORIENTED_EDGE ( 'NONE', *, *, #4550, .F. ) ;
#6438 = SURFACE_STYLE_USAGE ( .BOTH. , #2980 ) ;
#6439 = PLANE ( 'NONE',  #2385 ) ;
#6440 = DIRECTION ( 'NONE',  ( -0.0000000000000000000, -1.000000000000000000, -0.0000000000000000000 ) ) ;
#6441 = UNCERTAINTY_MEASURE_WITH_UNIT (LENGTH_MEASURE( 1.000000000000000100E-005 ), #1065, 'distance_accuracy_value', 'NONE');
#6442 = EDGE_CURVE ( 'NONE', #3024, #4833, #5661, .T. ) ;
#6443 = FILL_AREA_STYLE_COLOUR ( '', #3722 ) ;
#6444 = UNCERTAINTY_MEASURE_WITH_UNIT (LENGTH_MEASURE( 1.000000000000000100E-005 ), #3769, 'distance_accuracy_value', 'NONE');
#6445 = CARTESIAN_POINT ( 'NONE',  ( -1.499999999999999600, 0.5500000000000000400, 1.500000000000000000 ) ) ;
#6446 = VERTEX_POINT ( 'NONE', #3575 ) ;
#6447 = DIRECTION ( 'NONE',  ( -0.0000000000000000000, -1.000000000000000000, -0.0000000000000000000 ) ) ;
#6448 = MECHANICAL_DESIGN_GEOMETRIC_PRESENTATION_REPRESENTATION (  '', ( #5429 ), #286 ) ;
#6449 = DIRECTION ( 'NONE',  ( 0.0000000000000000000, 1.000000000000000000, -0.0000000000000000000 ) ) ;
#6450 = CYLINDRICAL_SURFACE ( 'NONE', #437, 0.05000000000000012800 ) ;
#6451 = DIRECTION ( 'NONE',  ( 0.0000000000000000000, 1.000000000000000000, -0.0000000000000000000 ) ) ;
#6452 = DIRECTION ( 'NONE',  ( -0.0000000000000000000, -1.000000000000000000, -0.0000000000000000000 ) ) ;
#6453 = ORIENTED_EDGE ( 'NONE', *, *, #5263, .T. ) ;
#6454 = SURFACE_STYLE_USAGE ( .BOTH. , #3000 ) ;
#6455 = EDGE_LOOP ( 'NONE', ( #4233, #1887, #1634, #2547 ) ) ;
#6456 = DIRECTION ( 'NONE',  ( 0.0000000000000000000, 0.0000000000000000000, 1.000000000000000000 ) ) ;
#6457 = ADVANCED_FACE ( 'NONE', ( #1851 ), #907, .T. ) ;
#6458 = FACE_OUTER_BOUND ( 'NONE', #3608, .T. ) ;
#6459 = PRESENTATION_LAYER_ASSIGNMENT (  '', '', ( #5780 ) ) ;
#6460 = DIRECTION ( 'NONE',  ( -1.084202172485509000E-015, 0.0000000000000000000, -1.000000000000000000 ) ) ;
#6461 = CARTESIAN_POINT ( 'NONE',  ( 0.1750000000000005400, 0.02000000000000000000, 1.150000000000000100 ) ) ;
#6462 = DIRECTION ( 'NONE',  ( -1.000000000000000000, 0.0000000000000000000, 0.0000000000000000000 ) ) ;
#6463 = CARTESIAN_POINT ( 'NONE',  ( 0.6250000000000006700, 0.02000000000000000000, 1.350000000000003400 ) ) ;
#6464 = EDGE_CURVE ( 'NONE', #6227, #1050, #6201, .T. ) ;
#6465 = CIRCLE ( 'NONE', #825, 0.05000000000000012800 ) ;
#6466 = AXIS2_PLACEMENT_3D ( 'NONE', #4117, #2813, #2699 ) ;
#6467 = CARTESIAN_POINT ( 'NONE',  ( 0.1749999999999999300, 0.0000000000000000000, -1.399999999999999700 ) ) ;
#6468 = FILL_AREA_STYLE_COLOUR ( '', #290 ) ;
#6469 = PRESENTATION_STYLE_ASSIGNMENT (( #5743 ) ) ;
#6470 = VERTEX_POINT ( 'NONE', #4121 ) ;
#6471 =( LENGTH_UNIT ( ) NAMED_UNIT ( * ) SI_UNIT ( .MILLI., .METRE. ) );
#6472 = DIRECTION ( 'NONE',  ( 0.0000000000000000000, 1.000000000000000000, 0.0000000000000000000 ) ) ;
#6473 = SURFACE_STYLE_FILL_AREA ( #359 ) ;
#6474 = COLOUR_RGB ( '',0.2509803921568627400, 0.2509803921568627400, 0.2509803921568627400 ) ;
#6475 = CARTESIAN_POINT ( 'NONE',  ( -1.499999999999999600, 0.5300000000000000300, 1.480000000000000000 ) ) ;
#6476 =( LENGTH_UNIT ( ) NAMED_UNIT ( * ) SI_UNIT ( .MILLI., .METRE. ) );
#6477 = DIRECTION ( 'NONE',  ( 0.0000000000000000000, 0.0000000000000000000, -1.000000000000000000 ) ) ;
#6478 = PRESENTATION_STYLE_ASSIGNMENT (( #261 ) ) ;
#6479 = DIRECTION ( 'NONE',  ( -0.0000000000000000000, -1.000000000000000000, -0.0000000000000000000 ) ) ;
#6480 = VERTEX_POINT ( 'NONE', #4592 ) ;
#6481 = CIRCLE ( 'NONE', #3710, 0.02000000000000005200 ) ;
#6482 = DIRECTION ( 'NONE',  ( 5.421010862427544800E-016, 0.0000000000000000000, -1.000000000000000000 ) ) ;
#6483 = FILL_AREA_STYLE ('',( #2559 ) ) ;
#6484 = PRESENTATION_STYLE_ASSIGNMENT (( #2953 ) ) ;
#6485 = ADVANCED_FACE ( 'NONE', ( #3415 ), #2965, .T. ) ;
#6486 = VERTEX_POINT ( 'NONE', #5105 ) ;
#6487 = CARTESIAN_POINT ( 'NONE',  ( 1.174999999999999600, 0.5200000000000000200, -1.149999999999993500 ) ) ;
#6488 = COLOUR_RGB ( '',0.7529411764705882200, 0.7529411764705882200, 0.7529411764705882200 ) ;
#6489 = ADVANCED_FACE ( 'NONE', ( #1630 ), #5624, .T. ) ;
#6490 = SURFACE_STYLE_FILL_AREA ( #763 ) ;
#6491 = EDGE_CURVE ( 'NONE', #1235, #5459, #2473, .T. ) ;
#6492 = ORIENTED_EDGE ( 'NONE', *, *, #5317, .T. ) ;
#6493 =( NAMED_UNIT ( * ) PLANE_ANGLE_UNIT ( ) SI_UNIT ( $, .RADIAN. ) );
#6494 = COLOUR_RGB ( '',0.7529411764705882200, 0.7529411764705882200, 0.7529411764705882200 ) ;
#6495 = STYLED_ITEM ( 'NONE', ( #5210 ), #4403 ) ;
#6496 = ORIENTED_EDGE ( 'NONE', *, *, #2885, .F. ) ;
#6497 = CARTESIAN_POINT ( 'NONE',  ( -1.275000000000000100, 0.0000000000000000000, -0.6999999999999997300 ) ) ;
#6498 = AXIS2_PLACEMENT_3D ( 'NONE', #448, #5965, #5004 ) ;
#6499 = PRESENTATION_STYLE_ASSIGNMENT (( #963 ) ) ;
#6500 = ORIENTED_EDGE ( 'NONE', *, *, #2643, .F. ) ;
#6501 = ORIENTED_EDGE ( 'NONE', *, *, #1534, .T. ) ;
#6502 = DIRECTION ( 'NONE',  ( 0.0000000000000000000, 1.000000000000000000, -0.0000000000000000000 ) ) ;
#6503 = CARTESIAN_POINT ( 'NONE',  ( 0.6249999999999997800, 0.0000000000000000000, -1.149999999999997000 ) ) ;
#6504 = CARTESIAN_POINT ( 'NONE',  ( 1.174999999999999800, 0.02000000000000000000, -1.399999999999993200 ) ) ;
#6505 = EDGE_CURVE ( 'NONE', #775, #3694, #5094, .T. ) ;
#6506 = DIRECTION ( 'NONE',  ( 0.0000000000000000000, -1.000000000000000000, 0.0000000000000000000 ) ) ;
#6507 = FILL_AREA_STYLE ('',( #1525 ) ) ;
#6508 = VECTOR ( 'NONE', #4495, 1000.000000000000000 ) ;
#6509 = DIRECTION ( 'NONE',  ( 1.000000000000000000, 0.0000000000000000000, -0.0000000000000000000 ) ) ;
#6510 = SURFACE_SIDE_STYLE ('',( #666 ) ) ;
#6511 = EDGE_LOOP ( 'NONE', ( #6021, #4113, #4742, #316 ) ) ;
#6512 = MECHANICAL_DESIGN_GEOMETRIC_PRESENTATION_REPRESENTATION (  '', ( #5819 ), #347 ) ;
#6513 = VERTEX_POINT ( 'NONE', #2171 ) ;
ENDSEC;
END-ISO-10303-21;
