ISO-10303-21;
HEADER;
FILE_DESCRIPTION (( 'STEP AP214' ),
    '1' );
FILE_NAME ('F85B63AA-285C-4839-AD42-7CBB6340DD53.STEP',
    '2026-08-24T20:46:29',
    ( '' ),
    ( '' ),
    'SwSTEP 2.0',
    'SolidWorks 2022',
    '' );
FILE_SCHEMA (( 'AUTOMOTIVE_DESIGN' ));
ENDSEC;

DATA;
#1 = ORIENTED_EDGE ( 'NONE', *, *, #91, .F. ) ;
#2 = CIRCLE ( 'NONE', #541, 0.07499999999999998335 ) ;
#3 =( NAMED_UNIT ( * ) SI_UNIT ( $, .STERADIAN. ) SOLID_ANGLE_UNIT ( ) );
#4 = ORIENTED_EDGE ( 'NONE', *, *, #1738, .T. ) ;
#5 = LINE ( 'NONE', #1225, #1037 ) ;
#6 = CARTESIAN_POINT ( 'NONE',  ( 0.8750000000000000000, 3.388131789017199045E-18, -1.314999999999999947 ) ) ;
#7 = CARTESIAN_POINT ( 'NONE',  ( 0.0000000000000000000, 0.0000000000000000000, -0.6999999990000000949 ) ) ;
#8 = EDGE_LOOP ( 'NONE', ( #946, #804, #1330, #941 ) ) ;
#9 = DIRECTION ( 'NONE',  ( -0.0000000000000000000, -1.000000000000000000, -0.0000000000000000000 ) ) ;
#10 = ORIENTED_EDGE ( 'NONE', *, *, #279, .T. ) ;
#11 = PLANE ( 'NONE',  #881 ) ;
#12 = ORIENTED_EDGE ( 'NONE', *, *, #162, .F. ) ;
#13 = DIRECTION ( 'NONE',  ( 0.0000000000000000000, 1.000000000000000000, 0.0000000000000000000 ) ) ;
#14 = EDGE_CURVE ( 'NONE', #1294, #718, #1146, .T. ) ;
#15 = FACE_OUTER_BOUND ( 'NONE', #830, .T. ) ;
#16 = ORIENTED_EDGE ( 'NONE', *, *, #950, .F. ) ;
#17 = CARTESIAN_POINT ( 'NONE',  ( 0.7500000000000001110, -0.05000000000000000971, -1.489999999999999991 ) ) ;
#18 = LINE ( 'NONE', #285, #1098 ) ;
#19 = CARTESIAN_POINT ( 'NONE',  ( 0.1250000000000000000, -0.05000000000000000278, -1.489999999999999991 ) ) ;
#20 = ORIENTED_EDGE ( 'NONE', *, *, #520, .T. ) ;
#21 = SURFACE_SIDE_STYLE ('',( #689 ) ) ;
#22 = PRESENTATION_LAYER_ASSIGNMENT (  '', '', ( #1171 ) ) ;
#23 = ORIENTED_EDGE ( 'NONE', *, *, #1519, .T. ) ;
#24 = CIRCLE ( 'NONE', #1121, 0.1249999999999998890 ) ;
#25 = CARTESIAN_POINT ( 'NONE',  ( -0.3750000000000000555, -0.05000000000000000971, 1.489999999999999991 ) ) ;
#26 = CARTESIAN_POINT ( 'NONE',  ( -1.000000000000000000, 0.5000000000000000000, 1.500000000000000000 ) ) ;
#27 = ORIENTED_EDGE ( 'NONE', *, *, #496, .T. ) ;
#28 = COLOUR_RGB ( '',0.2509803921568627416, 0.2509803921568627416, 0.2509803921568627416 ) ;
#29 = CARTESIAN_POINT ( 'NONE',  ( -0.1250000000000000000, -0.02500000000000000486, -1.489999999999999991 ) ) ;
#30 = ADVANCED_FACE ( 'NONE', ( #1084 ), #1625, .F. ) ;
#31 = SURFACE_STYLE_USAGE ( .BOTH. , #305 ) ;
#32 = ORIENTED_EDGE ( 'NONE', *, *, #1560, .F. ) ;
#33 = PLANE ( 'NONE',  #295 ) ;
#34 = DIRECTION ( 'NONE',  ( 0.0000000000000000000, 1.000000000000000000, 0.0000000000000000000 ) ) ;
#35 = SURFACE_STYLE_FILL_AREA ( #1666 ) ;
#36 = DIRECTION ( 'NONE',  ( 0.0000000000000000000, -1.000000000000000000, 0.0000000000000000000 ) ) ;
#37 = ORIENTED_EDGE ( 'NONE', *, *, #632, .T. ) ;
#38 = CYLINDRICAL_SURFACE ( 'NONE', #789, 0.1249999999999998890 ) ;
#39 = CARTESIAN_POINT ( 'NONE',  ( -0.6250000000000001110, 0.0000000000000000000, 1.490000000666666491 ) ) ;
#40 = CARTESIAN_POINT ( 'NONE',  ( 0.6250000000000001110, -0.05000000000000000971, 1.489999999999999991 ) ) ;
#41 = ORIENTED_EDGE ( 'NONE', *, *, #708, .F. ) ;
#42 = CARTESIAN_POINT ( 'NONE',  ( -1.000000000000000000, 0.2500000000000000000, -1.500000000000000000 ) ) ;
#43 = CARTESIAN_POINT ( 'NONE',  ( 0.1250000000000000000, -0.05000000000000000971, -1.402500000000000080 ) ) ;
#44 = ORIENTED_EDGE ( 'NONE', *, *, #1649, .T. ) ;
#45 = DIRECTION ( 'NONE',  ( 0.0000000000000000000, 0.0000000000000000000, -1.000000000000000000 ) ) ;
#46 = PRESENTATION_STYLE_ASSIGNMENT (( #31 ) ) ;
#47 = FILL_AREA_STYLE ('',( #842 ) ) ;
#48 = DIRECTION ( 'NONE',  ( -0.0000000000000000000, -1.000000000000000000, -0.0000000000000000000 ) ) ;
#49 = EDGE_CURVE ( 'NONE', #428, #813, #249, .T. ) ;
#50 = CARTESIAN_POINT ( 'NONE',  ( -0.7500000000000001110, 0.4500000000000000666, 1.175000000000000044 ) ) ;
#51 = VECTOR ( 'NONE', #262, 1000.000000000000000 ) ;
#52 = CARTESIAN_POINT ( 'NONE',  ( 0.3750000000000000555, -0.05000000000000000971, -1.314999999999999947 ) ) ;
#53 = FACE_OUTER_BOUND ( 'NONE', #63, .T. ) ;
#54 = CARTESIAN_POINT ( 'NONE',  ( 0.7000000000000000666, 0.0000000000000000000, -0.6999999997500001570 ) ) ;
#55 = VECTOR ( 'NONE', #58, 1000.000000000000000 ) ;
#56 = EDGE_LOOP ( 'NONE', ( #238, #1006, #1616, #1698 ) ) ;
#57 = VECTOR ( 'NONE', #605, 1000.000000000000114 ) ;
#58 = DIRECTION ( 'NONE',  ( 1.000000000000000000, -0.0000000000000000000, -0.0000000000000000000 ) ) ;
#59 = EDGE_CURVE ( 'NONE', #813, #1468, #437, .T. ) ;
#60 = DIRECTION ( 'NONE',  ( 0.0000000000000000000, 0.0000000000000000000, 1.000000000000000000 ) ) ;
#61 = DIRECTION ( 'NONE',  ( -1.000000000000000000, 0.0000000000000000000, 0.0000000000000000000 ) ) ;
#62 = DIRECTION ( 'NONE',  ( -2.710505431213763550E-17, 1.000000000000000000, 0.0000000000000000000 ) ) ;
#63 = EDGE_LOOP ( 'NONE', ( #375, #1465, #712, #1347 ) ) ;
#64 = UNCERTAINTY_MEASURE_WITH_UNIT (LENGTH_MEASURE( 1.000000000000000082E-05 ), #1142, 'distance_accuracy_value', 'NONE');
#65 = CARTESIAN_POINT ( 'NONE',  ( 0.3750000000000000555, -0.05000000000000000278, 1.489999999999999991 ) ) ;
#66 = VERTEX_POINT ( 'NONE', #596 ) ;
#67 = VERTEX_POINT ( 'NONE', #65 ) ;
#68 = CARTESIAN_POINT ( 'NONE',  ( -0.7500000000000001110, 0.4500000000000000666, 1.250000000000000000 ) ) ;
#69 = DIRECTION ( 'NONE',  ( 0.0000000000000000000, 0.0000000000000000000, 1.000000000000000000 ) ) ;
#70 = ADVANCED_FACE ( 'NONE', ( #1547 ), #33, .F. ) ;
#71 = DIRECTION ( 'NONE',  ( -1.000000000000000000, -0.0000000000000000000, -0.0000000000000000000 ) ) ;
#72 = ADVANCED_FACE ( 'NONE', ( #1022 ), #86, .F. ) ;
#73 = CARTESIAN_POINT ( 'NONE',  ( 0.3750000000000000555, -0.05000000000000000278, -1.489999999999999991 ) ) ;
#74 = VERTEX_POINT ( 'NONE', #1570 ) ;
#75 = CARTESIAN_POINT ( 'NONE',  ( -0.2500000000000000000, 0.0000000000000000000, -1.314999999999999947 ) ) ;
#76 = VECTOR ( 'NONE', #1399, 1000.000000000000000 ) ;
#77 = CARTESIAN_POINT ( 'NONE',  ( 0.1250000000000000000, -0.02500000000000000486, -1.489999999999999991 ) ) ;
#78 = DIRECTION ( 'NONE',  ( 0.0000000000000000000, 0.0000000000000000000, -1.000000000000000000 ) ) ;
#79 = ADVANCED_FACE ( 'NONE', ( #90 ), #1429, .F. ) ;
#80 = DIRECTION ( 'NONE',  ( 1.000000000000000000, 0.0000000000000000000, 0.0000000000000000000 ) ) ;
#81 = COLOUR_RGB ( '',0.2509803921568627416, 0.2509803921568627416, 0.2509803921568627416 ) ;
#82 = VECTOR ( 'NONE', #1081, 1000.000000000000000 ) ;
#83 = ORIENTED_EDGE ( 'NONE', *, *, #1270, .F. ) ;
#84 = VECTOR ( 'NONE', #276, 1000.000000000000000 ) ;
#85 = DIRECTION ( 'NONE',  ( 1.000000000000000000, 0.0000000000000000000, 0.0000000000000000000 ) ) ;
#86 = PLANE ( 'NONE',  #638 ) ;
#87 = LINE ( 'NONE', #513, #221 ) ;
#88 = DIRECTION ( 'NONE',  ( -0.0000000000000000000, -1.000000000000000000, -0.0000000000000000000 ) ) ;
#89 = PLANE ( 'NONE',  #1061 ) ;
#90 = FACE_OUTER_BOUND ( 'NONE', #227, .T. ) ;
#91 = EDGE_CURVE ( 'NONE', #468, #1472, #900, .T. ) ;
#92 = ADVANCED_FACE ( 'NONE', ( #1027 ), #506, .F. ) ;
#93 = DIRECTION ( 'NONE',  ( -1.000000000000000000, 0.0000000000000000000, 0.0000000000000000000 ) ) ;
#94 = CIRCLE ( 'NONE', #1518, 0.1249999999999998890 ) ;
#95 =( NAMED_UNIT ( * ) PLANE_ANGLE_UNIT ( ) SI_UNIT ( $, .RADIAN. ) );
#96 = VERTEX_POINT ( 'NONE', #1444 ) ;
#97 = DIRECTION ( 'NONE',  ( 0.0000000000000000000, -1.000000000000000000, -0.0000000000000000000 ) ) ;
#98 = PRESENTATION_LAYER_ASSIGNMENT (  '', '', ( #357 ) ) ;
#99 = VECTOR ( 'NONE', #761, 1000.000000000000000 ) ;
#100 = VERTEX_POINT ( 'NONE', #631 ) ;
#101 = VECTOR ( 'NONE', #559, 1000.000000000000000 ) ;
#102 = CARTESIAN_POINT ( 'NONE',  ( 0.0000000000000000000, 0.0000000000000000000, 1.500000000000000000 ) ) ;
#103 = LINE ( 'NONE', #1046, #1322 ) ;
#104 = COLOUR_RGB ( '',0.7529411764705882248, 0.7529411764705882248, 0.7529411764705882248 ) ;
#105 = EDGE_CURVE ( 'NONE', #1431, #1101, #1568, .T. ) ;
#106 = VERTEX_POINT ( 'NONE', #626 ) ;
#107 = CARTESIAN_POINT ( 'NONE',  ( 0.0000000000000000000, 0.0000000000000000000, 1.490000001000000074 ) ) ;
#108 = ORIENTED_EDGE ( 'NONE', *, *, #1580, .F. ) ;
#109 = CARTESIAN_POINT ( 'NONE',  ( 0.2500000000000000000, -0.05000000000000000971, 1.314999999999999947 ) ) ;
#110 = ORIENTED_EDGE ( 'NONE', *, *, #1451, .F. ) ;
#111 = DIRECTION ( 'NONE',  ( 1.000000000000000000, 0.0000000000000000000, 0.0000000000000000000 ) ) ;
#112 = DIRECTION ( 'NONE',  ( -1.000000000000000000, 0.0000000000000000000, 0.0000000000000000000 ) ) ;
#113 = LINE ( 'NONE', #808, #818 ) ;
#114 = VERTEX_POINT ( 'NONE', #778 ) ;
#115 = ORIENTED_EDGE ( 'NONE', *, *, #625, .F. ) ;
#116 = ORIENTED_EDGE ( 'NONE', *, *, #1228, .F. ) ;
#117 =( LENGTH_UNIT ( ) NAMED_UNIT ( * ) SI_UNIT ( .MILLI., .METRE. ) );
#118 = ORIENTED_EDGE ( 'NONE', *, *, #1451, .T. ) ;
#119 = CARTESIAN_POINT ( 'NONE',  ( 0.6250000000000001110, 0.0000000000000000000, 1.490000000666666491 ) ) ;
#120 = DIRECTION ( 'NONE',  ( 1.000000000000000000, 0.0000000000000000000, 0.0000000000000000000 ) ) ;
#121 = VERTEX_POINT ( 'NONE', #620 ) ;
#122 = MECHANICAL_DESIGN_GEOMETRIC_PRESENTATION_REPRESENTATION (  '', ( #1171 ), #1032 ) ;
#123 = ORIENTED_EDGE ( 'NONE', *, *, #618, .F. ) ;
#124 = VECTOR ( 'NONE', #583, 1000.000000000000000 ) ;
#125 = EDGE_LOOP ( 'NONE', ( #1617, #256, #1596, #934 ) ) ;
#126 = LINE ( 'NONE', #250, #1209 ) ;
#127 = ORIENTED_EDGE ( 'NONE', *, *, #610, .T. ) ;
#128 = VECTOR ( 'NONE', #1336, 1000.000000000000000 ) ;
#129 = DIRECTION ( 'NONE',  ( 1.000000000000000000, -0.0000000000000000000, 0.0000000000000000000 ) ) ;
#130 = CARTESIAN_POINT ( 'NONE',  ( 0.6250000000000001110, 0.0000000000000000000, 0.0000000000000000000 ) ) ;
#131 = VECTOR ( 'NONE', #299, 1000.000000000000000 ) ;
#132 = CARTESIAN_POINT ( 'NONE',  ( -0.7000000000000000666, -0.01000000000000000194, 0.6000000000000000888 ) ) ;
#133 = EDGE_LOOP ( 'NONE', ( #157, #1075, #368, #1627 ) ) ;
#134 = AXIS2_PLACEMENT_3D ( 'NONE', #828, #166, #45 ) ;
#135 = LINE ( 'NONE', #1520, #992 ) ;
#136 = ORIENTED_EDGE ( 'NONE', *, *, #527, .T. ) ;
#137 = ORIENTED_EDGE ( 'NONE', *, *, #179, .T. ) ;
#138 = EDGE_CURVE ( 'NONE', #277, #400, #1424, .T. ) ;
#139 = SURFACE_STYLE_USAGE ( .BOTH. , #1353 ) ;
#140 = VERTEX_POINT ( 'NONE', #498 ) ;
#141 = DIRECTION ( 'NONE',  ( -1.000000000000000000, 0.0000000000000000000, 0.0000000000000000000 ) ) ;
#142 = ORIENTED_EDGE ( 'NONE', *, *, #780, .T. ) ;
#143 = ORIENTED_EDGE ( 'NONE', *, *, #1387, .F. ) ;
#144 = CARTESIAN_POINT ( 'NONE',  ( -0.3750000000000000555, -0.05000000000000000971, -1.489999999999999991 ) ) ;
#145 = FACE_OUTER_BOUND ( 'NONE', #524, .T. ) ;
#146 = EDGE_CURVE ( 'NONE', #642, #1262, #1149, .T. ) ;
#147 = ORIENTED_EDGE ( 'NONE', *, *, #692, .F. ) ;
#148 = FACE_OUTER_BOUND ( 'NONE', #1630, .T. ) ;
#149 = DIRECTION ( 'NONE',  ( 0.0000000000000000000, 0.0000000000000000000, 1.000000000000000000 ) ) ;
#150 = ORIENTED_EDGE ( 'NONE', *, *, #383, .T. ) ;
#151 = EDGE_CURVE ( 'NONE', #658, #613, #214, .T. ) ;
#152 = LINE ( 'NONE', #1238, #194 ) ;
#153 = FACE_OUTER_BOUND ( 'NONE', #373, .T. ) ;
#154 = ORIENTED_EDGE ( 'NONE', *, *, #669, .T. ) ;
#155 = DIRECTION ( 'NONE',  ( 0.0000000000000000000, 0.0000000000000000000, -1.000000000000000000 ) ) ;
#156 = AXIS2_PLACEMENT_3D ( 'NONE', #1048, #338, #882 ) ;
#157 = ORIENTED_EDGE ( 'NONE', *, *, #734, .T. ) ;
#158 = AXIS2_PLACEMENT_3D ( 'NONE', #1248, #601, #300 ) ;
#159 = CARTESIAN_POINT ( 'NONE',  ( -0.8750000000000000000, -1.016439536705160253E-17, 1.314999999975956957 ) ) ;
#160 = DIRECTION ( 'NONE',  ( -0.0000000000000000000, -1.000000000000000000, -0.0000000000000000000 ) ) ;
#161 = ORIENTED_EDGE ( 'NONE', *, *, #708, .T. ) ;
#162 = EDGE_CURVE ( 'NONE', #848, #969, #533, .T. ) ;
#163 = FILL_AREA_STYLE_COLOUR ( '', #565 ) ;
#164 = PRODUCT_DEFINITION_FORMATION_WITH_SPECIFIED_SOURCE ( 'ANY', '', #321, .NOT_KNOWN. ) ;
#165 = STYLED_ITEM ( 'NONE', ( #1308 ), #787 ) ;
#166 = DIRECTION ( 'NONE',  ( 0.0000000000000000000, -1.000000000000000000, 0.0000000000000000000 ) ) ;
#167 = CARTESIAN_POINT ( 'NONE',  ( 0.1250000000000001110, -0.02500000000000000486, 1.314999999951913745 ) ) ;
#168 = VERTEX_POINT ( 'NONE', #1694 ) ;
#169 = FILL_AREA_STYLE ('',( #1537 ) ) ;
#170 = DIRECTION ( 'NONE',  ( -0.0000000000000000000, 1.000000000000000000, 0.0000000000000000000 ) ) ;
#171 = ORIENTED_EDGE ( 'NONE', *, *, #515, .F. ) ;
#172 = PLANE ( 'NONE',  #386 ) ;
#173 = CARTESIAN_POINT ( 'NONE',  ( 0.7500000000000001110, -0.05000000000000000971, -1.314999999999999947 ) ) ;
#174 = DIRECTION ( 'NONE',  ( -2.710505431213763550E-17, 1.000000000000000000, 0.0000000000000000000 ) ) ;
#175 = EDGE_CURVE ( 'NONE', #1240, #707, #94, .T. ) ;
#176 = CARTESIAN_POINT ( 'NONE',  ( -0.1250000000000000000, -0.05000000000000000278, 1.489999999999999991 ) ) ;
#177 = CARTESIAN_POINT ( 'NONE',  ( 0.1250000000000000555, 0.0000000000000000000, 0.0000000000000000000 ) ) ;
#178 = VERTEX_POINT ( 'NONE', #889 ) ;
#179 = EDGE_CURVE ( 'NONE', #1183, #530, #1169, .T. ) ;
#180 = DIRECTION ( 'NONE',  ( -0.0000000000000000000, -0.0000000000000000000, -1.000000000000000000 ) ) ;
#181 = VERTEX_POINT ( 'NONE', #768 ) ;
#182 = DIRECTION ( 'NONE',  ( 0.0000000000000000000, 1.000000000000000000, 0.0000000000000000000 ) ) ;
#183 = CARTESIAN_POINT ( 'NONE',  ( -1.000000000000000000, 0.0000000000000000000, 1.500000000000000000 ) ) ;
#184 = PLANE ( 'NONE',  #1182 ) ;
#185 = LINE ( 'NONE', #982, #1735 ) ;
#186 = ORIENTED_EDGE ( 'NONE', *, *, #302, .F. ) ;
#187 = UNCERTAINTY_MEASURE_WITH_UNIT (LENGTH_MEASURE( 1.000000000000000082E-05 ), #440, 'distance_accuracy_value', 'NONE');
#188 = DIRECTION ( 'NONE',  ( 0.0000000000000000000, 1.000000000000000000, 0.0000000000000000000 ) ) ;
#189 =( NAMED_UNIT ( * ) PLANE_ANGLE_UNIT ( ) SI_UNIT ( $, .RADIAN. ) );
#190 = ADVANCED_FACE ( 'NONE', ( #1702 ), #1708, .F. ) ;
#191 = ORIENTED_EDGE ( 'NONE', *, *, #289, .F. ) ;
#192 = VECTOR ( 'NONE', #744, 1000.000000000000000 ) ;
#193 = LINE ( 'NONE', #852, #391 ) ;
#194 = VECTOR ( 'NONE', #1018, 1000.000000000000000 ) ;
#195 = CARTESIAN_POINT ( 'NONE',  ( 0.6250000000000002220, -0.05000000000000000971, -1.315000000024042937 ) ) ;
#196 = LINE ( 'NONE', #1307, #1214 ) ;
#197 = PLANE ( 'NONE',  #1235 ) ;
#198 = ORIENTED_EDGE ( 'NONE', *, *, #632, .F. ) ;
#199 = VECTOR ( 'NONE', #356, 1000.000000000000000 ) ;
#200 = VECTOR ( 'NONE', #180, 1000.000000000000000 ) ;
#201 = ORIENTED_EDGE ( 'NONE', *, *, #684, .T. ) ;
#202 = EDGE_LOOP ( 'NONE', ( #572, #123, #1286, #791 ) ) ;
#203 = PRESENTATION_LAYER_ASSIGNMENT (  '', '', ( #1524 ) ) ;
#204 = DIRECTION ( 'NONE',  ( -1.000000000000000000, 0.0000000000000000000, 0.0000000000000000000 ) ) ;
#205 = EDGE_CURVE ( 'NONE', #168, #1368, #786, .T. ) ;
#206 = CARTESIAN_POINT ( 'NONE',  ( 1.000000000000000000, 0.0000000000000000000, 0.0000000000000000000 ) ) ;
#207 = DIRECTION ( 'NONE',  ( 1.000000000000000000, 0.0000000000000000000, 0.0000000000000000000 ) ) ;
#208 = CARTESIAN_POINT ( 'NONE',  ( 0.0000000000000000000, 0.0000000000000000000, 0.0000000000000000000 ) ) ;
#209 = ORIENTED_EDGE ( 'NONE', *, *, #508, .F. ) ;
#210 = ADVANCED_FACE ( 'NONE', ( #1180 ), #1717, .F. ) ;
#211 = ADVANCED_FACE ( 'NONE', ( #53 ), #857, .F. ) ;
#212 = DIRECTION ( 'NONE',  ( 1.000000000000000000, 0.0000000000000000000, 0.0000000000000000000 ) ) ;
#213 = ORIENTED_EDGE ( 'NONE', *, *, #383, .F. ) ;
#214 = LINE ( 'NONE', #760, #1482 ) ;
#215 = CARTESIAN_POINT ( 'NONE',  ( -0.1250000000000000000, -0.02500000000000000486, 1.489999999999999991 ) ) ;
#216 = CIRCLE ( 'NONE', #1434, 0.1249999999999998890 ) ;
#217 = VECTOR ( 'NONE', #931, 1000.000000000000000 ) ;
#218 = DIRECTION ( 'NONE',  ( -2.710505431213763550E-17, 1.000000000000000000, 0.0000000000000000000 ) ) ;
#219 =( GEOMETRIC_REPRESENTATION_CONTEXT ( 3 ) GLOBAL_UNCERTAINTY_ASSIGNED_CONTEXT ( ( #1189 ) ) GLOBAL_UNIT_ASSIGNED_CONTEXT ( ( #117, #1720, #3 ) ) REPRESENTATION_CONTEXT ( 'NONE', 'WORKASPACE' ) );
#220 = VECTOR ( 'NONE', #370, 1000.000000000000000 ) ;
#221 = VECTOR ( 'NONE', #1535, 1000.000000000000000 ) ;
#222 = CARTESIAN_POINT ( 'NONE',  ( -0.7000000000000000666, -0.01000000000000000194, 0.6000000000000000888 ) ) ;
#223 = CARTESIAN_POINT ( 'NONE',  ( -0.1250000000000000000, -0.05000000000000000278, -1.489999999999999991 ) ) ;
#224 = PRESENTATION_STYLE_ASSIGNMENT (( #1443 ) ) ;
#225 = DIRECTION ( 'NONE',  ( -2.710505431213763550E-17, 1.000000000000000000, 0.0000000000000000000 ) ) ;
#226 = ADVANCED_FACE ( 'NONE', ( #153 ), #197, .T. ) ;
#227 = EDGE_LOOP ( 'NONE', ( #743, #1481, #1644, #1645, #1310 ) ) ;
#228 = LINE ( 'NONE', #215, #99 ) ;
#229 = DIRECTION ( 'NONE',  ( -1.000000000000000000, -0.0000000000000000000, -0.0000000000000000000 ) ) ;
#230 = CARTESIAN_POINT ( 'NONE',  ( -0.1250000000000000000, 0.0000000000000000000, 0.0000000000000000000 ) ) ;
#231 = LINE ( 'NONE', #1277, #1571 ) ;
#232 = DIRECTION ( 'NONE',  ( 0.0000000000000000000, 0.0000000000000000000, 1.000000000000000000 ) ) ;
#233 = VERTEX_POINT ( 'NONE', #1103 ) ;
#234 = ORIENTED_EDGE ( 'NONE', *, *, #438, .F. ) ;
#235 = ADVANCED_FACE ( 'NONE', ( #585 ), #1004, .F. ) ;
#236 = EDGE_LOOP ( 'NONE', ( #1133, #1083, #1255, #1197 ) ) ;
#237 = FACE_BOUND ( 'NONE', #1364, .T. ) ;
#238 = ORIENTED_EDGE ( 'NONE', *, *, #1054, .F. ) ;
#239 = VECTOR ( 'NONE', #433, 1000.000000000000000 ) ;
#240 = ORIENTED_EDGE ( 'NONE', *, *, #520, .F. ) ;
#241 = CARTESIAN_POINT ( 'NONE',  ( -1.000000000000000000, 0.0000000000000000000, 1.500000000000000000 ) ) ;
#242 = ORIENTED_EDGE ( 'NONE', *, *, #1508, .T. ) ;
#243 = VECTOR ( 'NONE', #149, 1000.000000000000000 ) ;
#244 = DIRECTION ( 'NONE',  ( 0.0000000000000000000, 0.0000000000000000000, 1.000000000000000000 ) ) ;
#245 = LINE ( 'NONE', #1578, #1097 ) ;
#246 = VECTOR ( 'NONE', #229, 1000.000000000000000 ) ;
#247 = ADVANCED_FACE ( 'NONE', ( #456 ), #995, .F. ) ;
#248 = LINE ( 'NONE', #922, #983 ) ;
#249 = LINE ( 'NONE', #802, #562 ) ;
#250 = CARTESIAN_POINT ( 'NONE',  ( -0.3750000000000000555, -0.02500000000000000486, 1.489999999999999991 ) ) ;
#251 = ORIENTED_EDGE ( 'NONE', *, *, #673, .T. ) ;
#252 = EDGE_CURVE ( 'NONE', #1584, #691, #1093, .T. ) ;
#253 = CARTESIAN_POINT ( 'NONE',  ( -0.3750000000000000555, -0.05000000000000000971, 1.402500000000000080 ) ) ;
#254 =( NAMED_UNIT ( * ) SI_UNIT ( $, .STERADIAN. ) SOLID_ANGLE_UNIT ( ) );
#255 = EDGE_CURVE ( 'NONE', #114, #1183, #1635, .T. ) ;
#256 = ORIENTED_EDGE ( 'NONE', *, *, #779, .T. ) ;
#257 = ORIENTED_EDGE ( 'NONE', *, *, #1014, .T. ) ;
#258 = PLANE ( 'NONE',  #1380 ) ;
#259 = ORIENTED_EDGE ( 'NONE', *, *, #1282, .F. ) ;
#260 = LINE ( 'NONE', #1611, #128 ) ;
#261 = CARTESIAN_POINT ( 'NONE',  ( -0.6000000000000000888, -0.01000000000000000194, 0.7000000000000000666 ) ) ;
#262 = DIRECTION ( 'NONE',  ( 0.0000000000000000000, 1.000000000000000000, 0.0000000000000000000 ) ) ;
#263 = ORIENTED_EDGE ( 'NONE', *, *, #779, .F. ) ;
#264 = DIRECTION ( 'NONE',  ( 0.0000000000000000000, -1.000000000000000000, 0.0000000000000000000 ) ) ;
#265 = AXIS2_PLACEMENT_3D ( 'NONE', #1299, #1563, #361 ) ;
#266 = VECTOR ( 'NONE', #1487, 1000.000000000000000 ) ;
#267 = ORIENTED_EDGE ( 'NONE', *, *, #1186, .T. ) ;
#268 = DIRECTION ( 'NONE',  ( -1.000000000000000000, 0.0000000000000000000, 0.0000000000000000000 ) ) ;
#269 = EDGE_LOOP ( 'NONE', ( #1052, #1, #1340, #1148 ) ) ;
#270 = AXIS2_PLACEMENT_3D ( 'NONE', #1642, #281, #111 ) ;
#271 = LINE ( 'NONE', #549, #927 ) ;
#272 = LINE ( 'NONE', #1373, #303 ) ;
#273 = VERTEX_POINT ( 'NONE', #445 ) ;
#274 = CIRCLE ( 'NONE', #1273, 0.07499999999999998335 ) ;
#275 = VECTOR ( 'NONE', #1254, 1000.000000000000000 ) ;
#276 = DIRECTION ( 'NONE',  ( -1.000000000000000000, -0.0000000000000000000, -0.0000000000000000000 ) ) ;
#277 = VERTEX_POINT ( 'NONE', #19 ) ;
#278 = DIRECTION ( 'NONE',  ( 0.0000000000000000000, 0.0000000000000000000, -1.000000000000000000 ) ) ;
#279 = EDGE_CURVE ( 'NONE', #996, #654, #185, .T. ) ;
#280 = ORIENTED_EDGE ( 'NONE', *, *, #1200, .T. ) ;
#281 = DIRECTION ( 'NONE',  ( 0.0000000000000000000, 0.0000000000000000000, 1.000000000000000000 ) ) ;
#282 = CARTESIAN_POINT ( 'NONE',  ( 0.0000000000000000000, 0.0000000000000000000, -1.490000001000000074 ) ) ;
#283 = VERTEX_POINT ( 'NONE', #563 ) ;
#284 = DIRECTION ( 'NONE',  ( -1.000000000000000000, 0.0000000000000000000, 0.0000000000000000000 ) ) ;
#285 = CARTESIAN_POINT ( 'NONE',  ( -0.1250000000000000000, -0.02500000000000000486, -1.314999999999999947 ) ) ;
#286 = DIRECTION ( 'NONE',  ( -0.0000000000000000000, -0.0000000000000000000, 1.000000000000000000 ) ) ;
#287 = ORIENTED_EDGE ( 'NONE', *, *, #1435, .F. ) ;
#288 = CARTESIAN_POINT ( 'NONE',  ( 0.1250000000000000555, 0.0000000000000000000, 0.0000000000000000000 ) ) ;
#289 = EDGE_CURVE ( 'NONE', #406, #178, #216, .T. ) ;
#290 = ORIENTED_EDGE ( 'NONE', *, *, #831, .F. ) ;
#291 = DIRECTION ( 'NONE',  ( -2.710505431213763550E-17, 1.000000000000000000, 0.0000000000000000000 ) ) ;
#292 = FILL_AREA_STYLE_COLOUR ( '', #104 ) ;
#293 = DIRECTION ( 'NONE',  ( -1.000000000000000000, 0.0000000000000000000, 0.0000000000000000000 ) ) ;
#294 = EDGE_LOOP ( 'NONE', ( #1483, #783, #977, #213 ) ) ;
#295 = AXIS2_PLACEMENT_3D ( 'NONE', #984, #367, #1685 ) ;
#296 = ORIENTED_EDGE ( 'NONE', *, *, #1327, .T. ) ;
#297 = VECTOR ( 'NONE', #906, 1000.000000000000000 ) ;
#298 = EDGE_CURVE ( 'NONE', #1317, #1372, #1378, .T. ) ;
#299 = DIRECTION ( 'NONE',  ( 0.0000000000000000000, 1.000000000000000000, 0.0000000000000000000 ) ) ;
#300 = DIRECTION ( 'NONE',  ( -1.000000000000000000, 0.0000000000000000000, 0.0000000000000000000 ) ) ;
#301 = AXIS2_PLACEMENT_3D ( 'NONE', #846, #1263, #1531 ) ;
#302 = EDGE_CURVE ( 'NONE', #96, #392, #1391, .T. ) ;
#303 = VECTOR ( 'NONE', #160, 1000.000000000000000 ) ;
#304 = PRESENTATION_STYLE_ASSIGNMENT (( #423 ) ) ;
#305 = SURFACE_SIDE_STYLE ('',( #717 ) ) ;
#306 = VECTOR ( 'NONE', #9, 1000.000000000000000 ) ;
#307 = PRESENTATION_STYLE_ASSIGNMENT (( #586 ) ) ;
#308 = CARTESIAN_POINT ( 'NONE',  ( 0.7000000000000000666, -0.01000000000000000194, -0.7000000000000000666 ) ) ;
#309 = EDGE_LOOP ( 'NONE', ( #511, #1234, #932, #987 ) ) ;
#310 = CARTESIAN_POINT ( 'NONE',  ( -0.7000000000000000666, -0.005000000000000000971, 0.6000000000000000888 ) ) ;
#311 = CARTESIAN_POINT ( 'NONE',  ( 0.3750000000000001665, 0.0000000000000000000, -1.490000000666666491 ) ) ;
#312 =( LENGTH_UNIT ( ) NAMED_UNIT ( * ) SI_UNIT ( .MILLI., .METRE. ) );
#313 = PLANE ( 'NONE',  #512 ) ;
#314 = EDGE_CURVE ( 'NONE', #121, #875, #1158, .T. ) ;
#315 = DIRECTION ( 'NONE',  ( 0.0000000000000000000, 1.000000000000000000, 0.0000000000000000000 ) ) ;
#316 = ORIENTED_EDGE ( 'NONE', *, *, #1715, .T. ) ;
#317 = SURFACE_SIDE_STYLE ('',( #710 ) ) ;
#318 = CARTESIAN_POINT ( 'NONE',  ( -0.8750000000000001110, -0.02500000000000000486, 1.489999999999999991 ) ) ;
#319 = SURFACE_STYLE_USAGE ( .BOTH. , #1648 ) ;
#320 = ORIENTED_EDGE ( 'NONE', *, *, #930, .T. ) ;
#321 = PRODUCT ( 'F85B63AA-285C-4839-AD42-7CBB6340DD53', 'F85B63AA-285C-4839-AD42-7CBB6340DD53', '', ( #493 ) ) ;
#322 = SURFACE_SIDE_STYLE ('',( #35 ) ) ;
#323 = DIRECTION ( 'NONE',  ( 0.0000000000000000000, 0.0000000000000000000, -1.000000000000000000 ) ) ;
#324 = DIRECTION ( 'NONE',  ( -1.000000000000000000, 0.0000000000000000000, 0.0000000000000000000 ) ) ;
#325 = DIRECTION ( 'NONE',  ( -0.0000000000000000000, -0.0000000000000000000, 1.000000000000000000 ) ) ;
#326 = EDGE_CURVE ( 'NONE', #96, #277, #1289, .T. ) ;
#327 = UNCERTAINTY_MEASURE_WITH_UNIT (LENGTH_MEASURE( 1.000000000000000082E-05 ), #1096, 'distance_accuracy_value', 'NONE');
#328 = FILL_AREA_STYLE_COLOUR ( '', #924 ) ;
#329 = ORIENTED_EDGE ( 'NONE', *, *, #653, .F. ) ;
#330 = ORIENTED_EDGE ( 'NONE', *, *, #695, .F. ) ;
#331 = VECTOR ( 'NONE', #492, 1000.000000000000000 ) ;
#332 = LINE ( 'NONE', #1675, #824 ) ;
#333 = AXIS2_PLACEMENT_3D ( 'NONE', #482, #880, #336 ) ;
#334 = CARTESIAN_POINT ( 'NONE',  ( -0.1250000000000000000, -0.05000000000000000971, 1.402500000000000080 ) ) ;
#335 = CIRCLE ( 'NONE', #301, 0.1249999999999998890 ) ;
#336 = DIRECTION ( 'NONE',  ( 0.0000000000000000000, 0.0000000000000000000, -1.000000000000000000 ) ) ;
#337 = MECHANICAL_DESIGN_GEOMETRIC_PRESENTATION_REPRESENTATION (  '', ( #1488 ), #675 ) ;
#338 = DIRECTION ( 'NONE',  ( 0.0000000000000000000, 1.000000000000000000, 0.0000000000000000000 ) ) ;
#339 = CIRCLE ( 'NONE', #1689, 0.1249999999999998890 ) ;
#340 = ADVANCED_FACE ( 'NONE', ( #612 ), #1030, .T. ) ;
#341 = VECTOR ( 'NONE', #1615, 1000.000000000000000 ) ;
#342 = ORIENTED_EDGE ( 'NONE', *, *, #1387, .T. ) ;
#343 = ORIENTED_EDGE ( 'NONE', *, *, #298, .F. ) ;
#344 = EDGE_CURVE ( 'NONE', #646, #1221, #231, .T. ) ;
#345 = LINE ( 'NONE', #489, #484 ) ;
#346 = DIRECTION ( 'NONE',  ( -0.0000000000000000000, -1.000000000000000000, -0.0000000000000000000 ) ) ;
#347 = DIRECTION ( 'NONE',  ( -1.000000000000000000, 0.0000000000000000000, 0.0000000000000000000 ) ) ;
#348 = ORIENTED_EDGE ( 'NONE', *, *, #326, .T. ) ;
#349 = LINE ( 'NONE', #774, #644 ) ;
#350 = DIRECTION ( 'NONE',  ( 0.0000000000000000000, 0.0000000000000000000, 1.000000000000000000 ) ) ;
#351 = FACE_OUTER_BOUND ( 'NONE', #823, .T. ) ;
#352 = ADVANCED_FACE ( 'NONE', ( #619 ), #89, .F. ) ;
#353 = DIRECTION ( 'NONE',  ( -1.000000000000000000, -2.710505431213763550E-17, 0.0000000000000000000 ) ) ;
#354 = DIRECTION ( 'NONE',  ( 0.0000000000000000000, 0.0000000000000000000, 1.000000000000000000 ) ) ;
#355 = EDGE_LOOP ( 'NONE', ( #1199, #871, #1374, #1674 ) ) ;
#356 = DIRECTION ( 'NONE',  ( 0.0000000000000000000, 0.0000000000000000000, 1.000000000000000000 ) ) ;
#357 = STYLED_ITEM ( 'NONE', ( #421 ), #573 ) ;
#358 = EDGE_CURVE ( 'NONE', #662, #1240, #472, .T. ) ;
#359 = CARTESIAN_POINT ( 'NONE',  ( -0.2500000000000000000, -0.05000000000000000971, -1.489999999999999991 ) ) ;
#360 = UNCERTAINTY_MEASURE_WITH_UNIT (LENGTH_MEASURE( 1.000000000000000082E-05 ), #1229, 'distance_accuracy_value', 'NONE');
#361 = DIRECTION ( 'NONE',  ( 0.0000000000000000000, 0.0000000000000000000, 1.000000000000000000 ) ) ;
#362 = PRESENTATION_LAYER_ASSIGNMENT (  '', '', ( #1124 ) ) ;
#363 = VECTOR ( 'NONE', #1672, 1000.000000000000000 ) ;
#364 = DIRECTION ( 'NONE',  ( -0.0000000000000000000, -0.0000000000000000000, 1.000000000000000000 ) ) ;
#365 = CARTESIAN_POINT ( 'NONE',  ( -0.8750000000000002220, -0.05000000000000000278, -1.489999999999999991 ) ) ;
#366 = LINE ( 'NONE', #919, #418 ) ;
#367 = DIRECTION ( 'NONE',  ( 0.0000000000000000000, 0.0000000000000000000, 1.000000000000000000 ) ) ;
#368 = ORIENTED_EDGE ( 'NONE', *, *, #1145, .T. ) ;
#369 = DIRECTION ( 'NONE',  ( -1.000000000000000000, 0.0000000000000000000, 0.0000000000000000000 ) ) ;
#370 = DIRECTION ( 'NONE',  ( -0.0000000000000000000, -0.0000000000000000000, 1.000000000000000000 ) ) ;
#371 = ORIENTED_EDGE ( 'NONE', *, *, #475, .T. ) ;
#372 = ADVANCED_FACE ( 'NONE', ( #1693 ), #490, .F. ) ;
#373 = EDGE_LOOP ( 'NONE', ( #1673, #263 ) ) ;
#374 = ADVANCED_FACE ( 'NONE', ( #1161 ), #1569, .T. ) ;
#375 = ORIENTED_EDGE ( 'NONE', *, *, #1508, .F. ) ;
#376 = DIRECTION ( 'NONE',  ( 0.0000000000000000000, 0.0000000000000000000, -1.000000000000000000 ) ) ;
#377 = PLANE ( 'NONE',  #602 ) ;
#378 = ORIENTED_EDGE ( 'NONE', *, *, #138, .T. ) ;
#379 = AXIS2_PLACEMENT_3D ( 'NONE', #555, #384, #822 ) ;
#380 =( NAMED_UNIT ( * ) SI_UNIT ( $, .STERADIAN. ) SOLID_ANGLE_UNIT ( ) );
#381 = ORIENTED_EDGE ( 'NONE', *, *, #1321, .F. ) ;
#382 = VECTOR ( 'NONE', #709, 1000.000000000000000 ) ;
#383 = EDGE_CURVE ( 'NONE', #674, #996, #505, .T. ) ;
#384 = DIRECTION ( 'NONE',  ( 2.710505431213763550E-17, -1.000000000000000000, -0.0000000000000000000 ) ) ;
#385 = CYLINDRICAL_SURFACE ( 'NONE', #738, 0.07499999999999998335 ) ;
#386 = AXIS2_PLACEMENT_3D ( 'NONE', #1245, #461, #876 ) ;
#387 = ORIENTED_EDGE ( 'NONE', *, *, #314, .T. ) ;
#388 = VECTOR ( 'NONE', #622, 1000.000000000000000 ) ;
#389 = EDGE_CURVE ( 'NONE', #181, #642, #1701, .T. ) ;
#390 = CARTESIAN_POINT ( 'NONE',  ( -0.7500000000000001110, 0.5000000000000000000, 1.175000000000000044 ) ) ;
#391 = VECTOR ( 'NONE', #34, 1000.000000000000000 ) ;
#392 = VERTEX_POINT ( 'NONE', #1707 ) ;
#393 = PLANE ( 'NONE',  #1070 ) ;
#394 = ORIENTED_EDGE ( 'NONE', *, *, #1400, .T. ) ;
#395 = VERTEX_POINT ( 'NONE', #752 ) ;
#396 = DIRECTION ( 'NONE',  ( -1.000000000000000000, 0.0000000000000000000, 0.0000000000000000000 ) ) ;
#397 = LINE ( 'NONE', #1724, #51 ) ;
#398 = ORIENTED_EDGE ( 'NONE', *, *, #1104, .T. ) ;
#399 = VERTEX_POINT ( 'NONE', #1026 ) ;
#400 = VERTEX_POINT ( 'NONE', #73 ) ;
#401 = DIRECTION ( 'NONE',  ( 1.000000000000000000, 0.0000000000000000000, 0.0000000000000000000 ) ) ;
#402 = EDGE_LOOP ( 'NONE', ( #161, #974, #517, #460 ) ) ;
#403 = CYLINDRICAL_SURFACE ( 'NONE', #1017, 0.1249999999999998890 ) ;
#404 = DIRECTION ( 'NONE',  ( 0.0000000000000000000, 1.000000000000000000, 0.0000000000000000000 ) ) ;
#405 = EDGE_CURVE ( 'NONE', #1267, #796, #758, .T. ) ;
#406 = VERTEX_POINT ( 'NONE', #1021 ) ;
#407 = CARTESIAN_POINT ( 'NONE',  ( 0.6250000000000001110, -0.05000000000000000971, -1.314999999999999947 ) ) ;
#408 = AXIS2_PLACEMENT_3D ( 'NONE', #75, #218, #1312 ) ;
#409 = ADVANCED_FACE ( 'NONE', ( #351 ), #893, .F. ) ;
#410 = ORIENTED_EDGE ( 'NONE', *, *, #649, .F. ) ;
#411 = FACE_OUTER_BOUND ( 'NONE', #763, .T. ) ;
#412 = LINE ( 'NONE', #916, #1549 ) ;
#413 = EDGE_LOOP ( 'NONE', ( #1211, #841, #251, #342 ) ) ;
#414 = VECTOR ( 'NONE', #659, 1000.000000000000000 ) ;
#415 = DIRECTION ( 'NONE',  ( -1.000000000000000000, 0.0000000000000000000, 0.0000000000000000000 ) ) ;
#416 = CARTESIAN_POINT ( 'NONE',  ( 0.8750000000000001110, -0.05000000000000000971, -1.402500000000000080 ) ) ;
#417 = STYLED_ITEM ( 'NONE', ( #731 ), #1692 ) ;
#418 = VECTOR ( 'NONE', #396, 1000.000000000000000 ) ;
#419 = ORIENTED_EDGE ( 'NONE', *, *, #175, .F. ) ;
#420 = CIRCLE ( 'NONE', #1420, 0.1249999999999998890 ) ;
#421 = PRESENTATION_STYLE_ASSIGNMENT (( #1660 ) ) ;
#422 = VECTOR ( 'NONE', #364, 1000.000000000000000 ) ;
#423 = SURFACE_STYLE_USAGE ( .BOTH. , #1360 ) ;
#424 = FILL_AREA_STYLE_COLOUR ( '', #1012 ) ;
#425 = EDGE_CURVE ( 'NONE', #67, #613, #397, .T. ) ;
#426 = ORIENTED_EDGE ( 'NONE', *, *, #344, .T. ) ;
#427 = CARTESIAN_POINT ( 'NONE',  ( -0.3749999999999998890, -1.694065894508600678E-18, 1.314999999975956957 ) ) ;
#428 = VERTEX_POINT ( 'NONE', #799 ) ;
#429 = CYLINDRICAL_SURFACE ( 'NONE', #877, 0.07499999999999998335 ) ;
#430 = EDGE_CURVE ( 'NONE', #168, #793, #525, .T. ) ;
#431 = LINE ( 'NONE', #945, #1633 ) ;
#432 = EDGE_LOOP ( 'NONE', ( #940, #884, #935, #1610 ) ) ;
#433 = DIRECTION ( 'NONE',  ( -1.000000000000000000, -0.0000000000000000000, -0.0000000000000000000 ) ) ;
#434 = DIRECTION ( 'NONE',  ( 0.0000000000000000000, 1.000000000000000000, 0.0000000000000000000 ) ) ;
#435 = DIRECTION ( 'NONE',  ( -0.7071067811865475727, 0.0000000000000000000, -0.7071067811865475727 ) ) ;
#436 = ORIENTED_EDGE ( 'NONE', *, *, #442, .F. ) ;
#437 = LINE ( 'NONE', #1105, #192 ) ;
#438 = EDGE_CURVE ( 'NONE', #1351, #996, #248, .T. ) ;
#439 = PLANE ( 'NONE',  #627 ) ;
#440 =( LENGTH_UNIT ( ) NAMED_UNIT ( * ) SI_UNIT ( .MILLI., .METRE. ) );
#441 = CARTESIAN_POINT ( 'NONE',  ( 0.2500000000000000000, 0.0000000000000000000, 1.314999999999999947 ) ) ;
#442 = EDGE_CURVE ( 'NONE', #100, #848, #113, .T. ) ;
#443 = CARTESIAN_POINT ( 'NONE',  ( 0.1250000000000001110, -0.02500000000000000486, -1.315000000048086370 ) ) ;
#444 = LINE ( 'NONE', #839, #772 ) ;
#445 = CARTESIAN_POINT ( 'NONE',  ( 1.000000000000000000, 0.0000000000000000000, 1.500000000000000000 ) ) ;
#446 = VECTOR ( 'NONE', #1502, 1000.000000000000000 ) ;
#447 = LINE ( 'NONE', #318, #275 ) ;
#448 = VECTOR ( 'NONE', #1449, 1000.000000000000000 ) ;
#449 = EDGE_LOOP ( 'NONE', ( #1247, #1215, #1503, #754 ) ) ;
#450 = DIRECTION ( 'NONE',  ( 0.0000000000000000000, 1.000000000000000000, 0.0000000000000000000 ) ) ;
#451 = CARTESIAN_POINT ( 'NONE',  ( 0.0000000000000000000, 0.0000000000000000000, 1.490000001000000074 ) ) ;
#452 = EDGE_CURVE ( 'NONE', #494, #674, #949, .T. ) ;
#453 = VECTOR ( 'NONE', #539, 1000.000000000000000 ) ;
#454 = AXIS2_PLACEMENT_3D ( 'NONE', #1345, #1060, #806 ) ;
#455 = FILL_AREA_STYLE ('',( #292 ) ) ;
#456 = FACE_OUTER_BOUND ( 'NONE', #202, .T. ) ;
#457 = VECTOR ( 'NONE', #1718, 1000.000000000000000 ) ;
#458 = CARTESIAN_POINT ( 'NONE',  ( 1.000000000000000000, 0.5000000000000000000, 0.0000000000000000000 ) ) ;
#459 =( LENGTH_UNIT ( ) NAMED_UNIT ( * ) SI_UNIT ( .MILLI., .METRE. ) );
#460 = ORIENTED_EDGE ( 'NONE', *, *, #452, .F. ) ;
#461 = DIRECTION ( 'NONE',  ( -1.000000000000000000, 0.0000000000000000000, 0.0000000000000000000 ) ) ;
#462 = DIRECTION ( 'NONE',  ( -0.0000000000000000000, 1.000000000000000000, 0.0000000000000000000 ) ) ;
#463 = EDGE_CURVE ( 'NONE', #400, #875, #938, .T. ) ;
#464 =( NAMED_UNIT ( * ) PLANE_ANGLE_UNIT ( ) SI_UNIT ( $, .RADIAN. ) );
#465 = DIRECTION ( 'NONE',  ( -1.000000000000000000, 0.0000000000000000000, 0.0000000000000000000 ) ) ;
#466 = DIRECTION ( 'NONE',  ( 0.0000000000000000000, 0.0000000000000000000, 1.000000000000000000 ) ) ;
#467 = ORIENTED_EDGE ( 'NONE', *, *, #1228, .T. ) ;
#468 = VERTEX_POINT ( 'NONE', #1733 ) ;
#469 = CARTESIAN_POINT ( 'NONE',  ( -0.7500000000000001110, 0.5000000000000000000, 1.250000000000000000 ) ) ;
#470 = DIRECTION ( 'NONE',  ( 2.710505431213763550E-17, -1.000000000000000000, -0.0000000000000000000 ) ) ;
#471 = EDGE_CURVE ( 'NONE', #487, #1584, #819, .T. ) ;
#472 = LINE ( 'NONE', #888, #1375 ) ;
#473 = UNCERTAINTY_MEASURE_WITH_UNIT (LENGTH_MEASURE( 1.000000000000000082E-05 ), #576, 'distance_accuracy_value', 'NONE');
#474 = DIRECTION ( 'NONE',  ( 0.0000000000000000000, 0.0000000000000000000, -1.000000000000000000 ) ) ;
#475 = EDGE_CURVE ( 'NONE', #178, #530, #1744, .T. ) ;
#476 = ORIENTED_EDGE ( 'NONE', *, *, #298, .T. ) ;
#477 = EDGE_LOOP ( 'NONE', ( #560, #903, #548, #851 ) ) ;
#478 = MECHANICAL_DESIGN_GEOMETRIC_PRESENTATION_REPRESENTATION (  '', ( #728 ), #762 ) ;
#479 = LINE ( 'NONE', #50, #1579 ) ;
#480 = VECTOR ( 'NONE', #688, 1000.000000000000000 ) ;
#481 = VECTOR ( 'NONE', #748, 1000.000000000000000 ) ;
#482 = CARTESIAN_POINT ( 'NONE',  ( -0.3750000000000000555, -0.05000000000000000971, 1.489999999999999991 ) ) ;
#483 = DIRECTION ( 'NONE',  ( -1.000000000000000000, -2.710505431213762318E-17, 0.0000000000000000000 ) ) ;
#484 = VECTOR ( 'NONE', #85, 1000.000000000000000 ) ;
#485 = VECTOR ( 'NONE', #1072, 1000.000000000000000 ) ;
#486 = EDGE_CURVE ( 'NONE', #106, #406, #1074, .T. ) ;
#487 = VERTEX_POINT ( 'NONE', #132 ) ;
#488 = DIRECTION ( 'NONE',  ( 0.0000000000000000000, -1.000000000000000000, 0.0000000000000000000 ) ) ;
#489 = CARTESIAN_POINT ( 'NONE',  ( 0.0000000000000000000, -0.01000000000000000194, -0.7000000000000000666 ) ) ;
#490 = PLANE ( 'NONE',  #896 ) ;
#491 = UNCERTAINTY_MEASURE_WITH_UNIT (LENGTH_MEASURE( 1.000000000000000082E-05 ), #516, 'distance_accuracy_value', 'NONE');
#492 = DIRECTION ( 'NONE',  ( 0.0000000000000000000, 0.0000000000000000000, -1.000000000000000000 ) ) ;
#493 = PRODUCT_CONTEXT ( 'NONE', #860, 'mechanical' ) ;
#494 = VERTEX_POINT ( 'NONE', #1218 ) ;
#495 = DIRECTION ( 'NONE',  ( 1.000000000000000000, 0.0000000000000000000, 0.0000000000000000000 ) ) ;
#496 = EDGE_CURVE ( 'NONE', #1068, #691, #680, .T. ) ;
#497 = CARTESIAN_POINT ( 'NONE',  ( 0.3750000000000000000, -0.05000000000000000971, 1.314999999987181090 ) ) ;
#498 = CARTESIAN_POINT ( 'NONE',  ( 1.000000000000000000, 0.5000000000000000000, 1.500000000000000000 ) ) ;
#499 = DIRECTION ( 'NONE',  ( 0.0000000000000000000, 0.0000000000000000000, -1.000000000000000000 ) ) ;
#500 = AXIS2_PLACEMENT_3D ( 'NONE', #1582, #1450, #232 ) ;
#501 = CARTESIAN_POINT ( 'NONE',  ( 0.1250000000000000833, -3.388131789017202127E-18, 1.314999999975956957 ) ) ;
#502 = DIRECTION ( 'NONE',  ( -1.000000000000000000, 0.0000000000000000000, 0.0000000000000000000 ) ) ;
#503 = VECTOR ( 'NONE', #661, 1000.000000000000000 ) ;
#504 = ADVANCED_FACE ( 'NONE', ( #1511 ), #1091, .F. ) ;
#505 = LINE ( 'NONE', #1168, #1659 ) ;
#506 = PLANE ( 'NONE',  #1265 ) ;
#507 = AXIS2_PLACEMENT_3D ( 'NONE', #109, #942, #268 ) ;
#508 = EDGE_CURVE ( 'NONE', #1224, #815, #838, .T. ) ;
#509 = EDGE_LOOP ( 'NONE', ( #83, #1510, #926, #1212 ) ) ;
#510 = VECTOR ( 'NONE', #88, 1000.000000000000000 ) ;
#511 = ORIENTED_EDGE ( 'NONE', *, *, #1519, .F. ) ;
#512 = AXIS2_PLACEMENT_3D ( 'NONE', #407, #1699, #775 ) ;
#513 = CARTESIAN_POINT ( 'NONE',  ( 0.1250000000000000000, -0.02500000000000000486, 1.489999999999999991 ) ) ;
#514 =( NAMED_UNIT ( * ) PLANE_ANGLE_UNIT ( ) SI_UNIT ( $, .RADIAN. ) );
#515 = EDGE_CURVE ( 'NONE', #694, #1413, #1388, .T. ) ;
#516 =( LENGTH_UNIT ( ) NAMED_UNIT ( * ) SI_UNIT ( .MILLI., .METRE. ) );
#517 = ORIENTED_EDGE ( 'NONE', *, *, #1034, .T. ) ;
#518 = DIRECTION ( 'NONE',  ( -1.000000000000000000, 0.0000000000000000000, 0.0000000000000000000 ) ) ;
#519 = DIRECTION ( 'NONE',  ( 0.0000000000000000000, 0.0000000000000000000, 1.000000000000000000 ) ) ;
#520 = EDGE_CURVE ( 'NONE', #727, #1068, #963, .T. ) ;
#521 = SURFACE_SIDE_STYLE ('',( #1069 ) ) ;
#522 = DIRECTION ( 'NONE',  ( 1.000000000000000000, -0.0000000000000000000, 0.0000000000000000000 ) ) ;
#523 = CARTESIAN_POINT ( 'NONE',  ( 0.1250000000000000000, -0.05000000000000000971, -1.489999999999999991 ) ) ;
#524 = EDGE_LOOP ( 'NONE', ( #683, #1588, #343, #1132 ) ) ;
#525 = LINE ( 'NONE', #1062, #1343 ) ;
#526 = ORIENTED_EDGE ( 'NONE', *, *, #463, .F. ) ;
#527 = EDGE_CURVE ( 'NONE', #392, #121, #24, .T. ) ;
#528 = ORIENTED_EDGE ( 'NONE', *, *, #389, .T. ) ;
#529 = DIRECTION ( 'NONE',  ( -1.000000000000000000, -2.710505431213763550E-17, 0.0000000000000000000 ) ) ;
#530 = VERTEX_POINT ( 'NONE', #561 ) ;
#531 = CARTESIAN_POINT ( 'NONE',  ( 0.8750000000000001110, -0.02500000000000000486, 1.489999999999999991 ) ) ;
#532 = DIRECTION ( 'NONE',  ( -0.0000000000000000000, -1.000000000000000000, -0.0000000000000000000 ) ) ;
#533 = CIRCLE ( 'NONE', #408, 0.1249999999999998890 ) ;
#534 = ORIENTED_EDGE ( 'NONE', *, *, #729, .F. ) ;
#535 = EDGE_LOOP ( 'NONE', ( #1619, #1445, #242, #614 ) ) ;
#536 = AXIS2_PLACEMENT_3D ( 'NONE', #441, #1516, #1271 ) ;
#537 = EDGE_LOOP ( 'NONE', ( #1607, #1622, #668, #143 ) ) ;
#538 = VECTOR ( 'NONE', #502, 1000.000000000000000 ) ;
#539 = DIRECTION ( 'NONE',  ( 0.0000000000000000000, 0.0000000000000000000, -1.000000000000000000 ) ) ;
#540 = PLANE ( 'NONE',  #1417 ) ;
#541 = AXIS2_PLACEMENT_3D ( 'NONE', #1639, #1231, #567 ) ;
#542 = DIRECTION ( 'NONE',  ( 0.0000000000000000000, 1.000000000000000000, 0.0000000000000000000 ) ) ;
#543 = ORIENTED_EDGE ( 'NONE', *, *, #1316, .F. ) ;
#544 = CARTESIAN_POINT ( 'NONE',  ( -0.3749999999999998890, 0.0000000000000000000, 0.0000000000000000000 ) ) ;
#545 = ORIENTED_EDGE ( 'NONE', *, *, #1649, .F. ) ;
#546 = DIRECTION ( 'NONE',  ( 0.0000000000000000000, 0.0000000000000000000, 1.000000000000000000 ) ) ;
#547 = ADVANCED_FACE ( 'NONE', ( #972 ), #38, .T. ) ;
#548 = ORIENTED_EDGE ( 'NONE', *, *, #527, .F. ) ;
#549 = CARTESIAN_POINT ( 'NONE',  ( 0.3750000000000000555, -0.05000000000000000971, -1.402500000000000080 ) ) ;
#550 = CARTESIAN_POINT ( 'NONE',  ( 0.3750000000000000555, -0.05000000000000000971, -1.489999999999999991 ) ) ;
#551 = ORIENTED_EDGE ( 'NONE', *, *, #858, .F. ) ;
#552 = EDGE_CURVE ( 'NONE', #283, #721, #1369, .T. ) ;
#553 = ORIENTED_EDGE ( 'NONE', *, *, #835, .T. ) ;
#554 = DIRECTION ( 'NONE',  ( 0.0000000000000000000, 0.0000000000000000000, -1.000000000000000000 ) ) ;
#555 = CARTESIAN_POINT ( 'NONE',  ( 0.2500000000000000000, -0.05000000000000000971, -1.314999999999999947 ) ) ;
#556 = FACE_OUTER_BOUND ( 'NONE', #837, .T. ) ;
#557 = EDGE_LOOP ( 'NONE', ( #348, #1071, #1335, #186 ) ) ;
#558 = LINE ( 'NONE', #1087, #414 ) ;
#559 = DIRECTION ( 'NONE',  ( 0.0000000000000000000, 0.0000000000000000000, -1.000000000000000000 ) ) ;
#560 = ORIENTED_EDGE ( 'NONE', *, *, #14, .F. ) ;
#561 = CARTESIAN_POINT ( 'NONE',  ( -0.6250000000000001110, -1.694065894508597597E-18, 1.314999999987181090 ) ) ;
#562 = VECTOR ( 'NONE', #474, 1000.000000000000000 ) ;
#563 = CARTESIAN_POINT ( 'NONE',  ( -0.5999999998749999675, 0.0000000000000000000, 0.6999999993749997929 ) ) ;
#564 = ORIENTED_EDGE ( 'NONE', *, *, #1014, .F. ) ;
#565 = COLOUR_RGB ( '',0.2509803921568627416, 0.2509803921568627416, 0.2509803921568627416 ) ;
#566 = EDGE_LOOP ( 'NONE', ( #234, #1188, #467, #1162 ) ) ;
#567 = DIRECTION ( 'NONE',  ( 0.0000000000000000000, 0.0000000000000000000, 1.000000000000000000 ) ) ;
#568 = SURFACE_STYLE_FILL_AREA ( #588 ) ;
#569 = ORIENTED_EDGE ( 'NONE', *, *, #1609, .T. ) ;
#570 = CARTESIAN_POINT ( 'NONE',  ( -0.6250000000000001110, -0.05000000000000000971, -1.315000000012819026 ) ) ;
#571 = DIRECTION ( 'NONE',  ( -0.0000000000000000000, -1.000000000000000000, -0.0000000000000000000 ) ) ;
#572 = ORIENTED_EDGE ( 'NONE', *, *, #692, .T. ) ;
#573 = ADVANCED_FACE ( 'NONE', ( #1108 ), #1257, .F. ) ;
#574 = FILL_AREA_STYLE ('',( #424 ) ) ;
#575 = ORIENTED_EDGE ( 'NONE', *, *, #358, .T. ) ;
#576 =( LENGTH_UNIT ( ) NAMED_UNIT ( * ) SI_UNIT ( .MILLI., .METRE. ) );
#577 = EDGE_CURVE ( 'NONE', #1489, #395, #152, .T. ) ;
#578 = CARTESIAN_POINT ( 'NONE',  ( -0.6000000000000000888, -0.01000000000000000194, 0.7000000000000000666 ) ) ;
#579 = EDGE_LOOP ( 'NONE', ( #1397, #1403, #910, #606 ) ) ;
#580 = CARTESIAN_POINT ( 'NONE',  ( -0.6250000000000001110, -0.05000000000000000971, 1.314999999999999947 ) ) ;
#581 = DIRECTION ( 'NONE',  ( 0.0000000000000000000, 1.000000000000000000, 0.0000000000000000000 ) ) ;
#582 = ORIENTED_EDGE ( 'NONE', *, *, #835, .F. ) ;
#583 = DIRECTION ( 'NONE',  ( 1.000000000000000000, 0.0000000000000000000, 0.0000000000000000000 ) ) ;
#584 = CARTESIAN_POINT ( 'NONE',  ( -0.3750000000000000555, -0.02500000000000000486, -1.489999999999999991 ) ) ;
#585 = FACE_OUTER_BOUND ( 'NONE', #557, .T. ) ;
#586 = SURFACE_STYLE_USAGE ( .BOTH. , #317 ) ;
#587 = DIRECTION ( 'NONE',  ( 0.0000000000000000000, 0.0000000000000000000, -1.000000000000000000 ) ) ;
#588 = FILL_AREA_STYLE ('',( #328 ) ) ;
#589 = ADVANCED_FACE ( 'NONE', ( #764 ), #617, .F. ) ;
#590 = ORIENTED_EDGE ( 'NONE', *, *, #1349, .T. ) ;
#591 = FILL_AREA_STYLE_COLOUR ( '', #1602 ) ;
#592 = DIRECTION ( 'NONE',  ( 0.7071067847220809943, 0.0000000000000000000, 0.7071067776510139291 ) ) ;
#593 = DIRECTION ( 'NONE',  ( -1.000000000000000000, -2.710505431213763550E-17, 0.0000000000000000000 ) ) ;
#594 =( NAMED_UNIT ( * ) PLANE_ANGLE_UNIT ( ) SI_UNIT ( $, .RADIAN. ) );
#595 = EDGE_LOOP ( 'NONE', ( #1721, #1260, #394, #1284 ) ) ;
#596 = CARTESIAN_POINT ( 'NONE',  ( -0.3750000000000000000, -0.05000000000000000971, 1.314999999975956957 ) ) ;
#597 = VECTOR ( 'NONE', #1346, 1000.000000000000000 ) ;
#598 = ORIENTED_EDGE ( 'NONE', *, *, #508, .T. ) ;
#599 = CARTESIAN_POINT ( 'NONE',  ( 1.000000000000000000, 0.2500000000000000000, 1.500000000000000000 ) ) ;
#600 = STYLED_ITEM ( 'NONE', ( #1404 ), #1555 ) ;
#601 = DIRECTION ( 'NONE',  ( 0.0000000000000000000, 0.0000000000000000000, -1.000000000000000000 ) ) ;
#602 = AXIS2_PLACEMENT_3D ( 'NONE', #1329, #112, #1036 ) ;
#603 = DIRECTION ( 'NONE',  ( 0.0000000000000000000, 0.0000000000000000000, -1.000000000000000000 ) ) ;
#604 =( NAMED_UNIT ( * ) SI_UNIT ( $, .STERADIAN. ) SOLID_ANGLE_UNIT ( ) );
#605 = DIRECTION ( 'NONE',  ( 0.7071067811865474617, -0.0000000000000000000, 0.7071067811865474617 ) ) ;
#606 = ORIENTED_EDGE ( 'NONE', *, *, #886, .F. ) ;
#607 =( NAMED_UNIT ( * ) SI_UNIT ( $, .STERADIAN. ) SOLID_ANGLE_UNIT ( ) );
#608 = CARTESIAN_POINT ( 'NONE',  ( -0.1250000000000000000, 1.694065894508602219E-18, -1.314999999999999947 ) ) ;
#609 = CARTESIAN_POINT ( 'NONE',  ( -0.8750000000000001110, -0.05000000000000000971, -1.339100000000000179 ) ) ;
#610 = EDGE_CURVE ( 'NONE', #1028, #1243, #1705, .T. ) ;
#611 = LINE ( 'NONE', #1447, #246 ) ;
#612 = FACE_OUTER_BOUND ( 'NONE', #477, .T. ) ;
#613 = VERTEX_POINT ( 'NONE', #887 ) ;
#614 = ORIENTED_EDGE ( 'NONE', *, *, #1461, .F. ) ;
#615 = LINE ( 'NONE', #1385, #1175 ) ;
#616 = LINE ( 'NONE', #1143, #958 ) ;
#617 = PLANE ( 'NONE',  #991 ) ;
#618 = EDGE_CURVE ( 'NONE', #1351, #74, #1144, .T. ) ;
#619 = FACE_OUTER_BOUND ( 'NONE', #509, .T. ) ;
#620 = CARTESIAN_POINT ( 'NONE',  ( 0.3750000000000001665, 3.388131789017206749E-18, -1.314999999999999947 ) ) ;
#621 = AXIS2_PLACEMENT_3D ( 'NONE', #1683, #62, #624 ) ;
#622 = DIRECTION ( 'NONE',  ( -1.000000000000000000, 0.0000000000000000000, 0.0000000000000000000 ) ) ;
#623 = VECTOR ( 'NONE', #13, 1000.000000000000000 ) ;
#624 = DIRECTION ( 'NONE',  ( -1.000000000000000000, 0.0000000000000000000, 0.0000000000000000000 ) ) ;
#625 = EDGE_CURVE ( 'NONE', #1730, #662, #339, .T. ) ;
#626 = CARTESIAN_POINT ( 'NONE',  ( -0.8750000000000002220, -0.05000000000000000278, 1.489999999999999991 ) ) ;
#627 = AXIS2_PLACEMENT_3D ( 'NONE', #1558, #1292, #1300 ) ;
#628 = ORIENTED_EDGE ( 'NONE', *, *, #964, .T. ) ;
#629 = LINE ( 'NONE', #1029, #510 ) ;
#630 = DIRECTION ( 'NONE',  ( -1.000000000000000000, 0.0000000000000000000, 0.0000000000000000000 ) ) ;
#631 = CARTESIAN_POINT ( 'NONE',  ( -0.3750000000000000000, -0.05000000000000000971, -1.315000000024042937 ) ) ;
#632 = EDGE_CURVE ( 'NONE', #656, #1224, #1441, .T. ) ;
#633 = DIRECTION ( 'NONE',  ( 0.0000000000000000000, 1.000000000000000000, 0.0000000000000000000 ) ) ;
#634 = CARTESIAN_POINT ( 'NONE',  ( -0.7500000000000001110, -0.05000000000000000971, -1.314999999999999947 ) ) ;
#635 = DIRECTION ( 'NONE',  ( 0.0000000000000000000, 0.0000000000000000000, -1.000000000000000000 ) ) ;
#636 = CARTESIAN_POINT ( 'NONE',  ( 0.7500000000000001110, 0.0000000000000000000, -1.314999999999999947 ) ) ;
#637 = ADVANCED_FACE ( 'NONE', ( #1700 ), #1433, .F. ) ;
#638 = AXIS2_PLACEMENT_3D ( 'NONE', #753, #1031, #347 ) ;
#639 = FACE_OUTER_BOUND ( 'NONE', #1332, .T. ) ;
#640 = CARTESIAN_POINT ( 'NONE',  ( 0.1250000000000000555, -0.05000000000000000971, -1.315000000024042937 ) ) ;
#641 = DIRECTION ( 'NONE',  ( -0.0000000000000000000, 1.000000000000000000, 0.0000000000000000000 ) ) ;
#642 = VERTEX_POINT ( 'NONE', #223 ) ;
#643 = DIRECTION ( 'NONE',  ( 0.0000000000000000000, 0.0000000000000000000, 1.000000000000000000 ) ) ;
#644 = VECTOR ( 'NONE', #495, 1000.000000000000000 ) ;
#645 = VECTOR ( 'NONE', #1652, 1000.000000000000000 ) ;
#646 = VERTEX_POINT ( 'NONE', #497 ) ;
#647 = PLANE ( 'NONE',  #1439 ) ;
#648 = VECTOR ( 'NONE', #155, 1000.000000000000000 ) ;
#649 = EDGE_CURVE ( 'NONE', #1584, #727, #345, .T. ) ;
#650 = DIRECTION ( 'NONE',  ( -1.000000000000000000, -0.0000000000000000000, -0.0000000000000000000 ) ) ;
#651 = FACE_BOUND ( 'NONE', #133, .T. ) ;
#652 = VERTEX_POINT ( 'NONE', #1136 ) ;
#653 = EDGE_CURVE ( 'NONE', #114, #106, #776, .T. ) ;
#654 = VERTEX_POINT ( 'NONE', #1533 ) ;
#655 = FACE_OUTER_BOUND ( 'NONE', #1333, .T. ) ;
#656 = VERTEX_POINT ( 'NONE', #1406 ) ;
#657 = CARTESIAN_POINT ( 'NONE',  ( -0.7500000000000001110, -6.776263578034402713E-18, 1.314999999999999947 ) ) ;
#658 = VERTEX_POINT ( 'NONE', #1422 ) ;
#659 = DIRECTION ( 'NONE',  ( -0.0000000000000000000, -0.0000000000000000000, 1.000000000000000000 ) ) ;
#660 = FACE_BOUND ( 'NONE', #1140, .T. ) ;
#661 = DIRECTION ( 'NONE',  ( 0.0000000000000000000, 0.0000000000000000000, -1.000000000000000000 ) ) ;
#662 = VERTEX_POINT ( 'NONE', #195 ) ;
#663 = EDGE_LOOP ( 'NONE', ( #1664, #1732, #700, #1719 ) ) ;
#664 = ORIENTED_EDGE ( 'NONE', *, *, #1492, .F. ) ;
#665 = LINE ( 'NONE', #1740, #453 ) ;
#666 = VECTOR ( 'NONE', #542, 1000.000000000000000 ) ;
#667 = DIRECTION ( 'NONE',  ( 0.0000000000000000000, 1.000000000000000000, 0.0000000000000000000 ) ) ;
#668 = ORIENTED_EDGE ( 'NONE', *, *, #765, .T. ) ;
#669 = EDGE_CURVE ( 'NONE', #67, #704, #737, .T. ) ;
#670 = ORIENTED_EDGE ( 'NONE', *, *, #765, .F. ) ;
#671 = ORIENTED_EDGE ( 'NONE', *, *, #1432, .T. ) ;
#672 = FILL_AREA_STYLE_COLOUR ( '', #81 ) ;
#673 = EDGE_CURVE ( 'NONE', #1468, #273, #1155, .T. ) ;
#674 = VERTEX_POINT ( 'NONE', #1275 ) ;
#675 =( GEOMETRIC_REPRESENTATION_CONTEXT ( 3 ) GLOBAL_UNCERTAINTY_ASSIGNED_CONTEXT ( ( #327 ) ) GLOBAL_UNIT_ASSIGNED_CONTEXT ( ( #1096, #1371, #843 ) ) REPRESENTATION_CONTEXT ( 'NONE', 'WORKASPACE' ) );
#676 = VECTOR ( 'NONE', #1741, 1000.000000000000000 ) ;
#677 = DIRECTION ( 'NONE',  ( 0.0000000000000000000, 0.0000000000000000000, 1.000000000000000000 ) ) ;
#678 = PLANE ( 'NONE',  #1663 ) ;
#679 =( GEOMETRIC_REPRESENTATION_CONTEXT ( 3 ) GLOBAL_UNCERTAINTY_ASSIGNED_CONTEXT ( ( #360 ) ) GLOBAL_UNIT_ASSIGNED_CONTEXT ( ( #1229, #1250, #1501 ) ) REPRESENTATION_CONTEXT ( 'NONE', 'WORKASPACE' ) );
#680 = LINE ( 'NONE', #7, #266 ) ;
#681 = EDGE_LOOP ( 'NONE', ( #387, #553, #1055, #136 ) ) ;
#682 = PRESENTATION_STYLE_ASSIGNMENT (( #139 ) ) ;
#683 = ORIENTED_EDGE ( 'NONE', *, *, #344, .F. ) ;
#684 = EDGE_CURVE ( 'NONE', #1101, #66, #629, .T. ) ;
#685 = CARTESIAN_POINT ( 'NONE',  ( 0.7500000000000001110, -0.05000000000000000971, 1.314999999999999947 ) ) ;
#686 = LINE ( 'NONE', #1226, #101 ) ;
#687 = ORIENTED_EDGE ( 'NONE', *, *, #750, .T. ) ;
#688 = DIRECTION ( 'NONE',  ( -0.0000000000000000000, -1.000000000000000000, -0.0000000000000000000 ) ) ;
#689 = SURFACE_STYLE_FILL_AREA ( #47 ) ;
#690 =( NAMED_UNIT ( * ) SI_UNIT ( $, .STERADIAN. ) SOLID_ANGLE_UNIT ( ) );
#691 = VERTEX_POINT ( 'NONE', #1676 ) ;
#692 = EDGE_CURVE ( 'NONE', #1489, #74, #739, .T. ) ;
#693 = LINE ( 'NONE', #1233, #1522 ) ;
#694 = VERTEX_POINT ( 'NONE', #878 ) ;
#695 = EDGE_CURVE ( 'NONE', #399, #656, #751, .T. ) ;
#696 = AXIS2_PLACEMENT_3D ( 'NONE', #953, #1493, #278 ) ;
#697 = ORIENTED_EDGE ( 'NONE', *, *, #1057, .T. ) ;
#698 = PRESENTATION_STYLE_ASSIGNMENT (( #975 ) ) ;
#699 = CARTESIAN_POINT ( 'NONE',  ( 0.8750000000000001110, -0.05000000000000000971, -1.314999999999999947 ) ) ;
#700 = ORIENTED_EDGE ( 'NONE', *, *, #1054, .T. ) ;
#701 = AXIS2_PLACEMENT_3D ( 'NONE', #1618, #546, #401 ) ;
#702 = DIRECTION ( 'NONE',  ( -1.000000000000000000, 0.0000000000000000000, 0.0000000000000000000 ) ) ;
#703 = AXIS2_PLACEMENT_3D ( 'NONE', #1532, #735, #323 ) ;
#704 = VERTEX_POINT ( 'NONE', #1207 ) ;
#705 = MECHANICAL_DESIGN_GEOMETRIC_PRESENTATION_REPRESENTATION (  '', ( #961 ), #826 ) ;
#706 = FILL_AREA_STYLE ('',( #163 ) ) ;
#707 = VERTEX_POINT ( 'NONE', #6 ) ;
#708 = EDGE_CURVE ( 'NONE', #494, #1489, #245, .T. ) ;
#709 = DIRECTION ( 'NONE',  ( -0.0000000000000000000, -1.000000000000000000, -0.0000000000000000000 ) ) ;
#710 = SURFACE_STYLE_FILL_AREA ( #169 ) ;
#711 = CARTESIAN_POINT ( 'NONE',  ( 0.8750000000000001110, -0.05000000000000000971, 1.314999999987181090 ) ) ;
#712 = ORIENTED_EDGE ( 'NONE', *, *, #552, .F. ) ;
#713 = FACE_OUTER_BOUND ( 'NONE', #125, .T. ) ;
#714 = CARTESIAN_POINT ( 'NONE',  ( -0.6999999999999998446, 0.0000000000000000000, 0.5999999999999998668 ) ) ;
#715 = CARTESIAN_POINT ( 'NONE',  ( -0.6000000000000000888, -0.005000000000000000971, 0.7000000000000000666 ) ) ;
#716 = FACE_OUTER_BOUND ( 'NONE', #1716, .T. ) ;
#717 = SURFACE_STYLE_FILL_AREA ( #574 ) ;
#718 = VERTEX_POINT ( 'NONE', #640 ) ;
#719 = FACE_BOUND ( 'NONE', #833, .T. ) ;
#720 = CARTESIAN_POINT ( 'NONE',  ( 0.6250000000000001110, -0.05000000000000000971, -1.402500000000000080 ) ) ;
#721 = VERTEX_POINT ( 'NONE', #261 ) ;
#722 = PLANE ( 'NONE',  #1640 ) ;
#723 = FACE_OUTER_BOUND ( 'NONE', #432, .T. ) ;
#724 = DIRECTION ( 'NONE',  ( -1.000000000000000000, 0.0000000000000000000, 0.0000000000000000000 ) ) ;
#725 = CARTESIAN_POINT ( 'NONE',  ( 0.8750000000000001110, -0.02500000000000000486, -1.489999999999999991 ) ) ;
#726 = CARTESIAN_POINT ( 'NONE',  ( -0.7500000000000001110, -0.05000000000000000971, 1.314999999999999947 ) ) ;
#727 = VERTEX_POINT ( 'NONE', #1073 ) ;
#728 = STYLED_ITEM ( 'NONE', ( #46 ), #226 ) ;
#729 = EDGE_CURVE ( 'NONE', #1361, #721, #366, .T. ) ;
#730 = FACE_OUTER_BOUND ( 'NONE', #1515, .T. ) ;
#731 = PRESENTATION_STYLE_ASSIGNMENT (( #319 ) ) ;
#732 = APPLICATION_CONTEXT ( 'automotive_design' ) ;
#733 = VERTEX_POINT ( 'NONE', #798 ) ;
#734 = EDGE_CURVE ( 'NONE', #733, #1431, #937, .T. ) ;
#735 = DIRECTION ( 'NONE',  ( 1.000000000000000000, -0.0000000000000000000, 0.0000000000000000000 ) ) ;
#736 = AXIS2_PLACEMENT_3D ( 'NONE', #25, #129, #1216 ) ;
#737 = LINE ( 'NONE', #756, #388 ) ;
#738 = AXIS2_PLACEMENT_3D ( 'NONE', #986, #170, #1393 ) ;
#739 = CIRCLE ( 'NONE', #1553, 0.1249999999999998890 ) ;
#740 = CARTESIAN_POINT ( 'NONE',  ( -0.2500000000000000000, -0.05000000000000000971, 1.314999999999999947 ) ) ;
#741 = DIRECTION ( 'NONE',  ( 0.0000000000000000000, 1.000000000000000000, 0.0000000000000000000 ) ) ;
#742 = VECTOR ( 'NONE', #188, 1000.000000000000000 ) ;
#743 = ORIENTED_EDGE ( 'NONE', *, *, #729, .T. ) ;
#744 = DIRECTION ( 'NONE',  ( 1.000000000000000000, 0.0000000000000000000, 0.0000000000000000000 ) ) ;
#745 = APPLICATION_PROTOCOL_DEFINITION ( 'draft international standard', 'automotive_design', 1998, #732 ) ;
#746 = EDGE_LOOP ( 'NONE', ( #1356, #1141, #1467, #1425 ) ) ;
#747 = ORIENTED_EDGE ( 'NONE', *, *, #625, .T. ) ;
#748 = DIRECTION ( 'NONE',  ( -0.0000000000000000000, -1.000000000000000000, -0.0000000000000000000 ) ) ;
#749 = LINE ( 'NONE', #1280, #55 ) ;
#750 = EDGE_CURVE ( 'NONE', #233, #1068, #1463, .T. ) ;
#751 = LINE ( 'NONE', #1281, #1177 ) ;
#752 = CARTESIAN_POINT ( 'NONE',  ( -0.6250000000000001110, -0.05000000000000000278, -1.489999999999999991 ) ) ;
#753 = CARTESIAN_POINT ( 'NONE',  ( -0.1250000000000000000, -0.05000000000000000971, 1.489999999999999991 ) ) ;
#754 = ORIENTED_EDGE ( 'NONE', *, *, #151, .T. ) ;
#755 = CARTESIAN_POINT ( 'NONE',  ( 0.6250000000000001110, 0.0000000000000000000, 0.0000000000000000000 ) ) ;
#756 = CARTESIAN_POINT ( 'NONE',  ( 0.2500000000000000000, -0.05000000000000000971, 1.489999999999999991 ) ) ;
#757 = ADVANCED_FACE ( 'NONE', ( #1173 ), #377, .F. ) ;
#758 = LINE ( 'NONE', #1562, #297 ) ;
#759 = EDGE_LOOP ( 'NONE', ( #1306, #534, #118, #108 ) ) ;
#760 = CARTESIAN_POINT ( 'NONE',  ( 0.0000000000000000000, 0.0000000000000000000, 1.490000001000000074 ) ) ;
#761 = DIRECTION ( 'NONE',  ( 0.0000000000000000000, 1.000000000000000000, 0.0000000000000000000 ) ) ;
#762 =( GEOMETRIC_REPRESENTATION_CONTEXT ( 3 ) GLOBAL_UNCERTAINTY_ASSIGNED_CONTEXT ( ( #810 ) ) GLOBAL_UNIT_ASSIGNED_CONTEXT ( ( #1259, #594, #604 ) ) REPRESENTATION_CONTEXT ( 'NONE', 'WORKASPACE' ) );
#763 = EDGE_LOOP ( 'NONE', ( #911, #1114, #1252, #171 ) ) ;
#764 = FACE_OUTER_BOUND ( 'NONE', #1122, .T. ) ;
#765 = EDGE_CURVE ( 'NONE', #796, #428, #103, .T. ) ;
#766 = FILL_AREA_STYLE ('',( #1436 ) ) ;
#767 = MECHANICAL_DESIGN_GEOMETRIC_PRESENTATION_REPRESENTATION (  '', ( #417 ), #1415 ) ;
#768 = CARTESIAN_POINT ( 'NONE',  ( -0.3750000000000000555, -0.05000000000000000278, -1.489999999999999991 ) ) ;
#769 = VECTOR ( 'NONE', #702, 1000.000000000000000 ) ;
#770 = ADVANCED_FACE ( 'NONE', ( #1319 ), #540, .F. ) ;
#771 = DIRECTION ( 'NONE',  ( 0.0000000000000000000, 0.0000000000000000000, 1.000000000000000000 ) ) ;
#772 = VECTOR ( 'NONE', #1239, 1000.000000000000000 ) ;
#773 = ORIENTED_EDGE ( 'NONE', *, *, #1623, .T. ) ;
#774 = CARTESIAN_POINT ( 'NONE',  ( 0.0000000000000000000, 0.0000000000000000000, 0.6999999989999996508 ) ) ;
#775 = DIRECTION ( 'NONE',  ( 0.0000000000000000000, 0.0000000000000000000, -1.000000000000000000 ) ) ;
#776 = LINE ( 'NONE', #1303, #538 ) ;
#777 = CARTESIAN_POINT ( 'NONE',  ( 0.3750000000000000555, -0.05000000000000000971, 1.489999999999999991 ) ) ;
#778 = CARTESIAN_POINT ( 'NONE',  ( -0.6250000000000001110, -0.05000000000000000278, 1.489999999999999991 ) ) ;
#779 = EDGE_CURVE ( 'NONE', #1368, #168, #855, .T. ) ;
#780 = EDGE_CURVE ( 'NONE', #656, #1240, #1456, .T. ) ;
#781 = CARTESIAN_POINT ( 'NONE',  ( -0.1250000000000000000, -0.05000000000000000971, -1.314999999999999947 ) ) ;
#782 = SURFACE_SIDE_STYLE ('',( #1195 ) ) ;
#783 = ORIENTED_EDGE ( 'NONE', *, *, #1355, .T. ) ;
#784 = CARTESIAN_POINT ( 'NONE',  ( -0.7500000000000001110, 0.4500000000000000666, 1.250000000000000000 ) ) ;
#785 = CYLINDRICAL_SURFACE ( 'NONE', #1320, 0.1249999999999998890 ) ;
#786 = CIRCLE ( 'NONE', #1203, 0.07499999999999998335 ) ;
#787 = ADVANCED_FACE ( 'NONE', ( #237, #1448, #660, #1612, #1337, #651, #1477, #1586, #1723, #817 ), #678, .T. ) ;
#788 = CARTESIAN_POINT ( 'NONE',  ( 0.1250000000000000555, -0.05000000000000000971, 1.314999999975956957 ) ) ;
#789 = AXIS2_PLACEMENT_3D ( 'NONE', #979, #291, #724 ) ;
#790 = CARTESIAN_POINT ( 'NONE',  ( 1.000000000000000000, 0.0000000000000000000, -1.500000000000000000 ) ) ;
#791 = ORIENTED_EDGE ( 'NONE', *, *, #577, .F. ) ;
#792 = AXIS2_PLACEMENT_3D ( 'NONE', #1552, #1287, #1565 ) ;
#793 = VERTEX_POINT ( 'NONE', #862 ) ;
#794 = CYLINDRICAL_SURFACE ( 'NONE', #507, 0.1249999999999998890 ) ;
#795 = CIRCLE ( 'NONE', #1020, 0.1249999999999998890 ) ;
#796 = VERTEX_POINT ( 'NONE', #26 ) ;
#797 = FACE_OUTER_BOUND ( 'NONE', #891, .T. ) ;
#798 = CARTESIAN_POINT ( 'NONE',  ( -0.1250000000000000000, 0.0000000000000000000, 1.490000000666666491 ) ) ;
#799 = CARTESIAN_POINT ( 'NONE',  ( -1.000000000000000000, 0.0000000000000000000, 1.500000000000000000 ) ) ;
#800 = ORIENTED_EDGE ( 'NONE', *, *, #162, .T. ) ;
#801 = DIRECTION ( 'NONE',  ( 0.0000000000000000000, 0.0000000000000000000, -1.000000000000000000 ) ) ;
#802 = CARTESIAN_POINT ( 'NONE',  ( -1.000000000000000000, 0.0000000000000000000, 0.0000000000000000000 ) ) ;
#803 = FILL_AREA_STYLE ('',( #672 ) ) ;
#804 = ORIENTED_EDGE ( 'NONE', *, *, #405, .T. ) ;
#805 = DIRECTION ( 'NONE',  ( 0.0000000000000000000, 0.0000000000000000000, -1.000000000000000000 ) ) ;
#806 = DIRECTION ( 'NONE',  ( 0.0000000000000000000, 0.0000000000000000000, 1.000000000000000000 ) ) ;
#807 = EDGE_CURVE ( 'NONE', #652, #733, #1498, .T. ) ;
#808 = CARTESIAN_POINT ( 'NONE',  ( -0.3749999999999998890, -0.02500000000000000486, -1.315000000048086370 ) ) ;
#809 = ORIENTED_EDGE ( 'NONE', *, *, #968, .T. ) ;
#810 = UNCERTAINTY_MEASURE_WITH_UNIT (LENGTH_MEASURE( 1.000000000000000082E-05 ), #1259, 'distance_accuracy_value', 'NONE');
#811 = DIRECTION ( 'NONE',  ( 1.000000000000000000, -0.0000000000000000000, 0.0000000000000000000 ) ) ;
#812 = EDGE_CURVE ( 'NONE', #1294, #121, #1621, .T. ) ;
#813 = VERTEX_POINT ( 'NONE', #960 ) ;
#814 = DIRECTION ( 'NONE',  ( -2.710505431213763550E-17, 1.000000000000000000, 0.0000000000000000000 ) ) ;
#815 = VERTEX_POINT ( 'NONE', #1643 ) ;
#816 = PLANE ( 'NONE',  #1466 ) ;
#817 = FACE_OUTER_BOUND ( 'NONE', #413, .T. ) ;
#818 = VECTOR ( 'NONE', #667, 1000.000000000000000 ) ;
#819 = LINE ( 'NONE', #1604, #217 ) ;
#820 = PLANE ( 'NONE',  #1274 ) ;
#821 = VECTOR ( 'NONE', #354, 1000.000000000000000 ) ;
#822 = DIRECTION ( 'NONE',  ( -1.000000000000000000, 0.0000000000000000000, 0.0000000000000000000 ) ) ;
#823 = EDGE_LOOP ( 'NONE', ( #1496, #951, #1696, #1058 ) ) ;
#824 = VECTOR ( 'NONE', #1680, 1000.000000000000000 ) ;
#825 = DIRECTION ( 'NONE',  ( 0.0000000000000000000, 0.0000000000000000000, -1.000000000000000000 ) ) ;
#826 =( GEOMETRIC_REPRESENTATION_CONTEXT ( 3 ) GLOBAL_UNCERTAINTY_ASSIGNED_CONTEXT ( ( #1411 ) ) GLOBAL_UNIT_ASSIGNED_CONTEXT ( ( #1241, #1139, #895 ) ) REPRESENTATION_CONTEXT ( 'NONE', 'WORKASPACE' ) );
#827 = ORIENTED_EDGE ( 'NONE', *, *, #1080, .F. ) ;
#828 = CARTESIAN_POINT ( 'NONE',  ( 0.1250000000000000000, -0.05000000000000000971, 1.489999999999999991 ) ) ;
#829 = ORIENTED_EDGE ( 'NONE', *, *, #49, .F. ) ;
#830 = EDGE_LOOP ( 'NONE', ( #115, #809, #419, #921 ) ) ;
#831 = EDGE_CURVE ( 'NONE', #1243, #1325, #978, .T. ) ;
#832 = CARTESIAN_POINT ( 'NONE',  ( 0.6250000000000001110, -0.02500000000000000486, 1.489999999999999991 ) ) ;
#833 = EDGE_LOOP ( 'NONE', ( #1323, #827 ) ) ;
#834 = CARTESIAN_POINT ( 'NONE',  ( 0.3750000000000000555, -0.05000000000000000971, 1.314999999999999947 ) ) ;
#835 = EDGE_CURVE ( 'NONE', #875, #96, #1485, .T. ) ;
#836 = DIRECTION ( 'NONE',  ( -2.710505431213762318E-17, 1.000000000000000000, 0.0000000000000000000 ) ) ;
#837 = EDGE_LOOP ( 'NONE', ( #280, #1193, #1220, #1650 ) ) ;
#838 = LINE ( 'NONE', #17, #124 ) ;
#839 = CARTESIAN_POINT ( 'NONE',  ( -0.8750000000000001110, -0.02500000000000000486, -1.315000000048086370 ) ) ;
#840 = DIRECTION ( 'NONE',  ( 2.710505431213763550E-17, -1.000000000000000000, -0.0000000000000000000 ) ) ;
#841 = ORIENTED_EDGE ( 'NONE', *, *, #59, .T. ) ;
#842 = FILL_AREA_STYLE_COLOUR ( '', #856 ) ;
#843 =( NAMED_UNIT ( * ) SI_UNIT ( $, .STERADIAN. ) SOLID_ANGLE_UNIT ( ) );
#844 = EDGE_CURVE ( 'NONE', #718, #277, #1256, .T. ) ;
#845 = EDGE_LOOP ( 'NONE', ( #147, #41, #543, #116 ) ) ;
#846 = CARTESIAN_POINT ( 'NONE',  ( 0.2500000000000000000, -0.05000000000000000971, 1.314999999999999947 ) ) ;
#847 = DIRECTION ( 'NONE',  ( 0.0000000000000000000, 0.0000000000000000000, 1.000000000000000000 ) ) ;
#848 = VERTEX_POINT ( 'NONE', #1525 ) ;
#849 = AXIS2_PLACEMENT_3D ( 'NONE', #1513, #850, #864 ) ;
#850 = DIRECTION ( 'NONE',  ( 1.000000000000000000, -0.0000000000000000000, 0.0000000000000000000 ) ) ;
#851 = ORIENTED_EDGE ( 'NONE', *, *, #917, .F. ) ;
#852 = CARTESIAN_POINT ( 'NONE',  ( -0.6250000000000001110, -0.02500000000000000486, -1.489999999999999991 ) ) ;
#853 = AXIS2_PLACEMENT_3D ( 'NONE', #657, #814, #529 ) ;
#854 = DIRECTION ( 'NONE',  ( 0.0000000000000000000, 0.0000000000000000000, -1.000000000000000000 ) ) ;
#855 = CIRCLE ( 'NONE', #454, 0.07499999999999998335 ) ;
#856 = COLOUR_RGB ( '',0.2509803921568627416, 0.2509803921568627416, 0.2509803921568627416 ) ;
#857 = PLANE ( 'NONE',  #981 ) ;
#858 = EDGE_CURVE ( 'NONE', #1359, #1472, #431, .T. ) ;
#859 = APPLICATION_PROTOCOL_DEFINITION ( 'draft international standard', 'automotive_design', 1998, #860 ) ;
#860 = APPLICATION_CONTEXT ( 'automotive_design' ) ;
#861 = ORIENTED_EDGE ( 'NONE', *, *, #252, .T. ) ;
#862 = CARTESIAN_POINT ( 'NONE',  ( -0.7500000000000001110, 0.5000000000000000000, 1.324999999999999956 ) ) ;
#863 = LINE ( 'NONE', #584, #306 ) ;
#864 = DIRECTION ( 'NONE',  ( 0.0000000000000000000, 0.0000000000000000000, -1.000000000000000000 ) ) ;
#865 = ORIENTED_EDGE ( 'NONE', *, *, #255, .F. ) ;
#866 = ADVANCED_FACE ( 'NONE', ( #1509 ), #1358, .F. ) ;
#867 = ORIENTED_EDGE ( 'NONE', *, *, #1270, .T. ) ;
#868 = SURFACE_STYLE_USAGE ( .BOTH. , #322 ) ;
#869 = CARTESIAN_POINT ( 'NONE',  ( -0.8750000000000001110, -0.05000000000000000971, -1.489999999999999991 ) ) ;
#870 = DIRECTION ( 'NONE',  ( -1.000000000000000000, 0.0000000000000000000, 0.0000000000000000000 ) ) ;
#871 = ORIENTED_EDGE ( 'NONE', *, *, #1480, .T. ) ;
#872 =( NAMED_UNIT ( * ) PLANE_ANGLE_UNIT ( ) SI_UNIT ( $, .RADIAN. ) );
#873 = EDGE_CURVE ( 'NONE', #1523, #406, #272, .T. ) ;
#874 = ORIENTED_EDGE ( 'NONE', *, *, #1609, .F. ) ;
#875 = VERTEX_POINT ( 'NONE', #311 ) ;
#876 = DIRECTION ( 'NONE',  ( 0.0000000000000000000, 0.0000000000000000000, 1.000000000000000000 ) ) ;
#877 = AXIS2_PLACEMENT_3D ( 'NONE', #68, #1651, #1657 ) ;
#878 = CARTESIAN_POINT ( 'NONE',  ( -0.1250000000000000000, 0.0000000000000000000, -1.490000000666666491 ) ) ;
#879 = AXIS2_PLACEMENT_3D ( 'NONE', #1100, #970, #847 ) ;
#880 = DIRECTION ( 'NONE',  ( 0.0000000000000000000, -1.000000000000000000, 0.0000000000000000000 ) ) ;
#881 = AXIS2_PLACEMENT_3D ( 'NONE', #1085, #955, #1184 ) ;
#882 = DIRECTION ( 'NONE',  ( 0.0000000000000000000, 0.0000000000000000000, 1.000000000000000000 ) ) ;
#883 = ADVANCED_FACE ( 'NONE', ( #723 ), #1264, .F. ) ;
#884 = ORIENTED_EDGE ( 'NONE', *, *, #1418, .F. ) ;
#885 = FACE_OUTER_BOUND ( 'NONE', #971, .T. ) ;
#886 = EDGE_CURVE ( 'NONE', #1656, #1208, #686, .T. ) ;
#887 = CARTESIAN_POINT ( 'NONE',  ( 0.3750000000000001665, 0.0000000000000000000, 1.490000000666666491 ) ) ;
#888 = CARTESIAN_POINT ( 'NONE',  ( 0.6250000000000003331, -0.02500000000000000486, -1.315000000048086148 ) ) ;
#889 = CARTESIAN_POINT ( 'NONE',  ( -0.6250000000000001110, -0.05000000000000000971, 1.314999999987181090 ) ) ;
#890 = CARTESIAN_POINT ( 'NONE',  ( -0.2500000000000000000, -0.05000000000000000971, -1.314999999999999947 ) ) ;
#891 = EDGE_LOOP ( 'NONE', ( #32, #381, #551, #16 ) ) ;
#892 = ADVANCED_FACE ( 'NONE', ( #15 ), #1386, .T. ) ;
#893 = PLANE ( 'NONE',  #1545 ) ;
#894 = DIRECTION ( 'NONE',  ( 1.000000000000000000, 0.0000000000000000000, 0.0000000000000000000 ) ) ;
#895 =( NAMED_UNIT ( * ) SI_UNIT ( $, .STERADIAN. ) SOLID_ANGLE_UNIT ( ) );
#896 = AXIS2_PLACEMENT_3D ( 'NONE', #1423, #635, #630 ) ;
#897 = LINE ( 'NONE', #725, #1665 ) ;
#898 = CARTESIAN_POINT ( 'NONE',  ( 0.7500000000000001110, -0.05000000000000000971, -1.314999999999999947 ) ) ;
#899 = SURFACE_SIDE_STYLE ('',( #1039 ) ) ;
#900 = LINE ( 'NONE', #1437, #331 ) ;
#901 = VECTOR ( 'NONE', #404, 1000.000000000000000 ) ;
#902 = CIRCLE ( 'NONE', #1495, 0.1249999999999998890 ) ;
#903 = ORIENTED_EDGE ( 'NONE', *, *, #812, .T. ) ;
#904 = CARTESIAN_POINT ( 'NONE',  ( 0.7500000000000001110, -0.05000000000000000971, 1.314999999999999947 ) ) ;
#905 = DIRECTION ( 'NONE',  ( 0.0000000000000000000, 0.0000000000000000000, 1.000000000000000000 ) ) ;
#906 = DIRECTION ( 'NONE',  ( -0.0000000000000000000, -0.0000000000000000000, 1.000000000000000000 ) ) ;
#907 = EDGE_CURVE ( 'NONE', #815, #1730, #1246, .T. ) ;
#908 = CARTESIAN_POINT ( 'NONE',  ( -0.2500000000000000000, 0.0000000000000000000, 1.314999999999999947 ) ) ;
#909 = EDGE_CURVE ( 'NONE', #1468, #1192, #693, .T. ) ;
#910 = ORIENTED_EDGE ( 'NONE', *, *, #1560, .T. ) ;
#911 = ORIENTED_EDGE ( 'NONE', *, *, #1186, .F. ) ;
#912 = CARTESIAN_POINT ( 'NONE',  ( -0.7500000000000001110, 0.4500000000000000666, 1.175000000000000044 ) ) ;
#913 = DIRECTION ( 'NONE',  ( -1.000000000000000000, 0.0000000000000000000, 0.0000000000000000000 ) ) ;
#914 = ORIENTED_EDGE ( 'NONE', *, *, #1505, .T. ) ;
#915 = EDGE_LOOP ( 'NONE', ( #1452, #1474, #398, #545 ) ) ;
#916 = CARTESIAN_POINT ( 'NONE',  ( -0.8749999999999998890, 0.0000000000000000000, 0.0000000000000000000 ) ) ;
#917 = EDGE_CURVE ( 'NONE', #718, #392, #1107, .T. ) ;
#918 = LINE ( 'NONE', #1497, #1094 ) ;
#919 = CARTESIAN_POINT ( 'NONE',  ( 0.05000000000000002359, -0.01000000000000000194, 0.7000000000000000666 ) ) ;
#920 =( GEOMETRIC_REPRESENTATION_CONTEXT ( 3 ) GLOBAL_UNCERTAINTY_ASSIGNED_CONTEXT ( ( #491 ) ) GLOBAL_UNIT_ASSIGNED_CONTEXT ( ( #516, #95, #380 ) ) REPRESENTATION_CONTEXT ( 'NONE', 'WORKASPACE' ) );
#921 = ORIENTED_EDGE ( 'NONE', *, *, #358, .F. ) ;
#922 = CARTESIAN_POINT ( 'NONE',  ( -0.8750000000000001110, -0.02500000000000000486, -1.489999999999999991 ) ) ;
#923 = ORIENTED_EDGE ( 'NONE', *, *, #1049, .F. ) ;
#924 = COLOUR_RGB ( '',0.7529411764705882248, 0.7529411764705882248, 0.7529411764705882248 ) ;
#925 = MECHANICAL_DESIGN_GEOMETRIC_PRESENTATION_REPRESENTATION (  '', ( #165 ), #1603 ) ;
#926 = ORIENTED_EDGE ( 'NONE', *, *, #425, .T. ) ;
#927 = VECTOR ( 'NONE', #1328, 1000.000000000000000 ) ;
#928 = ORIENTED_EDGE ( 'NONE', *, *, #496, .F. ) ;
#929 = DIRECTION ( 'NONE',  ( 0.0000000000000000000, 0.0000000000000000000, -1.000000000000000000 ) ) ;
#930 = EDGE_CURVE ( 'NONE', #1479, #283, #1658, .T. ) ;
#931 = DIRECTION ( 'NONE',  ( 0.0000000000000000000, 0.0000000000000000000, -1.000000000000000000 ) ) ;
#932 = ORIENTED_EDGE ( 'NONE', *, *, #909, .F. ) ;
#933 = CARTESIAN_POINT ( 'NONE',  ( -0.8750000000000001110, -0.05000000000000000971, 1.489999999999999991 ) ) ;
#934 = ORIENTED_EDGE ( 'NONE', *, *, #1011, .T. ) ;
#935 = ORIENTED_EDGE ( 'NONE', *, *, #463, .T. ) ;
#936 = DIRECTION ( 'NONE',  ( -1.000000000000000000, 0.0000000000000000000, 0.0000000000000000000 ) ) ;
#937 = LINE ( 'NONE', #230, #1066 ) ;
#938 = LINE ( 'NONE', #1178, #1484 ) ;
#939 = ORIENTED_EDGE ( 'NONE', *, *, #1104, .F. ) ;
#940 = ORIENTED_EDGE ( 'NONE', *, *, #812, .F. ) ;
#941 = ORIENTED_EDGE ( 'NONE', *, *, #1038, .T. ) ;
#942 = DIRECTION ( 'NONE',  ( -2.710505431213763550E-17, 1.000000000000000000, 0.0000000000000000000 ) ) ;
#943 = ORIENTED_EDGE ( 'NONE', *, *, #807, .F. ) ;
#944 = LINE ( 'NONE', #531, #485 ) ;
#945 = CARTESIAN_POINT ( 'NONE',  ( 0.6250000000000003331, -0.02500000000000000486, 1.314999999951913745 ) ) ;
#946 = ORIENTED_EDGE ( 'NONE', *, *, #1174, .T. ) ;
#947 = PRESENTATION_LAYER_ASSIGNMENT (  '', '', ( #728 ) ) ;
#948 = AXIS2_PLACEMENT_3D ( 'NONE', #1500, #1002, #284 ) ;
#949 = LINE ( 'NONE', #1309, #503 ) ;
#950 = EDGE_CURVE ( 'NONE', #1208, #1359, #1242, .T. ) ;
#951 = ORIENTED_EDGE ( 'NONE', *, *, #1038, .F. ) ;
#952 = VECTOR ( 'NONE', #805, 1000.000000000000000 ) ;
#953 = CARTESIAN_POINT ( 'NONE',  ( 0.1250000000000000000, -0.05000000000000000971, 1.489999999999999991 ) ) ;
#954 = DIRECTION ( 'NONE',  ( 1.000000000000000000, 0.0000000000000000000, 0.0000000000000000000 ) ) ;
#955 = DIRECTION ( 'NONE',  ( 1.000000000000000000, -0.0000000000000000000, 0.0000000000000000000 ) ) ;
#956 = AXIS2_PLACEMENT_3D ( 'NONE', #869, #1561, #1556 ) ;
#957 = ORIENTED_EDGE ( 'NONE', *, *, #1492, .T. ) ;
#958 = VECTOR ( 'NONE', #1016, 1000.000000000000000 ) ;
#959 = CARTESIAN_POINT ( 'NONE',  ( -0.6999999999999998446, 0.0000000000000000000, 0.5999999999999999778 ) ) ;
#960 = CARTESIAN_POINT ( 'NONE',  ( -1.000000000000000000, 0.0000000000000000000, -1.500000000000000000 ) ) ;
#961 = STYLED_ITEM ( 'NONE', ( #698 ), #1135 ) ;
#962 = ORIENTED_EDGE ( 'NONE', *, *, #255, .T. ) ;
#963 = LINE ( 'NONE', #1102, #1236 ) ;
#964 = EDGE_CURVE ( 'NONE', #1368, #1460, #479, .T. ) ;
#965 = CARTESIAN_POINT ( 'NONE',  ( -0.8259000000000000785, 0.4500000000000000666, 1.174100000000000144 ) ) ;
#966 = ORIENTED_EDGE ( 'NONE', *, *, #993, .F. ) ;
#967 = PLANE ( 'NONE',  #1636 ) ;
#968 = EDGE_CURVE ( 'NONE', #1730, #707, #332, .T. ) ;
#969 = VERTEX_POINT ( 'NONE', #608 ) ;
#970 = DIRECTION ( 'NONE',  ( -1.000000000000000000, 0.0000000000000000000, 0.0000000000000000000 ) ) ;
#971 = EDGE_LOOP ( 'NONE', ( #1227, #1269, #12, #436 ) ) ;
#972 = FACE_OUTER_BOUND ( 'NONE', #1015, .T. ) ;
#973 = CARTESIAN_POINT ( 'NONE',  ( 0.0000000000000000000, 0.5000000000000000000, -1.500000000000000000 ) ) ;
#974 = ORIENTED_EDGE ( 'NONE', *, *, #577, .T. ) ;
#975 = SURFACE_STYLE_USAGE ( .BOTH. , #21 ) ;
#976 = LINE ( 'NONE', #720, #363 ) ;
#977 = ORIENTED_EDGE ( 'NONE', *, *, #438, .T. ) ;
#978 = LINE ( 'NONE', #1396, #769 ) ;
#979 = CARTESIAN_POINT ( 'NONE',  ( -0.7500000000000001110, -0.05000000000000000971, 1.314999999999999947 ) ) ;
#980 = DIRECTION ( 'NONE',  ( 0.0000000000000000000, 0.0000000000000000000, -1.000000000000000000 ) ) ;
#981 = AXIS2_PLACEMENT_3D ( 'NONE', #1251, #1409, #435 ) ;
#982 = CARTESIAN_POINT ( 'NONE',  ( -0.8749999999999998890, 0.0000000000000000000, 0.0000000000000000000 ) ) ;
#983 = VECTOR ( 'NONE', #1464, 1000.000000000000000 ) ;
#984 = CARTESIAN_POINT ( 'NONE',  ( -1.000000000000000000, 0.0000000000000000000, -1.500000000000000000 ) ) ;
#985 = LINE ( 'NONE', #1381, #742 ) ;
#986 = CARTESIAN_POINT ( 'NONE',  ( -0.7500000000000001110, 0.4500000000000000666, 1.250000000000000000 ) ) ;
#987 = ORIENTED_EDGE ( 'NONE', *, *, #59, .F. ) ;
#988 =( GEOMETRIC_REPRESENTATION_CONTEXT ( 3 ) GLOBAL_UNCERTAINTY_ASSIGNED_CONTEXT ( ( #64 ) ) GLOBAL_UNIT_ASSIGNED_CONTEXT ( ( #1142, #1115, #607 ) ) REPRESENTATION_CONTEXT ( 'NONE', 'WORKASPACE' ) );
#989 = EDGE_CURVE ( 'NONE', #796, #140, #749, .T. ) ;
#990 = DIRECTION ( 'NONE',  ( -2.710505431213762318E-17, 1.000000000000000000, 0.0000000000000000000 ) ) ;
#991 = AXIS2_PLACEMENT_3D ( 'NONE', #1167, #1025, #60 ) ;
#992 = VECTOR ( 'NONE', #554, 1000.000000000000000 ) ;
#993 = EDGE_CURVE ( 'NONE', #178, #114, #1272, .T. ) ;
#994 = CARTESIAN_POINT ( 'NONE',  ( 0.6250000000000001110, -0.05000000000000000278, -1.489999999999999991 ) ) ;
#995 = PLANE ( 'NONE',  #1595 ) ;
#996 = VERTEX_POINT ( 'NONE', #1134 ) ;
#997 = LINE ( 'NONE', #1268, #648 ) ;
#998 =( NAMED_UNIT ( * ) SI_UNIT ( $, .STERADIAN. ) SOLID_ANGLE_UNIT ( ) );
#999 = EDGE_LOOP ( 'NONE', ( #1486, #150, #10, #1507 ) ) ;
#1000 = DIRECTION ( 'NONE',  ( 0.0000000000000000000, 0.0000000000000000000, 1.000000000000000000 ) ) ;
#1001 = DIRECTION ( 'NONE',  ( 0.0000000000000000000, 0.0000000000000000000, 1.000000000000000000 ) ) ;
#1002 = DIRECTION ( 'NONE',  ( 0.0000000000000000000, 0.0000000000000000000, -1.000000000000000000 ) ) ;
#1003 = PLANE ( 'NONE',  #1691 ) ;
#1004 = PLANE ( 'NONE',  #849 ) ;
#1005 = ORIENTED_EDGE ( 'NONE', *, *, #1538, .T. ) ;
#1006 = ORIENTED_EDGE ( 'NONE', *, *, #1327, .F. ) ;
#1007 = FACE_OUTER_BOUND ( 'NONE', #746, .T. ) ;
#1008 = DIRECTION ( 'NONE',  ( -0.0000000000000000000, 1.000000000000000000, 0.0000000000000000000 ) ) ;
#1009 = DIRECTION ( 'NONE',  ( -0.0000000000000000000, -0.0000000000000000000, 1.000000000000000000 ) ) ;
#1010 = DIRECTION ( 'NONE',  ( 0.0000000000000000000, 1.000000000000000000, 0.0000000000000000000 ) ) ;
#1011 = EDGE_CURVE ( 'NONE', #793, #1460, #274, .T. ) ;
#1012 = COLOUR_RGB ( '',0.2509803921568627416, 0.2509803921568627416, 0.2509803921568627416 ) ;
#1013 = ORIENTED_EDGE ( 'NONE', *, *, #430, .F. ) ;
#1014 = EDGE_CURVE ( 'NONE', #704, #1372, #616, .T. ) ;
#1015 = EDGE_LOOP ( 'NONE', ( #1401, #191, #1053, #1614 ) ) ;
#1016 = DIRECTION ( 'NONE',  ( 0.0000000000000000000, 0.0000000000000000000, -1.000000000000000000 ) ) ;
#1017 = AXIS2_PLACEMENT_3D ( 'NONE', #685, #1620, #1366 ) ;
#1018 = DIRECTION ( 'NONE',  ( -0.0000000000000000000, -0.0000000000000000000, -1.000000000000000000 ) ) ;
#1019 = AXIS2_PLACEMENT_3D ( 'NONE', #173, #836, #1629 ) ;
#1020 = AXIS2_PLACEMENT_3D ( 'NONE', #1407, #1276, #61 ) ;
#1021 = CARTESIAN_POINT ( 'NONE',  ( -0.8750000000000001110, -0.05000000000000000971, 1.314999999975956957 ) ) ;
#1022 = FACE_OUTER_BOUND ( 'NONE', #1379, .T. ) ;
#1023 = ADVANCED_FACE ( 'NONE', ( #1126 ), #1667, .F. ) ;
#1024 = EDGE_LOOP ( 'NONE', ( #137, #1734, #44, #671 ) ) ;
#1025 = DIRECTION ( 'NONE',  ( 0.0000000000000000000, 1.000000000000000000, 0.0000000000000000000 ) ) ;
#1026 = CARTESIAN_POINT ( 'NONE',  ( 0.8749999999999998890, 0.0000000000000000000, -1.490000000666666491 ) ) ;
#1027 = FACE_OUTER_BOUND ( 'NONE', #579, .T. ) ;
#1028 = VERTEX_POINT ( 'NONE', #1405 ) ;
#1029 = CARTESIAN_POINT ( 'NONE',  ( -0.3749999999999998890, -0.02500000000000000486, 1.314999999951913745 ) ) ;
#1030 = CYLINDRICAL_SURFACE ( 'NONE', #621, 0.1249999999999998890 ) ;
#1031 = DIRECTION ( 'NONE',  ( 0.0000000000000000000, 0.0000000000000000000, -1.000000000000000000 ) ) ;
#1032 =( GEOMETRIC_REPRESENTATION_CONTEXT ( 3 ) GLOBAL_UNCERTAINTY_ASSIGNED_CONTEXT ( ( #473 ) ) GLOBAL_UNIT_ASSIGNED_CONTEXT ( ( #576, #872, #1646 ) ) REPRESENTATION_CONTEXT ( 'NONE', 'WORKASPACE' ) );
#1033 = CARTESIAN_POINT ( 'NONE',  ( 0.6250000000000001110, -0.05000000000000000971, 1.489999999999999991 ) ) ;
#1034 = EDGE_CURVE ( 'NONE', #395, #674, #193, .T. ) ;
#1035 = DIRECTION ( 'NONE',  ( 2.710505431213763550E-17, -1.000000000000000000, -0.0000000000000000000 ) ) ;
#1036 = DIRECTION ( 'NONE',  ( 0.0000000000000000000, 0.0000000000000000000, 1.000000000000000000 ) ) ;
#1037 = VECTOR ( 'NONE', #677, 1000.000000000000000 ) ;
#1038 = EDGE_CURVE ( 'NONE', #140, #1192, #1123, .T. ) ;
#1039 = SURFACE_STYLE_FILL_AREA ( #766 ) ;
#1040 = CARTESIAN_POINT ( 'NONE',  ( 0.8750000000000001110, -0.05000000000000000971, 1.314999999999999947 ) ) ;
#1041 = VECTOR ( 'NONE', #69, 1000.000000000000000 ) ;
#1042 = AXIS2_PLACEMENT_3D ( 'NONE', #144, #1113, #954 ) ;
#1043 = EDGE_LOOP ( 'NONE', ( #259, #209, #198, #330 ) ) ;
#1044 = CYLINDRICAL_SURFACE ( 'NONE', #792, 0.1249999999999998890 ) ;
#1045 = CYLINDRICAL_SURFACE ( 'NONE', #1581, 0.1249999999999998890 ) ;
#1046 = CARTESIAN_POINT ( 'NONE',  ( -1.000000000000000000, 0.2500000000000000000, 1.500000000000000000 ) ) ;
#1047 = ORIENTED_EDGE ( 'NONE', *, *, #146, .T. ) ;
#1048 = CARTESIAN_POINT ( 'NONE',  ( -0.3750000000000000555, -0.05000000000000000971, -1.489999999999999991 ) ) ;
#1049 = EDGE_CURVE ( 'NONE', #1317, #658, #1106, .T. ) ;
#1050 = CARTESIAN_POINT ( 'NONE',  ( -0.7500000000000001110, 0.0000000000000000000, -1.314999999999999947 ) ) ;
#1051 = FILL_AREA_STYLE ('',( #1470 ) ) ;
#1052 = ORIENTED_EDGE ( 'NONE', *, *, #858, .T. ) ;
#1053 = ORIENTED_EDGE ( 'NONE', *, *, #873, .F. ) ;
#1054 = EDGE_CURVE ( 'NONE', #1028, #1431, #985, .T. ) ;
#1055 = ORIENTED_EDGE ( 'NONE', *, *, #302, .T. ) ;
#1056 = DIRECTION ( 'NONE',  ( 0.0000000000000000000, 1.000000000000000000, 0.0000000000000000000 ) ) ;
#1057 = EDGE_CURVE ( 'NONE', #969, #694, #997, .T. ) ;
#1058 = ORIENTED_EDGE ( 'NONE', *, *, #673, .F. ) ;
#1059 = PLANE ( 'NONE',  #270 ) ;
#1060 = DIRECTION ( 'NONE',  ( 0.0000000000000000000, -1.000000000000000000, -0.0000000000000000000 ) ) ;
#1061 = AXIS2_PLACEMENT_3D ( 'NONE', #777, #1678, #1147 ) ;
#1062 = CARTESIAN_POINT ( 'NONE',  ( -0.7500000000000001110, 0.4500000000000000666, 1.324999999999999956 ) ) ;
#1063 = VERTEX_POINT ( 'NONE', #711 ) ;
#1064 = CIRCLE ( 'NONE', #853, 0.1249999999999998890 ) ;
#1065 = FACE_OUTER_BOUND ( 'NONE', #1204, .T. ) ;
#1066 = VECTOR ( 'NONE', #929, 1000.000000000000000 ) ;
#1067 = EDGE_CURVE ( 'NONE', #468, #1504, #1530, .T. ) ;
#1068 = VERTEX_POINT ( 'NONE', #54 ) ;
#1069 = SURFACE_STYLE_FILL_AREA ( #1222 ) ;
#1070 = AXIS2_PLACEMENT_3D ( 'NONE', #933, #264, #801 ) ;
#1071 = ORIENTED_EDGE ( 'NONE', *, *, #844, .F. ) ;
#1072 = DIRECTION ( 'NONE',  ( 0.0000000000000000000, 1.000000000000000000, 0.0000000000000000000 ) ) ;
#1073 = CARTESIAN_POINT ( 'NONE',  ( 0.7000000000000000666, -0.01000000000000000194, -0.7000000000000000666 ) ) ;
#1074 = LINE ( 'NONE', #1587, #597 ) ;
#1075 = ORIENTED_EDGE ( 'NONE', *, *, #105, .T. ) ;
#1076 = ORIENTED_EDGE ( 'NONE', *, *, #515, .T. ) ;
#1077 = DIRECTION ( 'NONE',  ( -0.0000000000000000000, -0.0000000000000000000, 1.000000000000000000 ) ) ;
#1078 = ORIENTED_EDGE ( 'NONE', *, *, #1738, .F. ) ;
#1079 = LINE ( 'NONE', #1600, #623 ) ;
#1080 = EDGE_CURVE ( 'NONE', #1460, #793, #2, .T. ) ;
#1081 = DIRECTION ( 'NONE',  ( 1.000000000000000000, 0.0000000000000000000, 0.0000000000000000000 ) ) ;
#1082 = VERTEX_POINT ( 'NONE', #1494 ) ;
#1083 = ORIENTED_EDGE ( 'NONE', *, *, #950, .T. ) ;
#1084 = FACE_OUTER_BOUND ( 'NONE', #1541, .T. ) ;
#1085 = CARTESIAN_POINT ( 'NONE',  ( -0.3750000000000000555, -0.05000000000000000971, -1.314999999999999947 ) ) ;
#1086 = ORIENTED_EDGE ( 'NONE', *, *, #1461, .T. ) ;
#1087 = CARTESIAN_POINT ( 'NONE',  ( -0.6999999999999998446, 0.0000000000000000000, 0.0000000000000000000 ) ) ;
#1088 = ORIENTED_EDGE ( 'NONE', *, *, #1223, .F. ) ;
#1089 = VECTOR ( 'NONE', #78, 1000.000000000000000 ) ;
#1090 = VECTOR ( 'NONE', #212, 1000.000000000000000 ) ;
#1091 = PLANE ( 'NONE',  #158 ) ;
#1092 = EDGE_CURVE ( 'NONE', #487, #721, #1647, .T. ) ;
#1093 = LINE ( 'NONE', #1110, #446 ) ;
#1094 = VECTOR ( 'NONE', #244, 1000.000000000000000 ) ;
#1095 = DIRECTION ( 'NONE',  ( -0.0000000000000000000, -0.0000000000000000000, 1.000000000000000000 ) ) ;
#1096 =( LENGTH_UNIT ( ) NAMED_UNIT ( * ) SI_UNIT ( .MILLI., .METRE. ) );
#1097 = VECTOR ( 'NONE', #532, 1000.000000000000000 ) ;
#1098 = VECTOR ( 'NONE', #1120, 1000.000000000000000 ) ;
#1099 = LINE ( 'NONE', #253, #952 ) ;
#1100 = CARTESIAN_POINT ( 'NONE',  ( -0.1250000000000000000, -0.05000000000000000971, -1.489999999999999991 ) ) ;
#1101 = VERTEX_POINT ( 'NONE', #427 ) ;
#1102 = CARTESIAN_POINT ( 'NONE',  ( 0.7000000000000000666, -0.005000000000000000971, -0.7000000000000000666 ) ) ;
#1103 = CARTESIAN_POINT ( 'NONE',  ( 0.7000000000000000666, 0.0000000000000000000, 0.6999999997500000459 ) ) ;
#1104 = EDGE_CURVE ( 'NONE', #106, #1279, #447, .T. ) ;
#1105 = CARTESIAN_POINT ( 'NONE',  ( 0.0000000000000000000, 0.0000000000000000000, -1.500000000000000000 ) ) ;
#1106 = LINE ( 'NONE', #288, #1714 ) ;
#1107 = LINE ( 'NONE', #443, #131 ) ;
#1108 = FACE_OUTER_BOUND ( 'NONE', #537, .T. ) ;
#1109 = CARTESIAN_POINT ( 'NONE',  ( 0.8749999999999998890, 3.388131789017199045E-18, 1.314999999987181090 ) ) ;
#1110 = CARTESIAN_POINT ( 'NONE',  ( -0.7000000000000000666, -0.005000000000000000971, -0.7000000000000000666 ) ) ;
#1111 = EDGE_LOOP ( 'NONE', ( #240, #410, #861, #928 ) ) ;
#1112 = ADVANCED_FACE ( 'NONE', ( #1402 ), #967, .F. ) ;
#1113 = DIRECTION ( 'NONE',  ( 0.0000000000000000000, 0.0000000000000000000, 1.000000000000000000 ) ) ;
#1114 = ORIENTED_EDGE ( 'NONE', *, *, #389, .F. ) ;
#1115 =( NAMED_UNIT ( * ) PLANE_ANGLE_UNIT ( ) SI_UNIT ( $, .RADIAN. ) );
#1116 = ADVANCED_FACE ( 'NONE', ( #730 ), #1626, .F. ) ;
#1117 = CARTESIAN_POINT ( 'NONE',  ( 0.7500000000000001110, 0.0000000000000000000, 1.314999999999999947 ) ) ;
#1118 = SURFACE_STYLE_FILL_AREA ( #706 ) ;
#1119 = EDGE_LOOP ( 'NONE', ( #697, #1076, #1278, #800 ) ) ;
#1120 = DIRECTION ( 'NONE',  ( 0.0000000000000000000, 1.000000000000000000, 0.0000000000000000000 ) ) ;
#1121 = AXIS2_PLACEMENT_3D ( 'NONE', #1129, #174, #593 ) ;
#1122 = EDGE_LOOP ( 'NONE', ( #1499, #1342, #378, #1671 ) ) ;
#1123 = LINE ( 'NONE', #458, #200 ) ;
#1124 = STYLED_ITEM ( 'NONE', ( #1334 ), #1669 ) ;
#1125 = LINE ( 'NONE', #599, #481 ) ;
#1126 = FACE_OUTER_BOUND ( 'NONE', #915, .T. ) ;
#1127 = ADVANCED_FACE ( 'NONE', ( #411 ), #1392, .F. ) ;
#1128 = CIRCLE ( 'NONE', #1157, 0.1249999999999998890 ) ;
#1129 = CARTESIAN_POINT ( 'NONE',  ( 0.2500000000000000000, 0.0000000000000000000, -1.314999999999999947 ) ) ;
#1130 = DIRECTION ( 'NONE',  ( -2.710505431213763550E-17, 1.000000000000000000, 0.0000000000000000000 ) ) ;
#1131 = ORIENTED_EDGE ( 'NONE', *, *, #993, .T. ) ;
#1132 = ORIENTED_EDGE ( 'NONE', *, *, #1559, .F. ) ;
#1133 = ORIENTED_EDGE ( 'NONE', *, *, #886, .T. ) ;
#1134 = CARTESIAN_POINT ( 'NONE',  ( -0.8750000000000000000, 0.0000000000000000000, -1.490000000666666491 ) ) ;
#1135 = ADVANCED_FACE ( 'NONE', ( #719, #1261 ), #439, .F. ) ;
#1136 = CARTESIAN_POINT ( 'NONE',  ( -0.3749999999999999445, 0.0000000000000000000, 1.490000000666666491 ) ) ;
#1137 = EDGE_CURVE ( 'NONE', #1504, #1656, #1348, .T. ) ;
#1138 = CARTESIAN_POINT ( 'NONE',  ( 0.3750000000000002776, 0.0000000000000000000, 0.0000000000000000000 ) ) ;
#1139 =( NAMED_UNIT ( * ) PLANE_ANGLE_UNIT ( ) SI_UNIT ( $, .RADIAN. ) );
#1140 = EDGE_LOOP ( 'NONE', ( #1641, #1564, #142, #1655 ) ) ;
#1141 = ORIENTED_EDGE ( 'NONE', *, *, #907, .F. ) ;
#1142 =( LENGTH_UNIT ( ) NAMED_UNIT ( * ) SI_UNIT ( .MILLI., .METRE. ) );
#1143 = CARTESIAN_POINT ( 'NONE',  ( 0.1250000000000000000, -0.05000000000000000971, 1.402500000000000080 ) ) ;
#1144 = LINE ( 'NONE', #609, #199 ) ;
#1145 = EDGE_CURVE ( 'NONE', #1101, #652, #1583, .T. ) ;
#1146 = CIRCLE ( 'NONE', #379, 0.1249999999999998890 ) ;
#1147 = DIRECTION ( 'NONE',  ( -1.000000000000000000, 0.0000000000000000000, 0.0000000000000000000 ) ) ;
#1148 = ORIENTED_EDGE ( 'NONE', *, *, #1613, .F. ) ;
#1149 = LINE ( 'NONE', #1557, #1291 ) ;
#1150 = VECTOR ( 'NONE', #207, 1000.000000000000000 ) ;
#1151 = ADVANCED_FACE ( 'NONE', ( #1065 ), #393, .T. ) ;
#1152 = CARTESIAN_POINT ( 'NONE',  ( 0.3750000000000000555, -0.05000000000000000971, 1.402500000000000080 ) ) ;
#1153 = PRESENTATION_LAYER_ASSIGNMENT (  '', '', ( #600 ) ) ;
#1154 = PRODUCT_DEFINITION_SHAPE ( 'NONE', 'NONE',  #1697 ) ;
#1155 = LINE ( 'NONE', #206, #1491 ) ;
#1156 = VECTOR ( 'NONE', #350, 1000.000000000000000 ) ;
#1157 = AXIS2_PLACEMENT_3D ( 'NONE', #740, #1035, #465 ) ;
#1158 = LINE ( 'NONE', #1138, #1315 ) ;
#1159 = CARTESIAN_POINT ( 'NONE',  ( 0.2500000000000000000, -0.05000000000000000971, -1.489999999999999991 ) ) ;
#1160 = CARTESIAN_POINT ( 'NONE',  ( 0.7000000000000000666, -0.01000000000000000194, 0.7000000000000000666 ) ) ;
#1161 = FACE_OUTER_BOUND ( 'NONE', #1414, .T. ) ;
#1162 = ORIENTED_EDGE ( 'NONE', *, *, #279, .F. ) ;
#1163 = DIRECTION ( 'NONE',  ( -2.710505431213762318E-17, 1.000000000000000000, 0.0000000000000000000 ) ) ;
#1164 = ADVANCED_FACE ( 'NONE', ( #655 ), #1170, .F. ) ;
#1165 = ADVANCED_FACE ( 'NONE', ( #1190 ), #820, .F. ) ;
#1166 = LINE ( 'NONE', #1704, #1554 ) ;
#1167 = CARTESIAN_POINT ( 'NONE',  ( 0.1250000000000000000, -0.05000000000000000971, -1.489999999999999991 ) ) ;
#1168 = CARTESIAN_POINT ( 'NONE',  ( 0.0000000000000000000, 0.0000000000000000000, -1.490000001000000074 ) ) ;
#1169 = LINE ( 'NONE', #1290, #1089 ) ;
#1170 = PLANE ( 'NONE',  #1354 ) ;
#1171 = STYLED_ITEM ( 'NONE', ( #307 ), #70 ) ;
#1172 = CARTESIAN_POINT ( 'NONE',  ( -1.000000000000000000, 0.5000000000000000000, -1.500000000000000000 ) ) ;
#1173 = FACE_OUTER_BOUND ( 'NONE', #402, .T. ) ;
#1174 = EDGE_CURVE ( 'NONE', #1192, #1267, #1490, .T. ) ;
#1175 = VECTOR ( 'NONE', #450, 1000.000000000000000 ) ;
#1176 = PRESENTATION_LAYER_ASSIGNMENT (  '', '', ( #1488 ) ) ;
#1177 = VECTOR ( 'NONE', #71, 1000.000000000000000 ) ;
#1178 = CARTESIAN_POINT ( 'NONE',  ( 0.3750000000000000555, -0.02500000000000000486, -1.489999999999999991 ) ) ;
#1179 = ORIENTED_EDGE ( 'NONE', *, *, #1057, .F. ) ;
#1180 = FACE_OUTER_BOUND ( 'NONE', #1662, .T. ) ;
#1181 = AXIS2_PLACEMENT_3D ( 'NONE', #308, #1506, #1370 ) ;
#1182 = AXIS2_PLACEMENT_3D ( 'NONE', #222, #522, #376 ) ;
#1183 = VERTEX_POINT ( 'NONE', #39 ) ;
#1184 = DIRECTION ( 'NONE',  ( 0.0000000000000000000, 0.0000000000000000000, -1.000000000000000000 ) ) ;
#1185 = DIRECTION ( 'NONE',  ( -0.0000000000000000000, -1.000000000000000000, -0.0000000000000000000 ) ) ;
#1186 = EDGE_CURVE ( 'NONE', #642, #694, #1258, .T. ) ;
#1187 = DIRECTION ( 'NONE',  ( 0.0000000000000000000, 0.0000000000000000000, 1.000000000000000000 ) ) ;
#1188 = ORIENTED_EDGE ( 'NONE', *, *, #618, .T. ) ;
#1189 = UNCERTAINTY_MEASURE_WITH_UNIT (LENGTH_MEASURE( 1.000000000000000082E-05 ), #117, 'distance_accuracy_value', 'NONE');
#1190 = FACE_OUTER_BOUND ( 'NONE', #566, .T. ) ;
#1191 = ADVANCED_FACE ( 'NONE', ( #716 ), #1634, .T. ) ;
#1192 = VERTEX_POINT ( 'NONE', #1512 ) ;
#1193 = ORIENTED_EDGE ( 'NONE', *, *, #1505, .F. ) ;
#1194 = LINE ( 'NONE', #1469, #1295 ) ;
#1195 = SURFACE_STYLE_FILL_AREA ( #1051 ) ;
#1196 = DIRECTION ( 'NONE',  ( 0.0000000000000000000, 1.000000000000000000, 0.0000000000000000000 ) ) ;
#1197 = ORIENTED_EDGE ( 'NONE', *, *, #1137, .T. ) ;
#1198 = MANIFOLD_SOLID_BREP ( 'Imported1', #1706 ) ;
#1199 = ORIENTED_EDGE ( 'NONE', *, *, #1321, .T. ) ;
#1200 = EDGE_CURVE ( 'NONE', #1413, #181, #863, .T. ) ;
#1201 = ORIENTED_EDGE ( 'NONE', *, *, #425, .F. ) ;
#1202 = CARTESIAN_POINT ( 'NONE',  ( 0.8749999999999998890, 0.0000000000000000000, 1.490000000666666491 ) ) ;
#1203 = AXIS2_PLACEMENT_3D ( 'NONE', #784, #97, #643 ) ;
#1204 = EDGE_LOOP ( 'NONE', ( #1230, #1131, #1728, #1624 ) ) ;
#1205 = COLOUR_RGB ( '',0.2509803921568627416, 0.2509803921568627416, 0.2509803921568627416 ) ;
#1206 = CARTESIAN_POINT ( 'NONE',  ( 1.000000000000000000, 0.0000000000000000000, -1.500000000000000000 ) ) ;
#1207 = CARTESIAN_POINT ( 'NONE',  ( 0.1250000000000000000, -0.05000000000000000278, 1.489999999999999991 ) ) ;
#1208 = VERTEX_POINT ( 'NONE', #1109 ) ;
#1209 = VECTOR ( 'NONE', #1056, 1000.000000000000000 ) ;
#1210 = PRESENTATION_LAYER_ASSIGNMENT (  '', '', ( #165 ) ) ;
#1211 = ORIENTED_EDGE ( 'NONE', *, *, #49, .T. ) ;
#1212 = ORIENTED_EDGE ( 'NONE', *, *, #151, .F. ) ;
#1213 = SURFACE_STYLE_FILL_AREA ( #803 ) ;
#1214 = VECTOR ( 'NONE', #603, 1000.000000000000000 ) ;
#1215 = ORIENTED_EDGE ( 'NONE', *, *, #1559, .T. ) ;
#1216 = DIRECTION ( 'NONE',  ( 0.0000000000000000000, 0.0000000000000000000, -1.000000000000000000 ) ) ;
#1217 = SURFACE_STYLE_USAGE ( .BOTH. , #782 ) ;
#1218 = CARTESIAN_POINT ( 'NONE',  ( -0.6250000000000001110, 3.388131789017204438E-18, -1.315000000012819026 ) ) ;
#1219 = ORIENTED_EDGE ( 'NONE', *, *, #1080, .T. ) ;
#1220 = ORIENTED_EDGE ( 'NONE', *, *, #442, .T. ) ;
#1221 = VERTEX_POINT ( 'NONE', #1653 ) ;
#1222 = FILL_AREA_STYLE ('',( #1737 ) ) ;
#1223 = EDGE_CURVE ( 'NONE', #1262, #969, #18, .T. ) ;
#1224 = VERTEX_POINT ( 'NONE', #994 ) ;
#1225 = CARTESIAN_POINT ( 'NONE',  ( 0.7000000000000000666, -0.01000000000000000194, 0.0000000000000000000 ) ) ;
#1226 = CARTESIAN_POINT ( 'NONE',  ( 0.8749999999999998890, 0.0000000000000000000, 0.0000000000000000000 ) ) ;
#1227 = ORIENTED_EDGE ( 'NONE', *, *, #1349, .F. ) ;
#1228 = EDGE_CURVE ( 'NONE', #74, #654, #444, .T. ) ;
#1229 =( LENGTH_UNIT ( ) NAMED_UNIT ( * ) SI_UNIT ( .MILLI., .METRE. ) );
#1230 = ORIENTED_EDGE ( 'NONE', *, *, #289, .T. ) ;
#1231 = DIRECTION ( 'NONE',  ( -0.0000000000000000000, 1.000000000000000000, 0.0000000000000000000 ) ) ;
#1232 = FACE_OUTER_BOUND ( 'NONE', #1475, .T. ) ;
#1233 = CARTESIAN_POINT ( 'NONE',  ( 1.000000000000000000, 0.2500000000000000000, -1.500000000000000000 ) ) ;
#1234 = ORIENTED_EDGE ( 'NONE', *, *, #1174, .F. ) ;
#1235 = AXIS2_PLACEMENT_3D ( 'NONE', #965, #741, #1654 ) ;
#1236 = VECTOR ( 'NONE', #1668, 1000.000000000000000 ) ;
#1237 = EDGE_CURVE ( 'NONE', #613, #1221, #135, .T. ) ;
#1238 = CARTESIAN_POINT ( 'NONE',  ( -0.6250000000000001110, -0.05000000000000000971, -1.339100000000000179 ) ) ;
#1239 = DIRECTION ( 'NONE',  ( 0.0000000000000000000, 1.000000000000000000, 0.0000000000000000000 ) ) ;
#1240 = VERTEX_POINT ( 'NONE', #1389 ) ;
#1241 =( LENGTH_UNIT ( ) NAMED_UNIT ( * ) SI_UNIT ( .MILLI., .METRE. ) );
#1242 = CIRCLE ( 'NONE', #1350, 0.1249999999999998890 ) ;
#1243 = VERTEX_POINT ( 'NONE', #176 ) ;
#1244 = VECTOR ( 'NONE', #650, 1000.000000000000000 ) ;
#1245 = CARTESIAN_POINT ( 'NONE',  ( 0.8750000000000001110, -0.05000000000000000971, -1.489999999999999991 ) ) ;
#1246 = LINE ( 'NONE', #416, #243 ) ;
#1247 = ORIENTED_EDGE ( 'NONE', *, *, #1237, .T. ) ;
#1248 = CARTESIAN_POINT ( 'NONE',  ( 0.7000000000000000666, -0.01000000000000000194, 0.7000000000000000666 ) ) ;
#1249 = ADVANCED_FACE ( 'NONE', ( #1527 ), #313, .F. ) ;
#1250 =( NAMED_UNIT ( * ) PLANE_ANGLE_UNIT ( ) SI_UNIT ( $, .RADIAN. ) );
#1251 = CARTESIAN_POINT ( 'NONE',  ( -0.6000000000000000888, -0.01000000000000000194, 0.7000000000000000666 ) ) ;
#1252 = ORIENTED_EDGE ( 'NONE', *, *, #1200, .F. ) ;
#1253 = ADVANCED_FACE ( 'NONE', ( #1302 ), #184, .F. ) ;
#1254 = DIRECTION ( 'NONE',  ( 0.0000000000000000000, 1.000000000000000000, 0.0000000000000000000 ) ) ;
#1255 = ORIENTED_EDGE ( 'NONE', *, *, #1613, .T. ) ;
#1256 = LINE ( 'NONE', #43, #1712 ) ;
#1257 = PLANE ( 'NONE',  #948 ) ;
#1258 = LINE ( 'NONE', #29, #1324 ) ;
#1259 =( LENGTH_UNIT ( ) NAMED_UNIT ( * ) SI_UNIT ( .MILLI., .METRE. ) );
#1260 = ORIENTED_EDGE ( 'NONE', *, *, #1478, .F. ) ;
#1261 = FACE_OUTER_BOUND ( 'NONE', #8, .T. ) ;
#1262 = VERTEX_POINT ( 'NONE', #781 ) ;
#1263 = DIRECTION ( 'NONE',  ( 2.710505431213763550E-17, -1.000000000000000000, -0.0000000000000000000 ) ) ;
#1264 = PLANE ( 'NONE',  #1296 ) ;
#1265 = AXIS2_PLACEMENT_3D ( 'NONE', #1040, #518, #1285 ) ;
#1266 = MECHANICAL_DESIGN_GEOMETRIC_PRESENTATION_REPRESENTATION (  '', ( #357 ), #1709 ) ;
#1267 = VERTEX_POINT ( 'NONE', #1172 ) ;
#1268 = CARTESIAN_POINT ( 'NONE',  ( -0.1250000000000000000, 0.0000000000000000000, 0.0000000000000000000 ) ) ;
#1269 = ORIENTED_EDGE ( 'NONE', *, *, #1223, .T. ) ;
#1270 = EDGE_CURVE ( 'NONE', #704, #658, #87, .T. ) ;
#1271 = DIRECTION ( 'NONE',  ( -1.000000000000000000, -2.710505431213763550E-17, 0.0000000000000000000 ) ) ;
#1272 = LINE ( 'NONE', #1419, #1041 ) ;
#1273 = AXIS2_PLACEMENT_3D ( 'NONE', #469, #1008, #1001 ) ;
#1274 = AXIS2_PLACEMENT_3D ( 'NONE', #1727, #811, #980 ) ;
#1275 = CARTESIAN_POINT ( 'NONE',  ( -0.6250000000000001110, 0.0000000000000000000, -1.490000000666666491 ) ) ;
#1276 = DIRECTION ( 'NONE',  ( 2.710505431213763550E-17, -1.000000000000000000, -0.0000000000000000000 ) ) ;
#1277 = CARTESIAN_POINT ( 'NONE',  ( 0.3749999999999998890, -0.02500000000000000486, 1.314999999974362233 ) ) ;
#1278 = ORIENTED_EDGE ( 'NONE', *, *, #1301, .T. ) ;
#1279 = VERTEX_POINT ( 'NONE', #1722 ) ;
#1280 = CARTESIAN_POINT ( 'NONE',  ( 0.0000000000000000000, 0.5000000000000000000, 1.500000000000000000 ) ) ;
#1281 = CARTESIAN_POINT ( 'NONE',  ( 0.0000000000000000000, 0.0000000000000000000, -1.490000001000000074 ) ) ;
#1282 = EDGE_CURVE ( 'NONE', #815, #399, #897, .T. ) ;
#1283 = DIRECTION ( 'NONE',  ( 0.0000000000000000000, 1.000000000000000000, 0.0000000000000000000 ) ) ;
#1284 = ORIENTED_EDGE ( 'NONE', *, *, #1137, .F. ) ;
#1285 = DIRECTION ( 'NONE',  ( 0.0000000000000000000, 0.0000000000000000000, 1.000000000000000000 ) ) ;
#1286 = ORIENTED_EDGE ( 'NONE', *, *, #1355, .F. ) ;
#1287 = DIRECTION ( 'NONE',  ( -2.710505431213763550E-17, 1.000000000000000000, 0.0000000000000000000 ) ) ;
#1288 = DIRECTION ( 'NONE',  ( 2.710505431213762318E-17, -1.000000000000000000, -0.0000000000000000000 ) ) ;
#1289 = LINE ( 'NONE', #77, #1438 ) ;
#1290 = CARTESIAN_POINT ( 'NONE',  ( -0.6250000000000000000, 0.0000000000000000000, 0.0000000000000000000 ) ) ;
#1291 = VECTOR ( 'NONE', #1305, 1000.000000000000000 ) ;
#1292 = DIRECTION ( 'NONE',  ( 0.0000000000000000000, -1.000000000000000000, 0.0000000000000000000 ) ) ;
#1293 = COLOUR_RGB ( '',0.2509803921568627416, 0.2509803921568627416, 0.2509803921568627416 ) ;
#1294 = VERTEX_POINT ( 'NONE', #52 ) ;
#1295 = VECTOR ( 'NONE', #415, 1000.000000000000000 ) ;
#1296 = AXIS2_PLACEMENT_3D ( 'NONE', #550, #141, #1517 ) ;
#1297 = VECTOR ( 'NONE', #1521, 1000.000000000000000 ) ;
#1298 = EDGE_CURVE ( 'NONE', #707, #399, #196, .T. ) ;
#1299 = CARTESIAN_POINT ( 'NONE',  ( -0.7000000000000000666, -0.01000000000000000194, -0.7000000000000000666 ) ) ;
#1300 = DIRECTION ( 'NONE',  ( 0.0000000000000000000, 0.0000000000000000000, -1.000000000000000000 ) ) ;
#1301 = EDGE_CURVE ( 'NONE', #1413, #848, #1166, .T. ) ;
#1302 = FACE_OUTER_BOUND ( 'NONE', #535, .T. ) ;
#1303 = CARTESIAN_POINT ( 'NONE',  ( -0.7500000000000001110, -0.05000000000000000971, 1.489999999999999991 ) ) ;
#1304 = DIRECTION ( 'NONE',  ( 0.0000000000000000000, 0.0000000000000000000, -1.000000000000000000 ) ) ;
#1305 = DIRECTION ( 'NONE',  ( 0.0000000000000000000, 0.0000000000000000000, 1.000000000000000000 ) ) ;
#1306 = ORIENTED_EDGE ( 'NONE', *, *, #552, .T. ) ;
#1307 = CARTESIAN_POINT ( 'NONE',  ( 0.8749999999999998890, 0.0000000000000000000, 0.0000000000000000000 ) ) ;
#1308 = PRESENTATION_STYLE_ASSIGNMENT (( #1217 ) ) ;
#1309 = CARTESIAN_POINT ( 'NONE',  ( -0.6250000000000000000, 0.0000000000000000000, 0.0000000000000000000 ) ) ;
#1310 = ORIENTED_EDGE ( 'NONE', *, *, #1435, .T. ) ;
#1311 = UNCERTAINTY_MEASURE_WITH_UNIT (LENGTH_MEASURE( 1.000000000000000082E-05 ), #1601, 'distance_accuracy_value', 'NONE');
#1312 = DIRECTION ( 'NONE',  ( -1.000000000000000000, -2.710505431213763550E-17, 0.0000000000000000000 ) ) ;
#1313 = CARTESIAN_POINT ( 'NONE',  ( 0.6250000000000001110, -0.05000000000000000971, -1.489999999999999991 ) ) ;
#1314 = AXIS2_PLACEMENT_3D ( 'NONE', #908, #225, #353 ) ;
#1315 = VECTOR ( 'NONE', #1304, 1000.000000000000000 ) ;
#1316 = EDGE_CURVE ( 'NONE', #654, #494, #902, .T. ) ;
#1317 = VERTEX_POINT ( 'NONE', #501 ) ;
#1318 = LINE ( 'NONE', #102, #1244 ) ;
#1319 = FACE_OUTER_BOUND ( 'NONE', #1637, .T. ) ;
#1320 = AXIS2_PLACEMENT_3D ( 'NONE', #890, #1430, #1341 ) ;
#1321 = EDGE_CURVE ( 'NONE', #1472, #1063, #420, .T. ) ;
#1322 = VECTOR ( 'NONE', #1185, 1000.000000000000000 ) ;
#1323 = ORIENTED_EDGE ( 'NONE', *, *, #1011, .F. ) ;
#1324 = VECTOR ( 'NONE', #434, 1000.000000000000000 ) ;
#1325 = VERTEX_POINT ( 'NONE', #1670 ) ;
#1326 = PLANE ( 'NONE',  #701 ) ;
#1327 = EDGE_CURVE ( 'NONE', #66, #1028, #1128, .T. ) ;
#1328 = DIRECTION ( 'NONE',  ( 0.0000000000000000000, 0.0000000000000000000, 1.000000000000000000 ) ) ;
#1329 = CARTESIAN_POINT ( 'NONE',  ( -0.6250000000000001110, -0.05000000000000000971, -1.489999999999999991 ) ) ;
#1330 = ORIENTED_EDGE ( 'NONE', *, *, #989, .T. ) ;
#1331 = ADVANCED_FACE ( 'NONE', ( #639 ), #1003, .F. ) ;
#1332 = EDGE_LOOP ( 'NONE', ( #939, #329, #962, #1352 ) ) ;
#1333 = EDGE_LOOP ( 'NONE', ( #747, #4, #598, #1590 ) ) ;
#1334 = PRESENTATION_STYLE_ASSIGNMENT (( #1608 ) ) ;
#1335 = ORIENTED_EDGE ( 'NONE', *, *, #917, .T. ) ;
#1336 = DIRECTION ( 'NONE',  ( 1.000000000000000000, 0.0000000000000000000, 0.0000000000000000000 ) ) ;
#1337 = FACE_BOUND ( 'NONE', #1024, .T. ) ;
#1338 = ORIENTED_EDGE ( 'NONE', *, *, #1237, .F. ) ;
#1339 = ORIENTED_EDGE ( 'NONE', *, *, #831, .T. ) ;
#1340 = ORIENTED_EDGE ( 'NONE', *, *, #1067, .T. ) ;
#1341 = DIRECTION ( 'NONE',  ( -1.000000000000000000, 0.0000000000000000000, 0.0000000000000000000 ) ) ;
#1342 = ORIENTED_EDGE ( 'NONE', *, *, #844, .T. ) ;
#1343 = VECTOR ( 'NONE', #641, 1000.000000000000000 ) ;
#1344 = PLANE ( 'NONE',  #736 ) ;
#1345 = CARTESIAN_POINT ( 'NONE',  ( -0.7500000000000001110, 0.4500000000000000666, 1.250000000000000000 ) ) ;
#1346 = DIRECTION ( 'NONE',  ( 0.0000000000000000000, 0.0000000000000000000, -1.000000000000000000 ) ) ;
#1347 = ORIENTED_EDGE ( 'NONE', *, *, #930, .F. ) ;
#1348 = LINE ( 'NONE', #107, #457 ) ;
#1349 = EDGE_CURVE ( 'NONE', #1262, #100, #795, .T. ) ;
#1350 = AXIS2_PLACEMENT_3D ( 'NONE', #1117, #990, #1543 ) ;
#1351 = VERTEX_POINT ( 'NONE', #365 ) ;
#1352 = ORIENTED_EDGE ( 'NONE', *, *, #1432, .F. ) ;
#1353 = SURFACE_SIDE_STYLE ('',( #1213 ) ) ;
#1354 = AXIS2_PLACEMENT_3D ( 'NONE', #1313, #1473, #519 ) ;
#1355 = EDGE_CURVE ( 'NONE', #395, #1351, #611, .T. ) ;
#1356 = ORIENTED_EDGE ( 'NONE', *, *, #968, .F. ) ;
#1357 = CARTESIAN_POINT ( 'NONE',  ( -0.1250000000000000555, 3.388131789017202897E-18, 1.314999999987181090 ) ) ;
#1358 = PLANE ( 'NONE',  #879 ) ;
#1359 = VERTEX_POINT ( 'NONE', #1455 ) ;
#1360 = SURFACE_SIDE_STYLE ('',( #1377 ) ) ;
#1361 = VERTEX_POINT ( 'NONE', #1160 ) ;
#1362 = DIRECTION ( 'NONE',  ( 1.000000000000000000, -0.0000000000000000000, 0.0000000000000000000 ) ) ;
#1363 = DIRECTION ( 'NONE',  ( 1.000000000000000000, -0.0000000000000000000, 0.0000000000000000000 ) ) ;
#1364 = EDGE_LOOP ( 'NONE', ( #1086, #320, #1690, #687, #27 ) ) ;
#1365 = ADVANCED_FACE ( 'NONE', ( #1713 ), #1045, .T. ) ;
#1366 = DIRECTION ( 'NONE',  ( -1.000000000000000000, 0.0000000000000000000, 0.0000000000000000000 ) ) ;
#1367 = CARTESIAN_POINT ( 'NONE',  ( 0.3750000000000000555, -0.02500000000000000486, -1.314999999999999947 ) ) ;
#1368 = VERTEX_POINT ( 'NONE', #912 ) ;
#1369 = LINE ( 'NONE', #715, #480 ) ;
#1370 = DIRECTION ( 'NONE',  ( 0.0000000000000000000, 0.0000000000000000000, 1.000000000000000000 ) ) ;
#1371 =( NAMED_UNIT ( * ) PLANE_ANGLE_UNIT ( ) SI_UNIT ( $, .RADIAN. ) );
#1372 = VERTEX_POINT ( 'NONE', #788 ) ;
#1373 = CARTESIAN_POINT ( 'NONE',  ( -0.8750000000000001110, -0.02500000000000000486, 1.314999999951913745 ) ) ;
#1374 = ORIENTED_EDGE ( 'NONE', *, *, #1478, .T. ) ;
#1375 = VECTOR ( 'NONE', #1010, 1000.000000000000000 ) ;
#1376 = CARTESIAN_POINT ( 'NONE',  ( 0.0000000000000000000, 0.0000000000000000000, -1.490000001000000074 ) ) ;
#1377 = SURFACE_STYLE_FILL_AREA ( #455 ) ;
#1378 = LINE ( 'NONE', #167, #382 ) ;
#1379 = EDGE_LOOP ( 'NONE', ( #1736, #290, #773, #943 ) ) ;
#1380 = AXIS2_PLACEMENT_3D ( 'NONE', #241, #1363, #1729 ) ;
#1381 = CARTESIAN_POINT ( 'NONE',  ( -0.1250000000000001110, -0.02500000000000000486, 1.314999999974362233 ) ) ;
#1382 = VECTOR ( 'NONE', #1681, 1000.000000000000000 ) ;
#1383 = ORIENTED_EDGE ( 'NONE', *, *, #205, .T. ) ;
#1384 = MECHANICAL_DESIGN_GEOMETRIC_PRESENTATION_REPRESENTATION (  '', ( #1524 ), #679 ) ;
#1385 = CARTESIAN_POINT ( 'NONE',  ( 0.8750000000000000000, -0.02500000000000000486, 1.314999999974362233 ) ) ;
#1386 = CYLINDRICAL_SURFACE ( 'NONE', #1019, 0.1249999999999998890 ) ;
#1387 = EDGE_CURVE ( 'NONE', #273, #428, #1318, .T. ) ;
#1388 = LINE ( 'NONE', #1376, #239 ) ;
#1389 = CARTESIAN_POINT ( 'NONE',  ( 0.6250000000000002220, -3.388131789017202127E-18, -1.315000000024042937 ) ) ;
#1390 = PRODUCT_RELATED_PRODUCT_CATEGORY ( 'part', '', ( #321 ) ) ;
#1391 = LINE ( 'NONE', #177, #448 ) ;
#1392 = PLANE ( 'NONE',  #1042 ) ;
#1393 = DIRECTION ( 'NONE',  ( 0.0000000000000000000, 0.0000000000000000000, 1.000000000000000000 ) ) ;
#1394 = ORIENTED_EDGE ( 'NONE', *, *, #780, .F. ) ;
#1395 = FACE_OUTER_BOUND ( 'NONE', #1739, .T. ) ;
#1396 = CARTESIAN_POINT ( 'NONE',  ( -0.2500000000000000000, -0.05000000000000000971, 1.489999999999999991 ) ) ;
#1397 = ORIENTED_EDGE ( 'NONE', *, *, #1400, .F. ) ;
#1398 = CARTESIAN_POINT ( 'NONE',  ( -0.6250000000000001110, -0.05000000000000000971, 1.489999999999999991 ) ) ;
#1399 = DIRECTION ( 'NONE',  ( 0.0000000000000000000, 1.000000000000000000, 0.0000000000000000000 ) ) ;
#1400 = EDGE_CURVE ( 'NONE', #1082, #1656, #944, .T. ) ;
#1401 = ORIENTED_EDGE ( 'NONE', *, *, #475, .F. ) ;
#1402 = FACE_OUTER_BOUND ( 'NONE', #269, .T. ) ;
#1403 = ORIENTED_EDGE ( 'NONE', *, *, #1480, .F. ) ;
#1404 = PRESENTATION_STYLE_ASSIGNMENT (( #868 ) ) ;
#1405 = CARTESIAN_POINT ( 'NONE',  ( -0.1250000000000000555, -0.05000000000000000971, 1.314999999987181090 ) ) ;
#1406 = CARTESIAN_POINT ( 'NONE',  ( 0.6250000000000001110, 0.0000000000000000000, -1.490000000666666491 ) ) ;
#1407 = CARTESIAN_POINT ( 'NONE',  ( -0.2500000000000000000, -0.05000000000000000971, -1.314999999999999947 ) ) ;
#1408 = MECHANICAL_DESIGN_GEOMETRIC_PRESENTATION_REPRESENTATION (  '', ( #1598 ), #920 ) ;
#1409 = DIRECTION ( 'NONE',  ( 0.7071067811865475727, 0.0000000000000000000, -0.7071067811865475727 ) ) ;
#1410 = ORIENTED_EDGE ( 'NONE', *, *, #138, .F. ) ;
#1411 = UNCERTAINTY_MEASURE_WITH_UNIT (LENGTH_MEASURE( 1.000000000000000082E-05 ), #1241, 'distance_accuracy_value', 'NONE');
#1412 = ADVANCED_FACE ( 'NONE', ( #148 ), #816, .F. ) ;
#1413 = VERTEX_POINT ( 'NONE', #1731 ) ;
#1414 = EDGE_LOOP ( 'NONE', ( #296, #127, #1339, #957 ) ) ;
#1415 =( GEOMETRIC_REPRESENTATION_CONTEXT ( 3 ) GLOBAL_UNCERTAINTY_ASSIGNED_CONTEXT ( ( #187 ) ) GLOBAL_UNIT_ASSIGNED_CONTEXT ( ( #440, #189, #690 ) ) REPRESENTATION_CONTEXT ( 'NONE', 'WORKASPACE' ) );
#1416 = LINE ( 'NONE', #42, #1742 ) ;
#1417 = AXIS2_PLACEMENT_3D ( 'NONE', #523, #905, #120 ) ;
#1418 = EDGE_CURVE ( 'NONE', #400, #1294, #271, .T. ) ;
#1419 = CARTESIAN_POINT ( 'NONE',  ( -0.6250000000000001110, -0.05000000000000000971, 1.402500000000000080 ) ) ;
#1420 = AXIS2_PLACEMENT_3D ( 'NONE', #904, #1440, #93 ) ;
#1421 = MECHANICAL_DESIGN_GEOMETRIC_PRESENTATION_REPRESENTATION (  '', ( #600 ), #988 ) ;
#1422 = CARTESIAN_POINT ( 'NONE',  ( 0.1250000000000000278, 0.0000000000000000000, 1.490000000666666491 ) ) ;
#1423 = CARTESIAN_POINT ( 'NONE',  ( 0.8750000000000001110, -0.05000000000000000971, 1.489999999999999991 ) ) ;
#1424 = LINE ( 'NONE', #1159, #1150 ) ;
#1425 = ORIENTED_EDGE ( 'NONE', *, *, #1298, .F. ) ;
#1426 = ADVANCED_FACE ( 'NONE', ( #797 ), #403, .T. ) ;
#1427 = CARTESIAN_POINT ( 'NONE',  ( 0.6250000000000001110, -0.02500000000000000486, -1.489999999999999991 ) ) ;
#1428 = DIRECTION ( 'NONE',  ( -1.000000000000000000, -0.0000000000000000000, -0.0000000000000000000 ) ) ;
#1429 = PLANE ( 'NONE',  #265 ) ;
#1430 = DIRECTION ( 'NONE',  ( -2.710505431213763550E-17, 1.000000000000000000, 0.0000000000000000000 ) ) ;
#1431 = VERTEX_POINT ( 'NONE', #1357 ) ;
#1432 = EDGE_CURVE ( 'NONE', #1279, #1183, #260, .T. ) ;
#1433 = PLANE ( 'NONE',  #956 ) ;
#1434 = AXIS2_PLACEMENT_3D ( 'NONE', #726, #840, #293 ) ;
#1435 = EDGE_CURVE ( 'NONE', #727, #1361, #5, .T. ) ;
#1436 = FILL_AREA_STYLE_COLOUR ( '', #1293 ) ;
#1437 = CARTESIAN_POINT ( 'NONE',  ( 0.6250000000000001110, -0.05000000000000000971, 1.402500000000000080 ) ) ;
#1438 = VECTOR ( 'NONE', #346, 1000.000000000000000 ) ;
#1439 = AXIS2_PLACEMENT_3D ( 'NONE', #1033, #488, #499 ) ;
#1440 = DIRECTION ( 'NONE',  ( 2.710505431213762318E-17, -1.000000000000000000, -0.0000000000000000000 ) ) ;
#1441 = LINE ( 'NONE', #1427, #1382 ) ;
#1442 = COLOUR_RGB ( '',0.2509803921568627416, 0.2509803921568627416, 0.2509803921568627416 ) ;
#1443 = SURFACE_STYLE_USAGE ( .BOTH. , #899 ) ;
#1444 = CARTESIAN_POINT ( 'NONE',  ( 0.1250000000000000278, 0.0000000000000000000, -1.490000000666666491 ) ) ;
#1445 = ORIENTED_EDGE ( 'NONE', *, *, #471, .F. ) ;
#1446 = LINE ( 'NONE', #755, #422 ) ;
#1447 = CARTESIAN_POINT ( 'NONE',  ( -0.7500000000000001110, -0.05000000000000000971, -1.489999999999999991 ) ) ;
#1448 = FACE_BOUND ( 'NONE', #1119, .T. ) ;
#1449 = DIRECTION ( 'NONE',  ( -0.0000000000000000000, -0.0000000000000000000, 1.000000000000000000 ) ) ;
#1450 = DIRECTION ( 'NONE',  ( -1.000000000000000000, 0.0000000000000000000, 0.0000000000000000000 ) ) ;
#1451 = EDGE_CURVE ( 'NONE', #1361, #233, #1079, .T. ) ;
#1452 = ORIENTED_EDGE ( 'NONE', *, *, #873, .T. ) ;
#1453 = CARTESIAN_POINT ( 'NONE',  ( -0.7000000000000000666, -0.01000000000000000194, -0.7000000000000000666 ) ) ;
#1454 = ADVANCED_FACE ( 'NONE', ( #1462 ), #1059, .F. ) ;
#1455 = CARTESIAN_POINT ( 'NONE',  ( 0.6250000000000002220, -3.388131789017202127E-18, 1.314999999975956957 ) ) ;
#1456 = LINE ( 'NONE', #130, #220 ) ;
#1457 = ORIENTED_EDGE ( 'NONE', *, *, #146, .F. ) ;
#1458 = ADVANCED_FACE ( 'NONE', ( #1232 ), #1344, .F. ) ;
#1459 = FACE_OUTER_BOUND ( 'NONE', #1594, .T. ) ;
#1460 = VERTEX_POINT ( 'NONE', #390 ) ;
#1461 = EDGE_CURVE ( 'NONE', #691, #1479, #558, .T. ) ;
#1462 = FACE_OUTER_BOUND ( 'NONE', #1043, .T. ) ;
#1463 = LINE ( 'NONE', #1593, #676 ) ;
#1464 = DIRECTION ( 'NONE',  ( 0.0000000000000000000, 1.000000000000000000, 0.0000000000000000000 ) ) ;
#1465 = ORIENTED_EDGE ( 'NONE', *, *, #1092, .T. ) ;
#1466 = AXIS2_PLACEMENT_3D ( 'NONE', #834, #936, #1476 ) ;
#1467 = ORIENTED_EDGE ( 'NONE', *, *, #1282, .T. ) ;
#1468 = VERTEX_POINT ( 'NONE', #1206 ) ;
#1469 = CARTESIAN_POINT ( 'NONE',  ( 0.7500000000000001110, -0.05000000000000000971, 1.489999999999999991 ) ) ;
#1470 = FILL_AREA_STYLE_COLOUR ( '', #1442 ) ;
#1471 = CARTESIAN_POINT ( 'NONE',  ( -0.6250000000000001110, -0.02500000000000000486, 1.314999999974362233 ) ) ;
#1472 = VERTEX_POINT ( 'NONE', #1628 ) ;
#1473 = DIRECTION ( 'NONE',  ( 0.0000000000000000000, 1.000000000000000000, 0.0000000000000000000 ) ) ;
#1474 = ORIENTED_EDGE ( 'NONE', *, *, #486, .F. ) ;
#1475 = EDGE_LOOP ( 'NONE', ( #201, #664, #316, #1695 ) ) ;
#1476 = DIRECTION ( 'NONE',  ( 0.0000000000000000000, 0.0000000000000000000, 1.000000000000000000 ) ) ;
#1477 = FACE_BOUND ( 'NONE', #236, .T. ) ;
#1478 = EDGE_CURVE ( 'NONE', #1082, #468, #1194, .T. ) ;
#1479 = VERTEX_POINT ( 'NONE', #959 ) ;
#1480 = EDGE_CURVE ( 'NONE', #1063, #1082, #918, .T. ) ;
#1481 = ORIENTED_EDGE ( 'NONE', *, *, #1092, .F. ) ;
#1482 = VECTOR ( 'NONE', #894, 1000.000000000000000 ) ;
#1483 = ORIENTED_EDGE ( 'NONE', *, *, #1034, .F. ) ;
#1484 = VECTOR ( 'NONE', #1196, 1000.000000000000000 ) ;
#1485 = LINE ( 'NONE', #282, #645 ) ;
#1486 = ORIENTED_EDGE ( 'NONE', *, *, #452, .T. ) ;
#1487 = DIRECTION ( 'NONE',  ( -1.000000000000000000, -0.0000000000000000000, -0.0000000000000000000 ) ) ;
#1488 = STYLED_ITEM ( 'NONE', ( #682 ), #1726 ) ;
#1489 = VERTEX_POINT ( 'NONE', #570 ) ;
#1490 = LINE ( 'NONE', #973, #84 ) ;
#1491 = VECTOR ( 'NONE', #1009, 1000.000000000000000 ) ;
#1492 = EDGE_CURVE ( 'NONE', #1325, #66, #1099, .T. ) ;
#1493 = DIRECTION ( 'NONE',  ( 1.000000000000000000, -0.0000000000000000000, 0.0000000000000000000 ) ) ;
#1494 = CARTESIAN_POINT ( 'NONE',  ( 0.8750000000000002220, -0.05000000000000000278, 1.489999999999999991 ) ) ;
#1495 = AXIS2_PLACEMENT_3D ( 'NONE', #1050, #1130, #1592 ) ;
#1496 = ORIENTED_EDGE ( 'NONE', *, *, #909, .T. ) ;
#1497 = CARTESIAN_POINT ( 'NONE',  ( 0.8750000000000001110, -0.05000000000000000971, 1.402500000000000080 ) ) ;
#1498 = LINE ( 'NONE', #451, #82 ) ;
#1499 = ORIENTED_EDGE ( 'NONE', *, *, #14, .T. ) ;
#1500 = CARTESIAN_POINT ( 'NONE',  ( 1.000000000000000000, 0.0000000000000000000, 1.500000000000000000 ) ) ;
#1501 =( NAMED_UNIT ( * ) SI_UNIT ( $, .STERADIAN. ) SOLID_ANGLE_UNIT ( ) );
#1502 = DIRECTION ( 'NONE',  ( 0.0000000000000000000, 1.000000000000000000, 0.0000000000000000000 ) ) ;
#1503 = ORIENTED_EDGE ( 'NONE', *, *, #1049, .T. ) ;
#1504 = VERTEX_POINT ( 'NONE', #119 ) ;
#1505 = EDGE_CURVE ( 'NONE', #100, #181, #665, .T. ) ;
#1506 = DIRECTION ( 'NONE',  ( -1.000000000000000000, 0.0000000000000000000, 0.0000000000000000000 ) ) ;
#1507 = ORIENTED_EDGE ( 'NONE', *, *, #1316, .T. ) ;
#1508 = EDGE_CURVE ( 'NONE', #487, #1479, #1542, .T. ) ;
#1509 = FACE_OUTER_BOUND ( 'NONE', #1540, .T. ) ;
#1510 = ORIENTED_EDGE ( 'NONE', *, *, #669, .F. ) ;
#1511 = FACE_OUTER_BOUND ( 'NONE', #759, .T. ) ;
#1512 = CARTESIAN_POINT ( 'NONE',  ( 1.000000000000000000, 0.5000000000000000000, -1.500000000000000000 ) ) ;
#1513 = CARTESIAN_POINT ( 'NONE',  ( 0.1250000000000000000, -0.05000000000000000971, -1.314999999999999947 ) ) ;
#1514 = ADVANCED_FACE ( 'NONE', ( #1007 ), #172, .F. ) ;
#1515 = EDGE_LOOP ( 'NONE', ( #110, #287, #20, #1725 ) ) ;
#1516 = DIRECTION ( 'NONE',  ( -2.710505431213763550E-17, 1.000000000000000000, 0.0000000000000000000 ) ) ;
#1517 = DIRECTION ( 'NONE',  ( 0.0000000000000000000, 0.0000000000000000000, 1.000000000000000000 ) ) ;
#1518 = AXIS2_PLACEMENT_3D ( 'NONE', #636, #1163, #483 ) ;
#1519 = EDGE_CURVE ( 'NONE', #1267, #813, #1416, .T. ) ;
#1520 = CARTESIAN_POINT ( 'NONE',  ( 0.3750000000000002776, 0.0000000000000000000, 0.0000000000000000000 ) ) ;
#1521 = DIRECTION ( 'NONE',  ( 0.0000000000000000000, 1.000000000000000000, 0.0000000000000000000 ) ) ;
#1522 = VECTOR ( 'NONE', #581, 1000.000000000000000 ) ;
#1523 = VERTEX_POINT ( 'NONE', #159 ) ;
#1524 = STYLED_ITEM ( 'NONE', ( #304 ), #1198 ) ;
#1525 = CARTESIAN_POINT ( 'NONE',  ( -0.3749999999999998890, -1.694065894508600678E-18, -1.315000000024042937 ) ) ;
#1526 =( NAMED_UNIT ( * ) SI_UNIT ( $, .STERADIAN. ) SOLID_ANGLE_UNIT ( ) );
#1527 = FACE_OUTER_BOUND ( 'NONE', #1599, .T. ) ;
#1528 = CARTESIAN_POINT ( 'NONE',  ( -0.8750000000000001110, -0.05000000000000000971, -1.489999999999999991 ) ) ;
#1529 = UNCERTAINTY_MEASURE_WITH_UNIT (LENGTH_MEASURE( 1.000000000000000082E-05 ), #312, 'distance_accuracy_value', 'NONE');
#1530 = LINE ( 'NONE', #832, #1297 ) ;
#1531 = DIRECTION ( 'NONE',  ( -1.000000000000000000, 0.0000000000000000000, 0.0000000000000000000 ) ) ;
#1532 = CARTESIAN_POINT ( 'NONE',  ( -0.8750000000000001110, -0.05000000000000000971, 1.489999999999999991 ) ) ;
#1533 = CARTESIAN_POINT ( 'NONE',  ( -0.8750000000000000000, -3.388131789017199816E-18, -1.315000000024042937 ) ) ;
#1534 = ADVANCED_FACE ( 'NONE', ( #1395 ), #722, .F. ) ;
#1535 = DIRECTION ( 'NONE',  ( 0.0000000000000000000, 1.000000000000000000, 0.0000000000000000000 ) ) ;
#1536 = CARTESIAN_POINT ( 'NONE',  ( -0.6250000000000001110, -0.02500000000000000486, 1.489999999999999991 ) ) ;
#1537 = FILL_AREA_STYLE_COLOUR ( '', #1205 ) ;
#1538 = EDGE_CURVE ( 'NONE', #1372, #646, #335, .T. ) ;
#1539 =( NAMED_UNIT ( * ) PLANE_ANGLE_UNIT ( ) SI_UNIT ( $, .RADIAN. ) );
#1540 = EDGE_LOOP ( 'NONE', ( #1088, #1457, #267, #1179 ) ) ;
#1541 = EDGE_LOOP ( 'NONE', ( #476, #564, #867, #923 ) ) ;
#1542 = LINE ( 'NONE', #310, #1575 ) ;
#1543 = DIRECTION ( 'NONE',  ( -1.000000000000000000, -2.710505431213762318E-17, 0.0000000000000000000 ) ) ;
#1544 = DIRECTION ( 'NONE',  ( -1.000000000000000000, 0.0000000000000000000, 1.734723475976808672E-15 ) ) ;
#1545 = AXIS2_PLACEMENT_3D ( 'NONE', #790, #913, #1187 ) ;
#1546 = PRODUCT_DEFINITION_CONTEXT ( 'detailed design', #732, 'design' ) ;
#1547 = FACE_OUTER_BOUND ( 'NONE', #309, .T. ) ;
#1548 = EDGE_CURVE ( 'NONE', #140, #273, #1125, .T. ) ;
#1549 = VECTOR ( 'NONE', #1077, 1000.000000000000000 ) ;
#1550 = ORIENTED_EDGE ( 'NONE', *, *, #179, .F. ) ;
#1551 =( GEOMETRIC_REPRESENTATION_CONTEXT ( 3 ) GLOBAL_UNCERTAINTY_ASSIGNED_CONTEXT ( ( #1684 ) ) GLOBAL_UNIT_ASSIGNED_CONTEXT ( ( #459, #1539, #998 ) ) REPRESENTATION_CONTEXT ( 'NONE', 'WORKASPACE' ) );
#1552 = CARTESIAN_POINT ( 'NONE',  ( -0.2500000000000000000, -0.05000000000000000971, 1.314999999999999947 ) ) ;
#1553 = AXIS2_PLACEMENT_3D ( 'NONE', #634, #470, #1544 ) ;
#1554 = VECTOR ( 'NONE', #325, 1000.000000000000000 ) ;
#1555 = ADVANCED_FACE ( 'NONE', ( #713 ), #429, .F. ) ;
#1556 = DIRECTION ( 'NONE',  ( 1.000000000000000000, 0.0000000000000000000, 0.0000000000000000000 ) ) ;
#1557 = CARTESIAN_POINT ( 'NONE',  ( -0.1250000000000000000, -0.05000000000000000971, -1.402500000000000080 ) ) ;
#1558 = CARTESIAN_POINT ( 'NONE',  ( -1.000000000000000000, 0.5000000000000000000, 1.500000000000000000 ) ) ;
#1559 = EDGE_CURVE ( 'NONE', #1221, #1317, #1711, .T. ) ;
#1560 = EDGE_CURVE ( 'NONE', #1063, #1208, #615, .T. ) ;
#1561 = DIRECTION ( 'NONE',  ( 0.0000000000000000000, 0.0000000000000000000, 1.000000000000000000 ) ) ;
#1562 = CARTESIAN_POINT ( 'NONE',  ( -1.000000000000000000, 0.5000000000000000000, 0.0000000000000000000 ) ) ;
#1563 = DIRECTION ( 'NONE',  ( 0.0000000000000000000, 1.000000000000000000, 0.0000000000000000000 ) ) ;
#1564 = ORIENTED_EDGE ( 'NONE', *, *, #695, .T. ) ;
#1565 = DIRECTION ( 'NONE',  ( -1.000000000000000000, 0.0000000000000000000, 0.0000000000000000000 ) ) ;
#1566 = ADVANCED_FACE ( 'NONE', ( #1710 ), #647, .T. ) ;
#1567 = CARTESIAN_POINT ( 'NONE',  ( -0.7500000000000001110, -0.05000000000000000971, -1.314999999999999947 ) ) ;
#1568 = CIRCLE ( 'NONE', #1314, 0.1249999999999998890 ) ;
#1569 = PLANE ( 'NONE',  #333 ) ;
#1570 = CARTESIAN_POINT ( 'NONE',  ( -0.8750000000000001110, -0.05000000000000000971, -1.315000000024042937 ) ) ;
#1571 = VECTOR ( 'NONE', #1283, 1000.000000000000000 ) ;
#1572 = SHAPE_DEFINITION_REPRESENTATION ( #1154, #1692 ) ;
#1573 = ORIENTED_EDGE ( 'NONE', *, *, #405, .F. ) ;
#1574 = LINE ( 'NONE', #1152, #821 ) ;
#1575 = VECTOR ( 'NONE', #182, 1000.000000000000000 ) ;
#1576 = AXIS2_PLACEMENT_3D ( 'NONE', #208, #771, #80 ) ;
#1577 = DIRECTION ( 'NONE',  ( 0.0000000000000000000, 0.0000000000000000000, -1.000000000000000000 ) ) ;
#1578 = CARTESIAN_POINT ( 'NONE',  ( -0.6250000000000002220, -0.02500000000000000486, -1.315000000025638105 ) ) ;
#1579 = VECTOR ( 'NONE', #462, 1000.000000000000000 ) ;
#1580 = EDGE_CURVE ( 'NONE', #283, #233, #349, .T. ) ;
#1581 = AXIS2_PLACEMENT_3D ( 'NONE', #1567, #1585, #369 ) ;
#1582 = CARTESIAN_POINT ( 'NONE',  ( -0.1250000000000000000, -0.05000000000000000971, 1.314999999999999947 ) ) ;
#1583 = LINE ( 'NONE', #544, #341 ) ;
#1584 = VERTEX_POINT ( 'NONE', #1453 ) ;
#1585 = DIRECTION ( 'NONE',  ( -2.710505431213763550E-17, 1.000000000000000000, 0.0000000000000000000 ) ) ;
#1586 = FACE_BOUND ( 'NONE', #681, .T. ) ;
#1587 = CARTESIAN_POINT ( 'NONE',  ( -0.8750000000000001110, -0.05000000000000000971, 1.402500000000000080 ) ) ;
#1588 = ORIENTED_EDGE ( 'NONE', *, *, #1538, .F. ) ;
#1589 = ADVANCED_FACE ( 'NONE', ( #1703 ), #1044, .T. ) ;
#1590 = ORIENTED_EDGE ( 'NONE', *, *, #907, .T. ) ;
#1591 = FACE_OUTER_BOUND ( 'NONE', #1111, .T. ) ;
#1592 = DIRECTION ( 'NONE',  ( -1.000000000000000000, -2.710505431213763550E-17, 0.0000000000000000000 ) ) ;
#1593 = CARTESIAN_POINT ( 'NONE',  ( 0.7000000000000000666, 0.0000000000000000000, 0.0000000000000000000 ) ) ;
#1594 = EDGE_LOOP ( 'NONE', ( #670, #1573, #23, #829 ) ) ;
#1595 = AXIS2_PLACEMENT_3D ( 'NONE', #1528, #315, #466 ) ;
#1596 = ORIENTED_EDGE ( 'NONE', *, *, #430, .T. ) ;
#1597 = FACE_OUTER_BOUND ( 'NONE', #1605, .T. ) ;
#1598 = STYLED_ITEM ( 'NONE', ( #224 ), #409 ) ;
#1599 = EDGE_LOOP ( 'NONE', ( #37, #1078, #575, #1394 ) ) ;
#1600 = CARTESIAN_POINT ( 'NONE',  ( 0.7000000000000000666, -0.005000000000000000971, 0.7000000000000000666 ) ) ;
#1601 =( LENGTH_UNIT ( ) NAMED_UNIT ( * ) SI_UNIT ( .MILLI., .METRE. ) );
#1602 = COLOUR_RGB ( '',0.2509803921568627416, 0.2509803921568627416, 0.2509803921568627416 ) ;
#1603 =( GEOMETRIC_REPRESENTATION_CONTEXT ( 3 ) GLOBAL_UNCERTAINTY_ASSIGNED_CONTEXT ( ( #1311 ) ) GLOBAL_UNIT_ASSIGNED_CONTEXT ( ( #1601, #514, #254 ) ) REPRESENTATION_CONTEXT ( 'NONE', 'WORKASPACE' ) );
#1604 = CARTESIAN_POINT ( 'NONE',  ( -0.7000000000000000666, -0.01000000000000000194, -0.05000000000000002359 ) ) ;
#1605 = EDGE_LOOP ( 'NONE', ( #1383, #628, #1219, #1013 ) ) ;
#1606 = PRESENTATION_LAYER_ASSIGNMENT (  '', '', ( #961 ) ) ;
#1607 = ORIENTED_EDGE ( 'NONE', *, *, #1548, .F. ) ;
#1608 = SURFACE_STYLE_USAGE ( .BOTH. , #521 ) ;
#1609 = EDGE_CURVE ( 'NONE', #646, #67, #1574, .T. ) ;
#1610 = ORIENTED_EDGE ( 'NONE', *, *, #314, .F. ) ;
#1611 = CARTESIAN_POINT ( 'NONE',  ( 0.0000000000000000000, 0.0000000000000000000, 1.490000001000000074 ) ) ;
#1612 = FACE_BOUND ( 'NONE', #449, .T. ) ;
#1613 = EDGE_CURVE ( 'NONE', #1359, #1504, #1446, .T. ) ;
#1614 = ORIENTED_EDGE ( 'NONE', *, *, #1687, .F. ) ;
#1615 = DIRECTION ( 'NONE',  ( -0.0000000000000000000, -0.0000000000000000000, 1.000000000000000000 ) ) ;
#1616 = ORIENTED_EDGE ( 'NONE', *, *, #684, .F. ) ;
#1617 = ORIENTED_EDGE ( 'NONE', *, *, #964, .F. ) ;
#1618 = CARTESIAN_POINT ( 'NONE',  ( -0.7000000000000000666, -0.01000000000000000194, -0.7000000000000000666 ) ) ;
#1619 = ORIENTED_EDGE ( 'NONE', *, *, #252, .F. ) ;
#1620 = DIRECTION ( 'NONE',  ( -2.710505431213762318E-17, 1.000000000000000000, 0.0000000000000000000 ) ) ;
#1621 = LINE ( 'NONE', #1367, #901 ) ;
#1622 = ORIENTED_EDGE ( 'NONE', *, *, #989, .F. ) ;
#1623 = EDGE_CURVE ( 'NONE', #1243, #733, #228, .T. ) ;
#1624 = ORIENTED_EDGE ( 'NONE', *, *, #486, .T. ) ;
#1625 = PLANE ( 'NONE',  #696 ) ;
#1626 = PLANE ( 'NONE',  #1181 ) ;
#1627 = ORIENTED_EDGE ( 'NONE', *, *, #807, .T. ) ;
#1628 = CARTESIAN_POINT ( 'NONE',  ( 0.6250000000000002220, -0.05000000000000000971, 1.314999999975956957 ) ) ;
#1629 = DIRECTION ( 'NONE',  ( -1.000000000000000000, 0.0000000000000000000, 0.0000000000000000000 ) ) ;
#1630 = EDGE_LOOP ( 'NONE', ( #1201, #874, #426, #1338 ) ) ;
#1631 = SURFACE_SIDE_STYLE ('',( #1118 ) ) ;
#1632 = ADVANCED_FACE ( 'NONE', ( #885 ), #785, .T. ) ;
#1633 = VECTOR ( 'NONE', #571, 1000.000000000000000 ) ;
#1634 = PLANE ( 'NONE',  #134 ) ;
#1635 = LINE ( 'NONE', #1536, #76 ) ;
#1636 = AXIS2_PLACEMENT_3D ( 'NONE', #40, #1362, #587 ) ;
#1637 = EDGE_LOOP ( 'NONE', ( #526, #1410, #1679, #582 ) ) ;
#1638 = ADVANCED_FACE ( 'NONE', ( #556 ), #11, .F. ) ;
#1639 = CARTESIAN_POINT ( 'NONE',  ( -0.7500000000000001110, 0.5000000000000000000, 1.250000000000000000 ) ) ;
#1640 = AXIS2_PLACEMENT_3D ( 'NONE', #580, #204, #1000 ) ;
#1641 = ORIENTED_EDGE ( 'NONE', *, *, #1298, .T. ) ;
#1642 = CARTESIAN_POINT ( 'NONE',  ( 0.6250000000000001110, -0.05000000000000000971, -1.489999999999999991 ) ) ;
#1643 = CARTESIAN_POINT ( 'NONE',  ( 0.8750000000000002220, -0.05000000000000000278, -1.489999999999999991 ) ) ;
#1644 = ORIENTED_EDGE ( 'NONE', *, *, #471, .T. ) ;
#1645 = ORIENTED_EDGE ( 'NONE', *, *, #649, .T. ) ;
#1646 =( NAMED_UNIT ( * ) SI_UNIT ( $, .STERADIAN. ) SOLID_ANGLE_UNIT ( ) );
#1647 = LINE ( 'NONE', #578, #57 ) ;
#1648 = SURFACE_SIDE_STYLE ('',( #568 ) ) ;
#1649 = EDGE_CURVE ( 'NONE', #1523, #1279, #412, .T. ) ;
#1650 = ORIENTED_EDGE ( 'NONE', *, *, #1301, .F. ) ;
#1651 = DIRECTION ( 'NONE',  ( -0.0000000000000000000, 1.000000000000000000, 0.0000000000000000000 ) ) ;
#1652 = DIRECTION ( 'NONE',  ( -1.000000000000000000, -0.0000000000000000000, -0.0000000000000000000 ) ) ;
#1653 = CARTESIAN_POINT ( 'NONE',  ( 0.3750000000000001110, 3.388131789017206749E-18, 1.314999999987181090 ) ) ;
#1654 = DIRECTION ( 'NONE',  ( 0.0000000000000000000, 0.0000000000000000000, 1.000000000000000000 ) ) ;
#1655 = ORIENTED_EDGE ( 'NONE', *, *, #175, .T. ) ;
#1656 = VERTEX_POINT ( 'NONE', #1202 ) ;
#1657 = DIRECTION ( 'NONE',  ( 0.0000000000000000000, 0.0000000000000000000, 1.000000000000000000 ) ) ;
#1658 = LINE ( 'NONE', #714, #1743 ) ;
#1659 = VECTOR ( 'NONE', #1428, 1000.000000000000000 ) ;
#1660 = SURFACE_STYLE_USAGE ( .BOTH. , #1631 ) ;
#1661 = ADVANCED_FACE ( 'NONE', ( #1591 ), #1326, .F. ) ;
#1662 = EDGE_LOOP ( 'NONE', ( #590, #914, #528, #1047 ) ) ;
#1663 = AXIS2_PLACEMENT_3D ( 'NONE', #183, #36, #825 ) ;
#1664 = ORIENTED_EDGE ( 'NONE', *, *, #1623, .F. ) ;
#1665 = VECTOR ( 'NONE', #633, 1000.000000000000000 ) ;
#1666 = FILL_AREA_STYLE ('',( #591 ) ) ;
#1667 = PLANE ( 'NONE',  #703 ) ;
#1668 = DIRECTION ( 'NONE',  ( 0.0000000000000000000, 1.000000000000000000, 0.0000000000000000000 ) ) ;
#1669 = ADVANCED_FACE ( 'NONE', ( #1459 ), #258, .F. ) ;
#1670 = CARTESIAN_POINT ( 'NONE',  ( -0.3750000000000000555, -0.05000000000000000278, 1.489999999999999991 ) ) ;
#1671 = ORIENTED_EDGE ( 'NONE', *, *, #1418, .T. ) ;
#1672 = DIRECTION ( 'NONE',  ( 0.0000000000000000000, 0.0000000000000000000, -1.000000000000000000 ) ) ;
#1673 = ORIENTED_EDGE ( 'NONE', *, *, #205, .F. ) ;
#1674 = ORIENTED_EDGE ( 'NONE', *, *, #91, .T. ) ;
#1675 = CARTESIAN_POINT ( 'NONE',  ( 0.8750000000000001110, -0.02500000000000000486, -1.314999999999999947 ) ) ;
#1676 = CARTESIAN_POINT ( 'NONE',  ( -0.7000000000000000666, 0.0000000000000000000, -0.6999999997500001570 ) ) ;
#1677 = ADVANCED_FACE ( 'NONE', ( #145 ), #794, .T. ) ;
#1678 = DIRECTION ( 'NONE',  ( 0.0000000000000000000, 0.0000000000000000000, -1.000000000000000000 ) ) ;
#1679 = ORIENTED_EDGE ( 'NONE', *, *, #326, .F. ) ;
#1680 = DIRECTION ( 'NONE',  ( 0.0000000000000000000, 1.000000000000000000, 0.0000000000000000000 ) ) ;
#1681 = DIRECTION ( 'NONE',  ( -0.0000000000000000000, -1.000000000000000000, -0.0000000000000000000 ) ) ;
#1682 = PRESENTATION_LAYER_ASSIGNMENT (  '', '', ( #1598 ) ) ;
#1683 = CARTESIAN_POINT ( 'NONE',  ( 0.2500000000000000000, -0.05000000000000000971, -1.314999999999999947 ) ) ;
#1684 = UNCERTAINTY_MEASURE_WITH_UNIT (LENGTH_MEASURE( 1.000000000000000082E-05 ), #459, 'distance_accuracy_value', 'NONE');
#1685 = DIRECTION ( 'NONE',  ( 1.000000000000000000, 0.0000000000000000000, 0.0000000000000000000 ) ) ;
#1686 = MECHANICAL_DESIGN_GEOMETRIC_PRESENTATION_REPRESENTATION (  '', ( #1124 ), #219 ) ;
#1687 = EDGE_CURVE ( 'NONE', #530, #1523, #1064, .T. ) ;
#1688 = PRESENTATION_LAYER_ASSIGNMENT (  '', '', ( #417 ) ) ;
#1689 = AXIS2_PLACEMENT_3D ( 'NONE', #898, #1288, #324 ) ;
#1690 = ORIENTED_EDGE ( 'NONE', *, *, #1580, .T. ) ;
#1691 = AXIS2_PLACEMENT_3D ( 'NONE', #1398, #1577, #870 ) ;
#1692 = ADVANCED_BREP_SHAPE_REPRESENTATION ( 'F85B63AA-285C-4839-AD42-7CBB6340DD53', ( #1198, #1576 ), #1551 ) ;
#1693 = FACE_OUTER_BOUND ( 'NONE', #595, .T. ) ;
#1694 = CARTESIAN_POINT ( 'NONE',  ( -0.7500000000000001110, 0.4500000000000000666, 1.324999999999999956 ) ) ;
#1695 = ORIENTED_EDGE ( 'NONE', *, *, #1145, .F. ) ;
#1696 = ORIENTED_EDGE ( 'NONE', *, *, #1548, .T. ) ;
#1697 = PRODUCT_DEFINITION ( 'UNKNOWN', '', #164, #1546 ) ;
#1698 = ORIENTED_EDGE ( 'NONE', *, *, #105, .F. ) ;
#1699 = DIRECTION ( 'NONE',  ( 1.000000000000000000, -0.0000000000000000000, 0.0000000000000000000 ) ) ;
#1700 = FACE_OUTER_BOUND ( 'NONE', #294, .T. ) ;
#1701 = LINE ( 'NONE', #359, #1090 ) ;
#1702 = FACE_OUTER_BOUND ( 'NONE', #663, .T. ) ;
#1703 = FACE_OUTER_BOUND ( 'NONE', #56, .T. ) ;
#1704 = CARTESIAN_POINT ( 'NONE',  ( -0.3749999999999998890, 0.0000000000000000000, 0.0000000000000000000 ) ) ;
#1705 = LINE ( 'NONE', #334, #1156 ) ;
#1706 = CLOSED_SHELL ( 'NONE', ( #1726, #1365, #247, #787, #1165, #637, #757, #211, #1253, #1661, #1116, #504, #1127, #866, #1632, #1638, #1454, #1514, #892, #1249, #1677, #1412, #352, #30, #547, #1534, #1331, #1023, #1589, #190, #72, #1458, #1426, #92, #372, #1112, #770, #883, #340, #235, #70, #1669, #573, #409, #79, #210, #1164, #1191, #1151, #374, #1566, #589, #1135, #1555, #226 ) ) ;
#1707 = CARTESIAN_POINT ( 'NONE',  ( 0.1250000000000000833, -3.388131789017202127E-18, -1.315000000024042937 ) ) ;
#1708 = PLANE ( 'NONE',  #500 ) ;
#1709 =( GEOMETRIC_REPRESENTATION_CONTEXT ( 3 ) GLOBAL_UNCERTAINTY_ASSIGNED_CONTEXT ( ( #1529 ) ) GLOBAL_UNIT_ASSIGNED_CONTEXT ( ( #312, #464, #1526 ) ) REPRESENTATION_CONTEXT ( 'NONE', 'WORKASPACE' ) );
#1710 = FACE_OUTER_BOUND ( 'NONE', #355, .T. ) ;
#1711 = CIRCLE ( 'NONE', #536, 0.1249999999999998890 ) ;
#1712 = VECTOR ( 'NONE', #854, 1000.000000000000000 ) ;
#1713 = FACE_OUTER_BOUND ( 'NONE', #845, .T. ) ;
#1714 = VECTOR ( 'NONE', #1095, 1000.000000000000000 ) ;
#1715 = EDGE_CURVE ( 'NONE', #1325, #652, #126, .T. ) ;
#1716 = EDGE_LOOP ( 'NONE', ( #1005, #569, #154, #257 ) ) ;
#1717 = PLANE ( 'NONE',  #156 ) ;
#1718 = DIRECTION ( 'NONE',  ( 1.000000000000000000, 0.0000000000000000000, 0.0000000000000000000 ) ) ;
#1719 = ORIENTED_EDGE ( 'NONE', *, *, #734, .F. ) ;
#1720 =( NAMED_UNIT ( * ) PLANE_ANGLE_UNIT ( ) SI_UNIT ( $, .RADIAN. ) );
#1721 = ORIENTED_EDGE ( 'NONE', *, *, #1067, .F. ) ;
#1722 = CARTESIAN_POINT ( 'NONE',  ( -0.8749999999999998890, 0.0000000000000000000, 1.490000000666666491 ) ) ;
#1723 = FACE_BOUND ( 'NONE', #999, .T. ) ;
#1724 = CARTESIAN_POINT ( 'NONE',  ( 0.3750000000000000555, -0.02500000000000000486, 1.489999999999999991 ) ) ;
#1725 = ORIENTED_EDGE ( 'NONE', *, *, #750, .F. ) ;
#1726 = ADVANCED_FACE ( 'NONE', ( #1597 ), #385, .F. ) ;
#1727 = CARTESIAN_POINT ( 'NONE',  ( -0.8750000000000001110, -0.05000000000000000971, -1.314999999999999947 ) ) ;
#1728 = ORIENTED_EDGE ( 'NONE', *, *, #653, .T. ) ;
#1729 = DIRECTION ( 'NONE',  ( 0.0000000000000000000, 0.0000000000000000000, -1.000000000000000000 ) ) ;
#1730 = VERTEX_POINT ( 'NONE', #699 ) ;
#1731 = CARTESIAN_POINT ( 'NONE',  ( -0.3750000000000000555, 0.0000000000000000000, -1.490000000666666491 ) ) ;
#1732 = ORIENTED_EDGE ( 'NONE', *, *, #610, .F. ) ;
#1733 = CARTESIAN_POINT ( 'NONE',  ( 0.6250000000000001110, -0.05000000000000000278, 1.489999999999999991 ) ) ;
#1734 = ORIENTED_EDGE ( 'NONE', *, *, #1687, .T. ) ;
#1735 = VECTOR ( 'NONE', #286, 1000.000000000000000 ) ;
#1736 = ORIENTED_EDGE ( 'NONE', *, *, #1715, .F. ) ;
#1737 = FILL_AREA_STYLE_COLOUR ( '', #28 ) ;
#1738 = EDGE_CURVE ( 'NONE', #662, #1224, #976, .T. ) ;
#1739 = EDGE_LOOP ( 'NONE', ( #865, #966, #371, #1550 ) ) ;
#1740 = CARTESIAN_POINT ( 'NONE',  ( -0.3750000000000000555, -0.05000000000000000971, -1.402500000000000080 ) ) ;
#1741 = DIRECTION ( 'NONE',  ( 0.0000000000000000000, 0.0000000000000000000, -1.000000000000000000 ) ) ;
#1742 = VECTOR ( 'NONE', #48, 1000.000000000000000 ) ;
#1743 = VECTOR ( 'NONE', #592, 1000.000000000000114 ) ;
#1744 = LINE ( 'NONE', #1471, #666 ) ;
ENDSEC;
END-ISO-10303-21;
