ISO-10303-21;
HEADER;
FILE_DESCRIPTION (( 'STEP AP214' ),
    '1' );
FILE_NAME ('EVQPU-KB-02K.STEP',
    '2026-08-03T13:25:06',
    ( '' ),
    ( '' ),
    'SwSTEP 2.0',
    'SolidWorks 2026',
    '' );
FILE_SCHEMA (( 'AUTOMOTIVE_DESIGN' ));
ENDSEC;

DATA;
#1 = LINE ( 'NONE', #3684, #3156 ) ;
#2 = VERTEX_POINT ( 'NONE', #7524 ) ;
#3 = DIRECTION ( 'NONE',  ( 0.000000000000000000, 0.000000000000000000, -1.000000000000000000 ) ) ;
#4 = ORIENTED_EDGE ( 'NONE', *, *, #1786, .F. ) ;
#5 = DIRECTION ( 'NONE',  ( 1.215290246266205980E-12, -1.000000000000000000, 9.166665094085399879E-12 ) ) ;
#6 = ORIENTED_EDGE ( 'NONE', *, *, #792, .F. ) ;
#7 = LINE ( 'NONE', #2877, #848 ) ;
#8 = EDGE_CURVE ( 'NONE', #5846, #4166, #5164, .T. ) ;
#9 = DIRECTION ( 'NONE',  ( 0.000000000000000000, 9.166665094085399879E-12, 1.000000000000000000 ) ) ;
#10 = CARTESIAN_POINT ( 'NONE',  ( -1.699999999999999956, 1.499999999738714118, 1.521793619773354811 ) ) ;
#11 = DIRECTION ( 'NONE',  ( 0.000000000000000000, -0.9863939211294425746, 0.1643990035215634471 ) ) ;
#12 = LINE ( 'NONE', #734, #8118 ) ;
#13 = VECTOR ( 'NONE', #3471, 1000.000000000000000 ) ;
#14 = ORIENTED_EDGE ( 'NONE', *, *, #9225, .T. ) ;
#15 = DIRECTION ( 'NONE',  ( 1.000000000000000000, 0.000000000000000000, 0.000000000000000000 ) ) ;
#16 = ORIENTED_EDGE ( 'NONE', *, *, #5033, .F. ) ;
#17 = EDGE_CURVE ( 'NONE', #1960, #5256, #7477, .T. ) ;
#18 = CARTESIAN_POINT ( 'NONE',  ( -2.575841710426994613, 0.5999999999999999778, 0.5500000000000000444 ) ) ;
#19 = DIRECTION ( 'NONE',  ( 1.000000000000000000, 0.000000000000000000, 0.000000000000000000 ) ) ;
#20 = ORIENTED_EDGE ( 'NONE', *, *, #756, .F. ) ;
#21 = EDGE_CURVE ( 'NONE', #9452, #2216, #795, .T. ) ;
#22 = CARTESIAN_POINT ( 'NONE',  ( -1.575000000000145173, 0.2000000000991274951, -0.5000000000011000090 ) ) ;
#23 = CARTESIAN_POINT ( 'NONE',  ( -1.799999999887499813, 0.04000000009687509905, 0.5000000000284999802 ) ) ;
#24 =( LENGTH_UNIT ( ) NAMED_UNIT ( * ) SI_UNIT ( .MILLI., .METRE. ) );
#25 = VECTOR ( 'NONE', #311, 1000.000000000000000 ) ;
#26 = CARTESIAN_POINT ( 'NONE',  ( -2.585174526507610260, 1.650056147000000140, 2.022298199738870039 ) ) ;
#27 = CARTESIAN_POINT ( 'NONE',  ( -0.5000000000000000000, 0.000000000000000000, 0.5999999999999999778 ) ) ;
#28 = ORIENTED_EDGE ( 'NONE', *, *, #8672, .T. ) ;
#29 =( NAMED_UNIT ( * ) SI_UNIT ( $, .STERADIAN. ) SOLID_ANGLE_UNIT ( ) );
#30 = EDGE_LOOP ( 'NONE', ( #893, #7061, #635, #3383 ) ) ;
#31 = FACE_OUTER_BOUND ( 'NONE', #3505, .T. ) ;
#32 = ORIENTED_EDGE ( 'NONE', *, *, #7030, .T. ) ;
#33 = DIRECTION ( 'NONE',  ( -1.000000000000000000, -1.215288991440558167E-12, 1.114014717706440003E-23 ) ) ;
#34 = DIRECTION ( 'NONE',  ( 0.000000000000000000, 1.000000000000000000, -1.214080558205069872E-16 ) ) ;
#35 = EDGE_CURVE ( 'NONE', #5455, #5226, #2361, .T. ) ;
#36 = VERTEX_POINT ( 'NONE', #8111 ) ;
#37 = DIRECTION ( 'NONE',  ( 0.000000000000000000, -1.000000000000000000, 0.000000000000000000 ) ) ;
#38 = ORIENTED_EDGE ( 'NONE', *, *, #110, .T. ) ;
#39 = PLANE ( 'NONE',  #5947 ) ;
#40 = ORIENTED_EDGE ( 'NONE', *, *, #1692, .F. ) ;
#41 = DIRECTION ( 'NONE',  ( 1.000000000000000000, 0.000000000000000000, 0.000000000000000000 ) ) ;
#42 = AXIS2_PLACEMENT_3D ( 'NONE', #3228, #6176, #2504 ) ;
#43 = SURFACE_STYLE_USAGE ( .BOTH. , #5184 ) ;
#44 = CARTESIAN_POINT ( 'NONE',  ( 2.149999999999999911, 1.500000000000000000, 1.749999999625740044 ) ) ;
#45 = EDGE_CURVE ( 'NONE', #8068, #4080, #892, .T. ) ;
#46 = CARTESIAN_POINT ( 'NONE',  ( 1.275000000037500136, 0.2000000001025909746, -0.5000000000011000090 ) ) ;
#47 = EDGE_CURVE ( 'NONE', #1018, #827, #3131, .T. ) ;
#48 = ORIENTED_EDGE ( 'NONE', *, *, #1262, .F. ) ;
#49 = LINE ( 'NONE', #1535, #4070 ) ;
#50 = ORIENTED_EDGE ( 'NONE', *, *, #9348, .F. ) ;
#51 = DIRECTION ( 'NONE',  ( 0.000000000000000000, 1.000000000000000000, 0.000000000000000000 ) ) ;
#52 = VECTOR ( 'NONE', #2081, 1000.000000000000000 ) ;
#53 = EDGE_LOOP ( 'NONE', ( #2421, #8830, #9339, #3490, #1610, #6170, #3576, #7512 ) ) ;
#54 = CARTESIAN_POINT ( 'NONE',  ( -1.325000000007034107, 1.060000000000000053, 1.550000000032019987 ) ) ;
#55 = LINE ( 'NONE', #111, #634 ) ;
#56 = CARTESIAN_POINT ( 'NONE',  ( 1.275000000000000133, 1.060000000000000053, 1.500000000000000000 ) ) ;
#57 = PLANE ( 'NONE',  #7947 ) ;
#58 = LINE ( 'NONE', #8235, #8078 ) ;
#59 = AXIS2_PLACEMENT_3D ( 'NONE', #5648, #7050, #4924 ) ;
#60 = ORIENTED_EDGE ( 'NONE', *, *, #1512, .T. ) ;
#61 = DIRECTION ( 'NONE',  ( 0.000000000000000000, 1.000000000000000000, 0.000000000000000000 ) ) ;
#62 = EDGE_LOOP ( 'NONE', ( #4870, #6419, #338, #1934 ) ) ;
#63 = CARTESIAN_POINT ( 'NONE',  ( 1.699999999999999956, 1.400056147000000140, -1.499178201304242064 ) ) ;
#64 = COLOUR_RGB ( '',0.7764705882352941346, 0.7568627450980391913, 0.7372549019607843590 ) ;
#65 = FACE_OUTER_BOUND ( 'NONE', #6231, .T. ) ;
#66 = DIRECTION ( 'NONE',  ( 0.000000000000000000, -1.000000000000000000, 0.000000000000000000 ) ) ;
#67 = CARTESIAN_POINT ( 'NONE',  ( -2.149999999999999911, 0.5039421739999999650, -1.790168786000000178 ) ) ;
#68 = CARTESIAN_POINT ( 'NONE',  ( 1.959807621391375099, -6.776263578034400401E-18, -1.449999999827899844 ) ) ;
#69 = EDGE_CURVE ( 'NONE', #2543, #2988, #2414, .T. ) ;
#70 = ORIENTED_EDGE ( 'NONE', *, *, #2738, .T. ) ;
#71 = EDGE_CURVE ( 'NONE', #4010, #6308, #1599, .T. ) ;
#72 = CARTESIAN_POINT ( 'NONE',  ( 1.449999999999999956, 1.060000000000000053, -1.475774862966304113 ) ) ;
#73 = CARTESIAN_POINT ( 'NONE',  ( 2.249999999958334662, 0.8865307614232849076, 1.772778395418294961 ) ) ;
#74 = VERTEX_POINT ( 'NONE', #3085 ) ;
#75 = LINE ( 'NONE', #320, #1340 ) ;
#76 = ORIENTED_EDGE ( 'NONE', *, *, #2738, .F. ) ;
#77 = AXIS2_PLACEMENT_3D ( 'NONE', #9423, #1537, #770 ) ;
#78 = LINE ( 'NONE', #277, #8848 ) ;
#79 = AXIS2_PLACEMENT_3D ( 'NONE', #3555, #1545, #2928 ) ;
#80 = AXIS2_PLACEMENT_3D ( 'NONE', #2940, #750, #791 ) ;
#81 = DIRECTION ( 'NONE',  ( 0.000000000000000000, -0.7670584344438009516, -0.6415772425426460313 ) ) ;
#82 = VECTOR ( 'NONE', #1539, 1000.000000000000000 ) ;
#83 = VECTOR ( 'NONE', #1860, 1000.000000000000000 ) ;
#84 = ORIENTED_EDGE ( 'NONE', *, *, #4369, .T. ) ;
#86 = AXIS2_PLACEMENT_3D ( 'NONE', #4144, #2700, #3370 ) ;
#85 = LINE ( 'NONE', #8263, #1770 ) ;
#87 = EDGE_CURVE ( 'NONE', #6800, #4605, #3184, .T. ) ;
#88 = VERTEX_POINT ( 'NONE', #7425 ) ;
#89 = LINE ( 'NONE', #4446, #124 ) ;
#90 = VECTOR ( 'NONE', #755, 1000.000000000000000 ) ;
#91 = EDGE_LOOP ( 'NONE', ( #9172, #2838, #6851, #4892 ) ) ;
#92 = EDGE_CURVE ( 'NONE', #1580, #4010, #5251, .T. ) ;
#93 = EDGE_CURVE ( 'NONE', #6147, #308, #4618, .T. ) ;
#94 = CYLINDRICAL_SURFACE ( 'NONE', #7927, 0.09999999922648550310 ) ;
#95 = EDGE_CURVE ( 'NONE', #308, #603, #6134, .T. ) ;
#96 = FACE_OUTER_BOUND ( 'NONE', #6940, .T. ) ;
#97 = LINE ( 'NONE', #4497, #5109 ) ;
#98 = VECTOR ( 'NONE', #6288, 1000.000000000000000 ) ;
#99 = CYLINDRICAL_SURFACE ( 'NONE', #8399, 0.09999999992500079038 ) ;
#100 = AXIS2_PLACEMENT_3D ( 'NONE', #588, #9374, #8886 ) ;
#101 = VECTOR ( 'NONE', #1801, 1000.000000000000000 ) ;
#102 = ORIENTED_EDGE ( 'NONE', *, *, #1912, .F. ) ;
#103 = DIRECTION ( 'NONE',  ( 0.000000000000000000, 0.000000000000000000, -1.000000000000000000 ) ) ;
#104 = EDGE_LOOP ( 'NONE', ( #3820, #5300, #8081, #3720 ) ) ;
#105 = DIRECTION ( 'NONE',  ( 1.000000000000000000, 0.000000000000000000, -2.168404346416615212E-16 ) ) ;
#106 = EDGE_LOOP ( 'NONE', ( #7670, #287, #1359, #4259 ) ) ;
#107 = VECTOR ( 'NONE', #294, 1000.000000000000000 ) ;
#108 = EDGE_CURVE ( 'NONE', #7734, #6200, #1555, .T. ) ;
#109 = CARTESIAN_POINT ( 'NONE',  ( 1.275000000000000133, 5.787655404495759548, 1.500000000000000000 ) ) ;
#110 = EDGE_CURVE ( 'NONE', #1096, #464, #1515, .T. ) ;
#111 = CARTESIAN_POINT ( 'NONE',  ( -0.2035668847576639906, 1.547467560074999859, 2.150000000083335028 ) ) ;
#112 = STYLED_ITEM ( 'NONE', ( #5932 ), #4830 ) ;
#113 = LINE ( 'NONE', #5968, #9273 ) ;
#114 = PLANE ( 'NONE',  #5633 ) ;
#115 = CARTESIAN_POINT ( 'NONE',  ( -2.149999999496474690, 1.650056147000000140, -0.3999999999508210280 ) ) ;
#116 = AXIS2_PLACEMENT_3D ( 'NONE', #3384, #3291, #8592 ) ;
#117 = AXIS2_PLACEMENT_3D ( 'NONE', #2887, #9351, #7326 ) ;
#118 = VERTEX_POINT ( 'NONE', #3710 ) ;
#119 = DIRECTION ( 'NONE',  ( 0.000000000000000000, 0.000000000000000000, 1.000000000000000000 ) ) ;
#120 = EDGE_LOOP ( 'NONE', ( #6255, #9275, #5636, #3708, #2264 ) ) ;
#121 =( LENGTH_UNIT ( ) NAMED_UNIT ( * ) SI_UNIT ( .MILLI., .METRE. ) );
#122 = DIRECTION ( 'NONE',  ( -0.000000000000000000, 0.04540766144612098931, 0.9989685401863236391 ) ) ;
#123 = PLANE ( 'NONE',  #1092 ) ;
#124 = VECTOR ( 'NONE', #7394, 1000.000000000000114 ) ;
#125 = CARTESIAN_POINT ( 'NONE',  ( -2.350000000000000089, 1.500000000000000000, -1.749999999030890097 ) ) ;
#126 = LINE ( 'NONE', #6609, #5009 ) ;
#127 = AXIS2_PLACEMENT_3D ( 'NONE', #2563, #4926, #8448 ) ;
#128 = DIRECTION ( 'NONE',  ( 2.168404344971008868E-15, 0.000000000000000000, 1.000000000000000000 ) ) ;
#129 = ADVANCED_FACE ( 'NONE', ( #3760 ), #8200, .F. ) ;
#130 = ORIENTED_EDGE ( 'NONE', *, *, #7536, .T. ) ;
#131 = DIRECTION ( 'NONE',  ( 0.000000000000000000, -1.000000000000000000, 7.228014483236699908E-15 ) ) ;
#132 = VECTOR ( 'NONE', #7139, 1000.000000000000114 ) ;
#133 = ORIENTED_EDGE ( 'NONE', *, *, #1943, .T. ) ;
#134 = EDGE_LOOP ( 'NONE', ( #4064, #7322, #9182, #7781 ) ) ;
#135 = CARTESIAN_POINT ( 'NONE',  ( 1.574999999999999956, 0.05000000000000000278, 0.2000000000000000111 ) ) ;
#136 = ORIENTED_EDGE ( 'NONE', *, *, #6096, .F. ) ;
#137 = LINE ( 'NONE', #984, #7933 ) ;
#138 = EDGE_CURVE ( 'NONE', #1504, #183, #7818, .T. ) ;
#139 = DIRECTION ( 'NONE',  ( 1.000000000000000000, 0.000000000000000000, 0.000000000000000000 ) ) ;
#140 = ORIENTED_EDGE ( 'NONE', *, *, #7199, .F. ) ;
#141 = ORIENTED_EDGE ( 'NONE', *, *, #1692, .T. ) ;
#142 = CARTESIAN_POINT ( 'NONE',  ( 1.699999999999999956, 1.690056146999999953, 1.521793620081484777 ) ) ;
#143 = ORIENTED_EDGE ( 'NONE', *, *, #5672, .T. ) ;
#144 = CARTESIAN_POINT ( 'NONE',  ( -0.5000000000000000000, 1.690056146760724909, 0.5500000007735150742 ) ) ;
#145 = ORIENTED_EDGE ( 'NONE', *, *, #3175, .F. ) ;
#146 = DIRECTION ( 'NONE',  ( -1.000000000000000000, -8.340016647272999943E-16, 0.000000000000000000 ) ) ;
#147 = CARTESIAN_POINT ( 'NONE',  ( 1.574999999999999956, 0.5950280735000669230, -0.2000000000000000111 ) ) ;
#148 = EDGE_CURVE ( 'NONE', #6517, #6778, #8484, .T. ) ;
#149 = VERTEX_POINT ( 'NONE', #8395 ) ;
#150 = PLANE ( 'NONE',  #5611 ) ;
#151 = ORIENTED_EDGE ( 'NONE', *, *, #7772, .F. ) ;
#152 = LINE ( 'NONE', #3062, #701 ) ;
#153 = VERTEX_POINT ( 'NONE', #1130 ) ;
#154 = CARTESIAN_POINT ( 'NONE',  ( 1.317912324000000135, 6.887655391691390072, 1.525932237999999996 ) ) ;
#155 = SURFACE_SIDE_STYLE ('',( #4460 ) ) ;
#156 = CARTESIAN_POINT ( 'NONE',  ( 0.01010418081077514053, 0.5950280735000669230, -0.2000000000000000111 ) ) ;
#157 = CARTESIAN_POINT ( 'NONE',  ( -0.1500000000374999976, 0.03999999998249999938, 0.5000000000284999802 ) ) ;
#158 = CIRCLE ( 'NONE', #2438, 0.09999999922648560025 ) ;
#159 = EDGE_CURVE ( 'NONE', #4737, #8195, #1885, .T. ) ;
#160 = ORIENTED_EDGE ( 'NONE', *, *, #3677, .T. ) ;
#161 = CARTESIAN_POINT ( 'NONE',  ( -2.585174526507610260, 1.650056147000000140, 1.499178201002293820 ) ) ;
#162 = ORIENTED_EDGE ( 'NONE', *, *, #8502, .F. ) ;
#163 = CARTESIAN_POINT ( 'NONE',  ( -1.274999999962500130, 0.5950280735000669230, 0.4799031069999999954 ) ) ;
#164 = LINE ( 'NONE', #7469, #5983 ) ;
#165 = FILL_AREA_STYLE ('',( #3124 ) ) ;
#166 = DIRECTION ( 'NONE',  ( -0.7071067811865505703, 0.000000000000000000, -0.7071067811865444641 ) ) ;
#167 = CARTESIAN_POINT ( 'NONE',  ( 1.699999999999999956, 1.500000000000000000, 1.521793620081484777 ) ) ;
#168 = CARTESIAN_POINT ( 'NONE',  ( 1.324999999999999956, 0.4974675599999999753, 1.647727273000000103 ) ) ;
#169 = ORIENTED_EDGE ( 'NONE', *, *, #9214, .T. ) ;
#170 = ADVANCED_FACE ( 'NONE', ( #1794 ), #4145, .T. ) ;
#171 = DIRECTION ( 'NONE',  ( 0.000000000000000000, 1.000000000000000000, 0.000000000000000000 ) ) ;
#172 = CARTESIAN_POINT ( 'NONE',  ( 0.2999999999999999889, 1.197467560283236088, 2.249999999856419741 ) ) ;
#173 = EDGE_LOOP ( 'NONE', ( #3424, #4215, #4642, #1958 ) ) ;
#174 = EDGE_CURVE ( 'NONE', #7978, #905, #4047, .T. ) ;
#175 = CARTESIAN_POINT ( 'NONE',  ( -1.275000000000000133, 3.545694403999999800, 1.500000000000000000 ) ) ;
#176 = AXIS2_PLACEMENT_3D ( 'NONE', #7852, #4232, #597 ) ;
#177 = ORIENTED_EDGE ( 'NONE', *, *, #3892, .F. ) ;
#178 = CARTESIAN_POINT ( 'NONE',  ( -1.700000000066854922, 0.8750000001015389994, 1.600000000035435077 ) ) ;
#179 = CARTESIAN_POINT ( 'NONE',  ( 2.249999999933334660, 0.5973644132420080632, 1.643186506804549918 ) ) ;
#180 = ORIENTED_EDGE ( 'NONE', *, *, #3325, .T. ) ;
#181 = ORIENTED_EDGE ( 'NONE', *, *, #1734, .T. ) ;
#182 = CARTESIAN_POINT ( 'NONE',  ( -0.7500000000000000000, 1.247467559705230045, -1.613636363738395030 ) ) ;
#183 = VERTEX_POINT ( 'NONE', #9058 ) ;
#184 = CARTESIAN_POINT ( 'NONE',  ( 0.5000000000000000000, 1.036045423053888026, -0.4813176323380520261 ) ) ;
#185 = ORIENTED_EDGE ( 'NONE', *, *, #5622, .F. ) ;
#186 = DIRECTION ( 'NONE',  ( -1.000000000000000000, -1.215288238484403854E-12, 0.000000000000000000 ) ) ;
#187 = CARTESIAN_POINT ( 'NONE',  ( 1.699999999999999956, 0.9084382109999999955, -1.573580714999999852 ) ) ;
#188 = DIRECTION ( 'NONE',  ( 0.000000000000000000, 1.000000000000000000, 0.000000000000000000 ) ) ;
#189 = FACE_OUTER_BOUND ( 'NONE', #9147, .T. ) ;
#190 = ADVANCED_FACE ( 'NONE', ( #7047 ), #3371, .F. ) ;
#191 = ORIENTED_EDGE ( 'NONE', *, *, #2711, .F. ) ;
#192 = EDGE_CURVE ( 'NONE', #9424, #7579, #6946, .T. ) ;
#193 = EDGE_LOOP ( 'NONE', ( #7338, #514, #7413, #6405 ) ) ;
#194 = LINE ( 'NONE', #9081, #3742 ) ;
#195 = CLOSED_SHELL ( 'NONE', ( #3348, #1959, #7775, #4830, #3133, #8788, #8331 ) ) ;
#196 = EDGE_LOOP ( 'NONE', ( #6867, #4749, #5475, #5940 ) ) ;
#197 = ORIENTED_EDGE ( 'NONE', *, *, #2615, .F. ) ;
#198 = CARTESIAN_POINT ( 'NONE',  ( -2.750000000000000000, 0.5016694850364079583, -0.5500000000000000444 ) ) ;
#199 = CARTESIAN_POINT ( 'NONE',  ( 0.5000000000000000000, 1.060000000000000053, 0.5699999999999999512 ) ) ;
#200 = PLANE ( 'NONE',  #8955 ) ;
#201 = DIRECTION ( 'NONE',  ( 0.000000000000000000, -1.000000000000000000, 0.000000000000000000 ) ) ;
#202 = ORIENTED_EDGE ( 'NONE', *, *, #8403, .T. ) ;
#203 = VECTOR ( 'NONE', #3154, 1000.000000000000000 ) ;
#204 =( NAMED_UNIT ( * ) SI_UNIT ( $, .STERADIAN. ) SOLID_ANGLE_UNIT ( ) );
#205 = ORIENTED_EDGE ( 'NONE', *, *, #911, .T. ) ;
#206 = CARTESIAN_POINT ( 'NONE',  ( -0.1500000000374999976, 0.5950280735000669230, 0.4799031069999999954 ) ) ;
#207 = DIRECTION ( 'NONE',  ( 1.000000000000000000, 0.000000000000000000, 0.000000000000000000 ) ) ;
#208 = CARTESIAN_POINT ( 'NONE',  ( -2.299999999999999822, 1.650056147000000140, -1.391115596000000121 ) ) ;
#209 = EDGE_CURVE ( 'NONE', #2239, #5442, #508, .T. ) ;
#210 = DIRECTION ( 'NONE',  ( 0.000000000000000000, 0.000000000000000000, 1.000000000000000000 ) ) ;
#211 = LINE ( 'NONE', #2498, #2267 ) ;
#212 = EDGE_CURVE ( 'NONE', #5034, #4886, #7669, .T. ) ;
#213 = VECTOR ( 'NONE', #66, 1000.000000000000000 ) ;
#214 = DIRECTION ( 'NONE',  ( 0.000000000000000000, -1.000000000000000000, 1.214080558205069872E-16 ) ) ;
#215 = ORIENTED_EDGE ( 'NONE', *, *, #5522, .T. ) ;
#216 = LINE ( 'NONE', #7476, #3139 ) ;
#217 = PRESENTATION_LAYER_ASSIGNMENT (  '', '', ( #7128 ) ) ;
#218 = DIRECTION ( 'NONE',  ( 0.000000000000000000, -1.000000000000000000, 0.000000000000000000 ) ) ;
#219 = ORIENTED_EDGE ( 'NONE', *, *, #4294, .T. ) ;
#220 = CARTESIAN_POINT ( 'NONE',  ( -0.4999999996666640301, 1.253942174080370009, -1.756077879222299964 ) ) ;
#221 = EDGE_CURVE ( 'NONE', #8869, #6763, #6319, .T. ) ;
#222 = CARTESIAN_POINT ( 'NONE',  ( 1.959807621391375099, -6.776263578034400401E-18, -1.449999999827899844 ) ) ;
#223 = EDGE_CURVE ( 'NONE', #536, #7131, #362, .T. ) ;
#224 = FACE_OUTER_BOUND ( 'NONE', #2200, .T. ) ;
#225 = ORIENTED_EDGE ( 'NONE', *, *, #1573, .F. ) ;
#226 = CARTESIAN_POINT ( 'NONE',  ( 0.4999999996749999731, 0.03000000063083444954, -1.750000000122394983 ) ) ;
#227 = ORIENTED_EDGE ( 'NONE', *, *, #8194, .T. ) ;
#228 = CARTESIAN_POINT ( 'NONE',  ( -0.5999999999999999778, 1.060000000201249959, 1.749999999937500217 ) ) ;
#229 = VECTOR ( 'NONE', #9090, 1000.000000000000000 ) ;
#230 = ORIENTED_EDGE ( 'NONE', *, *, #3001, .F. ) ;
#231 = DIRECTION ( 'NONE',  ( 0.000000000000000000, 0.9989685402826004035, -0.04540765932803047383 ) ) ;
#232 = EDGE_LOOP ( 'NONE', ( #2236, #3060, #5980, #3685, #5464 ) ) ;
#233 = FACE_OUTER_BOUND ( 'NONE', #6359, .T. ) ;
#234 = PLANE ( 'NONE',  #5728 ) ;
#235 = CARTESIAN_POINT ( 'NONE',  ( -2.149999999999999911, 1.500000000000000000, -0.4249999999999999889 ) ) ;
#236 = DIRECTION ( 'NONE',  ( 0.000000000000000000, -1.000000000000000000, 0.000000000000000000 ) ) ;
#237 =( GEOMETRIC_REPRESENTATION_CONTEXT ( 3 ) GLOBAL_UNCERTAINTY_ASSIGNED_CONTEXT ( ( #5943 ) ) GLOBAL_UNIT_ASSIGNED_CONTEXT ( ( #7839, #3393, #5476 ) ) REPRESENTATION_CONTEXT ( 'NONE', 'WORKASPACE' ) );
#238 = COLOUR_RGB ( '',0.7764705882352941346, 0.7568627450980391913, 0.7372549019607843590 ) ;
#239 = VECTOR ( 'NONE', #3811, 1000.000000000000114 ) ;
#240 = VERTEX_POINT ( 'NONE', #419 ) ;
#241 =( NAMED_UNIT ( * ) PLANE_ANGLE_UNIT ( ) SI_UNIT ( $, .RADIAN. ) );
#242 = AXIS2_PLACEMENT_3D ( 'NONE', #6998, #596, #5680 ) ;
#243 = ORIENTED_EDGE ( 'NONE', *, *, #8893, .T. ) ;
#244 = DIRECTION ( 'NONE',  ( 1.000000000000000000, 0.000000000000000000, 0.000000000000000000 ) ) ;
#245 = ORIENTED_EDGE ( 'NONE', *, *, #6937, .T. ) ;
#246 = ORIENTED_EDGE ( 'NONE', *, *, #4252, .T. ) ;
#247 = AXIS2_PLACEMENT_3D ( 'NONE', #6390, #7063, #2578 ) ;
#248 = CARTESIAN_POINT ( 'NONE',  ( 1.324999999999999956, 6.887655391691390072, 1.550000000000000044 ) ) ;
#249 = CARTESIAN_POINT ( 'NONE',  ( -0.4999999996666640301, 1.247467559817226235, -1.613636366202350070 ) ) ;
#250 = CIRCLE ( 'NONE', #1470, 0.09999999922648554473 ) ;
#251 = CARTESIAN_POINT ( 'NONE',  ( -0.7500000000000000000, 1.690056146999999953, -0.6500000000000000222 ) ) ;
#252 = EDGE_CURVE ( 'NONE', #803, #3263, #5396, .T. ) ;
#253 = CIRCLE ( 'NONE', #4689, 0.09999999992500079038 ) ;
#254 = CARTESIAN_POINT ( 'NONE',  ( 2.249999999933334660, 0.8838578738396030143, 1.713974867287429982 ) ) ;
#255 = ORIENTED_EDGE ( 'NONE', *, *, #8301, .T. ) ;
#256 = CARTESIAN_POINT ( 'NONE',  ( -2.750000000000000000, 0.5016694850364079583, 0.5500000000000000444 ) ) ;
#257 = ORIENTED_EDGE ( 'NONE', *, *, #7393, .F. ) ;
#258 = FACE_OUTER_BOUND ( 'NONE', #3477, .T. ) ;
#259 = VECTOR ( 'NONE', #6950, 1000.000000000000000 ) ;
#260 = DIRECTION ( 'NONE',  ( 0.000000000000000000, 0.000000000000000000, -1.000000000000000000 ) ) ;
#261 = DIRECTION ( 'NONE',  ( 0.000000000000000000, -1.000000000000000000, 0.000000000000000000 ) ) ;
#262 = CARTESIAN_POINT ( 'NONE',  ( 0.5500000000568789904, 0.000000000000000000, -1.800000000056880101 ) ) ;
#263 = FILL_AREA_STYLE ('',( #3126 ) ) ;
#264 = AXIS2_PLACEMENT_3D ( 'NONE', #4586, #2468, #1752 ) ;
#265 = CARTESIAN_POINT ( 'NONE',  ( 0.2035668847576639906, 1.547467560074999859, 2.150000000083335028 ) ) ;
#266 = ADVANCED_FACE ( 'NONE', ( #6230 ), #505, .T. ) ;
#267 = ORIENTED_EDGE ( 'NONE', *, *, #148, .T. ) ;
#268 = CARTESIAN_POINT ( 'NONE',  ( -1.199999999999999956, 0.2474675600000000031, 1.599999999875000078 ) ) ;
#269 = EDGE_CURVE ( 'NONE', #1928, #1420, #7619, .T. ) ;
#270 = DIRECTION ( 'NONE',  ( 1.000000000000000000, 0.000000000000000000, 0.000000000000000000 ) ) ;
#271 = VECTOR ( 'NONE', #7076, 1000.000000000000000 ) ;
#272 = VERTEX_POINT ( 'NONE', #8441 ) ;
#273 = CARTESIAN_POINT ( 'NONE',  ( 1.449999999999999956, 1.500000000000000000, -1.574026653954375021 ) ) ;
#274 = CARTESIAN_POINT ( 'NONE',  ( 2.750000000000000000, 0.5016694850364079583, 0.5500000000000000444 ) ) ;
#275 = AXIS2_PLACEMENT_3D ( 'NONE', #8481, #4866, #9052 ) ;
#276 = UNCERTAINTY_MEASURE_WITH_UNIT (LENGTH_MEASURE( 1.000000000000000082E-05 ), #3997, 'distance_accuracy_value', 'NONE');
#277 = CARTESIAN_POINT ( 'NONE',  ( 0.5999999999999999778, 1.060000000000000053, -0.6800000000000000488 ) ) ;
#278 = DIRECTION ( 'NONE',  ( 1.000000000000000000, 0.000000000000000000, 0.000000000000000000 ) ) ;
#279 = ORIENTED_EDGE ( 'NONE', *, *, #6593, .F. ) ;
#280 = ADVANCED_FACE ( 'NONE', ( #8340 ), #9207, .T. ) ;
#281 = CARTESIAN_POINT ( 'NONE',  ( -1.150000000083331919, 1.052467559906665961, 1.749999999970835107 ) ) ;
#282 = AXIS2_PLACEMENT_3D ( 'NONE', #4110, #5650, #2510 ) ;
#283 = ADVANCED_FACE ( 'NONE', ( #1034 ), #6901, .T. ) ;
#284 = VERTEX_POINT ( 'NONE', #5447 ) ;
#285 = EDGE_CURVE ( 'NONE', #7022, #2734, #3559, .T. ) ;
#286 = CARTESIAN_POINT ( 'NONE',  ( -2.349999999496474867, 0.8800000001333340149, -0.4249999999508209947 ) ) ;
#287 = ORIENTED_EDGE ( 'NONE', *, *, #6832, .T. ) ;
#288 = LINE ( 'NONE', #144, #8703 ) ;
#289 = ORIENTED_EDGE ( 'NONE', *, *, #5908, .T. ) ;
#290 = DIRECTION ( 'NONE',  ( 0.000000000000000000, 0.000000000000000000, -1.000000000000000000 ) ) ;
#291 = VECTOR ( 'NONE', #641, 1000.000000000000000 ) ;
#292 = DIRECTION ( 'NONE',  ( -1.000000000000000000, 0.000000000000000000, 0.000000000000000000 ) ) ;
#293 = CARTESIAN_POINT ( 'NONE',  ( 0.5999999992264859472, 1.060000000000000053, 0.4700000007735149476 ) ) ;
#294 = DIRECTION ( 'NONE',  ( -1.000000000000000000, 0.000000000000000000, 7.228014483437480391E-16 ) ) ;
#295 = EDGE_LOOP ( 'NONE', ( #3770, #7382, #4781, #8374 ) ) ;
#296 = ADVANCED_FACE ( 'NONE', ( #2123 ), #8719, .T. ) ;
#297 = VERTEX_POINT ( 'NONE', #9438 ) ;
#298 = FACE_OUTER_BOUND ( 'NONE', #8953, .T. ) ;
#299 = ORIENTED_EDGE ( 'NONE', *, *, #1881, .F. ) ;
#300 = VERTEX_POINT ( 'NONE', #7860 ) ;
#301 = FACE_OUTER_BOUND ( 'NONE', #3369, .T. ) ;
#302 = LINE ( 'NONE', #7597, #5675 ) ;
#303 = EDGE_CURVE ( 'NONE', #1207, #3414, #8760, .T. ) ;
#304 =( NAMED_UNIT ( * ) PLANE_ANGLE_UNIT ( ) SI_UNIT ( $, .RADIAN. ) );
#305 = FILL_AREA_STYLE ('',( #1868 ) ) ;
#306 = VERTEX_POINT ( 'NONE', #2841 ) ;
#307 = FACE_OUTER_BOUND ( 'NONE', #5745, .T. ) ;
#308 = VERTEX_POINT ( 'NONE', #7272 ) ;
#309 = PLANE ( 'NONE',  #4207 ) ;
#310 = DIRECTION ( 'NONE',  ( -1.000000000000000000, 0.000000000000000000, 0.000000000000000000 ) ) ;
#311 = DIRECTION ( 'NONE',  ( 0.000000000000000000, 1.000000000000000000, 0.000000000000000000 ) ) ;
#312 = DIRECTION ( 'NONE',  ( 0.000000000000000000, 0.000000000000000000, -1.000000000000000000 ) ) ;
#313 = SURFACE_SIDE_STYLE ('',( #6942 ) ) ;
#314 = ADVANCED_FACE ( 'NONE', ( #5690 ), #9392, .F. ) ;
#315 = ORIENTED_EDGE ( 'NONE', *, *, #5622, .T. ) ;
#316 = LINE ( 'NONE', #7568, #7294 ) ;
#317 = EDGE_CURVE ( 'NONE', #8007, #7657, #2076, .T. ) ;
#318 = DIRECTION ( 'NONE',  ( 0.000000000000000000, 0.000000000000000000, 1.000000000000000000 ) ) ;
#319 = ORIENTED_EDGE ( 'NONE', *, *, #5363, .T. ) ;
#320 = CARTESIAN_POINT ( 'NONE',  ( 1.699999999999999956, 0.8749999999187230149, 1.600000000146275081 ) ) ;
#321 = PLANE ( 'NONE',  #8962 ) ;
#322 = LINE ( 'NONE', #6234, #8695 ) ;
#323 = CARTESIAN_POINT ( 'NONE',  ( -2.149999999911110127, 1.650056147000000140, -1.574026653644445162 ) ) ;
#324 = EDGE_LOOP ( 'NONE', ( #836, #1909, #162, #8917 ) ) ;
#325 = DIRECTION ( 'NONE',  ( 0.000000000000000000, 0.000000000000000000, -1.000000000000000000 ) ) ;
#326 = VECTOR ( 'NONE', #7233, 1000.000000000000227 ) ;
#327 = ORIENTED_EDGE ( 'NONE', *, *, #5209, .F. ) ;
#328 = DIRECTION ( 'NONE',  ( 0.000000000000000000, 0.000000000000000000, -1.000000000000000000 ) ) ;
#329 = VERTEX_POINT ( 'NONE', #8044 ) ;
#330 = DIRECTION ( 'NONE',  ( 0.000000000000000000, 1.000000000000000000, 0.000000000000000000 ) ) ;
#331 = ORIENTED_EDGE ( 'NONE', *, *, #6183, .F. ) ;
#332 =( NAMED_UNIT ( * ) SI_UNIT ( $, .STERADIAN. ) SOLID_ANGLE_UNIT ( ) );
#333 = FACE_OUTER_BOUND ( 'NONE', #4562, .T. ) ;
#334 = DIRECTION ( 'NONE',  ( -1.000000000000000000, 0.000000000000000000, 0.000000000000000000 ) ) ;
#335 = EDGE_CURVE ( 'NONE', #306, #698, #689, .T. ) ;
#336 = ADVANCED_FACE ( 'NONE', ( #1455 ), #5104, .T. ) ;
#337 = FACE_OUTER_BOUND ( 'NONE', #1640, .T. ) ;
#338 = ORIENTED_EDGE ( 'NONE', *, *, #212, .T. ) ;
#339 = DIRECTION ( 'NONE',  ( 0.000000000000000000, 1.000000000000000000, 0.000000000000000000 ) ) ;
#340 = VERTEX_POINT ( 'NONE', #7903 ) ;
#341 = CARTESIAN_POINT ( 'NONE',  ( -1.799999999887499813, 0.03000000011000010167, 0.5000000000284999802 ) ) ;
#342 = VERTEX_POINT ( 'NONE', #9487 ) ;
#343 = ORIENTED_EDGE ( 'NONE', *, *, #1558, .T. ) ;
#344 = CARTESIAN_POINT ( 'NONE',  ( 1.317912324000000135, 5.787655404495759548, 1.525932237999999996 ) ) ;
#345 = FACE_OUTER_BOUND ( 'NONE', #3428, .T. ) ;
#346 = ADVANCED_FACE ( 'NONE', ( #8582 ), #4378, .T. ) ;
#347 = SURFACE_SIDE_STYLE ('',( #7069 ) ) ;
#348 = EDGE_CURVE ( 'NONE', #1069, #7825, #740, .T. ) ;
#349 = EDGE_LOOP ( 'NONE', ( #3452, #1469, #5556, #1840, #2908 ) ) ;
#350 = DIRECTION ( 'NONE',  ( 0.000000000000000000, 0.000000000000000000, 1.000000000000000000 ) ) ;
#351 = ORIENTED_EDGE ( 'NONE', *, *, #7504, .T. ) ;
#352 = CARTESIAN_POINT ( 'NONE',  ( 1.699999999600005030, 1.387655459237821853, -1.750000000127529987 ) ) ;
#353 = DIRECTION ( 'NONE',  ( 0.000000000000000000, 1.000000000000000000, 0.000000000000000000 ) ) ;
#354 = FACE_OUTER_BOUND ( 'NONE', #781, .T. ) ;
#355 = ORIENTED_EDGE ( 'NONE', *, *, #6852, .T. ) ;
#356 = DIRECTION ( 'NONE',  ( 0.000000000000000000, 0.000000000000000000, -1.000000000000000000 ) ) ;
#357 = VECTOR ( 'NONE', #1081, 1000.000000000000000 ) ;
#358 = CARTESIAN_POINT ( 'NONE',  ( -0.5999999999999999778, 1.060000000000000053, -0.5500000000000000444 ) ) ;
#359 = AXIS2_PLACEMENT_3D ( 'NONE', #2575, #6150, #7686 ) ;
#360 = ORIENTED_EDGE ( 'NONE', *, *, #7504, .F. ) ;
#361 = CARTESIAN_POINT ( 'NONE',  ( -2.099999999496474867, 0.8800000010346420432, 0.4249999999999999889 ) ) ;
#362 = LINE ( 'NONE', #5504, #3401 ) ;
#363 = VERTEX_POINT ( 'NONE', #5644 ) ;
#364 = VECTOR ( 'NONE', #5873, 1000.000000000000000 ) ;
#365 = PLANE ( 'NONE',  #4867 ) ;
#366 = PLANE ( 'NONE',  #8031 ) ;
#367 = LINE ( 'NONE', #1890, #6247 ) ;
#368 = EDGE_CURVE ( 'NONE', #3055, #8068, #2751, .T. ) ;
#369 = DIRECTION ( 'NONE',  ( 0.000000000000000000, 1.000000000000000000, 0.000000000000000000 ) ) ;
#370 = EDGE_CURVE ( 'NONE', #3121, #3981, #2215, .T. ) ;
#371 = EDGE_LOOP ( 'NONE', ( #9500, #1243, #2505, #438, #9123, #5216 ) ) ;
#372 = STYLED_ITEM ( 'NONE', ( #7224 ), #2860 ) ;
#373 = DIRECTION ( 'NONE',  ( -1.000000000000000000, 0.000000000000000000, 0.000000000000000000 ) ) ;
#374 = DIRECTION ( 'NONE',  ( 0.4916525748179580435, -0.8707914478650282675, 0.000000000000000000 ) ) ;
#375 = VERTEX_POINT ( 'NONE', #3847 ) ;
#376 = CARTESIAN_POINT ( 'NONE',  ( 1.324999999999999956, 0.8758159892704080463, 1.537053399649300101 ) ) ;
#377 = ORIENTED_EDGE ( 'NONE', *, *, #5073, .F. ) ;
#378 = LINE ( 'NONE', #1812, #3759 ) ;
#379 = DIRECTION ( 'NONE',  ( -1.000000000000000000, 0.000000000000000000, 0.000000000000000000 ) ) ;
#380 = CARTESIAN_POINT ( 'NONE',  ( -2.350000000000000089, 1.500000000000000000, -1.600000000000000089 ) ) ;
#381 = PLANE ( 'NONE',  #7010 ) ;
#382 = ADVANCED_FACE ( 'NONE', ( #925 ), #8860, .F. ) ;
#383 = CIRCLE ( 'NONE', #4972, 0.2500000000000000000 ) ;
#384 = ORIENTED_EDGE ( 'NONE', *, *, #9017, .F. ) ;
#385 = DIRECTION ( 'NONE',  ( 0.000000000000000000, 0.000000000000000000, 1.000000000000000000 ) ) ;
#386 = ORIENTED_EDGE ( 'NONE', *, *, #6820, .T. ) ;
#387 = ADVANCED_FACE ( 'NONE', ( #2265 ), #882, .T. ) ;
#388 = EDGE_CURVE ( 'NONE', #7015, #6925, #783, .T. ) ;
#389 = ORIENTED_EDGE ( 'NONE', *, *, #8594, .F. ) ;
#390 = VERTEX_POINT ( 'NONE', #8946 ) ;
#391 = DIRECTION ( 'NONE',  ( -1.000000000000000000, 0.000000000000000000, 0.000000000000000000 ) ) ;
#392 = CARTESIAN_POINT ( 'NONE',  ( 0.4999999996666670277, 1.247467559705230045, -1.613636363738395030 ) ) ;
#393 = AXIS2_PLACEMENT_3D ( 'NONE', #5826, #5103, #8144 ) ;
#394 = AXIS2_PLACEMENT_3D ( 'NONE', #5008, #8041, #7370 ) ;
#395 = PRESENTATION_LAYER_ASSIGNMENT (  '', '', ( #5290 ) ) ;
#396 = CARTESIAN_POINT ( 'NONE',  ( 2.350000000096295061, 0.2000000000000000111, -1.750000000000000000 ) ) ;
#397 = VECTOR ( 'NONE', #3443, 999.9999999999998863 ) ;
#398 = ORIENTED_EDGE ( 'NONE', *, *, #6035, .F. ) ;
#399 = ADVANCED_FACE ( 'NONE', ( #3701 ), #3123, .T. ) ;
#400 = DIRECTION ( 'NONE',  ( 0.000000000000000000, 0.000000000000000000, -1.000000000000000000 ) ) ;
#401 = ORIENTED_EDGE ( 'NONE', *, *, #3683, .T. ) ;
#402 = EDGE_CURVE ( 'NONE', #1518, #4371, #6070, .T. ) ;
#403 = COLOUR_RGB ( '',0.7764705882352941346, 0.7568627450980391913, 0.7372549019607843590 ) ;
#404 = CARTESIAN_POINT ( 'NONE',  ( 2.342588587610479944, 1.590056147773514894, 0.3999999999642335213 ) ) ;
#405 = EDGE_CURVE ( 'NONE', #240, #8844, #164, .T. ) ;
#406 = CARTESIAN_POINT ( 'NONE',  ( -2.350000000000000089, 0.8401360609999999340, 1.451643989999999995 ) ) ;
#407 = VECTOR ( 'NONE', #4181, 1000.000000000000000 ) ;
#408 = CARTESIAN_POINT ( 'NONE',  ( -0.5999999999999999778, 1.060000000201249959, 1.749999999937500217 ) ) ;
#409 = ORIENTED_EDGE ( 'NONE', *, *, #2604, .F. ) ;
#410 = VECTOR ( 'NONE', #9371, 1000.000000000000000 ) ;
#411 = DIRECTION ( 'NONE',  ( 1.000000000000000000, 0.000000000000000000, 0.000000000000000000 ) ) ;
#412 = PLANE ( 'NONE',  #6866 ) ;
#413 = DIRECTION ( 'NONE',  ( -1.000000000000000000, 0.000000000000000000, 0.000000000000000000 ) ) ;
#414 = VECTOR ( 'NONE', #8626, 1000.000000000000000 ) ;
#415 = VECTOR ( 'NONE', #5521, 1000.000000000000000 ) ;
#416 = ORIENTED_EDGE ( 'NONE', *, *, #6245, .T. ) ;
#417 = CARTESIAN_POINT ( 'NONE',  ( 2.242588588383994885, 1.590056147773514894, -1.475774863000000048 ) ) ;
#418 = AXIS2_PLACEMENT_3D ( 'NONE', #9213, #5551, #1743 ) ;
#419 = CARTESIAN_POINT ( 'NONE',  ( -0.5999999999999999778, 1.547467560000000075, 2.250000000012499779 ) ) ;
#420 = ORIENTED_EDGE ( 'NONE', *, *, #6006, .F. ) ;
#421 = CARTESIAN_POINT ( 'NONE',  ( 1.149999999999999911, 2.168404344971009854E-16, 1.600000000000000089 ) ) ;
#422 = DIRECTION ( 'NONE',  ( 0.000000000000000000, -0.1643990035215670276, 0.9863939211294420195 ) ) ;
#423 = DIRECTION ( 'NONE',  ( 0.000000000000000000, 0.04540765932803048077, 0.9989685402826005145 ) ) ;
#424 = DIRECTION ( 'NONE',  ( 0.000000000000000000, 0.000000000000000000, -1.000000000000000000 ) ) ;
#425 = ADVANCED_FACE ( 'NONE', ( #4518 ), #6750, .F. ) ;
#426 = DIRECTION ( 'NONE',  ( 0.000000000000000000, -0.1643989871364739952, 0.9863939238602908999 ) ) ;
#427 = VERTEX_POINT ( 'NONE', #4567 ) ;
#428 = VECTOR ( 'NONE', #3045, 1000.000000000000000 ) ;
#429 = CARTESIAN_POINT ( 'NONE',  ( -1.700000000052194871, 0.8699944348400250327, -1.630794232970285140 ) ) ;
#430 = VECTOR ( 'NONE', #3926, 1000.000000000000000 ) ;
#431 = EDGE_LOOP ( 'NONE', ( #5089, #7486, #3091, #2842 ) ) ;
#432 = ADVANCED_FACE ( 'NONE', ( #8243 ), #1548, .T. ) ;
#433 = ORIENTED_EDGE ( 'NONE', *, *, #2803, .F. ) ;
#434 = CARTESIAN_POINT ( 'NONE',  ( 1.149999999999999911, 0.000000000000000000, -1.750000000000000000 ) ) ;
#435 = DIRECTION ( 'NONE',  ( 0.000000000000000000, 0.000000000000000000, 1.000000000000000000 ) ) ;
#436 = VECTOR ( 'NONE', #3432, 1000.000000000000000 ) ;
#437 = DIRECTION ( 'NONE',  ( 0.000000000000000000, 2.551063935260009998E-16, -1.000000000000000000 ) ) ;
#438 = ORIENTED_EDGE ( 'NONE', *, *, #5696, .T. ) ;
#439 = DIRECTION ( 'NONE',  ( -1.000000000000000000, 0.000000000000000000, 0.000000000000000000 ) ) ;
#440 = ORIENTED_EDGE ( 'NONE', *, *, #683, .T. ) ;
#441 = CARTESIAN_POINT ( 'NONE',  ( 1.574999999999999956, 0.1999999999541665074, -0.5000000000027500224 ) ) ;
#442 = EDGE_CURVE ( 'NONE', #5472, #1349, #7516, .T. ) ;
#443 = ORIENTED_EDGE ( 'NONE', *, *, #1088, .F. ) ;
#444 = AXIS2_PLACEMENT_3D ( 'NONE', #358, #9204, #1932 ) ;
#445 = VERTEX_POINT ( 'NONE', #3747 ) ;
#446 = CARTESIAN_POINT ( 'NONE',  ( 1.449999999999999956, 1.500000000000000000, -1.600000000000000089 ) ) ;
#447 = CARTESIAN_POINT ( 'NONE',  ( 1.849999999675000062, 0.03000000011000010167, 0.5000000004514040253 ) ) ;
#448 = LINE ( 'NONE', #6163, #5762 ) ;
#449 = EDGE_CURVE ( 'NONE', #456, #7755, #5060, .T. ) ;
#450 = ORIENTED_EDGE ( 'NONE', *, *, #6321, .F. ) ;
#451 = DIRECTION ( 'NONE',  ( 1.000000000000000000, 0.000000000000000000, 0.000000000000000000 ) ) ;
#452 = VERTEX_POINT ( 'NONE', #4468 ) ;
#453 = DIRECTION ( 'NONE',  ( 1.000000000000000000, 0.000000000000000000, 0.000000000000000000 ) ) ;
#454 =( NAMED_UNIT ( * ) PLANE_ANGLE_UNIT ( ) SI_UNIT ( $, .RADIAN. ) );
#455 = DIRECTION ( 'NONE',  ( -1.000000000000000000, 0.000000000000000000, 0.000000000000000000 ) ) ;
#456 = VERTEX_POINT ( 'NONE', #5244 ) ;
#457 = FACE_OUTER_BOUND ( 'NONE', #7789, .T. ) ;
#458 = DIRECTION ( 'NONE',  ( 0.000000000000000000, 0.000000000000000000, -1.000000000000000000 ) ) ;
#459 = DIRECTION ( 'NONE',  ( 0.000000000000000000, 1.000000000000000000, 0.000000000000000000 ) ) ;
#460 = EDGE_CURVE ( 'NONE', #529, #8132, #1687, .T. ) ;
#461 = VERTEX_POINT ( 'NONE', #4425 ) ;
#462 = DIRECTION ( 'NONE',  ( 0.000000000000000000, 0.000000000000000000, 1.000000000000000000 ) ) ;
#463 = CARTESIAN_POINT ( 'NONE',  ( 0.7500000000000000000, 1.650056147000000140, -0.6800000000000000488 ) ) ;
#464 = VERTEX_POINT ( 'NONE', #1591 ) ;
#465 = DIRECTION ( 'NONE',  ( 0.000000000000000000, 0.000000000000000000, 1.000000000000000000 ) ) ;
#466 = CARTESIAN_POINT ( 'NONE',  ( 1.449999999226485814, 0.5039421739999999650, -1.790168786000000178 ) ) ;
#467 = CARTESIAN_POINT ( 'NONE',  ( -0.2999999999999999889, 1.097467561056749918, 2.150000000798514943 ) ) ;
#468 = FACE_OUTER_BOUND ( 'NONE', #2793, .T. ) ;
#469 = ADVANCED_FACE ( 'NONE', ( #2932 ), #8099, .F. ) ;
#470 = ORIENTED_EDGE ( 'NONE', *, *, #1707, .F. ) ;
#471 = DIRECTION ( 'NONE',  ( 0.000000000000000000, 0.000000000000000000, -1.000000000000000000 ) ) ;
#472 = ADVANCED_FACE ( 'NONE', ( #9091 ), #7606, .F. ) ;
#473 = VERTEX_POINT ( 'NONE', #9049 ) ;
#474 = CARTESIAN_POINT ( 'NONE',  ( 2.099999999610479673, 0.8800000008003850960, 0.4249999999999999889 ) ) ;
#475 = VERTEX_POINT ( 'NONE', #6893 ) ;
#476 = LINE ( 'NONE', #4838, #7161 ) ;
#477 = LINE ( 'NONE', #4066, #1947 ) ;
#478 = CARTESIAN_POINT ( 'NONE',  ( 1.959807621391375099, 0.8500000004874779247, -1.449999999827899844 ) ) ;
#479 = VECTOR ( 'NONE', #2125, 1000.000000000000000 ) ;
#480 = ORIENTED_EDGE ( 'NONE', *, *, #1549, .T. ) ;
#481 = CARTESIAN_POINT ( 'NONE',  ( 1.449999999999999956, 1.500000000000000000, -1.600000000000000089 ) ) ;
#482 = VERTEX_POINT ( 'NONE', #2636 ) ;
#483 = PRESENTATION_STYLE_ASSIGNMENT (( #7023 ) ) ;
#484 = ORIENTED_EDGE ( 'NONE', *, *, #4629, .F. ) ;
#485 = VERTEX_POINT ( 'NONE', #406 ) ;
#486 = DIRECTION ( 'NONE',  ( 0.000000000000000000, 0.000000000000000000, 1.000000000000000000 ) ) ;
#487 = DIRECTION ( 'NONE',  ( -1.000000000000000000, 0.000000000000000000, 0.000000000000000000 ) ) ;
#488 = AXIS2_PLACEMENT_3D ( 'NONE', #4362, #7315, #5095 ) ;
#489 = EDGE_CURVE ( 'NONE', #9083, #3915, #6701, .T. ) ;
#490 = CARTESIAN_POINT ( 'NONE',  ( -2.750000000000000000, 0.5016694850364079583, 0.5500000000000000444 ) ) ;
#491 = EDGE_CURVE ( 'NONE', #4371, #1067, #8476, .T. ) ;
#492 = VERTEX_POINT ( 'NONE', #5580 ) ;
#493 = CARTESIAN_POINT ( 'NONE',  ( 1.699999999999999956, 0.8750000007963819604, 1.600000000000000089 ) ) ;
#494 = ORIENTED_EDGE ( 'NONE', *, *, #5913, .T. ) ;
#495 = LINE ( 'NONE', #4946, #2976 ) ;
#496 = CARTESIAN_POINT ( 'NONE',  ( 1.324999999999999956, 1.644835935272310090, 1.550000000000000044 ) ) ;
#497 = DIRECTION ( 'NONE',  ( 0.000000000000000000, -0.04540766116335248626, 0.9989685401991766911 ) ) ;
#498 = ORIENTED_EDGE ( 'NONE', *, *, #7012, .F. ) ;
#499 = DIRECTION ( 'NONE',  ( 0.000000000000000000, 0.000000000000000000, -1.000000000000000000 ) ) ;
#500 = DIRECTION ( 'NONE',  ( 0.000000000000000000, 0.000000000000000000, -1.000000000000000000 ) ) ;
#501 = CARTESIAN_POINT ( 'NONE',  ( -1.700141615236929971, 0.8650483406168240075, 1.600652775423685004 ) ) ;
#502 = VERTEX_POINT ( 'NONE', #6980 ) ;
#503 = CARTESIAN_POINT ( 'NONE',  ( -1.449999999999999956, 1.060000000000000053, -1.475774862966304113 ) ) ;
#504 = ORIENTED_EDGE ( 'NONE', *, *, #1201, .F. ) ;
#505 = PLANE ( 'NONE',  #7564 ) ;
#506 = ORIENTED_EDGE ( 'NONE', *, *, #683, .F. ) ;
#507 = ADVANCED_FACE ( 'NONE', ( #6310 ), #1072, .T. ) ;
#508 = CIRCLE ( 'NONE', #4174, 0.09999999922648560025 ) ;
#509 = EDGE_CURVE ( 'NONE', #3046, #240, #3219, .T. ) ;
#510 = CARTESIAN_POINT ( 'NONE',  ( 0.5000000000000000000, 0.03000000000000000236, 1.750000000000000000 ) ) ;
#511 = LINE ( 'NONE', #1277, #973 ) ;
#512 = CARTESIAN_POINT ( 'NONE',  ( 0.7500000009999999717, 1.147467560013382126, -1.618181818294389895 ) ) ;
#513 = CARTESIAN_POINT ( 'NONE',  ( -1.575000000000145173, 0.2000000001055445009, 0.2000000000000000111 ) ) ;
#514 = ORIENTED_EDGE ( 'NONE', *, *, #8020, .T. ) ;
#515 = CARTESIAN_POINT ( 'NONE',  ( 1.849999999675000062, 0.03000000010999999758, -0.5000000004387700203 ) ) ;
#516 = VECTOR ( 'NONE', #1965, 999.9999999999998863 ) ;
#517 = EDGE_CURVE ( 'NONE', #6174, #6658, #2446, .T. ) ;
#518 = ORIENTED_EDGE ( 'NONE', *, *, #3779, .F. ) ;
#519 = EDGE_CURVE ( 'NONE', #5136, #4905, #884, .T. ) ;
#520 = ADVANCED_FACE ( 'NONE', ( #6938 ), #4812, .F. ) ;
#521 = PRESENTATION_STYLE_ASSIGNMENT (( #2571 ) ) ;
#522 = ORIENTED_EDGE ( 'NONE', *, *, #4559, .T. ) ;
#523 = CARTESIAN_POINT ( 'NONE',  ( 2.322588587997239884, 1.650056147000000140, 0.3999999999642335213 ) ) ;
#524 = FACE_OUTER_BOUND ( 'NONE', #8259, .T. ) ;
#525 = VECTOR ( 'NONE', #5365, 1000.000000000000000 ) ;
#526 = DIRECTION ( 'NONE',  ( 0.000000000000000000, 0.000000000000000000, -1.000000000000000000 ) ) ;
#527 = ORIENTED_EDGE ( 'NONE', *, *, #7203, .T. ) ;
#528 = PLANE ( 'NONE',  #7922 ) ;
#529 = VERTEX_POINT ( 'NONE', #7037 ) ;
#530 = VECTOR ( 'NONE', #3269, 1000.000000000000000 ) ;
#531 = ORIENTED_EDGE ( 'NONE', *, *, #8643, .T. ) ;
#532 = CARTESIAN_POINT ( 'NONE',  ( -1.700000000953369783, 1.500000000000000000, -1.574026654000000081 ) ) ;
#533 = CARTESIAN_POINT ( 'NONE',  ( -2.350000000000000089, 0.8901360611666669920, -1.751643990000000040 ) ) ;
#534 = FACE_OUTER_BOUND ( 'NONE', #5741, .T. ) ;
#535 = CARTESIAN_POINT ( 'NONE',  ( 2.150000000773514941, 0.5039421737466389661, -1.790168786011515190 ) ) ;
#536 = VERTEX_POINT ( 'NONE', #5388 ) ;
#537 = DIRECTION ( 'NONE',  ( -0.7071067811865480168, 0.000000000000000000, 0.7071067811865470176 ) ) ;
#538 = ORIENTED_EDGE ( 'NONE', *, *, #3069, .F. ) ;
#539 = DIRECTION ( 'NONE',  ( 0.000000000000000000, -1.000000000000000000, 0.000000000000000000 ) ) ;
#540 = DIRECTION ( 'NONE',  ( -1.000000000000000000, 0.000000000000000000, 0.000000000000000000 ) ) ;
#541 = VECTOR ( 'NONE', #5677, 1000.000000000000000 ) ;
#542 = ADVANCED_FACE ( 'NONE', ( #8334 ), #2494, .F. ) ;
#543 = LINE ( 'NONE', #5722, #3072 ) ;
#544 = CIRCLE ( 'NONE', #4836, 0.2500000000000000000 ) ;
#545 = LINE ( 'NONE', #1362, #9109 ) ;
#546 = SURFACE_STYLE_USAGE ( .BOTH. , #7951 ) ;
#547 = DIRECTION ( 'NONE',  ( 0.000000000000000000, 0.9989685401991768021, 0.04540766116335116787 ) ) ;
#548 = COLOUR_RGB ( '',0.7764705882352941346, 0.7568627450980391913, 0.7372549019607843590 ) ;
#549 = VECTOR ( 'NONE', #339, 1000.000000000000000 ) ;
#550 = ORIENTED_EDGE ( 'NONE', *, *, #6305, .F. ) ;
#551 = AXIS2_PLACEMENT_3D ( 'NONE', #1935, #4871, #7817 ) ;
#552 = DIRECTION ( 'NONE',  ( -1.000000000000000000, 0.000000000000000000, 0.000000000000000000 ) ) ;
#553 = VERTEX_POINT ( 'NONE', #1782 ) ;
#554 = MECHANICAL_DESIGN_GEOMETRIC_PRESENTATION_REPRESENTATION (  '', ( #2369 ), #8530 ) ;
#555 = CARTESIAN_POINT ( 'NONE',  ( -2.350000000000000089, 0.8499999999602040335, 1.450000000006631984 ) ) ;
#556 = ORIENTED_EDGE ( 'NONE', *, *, #7393, .T. ) ;
#557 = LINE ( 'NONE', #1274, #479 ) ;
#558 = DIRECTION ( 'NONE',  ( 0.000000000000000000, 0.9989685402014012450, 0.04540766111441242592 ) ) ;
#559 = CARTESIAN_POINT ( 'NONE',  ( -0.5000000000000000000, 1.104938393441734057, -0.5014179090000000505 ) ) ;
#560 = AXIS2_PLACEMENT_3D ( 'NONE', #3833, #7449, #103 ) ;
#561 = CARTESIAN_POINT ( 'NONE',  ( 1.800000000000000044, 0.03999999994104164874, 0.4999999999972500331 ) ) ;
#562 = VECTOR ( 'NONE', #9235, 1000.000000000000000 ) ;
#563 = VECTOR ( 'NONE', #146, 1000.000000000000000 ) ;
#564 = EDGE_CURVE ( 'NONE', #7369, #7579, #7661, .T. ) ;
#565 = ORIENTED_EDGE ( 'NONE', *, *, #6691, .T. ) ;
#566 = LINE ( 'NONE', #9217, #7914 ) ;
#567 = STYLED_ITEM ( 'NONE', ( #5326 ), #6717 ) ;
#568 = ORIENTED_EDGE ( 'NONE', *, *, #4516, .T. ) ;
#569 = CARTESIAN_POINT ( 'NONE',  ( 1.449999999999999956, 1.060000000000000053, -1.600000000000000089 ) ) ;
#570 = VECTOR ( 'NONE', #2891, 1000.000000000000000 ) ;
#571 = VERTEX_POINT ( 'NONE', #3265 ) ;
#572 = LINE ( 'NONE', #5799, #2381 ) ;
#573 = LINE ( 'NONE', #3345, #8562 ) ;
#574 = EDGE_CURVE ( 'NONE', #7830, #7197, #9144, .T. ) ;
#575 = VECTOR ( 'NONE', #5941, 1000.000000000000000 ) ;
#576 = AXIS2_PLACEMENT_3D ( 'NONE', #1409, #2703, #7998 ) ;
#577 = EDGE_CURVE ( 'NONE', #5442, #9089, #4908, .T. ) ;
#578 = EDGE_CURVE ( 'NONE', #6933, #4538, #3007, .T. ) ;
#579 = STYLED_ITEM ( 'NONE', ( #4235 ), #4977 ) ;
#580 = ORIENTED_EDGE ( 'NONE', *, *, #8320, .T. ) ;
#581 = DIRECTION ( 'NONE',  ( -1.000000000000000000, -1.215290246266205980E-12, 0.000000000000000000 ) ) ;
#582 = VERTEX_POINT ( 'NONE', #8615 ) ;
#583 = AXIS2_PLACEMENT_3D ( 'NONE', #7752, #3174, #4093 ) ;
#584 = VERTEX_POINT ( 'NONE', #1526 ) ;
#585 = SURFACE_STYLE_USAGE ( .BOTH. , #5620 ) ;
#586 = DIRECTION ( 'NONE',  ( 0.000000000000000000, 0.04540766144612189137, 0.9989685401863237502 ) ) ;
#587 = AXIS2_PLACEMENT_3D ( 'NONE', #3485, #6382, #9314 ) ;
#588 = CARTESIAN_POINT ( 'NONE',  ( -2.350000000096295061, 0.2000000000000000111, -0.5500000000000000444 ) ) ;
#589 = EDGE_CURVE ( 'NONE', #5357, #7053, #89, .T. ) ;
#590 = ORIENTED_EDGE ( 'NONE', *, *, #6354, .F. ) ;
#591 = PLANE ( 'NONE',  #4989 ) ;
#592 = PRESENTATION_LAYER_ASSIGNMENT (  '', '', ( #9492 ) ) ;
#593 = ORIENTED_EDGE ( 'NONE', *, *, #2881, .T. ) ;
#594 = DIRECTION ( 'NONE',  ( 0.000000000000000000, 0.7670584113862491948, 0.6415772701098469977 ) ) ;
#595 = EDGE_CURVE ( 'NONE', #118, #4087, #8862, .T. ) ;
#596 = DIRECTION ( 'NONE',  ( -1.000000000000000000, -1.668003329454599989E-15, 0.000000000000000000 ) ) ;
#597 = DIRECTION ( 'NONE',  ( 0.000000000000000000, 1.000000000000000000, 0.000000000000000000 ) ) ;
#598 = SURFACE_STYLE_FILL_AREA ( #732 ) ;
#599 = CARTESIAN_POINT ( 'NONE',  ( 2.242588588383994885, 1.590056147773514894, -0.4000000000357664676 ) ) ;
#600 = CARTESIAN_POINT ( 'NONE',  ( 2.342588587610479944, 1.140056147740384107, -0.4000000000357664676 ) ) ;
#601 = VERTEX_POINT ( 'NONE', #3721 ) ;
#602 = PLANE ( 'NONE',  #7150 ) ;
#603 = VERTEX_POINT ( 'NONE', #6409 ) ;
#604 = DIRECTION ( 'NONE',  ( 0.000000000000000000, 0.000000000000000000, -1.000000000000000000 ) ) ;
#605 = ORIENTED_EDGE ( 'NONE', *, *, #2397, .F. ) ;
#606 = CARTESIAN_POINT ( 'NONE',  ( -0.5999999999999999778, 1.052467559999999969, 2.250000000000000000 ) ) ;
#607 = DIRECTION ( 'NONE',  ( 1.000000000000000000, 0.000000000000000000, 0.000000000000000000 ) ) ;
#608 = CARTESIAN_POINT ( 'NONE',  ( -2.350000000000000089, 0.9000000000785769450, 1.749999999986905141 ) ) ;
#609 = LINE ( 'NONE', #5160, #6577 ) ;
#610 = EDGE_CURVE ( 'NONE', #4886, #5410, #5952, .T. ) ;
#611 = VERTEX_POINT ( 'NONE', #8018 ) ;
#612 = EDGE_CURVE ( 'NONE', #767, #6991, #7810, .T. ) ;
#613 = LINE ( 'NONE', #2759, #4211 ) ;
#614 = EDGE_LOOP ( 'NONE', ( #1388, #343, #8730, #3696, #2444, #5922, #2966, #6669, #7426, #7392, #140, #3924, #1693, #3517, #8124, #9422, #4187, #9409, #2702, #2362, #6213, #1144, #7085, #8121, #2644, #869, #8186, #4682 ) ) ;
#615 = ORIENTED_EDGE ( 'NONE', *, *, #7187, .T. ) ;
#616 = CARTESIAN_POINT ( 'NONE',  ( 2.350000000096295061, 0.2000000000000000111, -0.5500000000000000444 ) ) ;
#617 = DIRECTION ( 'NONE',  ( 0.000000000000000000, 0.9989685402826004035, -0.04540765932803051547 ) ) ;
#618 = AXIS2_PLACEMENT_3D ( 'NONE', #7254, #2145, #1964 ) ;
#619 = VERTEX_POINT ( 'NONE', #2284 ) ;
#620 = CARTESIAN_POINT ( 'NONE',  ( -2.349999999496474867, 0.8800000001333340149, 0.4250000000491789276 ) ) ;
#621 = VERTEX_POINT ( 'NONE', #8123 ) ;
#622 = ORIENTED_EDGE ( 'NONE', *, *, #5324, .F. ) ;
#623 = EDGE_CURVE ( 'NONE', #8007, #4785, #2016, .T. ) ;
#624 = DIRECTION ( 'NONE',  ( 0.000000000000000000, 0.000000000000000000, -1.000000000000000000 ) ) ;
#625 = ADVANCED_FACE ( 'NONE', ( #9510 ), #4346, .T. ) ;
#626 = DIRECTION ( 'NONE',  ( 7.228014483236700500E-16, 0.000000000000000000, 1.000000000000000000 ) ) ;
#627 =( LENGTH_UNIT ( ) NAMED_UNIT ( * ) SI_UNIT ( .MILLI., .METRE. ) );
#628 = PLANE ( 'NONE',  #5299 ) ;
#629 = EDGE_LOOP ( 'NONE', ( #4339, #8720, #6664, #6470 ) ) ;
#630 = CARTESIAN_POINT ( 'NONE',  ( 2.149999999610479939, 1.690056146978335061, -0.4000000000357664676 ) ) ;
#631 = ORIENTED_EDGE ( 'NONE', *, *, #4793, .T. ) ;
#632 = CARTESIAN_POINT ( 'NONE',  ( -1.350000000000000089, 0.5973644136313710495, -1.643186507004515073 ) ) ;
#633 = ADVANCED_FACE ( 'NONE', ( #5849 ), #39, .F. ) ;
#634 = VECTOR ( 'NONE', #916, 1000.000000000000000 ) ;
#635 = ORIENTED_EDGE ( 'NONE', *, *, #7203, .F. ) ;
#636 = DIRECTION ( 'NONE',  ( 1.000000000000000000, 0.000000000000000000, 0.000000000000000000 ) ) ;
#637 = EDGE_CURVE ( 'NONE', #3483, #8957, #5080, .T. ) ;
#638 = CARTESIAN_POINT ( 'NONE',  ( 2.150000000706850045, 0.4974675599999999753, 1.647727273000000103 ) ) ;
#639 = DIRECTION ( 'NONE',  ( 0.000000000000000000, 0.000000000000000000, 1.000000000000000000 ) ) ;
#640 =( NAMED_UNIT ( * ) SI_UNIT ( $, .STERADIAN. ) SOLID_ANGLE_UNIT ( ) );
#641 = DIRECTION ( 'NONE',  ( 0.000000000000000000, 0.000000000000000000, -1.000000000000000000 ) ) ;
#642 = ORIENTED_EDGE ( 'NONE', *, *, #7077, .F. ) ;
#643 = CARTESIAN_POINT ( 'NONE',  ( 0.7500000000000000000, 1.147467560013382126, -1.618181818294389895 ) ) ;
#644 = ORIENTED_EDGE ( 'NONE', *, *, #7494, .F. ) ;
#645 = CARTESIAN_POINT ( 'NONE',  ( -1.324999999999999956, 1.060000000000000053, 1.600000000000000089 ) ) ;
#646 = ORIENTED_EDGE ( 'NONE', *, *, #2460, .F. ) ;
#647 = LINE ( 'NONE', #3518, #5229 ) ;
#648 = CARTESIAN_POINT ( 'NONE',  ( 0.5000000000000000000, 0.000000000000000000, 0.5999999992499999157 ) ) ;
#649 = CARTESIAN_POINT ( 'NONE',  ( 1.300000000000000044, 1.547467560074999859, 2.150000000083335028 ) ) ;
#650 = DIRECTION ( 'NONE',  ( -1.505836350674309769E-16, 1.000000000000000000, 0.000000000000000000 ) ) ;
#651 = ORIENTED_EDGE ( 'NONE', *, *, #8231, .F. ) ;
#652 = DIRECTION ( 'NONE',  ( 0.000000000000000000, -1.000000000000000000, 0.000000000000000000 ) ) ;
#653 = VERTEX_POINT ( 'NONE', #5891 ) ;
#654 = DIRECTION ( 'NONE',  ( 0.8707914478650282675, -0.4916525748179580435, 0.000000000000000000 ) ) ;
#655 = VERTEX_POINT ( 'NONE', #8782 ) ;
#656 = PLANE ( 'NONE',  #5302 ) ;
#657 = EDGE_CURVE ( 'NONE', #3869, #5226, #8881, .T. ) ;
#658 = CARTESIAN_POINT ( 'NONE',  ( 0.5000000000000000000, 1.104938393441734057, -0.5014179090000000505 ) ) ;
#659 = COLOUR_RGB ( '',0.7764705882352941346, 0.7568627450980391913, 0.7372549019607843590 ) ;
#660 = EDGE_LOOP ( 'NONE', ( #4056, #9194, #9322, #9219, #2888, #1364, #5811, #749, #7838, #5047, #3278, #8547, #4843, #1467, #6349, #932 ) ) ;
#661 = DIRECTION ( 'NONE',  ( 0.000000000000000000, 0.000000000000000000, 1.000000000000000000 ) ) ;
#662 = ORIENTED_EDGE ( 'NONE', *, *, #5676, .F. ) ;
#663 = EDGE_LOOP ( 'NONE', ( #6122, #7766, #5708, #6320 ) ) ;
#664 = DIRECTION ( 'NONE',  ( 0.000000000000000000, 0.000000000000000000, 1.000000000000000000 ) ) ;
#665 = VECTOR ( 'NONE', #9301, 1000.000000000000000 ) ;
#666 = LINE ( 'NONE', #2049, #6600 ) ;
#667 = FACE_OUTER_BOUND ( 'NONE', #3307, .T. ) ;
#668 = EDGE_CURVE ( 'NONE', #8479, #8701, #5126, .T. ) ;
#669 = LINE ( 'NONE', #7215, #4685 ) ;
#670 = ADVANCED_FACE ( 'NONE', ( #8069 ), #1481, .T. ) ;
#671 = ORIENTED_EDGE ( 'NONE', *, *, #6810, .F. ) ;
#672 = EDGE_CURVE ( 'NONE', #6378, #363, #3678, .T. ) ;
#673 = VECTOR ( 'NONE', #2695, 1000.000000000000000 ) ;
#674 = DIRECTION ( 'NONE',  ( -0.000000000000000000, 1.000000000000000000, 0.000000000000000000 ) ) ;
#675 = ORIENTED_EDGE ( 'NONE', *, *, #5893, .F. ) ;
#676 = CARTESIAN_POINT ( 'NONE',  ( -0.4999999996749999731, 0.03000000000000000236, 0.5999999992499999157 ) ) ;
#677 = ORIENTED_EDGE ( 'NONE', *, *, #6626, .F. ) ;
#678 = CARTESIAN_POINT ( 'NONE',  ( 2.249999999958334662, 0.8838578738396030143, 1.713974867287429982 ) ) ;
#679 = FACE_OUTER_BOUND ( 'NONE', #6527, .T. ) ;
#680 =( LENGTH_UNIT ( ) NAMED_UNIT ( * ) SI_UNIT ( .MILLI., .METRE. ) );
#681 = FILL_AREA_STYLE_COLOUR ( '', #3784 ) ;
#682 = LINE ( 'NONE', #4236, #2536 ) ;
#683 = EDGE_CURVE ( 'NONE', #571, #340, #3859, .T. ) ;
#684 = ORIENTED_EDGE ( 'NONE', *, *, #8491, .F. ) ;
#685 = EDGE_CURVE ( 'NONE', #1067, #6265, #5634, .T. ) ;
#686 = VECTOR ( 'NONE', #3004, 1000.000000000000000 ) ;
#687 = ORIENTED_EDGE ( 'NONE', *, *, #4172, .F. ) ;
#688 = CARTESIAN_POINT ( 'NONE',  ( -1.324999999999999956, 0.6038390272459159824, 1.785628019890510121 ) ) ;
#689 = LINE ( 'NONE', #3516, #7632 ) ;
#690 = VERTEX_POINT ( 'NONE', #5266 ) ;
#691 = LINE ( 'NONE', #5784, #7074 ) ;
#692 = CARTESIAN_POINT ( 'NONE',  ( 1.275000000000000133, 1.370711800500000077, 1.500000000000000000 ) ) ;
#693 = CARTESIAN_POINT ( 'NONE',  ( -0.7500000000000000000, 1.060000000000000053, -0.5500000007735150742 ) ) ;
#694 = CARTESIAN_POINT ( 'NONE',  ( -1.324999999999999956, 0.5973644132555430142, 1.643186507102319949 ) ) ;
#695 = VECTOR ( 'NONE', #7559, 1000.000000000000000 ) ;
#696 = CARTESIAN_POINT ( 'NONE',  ( 2.350000000000000089, 1.500000000000000000, 0.4249999999999999889 ) ) ;
#697 = VECTOR ( 'NONE', #4001, 1000.000000000000114 ) ;
#698 = VERTEX_POINT ( 'NONE', #7492 ) ;
#699 = CARTESIAN_POINT ( 'NONE',  ( 0.01010418081077514053, 0.05000000000000000278, -0.2000000000000000111 ) ) ;
#700 = AXIS2_PLACEMENT_3D ( 'NONE', #8698, #664, #2956 ) ;
#701 = VECTOR ( 'NONE', #8984, 1000.000000000000114 ) ;
#702 = EDGE_LOOP ( 'NONE', ( #8750, #8224, #5346, #6098 ) ) ;
#703 = VECTOR ( 'NONE', #1293, 1000.000000000000000 ) ;
#704 = ADVANCED_FACE ( 'NONE', ( #3868 ), #6813, .F. ) ;
#705 = DIRECTION ( 'NONE',  ( 0.000000000000000000, 0.9989685401991768021, 0.04540766116335189645 ) ) ;
#706 = ORIENTED_EDGE ( 'NONE', *, *, #5879, .T. ) ;
#707 = VECTOR ( 'NONE', #4420, 1000.000000000000000 ) ;
#708 = DIRECTION ( 'NONE',  ( 0.000000000000000000, 0.04540765932803041138, 0.9989685402826004035 ) ) ;
#709 = VECTOR ( 'NONE', #5320, 1000.000000000000114 ) ;
#710 = DIRECTION ( 'NONE',  ( -1.000000000000000000, 0.000000000000000000, 0.000000000000000000 ) ) ;
#711 = VECTOR ( 'NONE', #3245, 1000.000000000000000 ) ;
#712 = VERTEX_POINT ( 'NONE', #1051 ) ;
#713 = EDGE_CURVE ( 'NONE', #5949, #6933, #6869, .T. ) ;
#714 = SURFACE_STYLE_USAGE ( .BOTH. , #2811 ) ;
#715 = VECTOR ( 'NONE', #843, 1000.000000000000000 ) ;
#716 = ORIENTED_EDGE ( 'NONE', *, *, #8787, .F. ) ;
#717 = DIRECTION ( 'NONE',  ( 0.000000000000000000, 1.000000000000000000, 0.000000000000000000 ) ) ;
#718 = ORIENTED_EDGE ( 'NONE', *, *, #3020, .T. ) ;
#719 = CARTESIAN_POINT ( 'NONE',  ( 2.349999999922594895, -2.032879073410320197E-17, -1.449999999827899844 ) ) ;
#720 = DIRECTION ( 'NONE',  ( -1.000000000000000000, 0.000000000000000000, 0.000000000000000000 ) ) ;
#721 = ADVANCED_FACE ( 'NONE', ( #7582 ), #9070, .F. ) ;
#722 = EDGE_LOOP ( 'NONE', ( #4435, #8879, #7525, #1217 ) ) ;
#723 = EDGE_CURVE ( 'NONE', #5070, #6066, #4630, .T. ) ;
#724 = FACE_OUTER_BOUND ( 'NONE', #2885, .T. ) ;
#725 = COLOUR_RGB ( '',0.7764705882352941346, 0.7568627450980391913, 0.7372549019607843590 ) ;
#726 = ORIENTED_EDGE ( 'NONE', *, *, #6453, .F. ) ;
#727 = DIRECTION ( 'NONE',  ( -0.000000000000000000, 0.9989685401991766911, 0.04540766116335259034 ) ) ;
#728 = AXIS2_PLACEMENT_3D ( 'NONE', #4767, #6128, #5437 ) ;
#729 = ORIENTED_EDGE ( 'NONE', *, *, #9084, .T. ) ;
#730 = CARTESIAN_POINT ( 'NONE',  ( 0.5106971445840450263, 1.650056147000000140, -0.6250000001617449508 ) ) ;
#731 = FACE_OUTER_BOUND ( 'NONE', #8941, .T. ) ;
#732 = FILL_AREA_STYLE ('',( #5863 ) ) ;
#733 = PLANE ( 'NONE',  #9169 ) ;
#734 = CARTESIAN_POINT ( 'NONE',  ( 1.275000000037500136, 0.2000000001025909746, -0.5000000000011000090 ) ) ;
#735 = AXIS2_PLACEMENT_3D ( 'NONE', #4789, #7728, #8500 ) ;
#736 = ORIENTED_EDGE ( 'NONE', *, *, #4778, .F. ) ;
#737 = DIRECTION ( 'NONE',  ( 1.000000000000000000, 0.000000000000000000, 0.000000000000000000 ) ) ;
#738 = ORIENTED_EDGE ( 'NONE', *, *, #2568, .T. ) ;
#739 = LINE ( 'NONE', #2978, #5746 ) ;
#740 = LINE ( 'NONE', #6366, #3937 ) ;
#741 = ORIENTED_EDGE ( 'NONE', *, *, #1680, .T. ) ;
#742 = CARTESIAN_POINT ( 'NONE',  ( 1.324999999999999956, 1.060000000092345962, 1.550000000015729906 ) ) ;
#743 = VECTOR ( 'NONE', #2746, 1000.000000000000000 ) ;
#744 = EDGE_CURVE ( 'NONE', #6531, #4565, #5361, .T. ) ;
#745 = DIRECTION ( 'NONE',  ( 0.000000000000000000, 0.000000000000000000, 1.000000000000000000 ) ) ;
#746 = DIRECTION ( 'NONE',  ( 0.000000000000000000, -0.9863939232462306528, -0.1643989908208354500 ) ) ;
#747 = CARTESIAN_POINT ( 'NONE',  ( -1.699999999999999956, 0.8699944348252929283, 1.630794232951755074 ) ) ;
#748 = PLANE ( 'NONE',  #2698 ) ;
#749 = ORIENTED_EDGE ( 'NONE', *, *, #8489, .F. ) ;
#750 = DIRECTION ( 'NONE',  ( 0.000000000000000000, 0.000000000000000000, -1.000000000000000000 ) ) ;
#751 = ORIENTED_EDGE ( 'NONE', *, *, #8610, .T. ) ;
#752 = DIRECTION ( 'NONE',  ( -8.830525290225400633E-16, 0.000000000000000000, -1.000000000000000000 ) ) ;
#753 = EDGE_CURVE ( 'NONE', #3812, #4747, #904, .T. ) ;
#754 = ORIENTED_EDGE ( 'NONE', *, *, #3095, .T. ) ;
#755 = DIRECTION ( 'NONE',  ( 0.000000000000000000, 1.000000000000000000, 0.000000000000000000 ) ) ;
#756 = EDGE_CURVE ( 'NONE', #8780, #8986, #6872, .T. ) ;
#757 = LINE ( 'NONE', #9406, #6881 ) ;
#758 = VERTEX_POINT ( 'NONE', #8166 ) ;
#759 = VERTEX_POINT ( 'NONE', #3824 ) ;
#760 =( NAMED_UNIT ( * ) SI_UNIT ( $, .STERADIAN. ) SOLID_ANGLE_UNIT ( ) );
#761 = DIRECTION ( 'NONE',  ( 0.000000000000000000, 0.000000000000000000, 1.000000000000000000 ) ) ;
#762 = ORIENTED_EDGE ( 'NONE', *, *, #2493, .F. ) ;
#763 = CARTESIAN_POINT ( 'NONE',  ( 1.300000000000000044, 1.647467559999999942, 2.150000000099999919 ) ) ;
#764 = DIRECTION ( 'NONE',  ( 0.000000000000000000, 0.9863939211294425746, -0.1643990035215634193 ) ) ;
#765 = PRESENTATION_LAYER_ASSIGNMENT (  '', '', ( #6142 ) ) ;
#766 = PLANE ( 'NONE',  #9287 ) ;
#767 = VERTEX_POINT ( 'NONE', #5225 ) ;
#768 = LINE ( 'NONE', #7309, #1468 ) ;
#769 = VERTEX_POINT ( 'NONE', #1567 ) ;
#770 = DIRECTION ( 'NONE',  ( 0.000000000000000000, 0.000000000000000000, 1.000000000000000000 ) ) ;
#771 = ORIENTED_EDGE ( 'NONE', *, *, #2138, .T. ) ;
#772 = EDGE_CURVE ( 'NONE', #9089, #1233, #7438, .T. ) ;
#773 = DIRECTION ( 'NONE',  ( 1.000000000000000000, 0.000000000000000000, 0.000000000000000000 ) ) ;
#774 = FACE_OUTER_BOUND ( 'NONE', #2271, .T. ) ;
#775 = FACE_OUTER_BOUND ( 'NONE', #1479, .T. ) ;
#776 = EDGE_CURVE ( 'NONE', #6066, #5890, #6191, .T. ) ;
#777 = PLANE ( 'NONE',  #8990 ) ;
#778 = VECTOR ( 'NONE', #785, 1000.000000000000000 ) ;
#779 = VERTEX_POINT ( 'NONE', #856 ) ;
#780 = CARTESIAN_POINT ( 'NONE',  ( -1.300000000000000044, 0.2474675600000000031, 2.150000000083335028 ) ) ;
#781 = EDGE_LOOP ( 'NONE', ( #4153, #7549, #2630, #1259 ) ) ;
#782 = FILL_AREA_STYLE ('',( #2306 ) ) ;
#783 = LINE ( 'NONE', #5341, #5167 ) ;
#784 = ORIENTED_EDGE ( 'NONE', *, *, #2488, .F. ) ;
#785 = DIRECTION ( 'NONE',  ( 0.000000000000000000, 0.000000000000000000, -1.000000000000000000 ) ) ;
#786 = LINE ( 'NONE', #8630, #6656 ) ;
#787 = CARTESIAN_POINT ( 'NONE',  ( -1.959807621064890037, 0.8500000084269889733, 1.449999998595501882 ) ) ;
#788 = VECTOR ( 'NONE', #7125, 1000.000000000000000 ) ;
#789 = DIRECTION ( 'NONE',  ( -0.8599914617338624279, 0.000000000000000000, 0.5103084221770738393 ) ) ;
#790 = VERTEX_POINT ( 'NONE', #3098 ) ;
#791 = DIRECTION ( 'NONE',  ( 0.000000000000000000, -1.000000000000000000, 0.000000000000000000 ) ) ;
#792 = EDGE_CURVE ( 'NONE', #5241, #8804, #994, .T. ) ;
#793 = ADVANCED_FACE ( 'NONE', ( #8970 ), #6915, .F. ) ;
#794 = EDGE_CURVE ( 'NONE', #4048, #619, #288, .T. ) ;
#795 = LINE ( 'NONE', #5984, #3250 ) ;
#796 = ORIENTED_EDGE ( 'NONE', *, *, #8729, .F. ) ;
#797 = DIRECTION ( 'NONE',  ( -1.000000000000000000, 0.000000000000000000, 0.000000000000000000 ) ) ;
#798 = ORIENTED_EDGE ( 'NONE', *, *, #2091, .T. ) ;
#799 = CARTESIAN_POINT ( 'NONE',  ( -2.149999999999999911, 1.690056146999999953, 1.408884403999999924 ) ) ;
#800 = CARTESIAN_POINT ( 'NONE',  ( -2.250000000000000000, 0.4974675599999999753, 1.647727273000000103 ) ) ;
#801 = ADVANCED_FACE ( 'NONE', ( #1616 ), #1663, .T. ) ;
#802 = ADVANCED_FACE ( 'NONE', ( #5409 ), #8354, .F. ) ;
#803 = VERTEX_POINT ( 'NONE', #3054 ) ;
#804 = EDGE_CURVE ( 'NONE', #8071, #8163, #3429, .T. ) ;
#805 = LINE ( 'NONE', #4584, #6545 ) ;
#806 = VERTEX_POINT ( 'NONE', #8411 ) ;
#807 = CARTESIAN_POINT ( 'NONE',  ( 2.750000000000000000, 0.5016694850364079583, 1.149999999999999911 ) ) ;
#808 = ORIENTED_EDGE ( 'NONE', *, *, #9379, .F. ) ;
#809 = DIRECTION ( 'NONE',  ( 0.000000000000000000, 1.000000000000000000, 0.000000000000000000 ) ) ;
#810 = VECTOR ( 'NONE', #980, 1000.000000000000000 ) ;
#811 = DIRECTION ( 'NONE',  ( 1.000000000000000000, 0.000000000000000000, 0.000000000000000000 ) ) ;
#812 = PLANE ( 'NONE',  #3564 ) ;
#813 = VECTOR ( 'NONE', #5271, 1000.000000000000000 ) ;
#814 = CARTESIAN_POINT ( 'NONE',  ( -1.275000000000000133, 0.5950280735000669230, 0.2000000000000000111 ) ) ;
#815 = VERTEX_POINT ( 'NONE', #4931 ) ;
#816 = ORIENTED_EDGE ( 'NONE', *, *, #8759, .F. ) ;
#817 = CARTESIAN_POINT ( 'NONE',  ( 1.449999999999999956, 1.500000000000000000, 1.599999999661140038 ) ) ;
#818 = ORIENTED_EDGE ( 'NONE', *, *, #402, .F. ) ;
#819 = CARTESIAN_POINT ( 'NONE',  ( 2.299999999995834710, 1.500000000000000000, 1.408884404018738046 ) ) ;
#820 = PRESENTATION_STYLE_ASSIGNMENT (( #1540 ) ) ;
#821 = EDGE_CURVE ( 'NONE', #5884, #1443, #4742, .T. ) ;
#822 = DIRECTION ( 'NONE',  ( 0.000000000000000000, 0.000000000000000000, 1.000000000000000000 ) ) ;
#823 = DIRECTION ( 'NONE',  ( -1.000000000000000000, 0.000000000000000000, 0.000000000000000000 ) ) ;
#824 = CARTESIAN_POINT ( 'NONE',  ( 2.250000000000000000, 0.9135077108445079919, -1.771552170608459820 ) ) ;
#825 = VERTEX_POINT ( 'NONE', #8497 ) ;
#826 = PRESENTATION_STYLE_ASSIGNMENT (( #7228 ) ) ;
#827 = VERTEX_POINT ( 'NONE', #4202 ) ;
#828 = CARTESIAN_POINT ( 'NONE',  ( 1.700291683999999970, 0.8399268770000000162, 1.605672439000000118 ) ) ;
#829 = EDGE_CURVE ( 'NONE', #841, #3252, #1896, .T. ) ;
#830 = CIRCLE ( 'NONE', #8662, 0.09999999922648533657 ) ;
#831 = SURFACE_STYLE_FILL_AREA ( #165 ) ;
#832 = LINE ( 'NONE', #5207, #1433 ) ;
#833 = FACE_OUTER_BOUND ( 'NONE', #7942, .T. ) ;
#834 = FACE_OUTER_BOUND ( 'NONE', #5582, .T. ) ;
#835 = CIRCLE ( 'NONE', #3587, 0.09999999922648548922 ) ;
#836 = ORIENTED_EDGE ( 'NONE', *, *, #1971, .T. ) ;
#837 = PLANE ( 'NONE',  #1002 ) ;
#838 = CARTESIAN_POINT ( 'NONE',  ( 0.2000000000000000111, 1.547467560000000075, 2.250000000000000000 ) ) ;
#839 = ORIENTED_EDGE ( 'NONE', *, *, #4935, .F. ) ;
#840 = CARTESIAN_POINT ( 'NONE',  ( -2.350000000000000089, 1.500000000000000000, -1.600000000000000089 ) ) ;
#841 = VERTEX_POINT ( 'NONE', #1949 ) ;
#842 = AXIS2_PLACEMENT_3D ( 'NONE', #3790, #9038, #4700 ) ;
#843 = DIRECTION ( 'NONE',  ( 0.000000000000000000, -1.000000000000000000, 0.000000000000000000 ) ) ;
#844 = VECTOR ( 'NONE', #1019, 1000.000000000000000 ) ;
#845 = AXIS2_PLACEMENT_3D ( 'NONE', #1418, #6614, #652 ) ;
#846 = DIRECTION ( 'NONE',  ( -1.000000000000000000, 0.000000000000000000, 0.000000000000000000 ) ) ;
#847 = EDGE_CURVE ( 'NONE', #6744, #4653, #5557, .T. ) ;
#848 = VECTOR ( 'NONE', #5816, 1000.000000000000000 ) ;
#849 = ORIENTED_EDGE ( 'NONE', *, *, #8493, .F. ) ;
#850 = VECTOR ( 'NONE', #4895, 1000.000000000000000 ) ;
#851 =( GEOMETRIC_REPRESENTATION_CONTEXT ( 3 ) GLOBAL_UNCERTAINTY_ASSIGNED_CONTEXT ( ( #5257 ) ) GLOBAL_UNIT_ASSIGNED_CONTEXT ( ( #8274, #8316, #4638 ) ) REPRESENTATION_CONTEXT ( 'NONE', 'WORKASPACE' ) );
#852 = ORIENTED_EDGE ( 'NONE', *, *, #2493, .T. ) ;
#853 = CARTESIAN_POINT ( 'NONE',  ( 0.6000000003000000026, 1.052467560143413916, 2.249999999986574739 ) ) ;
#854 = VECTOR ( 'NONE', #4604, 1000.000000000000000 ) ;
#855 = ORIENTED_EDGE ( 'NONE', *, *, #1838, .F. ) ;
#856 = CARTESIAN_POINT ( 'NONE',  ( 2.099999999610479673, 0.8800000008003850960, -0.4249999999999999889 ) ) ;
#857 = AXIS2_PLACEMENT_3D ( 'NONE', #2865, #5183, #2771 ) ;
#858 = VERTEX_POINT ( 'NONE', #7782 ) ;
#859 = CARTESIAN_POINT ( 'NONE',  ( 2.350000000000000089, 0.8901360609424470161, -1.751643990024100095 ) ) ;
#860 = LINE ( 'NONE', #5897, #9054 ) ;
#861 = LINE ( 'NONE', #3102, #9260 ) ;
#862 = EDGE_CURVE ( 'NONE', #5655, #2432, #9262, .T. ) ;
#863 = AXIS2_PLACEMENT_3D ( 'NONE', #1453, #4376, #8043 ) ;
#864 =( NAMED_UNIT ( * ) SI_UNIT ( $, .STERADIAN. ) SOLID_ANGLE_UNIT ( ) );
#865 =( GEOMETRIC_REPRESENTATION_CONTEXT ( 3 ) GLOBAL_UNCERTAINTY_ASSIGNED_CONTEXT ( ( #3136 ) ) GLOBAL_UNIT_ASSIGNED_CONTEXT ( ( #6003, #8272, #864 ) ) REPRESENTATION_CONTEXT ( 'NONE', 'WORKASPACE' ) );
#866 = AXIS2_PLACEMENT_3D ( 'NONE', #616, #9362, #3530 ) ;
#867 = ORIENTED_EDGE ( 'NONE', *, *, #368, .F. ) ;
#868 = FACE_OUTER_BOUND ( 'NONE', #1597, .T. ) ;
#869 = ORIENTED_EDGE ( 'NONE', *, *, #3193, .T. ) ;
#870 = CARTESIAN_POINT ( 'NONE',  ( -2.350000000000000089, 0.000000000000000000, -1.449999999777777937 ) ) ;
#871 = ORIENTED_EDGE ( 'NONE', *, *, #5428, .F. ) ;
#872 = CARTESIAN_POINT ( 'NONE',  ( 1.322527229999999943, -0.8042708029999989794, 1.541603168000000190 ) ) ;
#873 = DIRECTION ( 'NONE',  ( 0.000000000000000000, 1.000000000000000000, 0.000000000000000000 ) ) ;
#874 = EDGE_CURVE ( 'NONE', #2465, #8869, #7682, .T. ) ;
#875 = CARTESIAN_POINT ( 'NONE',  ( -1.324999999999999956, 1.363023706000000113, 1.751119625000000068 ) ) ;
#876 = VECTOR ( 'NONE', #7049, 1000.000000000000000 ) ;
#877 = ORIENTED_EDGE ( 'NONE', *, *, #8519, .F. ) ;
#878 = ADVANCED_FACE ( 'NONE', ( #5656 ), #1242, .F. ) ;
#879 = FACE_OUTER_BOUND ( 'NONE', #1093, .T. ) ;
#880 = ORIENTED_EDGE ( 'NONE', *, *, #1454, .F. ) ;
#881 = LINE ( 'NONE', #4566, #4352 ) ;
#882 = PLANE ( 'NONE',  #9320 ) ;
#883 = LINE ( 'NONE', #208, #6929 ) ;
#884 = CIRCLE ( 'NONE', #8414, 0.2500000000000000000 ) ;
#885 = DIRECTION ( 'NONE',  ( 0.000000000000000000, -9.166665094085399879E-12, -1.000000000000000000 ) ) ;
#886 = DIRECTION ( 'NONE',  ( 2.199831175840389575E-08, -0.9863939211294416864, 0.1643990035215669721 ) ) ;
#887 = VECTOR ( 'NONE', #369, 1000.000000000000000 ) ;
#888 = LINE ( 'NONE', #1595, #5185 ) ;
#889 = EDGE_LOOP ( 'NONE', ( #7538, #1395, #871, #2135 ) ) ;
#890 = DIRECTION ( 'NONE',  ( 0.000000000000000000, 0.9863939221046906791, -0.1643989976700749589 ) ) ;
#891 = AXIS2_PLACEMENT_3D ( 'NONE', #4251, #7278, #1327 ) ;
#892 = LINE ( 'NONE', #6799, #7253 ) ;
#893 = ORIENTED_EDGE ( 'NONE', *, *, #2665, .F. ) ;
#894 = CARTESIAN_POINT ( 'NONE',  ( -0.5999999992264859472, 1.060000000000000053, 0.6500000000000000222 ) ) ;
#895 = ORIENTED_EDGE ( 'NONE', *, *, #7159, .F. ) ;
#896 = CARTESIAN_POINT ( 'NONE',  ( -1.324999999999999956, 1.666016387999999848, 1.600000000000000089 ) ) ;
#897 = EDGE_CURVE ( 'NONE', #9199, #4894, #4157, .T. ) ;
#898 = CARTESIAN_POINT ( 'NONE',  ( -2.150000000773514941, 0.6038390272524369884, -1.785628020033980023 ) ) ;
#899 = EDGE_CURVE ( 'NONE', #8757, #36, #1097, .T. ) ;
#900 = ORIENTED_EDGE ( 'NONE', *, *, #1623, .F. ) ;
#901 = ORIENTED_EDGE ( 'NONE', *, *, #6006, .T. ) ;
#902 = CARTESIAN_POINT ( 'NONE',  ( 2.750000000000000000, 0.5016694850364079583, 0.5500000000000000444 ) ) ;
#903 = VERTEX_POINT ( 'NONE', #8545 ) ;
#904 = LINE ( 'NONE', #2424, #4712 ) ;
#905 = VERTEX_POINT ( 'NONE', #2718 ) ;
#906 = DIRECTION ( 'NONE',  ( -1.000000000000000000, 0.000000000000000000, -2.814814168754134930E-16 ) ) ;
#907 = DIRECTION ( 'NONE',  ( -0.8660254035999717104, 0.000000000000000000, 0.5000000003195058662 ) ) ;
#908 = CARTESIAN_POINT ( 'NONE',  ( 2.299999999966665154, 1.650056147000000140, -0.9000000000924819332 ) ) ;
#909 = ORIENTED_EDGE ( 'NONE', *, *, #8023, .F. ) ;
#910 = ORIENTED_EDGE ( 'NONE', *, *, #8271, .T. ) ;
#911 = EDGE_CURVE ( 'NONE', #553, #5495, #4115, .T. ) ;
#912 = CARTESIAN_POINT ( 'NONE',  ( -0.5000000000000000000, 0.03000000063083444954, -1.750000000122394983 ) ) ;
#913 = EDGE_CURVE ( 'NONE', #8667, #7706, #3342, .T. ) ;
#914 = VERTEX_POINT ( 'NONE', #474 ) ;
#915 = LINE ( 'NONE', #4644, #2523 ) ;
#916 = DIRECTION ( 'NONE',  ( 1.000000000000000000, 0.000000000000000000, 0.000000000000000000 ) ) ;
#917 = DIRECTION ( 'NONE',  ( 0.000000000000000000, -1.000000000000000000, 0.000000000000000000 ) ) ;
#918 = DIRECTION ( 'NONE',  ( -1.000000000000000000, 0.000000000000000000, 0.000000000000000000 ) ) ;
#919 = ORIENTED_EDGE ( 'NONE', *, *, #4189, .T. ) ;
#920 = EDGE_CURVE ( 'NONE', #5357, #571, #5939, .T. ) ;
#921 = CARTESIAN_POINT ( 'NONE',  ( 0.5000000000000000000, 0.000000000000000000, 1.750000000000000000 ) ) ;
#922 = ORIENTED_EDGE ( 'NONE', *, *, #2857, .T. ) ;
#923 = CARTESIAN_POINT ( 'NONE',  ( -1.324999999999999956, 0.4974675599999999753, 1.647727273000000103 ) ) ;
#924 = ADVANCED_FACE ( 'NONE', ( #7871 ), #7829, .F. ) ;
#925 = FACE_OUTER_BOUND ( 'NONE', #9035, .T. ) ;
#926 = CARTESIAN_POINT ( 'NONE',  ( -0.5999999992264859472, 1.650056147000000140, 0.6500000000000000222 ) ) ;
#927 = DIRECTION ( 'NONE',  ( 0.000000000000000000, 0.000000000000000000, 1.000000000000000000 ) ) ;
#928 = DIRECTION ( 'NONE',  ( 1.000000000000000000, 0.000000000000000000, 0.000000000000000000 ) ) ;
#929 = CARTESIAN_POINT ( 'NONE',  ( 1.800000000000000044, 0.04000000009687500885, -0.5000000000027500224 ) ) ;
#930 = VERTEX_POINT ( 'NONE', #9453 ) ;
#931 = CARTESIAN_POINT ( 'NONE',  ( 1.300000000000000044, 1.647467559999999942, 2.750000000000000000 ) ) ;
#932 = ORIENTED_EDGE ( 'NONE', *, *, #4730, .F. ) ;
#933 = ORIENTED_EDGE ( 'NONE', *, *, #6162, .F. ) ;
#934 = CARTESIAN_POINT ( 'NONE',  ( -1.318844507999999971, 1.060000000000000053, 1.521977133000000038 ) ) ;
#935 = VECTOR ( 'NONE', #3796, 999.9999999999998863 ) ;
#936 = UNCERTAINTY_MEASURE_WITH_UNIT (LENGTH_MEASURE( 1.000000000000000082E-05 ), #24, 'distance_accuracy_value', 'NONE');
#937 = CARTESIAN_POINT ( 'NONE',  ( 1.800000000000000044, 0.04000000009687500885, -0.5000000000027500224 ) ) ;
#938 = DIRECTION ( 'NONE',  ( -0.000000000000000000, 1.000000000000000000, 0.000000000000000000 ) ) ;
#939 = VERTEX_POINT ( 'NONE', #5883 ) ;
#940 = CARTESIAN_POINT ( 'NONE',  ( -2.350000000000000089, 1.240192380543212014, -1.749999999030890097 ) ) ;
#941 = ORIENTED_EDGE ( 'NONE', *, *, #6919, .T. ) ;
#942 = LINE ( 'NONE', #9023, #2054 ) ;
#943 = ORIENTED_EDGE ( 'NONE', *, *, #2605, .F. ) ;
#944 = EDGE_CURVE ( 'NONE', #803, #7358, #7342, .T. ) ;
#945 = CARTESIAN_POINT ( 'NONE',  ( 1.324999999999999956, 0.5039421739999999650, 1.790168786000000178 ) ) ;
#946 = ORIENTED_EDGE ( 'NONE', *, *, #7668, .F. ) ;
#947 = DIRECTION ( 'NONE',  ( -0.8630339423032525881, 0.08304547995778605030, 0.4982728797467177451 ) ) ;
#948 = CARTESIAN_POINT ( 'NONE',  ( 2.350000000000000089, 1.500000000000000000, 1.599999999661140038 ) ) ;
#949 = DIRECTION ( 'NONE',  ( 0.000000000000000000, 0.000000000000000000, -1.000000000000000000 ) ) ;
#950 = CARTESIAN_POINT ( 'NONE',  ( -0.5000000000000000000, 0.03000000011000014677, 0.5999999999999999778 ) ) ;
#951 = ORIENTED_EDGE ( 'NONE', *, *, #6032, .T. ) ;
#952 = LINE ( 'NONE', #6051, #2686 ) ;
#953 = ORIENTED_EDGE ( 'NONE', *, *, #7983, .F. ) ;
#954 = DIRECTION ( 'NONE',  ( 0.000000000000000000, 0.1643989976700590827, 0.9863939221046933437 ) ) ;
#955 = VECTOR ( 'NONE', #3043, 1000.000000000000114 ) ;
#956 = ORIENTED_EDGE ( 'NONE', *, *, #1145, .F. ) ;
#957 = ORIENTED_EDGE ( 'NONE', *, *, #8608, .T. ) ;
#958 =( LENGTH_UNIT ( ) NAMED_UNIT ( * ) SI_UNIT ( .MILLI., .METRE. ) );
#959 = EDGE_CURVE ( 'NONE', #1726, #1628, #9360, .T. ) ;
#960 = CARTESIAN_POINT ( 'NONE',  ( -1.300000000000000044, 1.647467559999999942, 2.750000000000000000 ) ) ;
#961 = EDGE_CURVE ( 'NONE', #445, #8804, #2804, .T. ) ;
#962 = ADVANCED_FACE ( 'NONE', ( #5068 ), #2092, .F. ) ;
#963 = VERTEX_POINT ( 'NONE', #5027 ) ;
#964 = EDGE_CURVE ( 'NONE', #1272, #2591, #2853, .T. ) ;
#965 = AXIS2_PLACEMENT_3D ( 'NONE', #1065, #5484, #8426 ) ;
#966 = DIRECTION ( 'NONE',  ( 0.000000000000000000, -0.9989685402826005145, 0.04540765932803104976 ) ) ;
#967 = EDGE_LOOP ( 'NONE', ( #8098, #480, #8646, #522, #1503, #1061, #4354, #3979, #2370, #5619, #2036, #7065, #4432, #9241, #7679, #7620, #4, #675 ) ) ;
#968 = LINE ( 'NONE', #7036, #9445 ) ;
#969 =( LENGTH_UNIT ( ) NAMED_UNIT ( * ) SI_UNIT ( .MILLI., .METRE. ) );
#970 = CARTESIAN_POINT ( 'NONE',  ( -2.299999999999999822, 1.690056146999999953, 0.9000000000000000222 ) ) ;
#971 = PLANE ( 'NONE',  #7420 ) ;
#972 = CYLINDRICAL_SURFACE ( 'NONE', #3772, 0.2000000000000000944 ) ;
#973 = VECTOR ( 'NONE', #6369, 1000.000000000000000 ) ;
#974 = FACE_OUTER_BOUND ( 'NONE', #6365, .T. ) ;
#975 = EDGE_CURVE ( 'NONE', #5010, #6277, #5117, .T. ) ;
#976 = EDGE_CURVE ( 'NONE', #6174, #7369, #3162, .T. ) ;
#977 = ORIENTED_EDGE ( 'NONE', *, *, #489, .T. ) ;
#978 = LINE ( 'NONE', #3130, #697 ) ;
#979 = AXIS2_PLACEMENT_3D ( 'NONE', #1225, #411, #8480 ) ;
#980 = DIRECTION ( 'NONE',  ( -1.000000000000000000, 0.000000000000000000, 0.000000000000000000 ) ) ;
#981 = EDGE_LOOP ( 'NONE', ( #3882, #7662, #3883, #7547 ) ) ;
#982 = CARTESIAN_POINT ( 'NONE',  ( -1.302181545999999912, 6.887655391691390072, 1.504589994999999902 ) ) ;
#983 = CARTESIAN_POINT ( 'NONE',  ( -0.5000000000000000000, 1.206745427828034067, -0.2778852882049455131 ) ) ;
#984 = CARTESIAN_POINT ( 'NONE',  ( -1.700000000033335068, 0.9125280665555179915, -1.750000000170039982 ) ) ;
#985 = CARTESIAN_POINT ( 'NONE',  ( 2.149999999999999911, 1.650056147000000140, 0.9000000000000000222 ) ) ;
#986 = EDGE_LOOP ( 'NONE', ( #8882, #8033, #8210, #796 ) ) ;
#987 = STYLED_ITEM ( 'NONE', ( #3036 ), #469 ) ;
#988 = DIRECTION ( 'NONE',  ( -1.000000000000000000, 0.000000000000000000, 0.000000000000000000 ) ) ;
#989 = ORIENTED_EDGE ( 'NONE', *, *, #3266, .F. ) ;
#990 = ADVANCED_FACE ( 'NONE', ( #31 ), #1517, .F. ) ;
#991 = DIRECTION ( 'NONE',  ( -1.000000000000000000, -1.215290246266205980E-12, 0.000000000000000000 ) ) ;
#992 = VECTOR ( 'NONE', #2919, 1000.000000000000000 ) ;
#993 = ORIENTED_EDGE ( 'NONE', *, *, #1264, .F. ) ;
#994 = LINE ( 'NONE', #3775, #6861 ) ;
#995 = VECTOR ( 'NONE', #1246, 1000.000000000000000 ) ;
#996 = ORIENTED_EDGE ( 'NONE', *, *, #7332, .T. ) ;
#997 = CARTESIAN_POINT ( 'NONE',  ( -1.199999999999999956, 1.647467559999999942, 2.250000000025000002 ) ) ;
#998 = LINE ( 'NONE', #4462, #3326 ) ;
#999 = CYLINDRICAL_SURFACE ( 'NONE', #8495, 0.09999999922648548922 ) ;
#1000 = LINE ( 'NONE', #2473, #2670 ) ;
#1001 = VECTOR ( 'NONE', #350, 1000.000000000000000 ) ;
#1002 = AXIS2_PLACEMENT_3D ( 'NONE', #6569, #3758, #131 ) ;
#1003 = ORIENTED_EDGE ( 'NONE', *, *, #8455, .T. ) ;
#1004 = DIRECTION ( 'NONE',  ( -1.000000000000000000, 0.000000000000000000, 0.000000000000000000 ) ) ;
#1005 = AXIS2_PLACEMENT_3D ( 'NONE', #2583, #1865, #4167 ) ;
#1006 = VERTEX_POINT ( 'NONE', #5701 ) ;
#1007 = DIRECTION ( 'NONE',  ( 0.000000000000000000, -1.000000000000000000, 0.000000000000000000 ) ) ;
#1008 = ORIENTED_EDGE ( 'NONE', *, *, #1262, .T. ) ;
#1009 = ORIENTED_EDGE ( 'NONE', *, *, #2638, .F. ) ;
#1010 = VECTOR ( 'NONE', #5812, 1000.000000000000000 ) ;
#1011 = DIRECTION ( 'NONE',  ( 0.000000000000000000, -1.000000000000000000, 1.214080558205069872E-16 ) ) ;
#1012 = FACE_OUTER_BOUND ( 'NONE', #7931, .T. ) ;
#1013 = VECTOR ( 'NONE', #2011, 1000.000000000000000 ) ;
#1014 = LINE ( 'NONE', #6885, #3730 ) ;
#1015 = ADVANCED_FACE ( 'NONE', ( #5797 ), #8771, .T. ) ;
#1016 = VECTOR ( 'NONE', #2806, 1000.000000000000000 ) ;
#1017 = EDGE_CURVE ( 'NONE', #2554, #5628, #8731, .T. ) ;
#1018 = VERTEX_POINT ( 'NONE', #3712 ) ;
#1019 = DIRECTION ( 'NONE',  ( 0.000000000000000000, 0.000000000000000000, 1.000000000000000000 ) ) ;
#1020 = VECTOR ( 'NONE', #4840, 1000.000000000000000 ) ;
#1021 = ORIENTED_EDGE ( 'NONE', *, *, #252, .F. ) ;
#1022 = PLANE ( 'NONE',  #7445 ) ;
#1023 = AXIS2_PLACEMENT_3D ( 'NONE', #3860, #6804, #8873 ) ;
#1024 = DIRECTION ( 'NONE',  ( 0.000000000000000000, 0.000000000000000000, 1.000000000000000000 ) ) ;
#1025 = CARTESIAN_POINT ( 'NONE',  ( 0.7125000000000000222, 0.03999999998249999938, 0.5000000000000000000 ) ) ;
#1026 = DIRECTION ( 'NONE',  ( 1.000000000000000000, 0.000000000000000000, 0.000000000000000000 ) ) ;
#1027 = CARTESIAN_POINT ( 'NONE',  ( -1.699999999999999956, 1.649031131353470014, 1.521793619773354811 ) ) ;
#1028 = AXIS2_PLACEMENT_3D ( 'NONE', #3527, #2134, #4437 ) ;
#1029 = LINE ( 'NONE', #6275, #4262 ) ;
#1030 = AXIS2_PLACEMENT_3D ( 'NONE', #5155, #122, #3804 ) ;
#1031 = AXIS2_PLACEMENT_3D ( 'NONE', #599, #2159, #5683 ) ;
#1032 = VERTEX_POINT ( 'NONE', #9503 ) ;
#1033 = LINE ( 'NONE', #8339, #5902 ) ;
#1034 = FACE_OUTER_BOUND ( 'NONE', #3821, .T. ) ;
#1035 = VECTOR ( 'NONE', #6099, 1000.000000000000000 ) ;
#1036 = VERTEX_POINT ( 'NONE', #7386 ) ;
#1037 = EDGE_CURVE ( 'NONE', #2163, #4737, #4970, .T. ) ;
#1038 = LINE ( 'NONE', #220, #7796 ) ;
#1039 = DIRECTION ( 'NONE',  ( -0.4916525748179580435, 0.8707914478650282675, 0.000000000000000000 ) ) ;
#1040 = VECTOR ( 'NONE', #617, 1000.000000000000114 ) ;
#1041 = DIRECTION ( 'NONE',  ( 1.000000000000000000, 0.000000000000000000, 0.000000000000000000 ) ) ;
#1042 = CARTESIAN_POINT ( 'NONE',  ( -0.5338562171864090766, 1.060000000000000053, -0.6250000000000000000 ) ) ;
#1043 = EDGE_LOOP ( 'NONE', ( #8638, #1003, #590, #716, #3197, #8652, #4075 ) ) ;
#1044 = CARTESIAN_POINT ( 'NONE',  ( -1.799999999887499813, 0.04000000009687500885, -0.5000000000027500224 ) ) ;
#1045 = COLOUR_RGB ( '',0.7764705882352941346, 0.7568627450980391913, 0.7372549019607843590 ) ;
#1046 = ORIENTED_EDGE ( 'NONE', *, *, #6542, .F. ) ;
#1047 = EDGE_CURVE ( 'NONE', #1443, #3813, #8683, .T. ) ;
#1048 = DIRECTION ( 'NONE',  ( 0.000000000000000000, 1.000000000000000000, 0.000000000000000000 ) ) ;
#1049 = ORIENTED_EDGE ( 'NONE', *, *, #4811, .F. ) ;
#1050 = EDGE_CURVE ( 'NONE', #6356, #8877, #7924, .T. ) ;
#1051 = CARTESIAN_POINT ( 'NONE',  ( -1.699999999776105053, 0.000000000000000000, -1.599999999777780069 ) ) ;
#1052 = ORIENTED_EDGE ( 'NONE', *, *, #8999, .F. ) ;
#1053 = COLOUR_RGB ( '',0.2980392156862745057, 0.2980392156862745057, 0.2980392156862745057 ) ;
#1054 = CARTESIAN_POINT ( 'NONE',  ( 1.702847474766690183, 0.8648620626442489190, 1.599999999865495015 ) ) ;
#1055 = CARTESIAN_POINT ( 'NONE',  ( 0.7500000000000000000, 1.690056146999999953, 0.5699999999999999512 ) ) ;
#1056 = CARTESIAN_POINT ( 'NONE',  ( 2.149999999999999911, 1.500000000000000000, 0.9000000000000000222 ) ) ;
#1057 = ORIENTED_EDGE ( 'NONE', *, *, #4962, .F. ) ;
#1058 = FACE_OUTER_BOUND ( 'NONE', #4882, .T. ) ;
#1059 = ORIENTED_EDGE ( 'NONE', *, *, #3486, .T. ) ;
#1060 = DIRECTION ( 'NONE',  ( 0.000000000000000000, 1.000000000000000000, 0.000000000000000000 ) ) ;
#1061 = ORIENTED_EDGE ( 'NONE', *, *, #4489, .F. ) ;
#1062 = VERTEX_POINT ( 'NONE', #8114 ) ;
#1063 = CARTESIAN_POINT ( 'NONE',  ( 1.299508861000000071, 3.545694403999999800, 1.506540070000000009 ) ) ;
#1064 = CARTESIAN_POINT ( 'NONE',  ( -1.424999999226485903, 0.6038390272555429483, 1.785628020102320024 ) ) ;
#1065 = CARTESIAN_POINT ( 'NONE',  ( 0.2000000007735139862, 1.447467560773514128, 2.250000000025000002 ) ) ;
#1066 = LINE ( 'NONE', #2539, #1614 ) ;
#1067 = VERTEX_POINT ( 'NONE', #1335 ) ;
#1068 = LINE ( 'NONE', #161, #1308 ) ;
#1069 = VERTEX_POINT ( 'NONE', #4258 ) ;
#1070 = EDGE_CURVE ( 'NONE', #7089, #9508, #7198, .T. ) ;
#1071 = CARTESIAN_POINT ( 'NONE',  ( 2.149999999999999911, 1.500000000000000000, -1.574026654078955145 ) ) ;
#1072 = PLANE ( 'NONE',  #3788 ) ;
#1073 = EDGE_CURVE ( 'NONE', #6277, #1726, #5398, .T. ) ;
#1074 =( NAMED_UNIT ( * ) PLANE_ANGLE_UNIT ( ) SI_UNIT ( $, .RADIAN. ) );
#1075 = ORIENTED_EDGE ( 'NONE', *, *, #6077, .T. ) ;
#1076 = CARTESIAN_POINT ( 'NONE',  ( 0.6000000003000000026, 1.060000000265914011, 1.499999999986574073 ) ) ;
#1077 = DIRECTION ( 'NONE',  ( 0.000000000000000000, -1.000000000000000000, 0.000000000000000000 ) ) ;
#1078 = SURFACE_STYLE_USAGE ( .BOTH. , #5438 ) ;
#1079 = ORIENTED_EDGE ( 'NONE', *, *, #8444, .F. ) ;
#1080 = CARTESIAN_POINT ( 'NONE',  ( -1.324999999999999956, 1.666016387999999848, 1.550000000000000044 ) ) ;
#1081 = DIRECTION ( 'NONE',  ( -1.000000000000000000, 0.000000000000000000, 0.000000000000000000 ) ) ;
#1082 = ORIENTED_EDGE ( 'NONE', *, *, #4341, .F. ) ;
#1083 = DIRECTION ( 'NONE',  ( 0.000000000000000000, -0.9863939210964458582, 0.1643990037195434684 ) ) ;
#1084 = CARTESIAN_POINT ( 'NONE',  ( 1.199999999999999956, 0.2474675600000000031, 2.150000000083335028 ) ) ;
#1085 = CARTESIAN_POINT ( 'NONE',  ( 1.275000000037500136, 0.03999999998249999938, -0.5000000000027500224 ) ) ;
#1086 = EDGE_CURVE ( 'NONE', #1456, #5034, #8202, .T. ) ;
#1087 = CARTESIAN_POINT ( 'NONE',  ( 1.275000000037500136, 0.03999999998249999938, 0.5000000000284999802 ) ) ;
#1088 = EDGE_CURVE ( 'NONE', #2633, #149, #2416, .T. ) ;
#1089 = ORIENTED_EDGE ( 'NONE', *, *, #8, .F. ) ;
#1090 = ADVANCED_FACE ( 'NONE', ( #8343 ), #3186, .F. ) ;
#1091 = CARTESIAN_POINT ( 'NONE',  ( 2.299999999995834710, 1.500000000000000000, 1.408884404018738046 ) ) ;
#1092 = AXIS2_PLACEMENT_3D ( 'NONE', #9050, #3704, #2981 ) ;
#1093 = EDGE_LOOP ( 'NONE', ( #8565, #2621, #8588, #6958 ) ) ;
#1094 = FACE_OUTER_BOUND ( 'NONE', #7292, .T. ) ;
#1095 = AXIS2_PLACEMENT_3D ( 'NONE', #9146, #4863, #6895 ) ;
#1096 = VERTEX_POINT ( 'NONE', #6663 ) ;
#1097 = LINE ( 'NONE', #6957, #2399 ) ;
#1098 = VERTEX_POINT ( 'NONE', #840 ) ;
#1099 = LINE ( 'NONE', #9117, #7005 ) ;
#1100 = LINE ( 'NONE', #9265, #1639 ) ;
#1101 = DIRECTION ( 'NONE',  ( 1.000000000000000000, 0.000000000000000000, 0.000000000000000000 ) ) ;
#1102 = EDGE_CURVE ( 'NONE', #7978, #7734, #6136, .T. ) ;
#1103 = LINE ( 'NONE', #1056, #107 ) ;
#1104 = EDGE_CURVE ( 'NONE', #3734, #6187, #5988, .T. ) ;
#1105 = ADVANCED_FACE ( 'NONE', ( #3763 ), #3134, .F. ) ;
#1106 = ORIENTED_EDGE ( 'NONE', *, *, #4200, .T. ) ;
#1107 = CARTESIAN_POINT ( 'NONE',  ( -1.275000000000000133, 0.05000000000000000278, 0.2000000000000000111 ) ) ;
#1108 = VERTEX_POINT ( 'NONE', #135 ) ;
#1109 = CARTESIAN_POINT ( 'NONE',  ( -2.575841710426994613, 0.5999999999999999778, 0.5500000000000000444 ) ) ;
#1110 = ORIENTED_EDGE ( 'NONE', *, *, #5389, .F. ) ;
#1111 = ORIENTED_EDGE ( 'NONE', *, *, #2605, .T. ) ;
#1112 = DIRECTION ( 'NONE',  ( 0.000000000000000000, 0.8660254037844387076, 0.4999999999999998890 ) ) ;
#1113 = CARTESIAN_POINT ( 'NONE',  ( -2.149999999911110127, 1.500000000000000000, -1.574026653644445162 ) ) ;
#1114 = DIRECTION ( 'NONE',  ( 0.000000000000000000, -0.1643990035215670276, -0.9863939211294420195 ) ) ;
#1115 = CARTESIAN_POINT ( 'NONE',  ( -0.5999999999999999778, 1.650056147000000140, -0.5500000000000000444 ) ) ;
#1116 = VERTEX_POINT ( 'NONE', #7480 ) ;
#1117 = CARTESIAN_POINT ( 'NONE',  ( 1.300000000000000044, 1.647467559999999942, 2.250000000025000002 ) ) ;
#1118 = VERTEX_POINT ( 'NONE', #273 ) ;
#1119 = DIRECTION ( 'NONE',  ( 0.000000000000000000, 1.000000000000000000, 0.000000000000000000 ) ) ;
#1120 = ADVANCED_FACE ( 'NONE', ( #7526 ), #5915, .F. ) ;
#1121 = CARTESIAN_POINT ( 'NONE',  ( 0.2035668847576639906, 1.647467559999999942, 2.250000000025000002 ) ) ;
#1122 = VERTEX_POINT ( 'NONE', #3087 ) ;
#1123 = CARTESIAN_POINT ( 'NONE',  ( -1.575000000000145173, 0.2000000001082944956, 0.4999999999988999910 ) ) ;
#1124 = DIRECTION ( 'NONE',  ( 0.000000000000000000, 0.000000000000000000, 1.000000000000000000 ) ) ;
#1125 = DIRECTION ( 'NONE',  ( 0.000000000000000000, 0.000000000000000000, -1.000000000000000000 ) ) ;
#1126 = VECTOR ( 'NONE', #5186, 1000.000000000000000 ) ;
#1127 = ORIENTED_EDGE ( 'NONE', *, *, #2651, .F. ) ;
#1128 = EDGE_CURVE ( 'NONE', #5645, #2532, #6031, .T. ) ;
#1129 = DIRECTION ( 'NONE',  ( 0.000000000000000000, 0.000000000000000000, 1.000000000000000000 ) ) ;
#1130 = CARTESIAN_POINT ( 'NONE',  ( -2.149999999999999911, 1.650056147000000140, 1.408884403999999924 ) ) ;
#1131 = ORIENTED_EDGE ( 'NONE', *, *, #6781, .F. ) ;
#1132 = AXIS2_PLACEMENT_3D ( 'NONE', #2982, #210, #1026 ) ;
#1133 = DIRECTION ( 'NONE',  ( 0.000000000000000000, -0.04540765827394377396, -0.9989685403305134104 ) ) ;
#1134 = CARTESIAN_POINT ( 'NONE',  ( -1.449999999999999956, 1.060000000000000053, -1.750000000000000000 ) ) ;
#1135 = CARTESIAN_POINT ( 'NONE',  ( 0.1499999999625000191, 0.03999999998249999938, 0.4799031069999999954 ) ) ;
#1136 = CARTESIAN_POINT ( 'NONE',  ( -2.575841710426994613, 0.5999999999999999778, 0.5500000000000000444 ) ) ;
#1137 = CARTESIAN_POINT ( 'NONE',  ( 1.449999999999999956, 1.500000000000000000, -1.574026653954375021 ) ) ;
#1138 = ORIENTED_EDGE ( 'NONE', *, *, #6151, .F. ) ;
#1139 = PRESENTATION_LAYER_ASSIGNMENT (  '', '', ( #5427 ) ) ;
#1140 = LINE ( 'NONE', #7531, #7167 ) ;
#1141 = DIRECTION ( 'NONE',  ( -0.000000000000000000, 1.000000000000000000, 0.000000000000000000 ) ) ;
#1142 = ORIENTED_EDGE ( 'NONE', *, *, #1866, .T. ) ;
#1143 =( NAMED_UNIT ( * ) PLANE_ANGLE_UNIT ( ) SI_UNIT ( $, .RADIAN. ) );
#1144 = ORIENTED_EDGE ( 'NONE', *, *, #5624, .T. ) ;
#1145 = EDGE_CURVE ( 'NONE', #5661, #2077, #1654, .T. ) ;
#1146 = DIRECTION ( 'NONE',  ( 0.000000000000000000, 0.000000000000000000, -1.000000000000000000 ) ) ;
#1147 = AXIS2_PLACEMENT_3D ( 'NONE', #6486, #6536, #4309 ) ;
#1148 = DIRECTION ( 'NONE',  ( 1.000000000000000000, 0.000000000000000000, 0.000000000000000000 ) ) ;
#1149 = LINE ( 'NONE', #4067, #203 ) ;
#1150 = CARTESIAN_POINT ( 'NONE',  ( -0.4999999996749999731, 0.03000000000000000236, 1.750000000000000000 ) ) ;
#1151 = VECTOR ( 'NONE', #1749, 1000.000000000000000 ) ;
#1152 = ORIENTED_EDGE ( 'NONE', *, *, #2462, .F. ) ;
#1153 = PLANE ( 'NONE',  #8987 ) ;
#1154 = VERTEX_POINT ( 'NONE', #3858 ) ;
#1155 = DIRECTION ( 'NONE',  ( 1.000000000000000000, 0.000000000000000000, 0.000000000000000000 ) ) ;
#1156 = ORIENTED_EDGE ( 'NONE', *, *, #285, .F. ) ;
#1157 = ORIENTED_EDGE ( 'NONE', *, *, #8489, .T. ) ;
#1158 = EDGE_CURVE ( 'NONE', #1975, #7645, #1038, .T. ) ;
#1159 = FILL_AREA_STYLE ('',( #2626 ) ) ;
#1160 = DIRECTION ( 'NONE',  ( 0.000000000000000000, -0.04540765932803111915, -0.9989685402826005145 ) ) ;
#1161 = CIRCLE ( 'NONE', #3435, 0.09999999922648554473 ) ;
#1162 = DIRECTION ( 'NONE',  ( -1.000000000000000000, 0.000000000000000000, 0.000000000000000000 ) ) ;
#1163 = VECTOR ( 'NONE', #7847, 1000.000000000000000 ) ;
#1164 = VECTOR ( 'NONE', #5554, 1000.000000000000114 ) ;
#1165 = DIRECTION ( 'NONE',  ( -0.000000000000000000, 0.9989685402826004035, 0.04540765932803047383 ) ) ;
#1166 = VECTOR ( 'NONE', #6233, 1000.000000000000000 ) ;
#1167 = VERTEX_POINT ( 'NONE', #3903 ) ;
#1168 = CARTESIAN_POINT ( 'NONE',  ( 2.299999999966665154, 1.650056147000000140, -0.9000000000924819332 ) ) ;
#1169 = ORIENTED_EDGE ( 'NONE', *, *, #2844, .T. ) ;
#1170 = CARTESIAN_POINT ( 'NONE',  ( 1.275000000000000133, 1.547467559748485044, 1.500000000000000000 ) ) ;
#1171 = DIRECTION ( 'NONE',  ( 1.000000000000000000, 0.000000000000000000, 2.814814168754134930E-16 ) ) ;
#1172 = VECTOR ( 'NONE', #7266, 1000.000000000000000 ) ;
#1173 = EDGE_CURVE ( 'NONE', #7872, #1683, #75, .T. ) ;
#1174 = DIRECTION ( 'NONE',  ( -0.000000000000000000, 0.000000000000000000, -1.000000000000000000 ) ) ;
#1175 = ORIENTED_EDGE ( 'NONE', *, *, #5470, .F. ) ;
#1176 = AXIS2_PLACEMENT_3D ( 'NONE', #4340, #4974, #3626 ) ;
#1177 = SURFACE_SIDE_STYLE ('',( #7756 ) ) ;
#1178 = SURFACE_STYLE_USAGE ( .BOTH. , #7757 ) ;
#1179 = CARTESIAN_POINT ( 'NONE',  ( 0.2999999999999999889, 1.060000000265914011, 1.749999999999074962 ) ) ;
#1180 = AXIS2_PLACEMENT_3D ( 'NONE', #7976, #6529, #3631 ) ;
#1181 = EDGE_CURVE ( 'NONE', #5226, #6356, #5015, .T. ) ;
#1182 = VECTOR ( 'NONE', #8303, 1000.000000000000000 ) ;
#1183 = ORIENTED_EDGE ( 'NONE', *, *, #7939, .F. ) ;
#1184 = CARTESIAN_POINT ( 'NONE',  ( 2.149999999999999911, 1.650056147000000140, 0.9000000000000000222 ) ) ;
#1185 = VECTOR ( 'NONE', #3766, 1000.000000000000000 ) ;
#1186 = DIRECTION ( 'NONE',  ( -0.000000000000000000, 1.000000000000000000, 0.000000000000000000 ) ) ;
#1187 = ORIENTED_EDGE ( 'NONE', *, *, #5473, .T. ) ;
#1188 = LINE ( 'NONE', #7090, #6465 ) ;
#1189 = DIRECTION ( 'NONE',  ( 0.000000000000000000, 0.000000000000000000, 1.000000000000000000 ) ) ;
#1190 = CARTESIAN_POINT ( 'NONE',  ( -2.099999999496474867, 1.140056147914642048, 0.4249999999999999889 ) ) ;
#1191 = CARTESIAN_POINT ( 'NONE',  ( 1.149999999805447981, 1.060000000000000053, 1.600000000000000089 ) ) ;
#1192 = ORIENTED_EDGE ( 'NONE', *, *, #2509, .T. ) ;
#1193 = DIRECTION ( 'NONE',  ( -1.000000000000000000, 0.000000000000000000, 0.000000000000000000 ) ) ;
#1194 = VECTOR ( 'NONE', #465, 1000.000000000000000 ) ;
#1195 = VECTOR ( 'NONE', #9074, 1000.000000000000114 ) ;
#1196 = ORIENTED_EDGE ( 'NONE', *, *, #9432, .F. ) ;
#1197 = EDGE_CURVE ( 'NONE', #6040, #6363, #5449, .T. ) ;
#1198 = DIRECTION ( 'NONE',  ( -1.000000000000000000, 0.000000000000000000, 0.000000000000000000 ) ) ;
#1199 = ORIENTED_EDGE ( 'NONE', *, *, #5763, .F. ) ;
#1200 = DIRECTION ( 'NONE',  ( 0.000000000000000000, 0.000000000000000000, -1.000000000000000000 ) ) ;
#1201 = EDGE_CURVE ( 'NONE', #3052, #3603, #8397, .T. ) ;
#1202 = CARTESIAN_POINT ( 'NONE',  ( -2.350000000096295061, 0.000000000000000000, 0.5500000000000000444 ) ) ;
#1203 = VECTOR ( 'NONE', #6250, 1000.000000000000000 ) ;
#1204 = FACE_OUTER_BOUND ( 'NONE', #6342, .T. ) ;
#1205 = VERTEX_POINT ( 'NONE', #7767 ) ;
#1206 = DIRECTION ( 'NONE',  ( 0.000000000000000000, 0.04540766017575238039, 0.9989685402440676709 ) ) ;
#1207 = VERTEX_POINT ( 'NONE', #7862 ) ;
#1208 = CARTESIAN_POINT ( 'NONE',  ( 1.275000000000000133, 1.547467559748485044, 1.500000000000000000 ) ) ;
#1209 = EDGE_LOOP ( 'NONE', ( #7024, #8726, #9113, #4619 ) ) ;
#1210 = AXIS2_PLACEMENT_3D ( 'NONE', #4966, #7964, #9356 ) ;
#1211 = ORIENTED_EDGE ( 'NONE', *, *, #2276, .F. ) ;
#1212 = DIRECTION ( 'NONE',  ( 0.000000000000000000, -1.000000000000000000, 0.000000000000000000 ) ) ;
#1213 =( NAMED_UNIT ( * ) PLANE_ANGLE_UNIT ( ) SI_UNIT ( $, .RADIAN. ) );
#1214 = CARTESIAN_POINT ( 'NONE',  ( 1.574999999999999956, 0.5950280735000669230, 0.2000000000000000111 ) ) ;
#1215 = DIRECTION ( 'NONE',  ( 0.000000000000000000, -1.000000000000000000, 0.000000000000000000 ) ) ;
#1216 = ADVANCED_FACE ( 'NONE', ( #4824 ), #365, .T. ) ;
#1217 = ORIENTED_EDGE ( 'NONE', *, *, #1991, .T. ) ;
#1218 = EDGE_CURVE ( 'NONE', #3019, #9055, #3958, .T. ) ;
#1219 = DIRECTION ( 'NONE',  ( -1.000000000000000000, 0.000000000000000000, 0.000000000000000000 ) ) ;
#1220 = ORIENTED_EDGE ( 'NONE', *, *, #4391, .T. ) ;
#1221 = DIRECTION ( 'NONE',  ( 0.000000000000000000, 0.04540766111441242592, -0.9989685402014014670 ) ) ;
#1222 = CARTESIAN_POINT ( 'NONE',  ( -0.2000000007735149854, 1.547467560000000075, 2.250000000000000000 ) ) ;
#1223 = CARTESIAN_POINT ( 'NONE',  ( -1.300000000000000044, 0.2474675600000000031, 2.250000000025000002 ) ) ;
#1224 = ORIENTED_EDGE ( 'NONE', *, *, #1667, .F. ) ;
#1225 = CARTESIAN_POINT ( 'NONE',  ( 1.275000000037500136, 0.5950280735000669230, 0.4799031069999999954 ) ) ;
#1226 = PRESENTATION_STYLE_ASSIGNMENT (( #546 ) ) ;
#1227 = CARTESIAN_POINT ( 'NONE',  ( -0.4999999996749999731, 0.03000000011000014677, 0.5999999999999999778 ) ) ;
#1228 = EDGE_CURVE ( 'NONE', #6095, #4048, #3373, .T. ) ;
#1229 = ORIENTED_EDGE ( 'NONE', *, *, #4935, .T. ) ;
#1230 = EDGE_CURVE ( 'NONE', #2434, #7755, #6323, .T. ) ;
#1231 = CARTESIAN_POINT ( 'NONE',  ( -1.324999999999999956, 0.8699944348937330707, 1.630794232940349975 ) ) ;
#1232 = CARTESIAN_POINT ( 'NONE',  ( -0.5000000000000000000, 1.060000000000000053, 0.6500000000000000222 ) ) ;
#1233 = VERTEX_POINT ( 'NONE', #6281 ) ;
#1234 = CARTESIAN_POINT ( 'NONE',  ( -1.575000000000145173, 0.2000000000991274951, -0.5000000000011000090 ) ) ;
#1235 = VECTOR ( 'NONE', #3165, 1000.000000000000000 ) ;
#1236 = CARTESIAN_POINT ( 'NONE',  ( 1.700000000335544881, 1.455783556406039958, -1.600000000033695136 ) ) ;
#1237 = LINE ( 'NONE', #2650, #4233 ) ;
#1238 = DIRECTION ( 'NONE',  ( -1.000000000000000000, 0.000000000000000000, 0.000000000000000000 ) ) ;
#1239 = EDGE_LOOP ( 'NONE', ( #518, #8732, #6338, #2736, #1706, #1344, #443 ) ) ;
#1240 = CARTESIAN_POINT ( 'NONE',  ( 1.699999999999999956, 1.500000000000000000, 1.521793620081484777 ) ) ;
#1241 = ORIENTED_EDGE ( 'NONE', *, *, #1073, .T. ) ;
#1242 = PLANE ( 'NONE',  #7329 ) ;
#1243 = ORIENTED_EDGE ( 'NONE', *, *, #8328, .T. ) ;
#1244 = LINE ( 'NONE', #7727, #4992 ) ;
#1245 = FACE_OUTER_BOUND ( 'NONE', #4921, .T. ) ;
#1246 = DIRECTION ( 'NONE',  ( -1.000000000000000000, 0.000000000000000000, 0.000000000000000000 ) ) ;
#1247 = CIRCLE ( 'NONE', #4148, 0.2000000000000000944 ) ;
#1248 = EDGE_LOOP ( 'NONE', ( #8341, #7101, #7174, #9336, #4833 ) ) ;
#1249 = CARTESIAN_POINT ( 'NONE',  ( 2.350000000000000089, 1.500000000000000000, -1.600000000000000089 ) ) ;
#1250 = ORIENTED_EDGE ( 'NONE', *, *, #47, .T. ) ;
#1251 = CARTESIAN_POINT ( 'NONE',  ( 1.300000000000000044, 1.647467559999999942, 2.750000000000000000 ) ) ;
#1252 = ORIENTED_EDGE ( 'NONE', *, *, #7159, .T. ) ;
#1253 = LINE ( 'NONE', #532, #9297 ) ;
#1254 = DIRECTION ( 'NONE',  ( 1.000000000000000000, 0.000000000000000000, 0.000000000000000000 ) ) ;
#1255 = PRESENTATION_STYLE_ASSIGNMENT (( #1391 ) ) ;
#1256 = PLANE ( 'NONE',  #8837 ) ;
#1257 = VERTEX_POINT ( 'NONE', #7671 ) ;
#1258 = DIRECTION ( 'NONE',  ( 1.000000000000000000, 0.000000000000000000, 0.000000000000000000 ) ) ;
#1259 = ORIENTED_EDGE ( 'NONE', *, *, #1661, .F. ) ;
#1260 = CARTESIAN_POINT ( 'NONE',  ( 0.5999999992264859472, 1.060000000000000053, 0.5699999999999999512 ) ) ;
#1261 = DIRECTION ( 'NONE',  ( 0.000000000000000000, 1.000000000000000000, 0.000000000000000000 ) ) ;
#1262 = EDGE_CURVE ( 'NONE', #6661, #4581, #7820, .T. ) ;
#1263 = DIRECTION ( 'NONE',  ( 0.000000000000000000, 0.000000000000000000, -1.000000000000000000 ) ) ;
#1264 = EDGE_CURVE ( 'NONE', #1069, #3570, #1188, .T. ) ;
#1265 = CARTESIAN_POINT ( 'NONE',  ( 2.350000000000000089, 1.500000000000000000, -1.600000000035400216 ) ) ;
#1266 = DIRECTION ( 'NONE',  ( 0.000000000000000000, 0.000000000000000000, 1.000000000000000000 ) ) ;
#1267 = CARTESIAN_POINT ( 'NONE',  ( 2.149999999999999911, 1.140056146978333906, -0.4249999999999999889 ) ) ;
#1268 = VERTEX_POINT ( 'NONE', #4004 ) ;
#1269 = DIRECTION ( 'NONE',  ( 0.000000000000000000, 0.000000000000000000, 1.000000000000000000 ) ) ;
#1270 = VERTEX_POINT ( 'NONE', #8533 ) ;
#1271 = CARTESIAN_POINT ( 'NONE',  ( -0.2000000007735149854, 1.447467560773514128, 2.250000000000000000 ) ) ;
#1272 = VERTEX_POINT ( 'NONE', #1234 ) ;
#1273 = STYLED_ITEM ( 'NONE', ( #4186 ), #296 ) ;
#1274 = CARTESIAN_POINT ( 'NONE',  ( 2.299999999966665154, 1.500000000000000000, -0.9000000000924819332 ) ) ;
#1275 = EDGE_CURVE ( 'NONE', #8986, #502, #2648, .T. ) ;
#1276 = EDGE_CURVE ( 'NONE', #4134, #1410, #1841, .T. ) ;
#1277 = CARTESIAN_POINT ( 'NONE',  ( -1.274999999962500130, 0.04000000009687500885, -0.5000000000027500224 ) ) ;
#1278 = DIRECTION ( 'NONE',  ( 1.000000000000000000, 0.000000000000000000, 0.000000000000000000 ) ) ;
#1279 = ADVANCED_FACE ( 'NONE', ( #6903 ), #9104, .T. ) ;
#1280 = LINE ( 'NONE', #9107, #6874 ) ;
#1281 = VERTEX_POINT ( 'NONE', #1987 ) ;
#1282 = FACE_OUTER_BOUND ( 'NONE', #7079, .T. ) ;
#1283 = VECTOR ( 'NONE', #6608, 1000.000000000000000 ) ;
#1284 = ORIENTED_EDGE ( 'NONE', *, *, #595, .F. ) ;
#1285 =( LENGTH_UNIT ( ) NAMED_UNIT ( * ) SI_UNIT ( .MILLI., .METRE. ) );
#1286 = ORIENTED_EDGE ( 'NONE', *, *, #776, .F. ) ;
#1287 = CARTESIAN_POINT ( 'NONE',  ( -2.250000000000000000, 0.9135077105306399492, -1.771552170622729960 ) ) ;
#1288 = EDGE_CURVE ( 'NONE', #653, #3989, #6948, .T. ) ;
#1289 = DIRECTION ( 'NONE',  ( 0.000000000000000000, 0.000000000000000000, 1.000000000000000000 ) ) ;
#1290 = VECTOR ( 'NONE', #6413, 1000.000000000000000 ) ;
#1291 = ADVANCED_FACE ( 'NONE', ( #2506 ), #4922, .T. ) ;
#1292 = ORIENTED_EDGE ( 'NONE', *, *, #9072, .T. ) ;
#1293 = DIRECTION ( 'NONE',  ( 0.000000000000000000, 0.000000000000000000, -1.000000000000000000 ) ) ;
#1294 = ORIENTED_EDGE ( 'NONE', *, *, #6491, .T. ) ;
#1295 = CARTESIAN_POINT ( 'NONE',  ( -2.149999999911110127, 1.499999999738714118, 1.521793619773354811 ) ) ;
#1296 = AXIS2_PLACEMENT_3D ( 'NONE', #3027, #8325, #4418 ) ;
#1297 = VERTEX_POINT ( 'NONE', #1888 ) ;
#1298 = LINE ( 'NONE', #4801, #7145 ) ;
#1299 = CARTESIAN_POINT ( 'NONE',  ( -0.5338562173418459622, 1.650056147000000140, -0.6250000000000000000 ) ) ;
#1300 = CARTESIAN_POINT ( 'NONE',  ( 2.350000000000000089, 1.240192378277748197, 1.750000000000000000 ) ) ;
#1301 = CARTESIAN_POINT ( 'NONE',  ( -1.575000000000145173, 0.2000000000991274951, -0.5000000000011000090 ) ) ;
#1302 = ORIENTED_EDGE ( 'NONE', *, *, #8975, .T. ) ;
#1303 = DIRECTION ( 'NONE',  ( 0.000000000000000000, -9.166665094085399879E-12, -1.000000000000000000 ) ) ;
#1304 = ORIENTED_EDGE ( 'NONE', *, *, #7907, .F. ) ;
#1305 = DIRECTION ( 'NONE',  ( 1.000000000000000000, 0.000000000000000000, 0.000000000000000000 ) ) ;
#1306 = AXIS2_PLACEMENT_3D ( 'NONE', #6591, #5, #4456 ) ;
#1307 = EDGE_CURVE ( 'NONE', #1397, #1205, #6997, .T. ) ;
#1308 = VECTOR ( 'NONE', #3073, 1000.000000000000000 ) ;
#1309 = CARTESIAN_POINT ( 'NONE',  ( 2.149999999999999911, 1.500000000000000000, -1.574026654078955145 ) ) ;
#1310 = CARTESIAN_POINT ( 'NONE',  ( 0.4999999996749999731, 0.03000000063083475138, 0.5999999998776038845 ) ) ;
#1311 = AXIS2_PLACEMENT_3D ( 'NONE', #7778, #1193, #7826 ) ;
#1312 = EDGE_CURVE ( 'NONE', #611, #2870, #1247, .T. ) ;
#1313 = VECTOR ( 'NONE', #2156, 1000.000000000000000 ) ;
#1314 = LINE ( 'NONE', #8038, #4842 ) ;
#1315 = VECTOR ( 'NONE', #3, 1000.000000000000000 ) ;
#1316 = ORIENTED_EDGE ( 'NONE', *, *, #6738, .T. ) ;
#1317 = CARTESIAN_POINT ( 'NONE',  ( -0.5000000000000000000, 1.650056147000000140, 0.2504318544911490196 ) ) ;
#1318 = ORIENTED_EDGE ( 'NONE', *, *, #9432, .T. ) ;
#1319 = CARTESIAN_POINT ( 'NONE',  ( -1.350000000000000089, 0.5039421739999999650, -1.790168786000000178 ) ) ;
#1320 =( LENGTH_UNIT ( ) NAMED_UNIT ( * ) SI_UNIT ( .MILLI., .METRE. ) );
#1321 = ORIENTED_EDGE ( 'NONE', *, *, #911, .F. ) ;
#1322 = LINE ( 'NONE', #4328, #13 ) ;
#1323 = B_SPLINE_CURVE_WITH_KNOTS ( 'NONE', 3,
 ( #742, #3659, #9394, #6607, #2889, #2795 ),
 .UNSPECIFIED., .F., .F.,
 ( 4, 1, 1, 4 ),
 ( 4.423502805691085069E-14, 2.735936393488629968E-05, 5.106052486549490695E-05, 7.575805591837080663E-05 ),
 .UNSPECIFIED. ) ;
#1324 = CARTESIAN_POINT ( 'NONE',  ( -2.342588587496474695, 1.590056147773514894, -0.3999999999508210280 ) ) ;
#1325 = LINE ( 'NONE', #4249, #8401 ) ;
#1326 = VECTOR ( 'NONE', #9168, 1000.000000000000000 ) ;
#1327 = DIRECTION ( 'NONE',  ( 0.000000000000000000, -0.8660254037844387076, 0.4999999999999998890 ) ) ;
#1328 = VECTOR ( 'NONE', #6262, 1000.000000000000000 ) ;
#1329 = VECTOR ( 'NONE', #2406, 1000.000000000000000 ) ;
#1330 = VERTEX_POINT ( 'NONE', #3561 ) ;
#1331 = DIRECTION ( 'NONE',  ( 0.000000000000000000, 0.000000000000000000, 1.000000000000000000 ) ) ;
#1332 = EDGE_CURVE ( 'NONE', #8176, #2712, #5692, .T. ) ;
#1333 = EDGE_CURVE ( 'NONE', #1807, #7706, #647, .T. ) ;
#1334 = ORIENTED_EDGE ( 'NONE', *, *, #6473, .F. ) ;
#1335 = CARTESIAN_POINT ( 'NONE',  ( -2.299999999999999822, 1.500000000000000000, -0.9000000001087259394 ) ) ;
#1336 = ORIENTED_EDGE ( 'NONE', *, *, #7788, .T. ) ;
#1337 = UNCERTAINTY_MEASURE_WITH_UNIT (LENGTH_MEASURE( 1.000000000000000082E-05 ), #7814, 'distance_accuracy_value', 'NONE');
#1338 = DIRECTION ( 'NONE',  ( 0.000000000000000000, 0.04540765932803051547, -0.9989685402826004035 ) ) ;
#1339 = DIRECTION ( 'NONE',  ( 0.000000000000000000, 0.000000000000000000, 1.000000000000000000 ) ) ;
#1340 = VECTOR ( 'NONE', #1083, 1000.000000000000114 ) ;
#1341 = VECTOR ( 'NONE', #8145, 999.9999999999998863 ) ;
#1342 = EDGE_CURVE ( 'NONE', #3915, #1653, #2217, .T. ) ;
#1343 = AXIS2_PLACEMENT_3D ( 'NONE', #1757, #3243, #4634 ) ;
#1344 = ORIENTED_EDGE ( 'NONE', *, *, #8429, .F. ) ;
#1345 = ADVANCED_FACE ( 'NONE', ( #8000 ), #4287, .F. ) ;
#1346 = DIRECTION ( 'NONE',  ( 0.000000000000000000, -0.9989685403305134104, 0.04540765827394396825 ) ) ;
#1347 = EDGE_LOOP ( 'NONE', ( #4795, #5553, #3945, #5951 ) ) ;
#1348 = AXIS2_PLACEMENT_3D ( 'NONE', #7351, #4402, #761 ) ;
#1349 = VERTEX_POINT ( 'NONE', #7908 ) ;
#1350 = LINE ( 'NONE', #7440, #709 ) ;
#1351 = PLANE ( 'NONE',  #5528 ) ;
#1352 = DIRECTION ( 'NONE',  ( 0.000000000000000000, 0.000000000000000000, -1.000000000000000000 ) ) ;
#1353 = DIRECTION ( 'NONE',  ( -1.000000000000000000, 0.000000000000000000, 0.000000000000000000 ) ) ;
#1354 = EDGE_LOOP ( 'NONE', ( #4359, #4409, #3654, #2345 ) ) ;
#1355 = CARTESIAN_POINT ( 'NONE',  ( 1.149999999757264080, 1.052467559906665961, 1.750000000012500001 ) ) ;
#1356 = VECTOR ( 'NONE', #1125, 1000.000000000000000 ) ;
#1357 = ORIENTED_EDGE ( 'NONE', *, *, #491, .T. ) ;
#1358 = CARTESIAN_POINT ( 'NONE',  ( -0.7500000000000000000, 1.690056146999999953, 0.5500000007735139640 ) ) ;
#1359 = ORIENTED_EDGE ( 'NONE', *, *, #7012, .T. ) ;
#1360 = CARTESIAN_POINT ( 'NONE',  ( 2.250000000000000000, 0.5039421739999999650, -1.790168786000000178 ) ) ;
#1361 = LINE ( 'NONE', #6412, #4155 ) ;
#1362 = CARTESIAN_POINT ( 'NONE',  ( -2.149999999999999911, 1.140056146948334126, 0.4249999999999999889 ) ) ;
#1363 = CARTESIAN_POINT ( 'NONE',  ( 2.342588587610479944, 1.690056146978335061, -0.4000000000357664676 ) ) ;
#1364 = ORIENTED_EDGE ( 'NONE', *, *, #8799, .T. ) ;
#1365 = SURFACE_STYLE_FILL_AREA ( #5867 ) ;
#1366 = VERTEX_POINT ( 'NONE', #7190 ) ;
#1367 = FACE_OUTER_BOUND ( 'NONE', #8633, .T. ) ;
#1368 = ORIENTED_EDGE ( 'NONE', *, *, #772, .F. ) ;
#1369 = CARTESIAN_POINT ( 'NONE',  ( 1.959081025034369983, 0.8399319794447059895, 1.450419500668233885 ) ) ;
#1370 = LINE ( 'NONE', #8673, #5261 ) ;
#1371 = DIRECTION ( 'NONE',  ( 0.000000000000000000, 1.000000000000000000, 0.000000000000000000 ) ) ;
#1372 = CARTESIAN_POINT ( 'NONE',  ( 2.342588587610479944, 0.8800000001033340125, 0.4249999999642334880 ) ) ;
#1373 = EDGE_LOOP ( 'NONE', ( #4703, #1588, #4501, #2165 ) ) ;
#1374 = CARTESIAN_POINT ( 'NONE',  ( -0.7125000000000000222, 0.03999999998249999938, 0.5000000000000000000 ) ) ;
#1375 = VERTEX_POINT ( 'NONE', #5872 ) ;
#1376 = DIRECTION ( 'NONE',  ( 1.000000000000000000, 0.000000000000000000, 0.000000000000000000 ) ) ;
#1377 = EDGE_CURVE ( 'NONE', #7324, #4021, #1323, .T. ) ;
#1378 = ORIENTED_EDGE ( 'NONE', *, *, #3728, .T. ) ;
#1379 = LINE ( 'NONE', #4394, #1781 ) ;
#1380 = DIRECTION ( 'NONE',  ( -1.000000000000000000, 0.000000000000000000, 0.000000000000000000 ) ) ;
#1381 = EDGE_CURVE ( 'NONE', #8957, #8462, #691, .T. ) ;
#1382 = EDGE_CURVE ( 'NONE', #8844, #5884, #8721, .T. ) ;
#1383 = AXIS2_PLACEMENT_3D ( 'NONE', #63, #8188, #8287 ) ;
#1384 = VECTOR ( 'NONE', #7652, 1000.000000000000000 ) ;
#1385 = VERTEX_POINT ( 'NONE', #5014 ) ;
#1386 = LINE ( 'NONE', #8066, #703 ) ;
#1387 = ORIENTED_EDGE ( 'NONE', *, *, #7743, .T. ) ;
#1388 = ORIENTED_EDGE ( 'NONE', *, *, #2476, .F. ) ;
#1389 = DIRECTION ( 'NONE',  ( 0.000000000000000000, -1.000000000000000000, 0.000000000000000000 ) ) ;
#1390 = DIRECTION ( 'NONE',  ( 0.000000000000000000, -0.04540765932803111915, 0.9989685402826005145 ) ) ;
#1391 = SURFACE_STYLE_USAGE ( .BOTH. , #8605 ) ;
#1392 = EDGE_CURVE ( 'NONE', #5925, #375, #5059, .T. ) ;
#1393 = ADVANCED_FACE ( 'NONE', ( #8629 ), #3610, .T. ) ;
#1394 = CARTESIAN_POINT ( 'NONE',  ( -2.350000000000000089, 0.8648620626666669864, 1.600000000000000089 ) ) ;
#1395 = ORIENTED_EDGE ( 'NONE', *, *, #5817, .F. ) ;
#1396 = CARTESIAN_POINT ( 'NONE',  ( -2.149999999911110127, 1.500000000000000000, 0.4249999999999999889 ) ) ;
#1397 = VERTEX_POINT ( 'NONE', #7960 ) ;
#1398 = PLANE ( 'NONE',  #77 ) ;
#1399 = STYLED_ITEM ( 'NONE', ( #820 ), #1848 ) ;
#1400 = CARTESIAN_POINT ( 'NONE',  ( -2.350000000000000089, 0.9000000001178649622, 1.749999999980355048 ) ) ;
#1401 = LINE ( 'NONE', #1310, #5075 ) ;
#1402 = DIRECTION ( 'NONE',  ( 0.000000000000000000, 0.000000000000000000, -1.000000000000000000 ) ) ;
#1403 = LINE ( 'NONE', #1980, #1172 ) ;
#1404 = VERTEX_POINT ( 'NONE', #6560 ) ;
#1405 = EDGE_CURVE ( 'NONE', #3019, #6965, #8809, .T. ) ;
#1406 = CARTESIAN_POINT ( 'NONE',  ( -0.5999999992264859472, 1.060000000000000053, 0.5500000007735150742 ) ) ;
#1407 = ORIENTED_EDGE ( 'NONE', *, *, #6092, .F. ) ;
#1408 = DIRECTION ( 'NONE',  ( 0.000000000000000000, 0.000000000000000000, -1.000000000000000000 ) ) ;
#1409 = CARTESIAN_POINT ( 'NONE',  ( -2.350000000096295061, 0.2000000000000000111, -1.750000000000000000 ) ) ;
#1410 = VERTEX_POINT ( 'NONE', #2166 ) ;
#1411 = DIRECTION ( 'NONE',  ( 1.215290246266205980E-12, -1.000000000000000000, 9.166665094085399879E-12 ) ) ;
#1412 = CARTESIAN_POINT ( 'NONE',  ( 2.149999999999999911, 1.650056147000000140, 1.749999999625740044 ) ) ;
#1413 = LINE ( 'NONE', #2082, #3930 ) ;
#1414 = CARTESIAN_POINT ( 'NONE',  ( -1.300000000000000044, 0.2474675600000000031, 2.750000000000000000 ) ) ;
#1415 = EDGE_CURVE ( 'NONE', #7583, #7734, #557, .T. ) ;
#1416 = DIRECTION ( 'NONE',  ( 1.000000000000000000, 0.000000000000000000, 0.000000000000000000 ) ) ;
#1417 = ORIENTED_EDGE ( 'NONE', *, *, #5389, .T. ) ;
#1418 = CARTESIAN_POINT ( 'NONE',  ( -0.5000000000000000000, 0.03000000010999999758, -0.5999999994999999364 ) ) ;
#1419 = VECTOR ( 'NONE', #1652, 1000.000000000000000 ) ;
#1420 = VERTEX_POINT ( 'NONE', #5106 ) ;
#1421 = CARTESIAN_POINT ( 'NONE',  ( 0.6500000007735150520, 1.060000000000000053, -0.5800000007735149898 ) ) ;
#1422 = ORIENTED_EDGE ( 'NONE', *, *, #2262, .T. ) ;
#1423 = DIRECTION ( 'NONE',  ( 0.000000000000000000, 0.000000000000000000, 1.000000000000000000 ) ) ;
#1424 = DIRECTION ( 'NONE',  ( 0.000000000000000000, 1.000000000000000000, 0.000000000000000000 ) ) ;
#1425 = EDGE_CURVE ( 'NONE', #3834, #1098, #1322, .T. ) ;
#1426 = MECHANICAL_DESIGN_GEOMETRIC_PRESENTATION_REPRESENTATION (  '', ( #7411 ), #8641 ) ;
#1427 = VERTEX_POINT ( 'NONE', #7274 ) ;
#1428 = DIRECTION ( 'NONE',  ( 0.000000000000000000, -1.000000000000000000, 0.000000000000000000 ) ) ;
#1429 = ORIENTED_EDGE ( 'NONE', *, *, #8372, .F. ) ;
#1430 = CARTESIAN_POINT ( 'NONE',  ( -2.150000000773514941, 0.5039421739999999650, 1.790168786000000178 ) ) ;
#1431 = ORIENTED_EDGE ( 'NONE', *, *, #6004, .T. ) ;
#1432 = DIRECTION ( 'NONE',  ( 0.000000000000000000, 1.000000000000000000, 0.000000000000000000 ) ) ;
#1433 = VECTOR ( 'NONE', #8148, 1000.000000000000000 ) ;
#1434 = LINE ( 'NONE', #7863, #6807 ) ;
#1435 = LINE ( 'NONE', #4350, #7114 ) ;
#1436 = DIRECTION ( 'NONE',  ( 1.000000000000000000, 0.000000000000000000, 0.000000000000000000 ) ) ;
#1437 = ORIENTED_EDGE ( 'NONE', *, *, #7475, .T. ) ;
#1438 = VECTOR ( 'NONE', #8618, 1000.000000000000114 ) ;
#1439 = DIRECTION ( 'NONE',  ( -1.000000000000000000, 0.000000000000000000, 0.000000000000000000 ) ) ;
#1440 = VERTEX_POINT ( 'NONE', #9491 ) ;
#1441 = ADVANCED_FACE ( 'NONE', ( #5830 ), #8762, .F. ) ;
#1442 = FACE_OUTER_BOUND ( 'NONE', #7387, .T. ) ;
#1443 = VERTEX_POINT ( 'NONE', #7328 ) ;
#1444 = DIRECTION ( 'NONE',  ( 0.000000000000000000, 0.9989685402826004035, -0.04540765932803047383 ) ) ;
#1445 = CARTESIAN_POINT ( 'NONE',  ( 1.800000000000000044, 0.03999999994104164874, 0.4999999999972500331 ) ) ;
#1446 = LINE ( 'NONE', #4234, #4959 ) ;
#1447 = CARTESIAN_POINT ( 'NONE',  ( 1.574999999999999956, 0.1999999999541665074, 0.4999999999972500331 ) ) ;
#1448 = CARTESIAN_POINT ( 'NONE',  ( 1.200000000299999980, 1.547467560000000075, 2.250000000000000000 ) ) ;
#1449 = ORIENTED_EDGE ( 'NONE', *, *, #4793, .F. ) ;
#1450 = DIRECTION ( 'NONE',  ( -1.000000000000000000, 0.000000000000000000, 0.000000000000000000 ) ) ;
#1451 = VECTOR ( 'NONE', #3361, 1000.000000000000000 ) ;
#1452 = ORIENTED_EDGE ( 'NONE', *, *, #6357, .F. ) ;
#1453 = CARTESIAN_POINT ( 'NONE',  ( -2.149999999911110127, 1.690056146999999953, -1.574026653644445162 ) ) ;
#1454 = EDGE_CURVE ( 'NONE', #3263, #8479, #9353, .T. ) ;
#1455 = FACE_OUTER_BOUND ( 'NONE', #4403, .T. ) ;
#1456 = VERTEX_POINT ( 'NONE', #926 ) ;
#1457 = ADVANCED_BREP_SHAPE_REPRESENTATION ( 'EVQPU-KB-02K', ( #4977, #5032, #8140, #1848, #4891, #7454 ), #1759 ) ;
#1458 = DIRECTION ( 'NONE',  ( 0.000000000000000000, 0.000000000000000000, 1.000000000000000000 ) ) ;
#1459 = CARTESIAN_POINT ( 'NONE',  ( -1.959807621000000166, 0.000000000000000000, -1.449999999999999956 ) ) ;
#1460 = CARTESIAN_POINT ( 'NONE',  ( 1.800000000000000044, 0.03000000010999999758, -0.5000000000027500224 ) ) ;
#1461 = PLANE ( 'NONE',  #891 ) ;
#1462 = PLANE ( 'NONE',  #6397 ) ;
#1463 = PRODUCT ( 'EVQPU-KB-02K', 'EVQPU-KB-02K', '', ( #2101 ) ) ;
#1464 = CIRCLE ( 'NONE', #2680, 0.2500000000000000000 ) ;
#1465 = ORIENTED_EDGE ( 'NONE', *, *, #2051, .T. ) ;
#1466 = DIRECTION ( 'NONE',  ( 1.000000000000000000, 0.000000000000000000, 0.000000000000000000 ) ) ;
#1467 = ORIENTED_EDGE ( 'NONE', *, *, #5393, .T. ) ;
#1468 = VECTOR ( 'NONE', #5904, 1000.000000000000000 ) ;
#1469 = ORIENTED_EDGE ( 'NONE', *, *, #4271, .T. ) ;
#1470 = AXIS2_PLACEMENT_3D ( 'NONE', #8371, #1776, #7655 ) ;
#1471 = DIRECTION ( 'NONE',  ( 0.000000000000000000, 1.000000000000000000, 0.000000000000000000 ) ) ;
#1472 = VECTOR ( 'NONE', #186, 1000.000000000000000 ) ;
#1473 = DIRECTION ( 'NONE',  ( 0.000000000000000000, -0.1643990035215634471, 0.9863939211294425746 ) ) ;
#1474 = VECTOR ( 'NONE', #6875, 1000.000000000000000 ) ;
#1475 = EDGE_CURVE ( 'NONE', #7488, #4483, #3077, .T. ) ;
#1476 = ORIENTED_EDGE ( 'NONE', *, *, #6696, .F. ) ;
#1477 = CARTESIAN_POINT ( 'NONE',  ( -2.149999999911110127, 1.500000000000000000, 0.9000000000000000222 ) ) ;
#1478 = AXIS2_PLACEMENT_3D ( 'NONE', #5308, #1655, #4577 ) ;
#1479 = EDGE_LOOP ( 'NONE', ( #3582, #1449, #1465, #1872, #593, #6460, #7693, #3195, #8396, #2861 ) ) ;
#1480 = EDGE_CURVE ( 'NONE', #7657, #7474, #8948, .T. ) ;
#1481 = PLANE ( 'NONE',  #1348 ) ;
#1482 = ORIENTED_EDGE ( 'NONE', *, *, #1901, .F. ) ;
#1483 = DIRECTION ( 'NONE',  ( 0.000000000000000000, 0.1908089956594669068, -0.9816271833926694113 ) ) ;
#1484 = PRESENTATION_STYLE_ASSIGNMENT (( #43 ) ) ;
#1485 = VECTOR ( 'NONE', #705, 1000.000000000000000 ) ;
#1486 = CARTESIAN_POINT ( 'NONE',  ( 1.449999999999999956, 0.000000000000000000, -1.600000000000000089 ) ) ;
#1487 = FACE_OUTER_BOUND ( 'NONE', #8995, .T. ) ;
#1488 = ORIENTED_EDGE ( 'NONE', *, *, #5087, .F. ) ;
#1489 = CARTESIAN_POINT ( 'NONE',  ( 1.300000000000000044, 0.2474675600000000031, 2.150000000083335028 ) ) ;
#1490 = AXIS2_PLACEMENT_3D ( 'NONE', #945, #231, #6726 ) ;
#1491 = EDGE_LOOP ( 'NONE', ( #8454, #9069, #6190, #762, #420, #6847, #4274, #1861, #5860, #5715, #4503, #2819 ) ) ;
#1492 = LINE ( 'NONE', #6546, #7598 ) ;
#1493 =( GEOMETRIC_REPRESENTATION_CONTEXT ( 3 ) GLOBAL_UNCERTAINTY_ASSIGNED_CONTEXT ( ( #5747 ) ) GLOBAL_UNIT_ASSIGNED_CONTEXT ( ( #2020, #8661, #1979 ) ) REPRESENTATION_CONTEXT ( 'NONE', 'WORKASPACE' ) );
#1494 = EDGE_LOOP ( 'NONE', ( #8681, #8143, #506, #1522, #3099, #6005, #6812, #8853, #7151, #687, #484, #4387, #3360, #5526 ) ) ;
#1495 = LINE ( 'NONE', #7948, #2682 ) ;
#1496 = DIRECTION ( 'NONE',  ( 0.2704092836928889687, -0.9627454592428357216, 0.000000000000000000 ) ) ;
#1497 = LINE ( 'NONE', #3973, #6565 ) ;
#1498 = CARTESIAN_POINT ( 'NONE',  ( -1.750000000120085053, 0.000000000000000000, 0.5999999999999999778 ) ) ;
#1499 = EDGE_CURVE ( 'NONE', #1709, #1518, #883, .T. ) ;
#1500 = EDGE_CURVE ( 'NONE', #6290, #4565, #8189, .T. ) ;
#1501 = ADVANCED_FACE ( 'NONE', ( #8861 ), #4613, .F. ) ;
#1502 = VECTOR ( 'NONE', #7674, 1000.000000000000000 ) ;
#1503 = ORIENTED_EDGE ( 'NONE', *, *, #1307, .T. ) ;
#1504 = VERTEX_POINT ( 'NONE', #6841 ) ;
#1505 = FILL_AREA_STYLE ('',( #7416 ) ) ;
#1506 = ORIENTED_EDGE ( 'NONE', *, *, #8541, .T. ) ;
#1507 = VECTOR ( 'NONE', #8865, 1000.000000000000114 ) ;
#1508 = LINE ( 'NONE', #692, #52 ) ;
#1509 = EDGE_CURVE ( 'NONE', #6754, #7379, #7561, .T. ) ;
#1510 = LINE ( 'NONE', #3896, #4113 ) ;
#1511 = EDGE_CURVE ( 'NONE', #7053, #4737, #4769, .T. ) ;
#1512 = EDGE_CURVE ( 'NONE', #2929, #3074, #8101, .T. ) ;
#1513 = ORIENTED_EDGE ( 'NONE', *, *, #405, .F. ) ;
#1514 = CARTESIAN_POINT ( 'NONE',  ( -1.449999999999999956, 1.500000000000000000, -1.576215873586544802 ) ) ;
#1515 = LINE ( 'NONE', #4434, #7105 ) ;
#1516 = VERTEX_POINT ( 'NONE', #6751 ) ;
#1517 = PLANE ( 'NONE',  #9167 ) ;
#1518 = VERTEX_POINT ( 'NONE', #8146 ) ;
#1519 = UNCERTAINTY_MEASURE_WITH_UNIT (LENGTH_MEASURE( 1.000000000000000082E-05 ), #6782, 'distance_accuracy_value', 'NONE');
#1520 = DIRECTION ( 'NONE',  ( -1.000000000000000000, 0.000000000000000000, 0.000000000000000000 ) ) ;
#1521 = CARTESIAN_POINT ( 'NONE',  ( 1.350000000000000089, 1.147467559546839988, -1.618181818315594933 ) ) ;
#1522 = ORIENTED_EDGE ( 'NONE', *, *, #920, .F. ) ;
#1523 = DIRECTION ( 'NONE',  ( 0.000000000000000000, 0.000000000000000000, 1.000000000000000000 ) ) ;
#1524 = ORIENTED_EDGE ( 'NONE', *, *, #668, .T. ) ;
#1525 =( NAMED_UNIT ( * ) PLANE_ANGLE_UNIT ( ) SI_UNIT ( $, .RADIAN. ) );
#1526 = CARTESIAN_POINT ( 'NONE',  ( -0.2999999999999999889, 1.197467560283236088, 1.499999999854335853 ) ) ;
#1527 = ORIENTED_EDGE ( 'NONE', *, *, #3226, .F. ) ;
#1528 = CYLINDRICAL_SURFACE ( 'NONE', #6692, 0.09999999999999999167 ) ;
#1529 = FACE_OUTER_BOUND ( 'NONE', #8870, .T. ) ;
#1530 = FACE_OUTER_BOUND ( 'NONE', #5045, .T. ) ;
#1531 = STYLED_ITEM ( 'NONE', ( #9188 ), #1959 ) ;
#1532 = LINE ( 'NONE', #3785, #7624 ) ;
#1533 = ADVANCED_FACE ( 'NONE', ( #6790 ), #123, .T. ) ;
#1534 = EDGE_LOOP ( 'NONE', ( #9352, #136, #2382, #877 ) ) ;
#1535 = CARTESIAN_POINT ( 'NONE',  ( -2.350000000096295061, 0.000000000000000000, -0.5500000000000000444 ) ) ;
#1536 = ORIENTED_EDGE ( 'NONE', *, *, #7923, .F. ) ;
#1537 = DIRECTION ( 'NONE',  ( -1.000000000000000000, 0.000000000000000000, 0.000000000000000000 ) ) ;
#1538 = VERTEX_POINT ( 'NONE', #7517 ) ;
#1539 = DIRECTION ( 'NONE',  ( 1.000000000000000000, 0.000000000000000000, 1.204669080577093786E-16 ) ) ;
#1540 = SURFACE_STYLE_USAGE ( .BOTH. , #155 ) ;
#1541 = LINE ( 'NONE', #4419, #3014 ) ;
#1542 = DIRECTION ( 'NONE',  ( -0.000000000000000000, 1.000000000000000000, 0.000000000000000000 ) ) ;
#1543 = VECTOR ( 'NONE', #1688, 1000.000000000000000 ) ;
#1544 = ORIENTED_EDGE ( 'NONE', *, *, #8150, .F. ) ;
#1545 = DIRECTION ( 'NONE',  ( 0.000000000000000000, 0.000000000000000000, -1.000000000000000000 ) ) ;
#1546 = VERTEX_POINT ( 'NONE', #5342 ) ;
#1547 = CARTESIAN_POINT ( 'NONE',  ( -2.350000000096295061, 0.2000000000000000111, 1.149999999999999911 ) ) ;
#1548 = PLANE ( 'NONE',  #8898 ) ;
#1549 = EDGE_CURVE ( 'NONE', #3097, #6927, #6019, .T. ) ;
#1550 = CARTESIAN_POINT ( 'NONE',  ( -0.5000000000000000000, 1.690056146760724909, 0.2981019982388939948 ) ) ;
#1551 = SURFACE_STYLE_USAGE ( .BOTH. , #8149 ) ;
#1552 = PLANE ( 'NONE',  #2727 ) ;
#1553 = ORIENTED_EDGE ( 'NONE', *, *, #93, .T. ) ;
#1554 = CARTESIAN_POINT ( 'NONE',  ( 1.574999999999999956, 0.2000000001121224891, 0.4999999999988999910 ) ) ;
#1555 = LINE ( 'NONE', #6850, #9252 ) ;
#1556 = ORIENTED_EDGE ( 'NONE', *, *, #8623, .F. ) ;
#1557 = ADVANCED_FACE ( 'NONE', ( #65 ), #8288, .F. ) ;
#1558 = EDGE_CURVE ( 'NONE', #7959, #1869, #7078, .T. ) ;
#1559 = CARTESIAN_POINT ( 'NONE',  ( -1.275000000000000133, -0.8042708029999989794, 1.500000000000000000 ) ) ;
#1560 = ORIENTED_EDGE ( 'NONE', *, *, #5005, .F. ) ;
#1561 = FACE_OUTER_BOUND ( 'NONE', #349, .T. ) ;
#1562 = CARTESIAN_POINT ( 'NONE',  ( -2.242588588269990080, 1.590056147773514894, -0.3999999999508210280 ) ) ;
#1563 = ORIENTED_EDGE ( 'NONE', *, *, #2051, .F. ) ;
#1564 = DIRECTION ( 'NONE',  ( 0.000000000000000000, 0.000000000000000000, -1.000000000000000000 ) ) ;
#1565 = ORIENTED_EDGE ( 'NONE', *, *, #7095, .T. ) ;
#1566 = EDGE_CURVE ( 'NONE', #7955, #825, #8382, .T. ) ;
#1567 = CARTESIAN_POINT ( 'NONE',  ( 0.5000000000000000000, 1.650056147000000140, 0.4700000007735149476 ) ) ;
#1568 = ORIENTED_EDGE ( 'NONE', *, *, #2355, .T. ) ;
#1569 = CARTESIAN_POINT ( 'NONE',  ( 1.574999999999999956, 0.03999999994104164874, 0.4999999999972500331 ) ) ;
#1570 = VECTOR ( 'NONE', #8913, 1000.000000000000114 ) ;
#1571 = LINE ( 'NONE', #5323, #7747 ) ;
#1572 = VECTOR ( 'NONE', #1101, 1000.000000000000000 ) ;
#1573 = EDGE_CURVE ( 'NONE', #297, #6147, #1784, .T. ) ;
#1574 = CARTESIAN_POINT ( 'NONE',  ( -1.799999999887499813, 0.03000000010999999758, -0.5000000000027500224 ) ) ;
#1575 = ORIENTED_EDGE ( 'NONE', *, *, #3523, .T. ) ;
#1576 = PLANE ( 'NONE',  #7148 ) ;
#1577 = ORIENTED_EDGE ( 'NONE', *, *, #4478, .F. ) ;
#1578 = CARTESIAN_POINT ( 'NONE',  ( -1.849999999675000062, 0.000000000000000000, -0.5999999994999999364 ) ) ;
#1579 = VECTOR ( 'NONE', #3660, 1000.000000000000000 ) ;
#1580 = VERTEX_POINT ( 'NONE', #9198 ) ;
#1581 = CARTESIAN_POINT ( 'NONE',  ( 1.299508861000000071, 1.681423601000000101, 1.506540070000000009 ) ) ;
#1582 = DIRECTION ( 'NONE',  ( -0.000000000000000000, 1.000000000000000000, 0.000000000000000000 ) ) ;
#1583 = DIRECTION ( 'NONE',  ( 0.000000000000000000, -0.04540766116335248626, 0.9989685401991766911 ) ) ;
#1584 = LINE ( 'NONE', #1636, #7930 ) ;
#1585 = AXIS2_PLACEMENT_3D ( 'NONE', #4950, #2924, #9427 ) ;
#1586 = ORIENTED_EDGE ( 'NONE', *, *, #9017, .T. ) ;
#1587 = DIRECTION ( 'NONE',  ( -1.000000000000000000, -1.215290246266205980E-12, 0.000000000000000000 ) ) ;
#1588 = ORIENTED_EDGE ( 'NONE', *, *, #1342, .F. ) ;
#1589 = ADVANCED_FACE ( 'NONE', ( #354 ), #3267, .F. ) ;
#1590 = LINE ( 'NONE', #3655, #6981 ) ;
#1591 = CARTESIAN_POINT ( 'NONE',  ( 1.275000000000000133, 0.05000000000000000278, 0.2000000000000000111 ) ) ;
#1592 = SURFACE_SIDE_STYLE ('',( #5246 ) ) ;
#1593 = CARTESIAN_POINT ( 'NONE',  ( -1.699999999999999956, 0.000000000000000000, 1.600000000000000089 ) ) ;
#1594 = CARTESIAN_POINT ( 'NONE',  ( 1.574999999999999956, 0.1999999999541665074, -0.2000000000000000111 ) ) ;
#1595 = CARTESIAN_POINT ( 'NONE',  ( 1.275000000000000133, 1.547467559748485044, 1.500000000000000000 ) ) ;
#1596 = AXIS2_PLACEMENT_3D ( 'NONE', #8878, #2282, #7435 ) ;
#1597 = EDGE_LOOP ( 'NONE', ( #2185, #1638, #2863, #151, #3147, #7482 ) ) ;
#1598 = DIRECTION ( 'NONE',  ( 0.000000000000000000, 0.000000000000000000, 1.000000000000000000 ) ) ;
#1599 = LINE ( 'NONE', #6709, #955 ) ;
#1600 = ORIENTED_EDGE ( 'NONE', *, *, #3022, .F. ) ;
#1601 = CARTESIAN_POINT ( 'NONE',  ( 2.250000000000000000, 0.8699944347171489900, -1.630794232778190134 ) ) ;
#1602 = ORIENTED_EDGE ( 'NONE', *, *, #6578, .F. ) ;
#1603 = VECTOR ( 'NONE', #6167, 1000.000000000000000 ) ;
#1604 = DIRECTION ( 'NONE',  ( -1.000000000000000000, 0.000000000000000000, 0.000000000000000000 ) ) ;
#1605 = STYLED_ITEM ( 'NONE', ( #826 ), #7775 ) ;
#1606 = VECTOR ( 'NONE', #6175, 1000.000000000000114 ) ;
#1607 = FACE_OUTER_BOUND ( 'NONE', #4574, .T. ) ;
#1608 = VECTOR ( 'NONE', #4216, 1000.000000000000227 ) ;
#1609 = EDGE_CURVE ( 'NONE', #8628, #4134, #4039, .T. ) ;
#1610 = ORIENTED_EDGE ( 'NONE', *, *, #2206, .T. ) ;
#1611 = EDGE_CURVE ( 'NONE', #3813, #329, #7811, .T. ) ;
#1612 = ORIENTED_EDGE ( 'NONE', *, *, #2318, .T. ) ;
#1613 = PLANE ( 'NONE',  #9435 ) ;
#1614 = VECTOR ( 'NONE', #5485, 1000.000000000000114 ) ;
#1615 = VERTEX_POINT ( 'NONE', #2546 ) ;
#1616 = FACE_OUTER_BOUND ( 'NONE', #663, .T. ) ;
#1617 = CIRCLE ( 'NONE', #8234, 0.09999999922648560025 ) ;
#1618 = ORIENTED_EDGE ( 'NONE', *, *, #637, .T. ) ;
#1619 = LINE ( 'NONE', #1755, #2075 ) ;
#1620 = LINE ( 'NONE', #6585, #7267 ) ;
#1621 = DIRECTION ( 'NONE',  ( 0.000000000000000000, 0.000000000000000000, 1.000000000000000000 ) ) ;
#1622 = VECTOR ( 'NONE', #1408, 1000.000000000000000 ) ;
#1623 = EDGE_CURVE ( 'NONE', #5884, #7437, #5494, .T. ) ;
#1624 = CARTESIAN_POINT ( 'NONE',  ( -0.7500000000000000000, 1.153942174276747945, -1.760623331319234985 ) ) ;
#1625 = VECTOR ( 'NONE', #5416, 1000.000000000000000 ) ;
#1626 = EDGE_CURVE ( 'NONE', #6658, #8780, #4656, .T. ) ;
#1627 = AXIS2_PLACEMENT_3D ( 'NONE', #5990, #6088, #7527 ) ;
#1628 = VERTEX_POINT ( 'NONE', #6271 ) ;
#1629 = LINE ( 'NONE', #5233, #9303 ) ;
#1630 = ORIENTED_EDGE ( 'NONE', *, *, #6785, .F. ) ;
#1631 = PLANE ( 'NONE',  #7912 ) ;
#1632 = EDGE_LOOP ( 'NONE', ( #7097, #4631, #8965, #5179 ) ) ;
#1633 = CARTESIAN_POINT ( 'NONE',  ( 1.299508861000000071, 1.060000000000000053, 1.506540070000000009 ) ) ;
#1634 = FACE_OUTER_BOUND ( 'NONE', #3932, .T. ) ;
#1635 = SURFACE_STYLE_FILL_AREA ( #5282 ) ;
#1636 = CARTESIAN_POINT ( 'NONE',  ( -1.575000000000145173, 0.2000000001018774898, -0.2000000000000000111 ) ) ;
#1637 = VECTOR ( 'NONE', #4620, 1000.000000000000000 ) ;
#1638 = ORIENTED_EDGE ( 'NONE', *, *, #5408, .F. ) ;
#1639 = VECTOR ( 'NONE', #7058, 1000.000000000000000 ) ;
#1640 = EDGE_LOOP ( 'NONE', ( #4787, #2570, #319, #8410, #5405, #4343, #9226, #9271, #6996, #2933, #2253, #527, #642, #6340, #6289, #7006 ) ) ;
#1641 = DIRECTION ( 'NONE',  ( 0.000000000000000000, 0.000000000000000000, 1.000000000000000000 ) ) ;
#1642 = CARTESIAN_POINT ( 'NONE',  ( 2.350000000000000089, 1.239999999999999991, 1.750000000000000000 ) ) ;
#1643 =( LENGTH_UNIT ( ) NAMED_UNIT ( * ) SI_UNIT ( .MILLI., .METRE. ) );
#1644 = LINE ( 'NONE', #4568, #7738 ) ;
#1645 = DIRECTION ( 'NONE',  ( 0.000000000000000000, -0.1643989873657445422, -0.9863939238220791328 ) ) ;
#1646 = CIRCLE ( 'NONE', #587, 0.09999999922648550310 ) ;
#1647 = DIRECTION ( 'NONE',  ( 0.000000000000000000, 1.000000000000000000, 0.000000000000000000 ) ) ;
#1648 = ORIENTED_EDGE ( 'NONE', *, *, #874, .T. ) ;
#1649 = ADVANCED_FACE ( 'NONE', ( #6358 ), #4094, .T. ) ;
#1650 = DIRECTION ( 'NONE',  ( 0.7071067811865441310, 0.000000000000000000, 0.7071067811865510144 ) ) ;
#1651 = CIRCLE ( 'NONE', #7041, 0.09999999999999999167 ) ;
#1652 = DIRECTION ( 'NONE',  ( 0.000000000000000000, 0.000000000000000000, -1.000000000000000000 ) ) ;
#1653 = VERTEX_POINT ( 'NONE', #2639 ) ;
#1654 = LINE ( 'NONE', #4482, #1637 ) ;
#1655 = DIRECTION ( 'NONE',  ( 0.000000000000000000, 0.000000000000000000, -1.000000000000000000 ) ) ;
#1656 = LINE ( 'NONE', #3000, #7805 ) ;
#1657 = ORIENTED_EDGE ( 'NONE', *, *, #4862, .F. ) ;
#1658 = FACE_OUTER_BOUND ( 'NONE', #7310, .T. ) ;
#1659 = ORIENTED_EDGE ( 'NONE', *, *, #2035, .T. ) ;
#1660 = CARTESIAN_POINT ( 'NONE',  ( -1.750000000120085053, 0.03000000011000014677, 0.5999999999999999778 ) ) ;
#1661 = EDGE_CURVE ( 'NONE', #9080, #1122, #1875, .T. ) ;
#1662 = ORIENTED_EDGE ( 'NONE', *, *, #6908, .F. ) ;
#1663 = PLANE ( 'NONE',  #264 ) ;
#1664 = ORIENTED_EDGE ( 'NONE', *, *, #7555, .F. ) ;
#1665 = EDGE_CURVE ( 'NONE', #3931, #6239, #7705, .T. ) ;
#1666 = DIRECTION ( 'NONE',  ( 0.000000000000000000, -1.000000000000000000, 0.000000000000000000 ) ) ;
#1667 = EDGE_CURVE ( 'NONE', #7720, #5779, #1927, .T. ) ;
#1668 = CARTESIAN_POINT ( 'NONE',  ( 1.300000000000000044, 1.647467559999999942, 2.750000000000000000 ) ) ;
#1669 = LINE ( 'NONE', #147, #2950 ) ;
#1670 = CARTESIAN_POINT ( 'NONE',  ( -1.574999999999999956, 0.5950280735000669230, 0.2000000000000000111 ) ) ;
#1671 = ORIENTED_EDGE ( 'NONE', *, *, #4231, .F. ) ;
#1672 =( LENGTH_UNIT ( ) NAMED_UNIT ( * ) SI_UNIT ( .MILLI., .METRE. ) );
#1673 = EDGE_LOOP ( 'NONE', ( #1482, #2250, #2324, #4199, #1600, #3171, #5652, #5754 ) ) ;
#1674 = FACE_OUTER_BOUND ( 'NONE', #6878, .T. ) ;
#1675 = ADVANCED_FACE ( 'NONE', ( #9093 ), #3220, .F. ) ;
#1676 = ORIENTED_EDGE ( 'NONE', *, *, #7321, .F. ) ;
#1677 = ORIENTED_EDGE ( 'NONE', *, *, #3999, .F. ) ;
#1678 = AXIS2_PLACEMENT_3D ( 'NONE', #2815, #1390, #8649 ) ;
#1679 = ADVANCED_FACE ( 'NONE', ( #5049 ), #9343, .F. ) ;
#1680 = EDGE_CURVE ( 'NONE', #473, #9347, #8710, .T. ) ;
#1681 = DIRECTION ( 'NONE',  ( 0.000000000000000000, 0.000000000000000000, 1.000000000000000000 ) ) ;
#1682 = CARTESIAN_POINT ( 'NONE',  ( 0.5000000000000000000, 0.03000000000000000236, 1.750000000000000000 ) ) ;
#1683 = VERTEX_POINT ( 'NONE', #2063 ) ;
#1684 = CYLINDRICAL_SURFACE ( 'NONE', #7291, 0.09999999922648550310 ) ;
#1685 = ORIENTED_EDGE ( 'NONE', *, *, #4355, .T. ) ;
#1686 = CARTESIAN_POINT ( 'NONE',  ( -2.350000000000000089, 0.9000000000000000222, 1.750000000000000000 ) ) ;
#1687 = LINE ( 'NONE', #4612, #1746 ) ;
#1688 = DIRECTION ( 'NONE',  ( 0.000000000000000000, 1.000000000000000000, 0.000000000000000000 ) ) ;
#1689 = FACE_OUTER_BOUND ( 'NONE', #702, .T. ) ;
#1690 = LINE ( 'NONE', #787, #2238 ) ;
#1691 = LINE ( 'NONE', #6657, #5801 ) ;
#1692 = EDGE_CURVE ( 'NONE', #2183, #7791, #3647, .T. ) ;
#1693 = ORIENTED_EDGE ( 'NONE', *, *, #2441, .T. ) ;
#1694 = LINE ( 'NONE', #8440, #2520 ) ;
#1695 = ORIENTED_EDGE ( 'NONE', *, *, #2666, .F. ) ;
#1696 = ORIENTED_EDGE ( 'NONE', *, *, #1787, .T. ) ;
#1697 = CARTESIAN_POINT ( 'NONE',  ( -1.318844507999999971, 1.681423601000000101, 1.521977133000000038 ) ) ;
#1698 = VECTOR ( 'NONE', #3320, 1000.000000000000000 ) ;
#1699 = PRODUCT_DEFINITION_CONTEXT ( 'detailed design', #3544, 'design' ) ;
#1700 = DIRECTION ( 'NONE',  ( 0.5000000001953319728, 0.000000000000000000, -0.8660254036716638071 ) ) ;
#1701 = DIRECTION ( 'NONE',  ( 0.000000000000000000, 0.000000000000000000, 1.000000000000000000 ) ) ;
#1702 = ORIENTED_EDGE ( 'NONE', *, *, #2803, .T. ) ;
#1703 = CARTESIAN_POINT ( 'NONE',  ( 0.7500000000000000000, 1.690056146999999953, -0.5800000007735149898 ) ) ;
#1704 = ORIENTED_EDGE ( 'NONE', *, *, #2975, .T. ) ;
#1705 = DIRECTION ( 'NONE',  ( 1.000000000000000000, 0.000000000000000000, 0.000000000000000000 ) ) ;
#1706 = ORIENTED_EDGE ( 'NONE', *, *, #92, .F. ) ;
#1707 = EDGE_CURVE ( 'NONE', #452, #2668, #3459, .T. ) ;
#1708 = DIRECTION ( 'NONE',  ( 0.000000000000000000, -1.000000000000000000, 0.000000000000000000 ) ) ;
#1709 = VERTEX_POINT ( 'NONE', #2018 ) ;
#1710 = CARTESIAN_POINT ( 'NONE',  ( 2.350000000066664985, 0.4974675599999999753, 1.647727273000000103 ) ) ;
#1711 = CARTESIAN_POINT ( 'NONE',  ( 1.324999999999999956, 0.6038390272555429483, 1.785628020102320024 ) ) ;
#1712 = EDGE_CURVE ( 'NONE', #8554, #2212, #7893, .T. ) ;
#1713 = DIRECTION ( 'NONE',  ( 1.000000000000000000, 0.000000000000000000, 0.000000000000000000 ) ) ;
#1714 =( NAMED_UNIT ( * ) SI_UNIT ( $, .STERADIAN. ) SOLID_ANGLE_UNIT ( ) );
#1715 = DIRECTION ( 'NONE',  ( 0.000000000000000000, 1.000000000000000000, 0.000000000000000000 ) ) ;
#1716 = ORIENTED_EDGE ( 'NONE', *, *, #2713, .T. ) ;
#1717 = ORIENTED_EDGE ( 'NONE', *, *, #829, .T. ) ;
#1718 = PLANE ( 'NONE',  #2833 ) ;
#1719 = VECTOR ( 'NONE', #5303, 1000.000000000000000 ) ;
#1720 = ORIENTED_EDGE ( 'NONE', *, *, #6616, .T. ) ;
#1721 = ORIENTED_EDGE ( 'NONE', *, *, #2509, .F. ) ;
#1722 = CARTESIAN_POINT ( 'NONE',  ( 1.299508861000000071, -0.8042708029999989794, 1.506540070000000009 ) ) ;
#1723 = CARTESIAN_POINT ( 'NONE',  ( -2.322588587883234634, 1.650056147000000140, 0.4000000000491790164 ) ) ;
#1724 = CARTESIAN_POINT ( 'NONE',  ( 1.956960147517354809, 0.8401360609790399225, 1.451643989874237928 ) ) ;
#1725 = EDGE_CURVE ( 'NONE', #3957, #6211, #1361, .T. ) ;
#1726 = VERTEX_POINT ( 'NONE', #2826 ) ;
#1727 = VECTOR ( 'NONE', #9467, 1000.000000000000000 ) ;
#1728 = EDGE_LOOP ( 'NONE', ( #102, #7349, #7935, #4857 ) ) ;
#1729 = LINE ( 'NONE', #3218, #229 ) ;
#1730 = CARTESIAN_POINT ( 'NONE',  ( -1.699999999999999956, 0.8865307614883539689, 1.772778396270060064 ) ) ;
#1731 = CARTESIAN_POINT ( 'NONE',  ( -0.7500000000000000000, 1.690056146999999953, -0.5500000007735150742 ) ) ;
#1732 = VECTOR ( 'NONE', #5736, 999.9999999999998863 ) ;
#1733 = CARTESIAN_POINT ( 'NONE',  ( 0.5999999999999999778, 1.060000000000000053, -0.5799999999999999600 ) ) ;
#1734 = EDGE_CURVE ( 'NONE', #9449, #1615, #5681, .T. ) ;
#1735 = EDGE_LOOP ( 'NONE', ( #2172, #3554, #4253, #5718, #8363, #5020 ) ) ;
#1736 = EDGE_CURVE ( 'NONE', #3632, #3734, #1401, .T. ) ;
#1737 = DIRECTION ( 'NONE',  ( 0.000000000000000000, 1.000000000000000000, 0.000000000000000000 ) ) ;
#1738 = VECTOR ( 'NONE', #356, 1000.000000000000000 ) ;
#1739 = CARTESIAN_POINT ( 'NONE',  ( 1.350000000000000089, 1.153942173999999987, -1.760623330999999903 ) ) ;
#1740 = EDGE_LOOP ( 'NONE', ( #4266, #3918, #5354, #3181, #7242, #3630, #2313, #9078, #5026, #1527, #6592, #1895, #1568, #4322, #4551, #5028, #6544, #7164 ) ) ;
#1741 = CARTESIAN_POINT ( 'NONE',  ( 1.849999999675000062, 4.947926454335540001E-10, -0.5000000004387700203 ) ) ;
#1742 = DIRECTION ( 'NONE',  ( 1.000000000000000000, 0.000000000000000000, 0.000000000000000000 ) ) ;
#1743 = DIRECTION ( 'NONE',  ( 0.000000000000000000, 1.000000000000000000, 0.000000000000000000 ) ) ;
#1744 = CARTESIAN_POINT ( 'NONE',  ( 2.350000000066664985, 0.4974675599999999753, 1.647727273000000103 ) ) ;
#1745 = ORIENTED_EDGE ( 'NONE', *, *, #3726, .F. ) ;
#1746 = VECTOR ( 'NONE', #5870, 1000.000000000000000 ) ;
#1747 = LINE ( 'NONE', #1703, #9459 ) ;
#1748 = ORIENTED_EDGE ( 'NONE', *, *, #45, .T. ) ;
#1749 = DIRECTION ( 'NONE',  ( 1.000000000000000000, 0.000000000000000000, 0.000000000000000000 ) ) ;
#1750 = VECTOR ( 'NONE', #4716, 1000.000000000000114 ) ;
#1751 = VERTEX_POINT ( 'NONE', #2117 ) ;
#1752 = DIRECTION ( 'NONE',  ( 0.000000000000000000, 0.000000000000000000, -1.000000000000000000 ) ) ;
#1753 = VECTOR ( 'NONE', #4527, 1000.000000000000000 ) ;
#1754 = ORIENTED_EDGE ( 'NONE', *, *, #2972, .T. ) ;
#1755 = CARTESIAN_POINT ( 'NONE',  ( 1.959807620925420046, 0.8401360609999999340, 1.451643989999999995 ) ) ;
#1756 = AXIS2_PLACEMENT_3D ( 'NONE', #198, #6826, #9041 ) ;
#1757 = CARTESIAN_POINT ( 'NONE',  ( 0.2000000007735139862, 1.447467560773514128, 1.500000000000000000 ) ) ;
#1758 = FACE_BOUND ( 'NONE', #3560, .T. ) ;
#1759 =( GEOMETRIC_REPRESENTATION_CONTEXT ( 3 ) GLOBAL_UNCERTAINTY_ASSIGNED_CONTEXT ( ( #7971 ) ) GLOBAL_UNIT_ASSIGNED_CONTEXT ( ( #8740, #1525, #760 ) ) REPRESENTATION_CONTEXT ( 'NONE', 'WORKASPACE' ) );
#1760 = EDGE_CURVE ( 'NONE', #3055, #9055, #4318, .T. ) ;
#1761 = STYLED_ITEM ( 'NONE', ( #3017 ), #8177 ) ;
#1762 = VECTOR ( 'NONE', #4772, 1000.000000000000114 ) ;
#1763 = ORIENTED_EDGE ( 'NONE', *, *, #1736, .T. ) ;
#1764 = ADVANCED_FACE ( 'NONE', ( #679 ), #4179, .F. ) ;
#1765 = VECTOR ( 'NONE', #9073, 1000.000000000000114 ) ;
#1766 = ORIENTED_EDGE ( 'NONE', *, *, #589, .F. ) ;
#1767 = PLANE ( 'NONE',  #842 ) ;
#1768 = ORIENTED_EDGE ( 'NONE', *, *, #821, .T. ) ;
#1769 = ORIENTED_EDGE ( 'NONE', *, *, #1218, .T. ) ;
#1770 = VECTOR ( 'NONE', #7580, 1000.000000000000000 ) ;
#1771 =( NAMED_UNIT ( * ) PLANE_ANGLE_UNIT ( ) SI_UNIT ( $, .RADIAN. ) );
#1772 = FILL_AREA_STYLE ('',( #4852 ) ) ;
#1773 = AXIS2_PLACEMENT_3D ( 'NONE', #4560, #918, #3116 ) ;
#1774 = CARTESIAN_POINT ( 'NONE',  ( -2.575841710426994613, 0.5999999999999999778, 0.5500000000000000444 ) ) ;
#1775 = AXIS2_PLACEMENT_3D ( 'NONE', #5128, #1432, #9512 ) ;
#1776 = DIRECTION ( 'NONE',  ( 0.000000000000000000, -1.000000000000000000, 0.000000000000000000 ) ) ;
#1777 = ORIENTED_EDGE ( 'NONE', *, *, #6919, .F. ) ;
#1778 = VECTOR ( 'NONE', #5456, 1000.000000000000000 ) ;
#1779 = VERTEX_POINT ( 'NONE', #6595 ) ;
#1780 = CARTESIAN_POINT ( 'NONE',  ( -1.150000000100000142, 1.060000000000000053, 1.750000000000000000 ) ) ;
#1781 = VECTOR ( 'NONE', #708, 1000.000000000000114 ) ;
#1782 = CARTESIAN_POINT ( 'NONE',  ( 1.324999999999999956, 0.8786771979343320771, 1.599999999979720089 ) ) ;
#1783 = ADVANCED_FACE ( 'NONE', ( #2878 ), #4278, .T. ) ;
#1784 = LINE ( 'NONE', #8478, #6468 ) ;
#1785 = ORIENTED_EDGE ( 'NONE', *, *, #7156, .T. ) ;
#1786 = EDGE_CURVE ( 'NONE', #1970, #8985, #5818, .T. ) ;
#1787 = EDGE_CURVE ( 'NONE', #3086, #1006, #2743, .T. ) ;
#1788 = DIRECTION ( 'NONE',  ( 0.000000000000000000, 0.000000000000000000, -1.000000000000000000 ) ) ;
#1789 = ADVANCED_FACE ( 'NONE', ( #731 ), #1976, .T. ) ;
#1790 = VECTOR ( 'NONE', #7283, 1000.000000000000000 ) ;
#1791 = CARTESIAN_POINT ( 'NONE',  ( 0.2000000007735139862, 1.547467559748485044, 1.500000000000000000 ) ) ;
#1792 = ORIENTED_EDGE ( 'NONE', *, *, #944, .T. ) ;
#1793 = DIRECTION ( 'NONE',  ( 0.000000000000000000, 0.000000000000000000, 1.000000000000000000 ) ) ;
#1794 = FACE_OUTER_BOUND ( 'NONE', #2227, .T. ) ;
#1795 = VECTOR ( 'NONE', #8831, 1000.000000000000000 ) ;
#1796 = ORIENTED_EDGE ( 'NONE', *, *, #9197, .F. ) ;
#1797 = DIRECTION ( 'NONE',  ( 0.000000000000000000, -1.000000000000000000, 0.000000000000000000 ) ) ;
#1798 = DIRECTION ( 'NONE',  ( 1.000000000000000000, 0.000000000000000000, 0.000000000000000000 ) ) ;
#1799 = VECTOR ( 'NONE', #6761, 1000.000000000000000 ) ;
#1800 = EDGE_CURVE ( 'NONE', #1036, #759, #3508, .T. ) ;
#1801 = DIRECTION ( 'NONE',  ( -1.000000000000000000, 0.000000000000000000, 0.000000000000000000 ) ) ;
#1802 = EDGE_CURVE ( 'NONE', #300, #2591, #543, .T. ) ;
#1803 = CARTESIAN_POINT ( 'NONE',  ( 2.322588587997239884, 1.650056147000000140, -0.4000000000357664676 ) ) ;
#1804 = VERTEX_POINT ( 'NONE', #638 ) ;
#1805 = LINE ( 'NONE', #1091, #3002 ) ;
#1806 = AXIS2_PLACEMENT_3D ( 'NONE', #4383, #7334, #3662 ) ;
#1807 = VERTEX_POINT ( 'NONE', #5862 ) ;
#1808 = CARTESIAN_POINT ( 'NONE',  ( 1.750000000126405109, 0.03000000011000014677, 0.5999999999999999778 ) ) ;
#1809 = ORIENTED_EDGE ( 'NONE', *, *, #3375, .F. ) ;
#1810 = CARTESIAN_POINT ( 'NONE',  ( -1.799999999887499813, 0.03000000010999999758, -0.5000000000027500224 ) ) ;
#1811 = EDGE_LOOP ( 'NONE', ( #7683, #2769, #8278, #2905 ) ) ;
#1812 = CARTESIAN_POINT ( 'NONE',  ( 2.099999999610479673, 0.8800000008003850960, -0.4249999999999999889 ) ) ;
#1813 = PLANE ( 'NONE',  #735 ) ;
#1814 = CARTESIAN_POINT ( 'NONE',  ( 1.149999999999999911, 1.060000000000000053, -1.600000000000000089 ) ) ;
#1815 = DIRECTION ( 'NONE',  ( -1.000000000000000000, 0.000000000000000000, 0.000000000000000000 ) ) ;
#1816 = EDGE_CURVE ( 'NONE', #2379, #611, #2923, .T. ) ;
#1817 = ORIENTED_EDGE ( 'NONE', *, *, #1667, .T. ) ;
#1818 = DIRECTION ( 'NONE',  ( 0.000000000000000000, 0.000000000000000000, -1.000000000000000000 ) ) ;
#1819 = ORIENTED_EDGE ( 'NONE', *, *, #3895, .F. ) ;
#1820 = LINE ( 'NONE', #2580, #8376 ) ;
#1821 = ORIENTED_EDGE ( 'NONE', *, *, #2713, .F. ) ;
#1822 = ORIENTED_EDGE ( 'NONE', *, *, #4399, .T. ) ;
#1823 = CARTESIAN_POINT ( 'NONE',  ( -0.5999999999999999778, 1.547467560300000100, 1.500000000062500005 ) ) ;
#1824 = EDGE_CURVE ( 'NONE', #9039, #903, #8136, .T. ) ;
#1825 = CARTESIAN_POINT ( 'NONE',  ( 1.574999999999999956, 0.05000000000000000278, 0.000000000000000000 ) ) ;
#1826 = ORIENTED_EDGE ( 'NONE', *, *, #9072, .F. ) ;
#1827 = LINE ( 'NONE', #1969, #1163 ) ;
#1828 = ORIENTED_EDGE ( 'NONE', *, *, #1275, .F. ) ;
#1829 = CARTESIAN_POINT ( 'NONE',  ( 2.350000000096295061, 0.2000000000000000111, 0.5500000000000000444 ) ) ;
#1830 = ORIENTED_EDGE ( 'NONE', *, *, #7698, .T. ) ;
#1831 = DIRECTION ( 'NONE',  ( 0.000000000000000000, 0.000000000000000000, 1.000000000000000000 ) ) ;
#1832 = CARTESIAN_POINT ( 'NONE',  ( -0.7500000000000000000, 1.060000000000000053, 0.6500000000000000222 ) ) ;
#1833 = VECTOR ( 'NONE', #6703, 1000.000000000000000 ) ;
#1834 = LINE ( 'NONE', #4723, #1356 ) ;
#1835 = VECTOR ( 'NONE', #2772, 1000.000000000000114 ) ;
#1836 = ORIENTED_EDGE ( 'NONE', *, *, #1230, .F. ) ;
#1837 = DIRECTION ( 'NONE',  ( 0.000000000000000000, 1.000000000000000000, 0.000000000000000000 ) ) ;
#1838 = EDGE_CURVE ( 'NONE', #4116, #4785, #55, .T. ) ;
#1839 = DIRECTION ( 'NONE',  ( 0.000000000000000000, 0.04540766144612189137, 0.9989685401863237502 ) ) ;
#1840 = ORIENTED_EDGE ( 'NONE', *, *, #713, .F. ) ;
#1841 = LINE ( 'NONE', #510, #3070 ) ;
#1842 = LINE ( 'NONE', #1084, #9451 ) ;
#1843 = PLANE ( 'NONE',  #418 ) ;
#1844 = CARTESIAN_POINT ( 'NONE',  ( -1.700000000033335068, 0.9125280665555179915, -1.750000000170039982 ) ) ;
#1845 = VERTEX_POINT ( 'NONE', #3114 ) ;
#1846 = CARTESIAN_POINT ( 'NONE',  ( 1.149999999999999911, 0.8648620626666669864, 1.600000000000000089 ) ) ;
#1847 = VECTOR ( 'NONE', #2080, 1000.000000000000000 ) ;
#1849 = EDGE_CURVE ( 'NONE', #536, #1385, #3692, .T. ) ;
#1848 = MANIFOLD_SOLID_BREP ( 'Split1[4]', #195 ) ;
#1850 = DIRECTION ( 'NONE',  ( 1.000000000000000000, 0.000000000000000000, 0.000000000000000000 ) ) ;
#1851 = VECTOR ( 'NONE', #7991, 1000.000000000000000 ) ;
#1852 = VERTEX_POINT ( 'NONE', #5335 ) ;
#1853 = ORIENTED_EDGE ( 'NONE', *, *, #8150, .T. ) ;
#1854 = CARTESIAN_POINT ( 'NONE',  ( -2.149999999911110127, 1.400056147000000140, 1.499178201002293820 ) ) ;
#1855 = DIRECTION ( 'NONE',  ( 0.000000000000000000, 0.000000000000000000, 1.000000000000000000 ) ) ;
#1856 = LINE ( 'NONE', #1814, #1572 ) ;
#1857 = CARTESIAN_POINT ( 'NONE',  ( -2.524158289669300004, 0.1016694850364084080, -1.149999999999999911 ) ) ;
#1858 = ORIENTED_EDGE ( 'NONE', *, *, #7399, .F. ) ;
#1859 = EDGE_CURVE ( 'NONE', #7089, #2614, #6688, .T. ) ;
#1860 = DIRECTION ( 'NONE',  ( 0.000000000000000000, 0.000000000000000000, -1.000000000000000000 ) ) ;
#1861 = ORIENTED_EDGE ( 'NONE', *, *, #1332, .F. ) ;
#1862 = CARTESIAN_POINT ( 'NONE',  ( 0.2999999999999999889, 1.197467560283236088, 1.499999999854335853 ) ) ;
#1863 = ORIENTED_EDGE ( 'NONE', *, *, #212, .F. ) ;
#1864 = ORIENTED_EDGE ( 'NONE', *, *, #3523, .F. ) ;
#1865 = DIRECTION ( 'NONE',  ( 0.000000000000000000, 0.000000000000000000, -1.000000000000000000 ) ) ;
#1866 = EDGE_CURVE ( 'NONE', #5925, #6445, #5195, .T. ) ;
#1867 = CARTESIAN_POINT ( 'NONE',  ( -2.149999999911110127, 1.650056147000000140, -1.574026653644445162 ) ) ;
#1868 = FILL_AREA_STYLE_COLOUR ( '', #7774 ) ;
#1869 = VERTEX_POINT ( 'NONE', #3065 ) ;
#1870 = AXIS2_PLACEMENT_3D ( 'NONE', #73, #5938, #2315 ) ;
#1871 = DIRECTION ( 'NONE',  ( 0.000000000000000000, -1.000000000000000000, 0.000000000000000000 ) ) ;
#1872 = ORIENTED_EDGE ( 'NONE', *, *, #8108, .T. ) ;
#1873 = DIRECTION ( 'NONE',  ( 0.000000000000000000, 0.000000000000000000, -1.000000000000000000 ) ) ;
#1874 = CARTESIAN_POINT ( 'NONE',  ( -2.299999999999999822, 1.690056146999999953, -0.9000000001087259394 ) ) ;
#1875 = LINE ( 'NONE', #1121, #7543 ) ;
#1876 = ORIENTED_EDGE ( 'NONE', *, *, #6891, .F. ) ;
#1877 = FILL_AREA_STYLE ('',( #5541 ) ) ;
#1878 = FILL_AREA_STYLE ('',( #5542 ) ) ;
#1879 = DIRECTION ( 'NONE',  ( -0.000000000000000000, 0.000000000000000000, 1.000000000000000000 ) ) ;
#1880 = VECTOR ( 'NONE', #5520, 1000.000000000000000 ) ;
#1881 = EDGE_CURVE ( 'NONE', #7872, #5134, #5914, .T. ) ;
#1882 = ORIENTED_EDGE ( 'NONE', *, *, #2204, .T. ) ;
#1883 = CARTESIAN_POINT ( 'NONE',  ( -1.149999999497689940, 1.455783555000000007, -1.600000000000000089 ) ) ;
#1884 = ADVANCED_FACE ( 'NONE', ( #4417 ), #3838, .T. ) ;
#1885 = LINE ( 'NONE', #7765, #8785 ) ;
#1886 = ORIENTED_EDGE ( 'NONE', *, *, #2742, .T. ) ;
#1887 = VECTOR ( 'NONE', #7769, 1000.000000000000114 ) ;
#1888 = CARTESIAN_POINT ( 'NONE',  ( -1.150000000066666139, 0.000000000000000000, 1.750000000000000000 ) ) ;
#1889 = LINE ( 'NONE', #948, #1887 ) ;
#1890 = CARTESIAN_POINT ( 'NONE',  ( -1.149999999999999911, 1.060000000043632040, -1.600000000000000089 ) ) ;
#1891 = CARTESIAN_POINT ( 'NONE',  ( 1.750000000120085053, 0.03000000049479194936, -0.5999999999936839190 ) ) ;
#1892 = ORIENTED_EDGE ( 'NONE', *, *, #5176, .T. ) ;
#1893 = AXIS2_PLACEMENT_3D ( 'NONE', #2158, #7126, #1402 ) ;
#1894 = PRESENTATION_STYLE_ASSIGNMENT (( #9358 ) ) ;
#1895 = ORIENTED_EDGE ( 'NONE', *, *, #8271, .F. ) ;
#1896 = LINE ( 'NONE', #6332, #6103 ) ;
#1897 = ORIENTED_EDGE ( 'NONE', *, *, #335, .F. ) ;
#1898 = DIRECTION ( 'NONE',  ( 0.000000000000000000, -1.000000000000000000, 0.000000000000000000 ) ) ;
#1899 = FACE_OUTER_BOUND ( 'NONE', #4453, .T. ) ;
#1900 = ADVANCED_FACE ( 'NONE', ( #1634 ), #3026, .T. ) ;
#1901 = EDGE_CURVE ( 'NONE', #342, #7171, #2920, .T. ) ;
#1902 = CARTESIAN_POINT ( 'NONE',  ( -1.199999999999999956, 1.547467560150000088, 1.500000000000000000 ) ) ;
#1903 = VECTOR ( 'NONE', #5803, 1000.000000000000000 ) ;
#1904 = ORIENTED_EDGE ( 'NONE', *, *, #9431, .F. ) ;
#1905 = CARTESIAN_POINT ( 'NONE',  ( -2.350000000000000089, 1.500000000000000000, 1.600000000000000089 ) ) ;
#1906 = ORIENTED_EDGE ( 'NONE', *, *, #8772, .F. ) ;
#1907 = LINE ( 'NONE', #1109, #3906 ) ;
#1908 = VERTEX_POINT ( 'NONE', #2970 ) ;
#1909 = ORIENTED_EDGE ( 'NONE', *, *, #4092, .T. ) ;
#1910 = DIRECTION ( 'NONE',  ( 0.000000000000000000, 1.000000000000000000, -1.720802467602154949E-16 ) ) ;
#1911 = DIRECTION ( 'NONE',  ( -0.000000000000000000, 1.000000000000000000, 0.000000000000000000 ) ) ;
#1912 = EDGE_CURVE ( 'NONE', #2850, #5249, #7457, .T. ) ;
#1913 = AXIS2_PLACEMENT_3D ( 'NONE', #8240, #1641, #6936 ) ;
#1914 = CARTESIAN_POINT ( 'NONE',  ( 2.349999999931195127, 0.8500000004744669990, 1.449999999791665939 ) ) ;
#1915 = COLOUR_RGB ( '',0.7764705882352941346, 0.7568627450980391913, 0.7372549019607843590 ) ;
#1916 = EDGE_CURVE ( 'NONE', #6800, #2203, #8847, .T. ) ;
#1917 = VECTOR ( 'NONE', #8349, 1000.000000000000000 ) ;
#1918 = DIRECTION ( 'NONE',  ( 0.000000000000000000, 0.000000000000000000, 1.000000000000000000 ) ) ;
#1919 = VECTOR ( 'NONE', #3396, 1000.000000000000000 ) ;
#1920 = ORIENTED_EDGE ( 'NONE', *, *, #7187, .F. ) ;
#1921 = CARTESIAN_POINT ( 'NONE',  ( -0.2000000007735149854, 1.447467560773514128, 1.500000000000000000 ) ) ;
#1922 = ORIENTED_EDGE ( 'NONE', *, *, #8, .T. ) ;
#1923 = PRESENTATION_LAYER_ASSIGNMENT (  '', '', ( #6076 ) ) ;
#1924 = DIRECTION ( 'NONE',  ( -1.000000000000000000, 0.000000000000000000, 0.000000000000000000 ) ) ;
#1925 = CARTESIAN_POINT ( 'NONE',  ( 1.324999999999999956, 0.8786771979985170677, 1.599999999967380182 ) ) ;
#1926 = AXIS2_PLACEMENT_3D ( 'NONE', #6831, #1542, #2926 ) ;
#1927 = LINE ( 'NONE', #1223, #8765 ) ;
#1928 = VERTEX_POINT ( 'NONE', #5280 ) ;
#1929 = VECTOR ( 'NONE', #4117, 1000.000000000000000 ) ;
#1930 = CARTESIAN_POINT ( 'NONE',  ( 2.350000000096295061, 0.2000000000000000111, -1.149999999999999911 ) ) ;
#1931 = FACE_OUTER_BOUND ( 'NONE', #1811, .T. ) ;
#1932 = DIRECTION ( 'NONE',  ( 0.000000000000000000, 0.000000000000000000, 1.000000000000000000 ) ) ;
#1933 = VECTOR ( 'NONE', #6251, 1000.000000000000000 ) ;
#1934 = ORIENTED_EDGE ( 'NONE', *, *, #610, .T. ) ;
#1935 = CARTESIAN_POINT ( 'NONE',  ( -0.5999999992264859472, 1.650056147000000140, 0.5500000007735150742 ) ) ;
#1936 = VECTOR ( 'NONE', #3422, 1000.000000000000000 ) ;
#1937 = CARTESIAN_POINT ( 'NONE',  ( -1.959807621199745276, 0.8500000000951219992, -1.450000000073536022 ) ) ;
#1938 = ORIENTED_EDGE ( 'NONE', *, *, #8958, .F. ) ;
#1939 = DIRECTION ( 'NONE',  ( 0.7071067811865470176, 0.000000000000000000, 0.7071067811865480168 ) ) ;
#1940 = CARTESIAN_POINT ( 'NONE',  ( -2.150000000773514941, 0.6038390272555429483, 1.785628020102320024 ) ) ;
#1941 = DIRECTION ( 'NONE',  ( 0.000000000000000000, -1.000000000000000000, 0.000000000000000000 ) ) ;
#1942 = DIRECTION ( 'NONE',  ( 0.000000000000000000, 0.000000000000000000, 1.000000000000000000 ) ) ;
#1943 = EDGE_CURVE ( 'NONE', #5890, #769, #302, .T. ) ;
#1944 = ORIENTED_EDGE ( 'NONE', *, *, #7989, .T. ) ;
#1945 = DIRECTION ( 'NONE',  ( 0.000000000000000000, 0.000000000000000000, -1.000000000000000000 ) ) ;
#1946 = VECTOR ( 'NONE', #4885, 1000.000000000000114 ) ;
#1947 = VECTOR ( 'NONE', #5659, 1000.000000000000000 ) ;
#1948 = EDGE_LOOP ( 'NONE', ( #5243, #8841, #6226, #8574 ) ) ;
#1949 = CARTESIAN_POINT ( 'NONE',  ( -1.699999999999999956, 1.500000000000000000, 1.600000000136120093 ) ) ;
#1950 = ORIENTED_EDGE ( 'NONE', *, *, #6796, .T. ) ;
#1951 = CARTESIAN_POINT ( 'NONE',  ( 2.350000000000000089, 1.240192378277748197, 1.749999999273170070 ) ) ;
#1952 = LINE ( 'NONE', #7874, #1203 ) ;
#1953 = AXIS2_PLACEMENT_3D ( 'NONE', #7529, #2461, #3913 ) ;
#1954 = DIRECTION ( 'NONE',  ( 0.000000000000000000, 1.000000000000000000, 0.000000000000000000 ) ) ;
#1955 = ADVANCED_FACE ( 'NONE', ( #3355 ), #8512, .T. ) ;
#1956 = VERTEX_POINT ( 'NONE', #7027 ) ;
#1957 = CARTESIAN_POINT ( 'NONE',  ( -2.524158289669300004, 0.1016694850364084080, 1.149999999999999911 ) ) ;
#1958 = ORIENTED_EDGE ( 'NONE', *, *, #4489, .T. ) ;
#1959 = ADVANCED_FACE ( 'NONE', ( #1012 ), #8324, .F. ) ;
#1960 = VERTEX_POINT ( 'NONE', #392 ) ;
#1961 = AXIS2_PLACEMENT_3D ( 'NONE', #8438, #6362, #4768 ) ;
#1962 = EDGE_LOOP ( 'NONE', ( #1648, #909, #6140, #5213 ) ) ;
#1963 = LINE ( 'NONE', #7113, #5294 ) ;
#1964 = DIRECTION ( 'NONE',  ( -1.000000000000000000, 0.000000000000000000, 0.000000000000000000 ) ) ;
#1965 = DIRECTION ( 'NONE',  ( -0.7071067811865510144, 8.584845956361490300E-17, 0.7071067811865441310 ) ) ;
#1966 = DIRECTION ( 'NONE',  ( -1.000000000000000000, -1.215288238484403854E-12, 0.000000000000000000 ) ) ;
#1967 = VERTEX_POINT ( 'NONE', #6827 ) ;
#1968 = EDGE_CURVE ( 'NONE', #1440, #6739, #7697, .T. ) ;
#1969 = CARTESIAN_POINT ( 'NONE',  ( 2.149999999999999911, 1.140056146978333906, 0.4249999999999999889 ) ) ;
#1970 = VERTEX_POINT ( 'NONE', #5530 ) ;
#1971 = EDGE_CURVE ( 'NONE', #6239, #758, #8468, .T. ) ;
#1972 = LINE ( 'NONE', #9380, #6828 ) ;
#1973 = EDGE_CURVE ( 'NONE', #308, #1975, #6974, .T. ) ;
#1974 = CARTESIAN_POINT ( 'NONE',  ( 2.242588588383994885, 1.590056147773514894, 0.3999999999642335213 ) ) ;
#1975 = VERTEX_POINT ( 'NONE', #249 ) ;
#1976 = PLANE ( 'NONE',  #176 ) ;
#1977 = ORIENTED_EDGE ( 'NONE', *, *, #9225, .F. ) ;
#1978 = PLANE ( 'NONE',  #5585 ) ;
#1979 =( NAMED_UNIT ( * ) SI_UNIT ( $, .STERADIAN. ) SOLID_ANGLE_UNIT ( ) );
#1980 = CARTESIAN_POINT ( 'NONE',  ( -2.350000000000000089, 1.140056146948334126, -0.4249999999999999889 ) ) ;
#1981 = VERTEX_POINT ( 'NONE', #1723 ) ;
#1982 = CARTESIAN_POINT ( 'NONE',  ( -0.4999999996666640301, 1.153942174106225904, -1.760623333791125011 ) ) ;
#1983 = EDGE_LOOP ( 'NONE', ( #9012, #2809, #3852, #7714, #4837 ) ) ;
#1984 = EDGE_CURVE ( 'NONE', #9170, #4095, #4803, .T. ) ;
#1985 = CARTESIAN_POINT ( 'NONE',  ( 2.349999999931195127, 0.8500000004744669990, 1.449999999791665939 ) ) ;
#1986 = ORIENTED_EDGE ( 'NONE', *, *, #4580, .F. ) ;
#1987 = CARTESIAN_POINT ( 'NONE',  ( -1.350000000000000089, 1.153942174015331945, -1.760623331326210073 ) ) ;
#1988 = AXIS2_PLACEMENT_3D ( 'NONE', #2912, #2287, #5129 ) ;
#1989 = CARTESIAN_POINT ( 'NONE',  ( 0.2000000000000000111, 1.547467560000000075, 2.250000000000000000 ) ) ;
#1990 = CARTESIAN_POINT ( 'NONE',  ( 0.6000000003000000026, 1.060000000265914011, 1.499999999986574073 ) ) ;
#1991 = EDGE_CURVE ( 'NONE', #2012, #4244, #9042, .T. ) ;
#1992 = DIRECTION ( 'NONE',  ( 1.000000000000000000, 0.000000000000000000, 0.000000000000000000 ) ) ;
#1993 = ORIENTED_EDGE ( 'NONE', *, *, #2491, .T. ) ;
#1994 = DIRECTION ( 'NONE',  ( 1.000000000000000000, 0.000000000000000000, 0.000000000000000000 ) ) ;
#1995 = ORIENTED_EDGE ( 'NONE', *, *, #1333, .F. ) ;
#1996 = DIRECTION ( 'NONE',  ( 0.000000000000000000, 1.000000000000000000, 0.000000000000000000 ) ) ;
#1997 = ORIENTED_EDGE ( 'NONE', *, *, #1047, .T. ) ;
#1998 =( NAMED_UNIT ( * ) PLANE_ANGLE_UNIT ( ) SI_UNIT ( $, .RADIAN. ) );
#1999 = LINE ( 'NONE', #8458, #436 ) ;
#2000 = VECTOR ( 'NONE', #3332, 1000.000000000000000 ) ;
#2001 = EDGE_CURVE ( 'NONE', #6147, #1960, #6884, .T. ) ;
#2002 = ORIENTED_EDGE ( 'NONE', *, *, #8333, .T. ) ;
#2003 = EDGE_LOOP ( 'NONE', ( #1059, #9022, #2558, #4637, #4123, #8707 ) ) ;
#2004 = SURFACE_SIDE_STYLE ('',( #3493 ) ) ;
#2005 = ADVANCED_FACE ( 'NONE', ( #8366 ), #3985, .T. ) ;
#2006 = ORIENTED_EDGE ( 'NONE', *, *, #7017, .T. ) ;
#2007 = CARTESIAN_POINT ( 'NONE',  ( 1.200000000199999750, 1.052467559925000185, 2.150000000041664805 ) ) ;
#2008 = CARTESIAN_POINT ( 'NONE',  ( 1.800000000000000044, 0.04000000009687509905, 0.5000000000284999802 ) ) ;
#2009 = PRESENTATION_LAYER_ASSIGNMENT (  '', '', ( #1399 ) ) ;
#2010 =( NAMED_UNIT ( * ) SI_UNIT ( $, .STERADIAN. ) SOLID_ANGLE_UNIT ( ) );
#2011 = DIRECTION ( 'NONE',  ( -1.000000000000000000, -1.215290246266205980E-12, 0.000000000000000000 ) ) ;
#2012 = VERTEX_POINT ( 'NONE', #6931 ) ;
#2013 = LINE ( 'NONE', #3451, #7141 ) ;
#2014 = ORIENTED_EDGE ( 'NONE', *, *, #1802, .T. ) ;
#2015 = CARTESIAN_POINT ( 'NONE',  ( -1.699999999999999956, 1.500000000296215052, -1.576215873221445074 ) ) ;
#2016 = LINE ( 'NONE', #2689, #6720 ) ;
#2017 = LINE ( 'NONE', #3959, #3296 ) ;
#2018 = CARTESIAN_POINT ( 'NONE',  ( -2.149999999999999911, 1.650056147000000140, -1.391115596000000121 ) ) ;
#2019 = CARTESIAN_POINT ( 'NONE',  ( -1.849999999675000062, 0.03000000011000010167, 0.5000000004450850799 ) ) ;
#2020 =( LENGTH_UNIT ( ) NAMED_UNIT ( * ) SI_UNIT ( .MILLI., .METRE. ) );
#2021 = LINE ( 'NONE', #4321, #5654 ) ;
#2022 = ADVANCED_FACE ( 'NONE', ( #345 ), #3257, .T. ) ;
#2023 = ORIENTED_EDGE ( 'NONE', *, *, #4506, .F. ) ;
#2024 = DIRECTION ( 'NONE',  ( -1.000000000000000000, 0.000000000000000000, 0.000000000000000000 ) ) ;
#2025 = ORIENTED_EDGE ( 'NONE', *, *, #874, .F. ) ;
#2026 = DIRECTION ( 'NONE',  ( 0.000000000000000000, 1.000000000000000000, 0.000000000000000000 ) ) ;
#2027 = ORIENTED_EDGE ( 'NONE', *, *, #5272, .F. ) ;
#2028 = COLOUR_RGB ( '',0.7764705882352941346, 0.7568627450980391913, 0.7372549019607843590 ) ;
#2029 = DIRECTION ( 'NONE',  ( 0.000000000000000000, -0.9863939210789198775, -0.1643990038246994634 ) ) ;
#2030 = DIRECTION ( 'NONE',  ( 0.000000000000000000, 1.000000000000000000, 0.000000000000000000 ) ) ;
#2031 = CARTESIAN_POINT ( 'NONE',  ( 1.199999999999999956, 1.052467559856666179, 1.599999999916664972 ) ) ;
#2032 = VECTOR ( 'NONE', #1039, 1000.000000000000114 ) ;
#2033 = ADVANCED_FACE ( 'NONE', ( #8743 ), #6396, .F. ) ;
#2034 = FACE_OUTER_BOUND ( 'NONE', #3698, .T. ) ;
#2035 = EDGE_CURVE ( 'NONE', #6198, #2835, #5621, .T. ) ;
#2036 = ORIENTED_EDGE ( 'NONE', *, *, #6322, .F. ) ;
#2037 = VECTOR ( 'NONE', #5977, 1000.000000000000000 ) ;
#2038 = ORIENTED_EDGE ( 'NONE', *, *, #7214, .T. ) ;
#2039 = CARTESIAN_POINT ( 'NONE',  ( -0.5999999999999999778, 1.052467559999999969, 1.749999999937500217 ) ) ;
#2040 = ORIENTED_EDGE ( 'NONE', *, *, #7809, .F. ) ;
#2041 = DIRECTION ( 'NONE',  ( -0.8707914478650282675, -0.4916525748179580990, 0.000000000000000000 ) ) ;
#2042 = FACE_OUTER_BOUND ( 'NONE', #4699, .T. ) ;
#2043 = ORIENTED_EDGE ( 'NONE', *, *, #4791, .F. ) ;
#2044 = CARTESIAN_POINT ( 'NONE',  ( -2.350000000096295061, 0.000000000000000000, 0.5500000000000000444 ) ) ;
#2045 = VERTEX_POINT ( 'NONE', #4168 ) ;
#2046 = APPLICATION_PROTOCOL_DEFINITION ( 'draft international standard', 'automotive_design', 1998, #3544 ) ;
#2047 = VERTEX_POINT ( 'NONE', #3540 ) ;
#2048 = CARTESIAN_POINT ( 'NONE',  ( -1.199999999670831929, 1.060000000044444057, 1.500000000000000000 ) ) ;
#2049 = CARTESIAN_POINT ( 'NONE',  ( -2.250000000000000000, 0.9125280665555179915, -1.750000000170039982 ) ) ;
#2050 = CARTESIAN_POINT ( 'NONE',  ( -2.350000000096295061, 0.2000000000000000111, 0.5500000000000000444 ) ) ;
#2051 = EDGE_CURVE ( 'NONE', #9102, #8697, #8024, .T. ) ;
#2052 = ADVANCED_FACE ( 'NONE', ( #3397 ), #5807, .T. ) ;
#2053 = DIRECTION ( 'NONE',  ( 0.000000000000000000, 0.000000000000000000, 1.000000000000000000 ) ) ;
#2054 = VECTOR ( 'NONE', #3196, 1000.000000000000000 ) ;
#2055 = EDGE_CURVE ( 'NONE', #9111, #8017, #4986, .T. ) ;
#2056 = EDGE_LOOP ( 'NONE', ( #8227, #4401, #946, #5334, #5422 ) ) ;
#2057 = DIRECTION ( 'NONE',  ( -1.000000000000000000, 0.000000000000000000, 0.000000000000000000 ) ) ;
#2058 = VERTEX_POINT ( 'NONE', #5083 ) ;
#2059 = CARTESIAN_POINT ( 'NONE',  ( 2.150000000773514941, 0.4974675600041260082, -1.647727273090760169 ) ) ;
#2060 = VECTOR ( 'NONE', #6123, 1000.000000000000000 ) ;
#2061 = VECTOR ( 'NONE', #2590, 1000.000000000000000 ) ;
#2062 = DIRECTION ( 'NONE',  ( -0.000000000000000000, 0.9989685401991766911, 0.04540766116335259034 ) ) ;
#2063 = CARTESIAN_POINT ( 'NONE',  ( 1.699999999999999956, 0.8651360610304260623, 1.601643990160814823 ) ) ;
#2064 = VECTOR ( 'NONE', #5214, 1000.000000000000000 ) ;
#2065 = PLANE ( 'NONE',  #6660 ) ;
#2066 = CARTESIAN_POINT ( 'NONE',  ( 2.350000000000000089, 1.240192378925983885, -1.750000000000000000 ) ) ;
#2067 = DIRECTION ( 'NONE',  ( 0.000000000000000000, 9.166665094085399879E-12, 1.000000000000000000 ) ) ;
#2068 = VECTOR ( 'NONE', #5717, 1000.000000000000000 ) ;
#2069 = ORIENTED_EDGE ( 'NONE', *, *, #1312, .F. ) ;
#2070 = FILL_AREA_STYLE_COLOUR ( '', #238 ) ;
#2071 = EDGE_CURVE ( 'NONE', #2968, #8768, #158, .T. ) ;
#2072 = VECTOR ( 'NONE', #7746, 1000.000000000000000 ) ;
#2073 = EDGE_LOOP ( 'NONE', ( #9208, #2719, #7500, #2437 ) ) ;
#2074 = LINE ( 'NONE', #5011, #1326 ) ;
#2075 = VECTOR ( 'NONE', #947, 1000.000000000000114 ) ;
#2076 = LINE ( 'NONE', #2164, #2706 ) ;
#2077 = VERTEX_POINT ( 'NONE', #3444 ) ;
#2078 = ADVANCED_FACE ( 'NONE', ( #4129 ), #1351, .F. ) ;
#2079 = EDGE_CURVE ( 'NONE', #3982, #5234, #7115, .T. ) ;
#2080 = DIRECTION ( 'NONE',  ( 0.000000000000000000, 0.000000000000000000, -1.000000000000000000 ) ) ;
#2081 = DIRECTION ( 'NONE',  ( 0.000000000000000000, 1.000000000000000000, 0.000000000000000000 ) ) ;
#2082 = CARTESIAN_POINT ( 'NONE',  ( -2.350000000000000089, 1.500000000000000000, -1.449999999666665929 ) ) ;
#2083 = AXIS2_PLACEMENT_3D ( 'NONE', #8351, #7634, #3968 ) ;
#2084 = CARTESIAN_POINT ( 'NONE',  ( -1.700000000915029785, 1.455783556012604008, -1.600000000188740223 ) ) ;
#2085 = COLOUR_RGB ( '',0.7764705882352941346, 0.7568627450980391913, 0.7372549019607843590 ) ;
#2086 = VECTOR ( 'NONE', #3047, 1000.000000000000000 ) ;
#2087 = VERTEX_POINT ( 'NONE', #9329 ) ;
#2088 = EDGE_CURVE ( 'NONE', #6378, #5671, #5040, .T. ) ;
#2089 = ORIENTED_EDGE ( 'NONE', *, *, #7625, .F. ) ;
#2090 = EDGE_CURVE ( 'NONE', #7209, #698, #8699, .T. ) ;
#2091 = EDGE_CURVE ( 'NONE', #7099, #1538, #8604, .T. ) ;
#2092 = PLANE ( 'NONE',  #5478 ) ;
#2093 = EDGE_LOOP ( 'NONE', ( #6824, #133, #5163, #9257, #6757, #8432, #6628 ) ) ;
#2094 = UNCERTAINTY_MEASURE_WITH_UNIT (LENGTH_MEASURE( 1.000000000000000082E-05 ), #1285, 'distance_accuracy_value', 'NONE');
#2095 = LINE ( 'NONE', #1521, #6570 ) ;
#2096 = VECTOR ( 'NONE', #6475, 1000.000000000000000 ) ;
#2097 = VECTOR ( 'NONE', #3694, 1000.000000000000000 ) ;
#2098 = EDGE_LOOP ( 'NONE', ( #3740, #798, #9324, #2014 ) ) ;
#2099 = CARTESIAN_POINT ( 'NONE',  ( -1.575000000000145173, 0.2000000000991274951, -0.5000000000011000090 ) ) ;
#2100 = ORIENTED_EDGE ( 'NONE', *, *, #6203, .T. ) ;
#2101 = PRODUCT_CONTEXT ( 'NONE', #5705, 'mechanical' ) ;
#2102 = VECTOR ( 'NONE', #7297, 1000.000000000000114 ) ;
#2103 = ORIENTED_EDGE ( 'NONE', *, *, #110, .F. ) ;
#2104 = CARTESIAN_POINT ( 'NONE',  ( -1.700000000665029987, 1.455783555000000007, -1.600000000000000089 ) ) ;
#2105 = LINE ( 'NONE', #7166, #4135 ) ;
#2106 = AXIS2_PLACEMENT_3D ( 'NONE', #8117, #3674, #5121 ) ;
#2107 = ADVANCED_FACE ( 'NONE', ( #4940 ), #7882, .T. ) ;
#2108 = CARTESIAN_POINT ( 'NONE',  ( 1.149999999999999911, 0.000000000000000000, 1.750000000000000000 ) ) ;
#2109 = VERTEX_POINT ( 'NONE', #1299 ) ;
#2110 = CARTESIAN_POINT ( 'NONE',  ( -2.350000000000000089, 0.8901360609999999784, 1.751643990000000040 ) ) ;
#2111 = VECTOR ( 'NONE', #8387, 1000.000000000000000 ) ;
#2112 = ORIENTED_EDGE ( 'NONE', *, *, #4780, .T. ) ;
#2113 = LINE ( 'NONE', #1358, #5440 ) ;
#2114 = ORIENTED_EDGE ( 'NONE', *, *, #1070, .F. ) ;
#2115 = CARTESIAN_POINT ( 'NONE',  ( -2.149999999496474690, 1.650056147000000140, 0.4000000000491790164 ) ) ;
#2116 = EDGE_CURVE ( 'NONE', #690, #7295, #2105, .T. ) ;
#2117 = CARTESIAN_POINT ( 'NONE',  ( 0.5999999999999999778, 1.060000000000000053, -0.6800000000000000488 ) ) ;
#2118 = CARTESIAN_POINT ( 'NONE',  ( -2.350000000000000089, 0.8401360609999999340, 1.451643989999999995 ) ) ;
#2119 = DIRECTION ( 'NONE',  ( 0.000000000000000000, -1.000000000000000000, 0.000000000000000000 ) ) ;
#2120 = ORIENTED_EDGE ( 'NONE', *, *, #9368, .T. ) ;
#2121 = ORIENTED_EDGE ( 'NONE', *, *, #3986, .F. ) ;
#2122 = DIRECTION ( 'NONE',  ( -0.4916525748179580990, 0.8707914478650282675, 0.000000000000000000 ) ) ;
#2123 = FACE_OUTER_BOUND ( 'NONE', #8052, .T. ) ;
#2124 = ORIENTED_EDGE ( 'NONE', *, *, #2788, .T. ) ;
#2125 = DIRECTION ( 'NONE',  ( 1.000000000000000000, 0.000000000000000000, 0.000000000000000000 ) ) ;
#2126 = CARTESIAN_POINT ( 'NONE',  ( 2.299999999995834710, 1.690056146999999953, 1.408884404018738046 ) ) ;
#2127 = CARTESIAN_POINT ( 'NONE',  ( 2.149999999999999911, 1.690056146999999953, 1.749999999625740044 ) ) ;
#2128 = FACE_OUTER_BOUND ( 'NONE', #5618, .T. ) ;
#2129 = CARTESIAN_POINT ( 'NONE',  ( 1.699999999999999956, 1.411408062435391964, 1.748920337673829817 ) ) ;
#2130 = ADVANCED_FACE ( 'NONE', ( #6442 ), #9372, .T. ) ;
#2131 = ORIENTED_EDGE ( 'NONE', *, *, #723, .F. ) ;
#2132 = LINE ( 'NONE', #8009, #7762 ) ;
#2133 = VERTEX_POINT ( 'NONE', #4308 ) ;
#2134 = DIRECTION ( 'NONE',  ( 0.000000000000000000, 0.000000000000000000, 1.000000000000000000 ) ) ;
#2135 = ORIENTED_EDGE ( 'NONE', *, *, #2568, .F. ) ;
#2136 = LINE ( 'NONE', #7873, #9305 ) ;
#2137 = CARTESIAN_POINT ( 'NONE',  ( 1.199999999499999914, 1.060000000033332057, 1.599999999875000078 ) ) ;
#2138 = EDGE_CURVE ( 'NONE', #2045, #88, #666, .T. ) ;
#2139 = EDGE_LOOP ( 'NONE', ( #9128, #3492, #4995, #5312, #7400, #4499 ) ) ;
#2140 = DIRECTION ( 'NONE',  ( 1.000000000000000000, 0.000000000000000000, 0.000000000000000000 ) ) ;
#2141 = ORIENTED_EDGE ( 'NONE', *, *, #5894, .T. ) ;
#2142 = DIRECTION ( 'NONE',  ( 1.000000000000000000, 0.000000000000000000, 0.000000000000000000 ) ) ;
#2143 = ORIENTED_EDGE ( 'NONE', *, *, #7886, .F. ) ;
#2144 = CARTESIAN_POINT ( 'NONE',  ( -1.700000000953369783, 1.500000000000000000, -1.600000000000000089 ) ) ;
#2145 = DIRECTION ( 'NONE',  ( 0.000000000000000000, -1.000000000000000000, 1.219727444008075962E-16 ) ) ;
#2146 = DIRECTION ( 'NONE',  ( -0.000000000000000000, 1.000000000000000000, 0.000000000000000000 ) ) ;
#2147 = DIRECTION ( 'NONE',  ( -0.000000000000000000, 0.04540765932803047383, 0.9989685402826004035 ) ) ;
#2148 = EDGE_CURVE ( 'NONE', #456, #6617, #860, .T. ) ;
#2149 = EDGE_LOOP ( 'NONE', ( #7273, #7857, #351, #2683, #8888, #5698 ) ) ;
#2150 = DIRECTION ( 'NONE',  ( 1.000000000000000000, 0.000000000000000000, 0.000000000000000000 ) ) ;
#2151 = ORIENTED_EDGE ( 'NONE', *, *, #8824, .T. ) ;
#2152 = FACE_OUTER_BOUND ( 'NONE', #9244, .T. ) ;
#2153 = EDGE_CURVE ( 'NONE', #8568, #5067, #2330, .T. ) ;
#2154 = VECTOR ( 'NONE', #8435, 1000.000000000000000 ) ;
#2155 = EDGE_LOOP ( 'NONE', ( #9228, #1187, #1284, #3185 ) ) ;
#2156 = DIRECTION ( 'NONE',  ( 0.000000000000000000, 1.000000000000000000, 0.000000000000000000 ) ) ;
#2157 = CARTESIAN_POINT ( 'NONE',  ( 0.5000000000000000000, 0.000000000000000000, -1.599999999750000290 ) ) ;
#2158 = CARTESIAN_POINT ( 'NONE',  ( 2.350000000096295061, 0.2000000000000000111, 0.5500000000000000444 ) ) ;
#2159 = DIRECTION ( 'NONE',  ( 0.000000000000000000, 0.000000000000000000, -1.000000000000000000 ) ) ;
#2160 = CARTESIAN_POINT ( 'NONE',  ( 0.7500000000000000000, 1.650056147000000140, -0.5800000007735149898 ) ) ;
#2161 = ORIENTED_EDGE ( 'NONE', *, *, #1725, .F. ) ;
#2162 = CARTESIAN_POINT ( 'NONE',  ( 1.324999999999999956, 1.400056147000000140, 1.499178201002293820 ) ) ;
#2163 = VERTEX_POINT ( 'NONE', #8073 ) ;
#2164 = CARTESIAN_POINT ( 'NONE',  ( 1.300000000000000044, 0.2474675600000000031, 2.250000000025000002 ) ) ;
#2165 = ORIENTED_EDGE ( 'NONE', *, *, #5084, .F. ) ;
#2166 = CARTESIAN_POINT ( 'NONE',  ( 0.5000000000000000000, 0.03000000000000000236, 0.5999999992499999157 ) ) ;
#2167 = FACE_OUTER_BOUND ( 'NONE', #2547, .T. ) ;
#2168 = CARTESIAN_POINT ( 'NONE',  ( -2.350000000000000089, 1.500000000000000000, 1.600000000000000089 ) ) ;
#2169 = FACE_OUTER_BOUND ( 'NONE', #2139, .T. ) ;
#2170 = ADVANCED_FACE ( 'NONE', ( #7441 ), #2193, .T. ) ;
#2171 = PLANE ( 'NONE',  #5469 ) ;
#2172 = ORIENTED_EDGE ( 'NONE', *, *, #821, .F. ) ;
#2173 = ADVANCED_FACE ( 'NONE', ( #4405 ), #5999, .T. ) ;
#2174 = DIRECTION ( 'NONE',  ( 1.000000000000000000, 0.000000000000000000, 0.000000000000000000 ) ) ;
#2175 = AXIS2_PLACEMENT_3D ( 'NONE', #3956, #1186, #4103 ) ;
#2176 = VERTEX_POINT ( 'NONE', #3636 ) ;
#2177 = CARTESIAN_POINT ( 'NONE',  ( -2.299999999999999822, 1.690056146999999953, -0.9000000001087259394 ) ) ;
#2178 = ORIENTED_EDGE ( 'NONE', *, *, #577, .F. ) ;
#2179 = UNCERTAINTY_MEASURE_WITH_UNIT (LENGTH_MEASURE( 1.000000000000000082E-05 ), #7348, 'distance_accuracy_value', 'NONE');
#2180 = LINE ( 'NONE', #6574, #1016 ) ;
#2181 = CARTESIAN_POINT ( 'NONE',  ( 0.4999999996749999731, 0.03000000049479194936, -0.5999999999936839190 ) ) ;
#2182 = PRESENTATION_LAYER_ASSIGNMENT (  '', '', ( #7411 ) ) ;
#2183 = VERTEX_POINT ( 'NONE', #8929 ) ;
#2184 = PLANE ( 'NONE',  #6059 ) ;
#2185 = ORIENTED_EDGE ( 'NONE', *, *, #4408, .T. ) ;
#2186 = CARTESIAN_POINT ( 'NONE',  ( 0.000000000000000000, 0.000000000000000000, 0.000000000000000000 ) ) ;
#2187 = DIRECTION ( 'NONE',  ( 0.000000000000000000, -1.000000000000000000, 0.000000000000000000 ) ) ;
#2188 = VERTEX_POINT ( 'NONE', #8218 ) ;
#2189 = EDGE_CURVE ( 'NONE', #7131, #183, #1620, .T. ) ;
#2190 = CARTESIAN_POINT ( 'NONE',  ( -0.2000000007735149854, 1.547467559748485044, 1.500000000000000000 ) ) ;
#2191 = ADVANCED_FACE ( 'NONE', ( #96 ), #5228, .T. ) ;
#2192 = VECTOR ( 'NONE', #5158, 1000.000000000000000 ) ;
#2193 = PLANE ( 'NONE',  #1988 ) ;
#2194 = DIRECTION ( 'NONE',  ( 0.000000000000000000, 9.166665094085399879E-12, 1.000000000000000000 ) ) ;
#2195 = ADVANCED_FACE ( 'NONE', ( #1529 ), #2243, .T. ) ;
#2196 = SURFACE_SIDE_STYLE ('',( #5273 ) ) ;
#2197 = ORIENTED_EDGE ( 'NONE', *, *, #2931, .F. ) ;
#2198 = VECTOR ( 'NONE', #3949, 1000.000000000000000 ) ;
#2199 = FACE_OUTER_BOUND ( 'NONE', #371, .T. ) ;
#2200 = EDGE_LOOP ( 'NONE', ( #3395, #6376, #3675, #1183 ) ) ;
#2201 = LINE ( 'NONE', #676, #4832 ) ;
#2202 = EDGE_CURVE ( 'NONE', #712, #1908, #8973, .T. ) ;
#2203 = VERTEX_POINT ( 'NONE', #7397 ) ;
#2204 = EDGE_CURVE ( 'NONE', #1122, #963, #8501, .T. ) ;
#2205 = LINE ( 'NONE', #1400, #3914 ) ;
#2206 = EDGE_CURVE ( 'NONE', #4879, #9413, #5955, .T. ) ;
#2207 = CARTESIAN_POINT ( 'NONE',  ( 1.700000000199999750, 1.500000000000000000, -1.600000000000000089 ) ) ;
#2208 = LINE ( 'NONE', #1447, #430 ) ;
#2209 = DIRECTION ( 'NONE',  ( -1.000000000000000000, 0.000000000000000000, 0.000000000000000000 ) ) ;
#2210 = ORIENTED_EDGE ( 'NONE', *, *, #1500, .T. ) ;
#2211 = CIRCLE ( 'NONE', #2364, 0.09999999922648551698 ) ;
#2212 = VERTEX_POINT ( 'NONE', #6770 ) ;
#2213 = SURFACE_STYLE_USAGE ( .BOTH. , #2839 ) ;
#2214 = VECTOR ( 'NONE', #5514, 1000.000000000000000 ) ;
#2215 = LINE ( 'NONE', #3076, #1341 ) ;
#2216 = VERTEX_POINT ( 'NONE', #5321 ) ;
#2217 = LINE ( 'NONE', #6464, #8466 ) ;
#2218 = DIRECTION ( 'NONE',  ( -1.000000000000000000, 0.000000000000000000, 0.000000000000000000 ) ) ;
#2219 = CARTESIAN_POINT ( 'NONE',  ( -1.350000000000000089, 0.6038390271878809612, -1.785628018613739876 ) ) ;
#2220 = CIRCLE ( 'NONE', #7919, 0.09999999922648554473 ) ;
#2221 = VECTOR ( 'NONE', #1258, 1000.000000000000000 ) ;
#2222 = CARTESIAN_POINT ( 'NONE',  ( 1.149999999999999911, 0.000000000000000000, -1.600000000000000089 ) ) ;
#2223 = ORIENTED_EDGE ( 'NONE', *, *, #6908, .T. ) ;
#2224 = DIRECTION ( 'NONE',  ( 0.000000000000000000, -1.000000000000000000, 0.000000000000000000 ) ) ;
#2225 = VECTOR ( 'NONE', #1112, 1000.000000000000000 ) ;
#2226 = DIRECTION ( 'NONE',  ( 0.000000000000000000, 0.000000000000000000, -1.000000000000000000 ) ) ;
#2227 = EDGE_LOOP ( 'NONE', ( #3450, #6091, #8684, #7522, #1452, #2089, #2027, #6583, #6220, #9367 ) ) ;
#2228 = DIRECTION ( 'NONE',  ( 0.4916525748179580435, 0.8707914478650282675, 0.000000000000000000 ) ) ;
#2229 = EDGE_LOOP ( 'NONE', ( #6206, #6294, #3144, #9127 ) ) ;
#2230 = AXIS2_PLACEMENT_3D ( 'NONE', #1301, #4990, #3586 ) ;
#2231 = CARTESIAN_POINT ( 'NONE',  ( -2.350000000096295061, 0.2000000000000000111, -0.5500000000000000444 ) ) ;
#2232 = EDGE_CURVE ( 'NONE', #5666, #1845, #1434, .T. ) ;
#2233 = VECTOR ( 'NONE', #4744, 1000.000000000000114 ) ;
#2234 = CARTESIAN_POINT ( 'NONE',  ( 2.250000000000000000, 0.9000000000000000222, -1.750000000000000000 ) ) ;
#2235 = VECTOR ( 'NONE', #373, 1000.000000000000000 ) ;
#2236 = ORIENTED_EDGE ( 'NONE', *, *, #8824, .F. ) ;
#2237 = DIRECTION ( 'NONE',  ( 1.000000000000000000, 0.000000000000000000, 0.000000000000000000 ) ) ;
#2238 = VECTOR ( 'NONE', #886, 1000.000000000000114 ) ;
#2239 = VERTEX_POINT ( 'NONE', #7137 ) ;
#2240 = CARTESIAN_POINT ( 'NONE',  ( -2.342588587496474695, 1.650056147000000140, -0.3999999999508210280 ) ) ;
#2241 = EDGE_LOOP ( 'NONE', ( #7205, #5188, #5221, #1321 ) ) ;
#2242 = LINE ( 'NONE', #6440, #410 ) ;
#2243 = PLANE ( 'NONE',  #3419 ) ;
#2244 = VECTOR ( 'NONE', #9013, 1000.000000000000000 ) ;
#2245 = LINE ( 'NONE', #4590, #6515 ) ;
#2246 = EDGE_CURVE ( 'NONE', #240, #4225, #3334, .T. ) ;
#2247 = ORIENTED_EDGE ( 'NONE', *, *, #2148, .F. ) ;
#2248 = FACE_OUTER_BOUND ( 'NONE', #722, .T. ) ;
#2249 = VECTOR ( 'NONE', #6168, 1000.000000000000000 ) ;
#2250 = ORIENTED_EDGE ( 'NONE', *, *, #9114, .F. ) ;
#2251 = CARTESIAN_POINT ( 'NONE',  ( 2.350000000000000089, 0.9000000001354190315, 1.750000000079300122 ) ) ;
#2252 = VECTOR ( 'NONE', #34, 1000.000000000000000 ) ;
#2253 = ORIENTED_EDGE ( 'NONE', *, *, #6024, .F. ) ;
#2254 = CARTESIAN_POINT ( 'NONE',  ( 1.800000000000000044, 0.03999999998249999938, 0.5000000000284999802 ) ) ;
#2255 =( NAMED_UNIT ( * ) SI_UNIT ( $, .STERADIAN. ) SOLID_ANGLE_UNIT ( ) );
#2256 = CARTESIAN_POINT ( 'NONE',  ( 1.849999999675000062, 4.947919226321080201E-10, -0.5999999999936839190 ) ) ;
#2257 = FACE_OUTER_BOUND ( 'NONE', #8807, .T. ) ;
#2258 = ADVANCED_FACE ( 'NONE', ( #4149 ), #4051, .F. ) ;
#2259 = VECTOR ( 'NONE', #9007, 1000.000000000000000 ) ;
#2260 = ADVANCED_FACE ( 'NONE', ( #3421 ), #2607, .T. ) ;
#2261 = ORIENTED_EDGE ( 'NONE', *, *, #1661, .T. ) ;
#2262 = EDGE_CURVE ( 'NONE', #2554, #4719, #9354, .T. ) ;
#2263 = CARTESIAN_POINT ( 'NONE',  ( 2.299999999966665154, 1.500000000000000000, -0.9000000000924819332 ) ) ;
#2264 = ORIENTED_EDGE ( 'NONE', *, *, #460, .F. ) ;
#2265 = FACE_OUTER_BOUND ( 'NONE', #9238, .T. ) ;
#2266 = DIRECTION ( 'NONE',  ( 0.000000000000000000, 0.000000000000000000, -1.000000000000000000 ) ) ;
#2267 = VECTOR ( 'NONE', #1124, 1000.000000000000000 ) ;
#2268 = LINE ( 'NONE', #7418, #3717 ) ;
#2269 = DIRECTION ( 'NONE',  ( 0.000000000000000000, 0.000000000000000000, -1.000000000000000000 ) ) ;
#2270 = CARTESIAN_POINT ( 'NONE',  ( -1.300000000000000044, 1.647467559999999942, 2.750000000000000000 ) ) ;
#2271 = EDGE_LOOP ( 'NONE', ( #5765, #3549, #8517, #741 ) ) ;
#2272 = EDGE_CURVE ( 'NONE', #9306, #2188, #5115, .T. ) ;
#2273 = CARTESIAN_POINT ( 'NONE',  ( 2.299999999995834710, 1.500000000000000000, 0.9000000000000000222 ) ) ;
#2274 = ORIENTED_EDGE ( 'NONE', *, *, #7091, .T. ) ;
#2275 = ORIENTED_EDGE ( 'NONE', *, *, #4741, .T. ) ;
#2276 = EDGE_CURVE ( 'NONE', #3534, #9452, #6817, .T. ) ;
#2277 = DIRECTION ( 'NONE',  ( 0.000000000000000000, -1.000000000000000000, 7.228014483236690442E-15 ) ) ;
#2278 = ORIENTED_EDGE ( 'NONE', *, *, #6677, .T. ) ;
#2279 = CARTESIAN_POINT ( 'NONE',  ( -0.7500000000000000000, 1.060000000000000053, 0.5500000007735139640 ) ) ;
#2280 = CYLINDRICAL_SURFACE ( 'NONE', #3944, 0.09999999922648550310 ) ;
#2281 = VERTEX_POINT ( 'NONE', #1236 ) ;
#2282 = DIRECTION ( 'NONE',  ( 0.000000000000000000, 0.04540766111441242592, -0.9989685402014014670 ) ) ;
#2283 = ORIENTED_EDGE ( 'NONE', *, *, #9291, .F. ) ;
#2284 = CARTESIAN_POINT ( 'NONE',  ( -0.5000000000000000000, 1.650056147000000140, 0.5500000007735150742 ) ) ;
#2285 = ORIENTED_EDGE ( 'NONE', *, *, #5981, .F. ) ;
#2286 = DIRECTION ( 'NONE',  ( 1.000000000000000000, 0.000000000000000000, 0.000000000000000000 ) ) ;
#2287 = DIRECTION ( 'NONE',  ( 0.000000000000000000, -0.1643990035215670276, -0.9863939211294420195 ) ) ;
#2288 = CARTESIAN_POINT ( 'NONE',  ( -2.149999999911110127, 1.649031131353470014, 1.521793619773354811 ) ) ;
#2289 = VECTOR ( 'NONE', #6115, 1000.000000000000000 ) ;
#2290 = DIRECTION ( 'NONE',  ( 0.000000000000000000, 1.000000000000000000, 0.000000000000000000 ) ) ;
#2291 = EDGE_CURVE ( 'NONE', #8239, #2379, #2487, .T. ) ;
#2292 = ORIENTED_EDGE ( 'NONE', *, *, #5137, .T. ) ;
#2293 = ADVANCED_FACE ( 'NONE', ( #3871 ), #234, .F. ) ;
#2294 = VERTEX_POINT ( 'NONE', #4633 ) ;
#2295 = LINE ( 'NONE', #8362, #9130 ) ;
#2296 = ORIENTED_EDGE ( 'NONE', *, *, #6678, .F. ) ;
#2297 = SURFACE_STYLE_USAGE ( .BOTH. , #9085 ) ;
#2298 = CARTESIAN_POINT ( 'NONE',  ( -1.149999999999999911, 1.060000000000000053, -1.600000000000000089 ) ) ;
#2299 = DIRECTION ( 'NONE',  ( 1.000000000000000000, 0.000000000000000000, 0.000000000000000000 ) ) ;
#2300 = DIRECTION ( 'NONE',  ( 0.7071067811865504593, 0.000000000000000000, -0.7071067811865445751 ) ) ;
#2301 = VECTOR ( 'NONE', #4245, 1000.000000000000114 ) ;
#2302 = ORIENTED_EDGE ( 'NONE', *, *, #148, .F. ) ;
#2303 =( GEOMETRIC_REPRESENTATION_CONTEXT ( 3 ) GLOBAL_UNCERTAINTY_ASSIGNED_CONTEXT ( ( #3816 ) ) GLOBAL_UNIT_ASSIGNED_CONTEXT ( ( #7038, #1074, #7754 ) ) REPRESENTATION_CONTEXT ( 'NONE', 'WORKASPACE' ) );
#2304 = LINE ( 'NONE', #7601, #6837 ) ;
#2305 = ORIENTED_EDGE ( 'NONE', *, *, #9211, .T. ) ;
#2306 = FILL_AREA_STYLE_COLOUR ( '', #7462 ) ;
#2307 = CARTESIAN_POINT ( 'NONE',  ( -2.350000000000000089, 1.500000000000000000, -1.600000000000000089 ) ) ;
#2308 = EDGE_CURVE ( 'NONE', #1420, #914, #7540, .T. ) ;
#2309 = LINE ( 'NONE', #262, #6500 ) ;
#2310 = DIRECTION ( 'NONE',  ( -0.4916525748179580435, 0.8707914478650282675, 0.000000000000000000 ) ) ;
#2311 = EDGE_CURVE ( 'NONE', #6933, #6010, #3376, .T. ) ;
#2312 = DIRECTION ( 'NONE',  ( 0.000000000000000000, 1.000000000000000000, 0.000000000000000000 ) ) ;
#2313 = ORIENTED_EDGE ( 'NONE', *, *, #4999, .T. ) ;
#2314 = DIRECTION ( 'NONE',  ( -0.000000000000000000, 0.9989685402826004035, 0.04540765932803047383 ) ) ;
#2315 = DIRECTION ( 'NONE',  ( -1.000000000000000000, 0.000000000000000000, 0.000000000000000000 ) ) ;
#2316 = ORIENTED_EDGE ( 'NONE', *, *, #6478, .T. ) ;
#2317 = CARTESIAN_POINT ( 'NONE',  ( -1.324999999999999956, 1.060000000000000053, 1.550000000000000044 ) ) ;
#2318 = EDGE_CURVE ( 'NONE', #930, #7053, #6424, .T. ) ;
#2319 = ORIENTED_EDGE ( 'NONE', *, *, #6429, .T. ) ;
#2320 = PLANE ( 'NONE',  #5309 ) ;
#2321 = EDGE_CURVE ( 'NONE', #8804, #5256, #3153, .T. ) ;
#2322 = CARTESIAN_POINT ( 'NONE',  ( -1.699999999999999956, 1.499999999738714118, 1.521793619773354811 ) ) ;
#2323 = EDGE_LOOP ( 'NONE', ( #2103, #6581, #3108, #5116, #48, #3094, #996, #7868 ) ) ;
#2324 = ORIENTED_EDGE ( 'NONE', *, *, #4252, .F. ) ;
#2325 = LINE ( 'NONE', #4444, #7779 ) ;
#2326 = EDGE_LOOP ( 'NONE', ( #7026, #4025, #6343, #4089 ) ) ;
#2327 = CARTESIAN_POINT ( 'NONE',  ( 1.574999999999999956, 0.03999999994104164874, 0.4999999999972500331 ) ) ;
#2328 = EDGE_LOOP ( 'NONE', ( #2474, #4626, #4942, #5516, #401 ) ) ;
#2329 = LINE ( 'NONE', #6815, #8384 ) ;
#2330 = LINE ( 'NONE', #5270, #8597 ) ;
#2331 = DIRECTION ( 'NONE',  ( 1.000000000000000000, 0.000000000000000000, 0.000000000000000000 ) ) ;
#2332 = STYLED_ITEM ( 'NONE', ( #5414 ), #3348 ) ;
#2333 = CARTESIAN_POINT ( 'NONE',  ( -1.449999999999999956, 1.500000000000000000, -1.475774862966304113 ) ) ;
#2334 = ORIENTED_EDGE ( 'NONE', *, *, #3954, .F. ) ;
#2335 = FILL_AREA_STYLE_COLOUR ( '', #403 ) ;
#2336 = ORIENTED_EDGE ( 'NONE', *, *, #8538, .F. ) ;
#2337 = CARTESIAN_POINT ( 'NONE',  ( -2.350000000096295061, 0.000000000000000000, 1.149999999999999911 ) ) ;
#2338 = VECTOR ( 'NONE', #3078, 1000.000000000000000 ) ;
#2339 = ORIENTED_EDGE ( 'NONE', *, *, #5393, .F. ) ;
#2340 = CARTESIAN_POINT ( 'NONE',  ( 1.317912324000000135, 1.060000000000000053, 1.525932237999999996 ) ) ;
#2341 = DIRECTION ( 'NONE',  ( 0.000000000000000000, -1.214080558237029832E-16, -1.000000000000000000 ) ) ;
#2342 = DIRECTION ( 'NONE',  ( 0.000000000000000000, 0.000000000000000000, 1.000000000000000000 ) ) ;
#2343 = EDGE_CURVE ( 'NONE', #2012, #1118, #7717, .T. ) ;
#2344 = LINE ( 'NONE', #1682, #4991 ) ;
#2345 = ORIENTED_EDGE ( 'NONE', *, *, #8896, .F. ) ;
#2346 = PRESENTATION_STYLE_ASSIGNMENT (( #8996 ) ) ;
#2347 = ORIENTED_EDGE ( 'NONE', *, *, #4597, .T. ) ;
#2348 = LINE ( 'NONE', #923, #1750 ) ;
#2349 = DIRECTION ( 'NONE',  ( 0.000000000000000000, -1.000000000000000000, 0.000000000000000000 ) ) ;
#2350 = CARTESIAN_POINT ( 'NONE',  ( -2.149999999999999911, 1.690056146999999953, 1.408884403999999924 ) ) ;
#2351 = VECTOR ( 'NONE', #7029, 1000.000000000000000 ) ;
#2352 = DIRECTION ( 'NONE',  ( 0.000000000000000000, 0.7660444434109650036, -0.6427876093385629375 ) ) ;
#2353 = CARTESIAN_POINT ( 'NONE',  ( -0.5000000000000000000, 1.060000000000000053, -0.5014179090000000505 ) ) ;
#2354 = CARTESIAN_POINT ( 'NONE',  ( 2.349999999922594895, 0.8500000004874779247, -1.449999999827899844 ) ) ;
#2355 = EDGE_CURVE ( 'NONE', #6211, #4095, #1889, .T. ) ;
#2356 = VECTOR ( 'NONE', #2750, 1000.000000000000114 ) ;
#2357 = ORIENTED_EDGE ( 'NONE', *, *, #959, .F. ) ;
#2358 = DIRECTION ( 'NONE',  ( 0.000000000000000000, -1.000000000000000000, 0.000000000000000000 ) ) ;
#2359 = EDGE_CURVE ( 'NONE', #7395, #7448, #511, .T. ) ;
#2360 = ADVANCED_FACE ( 'NONE', ( #4107 ), #2707, .F. ) ;
#2361 = LINE ( 'NONE', #838, #4623 ) ;
#2362 = ORIENTED_EDGE ( 'NONE', *, *, #5507, .T. ) ;
#2363 = CARTESIAN_POINT ( 'NONE',  ( -1.318844507999999971, 6.887655391691390072, 1.521977133000000038 ) ) ;
#2364 = AXIS2_PLACEMENT_3D ( 'NONE', #5719, #1221, #6353 ) ;
#2365 = CARTESIAN_POINT ( 'NONE',  ( 1.449999999999999956, 1.500000000000000000, -1.475774862966304113 ) ) ;
#2366 = CIRCLE ( 'NONE', #7760, 0.09999999922648554473 ) ;
#2367 = AXIS2_PLACEMENT_3D ( 'NONE', #8196, #1466, #2851 ) ;
#2368 = DIRECTION ( 'NONE',  ( 5.421010904359839711E-16, 0.000000000000000000, -1.000000000000000000 ) ) ;
#2369 = STYLED_ITEM ( 'NONE', ( #4082 ), #3818 ) ;
#2370 = ORIENTED_EDGE ( 'NONE', *, *, #1916, .F. ) ;
#2371 = EDGE_CURVE ( 'NONE', #5374, #4156, #4193, .T. ) ;
#2372 = DIRECTION ( 'NONE',  ( 0.000000000000000000, 0.04540765461106680001, -0.9989685404970078952 ) ) ;
#2373 = EDGE_CURVE ( 'NONE', #3238, #779, #2796, .T. ) ;
#2374 = AXIS2_PLACEMENT_3D ( 'NONE', #5662, #9124, #2622 ) ;
#2375 = ORIENTED_EDGE ( 'NONE', *, *, #1405, .F. ) ;
#2376 = EDGE_CURVE ( 'NONE', #9108, #7118, #1370, .T. ) ;
#2377 = CARTESIAN_POINT ( 'NONE',  ( -1.449999999999999956, 1.060000000000000053, -1.600000000000000089 ) ) ;
#2378 = VECTOR ( 'NONE', #5052, 999.9999999999998863 ) ;
#2379 = VERTEX_POINT ( 'NONE', #8103 ) ;
#2380 = DIRECTION ( 'NONE',  ( 0.000000000000000000, -1.000000000000000000, 1.214080558205069872E-16 ) ) ;
#2381 = VECTOR ( 'NONE', #8733, 1000.000000000000227 ) ;
#2382 = ORIENTED_EDGE ( 'NONE', *, *, #4537, .F. ) ;
#2383 = LINE ( 'NONE', #5364, #1765 ) ;
#2384 = CARTESIAN_POINT ( 'NONE',  ( -1.300000000000000044, 1.647467559999999942, 2.150000000099999919 ) ) ;
#2385 = DIRECTION ( 'NONE',  ( 1.000000000000000000, 0.000000000000000000, 0.000000000000000000 ) ) ;
#2386 = AXIS2_PLACEMENT_3D ( 'NONE', #8779, #7248, #2907 ) ;
#2387 = CARTESIAN_POINT ( 'NONE',  ( -2.750000000000000000, 0.5016694850364079583, 0.5500000000000000444 ) ) ;
#2388 = VECTOR ( 'NONE', #6240, 1000.000000000000000 ) ;
#2389 = AXIS2_PLACEMENT_3D ( 'NONE', #937, #3188, #6138 ) ;
#2390 = ORIENTED_EDGE ( 'NONE', *, *, #5222, .F. ) ;
#2391 = CARTESIAN_POINT ( 'NONE',  ( 2.149999999999999911, 1.500000000000000000, 1.408884404018738046 ) ) ;
#2392 = ORIENTED_EDGE ( 'NONE', *, *, #7384, .F. ) ;
#2393 = LINE ( 'NONE', #341, #4672 ) ;
#2394 = EDGE_LOOP ( 'NONE', ( #2347, #8492, #1169, #3044 ) ) ;
#2395 = ORIENTED_EDGE ( 'NONE', *, *, #1181, .F. ) ;
#2396 = CARTESIAN_POINT ( 'NONE',  ( -0.1500000000374999976, 0.2000000001008594985, -0.5000000000011000090 ) ) ;
#2397 = EDGE_CURVE ( 'NONE', #485, #2734, #4429, .T. ) ;
#2398 = LINE ( 'NONE', #5336, #8685 ) ;
#2399 = VECTOR ( 'NONE', #5603, 1000.000000000000114 ) ;
#2400 = ORIENTED_EDGE ( 'NONE', *, *, #6894, .T. ) ;
#2401 = ORIENTED_EDGE ( 'NONE', *, *, #2460, .T. ) ;
#2402 = DIRECTION ( 'NONE',  ( -3.038346564727210307E-15, 0.000000000000000000, 1.000000000000000000 ) ) ;
#2403 = EDGE_CURVE ( 'NONE', #4021, #340, #1508, .T. ) ;
#2404 = DIRECTION ( 'NONE',  ( 0.000000000000000000, 0.000000000000000000, 1.000000000000000000 ) ) ;
#2405 = LINE ( 'NONE', #2448, #7732 ) ;
#2406 = DIRECTION ( 'NONE',  ( 0.000000000000000000, -1.000000000000000000, 0.000000000000000000 ) ) ;
#2407 = VECTOR ( 'NONE', #7003, 1000.000000000000000 ) ;
#2408 = LINE ( 'NONE', #6753, #7191 ) ;
#2409 = EDGE_CURVE ( 'NONE', #8887, #7479, #7962, .T. ) ;
#2410 = ORIENTED_EDGE ( 'NONE', *, *, #4142, .F. ) ;
#2411 = LINE ( 'NONE', #3953, #6681 ) ;
#2412 = EDGE_CURVE ( 'NONE', #3981, #390, #7330, .T. ) ;
#2413 = AXIS2_PLACEMENT_3D ( 'NONE', #5345, #3080, #789 ) ;
#2414 = LINE ( 'NONE', #6756, #6793 ) ;
#2415 = ORIENTED_EDGE ( 'NONE', *, *, #1984, .T. ) ;
#2416 = LINE ( 'NONE', #1601, #4246 ) ;
#2417 = LINE ( 'NONE', #4440, #3311 ) ;
#2418 = LINE ( 'NONE', #985, #3333 ) ;
#2419 = ORIENTED_EDGE ( 'NONE', *, *, #4741, .F. ) ;
#2420 = DIRECTION ( 'NONE',  ( 0.000000000000000000, 1.000000000000000000, -1.214080558205069872E-16 ) ) ;
#2421 = ORIENTED_EDGE ( 'NONE', *, *, #5111, .T. ) ;
#2422 = DIRECTION ( 'NONE',  ( 0.000000000000000000, 0.9863939218326268632, 0.1643989993024579654 ) ) ;
#2423 = EDGE_LOOP ( 'NONE', ( #1110, #4849, #5417, #7890, #7216 ) ) ;
#2424 = CARTESIAN_POINT ( 'NONE',  ( 1.199999999999999956, 1.052467559925000185, 2.250000000000000000 ) ) ;
#2425 = ORIENTED_EDGE ( 'NONE', *, *, #7082, .F. ) ;
#2426 = CARTESIAN_POINT ( 'NONE',  ( 2.250000000000000000, 0.9125280668681019502, -1.750000000109265041 ) ) ;
#2427 = DIRECTION ( 'NONE',  ( -1.000000000000000000, 9.486769009248159853E-16, 0.000000000000000000 ) ) ;
#2428 = CARTESIAN_POINT ( 'NONE',  ( 2.350000000096295061, 0.000000000000000000, -0.5500000000000000444 ) ) ;
#2429 = FILL_AREA_STYLE_COLOUR ( '', #4046 ) ;
#2430 = EDGE_CURVE ( 'NONE', #2203, #8628, #3611, .T. ) ;
#2431 = LINE ( 'NONE', #6196, #1625 ) ;
#2432 = VERTEX_POINT ( 'NONE', #7235 ) ;
#2433 = SURFACE_STYLE_USAGE ( .BOTH. , #7546 ) ;
#2434 = VERTEX_POINT ( 'NONE', #8001 ) ;
#2435 = LINE ( 'NONE', #4553, #7768 ) ;
#2436 = ORIENTED_EDGE ( 'NONE', *, *, #9499, .T. ) ;
#2437 = ORIENTED_EDGE ( 'NONE', *, *, #388, .F. ) ;
#2438 = AXIS2_PLACEMENT_3D ( 'NONE', #8561, #586, #7210 ) ;
#2439 = LINE ( 'NONE', #9187, #4520 ) ;
#2440 = LINE ( 'NONE', #6060, #2499 ) ;
#2441 = EDGE_CURVE ( 'NONE', #2929, #8305, #7376, .T. ) ;
#2442 = CYLINDRICAL_SURFACE ( 'NONE', #4525, 0.2000000000000000944 ) ;
#2443 = ORIENTED_EDGE ( 'NONE', *, *, #1712, .F. ) ;
#2444 = ORIENTED_EDGE ( 'NONE', *, *, #402, .T. ) ;
#2445 = LINE ( 'NONE', #1780, #5750 ) ;
#2446 = LINE ( 'NONE', #4717, #9174 ) ;
#2447 = CARTESIAN_POINT ( 'NONE',  ( 1.424999999226485903, 0.6038390272459159824, 1.785628019890510121 ) ) ;
#2448 = CARTESIAN_POINT ( 'NONE',  ( 1.722167269999999917, 1.455783555400681939, -1.600000000377485021 ) ) ;
#2449 = CARTESIAN_POINT ( 'NONE',  ( 1.699999999999999956, 1.240192378277748197, 1.750000000000000000 ) ) ;
#2450 = CARTESIAN_POINT ( 'NONE',  ( 1.149999999999999911, 1.052467559999999969, 1.600000000000000089 ) ) ;
#2451 = ORIENTED_EDGE ( 'NONE', *, *, #1866, .F. ) ;
#2452 = DIRECTION ( 'NONE',  ( 0.000000000000000000, -1.000000000000000000, 0.000000000000000000 ) ) ;
#2453 = CARTESIAN_POINT ( 'NONE',  ( -0.6500000007735150520, 1.690056146999999953, -0.5500000007735150742 ) ) ;
#2454 = VERTEX_POINT ( 'NONE', #9441 ) ;
#2455 = CARTESIAN_POINT ( 'NONE',  ( -1.275000000000000133, 1.681423601000000101, 1.500000000000000000 ) ) ;
#2456 = CARTESIAN_POINT ( 'NONE',  ( -1.274999999962500130, 0.2000000000994920091, -0.5000000000011000090 ) ) ;
#2457 = AXIS2_PLACEMENT_3D ( 'NONE', #1025, #6169, #4764 ) ;
#2458 = UNCERTAINTY_MEASURE_WITH_UNIT (LENGTH_MEASURE( 1.000000000000000082E-05 ), #1672, 'distance_accuracy_value', 'NONE');
#2459 = CARTESIAN_POINT ( 'NONE',  ( -2.250000000000000000, 0.6038390279999999999, -1.785628019999999871 ) ) ;
#2460 = EDGE_CURVE ( 'NONE', #7395, #759, #9493, .T. ) ;
#2461 = DIRECTION ( 'NONE',  ( 0.000000000000000000, 0.000000000000000000, 1.000000000000000000 ) ) ;
#2462 = EDGE_CURVE ( 'NONE', #1538, #300, #2890, .T. ) ;
#2463 = EDGE_LOOP ( 'NONE', ( #684, #7403, #3609, #5578, #2120, #2780, #5687, #1886, #895 ) ) ;
#2464 = LINE ( 'NONE', #226, #8845 ) ;
#2465 = VERTEX_POINT ( 'NONE', #2935 ) ;
#2466 = CARTESIAN_POINT ( 'NONE',  ( -2.250000000000000000, 0.8800561474599969403, 1.630336883271350068 ) ) ;
#2467 = ORIENTED_EDGE ( 'NONE', *, *, #5265, .T. ) ;
#2468 = DIRECTION ( 'NONE',  ( 0.000000000000000000, -1.000000000000000000, 0.000000000000000000 ) ) ;
#2469 = EDGE_LOOP ( 'NONE', ( #1830, #4286, #2942, #9309 ) ) ;
#2470 = CARTESIAN_POINT ( 'NONE',  ( -0.6500000007735150520, 1.060000000000000053, -0.6500000000000000222 ) ) ;
#2471 = LINE ( 'NONE', #4692, #2553 ) ;
#2472 = SURFACE_STYLE_FILL_AREA ( #3244 ) ;
#2473 = CARTESIAN_POINT ( 'NONE',  ( 1.449999999999999956, 1.060000000000000053, -1.475774862966304113 ) ) ;
#2474 = ORIENTED_EDGE ( 'NONE', *, *, #7923, .T. ) ;
#2475 = ORIENTED_EDGE ( 'NONE', *, *, #804, .T. ) ;
#2476 = EDGE_CURVE ( 'NONE', #7959, #6754, #2845, .T. ) ;
#2477 = EDGE_CURVE ( 'NONE', #8511, #7590, #5831, .T. ) ;
#2478 = CARTESIAN_POINT ( 'NONE',  ( -0.7500000000000000000, 1.060000000000000053, -0.6500000000000000222 ) ) ;
#2479 = AXIS2_PLACEMENT_3D ( 'NONE', #2602, #9101, #4872 ) ;
#2480 = ADVANCED_FACE ( 'NONE', ( #2167 ), #7192, .F. ) ;
#2481 = ORIENTED_EDGE ( 'NONE', *, *, #8005, .F. ) ;
#2482 = ORIENTED_EDGE ( 'NONE', *, *, #2409, .T. ) ;
#2483 = CARTESIAN_POINT ( 'NONE',  ( 1.449999999999999956, 1.500000000000000000, -1.475774862966304113 ) ) ;
#2484 = DIRECTION ( 'NONE',  ( -0.8707914478650282675, 0.4916525748179580990, 0.000000000000000000 ) ) ;
#2485 =( NAMED_UNIT ( * ) SI_UNIT ( $, .STERADIAN. ) SOLID_ANGLE_UNIT ( ) );
#2486 = ORIENTED_EDGE ( 'NONE', *, *, #1312, .T. ) ;
#2487 = CIRCLE ( 'NONE', #3110, 0.2000000000000000944 ) ;
#2488 = EDGE_CURVE ( 'NONE', #8701, #2799, #7909, .T. ) ;
#2489 = CARTESIAN_POINT ( 'NONE',  ( 2.299999999995834710, 1.650056147000000140, 0.9000000000000000222 ) ) ;
#2490 = ORIENTED_EDGE ( 'NONE', *, *, #5740, .T. ) ;
#2491 = EDGE_CURVE ( 'NONE', #1779, #7984, #786, .T. ) ;
#2492 = CARTESIAN_POINT ( 'NONE',  ( -1.574999999999999956, 0.5950280735000669230, -0.2000000000000000111 ) ) ;
#2493 = EDGE_CURVE ( 'NONE', #2087, #3931, #3705, .T. ) ;
#2494 = CYLINDRICAL_SURFACE ( 'NONE', #3479, 0.09999999922648554473 ) ;
#2495 = CARTESIAN_POINT ( 'NONE',  ( 2.149999999999999911, 1.140056146978333906, 0.4249999999999999889 ) ) ;
#2496 = ORIENTED_EDGE ( 'NONE', *, *, #8076, .T. ) ;
#2497 = DIRECTION ( 'NONE',  ( 0.000000000000000000, -1.000000000000000000, 0.000000000000000000 ) ) ;
#2498 = CARTESIAN_POINT ( 'NONE',  ( -1.275000000000000133, 0.05000000000000000278, 0.000000000000000000 ) ) ;
#2499 = VECTOR ( 'NONE', #1583, 1000.000000000000114 ) ;
#2500 = DIRECTION ( 'NONE',  ( -1.000000000000000000, 0.000000000000000000, -0.000000000000000000 ) ) ;
#2501 = ORIENTED_EDGE ( 'NONE', *, *, #3325, .F. ) ;
#2502 = FACE_OUTER_BOUND ( 'NONE', #7636, .T. ) ;
#2503 = STYLED_ITEM ( 'NONE', ( #8513 ), #3032 ) ;
#2504 = DIRECTION ( 'NONE',  ( 0.000000000000000000, -1.000000000000000000, 0.000000000000000000 ) ) ;
#2505 = ORIENTED_EDGE ( 'NONE', *, *, #8594, .T. ) ;
#2506 = FACE_OUTER_BOUND ( 'NONE', #8134, .T. ) ;
#2507 = CARTESIAN_POINT ( 'NONE',  ( 2.342588587610479944, 1.140056147740384107, -0.4249999999999999889 ) ) ;
#2508 = DIRECTION ( 'NONE',  ( 0.000000000000000000, 1.000000000000000000, 0.000000000000000000 ) ) ;
#2509 = EDGE_CURVE ( 'NONE', #5118, #5487, #8723, .T. ) ;
#2510 = DIRECTION ( 'NONE',  ( 0.000000000000000000, -0.9989685402826005145, 0.04540765932803104976 ) ) ;
#2511 = VERTEX_POINT ( 'NONE', #7275 ) ;
#2512 = CARTESIAN_POINT ( 'NONE',  ( 1.199999999999999956, 1.647467559999999942, 2.150000000099999919 ) ) ;
#2513 = ORIENTED_EDGE ( 'NONE', *, *, #8179, .T. ) ;
#2514 = DIRECTION ( 'NONE',  ( 3.041483732678588633E-15, -0.04540765932803048077, -0.9989685402826005145 ) ) ;
#2515 = VECTOR ( 'NONE', #4596, 999.9999999999998863 ) ;
#2516 = ORIENTED_EDGE ( 'NONE', *, *, #5792, .T. ) ;
#2517 = VECTOR ( 'NONE', #3359, 1000.000000000000114 ) ;
#2518 = EDGE_CURVE ( 'NONE', #9312, #1908, #4248, .T. ) ;
#2519 = DIRECTION ( 'NONE',  ( 0.000000000000000000, 1.000000000000000000, 0.000000000000000000 ) ) ;
#2520 = VECTOR ( 'NONE', #5503, 1000.000000000000000 ) ;
#2521 = ORIENTED_EDGE ( 'NONE', *, *, #1230, .T. ) ;
#2522 = FACE_OUTER_BOUND ( 'NONE', #8293, .T. ) ;
#2523 = VECTOR ( 'NONE', #1011, 1000.000000000000000 ) ;
#2524 = DIRECTION ( 'NONE',  ( -1.000000000000000000, 0.000000000000000000, 0.000000000000000000 ) ) ;
#2525 = DIRECTION ( 'NONE',  ( 0.000000000000000000, -1.000000000000000000, 0.000000000000000000 ) ) ;
#2526 = LINE ( 'NONE', #8418, #1474 ) ;
#2527 = ORIENTED_EDGE ( 'NONE', *, *, #1173, .T. ) ;
#2528 = DIRECTION ( 'NONE',  ( -0.000000000000000000, 1.000000000000000000, 0.000000000000000000 ) ) ;
#2529 = AXIS2_PLACEMENT_3D ( 'NONE', #8356, #6148, #8310 ) ;
#2530 = ORIENTED_EDGE ( 'NONE', *, *, #3389, .F. ) ;
#2531 = DIRECTION ( 'NONE',  ( 0.4916525748179580990, 0.8707914478650282675, 0.000000000000000000 ) ) ;
#2532 = VERTEX_POINT ( 'NONE', #6466 ) ;
#2533 = ORIENTED_EDGE ( 'NONE', *, *, #3794, .T. ) ;
#2534 = VECTOR ( 'NONE', #374, 1000.000000000000114 ) ;
#2535 = LINE ( 'NONE', #3354, #397 ) ;
#2536 = VECTOR ( 'NONE', #9480, 1000.000000000000000 ) ;
#2537 = CARTESIAN_POINT ( 'NONE',  ( 2.149999999610479939, 1.140056147740384107, -0.4000000000357664676 ) ) ;
#2538 = AXIS2_PLACEMENT_3D ( 'NONE', #3520, #4194, #2708 ) ;
#2539 = CARTESIAN_POINT ( 'NONE',  ( -0.7500000000000000000, 1.253942173968593865, -1.756077876763244783 ) ) ;
#2540 = EDGE_CURVE ( 'NONE', #2671, #4697, #9395, .T. ) ;
#2541 = ORIENTED_EDGE ( 'NONE', *, *, #5359, .F. ) ;
#2542 = DIRECTION ( 'NONE',  ( 0.000000000000000000, -0.04540765932803051547, 0.9989685402826004035 ) ) ;
#2543 = VERTEX_POINT ( 'NONE', #5931 ) ;
#2544 = DIRECTION ( 'NONE',  ( 0.000000000000000000, 0.000000000000000000, 1.000000000000000000 ) ) ;
#2545 =( GEOMETRIC_REPRESENTATION_CONTEXT ( 3 ) GLOBAL_UNCERTAINTY_ASSIGNED_CONTEXT ( ( #936 ) ) GLOBAL_UNIT_ASSIGNED_CONTEXT ( ( #24, #7563, #4522 ) ) REPRESENTATION_CONTEXT ( 'NONE', 'WORKASPACE' ) );
#2546 = CARTESIAN_POINT ( 'NONE',  ( -1.699999999999999956, 1.499999999738714118, 1.521793619773354811 ) ) ;
#2547 = EDGE_LOOP ( 'NONE', ( #8315, #9184, #3567, #993 ) ) ;
#2548 = FACE_OUTER_BOUND ( 'NONE', #4439, .T. ) ;
#2549 = DIRECTION ( 'NONE',  ( 0.000000000000000000, -1.000000000000000000, -2.412641163204990280E-15 ) ) ;
#2550 = VECTOR ( 'NONE', #6619, 999.9999999999998863 ) ;
#2551 = FACE_OUTER_BOUND ( 'NONE', #134, .T. ) ;
#2552 = ADVANCED_FACE ( 'NONE', ( #5295 ), #971, .T. ) ;
#2553 = VECTOR ( 'NONE', #5413, 1000.000000000000000 ) ;
#2554 = VERTEX_POINT ( 'NONE', #7611 ) ;
#2555 = PLANE ( 'NONE',  #7142 ) ;
#2556 = DIRECTION ( 'NONE',  ( 0.000000000000000000, -1.000000000000000000, 0.000000000000000000 ) ) ;
#2557 = VECTOR ( 'NONE', #9025, 1000.000000000000227 ) ;
#2558 = ORIENTED_EDGE ( 'NONE', *, *, #4276, .T. ) ;
#2559 = DIRECTION ( 'NONE',  ( 1.000000000000000000, 0.000000000000000000, 0.000000000000000000 ) ) ;
#2560 = LINE ( 'NONE', #2741, #9407 ) ;
#2561 = VECTOR ( 'NONE', #1339, 1000.000000000000000 ) ;
#2562 = DIRECTION ( 'NONE',  ( 1.000000000000000000, 0.000000000000000000, 0.000000000000000000 ) ) ;
#2563 = CARTESIAN_POINT ( 'NONE',  ( -0.6500000007735150520, 1.060000000000000053, 0.5500000007735139640 ) ) ;
#2564 = ADVANCED_FACE ( 'NONE', ( #8863 ), #6073, .T. ) ;
#2565 = ORIENTED_EDGE ( 'NONE', *, *, #9489, .F. ) ;
#2566 = CARTESIAN_POINT ( 'NONE',  ( 2.575841710426994613, 0.5999999999999999778, -0.5500000000000000444 ) ) ;
#2567 = VECTOR ( 'NONE', #214, 1000.000000000000000 ) ;
#2568 = EDGE_CURVE ( 'NONE', #6514, #2988, #3849, .T. ) ;
#2569 = PLANE ( 'NONE',  #5457 ) ;
#2570 = ORIENTED_EDGE ( 'NONE', *, *, #3069, .T. ) ;
#2571 = SURFACE_STYLE_USAGE ( .BOTH. , #7725 ) ;
#2572 = ORIENTED_EDGE ( 'NONE', *, *, #348, .F. ) ;
#2573 = DIRECTION ( 'NONE',  ( 0.000000000000000000, 0.000000000000000000, 1.000000000000000000 ) ) ;
#2574 = CARTESIAN_POINT ( 'NONE',  ( -2.350000000000000089, 0.9000000000267108780, -1.749999999353930136 ) ) ;
#2575 = CARTESIAN_POINT ( 'NONE',  ( 1.449999999226485814, 0.5973644132472010204, -1.643186506918789869 ) ) ;
#2576 = CARTESIAN_POINT ( 'NONE',  ( 1.349999999947736118, 1.153942174015164079, -1.760623331326214958 ) ) ;
#2577 = EDGE_LOOP ( 'NONE', ( #38, #7087, #1754, #2319 ) ) ;
#2578 = DIRECTION ( 'NONE',  ( 1.000000000000000000, 0.000000000000000000, 0.000000000000000000 ) ) ;
#2579 = ORIENTED_EDGE ( 'NONE', *, *, #794, .F. ) ;
#2580 = CARTESIAN_POINT ( 'NONE',  ( -2.299999999999999822, 1.690056146999999953, -1.391115596000000121 ) ) ;
#2581 = ORIENTED_EDGE ( 'NONE', *, *, #4595, .F. ) ;
#2582 = ORIENTED_EDGE ( 'NONE', *, *, #4142, .T. ) ;
#2583 = CARTESIAN_POINT ( 'NONE',  ( -2.149999999496474690, 1.690056146948334836, 0.4000000000491790164 ) ) ;
#2584 = CARTESIAN_POINT ( 'NONE',  ( -2.350000000096295061, 0.000000000000000000, 1.149999999999999911 ) ) ;
#2585 = LINE ( 'NONE', #8470, #9118 ) ;
#2586 = EDGE_CURVE ( 'NONE', #1096, #806, #2268, .T. ) ;
#2587 = CARTESIAN_POINT ( 'NONE',  ( -2.750000000000000000, 0.5016694850364079583, -0.5500000000000000444 ) ) ;
#2588 = EDGE_CURVE ( 'NONE', #5628, #4581, #832, .T. ) ;
#2589 = ORIENTED_EDGE ( 'NONE', *, *, #5412, .T. ) ;
#2590 = DIRECTION ( 'NONE',  ( -1.000000000000000000, 0.000000000000000000, 0.000000000000000000 ) ) ;
#2591 = VERTEX_POINT ( 'NONE', #7471 ) ;
#2592 = CARTESIAN_POINT ( 'NONE',  ( 1.149999999851361920, 0.000000000000000000, -1.599999999957655072 ) ) ;
#2593 = DIRECTION ( 'NONE',  ( -0.8707914478650281564, 0.4916525748179580435, 0.000000000000000000 ) ) ;
#2594 = SURFACE_STYLE_USAGE ( .BOTH. , #1592 ) ;
#2595 = ORIENTED_EDGE ( 'NONE', *, *, #6453, .T. ) ;
#2596 = CARTESIAN_POINT ( 'NONE',  ( 0.5999999999999999778, 1.052467559999999969, 2.149999999999999911 ) ) ;
#2597 = SURFACE_STYLE_USAGE ( .BOTH. , #313 ) ;
#2598 = PRESENTATION_STYLE_ASSIGNMENT (( #1078 ) ) ;
#2599 = AXIS2_PLACEMENT_3D ( 'NONE', #3584, #9416, #5713 ) ;
#2600 = ORIENTED_EDGE ( 'NONE', *, *, #595, .T. ) ;
#2601 = CARTESIAN_POINT ( 'NONE',  ( -2.250000000000000000, 0.5039421737466389661, -1.790168786011515190 ) ) ;
#2602 = CARTESIAN_POINT ( 'NONE',  ( 1.959807621391375099, 0.8500000004874779247, -1.449999999827899844 ) ) ;
#2603 = ORIENTED_EDGE ( 'NONE', *, *, #1824, .T. ) ;
#2604 = EDGE_CURVE ( 'NONE', #5691, #6978, #4470, .T. ) ;
#2605 = EDGE_CURVE ( 'NONE', #3252, #2, #3749, .T. ) ;
#2606 = CARTESIAN_POINT ( 'NONE',  ( -2.350000000096295061, 0.2000000000000000111, 0.5500000000000000444 ) ) ;
#2607 = CYLINDRICAL_SURFACE ( 'NONE', #4641, 0.09999999922648550310 ) ;
#2608 = LINE ( 'NONE', #4826, #3619 ) ;
#2609 = LINE ( 'NONE', #5453, #9331 ) ;
#2610 = ORIENTED_EDGE ( 'NONE', *, *, #8353, .F. ) ;
#2611 = DIRECTION ( 'NONE',  ( 0.000000000000000000, 1.000000000000000000, 0.000000000000000000 ) ) ;
#2612 = ADVANCED_FACE ( 'NONE', ( #1689 ), #6705, .T. ) ;
#2613 = AXIS2_PLACEMENT_3D ( 'NONE', #4910, #2783, #8752 ) ;
#2614 = VERTEX_POINT ( 'NONE', #7562 ) ;
#2615 = EDGE_CURVE ( 'NONE', #5234, #7015, #3177, .T. ) ;
#2616 = CARTESIAN_POINT ( 'NONE',  ( -2.575841710426994613, 0.5999999999999999778, -1.149999999999999911 ) ) ;
#2617 = ORIENTED_EDGE ( 'NONE', *, *, #69, .F. ) ;
#2618 = DIRECTION ( 'NONE',  ( 0.000000000000000000, -0.9989685401863234171, 0.04540766144612187749 ) ) ;
#2619 = DIRECTION ( 'NONE',  ( 1.000000000000000000, 0.000000000000000000, 0.000000000000000000 ) ) ;
#2620 = FACE_OUTER_BOUND ( 'NONE', #5078, .T. ) ;
#2621 = ORIENTED_EDGE ( 'NONE', *, *, #5625, .T. ) ;
#2622 = DIRECTION ( 'NONE',  ( 1.000000000000000000, 0.000000000000000000, 0.000000000000000000 ) ) ;
#2623 = VERTEX_POINT ( 'NONE', #1730 ) ;
#2624 = ORIENTED_EDGE ( 'NONE', *, *, #2488, .T. ) ;
#2625 = ORIENTED_EDGE ( 'NONE', *, *, #6032, .F. ) ;
#2626 = FILL_AREA_STYLE_COLOUR ( '', #8226 ) ;
#2627 = CARTESIAN_POINT ( 'NONE',  ( 2.350000000000000089, 0.000000000000000000, 1.749999999273170070 ) ) ;
#2628 = PLANE ( 'NONE',  #5887 ) ;
#2629 = DIRECTION ( 'NONE',  ( 0.000000000000000000, -1.000000000000000000, 0.000000000000000000 ) ) ;
#2630 = ORIENTED_EDGE ( 'NONE', *, *, #2204, .F. ) ;
#2631 = VECTOR ( 'NONE', #7713, 1000.000000000000114 ) ;
#2632 = LINE ( 'NONE', #5673, #7913 ) ;
#2633 = VERTEX_POINT ( 'NONE', #4521 ) ;
#2634 = CARTESIAN_POINT ( 'NONE',  ( 2.750000000000000000, 0.5016694850364079583, -0.5500000000000000444 ) ) ;
#2635 = ADVANCED_FACE ( 'NONE', ( #3038 ), #6843, .T. ) ;
#2636 = CARTESIAN_POINT ( 'NONE',  ( -0.2999999999999999889, 1.197467560283236088, 2.150000000798514943 ) ) ;
#2637 = VERTEX_POINT ( 'NONE', #3125 ) ;
#2638 = EDGE_CURVE ( 'NONE', #9347, #452, #2309, .T. ) ;
#2639 = CARTESIAN_POINT ( 'NONE',  ( 2.250000000000000000, 0.6038390272474239984, -1.785628019923684917 ) ) ;
#2640 = ORIENTED_EDGE ( 'NONE', *, *, #2206, .F. ) ;
#2641 = CARTESIAN_POINT ( 'NONE',  ( 1.800000000000000044, 0.03999999994104164874, -0.5000000000027500224 ) ) ;
#2642 =( LENGTH_UNIT ( ) NAMED_UNIT ( * ) SI_UNIT ( .MILLI., .METRE. ) );
#2643 = CARTESIAN_POINT ( 'NONE',  ( -2.250000000000000000, 0.5973644132555430142, 1.643186507102319949 ) ) ;
#2644 = ORIENTED_EDGE ( 'NONE', *, *, #3289, .F. ) ;
#2645 = CARTESIAN_POINT ( 'NONE',  ( -1.959807621155480017, 0.8499999999999999778, -1.449999999999999956 ) ) ;
#2646 = CARTESIAN_POINT ( 'NONE',  ( 1.959807621866025196, 0.8500000004744669990, 1.449999999791665939 ) ) ;
#2647 = VERTEX_POINT ( 'NONE', #8289 ) ;
#2648 = LINE ( 'NONE', #9209, #7234 ) ;
#2649 = DIRECTION ( 'NONE',  ( 1.000000000000000000, 0.000000000000000000, 0.000000000000000000 ) ) ;
#2650 = CARTESIAN_POINT ( 'NONE',  ( 0.5000000000000000000, 1.060000000000000053, 0.5699999999999999512 ) ) ;
#2651 = EDGE_CURVE ( 'NONE', #8877, #5756, #9051, .T. ) ;
#2652 = DIRECTION ( 'NONE',  ( 0.000000000000000000, 1.000000000000000000, 0.000000000000000000 ) ) ;
#2653 = EDGE_CURVE ( 'NONE', #3624, #2281, #2405, .T. ) ;
#2654 = ORIENTED_EDGE ( 'NONE', *, *, #3911, .T. ) ;
#2655 = EDGE_CURVE ( 'NONE', #8485, #8165, #1644, .T. ) ;
#2656 = AXIS2_PLACEMENT_3D ( 'NONE', #251, #5917, #873 ) ;
#2657 = FACE_OUTER_BOUND ( 'NONE', #3481, .T. ) ;
#2658 = ORIENTED_EDGE ( 'NONE', *, *, #1573, .T. ) ;
#2659 = DIRECTION ( 'NONE',  ( -0.8707914478650282675, -0.4916525748179580435, 0.000000000000000000 ) ) ;
#2660 = ORIENTED_EDGE ( 'NONE', *, *, #2665, .T. ) ;
#2661 = DIRECTION ( 'NONE',  ( -1.000000000000000000, 0.000000000000000000, 0.000000000000000000 ) ) ;
#2662 = CARTESIAN_POINT ( 'NONE',  ( -2.350000000000000089, 0.8500000001785739112, -1.449999999970237985 ) ) ;
#2663 = EDGE_CURVE ( 'NONE', #88, #3385, #5390, .T. ) ;
#2664 = CARTESIAN_POINT ( 'NONE',  ( -0.5000000000000000000, 1.690056146901139922, 0.2981019981210750736 ) ) ;
#2665 = EDGE_CURVE ( 'NONE', #9268, #8667, #6896, .T. ) ;
#2666 = EDGE_CURVE ( 'NONE', #914, #779, #9095, .T. ) ;
#2667 = AXIS2_PLACEMENT_3D ( 'NONE', #8614, #8569, #4860 ) ;
#2668 = VERTEX_POINT ( 'NONE', #8575 ) ;
#2670 = VECTOR ( 'NONE', #3928, 1000.000000000000000 ) ;
#2669 = LINE ( 'NONE', #1249, #83 ) ;
#2671 = VERTEX_POINT ( 'NONE', #1123 ) ;
#2672 = CARTESIAN_POINT ( 'NONE',  ( -2.370276798999999990, 0.000000000000000000, 1.599999999666665174 ) ) ;
#2673 = ORIENTED_EDGE ( 'NONE', *, *, #4763, .F. ) ;
#2674 = ORIENTED_EDGE ( 'NONE', *, *, #2232, .F. ) ;
#2675 = SURFACE_STYLE_FILL_AREA ( #1159 ) ;
#2676 = DIRECTION ( 'NONE',  ( 0.000000000000000000, -1.000000000000000000, 0.000000000000000000 ) ) ;
#2677 = VECTOR ( 'NONE', #7350, 1000.000000000000000 ) ;
#2678 =( LENGTH_UNIT ( ) NAMED_UNIT ( * ) SI_UNIT ( .MILLI., .METRE. ) );
#2679 =( GEOMETRIC_REPRESENTATION_CONTEXT ( 3 ) GLOBAL_UNCERTAINTY_ASSIGNED_CONTEXT ( ( #5351 ) ) GLOBAL_UNIT_ASSIGNED_CONTEXT ( ( #3844, #3888, #204 ) ) REPRESENTATION_CONTEXT ( 'NONE', 'WORKASPACE' ) );
#2680 = AXIS2_PLACEMENT_3D ( 'NONE', #6755, #2748, #9349 ) ;
#2681 = DIRECTION ( 'NONE',  ( 0.000000000000000000, -1.000000000000000000, 0.000000000000000000 ) ) ;
#2682 = VECTOR ( 'NONE', #2825, 1000.000000000000000 ) ;
#2683 = ORIENTED_EDGE ( 'NONE', *, *, #3035, .T. ) ;
#2684 = CARTESIAN_POINT ( 'NONE',  ( 1.800000000000000044, 0.03000000010999999758, -0.5000000000027500224 ) ) ;
#2685 = ORIENTED_EDGE ( 'NONE', *, *, #2079, .F. ) ;
#2686 = VECTOR ( 'NONE', #6007, 1000.000000000000114 ) ;
#2687 = DIRECTION ( 'NONE',  ( 0.000000000000000000, 0.000000000000000000, 1.000000000000000000 ) ) ;
#2688 = EDGE_CURVE ( 'NONE', #4565, #7448, #4720, .T. ) ;
#2689 = CARTESIAN_POINT ( 'NONE',  ( 1.300000000000000044, 0.2474675600000000031, 2.150000000083335028 ) ) ;
#2690 = ORIENTED_EDGE ( 'NONE', *, *, #920, .T. ) ;
#2691 = VECTOR ( 'NONE', #1353, 1000.000000000000000 ) ;
#2692 = DIRECTION ( 'NONE',  ( -1.000000000000000000, 0.000000000000000000, 0.000000000000000000 ) ) ;
#2693 = ORIENTED_EDGE ( 'NONE', *, *, #7077, .T. ) ;
#2694 = AXIS2_PLACEMENT_3D ( 'NONE', #8784, #41, #8834 ) ;
#2695 = DIRECTION ( 'NONE',  ( 1.000000000000000000, 1.505836350674309769E-16, 0.000000000000000000 ) ) ;
#2696 = FILL_AREA_STYLE ('',( #681 ) ) ;
#2697 = CARTESIAN_POINT ( 'NONE',  ( -2.150000000773514941, 0.5973644132472010204, -1.643186506918789869 ) ) ;
#2698 = AXIS2_PLACEMENT_3D ( 'NONE', #5877, #3618, #6337 ) ;
#2699 = ORIENTED_EDGE ( 'NONE', *, *, #1104, .F. ) ;
#2700 = DIRECTION ( 'NONE',  ( 0.000000000000000000, 0.000000000000000000, 1.000000000000000000 ) ) ;
#2701 = VECTOR ( 'NONE', #8764, 1000.000000000000000 ) ;
#2702 = ORIENTED_EDGE ( 'NONE', *, *, #348, .T. ) ;
#2703 = DIRECTION ( 'NONE',  ( 0.000000000000000000, 0.000000000000000000, -1.000000000000000000 ) ) ;
#2704 = ORIENTED_EDGE ( 'NONE', *, *, #5253, .F. ) ;
#2705 = CARTESIAN_POINT ( 'NONE',  ( 0.2000000007735139862, 1.447467560773514128, 2.250000000000000000 ) ) ;
#2706 = VECTOR ( 'NONE', #7188, 1000.000000000000000 ) ;
#2707 = PLANE ( 'NONE',  #59 ) ;
#2708 = DIRECTION ( 'NONE',  ( -1.000000000000000000, 0.000000000000000000, 0.000000000000000000 ) ) ;
#2709 = VECTOR ( 'NONE', #3222, 1000.000000000000000 ) ;
#2710 = CARTESIAN_POINT ( 'NONE',  ( 1.449999999999999956, 1.060000000000000053, -1.600000000000000089 ) ) ;
#2711 = EDGE_CURVE ( 'NONE', #3815, #1018, #6969, .T. ) ;
#2712 = VERTEX_POINT ( 'NONE', #1076 ) ;
#2713 = EDGE_CURVE ( 'NONE', #8934, #939, #7853, .T. ) ;
#2714 = DIRECTION ( 'NONE',  ( 1.000000000000000000, 0.000000000000000000, 0.000000000000000000 ) ) ;
#2715 = AXIS2_PLACEMENT_3D ( 'NONE', #3319, #3947, #6270 ) ;
#2716 = VECTOR ( 'NONE', #8587, 1000.000000000000114 ) ;
#2717 = ORIENTED_EDGE ( 'NONE', *, *, #9516, .F. ) ;
#2718 = CARTESIAN_POINT ( 'NONE',  ( 2.299999999966665154, 1.650056147000000140, -1.391115596000000121 ) ) ;
#2719 = ORIENTED_EDGE ( 'NONE', *, *, #1425, .F. ) ;
#2720 = LINE ( 'NONE', #8595, #5948 ) ;
#2721 = AXIS2_PLACEMENT_3D ( 'NONE', #6961, #379, #435 ) ;
#2722 = FACE_OUTER_BOUND ( 'NONE', #5043, .T. ) ;
#2723 = ORIENTED_EDGE ( 'NONE', *, *, #9443, .T. ) ;
#2724 = DIRECTION ( 'NONE',  ( -0.8707914478650282675, -0.4916525748179580435, 0.000000000000000000 ) ) ;
#2725 = ORIENTED_EDGE ( 'NONE', *, *, #6832, .F. ) ;
#2726 = LINE ( 'NONE', #5566, #5600 ) ;
#2727 = AXIS2_PLACEMENT_3D ( 'NONE', #2450, #8291, #1647 ) ;
#2728 = ORIENTED_EDGE ( 'NONE', *, *, #5651, .T. ) ;
#2729 = ADVANCED_FACE ( 'NONE', ( #457 ), #1978, .F. ) ;
#2730 = DIRECTION ( 'NONE',  ( -1.000000000000000000, 0.000000000000000000, 0.000000000000000000 ) ) ;
#2731 = CARTESIAN_POINT ( 'NONE',  ( -0.6000000000205110151, 1.060000000000000053, -0.6500000000000000222 ) ) ;
#2732 = FACE_OUTER_BOUND ( 'NONE', #1209, .T. ) ;
#2733 = LINE ( 'NONE', #5670, #2996 ) ;
#2734 = VERTEX_POINT ( 'NONE', #4911 ) ;
#2735 = LINE ( 'NONE', #9193, #2517 ) ;
#2736 = ORIENTED_EDGE ( 'NONE', *, *, #71, .F. ) ;
#2737 = LINE ( 'NONE', #6406, #9285 ) ;
#2738 = EDGE_CURVE ( 'NONE', #5067, #8176, #4865, .T. ) ;
#2739 = CARTESIAN_POINT ( 'NONE',  ( 1.738971125486864944, 0.08500001550001499984, -1.577500010251674967 ) ) ;
#2740 = ORIENTED_EDGE ( 'NONE', *, *, #1288, .F. ) ;
#2741 = CARTESIAN_POINT ( 'NONE',  ( 2.750000000000000000, 0.5016694850364079583, 0.5500000000000000444 ) ) ;
#2742 = EDGE_CURVE ( 'NONE', #4894, #3957, #7663, .T. ) ;
#2743 = LINE ( 'NONE', #1445, #8003 ) ;
#2744 = CARTESIAN_POINT ( 'NONE',  ( 1.700000001330059796, 0.4974675599999999753, -1.647727273000000103 ) ) ;
#2745 = CARTESIAN_POINT ( 'NONE',  ( -0.5999999992264859472, 1.060000000000000053, 0.6500000000000000222 ) ) ;
#2746 = DIRECTION ( 'NONE',  ( 0.000000000000000000, -1.000000000000000000, 0.000000000000000000 ) ) ;
#2747 = EDGE_LOOP ( 'NONE', ( #4196, #2758, #4044, #4813, #215 ) ) ;
#2748 = DIRECTION ( 'NONE',  ( -1.000000000000000000, 0.000000000000000000, 0.000000000000000000 ) ) ;
#2749 = VERTEX_POINT ( 'NONE', #1265 ) ;
#2750 = DIRECTION ( 'NONE',  ( 0.000000000000000000, -0.9989685402014013560, -0.04540766111441141978 ) ) ;
#2751 = LINE ( 'NONE', #1985, #5480 ) ;
#2752 = ORIENTED_EDGE ( 'NONE', *, *, #7609, .T. ) ;
#2753 = CARTESIAN_POINT ( 'NONE',  ( -1.699999999999999956, 0.8749999999076900625, -1.600000000000000089 ) ) ;
#2754 = VECTOR ( 'NONE', #5425, 1000.000000000000114 ) ;
#2755 = DIRECTION ( 'NONE',  ( 0.000000000000000000, -0.04540766116335259728, 0.9989685401991766911 ) ) ;
#2756 = LINE ( 'NONE', #5787, #570 ) ;
#2757 = LINE ( 'NONE', #6426, #132 ) ;
#2758 = ORIENTED_EDGE ( 'NONE', *, *, #2088, .T. ) ;
#2759 = CARTESIAN_POINT ( 'NONE',  ( 2.342588587610479944, 1.140056146978333906, 0.3999999999642335213 ) ) ;
#2760 = ORIENTED_EDGE ( 'NONE', *, *, #6201, .T. ) ;
#2761 = EDGE_CURVE ( 'NONE', #3702, #1006, #5583, .T. ) ;
#2762 = CARTESIAN_POINT ( 'NONE',  ( 0.7500000009999999717, 1.153942174276747945, -1.760623331319234985 ) ) ;
#2763 = ORIENTED_EDGE ( 'NONE', *, *, #7129, .F. ) ;
#2764 = LINE ( 'NONE', #1287, #3607 ) ;
#2765 = ADVANCED_FACE ( 'NONE', ( #6941 ), #4814, .F. ) ;
#2766 = CARTESIAN_POINT ( 'NONE',  ( 0.6000000003000000026, 1.052467560143413916, 1.749999999999074962 ) ) ;
#2767 = ORIENTED_EDGE ( 'NONE', *, *, #4408, .F. ) ;
#2768 = PRESENTATION_STYLE_ASSIGNMENT (( #714 ) ) ;
#2769 = ORIENTED_EDGE ( 'NONE', *, *, #8519, .T. ) ;
#2770 = ORIENTED_EDGE ( 'NONE', *, *, #4071, .F. ) ;
#2771 = DIRECTION ( 'NONE',  ( 1.000000000000000000, 0.000000000000000000, 0.000000000000000000 ) ) ;
#2772 = DIRECTION ( 'NONE',  ( 0.000000000000000000, 0.9863939049637131529, 0.1643991005159010088 ) ) ;
#2773 = PLANE ( 'NONE',  #1147 ) ;
#2774 = ADVANCED_FACE ( 'NONE', ( #2548 ), #4041, .T. ) ;
#2775 = FACE_OUTER_BOUND ( 'NONE', #3732, .T. ) ;
#2776 = ADVANCED_FACE ( 'NONE', ( #6985 ), #9201, .T. ) ;
#2777 = ORIENTED_EDGE ( 'NONE', *, *, #6937, .F. ) ;
#2778 = EDGE_CURVE ( 'NONE', #7879, #2749, #3322, .T. ) ;
#2779 = DIRECTION ( 'NONE',  ( 1.000000000000000000, 0.000000000000000000, 0.000000000000000000 ) ) ;
#2780 = ORIENTED_EDGE ( 'NONE', *, *, #7384, .T. ) ;
#2781 = CARTESIAN_POINT ( 'NONE',  ( 2.350000000000000089, 0.8401360609790399225, 1.451643989874237928 ) ) ;
#2782 = CARTESIAN_POINT ( 'NONE',  ( 2.750000000000000000, 0.5016694850364079583, 1.149999999999999911 ) ) ;
#2783 = DIRECTION ( 'NONE',  ( 0.000000000000000000, 1.720802467602154949E-16, 1.000000000000000000 ) ) ;
#2784 = DIRECTION ( 'NONE',  ( 0.000000000000000000, -0.9863939233216288960, -0.1643989903684459908 ) ) ;
#2785 = PRODUCT_RELATED_PRODUCT_CATEGORY ( 'part', '', ( #1463 ) ) ;
#2786 = ADVANCED_FACE ( 'NONE', ( #3365 ), #4139, .F. ) ;
#2787 = ORIENTED_EDGE ( 'NONE', *, *, #6375, .T. ) ;
#2788 = EDGE_CURVE ( 'NONE', #8511, #8017, #545, .T. ) ;
#2789 = CARTESIAN_POINT ( 'NONE',  ( 1.300000000000000044, 1.647467559999999942, 2.250000000025000002 ) ) ;
#2790 = ORIENTED_EDGE ( 'NONE', *, *, #7949, .T. ) ;
#2791 = LINE ( 'NONE', #8408, #7753 ) ;
#2792 = DIRECTION ( 'NONE',  ( 0.000000000000000000, 0.000000000000000000, -1.000000000000000000 ) ) ;
#2793 = EDGE_LOOP ( 'NONE', ( #2974, #7630, #5824, #4848, #4241, #1378, #3288, #3049, #3898 ) ) ;
#2794 = CLOSED_SHELL ( 'NONE', ( #6083, #4190, #8177, #3703, #3818, #924, #296 ) ) ;
#2795 = CARTESIAN_POINT ( 'NONE',  ( 1.275000000000000133, 1.060000000000000053, 1.500000000000000000 ) ) ;
#2796 = LINE ( 'NONE', #8048, #364 ) ;
#2797 = CARTESIAN_POINT ( 'NONE',  ( -2.250000000000000000, 0.8865307614599968744, 1.772778396271349921 ) ) ;
#2798 = DIRECTION ( 'NONE',  ( -1.000000000000000000, 0.000000000000000000, 0.000000000000000000 ) ) ;
#2799 = VERTEX_POINT ( 'NONE', #2879 ) ;
#2800 = LINE ( 'NONE', #515, #2979 ) ;
#2801 = VECTOR ( 'NONE', #2218, 1000.000000000000000 ) ;
#2802 = ORIENTED_EDGE ( 'NONE', *, *, #7644, .T. ) ;
#2803 = EDGE_CURVE ( 'NONE', #5397, #6445, #7992, .T. ) ;
#2804 = LINE ( 'NONE', #2762, #1485 ) ;
#2805 = ORIENTED_EDGE ( 'NONE', *, *, #92, .T. ) ;
#2806 = DIRECTION ( 'NONE',  ( 1.000000000000000000, 0.000000000000000000, 0.000000000000000000 ) ) ;
#2807 = DIRECTION ( 'NONE',  ( 1.215288991440558167E-12, -1.000000000000000000, 9.166661705667149492E-12 ) ) ;
#2808 = VECTOR ( 'NONE', #3995, 1000.000000000000114 ) ;
#2809 = ORIENTED_EDGE ( 'NONE', *, *, #4341, .T. ) ;
#2810 = EDGE_CURVE ( 'NONE', #5360, #88, #9344, .T. ) ;
#2811 = SURFACE_SIDE_STYLE ('',( #4400 ) ) ;
#2812 = ORIENTED_EDGE ( 'NONE', *, *, #3669, .F. ) ;
#2813 = ORIENTED_EDGE ( 'NONE', *, *, #8591, .T. ) ;
#2814 = CARTESIAN_POINT ( 'NONE',  ( -0.5000000000000000000, 1.206745428000000064, -0.2778852880000000081 ) ) ;
#2815 = CARTESIAN_POINT ( 'NONE',  ( -1.449999999226485814, 0.6038390272555429483, -1.785628020102320024 ) ) ;
#2816 = CARTESIAN_POINT ( 'NONE',  ( 2.350000000000000089, 0.9000000043609869271, -1.749999999636584924 ) ) ;
#2817 = CARTESIAN_POINT ( 'NONE',  ( -1.449999999226483816, 0.5039421738591409738, -1.790168786006405055 ) ) ;
#2818 = VECTOR ( 'NONE', #9112, 1000.000000000000000 ) ;
#2819 = ORIENTED_EDGE ( 'NONE', *, *, #2403, .T. ) ;
#2820 = LINE ( 'NONE', #2110, #8682 ) ;
#2821 = ORIENTED_EDGE ( 'NONE', *, *, #6061, .F. ) ;
#2822 = DIRECTION ( 'NONE',  ( 0.000000000000000000, -1.000000000000000000, 0.000000000000000000 ) ) ;
#2823 = VECTOR ( 'NONE', #9474, 1000.000000000000000 ) ;
#2824 = CIRCLE ( 'NONE', #5147, 0.09999999922648551698 ) ;
#2825 = DIRECTION ( 'NONE',  ( 0.000000000000000000, -1.000000000000000000, 0.000000000000000000 ) ) ;
#2826 = CARTESIAN_POINT ( 'NONE',  ( 2.575841710426994613, 0.5999999999999999778, -1.149999999999999911 ) ) ;
#2827 = VECTOR ( 'NONE', #2372, 1000.000000000000114 ) ;
#2828 = EDGE_CURVE ( 'NONE', #5666, #4426, #6552, .T. ) ;
#2829 = DIRECTION ( 'NONE',  ( 1.000000000000000000, 0.000000000000000000, 0.000000000000000000 ) ) ;
#2830 = DIRECTION ( 'NONE',  ( 0.000000000000000000, 0.8660254037844387076, 0.4999999999999998890 ) ) ;
#2831 = VECTOR ( 'NONE', #4316, 1000.000000000000000 ) ;
#2832 = LINE ( 'NONE', #3650, #8110 ) ;
#2833 = AXIS2_PLACEMENT_3D ( 'NONE', #6879, #3249, #8276 ) ;
#2834 = VECTOR ( 'NONE', #2779, 1000.000000000000000 ) ;
#2835 = VERTEX_POINT ( 'NONE', #4279 ) ;
#2836 = PLANE ( 'NONE',  #6067 ) ;
#2837 = VECTOR ( 'NONE', #3739, 1000.000000000000000 ) ;
#2838 = ORIENTED_EDGE ( 'NONE', *, *, #7475, .F. ) ;
#2839 = SURFACE_SIDE_STYLE ('',( #5869 ) ) ;
#2840 = VECTOR ( 'NONE', #2573, 1000.000000000000000 ) ;
#2841 = CARTESIAN_POINT ( 'NONE',  ( -0.6500000007735150520, 1.650056147000000140, -0.6500000000000000222 ) ) ;
#2842 = ORIENTED_EDGE ( 'NONE', *, *, #2962, .F. ) ;
#2843 = DIRECTION ( 'NONE',  ( 0.000000000000000000, -0.9863939212520821398, 0.1643990027857260283 ) ) ;
#2844 = EDGE_CURVE ( 'NONE', #3774, #1257, #1446, .T. ) ;
#2845 = LINE ( 'NONE', #1412, #7577 ) ;
#2846 = FACE_OUTER_BOUND ( 'NONE', #3159, .T. ) ;
#2847 = LINE ( 'NONE', #1372, #6730 ) ;
#2848 = VECTOR ( 'NONE', #7544, 1000.000000000000000 ) ;
#2849 = AXIS2_PLACEMENT_3D ( 'NONE', #9302, #5108, #7276 ) ;
#2850 = VERTEX_POINT ( 'NONE', #2019 ) ;
#2851 = DIRECTION ( 'NONE',  ( 0.000000000000000000, 1.000000000000000000, 0.000000000000000000 ) ) ;
#2852 = ORIENTED_EDGE ( 'NONE', *, *, #3488, .T. ) ;
#2853 = LINE ( 'NONE', #6572, #7944 ) ;
#2854 = EDGE_LOOP ( 'NONE', ( #2401, #4173, #7360, #7428 ) ) ;
#2855 = UNCERTAINTY_MEASURE_WITH_UNIT (LENGTH_MEASURE( 1.000000000000000082E-05 ), #5852, 'distance_accuracy_value', 'NONE');
#2856 = LINE ( 'NONE', #5029, #7618 ) ;
#2857 = EDGE_CURVE ( 'NONE', #1615, #4905, #7264, .T. ) ;
#2858 = CARTESIAN_POINT ( 'NONE',  ( -2.149999999496474690, 1.140056146948334126, 0.4000000000491790164 ) ) ;
#2859 = AXIS2_PLACEMENT_3D ( 'NONE', #3420, #5593, #9161 ) ;
#2860 = ADVANCED_FACE ( 'NONE', ( #7317 ), #6596, .F. ) ;
#2861 = ORIENTED_EDGE ( 'NONE', *, *, #2828, .F. ) ;
#2862 = CARTESIAN_POINT ( 'NONE',  ( 2.350000000096295061, 0.000000000000000000, 1.149999999999999911 ) ) ;
#2863 = ORIENTED_EDGE ( 'NONE', *, *, #3205, .F. ) ;
#2864 = ORIENTED_EDGE ( 'NONE', *, *, #3716, .F. ) ;
#2865 = CARTESIAN_POINT ( 'NONE',  ( -2.350000000000000089, 0.8901360609999999784, -1.751643990000000040 ) ) ;
#2866 = CARTESIAN_POINT ( 'NONE',  ( -2.350000000000000089, 0.8901360609772740462, 1.751643989863640005 ) ) ;
#2867 = VECTOR ( 'NONE', #6372, 1000.000000000000000 ) ;
#2868 = PLANE ( 'NONE',  #6801 ) ;
#2869 = DIRECTION ( 'NONE',  ( -1.000000000000000000, 0.000000000000000000, -1.204669080577093786E-16 ) ) ;
#2870 = VERTEX_POINT ( 'NONE', #6455 ) ;
#2871 = CARTESIAN_POINT ( 'NONE',  ( -0.7500000000000000000, 1.650056147000000140, -0.5500000007735150742 ) ) ;
#2872 = VECTOR ( 'NONE', #3476, 1000.000000000000000 ) ;
#2873 = ORIENTED_EDGE ( 'NONE', *, *, #7730, .F. ) ;
#2874 = DIRECTION ( 'NONE',  ( 0.000000000000000000, 0.9989685401906767126, 0.04540766135035188833 ) ) ;
#2875 = VERTEX_POINT ( 'NONE', #9385 ) ;
#2876 = ADVANCED_FACE ( 'NONE', ( #5723 ), #2065, .T. ) ;
#2877 = CARTESIAN_POINT ( 'NONE',  ( 2.524158289669300004, 0.1016694850364084080, -1.149999999999999911 ) ) ;
#2878 = FACE_OUTER_BOUND ( 'NONE', #6725, .T. ) ;
#2879 = CARTESIAN_POINT ( 'NONE',  ( -2.249999999977779552, 0.8699944348582620002, -1.630794233064509990 ) ) ;
#2880 = FILL_AREA_STYLE_COLOUR ( '', #5640 ) ;
#2881 = EDGE_CURVE ( 'NONE', #485, #7602, #8711, .T. ) ;
#2882 = LINE ( 'NONE', #1363, #3920 ) ;
#2883 = ORIENTED_EDGE ( 'NONE', *, *, #976, .F. ) ;
#2884 = FACE_OUTER_BOUND ( 'NONE', #4609, .T. ) ;
#2885 = EDGE_LOOP ( 'NONE', ( #9216, #7039, #1506, #2390 ) ) ;
#2886 =( NAMED_UNIT ( * ) PLANE_ANGLE_UNIT ( ) SI_UNIT ( $, .RADIAN. ) );
#2887 = CARTESIAN_POINT ( 'NONE',  ( 1.275000000000000133, 0.05000000000000000278, 0.000000000000000000 ) ) ;
#2888 = ORIENTED_EDGE ( 'NONE', *, *, #9200, .T. ) ;
#2889 = CARTESIAN_POINT ( 'NONE',  ( 1.283280980000000016, 1.060000000000000053, 1.502209738999999988 ) ) ;
#2890 = LINE ( 'NONE', #23, #2192 ) ;
#2891 = DIRECTION ( 'NONE',  ( 0.000000000000000000, 1.000000000000000000, 0.000000000000000000 ) ) ;
#2892 = DIRECTION ( 'NONE',  ( 1.000000000000000000, 0.000000000000000000, 0.000000000000000000 ) ) ;
#2893 = DIRECTION ( 'NONE',  ( -1.000000000000000000, 0.000000000000000000, 0.000000000000000000 ) ) ;
#2894 = ORIENTED_EDGE ( 'NONE', *, *, #7045, .F. ) ;
#2895 = CARTESIAN_POINT ( 'NONE',  ( 0.6500000007735150520, 1.060000000000000053, -0.6800000000000000488 ) ) ;
#2896 = ADVANCED_FACE ( 'NONE', ( #3839 ), #4558, .T. ) ;
#2897 = ADVANCED_FACE ( 'NONE', ( #4603, #7510 ), #200, .F. ) ;
#2898 = ORIENTED_EDGE ( 'NONE', *, *, #1037, .F. ) ;
#2899 =( GEOMETRIC_REPRESENTATION_CONTEXT ( 3 ) GLOBAL_UNCERTAINTY_ASSIGNED_CONTEXT ( ( #8256 ) ) GLOBAL_UNIT_ASSIGNED_CONTEXT ( ( #6260, #1213, #4706 ) ) REPRESENTATION_CONTEXT ( 'NONE', 'WORKASPACE' ) );
#2900 = CARTESIAN_POINT ( 'NONE',  ( 1.324999999999999956, 0.5039421739999999650, 1.790168786000000178 ) ) ;
#2901 = ORIENTED_EDGE ( 'NONE', *, *, #7129, .T. ) ;
#2902 = FACE_OUTER_BOUND ( 'NONE', #2073, .T. ) ;
#2903 = LINE ( 'NONE', #2766, #2561 ) ;
#2904 = ADVANCED_FACE ( 'NONE', ( #3115 ), #7553, .T. ) ;
#2905 = ORIENTED_EDGE ( 'NONE', *, *, #9156, .T. ) ;
#2906 = ADVANCED_FACE ( 'NONE', ( #8849 ), #6117, .F. ) ;
#2907 = DIRECTION ( 'NONE',  ( -1.000000000000000000, 0.000000000000000000, 0.000000000000000000 ) ) ;
#2908 = ORIENTED_EDGE ( 'NONE', *, *, #5893, .T. ) ;
#2909 = DIRECTION ( 'NONE',  ( 1.000000000000000000, 0.000000000000000000, 0.000000000000000000 ) ) ;
#2910 = EDGE_LOOP ( 'NONE', ( #7439, #5328, #7594, #4488 ) ) ;
#2911 = CYLINDRICAL_SURFACE ( 'NONE', #4366, 0.09999999922648548922 ) ;
#2912 = CARTESIAN_POINT ( 'NONE',  ( 2.349999999931195127, 0.8500000004744669990, 1.449999999791665939 ) ) ;
#2913 = VECTOR ( 'NONE', #8244, 1000.000000000000000 ) ;
#2914 = LINE ( 'NONE', #8563, #4331 ) ;
#2915 = DIRECTION ( 'NONE',  ( 1.000000000000000000, 0.000000000000000000, 0.000000000000000000 ) ) ;
#2916 = ORIENTED_EDGE ( 'NONE', *, *, #2153, .F. ) ;
#2917 = CARTESIAN_POINT ( 'NONE',  ( -0.4999999996749999731, 0.000000000000000000, 1.750000000000000000 ) ) ;
#2918 = ORIENTED_EDGE ( 'NONE', *, *, #4292, .T. ) ;
#2919 = DIRECTION ( 'NONE',  ( -1.000000000000000000, 0.000000000000000000, 0.000000000000000000 ) ) ;
#2920 = CIRCLE ( 'NONE', #7368, 0.1300000009999998929 ) ;
#2921 = ORIENTED_EDGE ( 'NONE', *, *, #5069, .T. ) ;
#2922 = LINE ( 'NONE', #678, #5606 ) ;
#2923 = LINE ( 'NONE', #3736, #5543 ) ;
#2924 = DIRECTION ( 'NONE',  ( 0.000000000000000000, 0.000000000000000000, 1.000000000000000000 ) ) ;
#2925 = CARTESIAN_POINT ( 'NONE',  ( -2.350000000000000089, 0.8901360609999999784, 1.751643990000000040 ) ) ;
#2926 = DIRECTION ( 'NONE',  ( 1.000000000000000000, 0.000000000000000000, 0.000000000000000000 ) ) ;
#2927 = ORIENTED_EDGE ( 'NONE', *, *, #913, .T. ) ;
#2928 = DIRECTION ( 'NONE',  ( 0.000000000000000000, -1.000000000000000000, 0.000000000000000000 ) ) ;
#2929 = VERTEX_POINT ( 'NONE', #5196 ) ;
#2930 = DIRECTION ( 'NONE',  ( -0.8630339428498289278, 0.08304547980426739417, -0.4982728788256058916 ) ) ;
#2931 = EDGE_CURVE ( 'NONE', #5241, #1960, #2440, .T. ) ;
#2932 = FACE_OUTER_BOUND ( 'NONE', #3327, .T. ) ;
#2933 = ORIENTED_EDGE ( 'NONE', *, *, #5033, .T. ) ;
#2934 = DIRECTION ( 'NONE',  ( 0.000000000000000000, -1.000000000000000000, 0.000000000000000000 ) ) ;
#2935 = CARTESIAN_POINT ( 'NONE',  ( -2.575841710426994613, 0.5999999999999999778, -1.149999999999999911 ) ) ;
#2936 = CARTESIAN_POINT ( 'NONE',  ( -1.699999999999999956, 0.8901360609566280058, 1.751643989867079920 ) ) ;
#2937 = DIRECTION ( 'NONE',  ( 1.000000000000000000, 0.000000000000000000, 0.000000000000000000 ) ) ;
#2938 = FACE_OUTER_BOUND ( 'NONE', #232, .T. ) ;
#2939 = ORIENTED_EDGE ( 'NONE', *, *, #7627, .T. ) ;
#2940 = CARTESIAN_POINT ( 'NONE',  ( 2.350000000096295061, 0.000000000000000000, 0.5500000000000000444 ) ) ;
#2941 = VECTOR ( 'NONE', #4773, 1000.000000000000000 ) ;
#2942 = ORIENTED_EDGE ( 'NONE', *, *, #5176, .F. ) ;
#2943 = DIRECTION ( 'NONE',  ( 0.000000000000000000, 0.000000000000000000, 1.000000000000000000 ) ) ;
#2944 = ADVANCED_FACE ( 'NONE', ( #5381 ), #8991, .T. ) ;
#2945 = EDGE_LOOP ( 'NONE', ( #6280, #6776, #1009, #7777 ) ) ;
#2946 = UNCERTAINTY_MEASURE_WITH_UNIT (LENGTH_MEASURE( 1.000000000000000082E-05 ), #5699, 'distance_accuracy_value', 'NONE');
#2947 = PLANE ( 'NONE',  #1176 ) ;
#2948 = DIRECTION ( 'NONE',  ( 0.000000000000000000, -1.000000000000000000, 7.228014483236699908E-15 ) ) ;
#2949 = ADVANCED_FACE ( 'NONE', ( #774 ), #3693, .T. ) ;
#2950 = VECTOR ( 'NONE', #188, 1000.000000000000000 ) ;
#2951 = ORIENTED_EDGE ( 'NONE', *, *, #964, .F. ) ;
#2952 = FACE_OUTER_BOUND ( 'NONE', #6476, .T. ) ;
#2953 = ORIENTED_EDGE ( 'NONE', *, *, #509, .F. ) ;
#2954 = DIRECTION ( 'NONE',  ( 0.000000000000000000, 0.000000000000000000, -1.000000000000000000 ) ) ;
#2955 = ORIENTED_EDGE ( 'NONE', *, *, #8854, .F. ) ;
#2956 = DIRECTION ( 'NONE',  ( 1.000000000000000000, 0.000000000000000000, 0.000000000000000000 ) ) ;
#2957 = VECTOR ( 'NONE', #3827, 1000.000000000000000 ) ;
#2958 = DIRECTION ( 'NONE',  ( 1.000000000000000000, 0.000000000000000000, 0.000000000000000000 ) ) ;
#2959 = ADVANCED_FACE ( 'NONE', ( #7459 ), #8137, .F. ) ;
#2960 = LINE ( 'NONE', #3872, #6954 ) ;
#2961 = EDGE_CURVE ( 'NONE', #4080, #6927, #113, .T. ) ;
#2962 = EDGE_CURVE ( 'NONE', #5156, #8201, #5239, .T. ) ;
#2963 = LINE ( 'NONE', #5899, #5133 ) ;
#2964 = VERTEX_POINT ( 'NONE', #6302 ) ;
#2965 = DIRECTION ( 'NONE',  ( 0.000000000000000000, 0.000000000000000000, 1.000000000000000000 ) ) ;
#2966 = ORIENTED_EDGE ( 'NONE', *, *, #8328, .F. ) ;
#2967 = LINE ( 'NONE', #5092, #5285 ) ;
#2968 = VERTEX_POINT ( 'NONE', #9233 ) ;
#2969 = LINE ( 'NONE', #3691, #8070 ) ;
#2970 = CARTESIAN_POINT ( 'NONE',  ( -1.959807621155480017, 0.000000000000000000, -1.449999999777777937 ) ) ;
#2971 = CARTESIAN_POINT ( 'NONE',  ( 2.150000000773514941, 0.5039421739999999650, -1.790168786000000178 ) ) ;
#2972 = EDGE_CURVE ( 'NONE', #1108, #8556, #6975, .T. ) ;
#2973 = LINE ( 'NONE', #8800, #3146 ) ;
#2974 = ORIENTED_EDGE ( 'NONE', *, *, #3757, .F. ) ;
#2975 = EDGE_CURVE ( 'NONE', #6970, #3632, #4854, .T. ) ;
#2976 = VECTOR ( 'NONE', #1119, 1000.000000000000000 ) ;
#2977 = ORIENTED_EDGE ( 'NONE', *, *, #8880, .F. ) ;
#2978 = CARTESIAN_POINT ( 'NONE',  ( -2.250000000000000000, 0.8699944348748410716, -1.630794233121449999 ) ) ;
#2979 = VECTOR ( 'NONE', #7869, 1000.000000000000114 ) ;
#2980 = SURFACE_SIDE_STYLE ('',( #7373 ) ) ;
#2981 = DIRECTION ( 'NONE',  ( 1.000000000000000000, 0.000000000000000000, 0.000000000000000000 ) ) ;
#2982 = CARTESIAN_POINT ( 'NONE',  ( 0.01010418081077514053, 0.5950280735000669230, 0.2000000000000000111 ) ) ;
#2983 = CARTESIAN_POINT ( 'NONE',  ( -2.350000000096295061, 0.2000000000000000111, 0.5500000000000000444 ) ) ;
#2984 = DIRECTION ( 'NONE',  ( -1.000000000000000000, 0.000000000000000000, 0.000000000000000000 ) ) ;
#2985 = PRODUCT_DEFINITION_FORMATION_WITH_SPECIFIED_SOURCE ( 'ANY', '', #1463, .NOT_KNOWN. ) ;
#2986 = VECTOR ( 'NONE', #6924, 1000.000000000000000 ) ;
#2987 = VECTOR ( 'NONE', #1837, 1000.000000000000000 ) ;
#2988 = VERTEX_POINT ( 'NONE', #5623 ) ;
#2989 = CARTESIAN_POINT ( 'NONE',  ( -1.149999999497689940, 1.060000000000000053, -1.600000000000000089 ) ) ;
#2990 = VECTOR ( 'NONE', #2286, 1000.000000000000000 ) ;
#2991 = DIRECTION ( 'NONE',  ( 0.7071067811865510144, 0.000000000000000000, -0.7071067811865441310 ) ) ;
#2992 = VERTEX_POINT ( 'NONE', #4647 ) ;
#2993 = VECTOR ( 'NONE', #1564, 1000.000000000000000 ) ;
#2994 = CARTESIAN_POINT ( 'NONE',  ( 2.299999999966665154, 1.690056146999999953, -0.9000000000924819332 ) ) ;
#2995 = ORIENTED_EDGE ( 'NONE', *, *, #5120, .T. ) ;
#2996 = VECTOR ( 'NONE', #8606, 1000.000000000000000 ) ;
#2997 = LINE ( 'NONE', #7388, #2086 ) ;
#2998 = ADVANCED_FACE ( 'NONE', ( #7699 ), #2628, .T. ) ;
#2999 = COLOUR_RGB ( '',0.7764705882352941346, 0.7568627450980391913, 0.7372549019607843590 ) ;
#3000 = CARTESIAN_POINT ( 'NONE',  ( 2.349999999931195127, -2.409338161078900043E-17, 1.449999999791665939 ) ) ;
#3001 = EDGE_CURVE ( 'NONE', #5756, #5846, #830, .T. ) ;
#3002 = VECTOR ( 'NONE', #4736, 1000.000000000000000 ) ;
#3003 = ORIENTED_EDGE ( 'NONE', *, *, #4188, .T. ) ;
#3004 = DIRECTION ( 'NONE',  ( 0.000000000000000000, 1.000000000000000000, 0.000000000000000000 ) ) ;
#3005 = VECTOR ( 'NONE', #7910, 1000.000000000000000 ) ;
#3006 = EDGE_LOOP ( 'NONE', ( #1602, #2482, #5974, #5641 ) ) ;
#3007 = LINE ( 'NONE', #2739, #4255 ) ;
#3008 = ORIENTED_EDGE ( 'NONE', *, *, #8643, .F. ) ;
#3009 = LINE ( 'NONE', #8168, #6849 ) ;
#3010 = DIRECTION ( 'NONE',  ( 0.000000000000000000, 0.000000000000000000, -1.000000000000000000 ) ) ;
#3011 = VECTOR ( 'NONE', #2659, 1000.000000000000114 ) ;
#3012 =( GEOMETRIC_REPRESENTATION_CONTEXT ( 3 ) GLOBAL_UNCERTAINTY_ASSIGNED_CONTEXT ( ( #3625 ) ) GLOBAL_UNIT_ASSIGNED_CONTEXT ( ( #1320, #5012, #5827 ) ) REPRESENTATION_CONTEXT ( 'NONE', 'WORKASPACE' ) );
#3013 = FACE_OUTER_BOUND ( 'NONE', #6055, .T. ) ;
#3014 = VECTOR ( 'NONE', #823, 1000.000000000000000 ) ;
#3015 = LINE ( 'NONE', #814, #7465 ) ;
#3016 = VERTEX_POINT ( 'NONE', #2537 ) ;
#3017 = PRESENTATION_STYLE_ASSIGNMENT (( #7591 ) ) ;
#3018 = VECTOR ( 'NONE', #4861, 1000.000000000000000 ) ;
#3019 = VERTEX_POINT ( 'NONE', #1724 ) ;
#3020 = EDGE_CURVE ( 'NONE', #4466, #7131, #2585, .T. ) ;
#3021 = DIRECTION ( 'NONE',  ( 1.000000000000000000, 0.000000000000000000, 0.000000000000000000 ) ) ;
#3022 = EDGE_CURVE ( 'NONE', #2614, #690, #1014, .T. ) ;
#3023 = VECTOR ( 'NONE', #1992, 1000.000000000000000 ) ;
#3024 = ORIENTED_EDGE ( 'NONE', *, *, #2604, .T. ) ;
#3025 = CARTESIAN_POINT ( 'NONE',  ( 1.275000000000000133, 3.545694403999999800, 1.500000000000000000 ) ) ;
#3026 = PLANE ( 'NONE',  #5845 ) ;
#3027 = CARTESIAN_POINT ( 'NONE',  ( 2.350000000000000089, 1.500000000000000000, 1.599999999661140038 ) ) ;
#3028 = DIRECTION ( 'NONE',  ( 0.000000000000000000, -0.04540765932803051547, 0.9989685402826004035 ) ) ;
#3029 = PLANE ( 'NONE',  #1773 ) ;
#3030 = VECTOR ( 'NONE', #4660, 1000.000000000000000 ) ;
#3031 = ORIENTED_EDGE ( 'NONE', *, *, #3001, .T. ) ;
#3032 = ADVANCED_FACE ( 'NONE', ( #5573 ), #8368, .F. ) ;
#3033 = CARTESIAN_POINT ( 'NONE',  ( -1.199999999999999956, 1.647467559999999942, 2.150000000099999919 ) ) ;
#3034 = ORIENTED_EDGE ( 'NONE', *, *, #4399, .F. ) ;
#3035 = EDGE_CURVE ( 'NONE', #6606, #5455, #5874, .T. ) ;
#3036 = PRESENTATION_STYLE_ASSIGNMENT (( #5929 ) ) ;
#3037 = DIRECTION ( 'NONE',  ( -1.000000000000000000, 0.000000000000000000, 0.000000000000000000 ) ) ;
#3038 = FACE_OUTER_BOUND ( 'NONE', #7724, .T. ) ;
#3039 = CARTESIAN_POINT ( 'NONE',  ( -2.350000000096295061, 0.2000000000000000111, -0.5500000000000000444 ) ) ;
#3040 = DIRECTION ( 'NONE',  ( -1.000000000000000000, 0.000000000000000000, 7.228014483236700500E-16 ) ) ;
#3041 = VERTEX_POINT ( 'NONE', #1774 ) ;
#3042 = FACE_OUTER_BOUND ( 'NONE', #4212, .T. ) ;
#3043 = DIRECTION ( 'NONE',  ( 0.000000000000000000, 0.04540765461106680001, -0.9989685404970078952 ) ) ;
#3044 = ORIENTED_EDGE ( 'NONE', *, *, #7496, .T. ) ;
#3045 = DIRECTION ( 'NONE',  ( 0.000000000000000000, -1.000000000000000000, 0.000000000000000000 ) ) ;
#3046 = VERTEX_POINT ( 'NONE', #1823 ) ;
#3047 = DIRECTION ( 'NONE',  ( -1.000000000000000000, 0.000000000000000000, 0.000000000000000000 ) ) ;
#3048 = DIRECTION ( 'NONE',  ( 0.000000000000000000, 1.000000000000000000, 0.000000000000000000 ) ) ;
#3049 = ORIENTED_EDGE ( 'NONE', *, *, #9114, .T. ) ;
#3050 = EDGE_LOOP ( 'NONE', ( #4587, #867, #8183, #5813 ) ) ;
#3051 = FACE_OUTER_BOUND ( 'NONE', #9116, .T. ) ;
#3052 = VERTEX_POINT ( 'NONE', #7801 ) ;
#3053 = EDGE_CURVE ( 'NONE', #1709, #1869, #7744, .T. ) ;
#3054 = CARTESIAN_POINT ( 'NONE',  ( -1.959807621143065059, 0.8500000001317149501, -1.450000000006606005 ) ) ;
#3055 = VERTEX_POINT ( 'NONE', #1914 ) ;
#3056 = CARTESIAN_POINT ( 'NONE',  ( -1.959807621000000166, 0.000000000000000000, 1.449999999999999956 ) ) ;
#3057 =( NAMED_UNIT ( * ) SI_UNIT ( $, .STERADIAN. ) SOLID_ANGLE_UNIT ( ) );
#3058 = DIRECTION ( 'NONE',  ( 0.000000000000000000, 1.000000000000000000, 0.000000000000000000 ) ) ;
#3059 = PLANE ( 'NONE',  #6548 ) ;
#3060 = ORIENTED_EDGE ( 'NONE', *, *, #4172, .T. ) ;
#3061 = ORIENTED_EDGE ( 'NONE', *, *, #7447, .F. ) ;
#3062 = CARTESIAN_POINT ( 'NONE',  ( -2.250000000000000000, 0.5039421739999999650, 1.790168786000000178 ) ) ;
#3063 = ORIENTED_EDGE ( 'NONE', *, *, #5137, .F. ) ;
#3064 = CARTESIAN_POINT ( 'NONE',  ( 1.283280980000000016, 1.681423601000000101, 1.502209738999999988 ) ) ;
#3065 = CARTESIAN_POINT ( 'NONE',  ( -2.149999999911110127, 1.650056147000000140, -1.499178201304242064 ) ) ;
#3066 = DIRECTION ( 'NONE',  ( -1.000000000000000000, 0.000000000000000000, 0.000000000000000000 ) ) ;
#3067 = LINE ( 'NONE', #5283, #3765 ) ;
#3068 = EDGE_CURVE ( 'NONE', #5319, #5525, #4756, .T. ) ;
#3069 = EDGE_CURVE ( 'NONE', #3392, #8590, #4085, .T. ) ;
#3070 = VECTOR ( 'NONE', #4775, 1000.000000000000000 ) ;
#3071 = ORIENTED_EDGE ( 'NONE', *, *, #8772, .T. ) ;
#3072 = VECTOR ( 'NONE', #8658, 1000.000000000000000 ) ;
#3073 = DIRECTION ( 'NONE',  ( 1.000000000000000000, 0.000000000000000000, 0.000000000000000000 ) ) ;
#3074 = VERTEX_POINT ( 'NONE', #7303 ) ;
#3075 = CARTESIAN_POINT ( 'NONE',  ( -0.2999999999999999889, 1.097467561056749918, 2.250000000025000002 ) ) ;
#3076 = CARTESIAN_POINT ( 'NONE',  ( 2.350000000000000089, 0.9000000043609869271, -1.749999999273170070 ) ) ;
#3077 = LINE ( 'NONE', #7470, #3998 ) ;
#3078 = DIRECTION ( 'NONE',  ( 1.000000000000000000, 0.000000000000000000, 0.000000000000000000 ) ) ;
#3079 = CARTESIAN_POINT ( 'NONE',  ( -0.6500000007735150520, 1.060000000000000053, 0.6500000000000000222 ) ) ;
#3080 = DIRECTION ( 'NONE',  ( -0.5051459345177135019, 0.1418818951592227817, -0.8512914381492706628 ) ) ;
#3081 = EDGE_CURVE ( 'NONE', #4095, #4894, #5669, .T. ) ;
#3082 = ADVANCED_FACE ( 'NONE', ( #4169 ), #2773, .F. ) ;
#3083 = ORIENTED_EDGE ( 'NONE', *, *, #2688, .F. ) ;
#3084 = DIRECTION ( 'NONE',  ( 1.000000000000000000, 0.000000000000000000, 0.000000000000000000 ) ) ;
#3085 = CARTESIAN_POINT ( 'NONE',  ( 1.149999999610896051, 0.000000000000000000, 1.750000000000000000 ) ) ;
#3086 = VERTEX_POINT ( 'NONE', #3499 ) ;
#3087 = CARTESIAN_POINT ( 'NONE',  ( -1.300000000000000044, 1.647467559999999942, 2.250000000025000002 ) ) ;
#3088 = ORIENTED_EDGE ( 'NONE', *, *, #223, .T. ) ;
#3089 = DIRECTION ( 'NONE',  ( -0.8630339424825185235, -0.08304548034872083484, -0.4982728793710642368 ) ) ;
#3090 = PLANE ( 'NONE',  #4554 ) ;
#3092 = CLOSED_SHELL ( 'NONE', ( #1557, #7250, #3032, #6441, #2786, #469, #6717 ) ) ;
#3091 = ORIENTED_EDGE ( 'NONE', *, *, #4901, .T. ) ;
#3093 = CARTESIAN_POINT ( 'NONE',  ( -1.574999999999949996, 0.04000000009687509905, 0.5000000000284999802 ) ) ;
#3094 = ORIENTED_EDGE ( 'NONE', *, *, #6183, .T. ) ;
#3095 = EDGE_CURVE ( 'NONE', #4036, #7209, #6443, .T. ) ;
#3096 = DIRECTION ( 'NONE',  ( 0.000000000000000000, 0.000000000000000000, 1.000000000000000000 ) ) ;
#3097 = VERTEX_POINT ( 'NONE', #719 ) ;
#3098 = CARTESIAN_POINT ( 'NONE',  ( 1.275000000000000133, 0.2000000001117580029, -0.2000000000000000111 ) ) ;
#3099 = ORIENTED_EDGE ( 'NONE', *, *, #3794, .F. ) ;
#3100 = DIRECTION ( 'NONE',  ( -1.000000000000000000, 0.000000000000000000, 0.000000000000000000 ) ) ;
#3101 = CARTESIAN_POINT ( 'NONE',  ( 2.750000000000000000, 0.5016694850364079583, -0.5500000000000000444 ) ) ;
#3102 = CARTESIAN_POINT ( 'NONE',  ( 2.350000000000000089, 0.8401360609999999340, 1.451643989999999995 ) ) ;
#3103 =( GEOMETRIC_REPRESENTATION_CONTEXT ( 3 ) GLOBAL_UNCERTAINTY_ASSIGNED_CONTEXT ( ( #4973 ) ) GLOBAL_UNIT_ASSIGNED_CONTEXT ( ( #3298, #4693, #1714 ) ) REPRESENTATION_CONTEXT ( 'NONE', 'WORKASPACE' ) );
#3104 = DIRECTION ( 'NONE',  ( 0.000000000000000000, -1.000000000000000000, 0.000000000000000000 ) ) ;
#3105 = EDGE_CURVE ( 'NONE', #1118, #690, #9373, .T. ) ;
#3106 = ORIENTED_EDGE ( 'NONE', *, *, #4883, .F. ) ;
#3107 = PLANE ( 'NONE',  #560 ) ;
#3108 = ORIENTED_EDGE ( 'NONE', *, *, #7107, .F. ) ;
#3109 = PLANE ( 'NONE',  #6525 ) ;
#3110 = AXIS2_PLACEMENT_3D ( 'NONE', #9028, #4876, #2427 ) ;
#3111 = ORIENTED_EDGE ( 'NONE', *, *, #6696, .T. ) ;
#3112 = ORIENTED_EDGE ( 'NONE', *, *, #3289, .T. ) ;
#3113 = FILL_AREA_STYLE_COLOUR ( '', #5446 ) ;
#3114 = CARTESIAN_POINT ( 'NONE',  ( -1.699999999999999956, 0.8838579186182939917, 1.713974859956479913 ) ) ;
#3115 = FACE_OUTER_BOUND ( 'NONE', #3643, .T. ) ;
#3116 = DIRECTION ( 'NONE',  ( 0.000000000000000000, 0.000000000000000000, 1.000000000000000000 ) ) ;
#3117 = VECTOR ( 'NONE', #3552, 1000.000000000000000 ) ;
#3118 = EDGE_CURVE ( 'NONE', #5374, #9083, #7883, .T. ) ;
#3119 = ORIENTED_EDGE ( 'NONE', *, *, #6303, .T. ) ;
#3120 = CARTESIAN_POINT ( 'NONE',  ( 2.350000000096295061, 0.2000000000000000111, 0.5500000000000000444 ) ) ;
#3121 = VERTEX_POINT ( 'NONE', #2816 ) ;
#3122 = CARTESIAN_POINT ( 'NONE',  ( 2.524158289669300004, 0.1016694850364084080, 1.149999999999999911 ) ) ;
#3123 = PLANE ( 'NONE',  #1030 ) ;
#3124 = FILL_AREA_STYLE_COLOUR ( '', #4600 ) ;
#3125 = CARTESIAN_POINT ( 'NONE',  ( 1.149999999801815997, -9.035018104045871311E-18, -1.750000000000000000 ) ) ;
#3126 = FILL_AREA_STYLE_COLOUR ( '', #1053 ) ;
#3127 = DIRECTION ( 'NONE',  ( -1.000000000000000000, 0.000000000000000000, 0.000000000000000000 ) ) ;
#3128 = VECTOR ( 'NONE', #7467, 1000.000000000000000 ) ;
#3129 = ORIENTED_EDGE ( 'NONE', *, *, #1968, .T. ) ;
#3130 = CARTESIAN_POINT ( 'NONE',  ( -0.7500000000000000000, 1.147467560013382126, -1.618181818294389895 ) ) ;
#3131 = LINE ( 'NONE', #9010, #4477 ) ;
#3132 = VERTEX_POINT ( 'NONE', #6398 ) ;
#3133 = ADVANCED_FACE ( 'NONE', ( #2732 ), #2868, .T. ) ;
#3134 = CYLINDRICAL_SURFACE ( 'NONE', #5785, 0.1300000010000001149 ) ;
#3135 = VECTOR ( 'NONE', #453, 1000.000000000000000 ) ;
#3136 = UNCERTAINTY_MEASURE_WITH_UNIT (LENGTH_MEASURE( 1.000000000000000082E-05 ), #6003, 'distance_accuracy_value', 'NONE');
#3137 = LINE ( 'NONE', #178, #4386 ) ;
#3138 = STYLED_ITEM ( 'NONE', ( #2346 ), #7823 ) ;
#3139 = VECTOR ( 'NONE', #6945, 1000.000000000000000 ) ;
#3140 = DIRECTION ( 'NONE',  ( 0.000000000000000000, -0.04540765932803111915, 0.9989685402826005145 ) ) ;
#3141 = AXIS2_PLACEMENT_3D ( 'NONE', #6631, #3583, #1389 ) ;
#3142 = ORIENTED_EDGE ( 'NONE', *, *, #1509, .T. ) ;
#3143 = LINE ( 'NONE', #4057, #2388 ) ;
#3144 = ORIENTED_EDGE ( 'NONE', *, *, #5522, .F. ) ;
#3145 = CARTESIAN_POINT ( 'NONE',  ( -0.7500000000000000000, 1.650056147000000140, -0.6500000000000000222 ) ) ;
#3146 = VECTOR ( 'NONE', #8090, 1000.000000000000000 ) ;
#3147 = ORIENTED_EDGE ( 'NONE', *, *, #6214, .T. ) ;
#3148 = ADVANCED_FACE ( 'NONE', ( #7212 ), #6586, .T. ) ;
#3149 = CARTESIAN_POINT ( 'NONE',  ( 0.5000000000000000000, 1.104938393441734057, 0.2458665019036470334 ) ) ;
#3150 = VECTOR ( 'NONE', #4260, 1000.000000000000000 ) ;
#3151 = ORIENTED_EDGE ( 'NONE', *, *, #4782, .T. ) ;
#3152 = CARTESIAN_POINT ( 'NONE',  ( 1.699999999999999956, 1.500000000000000000, 1.599999999661140038 ) ) ;
#3153 = LINE ( 'NONE', #6102, #3881 ) ;
#3154 = DIRECTION ( 'NONE',  ( 1.000000000000000000, 0.000000000000000000, 0.000000000000000000 ) ) ;
#3155 = LINE ( 'NONE', #7337, #1020 ) ;
#3156 = VECTOR ( 'NONE', #8171, 1000.000000000000000 ) ;
#3157 = AXIS2_PLACEMENT_3D ( 'NONE', #467, #1041, #4006 ) ;
#3158 = ORIENTED_EDGE ( 'NONE', *, *, #7332, .F. ) ;
#3159 = EDGE_LOOP ( 'NONE', ( #7694, #2375, #1769, #4455, #2565, #6428, #5431, #8944, #8783, #6113, #5276 ) ) ;
#3160 = FILL_AREA_STYLE_COLOUR ( '', #548 ) ;
#3161 = ORIENTED_EDGE ( 'NONE', *, *, #7613, .F. ) ;
#3162 = CIRCLE ( 'NONE', #3472, 0.09999999922648548922 ) ;
#3163 = ORIENTED_EDGE ( 'NONE', *, *, #804, .F. ) ;
#3164 = CARTESIAN_POINT ( 'NONE',  ( 1.324999999999999956, -0.8042708029999989794, 1.550000000000000044 ) ) ;
#3165 = DIRECTION ( 'NONE',  ( 0.000000000000000000, 1.000000000000000000, 0.000000000000000000 ) ) ;
#3166 = FILL_AREA_STYLE_COLOUR ( '', #64 ) ;
#3167 = LINE ( 'NONE', #3988, #2072 ) ;
#3168 = VECTOR ( 'NONE', #7149, 1000.000000000000000 ) ;
#3169 = ORIENTED_EDGE ( 'NONE', *, *, #4914, .F. ) ;
#3170 = VECTOR ( 'NONE', #4160, 1000.000000000000000 ) ;
#3171 = ORIENTED_EDGE ( 'NONE', *, *, #5555, .F. ) ;
#3172 = ADVANCED_FACE ( 'NONE', ( #667 ), #5808, .T. ) ;
#3173 = CARTESIAN_POINT ( 'NONE',  ( 2.149999999999999911, 1.690056146999999953, -1.391115596000000121 ) ) ;
#3174 = DIRECTION ( 'NONE',  ( 0.000000000000000000, 0.000000000000000000, 1.000000000000000000 ) ) ;
#3175 = EDGE_CURVE ( 'NONE', #4592, #445, #1435, .T. ) ;
#3176 = PRESENTATION_STYLE_ASSIGNMENT (( #9004 ) ) ;
#3177 = LINE ( 'NONE', #125, #2037 ) ;
#3178 = LINE ( 'NONE', #1731, #5190 ) ;
#3179 = VECTOR ( 'NONE', #1380, 1000.000000000000000 ) ;
#3180 = CARTESIAN_POINT ( 'NONE',  ( -0.5000000000000000000, 0.03000000010999999758, -0.5999999994999999364 ) ) ;
#3181 = ORIENTED_EDGE ( 'NONE', *, *, #2412, .F. ) ;
#3182 = DIRECTION ( 'NONE',  ( -1.000000000000000000, 0.000000000000000000, 7.228014483236700500E-16 ) ) ;
#3183 = VECTOR ( 'NONE', #2784, 1000.000000000000227 ) ;
#3184 = LINE ( 'NONE', #8295, #9097 ) ;
#3185 = ORIENTED_EDGE ( 'NONE', *, *, #9032, .F. ) ;
#3186 = PLANE ( 'NONE',  #3323 ) ;
#3187 = DIRECTION ( 'NONE',  ( 1.000000000000000000, 0.000000000000000000, 0.000000000000000000 ) ) ;
#3188 = DIRECTION ( 'NONE',  ( 1.000000000000000000, 0.000000000000000000, 0.000000000000000000 ) ) ;
#3189 = CARTESIAN_POINT ( 'NONE',  ( 1.300000000000000044, 0.2474675600000000031, 2.750000000000000000 ) ) ;
#3190 = EDGE_CURVE ( 'NONE', #3414, #3982, #2914, .T. ) ;
#3191 = ADVANCED_FACE ( 'NONE', ( #534 ), #3445, .F. ) ;
#3192 = ORIENTED_EDGE ( 'NONE', *, *, #8527, .T. ) ;
#3193 = EDGE_CURVE ( 'NONE', #7748, #7978, #5130, .T. ) ;
#3194 = LINE ( 'NONE', #1846, #1917 ) ;
#3195 = ORIENTED_EDGE ( 'NONE', *, *, #7589, .F. ) ;
#3196 = DIRECTION ( 'NONE',  ( 0.000000000000000000, -1.000000000000000000, 1.214080558205069872E-16 ) ) ;
#3197 = ORIENTED_EDGE ( 'NONE', *, *, #8541, .F. ) ;
#3198 = DIRECTION ( 'NONE',  ( 0.000000000000000000, 1.000000000000000000, 0.000000000000000000 ) ) ;
#3199 = ORIENTED_EDGE ( 'NONE', *, *, #7182, .T. ) ;
#3200 = DIRECTION ( 'NONE',  ( 0.000000000000000000, 0.04540765932803111915, 0.9989685402826005145 ) ) ;
#3201 = CARTESIAN_POINT ( 'NONE',  ( 0.6000000003000000026, 1.547467559953150218, 2.249999999986574739 ) ) ;
#3202 = FACE_OUTER_BOUND ( 'NONE', #106, .T. ) ;
#3203 = EDGE_CURVE ( 'NONE', #6531, #4281, #2245, .T. ) ;
#3204 = DIRECTION ( 'NONE',  ( 0.000000000000000000, -1.000000000000000000, 0.000000000000000000 ) ) ;
#3205 = EDGE_CURVE ( 'NONE', #8029, #5850, #1571, .T. ) ;
#3206 = EDGE_CURVE ( 'NONE', #6327, #4879, #1669, .T. ) ;
#3207 = EDGE_LOOP ( 'NONE', ( #3971, #3301, #6747, #5332 ) ) ;
#3208 = ORIENTED_EDGE ( 'NONE', *, *, #6677, .F. ) ;
#3209 = DIRECTION ( 'NONE',  ( 0.000000000000000000, -1.000000000000000000, 0.000000000000000000 ) ) ;
#3210 = ORIENTED_EDGE ( 'NONE', *, *, #4662, .T. ) ;
#3211 = EDGE_LOOP ( 'NONE', ( #3246, #6177, #9282, #3363, #957, #3789 ) ) ;
#3212 = VECTOR ( 'NONE', #5238, 1000.000000000000000 ) ;
#3213 = SURFACE_STYLE_FILL_AREA ( #4601 ) ;
#3214 = SURFACE_STYLE_USAGE ( .BOTH. , #6301 ) ;
#3215 = PRESENTATION_STYLE_ASSIGNMENT (( #3259 ) ) ;
#3216 = ORIENTED_EDGE ( 'NONE', *, *, #8505, .F. ) ;
#3217 = ORIENTED_EDGE ( 'NONE', *, *, #1973, .T. ) ;
#3218 = CARTESIAN_POINT ( 'NONE',  ( 0.5106971445964719747, 1.060000000000000053, -0.6250000001864060017 ) ) ;
#3219 = LINE ( 'NONE', #3891, #2249 ) ;
#3220 = PLANE ( 'NONE',  #3382 ) ;
#3221 = DIRECTION ( 'NONE',  ( 1.000000000000000000, 9.486769009248159853E-16, 0.000000000000000000 ) ) ;
#3222 = DIRECTION ( 'NONE',  ( 0.000000000000000000, -1.000000000000000000, 0.000000000000000000 ) ) ;
#3223 = DIRECTION ( 'NONE',  ( 1.000000000000000000, 0.000000000000000000, 0.000000000000000000 ) ) ;
#3224 = VECTOR ( 'NONE', #6422, 1000.000000000000000 ) ;
#3225 = ORIENTED_EDGE ( 'NONE', *, *, #8386, .F. ) ;
#3226 = EDGE_CURVE ( 'NONE', #767, #3238, #2960, .T. ) ;
#3227 = DIRECTION ( 'NONE',  ( 1.000000000000000000, 0.000000000000000000, 0.000000000000000000 ) ) ;
#3228 = CARTESIAN_POINT ( 'NONE',  ( -2.350000000000000089, 1.239999999999999991, -1.750000000000000000 ) ) ;
#3229 = ORIENTED_EDGE ( 'NONE', *, *, #449, .F. ) ;
#3230 = DIRECTION ( 'NONE',  ( -0.000000000000000000, 1.000000000000000000, 0.000000000000000000 ) ) ;
#3231 = DIRECTION ( 'NONE',  ( 0.000000000000000000, -1.000000000000000000, 1.720802467602154949E-16 ) ) ;
#3232 = PLANE ( 'NONE',  #7316 ) ;
#3233 = CARTESIAN_POINT ( 'NONE',  ( 1.300000000000000044, 0.2474675600000000031, 2.750000000000000000 ) ) ;
#3234 = VERTEX_POINT ( 'NONE', #8786 ) ;
#3235 = FACE_OUTER_BOUND ( 'NONE', #1673, .T. ) ;
#3236 = EDGE_LOOP ( 'NONE', ( #3088, #6579, #9401, #3832 ) ) ;
#3237 = LINE ( 'NONE', #6189, #5305 ) ;
#3238 = VERTEX_POINT ( 'NONE', #6048 ) ;
#3239 = DIRECTION ( 'NONE',  ( 0.000000000000000000, 0.000000000000000000, 1.000000000000000000 ) ) ;
#3240 = VERTEX_POINT ( 'NONE', #3782 ) ;
#3241 = ADVANCED_FACE ( 'NONE', ( #1530 ), #812, .T. ) ;
#3242 = CARTESIAN_POINT ( 'NONE',  ( -1.321348467363661960, 1.648287368377245876, 1.533376403800987164 ) ) ;
#3243 = DIRECTION ( 'NONE',  ( 0.000000000000000000, 0.000000000000000000, -1.000000000000000000 ) ) ;
#3244 = FILL_AREA_STYLE ('',( #2429 ) ) ;
#3245 = DIRECTION ( 'NONE',  ( 0.000000000000000000, -1.000000000000000000, 0.000000000000000000 ) ) ;
#3246 = ORIENTED_EDGE ( 'NONE', *, *, #7745, .T. ) ;
#3247 = CARTESIAN_POINT ( 'NONE',  ( -1.699882367596703858, 0.8683655604450627452, 1.600067915099743665 ) ) ;
#3248 = ORIENTED_EDGE ( 'NONE', *, *, #5959, .F. ) ;
#3249 = DIRECTION ( 'NONE',  ( 0.000000000000000000, 0.000000000000000000, 1.000000000000000000 ) ) ;
#3250 = VECTOR ( 'NONE', #8154, 1000.000000000000000 ) ;
#3251 = EDGE_CURVE ( 'NONE', #1366, #9286, #7398, .T. ) ;
#3252 = VERTEX_POINT ( 'NONE', #8074 ) ;
#3253 = EDGE_LOOP ( 'NONE', ( #2521, #7957, #4474, #4543, #4958, #5993, #9040, #315, #5177, #8544 ) ) ;
#3254 = EDGE_CURVE ( 'NONE', #5655, #3624, #8835, .T. ) ;
#3255 = LINE ( 'NONE', #3837, #4678 ) ;
#3256 = ADVANCED_FACE ( 'NONE', ( #6771 ), #7442, .F. ) ;
#3257 = PLANE ( 'NONE',  #4288 ) ;
#3258 = SURFACE_STYLE_USAGE ( .BOTH. , #347 ) ;
#3259 = SURFACE_STYLE_USAGE ( .BOTH. , #5382 ) ;
#3260 = VERTEX_POINT ( 'NONE', #2288 ) ;
#3261 = VECTOR ( 'NONE', #3562, 1000.000000000000000 ) ;
#3262 = DIRECTION ( 'NONE',  ( 0.000000000000000000, 0.1643990016184389835, 0.9863939214466299621 ) ) ;
#3263 = VERTEX_POINT ( 'NONE', #6676 ) ;
#3264 = CARTESIAN_POINT ( 'NONE',  ( 1.574999999999999956, 0.03999999994104164874, 0.4999999999972500331 ) ) ;
#3265 = CARTESIAN_POINT ( 'NONE',  ( 1.324999999999999956, 1.644835935272310090, 1.550000000000000044 ) ) ;
#3266 = EDGE_CURVE ( 'NONE', #7755, #6912, #6731, .T. ) ;
#3267 = CYLINDRICAL_SURFACE ( 'NONE', #1095, 0.09999999992500036017 ) ;
#3268 = ORIENTED_EDGE ( 'NONE', *, *, #1228, .T. ) ;
#3269 = DIRECTION ( 'NONE',  ( 0.000000000000000000, 0.000000000000000000, 1.000000000000000000 ) ) ;
#3270 = PLANE ( 'NONE',  #728 ) ;
#3271 = PRESENTATION_LAYER_ASSIGNMENT (  '', '', ( #372 ) ) ;
#3272 = CARTESIAN_POINT ( 'NONE',  ( -1.849999999675000062, 0.000000000000000000, 0.5000000004450850799 ) ) ;
#3273 = EDGE_CURVE ( 'NONE', #9055, #475, #861, .T. ) ;
#3274 = ORIENTED_EDGE ( 'NONE', *, *, #4778, .T. ) ;
#3275 = DIRECTION ( 'NONE',  ( 0.000000000000000000, 1.000000000000000000, 0.000000000000000000 ) ) ;
#3276 =( GEOMETRIC_REPRESENTATION_CONTEXT ( 3 ) GLOBAL_UNCERTAINTY_ASSIGNED_CONTEXT ( ( #4576 ) ) GLOBAL_UNIT_ASSIGNED_CONTEXT ( ( #2678, #304, #9189 ) ) REPRESENTATION_CONTEXT ( 'NONE', 'WORKASPACE' ) );
#3277 = DIRECTION ( 'NONE',  ( 0.000000000000000000, 1.000000000000000000, 0.000000000000000000 ) ) ;
#3278 = ORIENTED_EDGE ( 'NONE', *, *, #4078, .F. ) ;
#3279 = DIRECTION ( 'NONE',  ( -1.000000000000000000, 0.000000000000000000, 0.000000000000000000 ) ) ;
#3280 = FACE_OUTER_BOUND ( 'NONE', #9464, .T. ) ;
#3281 = LINE ( 'NONE', #7822, #9158 ) ;
#3282 = CARTESIAN_POINT ( 'NONE',  ( -1.699999999664159933, 0.000000000000000000, 1.600000000193895211 ) ) ;
#3283 = VECTOR ( 'NONE', #8828, 1000.000000000000000 ) ;
#3284 = EDGE_LOOP ( 'NONE', ( #943, #8600, #3418, #4930 ) ) ;
#3285 = DIRECTION ( 'NONE',  ( 0.8707914478650282675, -0.4916525748179580435, 0.000000000000000000 ) ) ;
#3286 = CARTESIAN_POINT ( 'NONE',  ( -2.524158289669300004, 0.1016694850364084080, 1.149999999999999911 ) ) ;
#3287 = AXIS2_PLACEMENT_3D ( 'NONE', #6979, #9239, #4037 ) ;
#3288 = ORIENTED_EDGE ( 'NONE', *, *, #4188, .F. ) ;
#3289 = EDGE_CURVE ( 'NONE', #7748, #2077, #97, .T. ) ;
#3290 = AXIS2_PLACEMENT_3D ( 'NONE', #1117, #6403, #1871 ) ;
#3291 = DIRECTION ( 'NONE',  ( -1.000000000000000000, 0.000000000000000000, 0.000000000000000000 ) ) ;
#3292 = VECTOR ( 'NONE', #3900, 1000.000000000000000 ) ;
#3293 = VERTEX_POINT ( 'NONE', #235 ) ;
#3294 = CARTESIAN_POINT ( 'NONE',  ( 0.2999999999999999889, 1.197467560283236088, 1.499999999986574073 ) ) ;
#3295 = EDGE_CURVE ( 'NONE', #5743, #1956, #3682, .T. ) ;
#3296 = VECTOR ( 'NONE', #4005, 1000.000000000000000 ) ;
#3297 = CARTESIAN_POINT ( 'NONE',  ( -1.199999999999999956, 1.052467559644999939, 1.500000000000000000 ) ) ;
#3298 =( LENGTH_UNIT ( ) NAMED_UNIT ( * ) SI_UNIT ( .MILLI., .METRE. ) );
#3299 = DIRECTION ( 'NONE',  ( 0.000000000000000000, 1.000000000000000000, 0.000000000000000000 ) ) ;
#3300 = CIRCLE ( 'NONE', #8378, 0.2000000000000000944 ) ;
#3301 = ORIENTED_EDGE ( 'NONE', *, *, #8386, .T. ) ;
#3302 = DIRECTION ( 'NONE',  ( -1.000000000000000000, 0.000000000000000000, 0.000000000000000000 ) ) ;
#3303 = COLOUR_RGB ( '',0.7764705882352941346, 0.7568627450980391913, 0.7372549019607843590 ) ;
#3304 = ORIENTED_EDGE ( 'NONE', *, *, #4351, .F. ) ;
#3305 = CARTESIAN_POINT ( 'NONE',  ( 0.5999999992264859472, 1.060000000000000053, 0.4700000007735149476 ) ) ;
#3306 = VERTEX_POINT ( 'NONE', #7498 ) ;
#3307 = EDGE_LOOP ( 'NONE', ( #8045, #8465, #5989, #7920, #1986, #2334, #5972, #4934, #7977, #1052, #6774, #951 ) ) ;
#3308 = VECTOR ( 'NONE', #2026, 1000.000000000000000 ) ;
#3309 = CARTESIAN_POINT ( 'NONE',  ( 0.4999999996749999731, 0.03000000063083444954, -1.750000000122394983 ) ) ;
#3310 = DIRECTION ( 'NONE',  ( 0.000000000000000000, 0.9989685401991766911, 0.04540766116335259728 ) ) ;
#3311 = VECTOR ( 'NONE', #4484, 1000.000000000000000 ) ;
#3312 = LINE ( 'NONE', #1825, #1328 ) ;
#3313 = ADVANCED_FACE ( 'NONE', ( #3013 ), #5957, .T. ) ;
#3314 = EDGE_LOOP ( 'NONE', ( #4740, #3503, #5386, #2025, #9231 ) ) ;
#3315 = EDGE_CURVE ( 'NONE', #8697, #4713, #8885, .T. ) ;
#3316 = CARTESIAN_POINT ( 'NONE',  ( 1.149999999610896051, 1.060000000000000053, 1.750000000000000000 ) ) ;
#3317 = EDGE_LOOP ( 'NONE', ( #5337, #3112, #5264, #3358, #1192, #1075 ) ) ;
#3318 = CARTESIAN_POINT ( 'NONE',  ( 0.2999999999999999889, 1.447467560773514128, 1.499999999986574073 ) ) ;
#3319 = CARTESIAN_POINT ( 'NONE',  ( 2.150000000773514941, 0.5973644132472010204, -1.643186506918789869 ) ) ;
#3320 = DIRECTION ( 'NONE',  ( -1.000000000000000000, 0.000000000000000000, 0.000000000000000000 ) ) ;
#3321 = ORIENTED_EDGE ( 'NONE', *, *, #3427, .F. ) ;
#3322 = LINE ( 'NONE', #6273, #8653 ) ;
#3323 = AXIS2_PLACEMENT_3D ( 'NONE', #1741, #7427, #2277 ) ;
#3324 = PLANE ( 'NONE',  #4412 ) ;
#3325 = EDGE_CURVE ( 'NONE', #5203, #461, #6633, .T. ) ;
#3326 = VECTOR ( 'NONE', #1713, 1000.000000000000000 ) ;
#3327 = EDGE_LOOP ( 'NONE', ( #4303, #8755, #8794, #6573 ) ) ;
#3328 = ADVANCED_FACE ( 'NONE', ( #3202 ), #5367, .T. ) ;
#3329 = LINE ( 'NONE', #1317, #8370 ) ;
#3330 = DIRECTION ( 'NONE',  ( 1.000000000000000000, 0.000000000000000000, 0.000000000000000000 ) ) ;
#3331 = ORIENTED_EDGE ( 'NONE', *, *, #1382, .T. ) ;
#3332 = DIRECTION ( 'NONE',  ( -1.000000000000000000, 0.000000000000000000, 0.000000000000000000 ) ) ;
#3333 = VECTOR ( 'NONE', #5353, 1000.000000000000000 ) ;
#3334 = LINE ( 'NONE', #1989, #8348 ) ;
#3335 = CARTESIAN_POINT ( 'NONE',  ( 0.5999999992264859472, 1.650056147000000140, 0.4700000007735149476 ) ) ;
#3336 = LINE ( 'NONE', #3282, #4106 ) ;
#3337 = ORIENTED_EDGE ( 'NONE', *, *, #6429, .F. ) ;
#3338 = CARTESIAN_POINT ( 'NONE',  ( 2.350000000000000089, 0.8901360615659589248, 1.751643989999980056 ) ) ;
#3339 = VECTOR ( 'NONE', #9444, 1000.000000000000000 ) ;
#3340 = LINE ( 'NONE', #4739, #98 ) ;
#3341 = ORIENTED_EDGE ( 'NONE', *, *, #2291, .F. ) ;
#3342 = LINE ( 'NONE', #7056, #5630 ) ;
#3343 = ORIENTED_EDGE ( 'NONE', *, *, #5412, .F. ) ;
#3344 = DIRECTION ( 'NONE',  ( 0.000000000000000000, -1.000000000000000000, 0.000000000000000000 ) ) ;
#3345 = CARTESIAN_POINT ( 'NONE',  ( 1.699999999999999956, 0.8901360610094100068, -1.751643990056459987 ) ) ;
#3346 = LINE ( 'NONE', #1670, #4695 ) ;
#3347 = ORIENTED_EDGE ( 'NONE', *, *, #6578, .T. ) ;
#3348 = ADVANCED_FACE ( 'NONE', ( #7729 ), #9121, .F. ) ;
#3349 = DIRECTION ( 'NONE',  ( 0.000000000000000000, 0.000000000000000000, 1.000000000000000000 ) ) ;
#3350 = ORIENTED_EDGE ( 'NONE', *, *, #2711, .T. ) ;
#3351 = CARTESIAN_POINT ( 'NONE',  ( 1.149999999800000117, 0.000000000000000000, -1.600000000000000089 ) ) ;
#3352 = EDGE_LOOP ( 'NONE', ( #7675, #5105, #6380, #4293 ) ) ;
#3353 = ORIENTED_EDGE ( 'NONE', *, *, #976, .T. ) ;
#3354 = CARTESIAN_POINT ( 'NONE',  ( 2.249999999933334660, 0.4974675596940769107, 1.647727272927765219 ) ) ;
#3355 = FACE_OUTER_BOUND ( 'NONE', #4919, .T. ) ;
#3356 = DIRECTION ( 'NONE',  ( 0.000000000000000000, 0.000000000000000000, -1.000000000000000000 ) ) ;
#3357 = CARTESIAN_POINT ( 'NONE',  ( 2.342588587610479944, 1.140056147740384107, 0.3999999999642335213 ) ) ;
#3358 = ORIENTED_EDGE ( 'NONE', *, *, #7689, .F. ) ;
#3359 = DIRECTION ( 'NONE',  ( 0.000000000000000000, -0.9989685401863236391, 0.04540766144612148891 ) ) ;
#3360 = ORIENTED_EDGE ( 'NONE', *, *, #5069, .F. ) ;
#3361 = DIRECTION ( 'NONE',  ( 0.000000000000000000, 0.000000000000000000, -1.000000000000000000 ) ) ;
#3362 = CARTESIAN_POINT ( 'NONE',  ( -1.274999999962500130, 0.04000000009687509905, 0.5000000000284999802 ) ) ;
#3363 = ORIENTED_EDGE ( 'NONE', *, *, #2308, .F. ) ;
#3364 = ADVANCED_FACE ( 'NONE', ( #6918 ), #999, .F. ) ;
#3365 = FACE_OUTER_BOUND ( 'NONE', #6084, .T. ) ;
#3366 = CARTESIAN_POINT ( 'NONE',  ( -2.149999999911110127, 1.650056147000000140, -0.9000000001087259394 ) ) ;
#3367 = EDGE_CURVE ( 'NONE', #8813, #5374, #3581, .T. ) ;
#3368 = CARTESIAN_POINT ( 'NONE',  ( 0.5000000000000000000, 1.206745427975031815, -0.2778852880297599803 ) ) ;
#3369 = EDGE_LOOP ( 'NONE', ( #5942, #4679, #8872, #6870 ) ) ;
#3370 = DIRECTION ( 'NONE',  ( -1.000000000000000000, 1.761828530288943916E-15, 0.000000000000000000 ) ) ;
#3371 = CYLINDRICAL_SURFACE ( 'NONE', #3862, 0.09999999922648548922 ) ;
#3372 = ORIENTED_EDGE ( 'NONE', *, *, #5913, .F. ) ;
#3373 = LINE ( 'NONE', #8486, #1194 ) ;
#3374 = VECTOR ( 'NONE', #2029, 1000.000000000000114 ) ;
#3375 = EDGE_CURVE ( 'NONE', #3774, #8554, #5467, .T. ) ;
#3376 = LINE ( 'NONE', #8487, #665 ) ;
#3377 = DIRECTION ( 'NONE',  ( -0.7071067811865444641, -8.584845956361563023E-17, -0.7071067811865505703 ) ) ;
#3378 = EDGE_CURVE ( 'NONE', #2875, #7341, #1856, .T. ) ;
#3379 = LINE ( 'NONE', #1191, #8864 ) ;
#3380 = VERTEX_POINT ( 'NONE', #4790 ) ;
#3381 = LINE ( 'NONE', #1240, #3912 ) ;
#3382 = AXIS2_PLACEMENT_3D ( 'NONE', #2495, #3596, #9426 ) ;
#3383 = ORIENTED_EDGE ( 'NONE', *, *, #8729, .T. ) ;
#3384 = CARTESIAN_POINT ( 'NONE',  ( 1.324999999999999956, 1.400056147000000140, 1.499178201002293820 ) ) ;
#3385 = VERTEX_POINT ( 'NONE', #6962 ) ;
#3386 = CARTESIAN_POINT ( 'NONE',  ( -1.849999999675000062, 0.000000000000000000, 0.5000000004450850799 ) ) ;
#3387 = DIRECTION ( 'NONE',  ( 0.000000000000000000, 1.000000000000000000, 0.000000000000000000 ) ) ;
#3388 = CARTESIAN_POINT ( 'NONE',  ( 0.2999999999999999889, 1.197467560283236088, 2.249999999856419741 ) ) ;
#3389 = EDGE_CURVE ( 'NONE', #4371, #4916, #1149, .T. ) ;
#3390 = ORIENTED_EDGE ( 'NONE', *, *, #7622, .F. ) ;
#3391 = CARTESIAN_POINT ( 'NONE',  ( 0.5999999999999999778, 1.052467559999999969, 2.149999999999999911 ) ) ;
#3392 = VERTEX_POINT ( 'NONE', #6104 ) ;
#3393 =( NAMED_UNIT ( * ) PLANE_ANGLE_UNIT ( ) SI_UNIT ( $, .RADIAN. ) );
#3394 = ORIENTED_EDGE ( 'NONE', *, *, #8211, .F. ) ;
#3395 = ORIENTED_EDGE ( 'NONE', *, *, #2272, .F. ) ;
#3396 = DIRECTION ( 'NONE',  ( 0.000000000000000000, -1.000000000000000000, 7.228014483236690442E-15 ) ) ;
#3397 = FACE_OUTER_BOUND ( 'NONE', #2098, .T. ) ;
#3398 = DIRECTION ( 'NONE',  ( -1.000000000000000000, 0.000000000000000000, 0.000000000000000000 ) ) ;
#3399 = CARTESIAN_POINT ( 'NONE',  ( -0.1500000000374999976, 0.2000000001008594985, -0.5000000000011000090 ) ) ;
#3400 = ORIENTED_EDGE ( 'NONE', *, *, #8008, .T. ) ;
#3401 = VECTOR ( 'NONE', #9250, 1000.000000000000000 ) ;
#3402 = CARTESIAN_POINT ( 'NONE',  ( -1.574999999999949996, 0.04000000009954430419, 0.5000000000003670397 ) ) ;
#3403 = ORIENTED_EDGE ( 'NONE', *, *, #2412, .T. ) ;
#3404 = DIRECTION ( 'NONE',  ( 0.000000000000000000, 1.000000000000000000, 0.000000000000000000 ) ) ;
#3405 = CARTESIAN_POINT ( 'NONE',  ( 1.291343881156651108, 1.650037402757382088, 1.504361284727558701 ) ) ;
#3406 = EDGE_LOOP ( 'NONE', ( #8141, #5252, #9026, #8203 ) ) ;
#3407 = ADVANCED_FACE ( 'NONE', ( #9031 ), #321, .T. ) ;
#3408 = CARTESIAN_POINT ( 'NONE',  ( 0.7500000000000000000, 1.690056146999999953, 0.4700000007735149476 ) ) ;
#3409 = ORIENTED_EDGE ( 'NONE', *, *, #1968, .F. ) ;
#3410 = LINE ( 'NONE', #2066, #9321 ) ;
#3411 = ADVANCED_FACE ( 'NONE', ( #8344 ), #366, .T. ) ;
#3412 = PLANE ( 'NONE',  #1961 ) ;
#3413 = AXIS2_PLACEMENT_3D ( 'NONE', #380, #7587, #7641 ) ;
#3414 = VERTEX_POINT ( 'NONE', #3458 ) ;
#3415 = FACE_OUTER_BOUND ( 'NONE', #2155, .T. ) ;
#3416 = ORIENTED_EDGE ( 'NONE', *, *, #5590, .T. ) ;
#3417 = CARTESIAN_POINT ( 'NONE',  ( 2.299999999966665154, 1.650056147000000140, -1.391115596000000121 ) ) ;
#3418 = ORIENTED_EDGE ( 'NONE', *, *, #9516, .T. ) ;
#3419 = AXIS2_PLACEMENT_3D ( 'NONE', #4449, #9513, #7497 ) ;
#3420 = CARTESIAN_POINT ( 'NONE',  ( -0.2000000007735149854, 1.447467560773514128, 2.250000000025000002 ) ) ;
#3421 = FACE_OUTER_BOUND ( 'NONE', #5777, .T. ) ;
#3422 = DIRECTION ( 'NONE',  ( 0.000000000000000000, 0.000000000000000000, -1.000000000000000000 ) ) ;
#3423 = DIRECTION ( 'NONE',  ( -1.000000000000000000, -1.215290246266205980E-12, 0.000000000000000000 ) ) ;
#3424 = ORIENTED_EDGE ( 'NONE', *, *, #5608, .T. ) ;
#3425 =( GEOMETRIC_REPRESENTATION_CONTEXT ( 3 ) GLOBAL_UNCERTAINTY_ASSIGNED_CONTEXT ( ( #1519 ) ) GLOBAL_UNIT_ASSIGNED_CONTEXT ( ( #6782, #6689, #6642 ) ) REPRESENTATION_CONTEXT ( 'NONE', 'WORKASPACE' ) );
#3426 = LINE ( 'NONE', #6328, #3746 ) ;
#3427 = EDGE_CURVE ( 'NONE', #8421, #3041, #9162, .T. ) ;
#3428 = EDGE_LOOP ( 'NONE', ( #7451, #2953, #901, #3761, #6671 ) ) ;
#3429 = LINE ( 'NONE', #9310, #3168 ) ;
#3430 = ORIENTED_EDGE ( 'NONE', *, *, #2810, .F. ) ;
#3431 = PRESENTATION_STYLE_ASSIGNMENT (( #7102 ) ) ;
#3432 = DIRECTION ( 'NONE',  ( 0.000000000000000000, 0.000000000000000000, -1.000000000000000000 ) ) ;
#3433 = CARTESIAN_POINT ( 'NONE',  ( -1.149999999999999911, 0.000000000000000000, 1.600000000000000089 ) ) ;
#3434 = EDGE_CURVE ( 'NONE', #3470, #8462, #2560, .T. ) ;
#3435 = AXIS2_PLACEMENT_3D ( 'NONE', #4997, #51, #7361 ) ;
#3436 = ORIENTED_EDGE ( 'NONE', *, *, #5373, .T. ) ;
#3437 = EDGE_CURVE ( 'NONE', #6248, #6472, #5508, .T. ) ;
#3439 = MECHANICAL_DESIGN_GEOMETRIC_PRESENTATION_REPRESENTATION (  '', ( #5290 ), #8822 ) ;
#3438 = CARTESIAN_POINT ( 'NONE',  ( -2.322588587883234634, 1.650056147000000140, -1.475774863000000048 ) ) ;
#3440 = EDGE_LOOP ( 'NONE', ( #1777, #5513, #1286, #8430 ) ) ;
#3441 = DIRECTION ( 'NONE',  ( 0.000000000000000000, -1.000000000000000000, 0.000000000000000000 ) ) ;
#3442 = VERTEX_POINT ( 'NONE', #9383 ) ;
#3443 = DIRECTION ( 'NONE',  ( 0.000000000000000000, 0.9989685401863236391, -0.04540766144612268934 ) ) ;
#3444 = CARTESIAN_POINT ( 'NONE',  ( 2.149999999999999911, 1.650056147000000140, -0.4000000000357664676 ) ) ;
#3445 = PLANE ( 'NONE',  #7722 ) ;
#3446 = AXIS2_PLACEMENT_3D ( 'NONE', #2162, #1450, #5054 ) ;
#3447 = VECTOR ( 'NONE', #7184, 1000.000000000000000 ) ;
#3448 = CARTESIAN_POINT ( 'NONE',  ( -1.324999999999999956, 0.4974675599999999753, 1.647727273000000103 ) ) ;
#3449 = VECTOR ( 'NONE', #773, 1000.000000000000000 ) ;
#3450 = ORIENTED_EDGE ( 'NONE', *, *, #8231, .T. ) ;
#3451 = CARTESIAN_POINT ( 'NONE',  ( -2.250000000000000000, 0.5039421739999999650, 1.790168786000000178 ) ) ;
#3452 = ORIENTED_EDGE ( 'NONE', *, *, #4595, .T. ) ;
#3453 = AXIS2_PLACEMENT_3D ( 'NONE', #6492, #5189, #4454 ) ;
#3454 = CARTESIAN_POINT ( 'NONE',  ( -2.099999999496474867, 1.140056147914642048, -0.4249999999999999889 ) ) ;
#3455 = CARTESIAN_POINT ( 'NONE',  ( 2.350000000000000089, 1.140056146978333906, 0.4249999999999999889 ) ) ;
#3456 = ORIENTED_EDGE ( 'NONE', *, *, #4780, .F. ) ;
#3457 = VECTOR ( 'NONE', #1966, 1000.000000000000000 ) ;
#3458 = CARTESIAN_POINT ( 'NONE',  ( -2.350000000000000089, 0.8401360607756730436, -1.451643990037388088 ) ) ;
#3459 = LINE ( 'NONE', #3551, #9076 ) ;
#3460 = AXIS2_PLACEMENT_3D ( 'NONE', #8819, #7287, #1423 ) ;
#3461 =( LENGTH_UNIT ( ) NAMED_UNIT ( * ) SI_UNIT ( .MILLI., .METRE. ) );
#3462 = CARTESIAN_POINT ( 'NONE',  ( 0.4999999996749999731, 5.208344461619339889E-10, -1.750000000122394983 ) ) ;
#3463 = CIRCLE ( 'NONE', #4084, 0.2500000000000000000 ) ;
#3464 = ADVANCED_FACE ( 'NONE', ( #3280 ), #9342, .F. ) ;
#3465 = ORIENTED_EDGE ( 'NONE', *, *, #959, .T. ) ;
#3466 = CARTESIAN_POINT ( 'NONE',  ( 1.702847474130495087, 0.8648620626640599607, -1.599999999984359933 ) ) ;
#3467 = AXIS2_PLACEMENT_3D ( 'NONE', #67, #4569, #5344 ) ;
#3468 = VERTEX_POINT ( 'NONE', #7672 ) ;
#3469 = ADVANCED_FACE ( 'NONE', ( #5450 ), #6904, .T. ) ;
#3470 = VERTEX_POINT ( 'NONE', #274 ) ;
#3471 = DIRECTION ( 'NONE',  ( -1.000000000000000000, 0.000000000000000000, 0.000000000000000000 ) ) ;
#3472 = AXIS2_PLACEMENT_3D ( 'NONE', #1421, #4296, #2943 ) ;
#3473 = DIRECTION ( 'NONE',  ( 0.000000000000000000, -1.000000000000000000, 0.000000000000000000 ) ) ;
#3474 = DIRECTION ( 'NONE',  ( 0.000000000000000000, 0.000000000000000000, 1.000000000000000000 ) ) ;
#3475 = VECTOR ( 'NONE', #7127, 1000.000000000000000 ) ;
#3476 = DIRECTION ( 'NONE',  ( 1.000000000000000000, 0.000000000000000000, 0.000000000000000000 ) ) ;
#3477 = EDGE_LOOP ( 'NONE', ( #1796, #6433, #4616, #6554 ) ) ;
#3478 = SURFACE_STYLE_FILL_AREA ( #4197 ) ;
#3479 = AXIS2_PLACEMENT_3D ( 'NONE', #5433, #5492, #9240 ) ;
#3480 = AXIS2_PLACEMENT_3D ( 'NONE', #7430, #8346, #846 ) ;
#3481 = EDGE_LOOP ( 'NONE', ( #1748, #3902, #8508, #5567 ) ) ;
#3482 = DIRECTION ( 'NONE',  ( 1.000000000000000000, 0.000000000000000000, 0.000000000000000000 ) ) ;
#3483 = VERTEX_POINT ( 'NONE', #2782 ) ;
#3484 = DIRECTION ( 'NONE',  ( -1.000000000000000000, 0.000000000000000000, 0.000000000000000000 ) ) ;
#3485 = CARTESIAN_POINT ( 'NONE',  ( 2.150000000706850045, 0.5973644132555430142, 1.643186507102319949 ) ) ;
#3486 = EDGE_CURVE ( 'NONE', #4116, #3812, #1842, .T. ) ;
#3487 = EDGE_CURVE ( 'NONE', #5525, #2109, #9061, .T. ) ;
#3488 = EDGE_CURVE ( 'NONE', #2281, #5397, #4984, .T. ) ;
#3489 =( GEOMETRIC_REPRESENTATION_CONTEXT ( 3 ) GLOBAL_UNCERTAINTY_ASSIGNED_CONTEXT ( ( #276 ) ) GLOBAL_UNIT_ASSIGNED_CONTEXT ( ( #3997, #3951, #6898 ) ) REPRESENTATION_CONTEXT ( 'NONE', 'WORKASPACE' ) );
#3490 = ORIENTED_EDGE ( 'NONE', *, *, #3206, .T. ) ;
#3491 = CARTESIAN_POINT ( 'NONE',  ( 1.199999999250000116, 1.060000000000000053, 1.500000000000000000 ) ) ;
#3492 = ORIENTED_EDGE ( 'NONE', *, *, #388, .T. ) ;
#3493 = SURFACE_STYLE_FILL_AREA ( #6110 ) ;
#3494 = MECHANICAL_DESIGN_GEOMETRIC_PRESENTATION_REPRESENTATION (  '', ( #4726 ), #9345 ) ;
#3495 = EDGE_LOOP ( 'NONE', ( #7784, #2939, #7312, #2864, #9509 ) ) ;
#3496 = CARTESIAN_POINT ( 'NONE',  ( -1.699999999999999956, 1.240192378864667822, -1.750000000000000000 ) ) ;
#3497 = DIRECTION ( 'NONE',  ( -1.000000000000000000, 0.000000000000000000, 0.000000000000000000 ) ) ;
#3498 = EDGE_CURVE ( 'NONE', #6590, #825, #4776, .T. ) ;
#3499 = CARTESIAN_POINT ( 'NONE',  ( 1.800000000000000044, 0.03999999994104164874, 0.4999999999972500331 ) ) ;
#3500 = EDGE_CURVE ( 'NONE', #284, #1272, #2017, .T. ) ;
#3501 = EDGE_CURVE ( 'NONE', #769, #6447, #5399, .T. ) ;
#3502 = CARTESIAN_POINT ( 'NONE',  ( 0.01010418081077514053, 0.5950280735000669230, 0.2000000000000000111 ) ) ;
#3503 = ORIENTED_EDGE ( 'NONE', *, *, #8211, .T. ) ;
#3504 = DIRECTION ( 'NONE',  ( 0.000000000000000000, 0.000000000000000000, -1.000000000000000000 ) ) ;
#3505 = EDGE_LOOP ( 'NONE', ( #6205, #5536, #1152, #1157 ) ) ;
#3506 = LINE ( 'NONE', #1170, #6989 ) ;
#3507 = LINE ( 'NONE', #8657, #6842 ) ;
#3508 = LINE ( 'NONE', #9384, #788 ) ;
#3509 = FILL_AREA_STYLE ('',( #2880 ) ) ;
#3510 = CARTESIAN_POINT ( 'NONE',  ( 1.275000000037500136, 0.05000000000000000278, -0.2000000000000000111 ) ) ;
#3511 = EDGE_LOOP ( 'NONE', ( #6480, #8739, #5278, #5613 ) ) ;
#3512 = EDGE_CURVE ( 'NONE', #3468, #1297, #7892, .T. ) ;
#3513 = CYLINDRICAL_SURFACE ( 'NONE', #6374, 0.09999999922648533657 ) ;
#3514 = VERTEX_POINT ( 'NONE', #1309 ) ;
#3515 = CARTESIAN_POINT ( 'NONE',  ( -1.324999999999999956, 1.400056147000000140, 1.499178201002293820 ) ) ;
#3516 = CARTESIAN_POINT ( 'NONE',  ( -0.7500000000000000000, 1.650056147000000140, -0.6500000000000000222 ) ) ;
#3517 = ORIENTED_EDGE ( 'NONE', *, *, #7417, .T. ) ;
#3518 = CARTESIAN_POINT ( 'NONE',  ( -1.750000000120085053, 0.000000000000000000, -0.5999999994999999364 ) ) ;
#3519 = DIRECTION ( 'NONE',  ( 0.000000000000000000, 0.000000000000000000, -1.000000000000000000 ) ) ;
#3520 = CARTESIAN_POINT ( 'NONE',  ( 1.699999999999999956, 0.8401360609999999340, 1.451643989999999995 ) ) ;
#3521 = ADVANCED_FACE ( 'NONE', ( #6452 ), #7177, .T. ) ;
#3522 = CARTESIAN_POINT ( 'NONE',  ( 0.2999999999999999889, 1.197467560283236088, 2.150000000798514943 ) ) ;
#3523 = EDGE_CURVE ( 'NONE', #2511, #6778, #3507, .T. ) ;
#3524 = EDGE_LOOP ( 'NONE', ( #3337, #7659, #1720, #9263 ) ) ;
#3525 = LINE ( 'NONE', #7967, #8678 ) ;
#3526 = ORIENTED_EDGE ( 'NONE', *, *, #2116, .T. ) ;
#3527 = CARTESIAN_POINT ( 'NONE',  ( -2.350000000096295061, 0.000000000000000000, -1.149999999999999911 ) ) ;
#3528 = ORIENTED_EDGE ( 'NONE', *, *, #8280, .F. ) ;
#3529 = UNCERTAINTY_MEASURE_WITH_UNIT (LENGTH_MEASURE( 1.000000000000000082E-05 ), #121, 'distance_accuracy_value', 'NONE');
#3530 = DIRECTION ( 'NONE',  ( 1.000000000000000000, 0.000000000000000000, 0.000000000000000000 ) ) ;
#3531 = LINE ( 'NONE', #5173, #3179 ) ;
#3532 = STYLED_ITEM ( 'NONE', ( #5539 ), #1557 ) ;
#3533 = VECTOR ( 'NONE', #4718, 1000.000000000000000 ) ;
#3534 = VERTEX_POINT ( 'NONE', #983 ) ;
#3535 = LINE ( 'NONE', #5036, #4226 ) ;
#3536 = EDGE_LOOP ( 'NONE', ( #3764, #3966, #5523, #8054 ) ) ;
#3537 = EDGE_CURVE ( 'NONE', #8214, #1440, #1495, .T. ) ;
#3538 = VERTEX_POINT ( 'NONE', #7990 ) ;
#3539 =( NAMED_UNIT ( * ) SI_UNIT ( $, .STERADIAN. ) SOLID_ANGLE_UNIT ( ) );
#3540 = CARTESIAN_POINT ( 'NONE',  ( -2.149999999496474690, 1.650056147000000140, 0.4000000000491790164 ) ) ;
#3541 = CARTESIAN_POINT ( 'NONE',  ( -0.7500000000000000000, 1.060000000000000053, -0.6500000000000000222 ) ) ;
#3542 = DIRECTION ( 'NONE',  ( 1.000000000000000000, 0.000000000000000000, 0.000000000000000000 ) ) ;
#3543 = ORIENTED_EDGE ( 'NONE', *, *, #847, .F. ) ;
#3544 = APPLICATION_CONTEXT ( 'automotive_design' ) ;
#3545 = FACE_OUTER_BOUND ( 'NONE', #6482, .T. ) ;
#3546 = ORIENTED_EDGE ( 'NONE', *, *, #1500, .F. ) ;
#3547 = EDGE_CURVE ( 'NONE', #3989, #6438, #2922, .T. ) ;
#3548 = CARTESIAN_POINT ( 'NONE',  ( 1.800000000000000044, 0.03999999994104164874, 0.4999999999972500331 ) ) ;
#3549 = ORIENTED_EDGE ( 'NONE', *, *, #7082, .T. ) ;
#3550 = CARTESIAN_POINT ( 'NONE',  ( -1.699999999999999956, 0.000000000000000000, 1.600000000000000089 ) ) ;
#3551 = CARTESIAN_POINT ( 'NONE',  ( 1.849999999675000062, 4.947919226321080201E-10, -0.5999999999936839190 ) ) ;
#3552 = DIRECTION ( 'NONE',  ( -1.000000000000000000, 0.000000000000000000, 0.000000000000000000 ) ) ;
#3553 = CARTESIAN_POINT ( 'NONE',  ( 0.7500000000000000000, 1.060000000000000053, -0.5800000007735149898 ) ) ;
#3554 = ORIENTED_EDGE ( 'NONE', *, *, #1623, .T. ) ;
#3555 = CARTESIAN_POINT ( 'NONE',  ( 2.299999999966665154, 1.690056146999999953, -0.9000000000924819332 ) ) ;
#3556 = VERTEX_POINT ( 'NONE', #730 ) ;
#3557 = CARTESIAN_POINT ( 'NONE',  ( 1.200000000299999980, 1.547467560000000075, 2.250000000000000000 ) ) ;
#3558 = ADVANCED_FACE ( 'NONE', ( #5048 ), #8087, .F. ) ;
#3559 = LINE ( 'NONE', #555, #5402 ) ;
#3560 = EDGE_LOOP ( 'NONE', ( #3543, #808, #1046, #6085 ) ) ;
#3561 = CARTESIAN_POINT ( 'NONE',  ( 2.575841710426994613, 0.5999999999999999778, 0.5500000000000000444 ) ) ;
#3562 = DIRECTION ( 'NONE',  ( 0.000000000000000000, 0.000000000000000000, 1.000000000000000000 ) ) ;
#3563 = CARTESIAN_POINT ( 'NONE',  ( -1.575000000000145173, 0.2000000001055445009, 0.2000000000000000111 ) ) ;
#3564 = AXIS2_PLACEMENT_3D ( 'NONE', #5898, #5230, #4451 ) ;
#3565 = EDGE_CURVE ( 'NONE', #4713, #2, #2205, .T. ) ;
#3566 = LINE ( 'NONE', #747, #2872 ) ;
#3567 = ORIENTED_EDGE ( 'NONE', *, *, #7043, .T. ) ;
#3568 = PLANE ( 'NONE',  #4666 ) ;
#3569 = VECTOR ( 'NONE', #423, 999.9999999999998863 ) ;
#3570 = VERTEX_POINT ( 'NONE', #819 ) ;
#3571 = CARTESIAN_POINT ( 'NONE',  ( -1.799999999887499813, 0.04000000009687509905, 0.5000000000284999802 ) ) ;
#3572 = ORIENTED_EDGE ( 'NONE', *, *, #3726, .T. ) ;
#3573 = CARTESIAN_POINT ( 'NONE',  ( -1.799999999887499813, 0.03000000011000010167, 0.5000000000284999802 ) ) ;
#3574 = AXIS2_PLACEMENT_3D ( 'NONE', #8233, #1681, #7365 ) ;
#3575 = EDGE_CURVE ( 'NONE', #9286, #3468, #6497, .T. ) ;
#3576 = ORIENTED_EDGE ( 'NONE', *, *, #4076, .F. ) ;
#3577 = DIRECTION ( 'NONE',  ( -1.000000000000000000, 0.000000000000000000, 0.000000000000000000 ) ) ;
#3578 = ORIENTED_EDGE ( 'NONE', *, *, #6263, .T. ) ;
#3579 = DIRECTION ( 'NONE',  ( 0.000000000000000000, 1.000000000000000000, 0.000000000000000000 ) ) ;
#3580 = EDGE_CURVE ( 'NONE', #1981, #2047, #6640, .T. ) ;
#3581 = CIRCLE ( 'NONE', #359, 0.09999999922648547535 ) ;
#3582 = ORIENTED_EDGE ( 'NONE', *, *, #2232, .T. ) ;
#3583 = DIRECTION ( 'NONE',  ( 0.000000000000000000, 0.000000000000000000, -1.000000000000000000 ) ) ;
#3584 = CARTESIAN_POINT ( 'NONE',  ( 2.150000000773514941, 0.6038390272555429483, -1.785628020102320024 ) ) ;
#3585 = DIRECTION ( 'NONE',  ( 1.000000000000000000, 0.000000000000000000, 0.000000000000000000 ) ) ;
#3586 = DIRECTION ( 'NONE',  ( -1.000000000000000000, -1.215290246266205980E-12, 0.000000000000000000 ) ) ;
#3587 = AXIS2_PLACEMENT_3D ( 'NONE', #7932, #1428, #8644 ) ;
#3588 = ORIENTED_EDGE ( 'NONE', *, *, #174, .F. ) ;
#3589 = DIRECTION ( 'NONE',  ( 1.000000000000000000, 0.000000000000000000, 0.000000000000000000 ) ) ;
#3590 = EDGE_LOOP ( 'NONE', ( #1292, #7057, #5383, #3687, #6859, #2723 ) ) ;
#3591 = LINE ( 'NONE', #3548, #6373 ) ;
#3592 = EDGE_LOOP ( 'NONE', ( #7703, #6735, #4765, #3622, #933 ) ) ;
#3593 = VECTOR ( 'NONE', #594, 1000.000000000000114 ) ;
#3594 = VECTOR ( 'NONE', #737, 1000.000000000000000 ) ;
#3595 = LINE ( 'NONE', #1360, #5755 ) ;
#3596 = DIRECTION ( 'NONE',  ( 0.000000000000000000, 0.000000000000000000, 1.000000000000000000 ) ) ;
#3597 = VECTOR ( 'NONE', #9009, 1000.000000000000000 ) ;
#3598 = VECTOR ( 'NONE', #391, 1000.000000000000000 ) ;
#3599 = DIRECTION ( 'NONE',  ( 1.000000000000000000, 8.340016647272999943E-16, 0.000000000000000000 ) ) ;
#3600 = EDGE_CURVE ( 'NONE', #4267, #5249, #5772, .T. ) ;
#3601 = EDGE_CURVE ( 'NONE', #4101, #6367, #6687, .T. ) ;
#3602 =( GEOMETRIC_REPRESENTATION_CONTEXT ( 3 ) GLOBAL_UNCERTAINTY_ASSIGNED_CONTEXT ( ( #2458 ) ) GLOBAL_UNIT_ASSIGNED_CONTEXT ( ( #1672, #241, #8225 ) ) REPRESENTATION_CONTEXT ( 'NONE', 'WORKASPACE' ) );
#3603 = VERTEX_POINT ( 'NONE', #4459 ) ;
#3604 = CARTESIAN_POINT ( 'NONE',  ( -1.324999999999999956, 1.060000000000000053, 1.550000000000000044 ) ) ;
#3605 = VERTEX_POINT ( 'NONE', #7262 ) ;
#3606 = FACE_OUTER_BOUND ( 'NONE', #6256, .T. ) ;
#3607 = VECTOR ( 'NONE', #3484, 1000.000000000000000 ) ;
#3608 = DIRECTION ( 'NONE',  ( -1.000000000000000000, 0.000000000000000000, 0.000000000000000000 ) ) ;
#3609 = ORIENTED_EDGE ( 'NONE', *, *, #8372, .T. ) ;
#3610 = PLANE ( 'NONE',  #8613 ) ;
#3611 = LINE ( 'NONE', #648, #3261 ) ;
#3612 = FACE_OUTER_BOUND ( 'NONE', #431, .T. ) ;
#3613 = VECTOR ( 'NONE', #4490, 1000.000000000000000 ) ;
#3614 = EDGE_CURVE ( 'NONE', #6308, #1653, #3595, .T. ) ;
#3615 = LINE ( 'NONE', #9495, #6274 ) ;
#3616 = AXIS2_PLACEMENT_3D ( 'NONE', #2512, #4625, #7007 ) ;
#3617 = EDGE_CURVE ( 'NONE', #6239, #7556, #5297, .T. ) ;
#3618 = DIRECTION ( 'NONE',  ( -1.000000000000000000, 0.000000000000000000, 0.000000000000000000 ) ) ;
#3619 = VECTOR ( 'NONE', #7718, 1000.000000000000114 ) ;
#3620 = EDGE_LOOP ( 'NONE', ( #3729, #1387, #7638 ) ) ;
#3621 = FACE_OUTER_BOUND ( 'NONE', #5058, .T. ) ;
#3622 = ORIENTED_EDGE ( 'NONE', *, *, #3875, .T. ) ;
#3623 = DIRECTION ( 'NONE',  ( 1.215288991440558167E-12, -1.000000000000000000, 9.166661705667149492E-12 ) ) ;
#3624 = VERTEX_POINT ( 'NONE', #8709 ) ;
#3625 = UNCERTAINTY_MEASURE_WITH_UNIT (LENGTH_MEASURE( 1.000000000000000082E-05 ), #1320, 'distance_accuracy_value', 'NONE');
#3626 = DIRECTION ( 'NONE',  ( -1.000000000000000000, 0.000000000000000000, 0.000000000000000000 ) ) ;
#3627 = CARTESIAN_POINT ( 'NONE',  ( -2.099999999496474867, 1.140056147914642048, -0.4249999999999999889 ) ) ;
#3628 = VECTOR ( 'NONE', #8445, 1000.000000000000000 ) ;
#3629 = VECTOR ( 'NONE', #500, 1000.000000000000000 ) ;
#3630 = ORIENTED_EDGE ( 'NONE', *, *, #5057, .F. ) ;
#3631 = DIRECTION ( 'NONE',  ( -1.000000000000000000, 0.000000000000000000, 0.000000000000000000 ) ) ;
#3632 = VERTEX_POINT ( 'NONE', #7363 ) ;
#3633 = DIRECTION ( 'NONE',  ( 3.041483732678591000E-15, -0.04540765932803041138, -0.9989685402826004035 ) ) ;
#3634 = ORIENTED_EDGE ( 'NONE', *, *, #5428, .T. ) ;
#3635 = PLANE ( 'NONE',  #857 ) ;
#3636 = CARTESIAN_POINT ( 'NONE',  ( 1.699999999999999956, 0.8800561470000000108, 1.630336881999999932 ) ) ;
#3637 = VECTOR ( 'NONE', #4151, 1000.000000000000000 ) ;
#3638 = FILL_AREA_STYLE_COLOUR ( '', #2085 ) ;
#3639 = EDGE_CURVE ( 'NONE', #9452, #5070, #4416, .T. ) ;
#3640 = ORIENTED_EDGE ( 'NONE', *, *, #8108, .F. ) ;
#3641 = PLANE ( 'NONE',  #8836 ) ;
#3642 = VECTOR ( 'NONE', #7665, 1000.000000000000114 ) ;
#3643 = EDGE_LOOP ( 'NONE', ( #4079, #7229, #5866, #4060 ) ) ;
#3644 = FACE_OUTER_BOUND ( 'NONE', #9387, .T. ) ;
#3645 = ORIENTED_EDGE ( 'NONE', *, *, #2761, .T. ) ;
#3646 = LINE ( 'NONE', #2254, #82 ) ;
#3647 = LINE ( 'NONE', #4948, #8916 ) ;
#3648 =( NAMED_UNIT ( * ) SI_UNIT ( $, .STERADIAN. ) SOLID_ANGLE_UNIT ( ) );
#3649 = DIRECTION ( 'NONE',  ( 0.000000000000000000, -0.1643990035215634471, -0.9863939211294425746 ) ) ;
#3650 = CARTESIAN_POINT ( 'NONE',  ( 1.700000000505180076, 1.060000000000000053, 1.600000000000000089 ) ) ;
#3651 = ORIENTED_EDGE ( 'NONE', *, *, #1786, .T. ) ;
#3652 = CARTESIAN_POINT ( 'NONE',  ( 1.150000000049999915, 1.052467559999999969, 2.149999999999999911 ) ) ;
#3653 = EDGE_CURVE ( 'NONE', #6708, #9382, #2969, .T. ) ;
#3654 = ORIENTED_EDGE ( 'NONE', *, *, #4263, .F. ) ;
#3655 = CARTESIAN_POINT ( 'NONE',  ( 1.959807621225000407, 0.8401360609999999340, -1.451643989999999995 ) ) ;
#3656 = CARTESIAN_POINT ( 'NONE',  ( 1.199999999999999956, 1.060000000000000053, 1.599999999875000078 ) ) ;
#3657 = ORIENTED_EDGE ( 'NONE', *, *, #2371, .T. ) ;
#3658 = EDGE_CURVE ( 'NONE', #7118, #3815, #7, .T. ) ;
#3659 = CARTESIAN_POINT ( 'NONE',  ( 1.322527229999999943, 1.060000000000000053, 1.541603168000000190 ) ) ;
#3660 = DIRECTION ( 'NONE',  ( 0.000000000000000000, 0.000000000000000000, -1.000000000000000000 ) ) ;
#3661 = PLANE ( 'NONE',  #2849 ) ;
#3662 = DIRECTION ( 'NONE',  ( 0.000000000000000000, -1.000000000000000000, 0.000000000000000000 ) ) ;
#3663 = CARTESIAN_POINT ( 'NONE',  ( -1.700000000033335068, 1.240192378864667822, -1.750000000000000000 ) ) ;
#3664 = ORIENTED_EDGE ( 'NONE', *, *, #3193, .F. ) ;
#3665 = CARTESIAN_POINT ( 'NONE',  ( 1.449999999999999956, 0.5039421739999999650, -1.790168786000000178 ) ) ;
#3666 = ADVANCED_FACE ( 'NONE', ( #5094 ), #7314, .F. ) ;
#3667 = ORIENTED_EDGE ( 'NONE', *, *, #3118, .F. ) ;
#3668 = MECHANICAL_DESIGN_GEOMETRIC_PRESENTATION_REPRESENTATION (  '', ( #1531 ), #2899 ) ;
#3669 = EDGE_CURVE ( 'NONE', #7955, #6290, #3646, .T. ) ;
#3670 = ADVANCED_FACE ( 'NONE', ( #7404 ), #6612, .F. ) ;
#3671 = CARTESIAN_POINT ( 'NONE',  ( -1.959807619575550275, 0.8149549291152309305, -1.455840845739601930 ) ) ;
#3672 = ORIENTED_EDGE ( 'NONE', *, *, #6216, .T. ) ;
#3673 = CARTESIAN_POINT ( 'NONE',  ( -1.575000000000145173, 0.2000000000991274951, -0.5000000000011000090 ) ) ;
#3674 = DIRECTION ( 'NONE',  ( 0.000000000000000000, -0.04540766116335119562, 0.9989685401991768021 ) ) ;
#3675 = ORIENTED_EDGE ( 'NONE', *, *, #6124, .F. ) ;
#3676 = ORIENTED_EDGE ( 'NONE', *, *, #3095, .F. ) ;
#3677 = EDGE_CURVE ( 'NONE', #3538, #4719, #915, .T. ) ;
#3678 = LINE ( 'NONE', #2240, #271 ) ;
#3679 = EDGE_LOOP ( 'NONE', ( #1696, #7925, #5477, #9350 ) ) ;
#3680 = CARTESIAN_POINT ( 'NONE',  ( -2.099999999496474867, 1.140056147914642048, 0.4249999999999999889 ) ) ;
#3681 = DIRECTION ( 'NONE',  ( 0.000000000000000000, 1.000000000000000000, 0.000000000000000000 ) ) ;
#3682 = LINE ( 'NONE', #4547, #8206 ) ;
#3683 = EDGE_CURVE ( 'NONE', #6438, #5882, #8178, .T. ) ;
#3684 = CARTESIAN_POINT ( 'NONE',  ( -1.699999999999999956, 1.499999999738714118, 1.521793619773354811 ) ) ;
#3685 = ORIENTED_EDGE ( 'NONE', *, *, #4368, .T. ) ;
#3686 = LINE ( 'NONE', #8131, #2834 ) ;
#3687 = ORIENTED_EDGE ( 'NONE', *, *, #5073, .T. ) ;
#3688 = PLANE ( 'NONE',  #1306 ) ;
#3689 = AXIS2_PLACEMENT_3D ( 'NONE', #5434, #6939, #1174 ) ;
#3690 = ORIENTED_EDGE ( 'NONE', *, *, #5664, .F. ) ;
#3691 = CARTESIAN_POINT ( 'NONE',  ( -0.7500000000000000000, 1.153942174276747945, -1.760623331319234985 ) ) ;
#3692 = LINE ( 'NONE', #2396, #3843 ) ;
#3693 = PLANE ( 'NONE',  #7888 ) ;
#3694 = DIRECTION ( 'NONE',  ( 0.000000000000000000, -1.000000000000000000, 0.000000000000000000 ) ) ;
#3695 = CARTESIAN_POINT ( 'NONE',  ( 1.199999999250000116, 1.060000000000000053, 1.500000000000000000 ) ) ;
#3696 = ORIENTED_EDGE ( 'NONE', *, *, #1499, .T. ) ;
#3697 = CARTESIAN_POINT ( 'NONE',  ( 2.149999999999999911, 1.500000000000000000, 0.4249999999999999889 ) ) ;
#3698 = EDGE_LOOP ( 'NONE', ( #3526, #4347, #1437, #5770 ) ) ;
#3699 = EDGE_CURVE ( 'NONE', #1852, #2465, #3255, .T. ) ;
#3700 =( NAMED_UNIT ( * ) SI_UNIT ( $, .STERADIAN. ) SOLID_ANGLE_UNIT ( ) );
#3701 = FACE_OUTER_BOUND ( 'NONE', #8704, .T. ) ;
#3702 = VERTEX_POINT ( 'NONE', #6160 ) ;
#3703 = ADVANCED_FACE ( 'NONE', ( #301 ), #6740, .F. ) ;
#3704 = DIRECTION ( 'NONE',  ( 0.000000000000000000, 0.000000000000000000, 1.000000000000000000 ) ) ;
#3705 = LINE ( 'NONE', #6654, #213 ) ;
#3706 = LINE ( 'NONE', #2936, #9311 ) ;
#3707 = CARTESIAN_POINT ( 'NONE',  ( -1.799999999887499813, 0.03999999998249999938, -0.5000000000027500224 ) ) ;
#3708 = ORIENTED_EDGE ( 'NONE', *, *, #6161, .T. ) ;
#3709 = DIRECTION ( 'NONE',  ( -1.000000000000000000, 0.000000000000000000, 0.000000000000000000 ) ) ;
#3710 = CARTESIAN_POINT ( 'NONE',  ( 2.342588587610479944, 1.590056147773514894, 0.3999999999642335213 ) ) ;
#3711 = ORIENTED_EDGE ( 'NONE', *, *, #1991, .F. ) ;
#3712 = CARTESIAN_POINT ( 'NONE',  ( 2.350000000096295061, 0.000000000000000000, -1.149999999999999911 ) ) ;
#3713 = ORIENTED_EDGE ( 'NONE', *, *, #8659, .T. ) ;
#3714 = CARTESIAN_POINT ( 'NONE',  ( -2.250000000000000000, 0.8699944795420410104, 1.630794225498965133 ) ) ;
#3715 = CARTESIAN_POINT ( 'NONE',  ( 0.5106971445495069872, 1.060000000000000053, -0.6250000000932030009 ) ) ;
#3716 = EDGE_CURVE ( 'NONE', #5985, #3483, #2439, .T. ) ;
#3717 = VECTOR ( 'NONE', #8245, 1000.000000000000000 ) ;
#3718 = ORIENTED_EDGE ( 'NONE', *, *, #2001, .T. ) ;
#3719 = LINE ( 'NONE', #3919, #2993 ) ;
#3720 = ORIENTED_EDGE ( 'NONE', *, *, #9447, .T. ) ;
#3721 = CARTESIAN_POINT ( 'NONE',  ( 1.199999999887499724, 1.547467559811365190, 1.500000000000000000 ) ) ;
#3722 = ORIENTED_EDGE ( 'NONE', *, *, #2071, .F. ) ;
#3723 = DIRECTION ( 'NONE',  ( -1.000000000000000000, 0.000000000000000000, 0.000000000000000000 ) ) ;
#3724 = VECTOR ( 'NONE', #5050, 1000.000000000000000 ) ;
#3725 = CARTESIAN_POINT ( 'NONE',  ( -2.342588587496474695, 1.690056146948334836, 0.4000000000491790164 ) ) ;
#3726 = EDGE_CURVE ( 'NONE', #6514, #9306, #1963, .T. ) ;
#3727 = DIRECTION ( 'NONE',  ( 0.4916525748179580435, -0.8707914478650282675, 0.000000000000000000 ) ) ;
#3728 = EDGE_CURVE ( 'NONE', #6925, #3834, #7696, .T. ) ;
#3729 = ORIENTED_EDGE ( 'NONE', *, *, #6982, .T. ) ;
#3730 = VECTOR ( 'NONE', #3398, 1000.000000000000000 ) ;
#3731 = CARTESIAN_POINT ( 'NONE',  ( -0.7500000000000000000, 1.147467560013382126, -1.618181818294389895 ) ) ;
#3732 = EDGE_LOOP ( 'NONE', ( #5007, #2674, #4003, #3456 ) ) ;
#3733 = CARTESIAN_POINT ( 'NONE',  ( 1.275000000000000133, 1.650056147000000140, 1.500000000000000000 ) ) ;
#3734 = VERTEX_POINT ( 'NONE', #3309 ) ;
#3735 = CARTESIAN_POINT ( 'NONE',  ( 1.275000000000000133, 6.887655391691390072, 1.500000000000000000 ) ) ;
#3736 = CARTESIAN_POINT ( 'NONE',  ( -2.350000000096295061, 0.000000000000000000, 0.5500000000000000444 ) ) ;
#3737 = SURFACE_STYLE_USAGE ( .BOTH. , #6742 ) ;
#3738 = FACE_OUTER_BOUND ( 'NONE', #629, .T. ) ;
#3739 = DIRECTION ( 'NONE',  ( 0.000000000000000000, 0.000000000000000000, -1.000000000000000000 ) ) ;
#3740 = ORIENTED_EDGE ( 'NONE', *, *, #7906, .F. ) ;
#3741 = FACE_OUTER_BOUND ( 'NONE', #6054, .T. ) ;
#3742 = VECTOR ( 'NONE', #1007, 1000.000000000000000 ) ;
#3743 = ORIENTED_EDGE ( 'NONE', *, *, #9317, .F. ) ;
#3744 = VECTOR ( 'NONE', #5823, 1000.000000000000000 ) ;
#3745 = CARTESIAN_POINT ( 'NONE',  ( 2.249999999933334660, 0.8699944330148360327, 1.630794233034259966 ) ) ;
#3746 = VECTOR ( 'NONE', #5653, 1000.000000000000000 ) ;
#3747 = CARTESIAN_POINT ( 'NONE',  ( 0.7500000009999999717, 1.153942174276747945, -1.760623331319234985 ) ) ;
#3748 = AXIS2_PLACEMENT_3D ( 'NONE', #4050, #422, #4229 ) ;
#3749 = LINE ( 'NONE', #6791, #9103 ) ;
#3750 = CARTESIAN_POINT ( 'NONE',  ( -2.350000000000000089, 0.9000000000801290367, -1.750000000000000000 ) ) ;
#3751 = LINE ( 'NONE', #7565, #5031 ) ;
#3752 = MECHANICAL_DESIGN_GEOMETRIC_PRESENTATION_REPRESENTATION (  '', ( #5759 ), #237 ) ;
#3753 = EDGE_CURVE ( 'NONE', #9039, #502, #9276, .T. ) ;
#3754 = VECTOR ( 'NONE', #3302, 1000.000000000000000 ) ;
#3755 = MECHANICAL_DESIGN_GEOMETRIC_PRESENTATION_REPRESENTATION (  '', ( #6698 ), #4374 ) ;
#3756 = ORIENTED_EDGE ( 'NONE', *, *, #2001, .F. ) ;
#3757 = EDGE_CURVE ( 'NONE', #1546, #7171, #1253, .T. ) ;
#3758 = DIRECTION ( 'NONE',  ( 0.000000000000000000, -7.228014483236699908E-15, -1.000000000000000000 ) ) ;
#3759 = VECTOR ( 'NONE', #4015, 1000.000000000000000 ) ;
#3760 = FACE_OUTER_BOUND ( 'NONE', #7044, .T. ) ;
#3761 = ORIENTED_EDGE ( 'NONE', *, *, #6766, .F. ) ;
#3762 = VECTOR ( 'NONE', #7391, 1000.000000000000000 ) ;
#3763 = FACE_OUTER_BOUND ( 'NONE', #5013, .T. ) ;
#3764 = ORIENTED_EDGE ( 'NONE', *, *, #9501, .T. ) ;
#3765 = VECTOR ( 'NONE', #7511, 1000.000000000000000 ) ;
#3766 = DIRECTION ( 'NONE',  ( 0.000000000000000000, 0.000000000000000000, -1.000000000000000000 ) ) ;
#3767 = CIRCLE ( 'NONE', #1023, 0.09999999922648551698 ) ;
#3768 = LINE ( 'NONE', #6718, #1799 ) ;
#3769 = EDGE_LOOP ( 'NONE', ( #7251, #7422, #556, #8383 ) ) ;
#3770 = ORIENTED_EDGE ( 'NONE', *, *, #2202, .T. ) ;
#3771 = DIRECTION ( 'NONE',  ( 0.000000000000000000, 0.000000000000000000, -1.000000000000000000 ) ) ;
#3772 = AXIS2_PLACEMENT_3D ( 'NONE', #2983, #2269, #4471 ) ;
#3773 = ADVANCED_FACE ( 'NONE', ( #5481 ), #4851, .F. ) ;
#3774 = VERTEX_POINT ( 'NONE', #4027 ) ;
#3775 = CARTESIAN_POINT ( 'NONE',  ( -0.7500000000000000000, 1.253942173968593865, -1.756077876763244783 ) ) ;
#3776 = VERTEX_POINT ( 'NONE', #8603 ) ;
#3777 = EDGE_CURVE ( 'NONE', #5558, #8778, #2535, .T. ) ;
#3778 = PLANE ( 'NONE',  #5454 ) ;
#3779 = EDGE_CURVE ( 'NONE', #3915, #2633, #7880, .T. ) ;
#3780 = CARTESIAN_POINT ( 'NONE',  ( -1.699999999664159933, 0.000000000000000000, -1.599999999666665174 ) ) ;
#3781 = VECTOR ( 'NONE', #8959, 1000.000000000000000 ) ;
#3782 = CARTESIAN_POINT ( 'NONE',  ( -1.700000000635579767, 1.500000000010695000, -1.576215873416785040 ) ) ;
#3783 = ADVANCED_FACE ( 'NONE', ( #7798 ), #6395, .T. ) ;
#3784 = COLOUR_RGB ( '',0.7764705882352941346, 0.7568627450980391913, 0.7372549019607843590 ) ;
#3785 = CARTESIAN_POINT ( 'NONE',  ( 1.149999999999999911, -1.355252715606880080E-17, -1.750000000000000000 ) ) ;
#3786 = EDGE_LOOP ( 'NONE', ( #9370, #5502, #8449, #9165, #8253, #299, #9099, #8359, #7491, #3936, #9137 ) ) ;
#3787 = LINE ( 'NONE', #7501, #5911 ) ;
#3788 = AXIS2_PLACEMENT_3D ( 'NONE', #1925, #9196, #310 ) ;
#3789 = ORIENTED_EDGE ( 'NONE', *, *, #7965, .T. ) ;
#3790 = CARTESIAN_POINT ( 'NONE',  ( 1.149999999999999911, 0.000000000000000000, -1.600000000000000089 ) ) ;
#3791 = EDGE_CURVE ( 'NONE', #3603, #712, #5529, .T. ) ;
#3792 = AXIS2_PLACEMENT_3D ( 'NONE', #4485, #8300, #1701 ) ;
#3793 = EDGE_LOOP ( 'NONE', ( #3845, #9439, #6620, #8065, #4104, #784, #8174 ) ) ;
#3794 = EDGE_CURVE ( 'NONE', #6947, #5357, #1298, .T. ) ;
#3795 = EDGE_CURVE ( 'NONE', #8012, #306, #8832, .T. ) ;
#3796 = DIRECTION ( 'NONE',  ( 0.000000000000000000, 0.1643989873053569861, -0.9863939238321438596 ) ) ;
#3797 = CARTESIAN_POINT ( 'NONE',  ( -1.199999999999999956, 1.052467559999999969, 2.149999999999999911 ) ) ;
#3798 = LINE ( 'NONE', #960, #707 ) ;
#3799 = VECTOR ( 'NONE', #6513, 1000.000000000000000 ) ;
#3800 = ORIENTED_EDGE ( 'NONE', *, *, #2663, .F. ) ;
#3801 = SURFACE_STYLE_FILL_AREA ( #4511 ) ;
#3802 = ORIENTED_EDGE ( 'NONE', *, *, #4428, .T. ) ;
#3803 = FACE_OUTER_BOUND ( 'NONE', #7681, .T. ) ;
#3804 = DIRECTION ( 'NONE',  ( 1.000000000000000000, 0.000000000000000000, 0.000000000000000000 ) ) ;
#3805 = CARTESIAN_POINT ( 'NONE',  ( 1.300000000000000044, 0.2474675600000000031, 2.750000000000000000 ) ) ;
#3806 = DIRECTION ( 'NONE',  ( 0.000000000000000000, -0.9989685402826005145, -0.04540765932803104976 ) ) ;
#3807 = FILL_AREA_STYLE ('',( #6074 ) ) ;
#3808 = DIRECTION ( 'NONE',  ( 0.000000000000000000, -1.000000000000000000, 0.000000000000000000 ) ) ;
#3809 = EDGE_CURVE ( 'NONE', #1410, #2203, #4128, .T. ) ;
#3810 = EDGE_LOOP ( 'NONE', ( #1938, #440, #5794, #4413 ) ) ;
#3811 = DIRECTION ( 'NONE',  ( 0.4916525748179580435, 0.8707914478650282675, 0.000000000000000000 ) ) ;
#3812 = VERTEX_POINT ( 'NONE', #2007 ) ;
#3813 = VERTEX_POINT ( 'NONE', #4939 ) ;
#3814 = CARTESIAN_POINT ( 'NONE',  ( -1.324999999999999956, 6.887655391691390072, 1.550000000000000044 ) ) ;
#3815 = VERTEX_POINT ( 'NONE', #7067 ) ;
#3816 = UNCERTAINTY_MEASURE_WITH_UNIT (LENGTH_MEASURE( 1.000000000000000082E-05 ), #7038, 'distance_accuracy_value', 'NONE');
#3817 = CARTESIAN_POINT ( 'NONE',  ( 1.699999999999999956, 1.500000000000000000, 1.521793620081484777 ) ) ;
#3818 = ADVANCED_FACE ( 'NONE', ( #6344 ), #7741, .T. ) ;
#3819 = DIRECTION ( 'NONE',  ( 0.000000000000000000, -0.9989685402826005145, -0.04540765932803104976 ) ) ;
#3820 = ORIENTED_EDGE ( 'NONE', *, *, #5738, .T. ) ;
#3821 = EDGE_LOOP ( 'NONE', ( #2977, #7966, #8532, #2006, #2805, #1304 ) ) ;
#3822 = DIRECTION ( 'NONE',  ( 1.000000000000000000, 0.000000000000000000, 0.000000000000000000 ) ) ;
#3823 = ORIENTED_EDGE ( 'NONE', *, *, #3699, .T. ) ;
#3824 = CARTESIAN_POINT ( 'NONE',  ( -1.274999999962500130, 0.2000000001022419760, -0.2000000000000000111 ) ) ;
#3825 = ORIENTED_EDGE ( 'NONE', *, *, #17, .T. ) ;
#3826 = LINE ( 'NONE', #6769, #1472 ) ;
#3827 = DIRECTION ( 'NONE',  ( 0.000000000000000000, 0.000000000000000000, -1.000000000000000000 ) ) ;
#3828 = EDGE_CURVE ( 'NONE', #3570, #7259, #4306, .T. ) ;
#3829 = DIRECTION ( 'NONE',  ( 1.000000000000000000, 8.340016647272999943E-16, 0.000000000000000000 ) ) ;
#3830 = B_SPLINE_CURVE_WITH_KNOTS ( 'NONE', 3,
 ( #8420, #3247, #7021, #6295 ),
 .UNSPECIFIED., .F., .F.,
 ( 4, 4 ),
 ( 0.000000000000000000, 1.000000000000000000 ),
 .UNSPECIFIED. ) ;
#3831 = ADVANCED_FACE ( 'NONE', ( #5895 ), #2911, .F. ) ;
#3832 = ORIENTED_EDGE ( 'NONE', *, *, #5727, .T. ) ;
#3833 = CARTESIAN_POINT ( 'NONE',  ( -2.575841710426994613, 0.5999999999999999778, -0.5500000000000000444 ) ) ;
#3834 = VERTEX_POINT ( 'NONE', #2144 ) ;
#3835 = PLANE ( 'NONE',  #4069 ) ;
#3836 = ORIENTED_EDGE ( 'NONE', *, *, #3795, .T. ) ;
#3837 = CARTESIAN_POINT ( 'NONE',  ( -2.350000000096295061, 0.2000000000000000111, -1.149999999999999911 ) ) ;
#3838 = PLANE ( 'NONE',  #6316 ) ;
#3839 = FACE_OUTER_BOUND ( 'NONE', #8593, .T. ) ;
#3840 = LINE ( 'NONE', #5198, #6078 ) ;
#3841 = ADVANCED_FACE ( 'NONE', ( #7300 ), #6484, .F. ) ;
#3842 = ORIENTED_EDGE ( 'NONE', *, *, #5443, .F. ) ;
#3843 = VECTOR ( 'NONE', #9, 1000.000000000000000 ) ;
#3844 =( LENGTH_UNIT ( ) NAMED_UNIT ( * ) SI_UNIT ( .MILLI., .METRE. ) );
#3845 = ORIENTED_EDGE ( 'NONE', *, *, #7490, .F. ) ;
#3846 = DIRECTION ( 'NONE',  ( 1.000000000000000000, 0.000000000000000000, 0.000000000000000000 ) ) ;
#3847 = CARTESIAN_POINT ( 'NONE',  ( 1.700000000006059997, 0.8750000005306061146, -1.600000000000000089 ) ) ;
#3848 = CARTESIAN_POINT ( 'NONE',  ( 2.350000000000000089, -3.614007241618350373E-17, -1.751643990000000040 ) ) ;
#3849 = LINE ( 'NONE', #8190, #7881 ) ;
#3850 = DIRECTION ( 'NONE',  ( 1.000000000000000000, 0.000000000000000000, 0.000000000000000000 ) ) ;
#3851 = LINE ( 'NONE', #5933, #9185 ) ;
#3852 = ORIENTED_EDGE ( 'NONE', *, *, #2376, .F. ) ;
#3853 = ADVANCED_FACE ( 'NONE', ( #8072 ), #1528, .F. ) ;
#3854 = LINE ( 'NONE', #268, #9133 ) ;
#3855 = ORIENTED_EDGE ( 'NONE', *, *, #8477, .T. ) ;
#3856 = VERTEX_POINT ( 'NONE', #6534 ) ;
#3857 = ADVANCED_FACE ( 'NONE', ( #7252 ), #5851, .F. ) ;
#3858 = CARTESIAN_POINT ( 'NONE',  ( -1.200000000008331957, 1.060000000000000053, 1.599999999958334973 ) ) ;
#3859 = B_SPLINE_CURVE_WITH_KNOTS ( 'NONE', 3,
 ( #496, #9284, #6629, #5181, #3405, #6355 ),
 .UNSPECIFIED., .F., .F.,
 ( 4, 2, 4 ),
 ( 0.000000000000000000, 0.5000000000000000000, 1.000000000000000000 ),
 .UNSPECIFIED. ) ;
#3860 = CARTESIAN_POINT ( 'NONE',  ( 2.150000000773514941, 0.6038390272474239984, -1.785628019923684917 ) ) ;
#3861 = DIRECTION ( 'NONE',  ( 1.000000000000000000, 0.000000000000000000, 5.421010904359836753E-16 ) ) ;
#3863 = ORIENTED_EDGE ( 'NONE', *, *, #2035, .F. ) ;
#3862 = AXIS2_PLACEMENT_3D ( 'NONE', #2453, #3277, #318 ) ;
#3864 = CARTESIAN_POINT ( 'NONE',  ( 1.722167269999999917, 1.417467560000000182, -1.475774863000000048 ) ) ;
#3865 = ORIENTED_EDGE ( 'NONE', *, *, #1881, .T. ) ;
#3866 = CARTESIAN_POINT ( 'NONE',  ( 2.524158289669300004, 0.1016694850364084080, 0.5500000000000000444 ) ) ;
#3867 = ORIENTED_EDGE ( 'NONE', *, *, #5084, .T. ) ;
#3868 = FACE_OUTER_BOUND ( 'NONE', #53, .T. ) ;
#3869 = VERTEX_POINT ( 'NONE', #2190 ) ;
#3870 = CARTESIAN_POINT ( 'NONE',  ( -2.350000000000000089, 0.8901360611651649712, -1.751643989990989914 ) ) ;
#3871 = FACE_OUTER_BOUND ( 'NONE', #5202, .T. ) ;
#3872 = CARTESIAN_POINT ( 'NONE',  ( 2.349999999610480117, 0.8800000001033340125, 0.4249999999642334880 ) ) ;
#3873 = VECTOR ( 'NONE', #9417, 1000.000000000000000 ) ;
#3874 = CARTESIAN_POINT ( 'NONE',  ( -0.4999999996749999731, 0.000000000000000000, 0.5999999992499999157 ) ) ;
#3875 = EDGE_CURVE ( 'NONE', #4785, #1967, #253, .T. ) ;
#3876 = ORIENTED_EDGE ( 'NONE', *, *, #3875, .F. ) ;
#3877 = ADVANCED_FACE ( 'NONE', ( #9465 ), #3635, .F. ) ;
#3878 = FILL_AREA_STYLE ('',( #9079 ) ) ;
#3879 = VERTEX_POINT ( 'NONE', #3680 ) ;
#3880 = CARTESIAN_POINT ( 'NONE',  ( 1.849999999675000062, 4.947919226321080201E-10, -0.5000000004387700203 ) ) ;
#3881 = VECTOR ( 'NONE', #2755, 1000.000000000000114 ) ;
#3882 = ORIENTED_EDGE ( 'NONE', *, *, #7949, .F. ) ;
#3883 = ORIENTED_EDGE ( 'NONE', *, *, #4078, .T. ) ;
#3884 =( NAMED_UNIT ( * ) PLANE_ANGLE_UNIT ( ) SI_UNIT ( $, .RADIAN. ) );
#3885 = DIRECTION ( 'NONE',  ( -1.000000000000000000, -1.215290246266205980E-12, 0.000000000000000000 ) ) ;
#3886 = AXIS2_PLACEMENT_3D ( 'NONE', #3797, #2342, #7406 ) ;
#3887 = ORIENTED_EDGE ( 'NONE', *, *, #159, .F. ) ;
#3888 =( NAMED_UNIT ( * ) PLANE_ANGLE_UNIT ( ) SI_UNIT ( $, .RADIAN. ) );
#3889 = EDGE_LOOP ( 'NONE', ( #2121, #5419, #494, #2673, #4981, #2654, #4203, #2467 ) ) ;
#3890 = FACE_OUTER_BOUND ( 'NONE', #7185, .T. ) ;
#3891 = CARTESIAN_POINT ( 'NONE',  ( -0.5999999999999999778, 1.547467560300000100, 1.500000000062500005 ) ) ;
#3892 = EDGE_CURVE ( 'NONE', #5743, #3263, #6584, .T. ) ;
#3893 = DIRECTION ( 'NONE',  ( 0.000000000000000000, -0.04540765932803051547, 0.9989685402826004035 ) ) ;
#3894 = FACE_OUTER_BOUND ( 'NONE', #6394, .T. ) ;
#3895 = EDGE_CURVE ( 'NONE', #8007, #7720, #5039, .T. ) ;
#3896 = CARTESIAN_POINT ( 'NONE',  ( 2.149999999999999911, 1.650056147000000140, 1.749999999625740044 ) ) ;
#3897 = AXIS2_PLACEMENT_3D ( 'NONE', #163, #3846, #8433 ) ;
#3898 = ORIENTED_EDGE ( 'NONE', *, *, #1901, .T. ) ;
#3899 = AXIS2_PLACEMENT_3D ( 'NONE', #8767, #1416, #1954 ) ;
#3900 = DIRECTION ( 'NONE',  ( 1.000000000000000000, 0.000000000000000000, 0.000000000000000000 ) ) ;
#3901 = ORIENTED_EDGE ( 'NONE', *, *, #1104, .T. ) ;
#3902 = ORIENTED_EDGE ( 'NONE', *, *, #2961, .T. ) ;
#3903 = CARTESIAN_POINT ( 'NONE',  ( -1.449999999999999956, 1.060000000000000053, -1.475774862966304113 ) ) ;
#3904 = ADVANCED_FACE ( 'NONE', ( #5082 ), #8021, .F. ) ;
#3905 = CARTESIAN_POINT ( 'NONE',  ( 1.699999999999999956, 0.8901360615926310338, 1.751643990777304927 ) ) ;
#3906 = VECTOR ( 'NONE', #4847, 1000.000000000000114 ) ;
#3907 = ADVANCED_FACE ( 'NONE', ( #4348 ), #7353, .F. ) ;
#3908 = UNCERTAINTY_MEASURE_WITH_UNIT (LENGTH_MEASURE( 1.000000000000000082E-05 ), #8989, 'distance_accuracy_value', 'NONE');
#3909 = FACE_OUTER_BOUND ( 'NONE', #3679, .T. ) ;
#3910 = VECTOR ( 'NONE', #6746, 1000.000000000000114 ) ;
#3911 = EDGE_CURVE ( 'NONE', #1516, #8778, #2242, .T. ) ;
#3912 = VECTOR ( 'NONE', #7054, 1000.000000000000000 ) ;
#3913 = DIRECTION ( 'NONE',  ( 1.000000000000000000, 0.000000000000000000, 0.000000000000000000 ) ) ;
#3914 = VECTOR ( 'NONE', #636, 1000.000000000000000 ) ;
#3915 = VERTEX_POINT ( 'NONE', #8647 ) ;
#3916 = LINE ( 'NONE', #4680, #1778 ) ;
#3917 = AXIS2_PLACEMENT_3D ( 'NONE', #7258, #1439, #9376 ) ;
#3918 = ORIENTED_EDGE ( 'NONE', *, *, #4029, .F. ) ;
#3919 = CARTESIAN_POINT ( 'NONE',  ( -1.449999999999999956, 1.500000000000000000, -1.475774862966304113 ) ) ;
#3920 = VECTOR ( 'NONE', #5820, 1000.000000000000000 ) ;
#3921 = ORIENTED_EDGE ( 'NONE', *, *, #6749, .F. ) ;
#3922 = CARTESIAN_POINT ( 'NONE',  ( 1.800000000000000044, 0.04000000009687509905, 0.5000000000284999802 ) ) ;
#3923 = PRESENTATION_LAYER_ASSIGNMENT (  '', '', ( #7153 ) ) ;
#3924 = ORIENTED_EDGE ( 'NONE', *, *, #7414, .T. ) ;
#3925 = LINE ( 'NONE', #1569, #6540 ) ;
#3926 = DIRECTION ( 'NONE',  ( 0.000000000000000000, 0.000000000000000000, -1.000000000000000000 ) ) ;
#3927 = SURFACE_STYLE_USAGE ( .BOTH. , #3974 ) ;
#3928 = DIRECTION ( 'NONE',  ( -1.000000000000000000, 0.000000000000000000, 0.000000000000000000 ) ) ;
#3929 = AXIS2_PLACEMENT_3D ( 'NONE', #7019, #9077, #437 ) ;
#3930 = VECTOR ( 'NONE', #7236, 1000.000000000000000 ) ;
#3931 = VERTEX_POINT ( 'NONE', #2048 ) ;
#3932 = EDGE_LOOP ( 'NONE', ( #4073, #9248, #1920, #5544 ) ) ;
#3933 = CARTESIAN_POINT ( 'NONE',  ( -2.299999999999999822, 1.690056146999999953, 1.408884403999999924 ) ) ;
#3934 = EDGE_LOOP ( 'NONE', ( #8107, #9470, #4971, #644, #8406, #7870, #8419, #662 ) ) ;
#3935 = VECTOR ( 'NONE', #6246, 1000.000000000000000 ) ;
#3936 = ORIENTED_EDGE ( 'NONE', *, *, #442, .F. ) ;
#3937 = VECTOR ( 'NONE', #9298, 1000.000000000000000 ) ;
#3938 = CARTESIAN_POINT ( 'NONE',  ( 1.322527229999999943, 6.887655391691390072, 1.541603168000000190 ) ) ;
#3939 = EDGE_CURVE ( 'NONE', #8768, #5828, #1350, .T. ) ;
#3940 = CARTESIAN_POINT ( 'NONE',  ( 1.700000000443354864, 0.8699944348603571020, -1.630794233099325030 ) ) ;
#3941 = VECTOR ( 'NONE', #3633, 1000.000000000000114 ) ;
#3942 = ORIENTED_EDGE ( 'NONE', *, *, #3205, .T. ) ;
#3943 = CARTESIAN_POINT ( 'NONE',  ( 1.424999999226485903, 0.6038390272555429483, 1.785628020102320024 ) ) ;
#3944 = AXIS2_PLACEMENT_3D ( 'NONE', #898, #3140, #3819 ) ;
#3945 = ORIENTED_EDGE ( 'NONE', *, *, #7399, .T. ) ;
#3946 = CARTESIAN_POINT ( 'NONE',  ( -0.4999999996749999731, 0.000000000000000000, 1.750000000000000000 ) ) ;
#3947 = DIRECTION ( 'NONE',  ( 0.000000000000000000, -0.04540766116335119562, 0.9989685401991768021 ) ) ;
#3948 = DIRECTION ( 'NONE',  ( 0.000000000000000000, 0.000000000000000000, 1.000000000000000000 ) ) ;
#3949 = DIRECTION ( 'NONE',  ( 0.000000000000000000, -1.000000000000000000, 0.000000000000000000 ) ) ;
#3950 = VECTOR ( 'NONE', #8766, 1000.000000000000000 ) ;
#3951 =( NAMED_UNIT ( * ) PLANE_ANGLE_UNIT ( ) SI_UNIT ( $, .RADIAN. ) );
#3952 = ORIENTED_EDGE ( 'NONE', *, *, #1511, .T. ) ;
#3953 = CARTESIAN_POINT ( 'NONE',  ( 1.699999999999999956, 0.8901360615926310338, 1.751643990777304927 ) ) ;
#3954 = EDGE_CURVE ( 'NONE', #6200, #7379, #8217, .T. ) ;
#3955 = VECTOR ( 'NONE', #6223, 1000.000000000000000 ) ;
#3956 = CARTESIAN_POINT ( 'NONE',  ( 1.449999999999999956, 1.500000000000000000, -1.600000000000000089 ) ) ;
#3957 = VERTEX_POINT ( 'NONE', #3152 ) ;
#3958 = LINE ( 'NONE', #4731, #9472 ) ;
#3959 = CARTESIAN_POINT ( 'NONE',  ( -1.575000000000145173, 0.2000000001082944956, 0.4999999999988999910 ) ) ;
#3960 = DIRECTION ( 'NONE',  ( 0.000000000000000000, -1.000000000000000000, 0.000000000000000000 ) ) ;
#3961 = CARTESIAN_POINT ( 'NONE',  ( 0.6000000003000000026, 1.052467560143413916, 2.149999999999999911 ) ) ;
#3962 = ORIENTED_EDGE ( 'NONE', *, *, #5981, .T. ) ;
#3963 = ADVANCED_FACE ( 'NONE', ( #6674 ), #5411, .F. ) ;
#3964 = LINE ( 'NONE', #9110, #1182 ) ;
#3965 = ADVANCED_FACE ( 'NONE', ( #8883 ), #3778, .F. ) ;
#3966 = ORIENTED_EDGE ( 'NONE', *, *, #657, .T. ) ;
#3967 = EDGE_CURVE ( 'NONE', #5134, #1683, #1619, .T. ) ;
#3968 = DIRECTION ( 'NONE',  ( -1.000000000000000000, 2.168404361743934701E-15, 0.000000000000000000 ) ) ;
#3969 = ORIENTED_EDGE ( 'NONE', *, *, #8893, .F. ) ;
#3970 = DIRECTION ( 'NONE',  ( 0.000000000000000000, 0.000000000000000000, 1.000000000000000000 ) ) ;
#3971 = ORIENTED_EDGE ( 'NONE', *, *, #1712, .T. ) ;
#3972 = CARTESIAN_POINT ( 'NONE',  ( 0.2999999999999999889, 1.447467560773514128, 1.749999999999074962 ) ) ;
#3973 = CARTESIAN_POINT ( 'NONE',  ( 0.1499999999625000191, 0.2000000001012239847, -0.5000000000011000090 ) ) ;
#3974 = SURFACE_SIDE_STYLE ('',( #2472 ) ) ;
#3975 = LINE ( 'NONE', #6106, #6087 ) ;
#3976 = ORIENTED_EDGE ( 'NONE', *, *, #7043, .F. ) ;
#3977 = EDGE_CURVE ( 'NONE', #3132, #2176, #2383, .T. ) ;
#3978 = LINE ( 'NONE', #5474, #5760 ) ;
#3979 = ORIENTED_EDGE ( 'NONE', *, *, #2430, .F. ) ;
#3980 = DIRECTION ( 'NONE',  ( 0.000000000000000000, 1.000000000000000000, 0.000000000000000000 ) ) ;
#3981 = VERTEX_POINT ( 'NONE', #859 ) ;
#3982 = VERTEX_POINT ( 'NONE', #3870 ) ;
#3983 = AXIS2_PLACEMENT_3D ( 'NONE', #446, #1911, #4645 ) ;
#3984 = DIRECTION ( 'NONE',  ( 0.000000000000000000, 0.04540766144612228689, 0.9989685401863236391 ) ) ;
#3985 = CYLINDRICAL_SURFACE ( 'NONE', #9515, 0.09999999922648550310 ) ;
#3986 = EDGE_CURVE ( 'NONE', #8195, #1804, #8267, .T. ) ;
#3987 = CARTESIAN_POINT ( 'NONE',  ( -2.350000000000000089, 0.8499999999602040335, 1.450000000006631984 ) ) ;
#3988 = CARTESIAN_POINT ( 'NONE',  ( -1.699999999999999956, 0.9000000001194580213, 1.749999999989329869 ) ) ;
#3989 = VERTEX_POINT ( 'NONE', #4691 ) ;
#3990 = PLANE ( 'NONE',  #6990 ) ;
#3991 = ORIENTED_EDGE ( 'NONE', *, *, #6852, .F. ) ;
#3992 = FACE_OUTER_BOUND ( 'NONE', #5148, .T. ) ;
#3993 = CARTESIAN_POINT ( 'NONE',  ( 0.6500000007735150520, 1.690056146999999953, -0.6800000000000000488 ) ) ;
#3994 = ORIENTED_EDGE ( 'NONE', *, *, #1047, .F. ) ;
#3995 = DIRECTION ( 'NONE',  ( 0.000000000000000000, 0.8660254037844383745, -0.5000000000000003331 ) ) ;
#3996 = PLANE ( 'NONE',  #275 ) ;
#3997 =( LENGTH_UNIT ( ) NAMED_UNIT ( * ) SI_UNIT ( .MILLI., .METRE. ) );
#3998 = VECTOR ( 'NONE', #6704, 1000.000000000000114 ) ;
#3999 = EDGE_CURVE ( 'NONE', #5397, #1404, #6728, .T. ) ;
#4000 = ORIENTED_EDGE ( 'NONE', *, *, #1849, .F. ) ;
#4001 = DIRECTION ( 'NONE',  ( 0.000000000000000000, 0.04540766116335259728, -0.9989685401991766911 ) ) ;
#4002 = CARTESIAN_POINT ( 'NONE',  ( 0.1499999999999999944, 0.05000000000000000278, 0.000000000000000000 ) ) ;
#4003 = ORIENTED_EDGE ( 'NONE', *, *, #8607, .F. ) ;
#4004 = CARTESIAN_POINT ( 'NONE',  ( 2.149999999999999911, 1.650056147000000140, 1.499178201002293820 ) ) ;
#4005 = DIRECTION ( 'NONE',  ( 0.000000000000000000, -9.166665094085399879E-12, -1.000000000000000000 ) ) ;
#4006 = DIRECTION ( 'NONE',  ( 0.000000000000000000, 0.000000000000000000, -1.000000000000000000 ) ) ;
#4007 = CARTESIAN_POINT ( 'NONE',  ( 0.5000000000000000000, 1.060000000000000053, -0.5014179090000000505 ) ) ;
#4008 = EDGE_LOOP ( 'NONE', ( #9393, #9024, #3163, #1488 ) ) ;
#4009 = CARTESIAN_POINT ( 'NONE',  ( 1.325000000124999966, 0.6038390272459159824, 1.785628019890510121 ) ) ;
#4010 = VERTEX_POINT ( 'NONE', #2426 ) ;
#4011 = CARTESIAN_POINT ( 'NONE',  ( 1.700000000006059997, 0.000000000000000000, -1.600000000000000089 ) ) ;
#4012 = ORIENTED_EDGE ( 'NONE', *, *, #4055, .F. ) ;
#4013 = FILL_AREA_STYLE_COLOUR ( '', #725 ) ;
#4014 = VERTEX_POINT ( 'NONE', #7639 ) ;
#4015 = DIRECTION ( 'NONE',  ( 0.000000000000000000, 1.000000000000000000, 0.000000000000000000 ) ) ;
#4016 = PLANE ( 'NONE',  #2721 ) ;
#4017 = DIRECTION ( 'NONE',  ( 0.000000000000000000, 0.000000000000000000, 1.000000000000000000 ) ) ;
#4018 = ADVANCED_FACE ( 'NONE', ( #233 ), #7584, .F. ) ;
#4019 = ADVANCED_FACE ( 'NONE', ( #5998 ), #94, .T. ) ;
#4020 = LINE ( 'NONE', #9033, #711 ) ;
#4021 = VERTEX_POINT ( 'NONE', #5268 ) ;
#4022 = CARTESIAN_POINT ( 'NONE',  ( -1.350000000000000089, 1.153942173999999987, -1.760623330999999903 ) ) ;
#4023 = ORIENTED_EDGE ( 'NONE', *, *, #8198, .F. ) ;
#4024 = DIRECTION ( 'NONE',  ( -1.000000000000000000, 0.000000000000000000, 0.000000000000000000 ) ) ;
#4025 = ORIENTED_EDGE ( 'NONE', *, *, #7375, .T. ) ;
#4026 = ORIENTED_EDGE ( 'NONE', *, *, #574, .F. ) ;
#4027 = CARTESIAN_POINT ( 'NONE',  ( -2.099999999496474867, 0.8800000010346420432, -0.4249999999999999889 ) ) ;
#4028 = DIRECTION ( 'NONE',  ( 0.000000000000000000, 0.000000000000000000, 1.000000000000000000 ) ) ;
#4029 = EDGE_CURVE ( 'NONE', #6010, #3097, #3009, .T. ) ;
#4030 = CARTESIAN_POINT ( 'NONE',  ( 2.750000000000000000, 0.5016694850364079583, 0.5500000000000000444 ) ) ;
#4031 = EDGE_CURVE ( 'NONE', #5671, #7984, #7495, .T. ) ;
#4032 = DIRECTION ( 'NONE',  ( 0.000000000000000000, 0.000000000000000000, 1.000000000000000000 ) ) ;
#4033 = ORIENTED_EDGE ( 'NONE', *, *, #1816, .F. ) ;
#4034 = AXIS2_PLACEMENT_3D ( 'NONE', #1550, #6752, #927 ) ;
#4035 = DIRECTION ( 'NONE',  ( 0.000000000000000000, 1.219727444008075962E-16, 1.000000000000000000 ) ) ;
#4036 = VERTEX_POINT ( 'NONE', #2470 ) ;
#4037 = DIRECTION ( 'NONE',  ( 1.668003329454598017E-15, -1.000000000000000000, 5.004009988363794247E-15 ) ) ;
#4038 = CARTESIAN_POINT ( 'NONE',  ( -2.342588587496474695, 1.690056146948334836, -0.3999999999508210280 ) ) ;
#4039 = LINE ( 'NONE', #9243, #25 ) ;
#4040 = ORIENTED_EDGE ( 'NONE', *, *, #87, .F. ) ;
#4041 = PLANE ( 'NONE',  #6046 ) ;
#4042 = DIRECTION ( 'NONE',  ( 0.000000000000000000, 1.000000000000000000, 0.000000000000000000 ) ) ;
#4043 = CARTESIAN_POINT ( 'NONE',  ( 0.2999999999999999889, 1.197467560283236088, 2.150000000798514943 ) ) ;
#4044 = ORIENTED_EDGE ( 'NONE', *, *, #4031, .T. ) ;
#4045 = CARTESIAN_POINT ( 'NONE',  ( -2.149999999496474690, 1.690056146948334836, 0.4000000000491790164 ) ) ;
#4046 = COLOUR_RGB ( '',0.7764705882352941346, 0.7568627450980391913, 0.7372549019607843590 ) ;
#4047 = LINE ( 'NONE', #3417, #8022 ) ;
#4048 = VERTEX_POINT ( 'NONE', #8928 ) ;
#4049 = DIRECTION ( 'NONE',  ( 0.000000000000000000, 0.000000000000000000, -1.000000000000000000 ) ) ;
#4050 = CARTESIAN_POINT ( 'NONE',  ( -2.350000000000000089, 0.8500000001785739112, -1.449999999970237985 ) ) ;
#4051 = PLANE ( 'NONE',  #8648 ) ;
#4052 = FACE_OUTER_BOUND ( 'NONE', #2003, .T. ) ;
#4053 = PLANE ( 'NONE',  #9481 ) ;
#4054 = AXIS2_PLACEMENT_3D ( 'NONE', #2044, #5889, #37 ) ;
#4055 = EDGE_CURVE ( 'NONE', #5702, #3605, #2329, .T. ) ;
#4056 = ORIENTED_EDGE ( 'NONE', *, *, #1017, .T. ) ;
#4057 = CARTESIAN_POINT ( 'NONE',  ( 0.4999999996749999731, 5.208344461619339889E-10, -1.750000000122394983 ) ) ;
#4058 = DIRECTION ( 'NONE',  ( 0.000000000000000000, -1.000000000000000000, 0.000000000000000000 ) ) ;
#4059 = CIRCLE ( 'NONE', #2667, 0.1300000009999998929 ) ;
#4060 = ORIENTED_EDGE ( 'NONE', *, *, #4962, .T. ) ;
#4061 = VECTOR ( 'NONE', #15, 1000.000000000000000 ) ;
#4062 = CARTESIAN_POINT ( 'NONE',  ( -0.5999999999999999778, 1.052467559999999969, 2.250000000000000000 ) ) ;
#4063 = AXIS2_PLACEMENT_3D ( 'NONE', #1374, #4928, #1945 ) ;
#4064 = ORIENTED_EDGE ( 'NONE', *, *, #6795, .T. ) ;
#4065 = CARTESIAN_POINT ( 'NONE',  ( 0.1499999999999999944, 0.5950280735000669230, -0.2000000000000000111 ) ) ;
#4066 = CARTESIAN_POINT ( 'NONE',  ( 2.149999999610479939, 1.140056146978333906, -0.4000000000357664676 ) ) ;
#4067 = CARTESIAN_POINT ( 'NONE',  ( -2.149999999999999911, 1.650056147000000140, -0.9000000001087259394 ) ) ;
#4068 = DIRECTION ( 'NONE',  ( 1.000000000000000000, 0.000000000000000000, 0.000000000000000000 ) ) ;
#4069 = AXIS2_PLACEMENT_3D ( 'NONE', #4077, #2531, #4750 ) ;
#4070 = VECTOR ( 'NONE', #7217, 1000.000000000000000 ) ;
#4071 = EDGE_CURVE ( 'NONE', #9080, #4225, #9027, .T. ) ;
#4072 = VECTOR ( 'NONE', #5574, 1000.000000000000114 ) ;
#4073 = ORIENTED_EDGE ( 'NONE', *, *, #7622, .T. ) ;
#4074 = CARTESIAN_POINT ( 'NONE',  ( 1.424999999226485903, 0.4974675599999999753, 1.647727273000000103 ) ) ;
#4075 = ORIENTED_EDGE ( 'NONE', *, *, #7521, .T. ) ;
#4076 = EDGE_CURVE ( 'NONE', #8900, #3702, #3925, .T. ) ;
#4077 = CARTESIAN_POINT ( 'NONE',  ( 2.575841710426994613, 0.5999999999999999778, -0.5500000000000000444 ) ) ;
#4078 = EDGE_CURVE ( 'NONE', #825, #2671, #3826, .T. ) ;
#4079 = ORIENTED_EDGE ( 'NONE', *, *, #4903, .T. ) ;
#4080 = VERTEX_POINT ( 'NONE', #5465 ) ;
#4081 = VECTOR ( 'NONE', #1523, 1000.000000000000000 ) ;
#4082 = PRESENTATION_STYLE_ASSIGNMENT (( #585 ) ) ;
#4083 = DIRECTION ( 'NONE',  ( 0.000000000000000000, 0.9989685402826005145, -0.04540765932803104976 ) ) ;
#4084 = AXIS2_PLACEMENT_3D ( 'NONE', #9065, #7631, #325 ) ;
#4085 = LINE ( 'NONE', #447, #516 ) ;
#4086 = VECTOR ( 'NONE', #8631, 1000.000000000000000 ) ;
#4087 = VERTEX_POINT ( 'NONE', #523 ) ;
#4088 = CARTESIAN_POINT ( 'NONE',  ( -2.524158289669300004, 0.1016694850364084080, -0.5500000000000000444 ) ) ;
#4089 = ORIENTED_EDGE ( 'NONE', *, *, #4884, .T. ) ;
#4090 = EDGE_CURVE ( 'NONE', #1032, #1281, #9264, .T. ) ;
#4091 = CARTESIAN_POINT ( 'NONE',  ( -2.149999999911110127, 1.650056147000000140, 1.499178201002293820 ) ) ;
#4092 = EDGE_CURVE ( 'NONE', #758, #5707, #9191, .T. ) ;
#4093 = DIRECTION ( 'NONE',  ( 1.000000000000000000, 0.000000000000000000, 0.000000000000000000 ) ) ;
#4094 = PLANE ( 'NONE',  #2457 ) ;
#4095 = VERTEX_POINT ( 'NONE', #1951 ) ;
#4096 = DIRECTION ( 'NONE',  ( 0.000000000000000000, 0.000000000000000000, -1.000000000000000000 ) ) ;
#4097 = PRESENTATION_STYLE_ASSIGNMENT (( #1178 ) ) ;
#4098 = STYLED_ITEM ( 'NONE', ( #521 ), #924 ) ;
#4099 = CARTESIAN_POINT ( 'NONE',  ( 1.449999999999999956, 1.500000000000000000, -1.574026653954375021 ) ) ;
#4100 = VECTOR ( 'NONE', #5391, 1000.000000000000000 ) ;
#4101 = VERTEX_POINT ( 'NONE', #3386 ) ;
#4102 = DIRECTION ( 'NONE',  ( 1.000000000000000000, 0.000000000000000000, 0.000000000000000000 ) ) ;
#4103 = DIRECTION ( 'NONE',  ( 1.000000000000000000, 0.000000000000000000, 0.000000000000000000 ) ) ;
#4104 = ORIENTED_EDGE ( 'NONE', *, *, #5664, .T. ) ;
#4105 = DIRECTION ( 'NONE',  ( -1.000000000000000000, 0.000000000000000000, 0.000000000000000000 ) ) ;
#4106 = VECTOR ( 'NONE', #9256, 1000.000000000000000 ) ;
#4107 = FACE_OUTER_BOUND ( 'NONE', #9274, .T. ) ;
#4108 = CARTESIAN_POINT ( 'NONE',  ( 1.849999999675000062, 4.947919226321080201E-10, 0.5000000004514040253 ) ) ;
#4109 = EDGE_CURVE ( 'NONE', #2077, #3016, #476, .T. ) ;
#4110 = CARTESIAN_POINT ( 'NONE',  ( 1.424999999226485903, 0.5973644132555430142, 1.643186507102319949 ) ) ;
#4111 = ORIENTED_EDGE ( 'NONE', *, *, #3295, .F. ) ;
#4112 = LINE ( 'NONE', #3338, #6992 ) ;
#4113 = VECTOR ( 'NONE', #7520, 1000.000000000000000 ) ;
#4114 = ORIENTED_EDGE ( 'NONE', *, *, #7521, .F. ) ;
#4115 = LINE ( 'NONE', #376, #1946 ) ;
#4116 = VERTEX_POINT ( 'NONE', #4887 ) ;
#4117 = DIRECTION ( 'NONE',  ( 0.000000000000000000, 1.000000000000000000, 0.000000000000000000 ) ) ;
#4118 = CARTESIAN_POINT ( 'NONE',  ( -2.299999999999999822, 1.500000000000000000, -1.391115596000000121 ) ) ;
#4119 = FACE_OUTER_BOUND ( 'NONE', #3934, .T. ) ;
#4120 = EDGE_CURVE ( 'NONE', #7602, #6100, #1099, .T. ) ;
#4121 = ORIENTED_EDGE ( 'NONE', *, *, #3367, .T. ) ;
#4122 = LINE ( 'NONE', #3438, #2986 ) ;
#4123 = ORIENTED_EDGE ( 'NONE', *, *, #6329, .T. ) ;
#4124 = LINE ( 'NONE', #3351, #4987 ) ;
#4125 = ADVANCED_FACE ( 'NONE', ( #2522 ), #8413, .T. ) ;
#4126 = VERTEX_POINT ( 'NONE', #6960 ) ;
#4127 = ORIENTED_EDGE ( 'NONE', *, *, #7211, .F. ) ;
#4128 = LINE ( 'NONE', #7165, #1919 ) ;
#4129 = FACE_OUTER_BOUND ( 'NONE', #7816, .T. ) ;
#4130 = FILL_AREA_STYLE_COLOUR ( '', #7896 ) ;
#4131 = CARTESIAN_POINT ( 'NONE',  ( -1.324999999999999956, 1.411408062361530158, 1.748920336048874979 ) ) ;
#4132 = EDGE_LOOP ( 'NONE', ( #7158, #3350, #1250, #7226, #3465 ) ) ;
#4133 = CARTESIAN_POINT ( 'NONE',  ( -2.242588588269990080, 1.590056147773514894, -1.475774863000000048 ) ) ;
#4134 = VERTEX_POINT ( 'NONE', #6334 ) ;
#4135 = VECTOR ( 'NONE', #3497, 1000.000000000000000 ) ;
#4136 = FACE_OUTER_BOUND ( 'NONE', #120, .T. ) ;
#4137 = DIRECTION ( 'NONE',  ( 0.000000000000000000, 0.1643989873053569861, -0.9863939238321438596 ) ) ;
#4138 = EDGE_LOOP ( 'NONE', ( #1252, #4158, #910, #5304, #2501, #6613, #8496, #3976, #8625, #4829 ) ) ;
#4139 = PLANE ( 'NONE',  #1893 ) ;
#4140 = CARTESIAN_POINT ( 'NONE',  ( 2.350000000096295061, 0.2000000000000000111, -0.5500000000000000444 ) ) ;
#4141 = LINE ( 'NONE', #3272, #3955 ) ;
#4142 = EDGE_CURVE ( 'NONE', #1504, #1427, #7831, .T. ) ;
#4143 = ORIENTED_EDGE ( 'NONE', *, *, #21, .T. ) ;
#4144 = CARTESIAN_POINT ( 'NONE',  ( 2.350000000096295061, 0.2000000000000000111, 1.149999999999999911 ) ) ;
#4145 = PLANE ( 'NONE',  #2175 ) ;
#4146 = EDGE_LOOP ( 'NONE', ( #1944, #3942, #839, #7493, #3994, #4183, #5330, #5166, #3400, #550, #6825, #1336 ) ) ;
#4147 = CARTESIAN_POINT ( 'NONE',  ( 0.5999999999999999778, 1.547467560000000075, 2.250000000000000000 ) ) ;
#4148 = AXIS2_PLACEMENT_3D ( 'NONE', #2606, #5549, #6510 ) ;
#4149 = FACE_OUTER_BOUND ( 'NONE', #3592, .T. ) ;
#4150 = DIRECTION ( 'NONE',  ( 0.000000000000000000, 0.000000000000000000, 1.000000000000000000 ) ) ;
#4151 = DIRECTION ( 'NONE',  ( 0.000000000000000000, 0.000000000000000000, -1.000000000000000000 ) ) ;
#4152 = EDGE_CURVE ( 'NONE', #779, #1928, #378, .T. ) ;
#4153 = ORIENTED_EDGE ( 'NONE', *, *, #7743, .F. ) ;
#4154 = DIRECTION ( 'NONE',  ( -1.000000000000000000, 0.000000000000000000, 0.000000000000000000 ) ) ;
#4155 = VECTOR ( 'NONE', #5001, 1000.000000000000000 ) ;
#4156 = VERTEX_POINT ( 'NONE', #6291 ) ;
#4157 = LINE ( 'NONE', #5462, #9319 ) ;
#4158 = ORIENTED_EDGE ( 'NONE', *, *, #1725, .T. ) ;
#4159 = DIRECTION ( 'NONE',  ( 0.000000000000000000, 0.04540766144612189137, 0.9989685401863237502 ) ) ;
#4160 = DIRECTION ( 'NONE',  ( 0.000000000000000000, 1.000000000000000000, 0.000000000000000000 ) ) ;
#4161 = LINE ( 'NONE', #27, #995 ) ;
#4162 = ORIENTED_EDGE ( 'NONE', *, *, #7668, .T. ) ;
#4163 = DIRECTION ( 'NONE',  ( 0.000000000000000000, 0.000000000000000000, 1.000000000000000000 ) ) ;
#4164 = VERTEX_POINT ( 'NONE', #8457 ) ;
#4165 = FACE_OUTER_BOUND ( 'NONE', #4669, .T. ) ;
#4166 = VERTEX_POINT ( 'NONE', #3294 ) ;
#4167 = DIRECTION ( 'NONE',  ( 0.000000000000000000, -1.000000000000000000, 0.000000000000000000 ) ) ;
#4168 = CARTESIAN_POINT ( 'NONE',  ( -2.250000000078399953, 0.9135077105306399492, -1.771552170622729960 ) ) ;
#4169 = FACE_OUTER_BOUND ( 'NONE', #6971, .T. ) ;
#4170 = EDGE_CURVE ( 'NONE', #9045, #6606, #9173, .T. ) ;
#4171 = LINE ( 'NONE', #6444, #6388 ) ;
#4172 = EDGE_CURVE ( 'NONE', #3260, #9071, #4377, .T. ) ;
#4173 = ORIENTED_EDGE ( 'NONE', *, *, #6501, .T. ) ;
#4174 = AXIS2_PLACEMENT_3D ( 'NONE', #4822, #1839, #4727 ) ;
#4175 = CARTESIAN_POINT ( 'NONE',  ( -1.424999999226485903, 0.5973644132555430142, 1.643186507102319949 ) ) ;
#4176 = ORIENTED_EDGE ( 'NONE', *, *, #3639, .F. ) ;
#4177 = CARTESIAN_POINT ( 'NONE',  ( 0.01010418081077514053, 0.05000000000000000278, 0.2000000000000000111 ) ) ;
#4178 = DIRECTION ( 'NONE',  ( -0.000000000000000000, 1.000000000000000000, 0.000000000000000000 ) ) ;
#4179 = PLANE ( 'NONE',  #9232 ) ;
#4180 = DIRECTION ( 'NONE',  ( 1.000000000000000000, 0.000000000000000000, 0.000000000000000000 ) ) ;
#4181 = DIRECTION ( 'NONE',  ( 0.000000000000000000, 0.000000000000000000, 1.000000000000000000 ) ) ;
#4182 = VECTOR ( 'NONE', #8219, 1000.000000000000000 ) ;
#4183 = ORIENTED_EDGE ( 'NONE', *, *, #4410, .T. ) ;
#4184 = LINE ( 'NONE', #2601, #3447 ) ;
#4185 = ORIENTED_EDGE ( 'NONE', *, *, #5676, .T. ) ;
#4186 = PRESENTATION_STYLE_ASSIGNMENT (( #4326 ) ) ;
#4187 = ORIENTED_EDGE ( 'NONE', *, *, #5910, .F. ) ;
#4188 = EDGE_CURVE ( 'NONE', #3240, #3834, #1244, .T. ) ;
#4189 = EDGE_CURVE ( 'NONE', #2163, #4014, #1617, .T. ) ;
#4190 = ADVANCED_FACE ( 'NONE', ( #5605 ), #8548, .F. ) ;
#4191 = VECTOR ( 'NONE', #9212, 1000.000000000000000 ) ;
#4192 = CARTESIAN_POINT ( 'NONE',  ( 0.6000000003000000026, 1.547467559953150218, 1.499999999986574073 ) ) ;
#4193 = LINE ( 'NONE', #466, #5881 ) ;
#4194 = DIRECTION ( 'NONE',  ( 0.000000000000000000, 0.9863939238321437486, -0.1643989873053569584 ) ) ;
#4195 = PLANE ( 'NONE',  #6423 ) ;
#4196 = ORIENTED_EDGE ( 'NONE', *, *, #672, .F. ) ;
#4197 = FILL_AREA_STYLE ('',( #5021 ) ) ;
#4198 = ADVANCED_FACE ( 'NONE', ( #9456 ), #656, .F. ) ;
#4199 = ORIENTED_EDGE ( 'NONE', *, *, #2116, .F. ) ;
#4200 = EDGE_CURVE ( 'NONE', #2543, #9306, #2136, .T. ) ;
#4201 = ADVANCED_FACE ( 'NONE', ( #2902 ), #2947, .F. ) ;
#4202 = CARTESIAN_POINT ( 'NONE',  ( 2.350000000096295061, 0.2000000000000000111, -1.149999999999999911 ) ) ;
#4203 = ORIENTED_EDGE ( 'NONE', *, *, #3777, .F. ) ;
#4204 = CARTESIAN_POINT ( 'NONE',  ( 2.349999999610480117, 0.8800000001033340125, -0.4250000000357664343 ) ) ;
#4205 = CARTESIAN_POINT ( 'NONE',  ( -2.149999999999999911, 1.500000000000000000, -1.574026654000000081 ) ) ;
#4206 = COLOUR_RGB ( '',0.7764705882352941346, 0.7568627450980391913, 0.7372549019607843590 ) ;
#4207 = AXIS2_PLACEMENT_3D ( 'NONE', #9143, #5491, #2402 ) ;
#4208 = VECTOR ( 'NONE', #3262, 1000.000000000000227 ) ;
#4209 = EDGE_LOOP ( 'NONE', ( #8791, #5170, #8922, #3217 ) ) ;
#4211 = VECTOR ( 'NONE', #2714, 1000.000000000000000 ) ;
#4210 = LINE ( 'NONE', #7160, #7929 ) ;
#4212 = EDGE_LOOP ( 'NONE', ( #6029, #3867, #3667, #3657 ) ) ;
#4213 = CARTESIAN_POINT ( 'NONE',  ( -0.5000000000000000000, 1.244907226532176114, -0.4742107241768010462 ) ) ;
#4214 = AXIS2_PLACEMENT_3D ( 'NONE', #8846, #1444, #4361 ) ;
#4215 = ORIENTED_EDGE ( 'NONE', *, *, #7772, .T. ) ;
#4216 = DIRECTION ( 'NONE',  ( 0.000000000000000000, 0.9989685401194275949, 0.04540766291783217973 ) ) ;
#4217 = CARTESIAN_POINT ( 'NONE',  ( 0.1499999999625000191, 0.2000000001012239847, -0.5000000000011000090 ) ) ;
#4218 = AXIS2_PLACEMENT_3D ( 'NONE', #3933, #244, #1060 ) ;
#4219 = VECTOR ( 'NONE', #9323, 1000.000000000000114 ) ;
#4220 = EDGE_CURVE ( 'NONE', #5360, #6925, #6523, .T. ) ;
#4221 = VECTOR ( 'NONE', #4102, 1000.000000000000000 ) ;
#4222 = DIRECTION ( 'NONE',  ( -1.000000000000000000, -1.215290246266205980E-12, 0.000000000000000000 ) ) ;
#4223 = ORIENTED_EDGE ( 'NONE', *, *, #71, .T. ) ;
#4224 = DIRECTION ( 'NONE',  ( 0.000000000000000000, -0.9989685402826005145, 0.04540765932803104976 ) ) ;
#4225 = VERTEX_POINT ( 'NONE', #8774 ) ;
#4226 = VECTOR ( 'NONE', #3577, 1000.000000000000000 ) ;
#4227 = LINE ( 'NONE', #2015, #3593 ) ;
#4228 = VECTOR ( 'NONE', #201, 1000.000000000000000 ) ;
#4229 = DIRECTION ( 'NONE',  ( -1.000000000000000000, 0.000000000000000000, 0.000000000000000000 ) ) ;
#4230 =( GEOMETRIC_REPRESENTATION_CONTEXT ( 3 ) GLOBAL_UNCERTAINTY_ASSIGNED_CONTEXT ( ( #7483 ) ) GLOBAL_UNIT_ASSIGNED_CONTEXT ( ( #969, #454, #8381 ) ) REPRESENTATION_CONTEXT ( 'NONE', 'WORKASPACE' ) );
#4231 = EDGE_CURVE ( 'NONE', #6531, #3538, #6621, .T. ) ;
#4232 = DIRECTION ( 'NONE',  ( 1.000000000000000000, 0.000000000000000000, 0.000000000000000000 ) ) ;
#4233 = VECTOR ( 'NONE', #424, 1000.000000000000000 ) ;
#4234 = CARTESIAN_POINT ( 'NONE',  ( -2.099999999496474867, 0.8800000010346420432, -0.4249999999999999889 ) ) ;
#4235 = PRESENTATION_STYLE_ASSIGNMENT (( #7081 ) ) ;
#4236 = CARTESIAN_POINT ( 'NONE',  ( -2.342588587496474695, 1.690056146948334836, -0.3999999999508210280 ) ) ;
#4237 = PRESENTATION_LAYER_ASSIGNMENT (  '', '', ( #567 ) ) ;
#4238 = ORIENTED_EDGE ( 'NONE', *, *, #3939, .T. ) ;
#4239 = CARTESIAN_POINT ( 'NONE',  ( -1.325000000007034107, 1.060000000000000053, 1.550000000032019987 ) ) ;
#4240 = PRESENTATION_LAYER_ASSIGNMENT (  '', '', ( #112 ) ) ;
#4241 = ORIENTED_EDGE ( 'NONE', *, *, #4220, .T. ) ;
#4242 = CARTESIAN_POINT ( 'NONE',  ( -2.149999999911110127, 1.500000000000000000, -1.574026653644445162 ) ) ;
#4243 = CARTESIAN_POINT ( 'NONE',  ( -2.350000000000000089, 0.8500000001785739112, -1.449999999970237985 ) ) ;
#4244 = VERTEX_POINT ( 'NONE', #7245 ) ;
#4245 = DIRECTION ( 'NONE',  ( 0.000000000000000000, 0.9863939230145660764, 0.1643989922108225199 ) ) ;
#4246 = VECTOR ( 'NONE', #5217, 1000.000000000000114 ) ;
#4247 = AXIS2_PLACEMENT_3D ( 'NONE', #1271, #2792, #3608 ) ;
#4248 = LINE ( 'NONE', #1459, #8192 ) ;
#4249 = CARTESIAN_POINT ( 'NONE',  ( 1.199999999999999956, 0.2474675600000000031, 2.250000000025000002 ) ) ;
#4250 = STYLED_ITEM ( 'NONE', ( #4097 ), #4975 ) ;
#4251 = CARTESIAN_POINT ( 'NONE',  ( -2.350000000000000089, 1.240192379100433895, 1.750000000000000000 ) ) ;
#4252 = EDGE_CURVE ( 'NONE', #7295, #3240, #2856, .T. ) ;
#4253 = ORIENTED_EDGE ( 'NONE', *, *, #5287, .F. ) ;
#4254 = FACE_OUTER_BOUND ( 'NONE', #1239, .T. ) ;
#4255 = VECTOR ( 'NONE', #8571, 1000.000000000000114 ) ;
#4256 = AXIS2_PLACEMENT_3D ( 'NONE', #7288, #9507, #8640 ) ;
#4257 = ORIENTED_EDGE ( 'NONE', *, *, #8572, .F. ) ;
#4258 = CARTESIAN_POINT ( 'NONE',  ( 2.299999999995834710, 1.650056147000000140, 1.408884404018738046 ) ) ;
#4259 = ORIENTED_EDGE ( 'NONE', *, *, #517, .T. ) ;
#4260 = DIRECTION ( 'NONE',  ( 0.000000000000000000, 0.000000000000000000, 1.000000000000000000 ) ) ;
#4261 = DIRECTION ( 'NONE',  ( -1.000000000000000000, 0.000000000000000000, 0.000000000000000000 ) ) ;
#4262 = VECTOR ( 'NONE', #413, 1000.000000000000000 ) ;
#4263 = EDGE_CURVE ( 'NONE', #1062, #1036, #2180, .T. ) ;
#4264 = EDGE_LOOP ( 'NONE', ( #5548, #5362, #941, #8361, #4143, #8307, #3268 ) ) ;
#4265 = FACE_OUTER_BOUND ( 'NONE', #2854, .T. ) ;
#4266 = ORIENTED_EDGE ( 'NONE', *, *, #1549, .F. ) ;
#4267 = VERTEX_POINT ( 'NONE', #5703 ) ;
#4268 = DIRECTION ( 'NONE',  ( 0.000000000000000000, -1.000000000000000000, 0.000000000000000000 ) ) ;
#4269 = DIRECTION ( 'NONE',  ( -0.000000000000000000, 1.000000000000000000, 0.000000000000000000 ) ) ;
#4270 = PLANE ( 'NONE',  #9455 ) ;
#4271 = EDGE_CURVE ( 'NONE', #4126, #4538, #572, .T. ) ;
#4272 = ORIENTED_EDGE ( 'NONE', *, *, #2540, .F. ) ;
#4273 = CARTESIAN_POINT ( 'NONE',  ( 1.324999999999999956, 1.060000000184694091, 1.550000000000000044 ) ) ;
#4274 = ORIENTED_EDGE ( 'NONE', *, *, #5763, .T. ) ;
#4275 = LINE ( 'NONE', #5769, #8367 ) ;
#4276 = EDGE_CURVE ( 'NONE', #4747, #5472, #7344, .T. ) ;
#4277 = CARTESIAN_POINT ( 'NONE',  ( -1.302181545999999912, 1.060000000000000053, 1.504589994999999902 ) ) ;
#4278 = PLANE ( 'NONE',  #488 ) ;
#4279 = CARTESIAN_POINT ( 'NONE',  ( 0.1499999999625000191, 0.2000000001103904856, 0.4999999999988999910 ) ) ;
#4280 = LINE ( 'NONE', #5725, #291 ) ;
#4281 = VERTEX_POINT ( 'NONE', #7972 ) ;
#4282 = FACE_OUTER_BOUND ( 'NONE', #1494, .T. ) ;
#4283 = ORIENTED_EDGE ( 'NONE', *, *, #2311, .T. ) ;
#4284 = DIRECTION ( 'NONE',  ( 0.000000000000000000, 0.000000000000000000, 1.000000000000000000 ) ) ;
#4285 = CARTESIAN_POINT ( 'NONE',  ( -1.799999999887499813, 0.04000000009687500885, -0.5000000000027500224 ) ) ;
#4286 = ORIENTED_EDGE ( 'NONE', *, *, #944, .F. ) ;
#4287 = PLANE ( 'NONE',  #7532 ) ;
#4288 = AXIS2_PLACEMENT_3D ( 'NONE', #6207, #4269, #1254 ) ;
#4289 = DIRECTION ( 'NONE',  ( -0.4916525748179580435, -0.8707914478650282675, 0.000000000000000000 ) ) ;
#4290 = DIRECTION ( 'NONE',  ( 0.000000000000000000, 0.000000000000000000, 1.000000000000000000 ) ) ;
#4291 = LINE ( 'NONE', #7238, #3339 ) ;
#4292 = EDGE_CURVE ( 'NONE', #7197, #2045, #2764, .T. ) ;
#4293 = ORIENTED_EDGE ( 'NONE', *, *, #4661, .F. ) ;
#4294 = EDGE_CURVE ( 'NONE', #5182, #1067, #5071, .T. ) ;
#4295 = ORIENTED_EDGE ( 'NONE', *, *, #4901, .F. ) ;
#4296 = DIRECTION ( 'NONE',  ( 0.000000000000000000, 1.000000000000000000, 0.000000000000000000 ) ) ;
#4297 = ORIENTED_EDGE ( 'NONE', *, *, #69, .T. ) ;
#4298 = DIRECTION ( 'NONE',  ( -0.4916525748179580435, 0.8707914478650281564, 0.000000000000000000 ) ) ;
#4299 = CARTESIAN_POINT ( 'NONE',  ( -0.7500000000000000000, 1.247467559705230045, -1.613636363738395030 ) ) ;
#4300 = VECTOR ( 'NONE', #6311, 1000.000000000000000 ) ;
#4301 = EDGE_LOOP ( 'NONE', ( #76, #4953, #5505, #3578, #729 ) ) ;
#4302 = FILL_AREA_STYLE ('',( #7206 ) ) ;
#4303 = ORIENTED_EDGE ( 'NONE', *, *, #3716, .T. ) ;
#4304 = ORIENTED_EDGE ( 'NONE', *, *, #8975, .F. ) ;
#4305 = EDGE_CURVE ( 'NONE', #1330, #5985, #8686, .T. ) ;
#4306 = LINE ( 'NONE', #5806, #6072 ) ;
#4307 = EDGE_CURVE ( 'NONE', #4036, #4728, #8539, .T. ) ;
#4308 = CARTESIAN_POINT ( 'NONE',  ( 2.149999999999999911, 1.500000000000000000, 1.521793620081484777 ) ) ;
#4309 = DIRECTION ( 'NONE',  ( 1.000000000000000000, 0.000000000000000000, -7.228014483437480391E-16 ) ) ;
#4310 = PLANE ( 'NONE',  #2230 ) ;
#4311 = ORIENTED_EDGE ( 'NONE', *, *, #3537, .T. ) ;
#4312 = DIRECTION ( 'NONE',  ( 0.000000000000000000, -1.000000000000000000, 0.000000000000000000 ) ) ;
#4313 = ORIENTED_EDGE ( 'NONE', *, *, #7906, .T. ) ;
#4314 = DIRECTION ( 'NONE',  ( 0.000000000000000000, -0.5000000000000003331, -0.8660254037844384856 ) ) ;
#4315 = EDGE_CURVE ( 'NONE', #1233, #2968, #1379, .T. ) ;
#4316 = DIRECTION ( 'NONE',  ( 0.000000000000000000, -1.000000000000000000, 0.000000000000000000 ) ) ;
#4317 = ADVANCED_FACE ( 'NONE', ( #9405 ), #7201, .T. ) ;
#4318 = LINE ( 'NONE', #7263, #4770 ) ;
#4319 =( NAMED_UNIT ( * ) SI_UNIT ( $, .STERADIAN. ) SOLID_ANGLE_UNIT ( ) );
#4320 = CARTESIAN_POINT ( 'NONE',  ( -1.449999999999999956, 1.500000000000000000, -1.475774862966304113 ) ) ;
#4321 = CARTESIAN_POINT ( 'NONE',  ( 1.300000000000000044, 1.647467559999999942, 2.750000000000000000 ) ) ;
#4322 = ORIENTED_EDGE ( 'NONE', *, *, #1984, .F. ) ;
#4323 = CARTESIAN_POINT ( 'NONE',  ( 1.300000000000000044, 0.2474675600000000031, 2.750000000000000000 ) ) ;
#4324 = ORIENTED_EDGE ( 'NONE', *, *, #5945, .T. ) ;
#4325 = PLANE ( 'NONE',  #863 ) ;
#4326 = SURFACE_STYLE_USAGE ( .BOTH. , #4920 ) ;
#4327 = ORIENTED_EDGE ( 'NONE', *, *, #6162, .T. ) ;
#4328 = CARTESIAN_POINT ( 'NONE',  ( 1.449999999999999956, 1.500000000000000000, -1.600000000000000089 ) ) ;
#4329 = DIRECTION ( 'NONE',  ( 0.000000000000000000, -1.000000000000000000, 0.000000000000000000 ) ) ;
#4330 = LINE ( 'NONE', #2168, #4535 ) ;
#4331 = VECTOR ( 'NONE', #4899, 1000.000000000000000 ) ;
#4332 = DIRECTION ( 'NONE',  ( -1.000000000000000000, 0.000000000000000000, 0.000000000000000000 ) ) ;
#4333 = LINE ( 'NONE', #6611, #8997 ) ;
#4334 = ORIENTED_EDGE ( 'NONE', *, *, #138, .F. ) ;
#4335 = DIRECTION ( 'NONE',  ( 0.000000000000000000, 0.000000000000000000, 1.000000000000000000 ) ) ;
#4336 = VECTOR ( 'NONE', #4381, 1000.000000000000000 ) ;
#4337 = ORIENTED_EDGE ( 'NONE', *, *, #5563, .F. ) ;
#4338 = CARTESIAN_POINT ( 'NONE',  ( 0.5000000000000000000, 1.060000000000000053, -0.5014179090000000505 ) ) ;
#4339 = ORIENTED_EDGE ( 'NONE', *, *, #8280, .T. ) ;
#4340 = CARTESIAN_POINT ( 'NONE',  ( -2.350000000000000089, 1.240192378864667822, -1.750000000000000000 ) ) ;
#4341 = EDGE_CURVE ( 'NONE', #5037, #7118, #7628, .T. ) ;
#4342 = CARTESIAN_POINT ( 'NONE',  ( -1.700000000033335068, 0.9125280665555179915, -1.750000000170039982 ) ) ;
#4343 = ORIENTED_EDGE ( 'NONE', *, *, #6891, .T. ) ;
#4344 = LINE ( 'NONE', #7877, #8213 ) ;
#4345 = ORIENTED_EDGE ( 'NONE', *, *, #9153, .F. ) ;
#4346 = PLANE ( 'NONE',  #5638 ) ;
#4347 = ORIENTED_EDGE ( 'NONE', *, *, #6354, .T. ) ;
#4348 = FACE_OUTER_BOUND ( 'NONE', #7827, .T. ) ;
#4349 = DIRECTION ( 'NONE',  ( 0.000000000000000000, 1.000000000000000000, 0.000000000000000000 ) ) ;
#4350 = CARTESIAN_POINT ( 'NONE',  ( 0.7500000009999999717, 1.147467560013382126, -1.618181818294389895 ) ) ;
#4351 = EDGE_CURVE ( 'NONE', #6763, #7915, #6477, .T. ) ;
#4352 = VECTOR ( 'NONE', #7515, 1000.000000000000000 ) ;
#4353 = EDGE_CURVE ( 'NONE', #1268, #9037, #4855, .T. ) ;
#4354 = ORIENTED_EDGE ( 'NONE', *, *, #7788, .F. ) ;
#4355 = EDGE_CURVE ( 'NONE', #6356, #6508, #2417, .T. ) ;
#4356 = FACE_OUTER_BOUND ( 'NONE', #30, .T. ) ;
#4357 = ORIENTED_EDGE ( 'NONE', *, *, #9246, .F. ) ;
#4358 = PLANE ( 'NONE',  #8221 ) ;
#4359 = ORIENTED_EDGE ( 'NONE', *, *, #6501, .F. ) ;
#4360 = PRESENTATION_LAYER_ASSIGNMENT (  '', '', ( #5759 ) ) ;
#4361 = DIRECTION ( 'NONE',  ( -1.000000000000000000, 0.000000000000000000, 0.000000000000000000 ) ) ;
#4362 = CARTESIAN_POINT ( 'NONE',  ( 1.699999999999999956, 0.8800561470000000108, 1.630794233000000037 ) ) ;
#4363 = VECTOR ( 'NONE', #3275, 1000.000000000000000 ) ;
#4364 = DIRECTION ( 'NONE',  ( 0.000000000000000000, 1.000000000000000000, 0.000000000000000000 ) ) ;
#4365 = LINE ( 'NONE', #7318, #1195 ) ;
#4366 = AXIS2_PLACEMENT_3D ( 'NONE', #8125, #4268, #4448 ) ;
#4367 = DIRECTION ( 'NONE',  ( 0.000000000000000000, 0.000000000000000000, -1.000000000000000000 ) ) ;
#4368 = EDGE_CURVE ( 'NONE', #153, #1116, #5352, .T. ) ;
#4369 = EDGE_CURVE ( 'NONE', #690, #8317, #4534, .T. ) ;
#4370 = AXIS2_PLACEMENT_3D ( 'NONE', #630, #2965, #2150 ) ;
#4371 = VERTEX_POINT ( 'NONE', #8116 ) ;
#4372 = EDGE_CURVE ( 'NONE', #7197, #5360, #137, .T. ) ;
#4373 = LINE ( 'NONE', #3697, #8978 ) ;
#4374 =( GEOMETRIC_REPRESENTATION_CONTEXT ( 3 ) GLOBAL_UNCERTAINTY_ASSIGNED_CONTEXT ( ( #6033 ) ) GLOBAL_UNIT_ASSIGNED_CONTEXT ( ( #8471, #8428, #2485 ) ) REPRESENTATION_CONTEXT ( 'NONE', 'WORKASPACE' ) );
#4375 = ORIENTED_EDGE ( 'NONE', *, *, #509, .T. ) ;
#4376 = DIRECTION ( 'NONE',  ( -1.000000000000000000, 0.000000000000000000, 0.000000000000000000 ) ) ;
#4377 = CIRCLE ( 'NONE', #8079, 0.2500000000000000000 ) ;
#4378 = PLANE ( 'NONE',  #117 ) ;
#4379 = ORIENTED_EDGE ( 'NONE', *, *, #3053, .T. ) ;
#4380 = DIRECTION ( 'NONE',  ( -1.000000000000000000, 0.000000000000000000, 0.000000000000000000 ) ) ;
#4381 = DIRECTION ( 'NONE',  ( 0.000000000000000000, 0.000000000000000000, -1.000000000000000000 ) ) ;
#4382 = FACE_OUTER_BOUND ( 'NONE', #6107, .T. ) ;
#4383 = CARTESIAN_POINT ( 'NONE',  ( -2.350000000000000089, 1.239999999999999991, -1.750000000000000000 ) ) ;
#4384 = MECHANICAL_DESIGN_GEOMETRIC_PRESENTATION_REPRESENTATION (  '', ( #567 ), #865 ) ;
#4385 = FACE_OUTER_BOUND ( 'NONE', #7463, .T. ) ;
#4386 = VECTOR ( 'NONE', #3089, 1000.000000000000227 ) ;
#4387 = ORIENTED_EDGE ( 'NONE', *, *, #519, .F. ) ;
#4388 = DIRECTION ( 'NONE',  ( 0.000000000000000000, 0.000000000000000000, -1.000000000000000000 ) ) ;
#4389 = VECTOR ( 'NONE', #5744, 1000.000000000000000 ) ;
#4390 = VERTEX_POINT ( 'NONE', #3817 ) ;
#4391 = EDGE_CURVE ( 'NONE', #1751, #9424, #78, .T. ) ;
#4392 = ORIENTED_EDGE ( 'NONE', *, *, #3203, .F. ) ;
#4393 = UNCERTAINTY_MEASURE_WITH_UNIT (LENGTH_MEASURE( 1.000000000000000082E-05 ), #627, 'distance_accuracy_value', 'NONE');
#4394 = CARTESIAN_POINT ( 'NONE',  ( -1.424999999226485903, 0.5039421739999999650, 1.790168786000000178 ) ) ;
#4395 = DIRECTION ( 'NONE',  ( 0.000000000000000000, 0.9816271837400259992, 0.1908089938724724932 ) ) ;
#4396 = VECTOR ( 'NONE', #4762, 1000.000000000000114 ) ;
#4397 = VECTOR ( 'NONE', #8524, 1000.000000000000000 ) ;
#4398 = ORIENTED_EDGE ( 'NONE', *, *, #1626, .F. ) ;
#4399 = EDGE_CURVE ( 'NONE', #6268, #6327, #8257, .T. ) ;
#4400 = SURFACE_STYLE_FILL_AREA ( #4302 ) ;
#4401 = ORIENTED_EDGE ( 'NONE', *, *, #3617, .T. ) ;
#4402 = DIRECTION ( 'NONE',  ( -1.000000000000000000, 0.000000000000000000, 0.000000000000000000 ) ) ;
#4403 = EDGE_LOOP ( 'NONE', ( #2481, #6158, #2395, #4541 ) ) ;
#4404 = DIRECTION ( 'NONE',  ( -1.000000000000000000, 0.000000000000000000, 0.000000000000000000 ) ) ;
#4405 = FACE_OUTER_BOUND ( 'NONE', #5065, .T. ) ;
#4406 = VECTOR ( 'NONE', #2948, 1000.000000000000000 ) ;
#4407 = DIRECTION ( 'NONE',  ( -1.000000000000000000, 0.000000000000000000, 0.000000000000000000 ) ) ;
#4408 = EDGE_CURVE ( 'NONE', #3812, #5517, #2997, .T. ) ;
#4409 = ORIENTED_EDGE ( 'NONE', *, *, #1800, .F. ) ;
#4410 = EDGE_CURVE ( 'NONE', #1443, #7048, #6665, .T. ) ;
#4411 = DIRECTION ( 'NONE',  ( 0.000000000000000000, -0.1643989873053569861, -0.9863939238321438596 ) ) ;
#4412 = AXIS2_PLACEMENT_3D ( 'NONE', #9151, #2500, #1879 ) ;
#4413 = ORIENTED_EDGE ( 'NONE', *, *, #1377, .F. ) ;
#4414 = DIRECTION ( 'NONE',  ( -0.2738613036081180008, -0.9486832884698869206, 0.1581138974411279707 ) ) ;
#4415 = ORIENTED_EDGE ( 'NONE', *, *, #3658, .F. ) ;
#4416 = LINE ( 'NONE', #8795, #3449 ) ;
#4417 = FACE_OUTER_BOUND ( 'NONE', #5802, .T. ) ;
#4418 = DIRECTION ( 'NONE',  ( -0.000000000000000000, 0.000000000000000000, -1.000000000000000000 ) ) ;
#4419 = CARTESIAN_POINT ( 'NONE',  ( 1.324999999999999956, 1.411408062361530158, 1.748920336048874979 ) ) ;
#4420 = DIRECTION ( 'NONE',  ( 0.000000000000000000, 0.000000000000000000, -1.000000000000000000 ) ) ;
#4421 = VERTEX_POINT ( 'NONE', #2279 ) ;
#4422 = SURFACE_SIDE_STYLE ('',( #1365 ) ) ;
#4423 = ORIENTED_EDGE ( 'NONE', *, *, #4307, .F. ) ;
#4424 = CARTESIAN_POINT ( 'NONE',  ( 2.149999999999999911, 1.690056146999999953, 0.9000000000000000222 ) ) ;
#4425 = CARTESIAN_POINT ( 'NONE',  ( 2.149999999999999911, 1.500000000000000000, 0.4249999999999999889 ) ) ;
#4426 = VERTEX_POINT ( 'NONE', #3714 ) ;
#4427 =( NAMED_UNIT ( * ) PLANE_ANGLE_UNIT ( ) SI_UNIT ( $, .RADIAN. ) );
#4428 = EDGE_CURVE ( 'NONE', #1653, #6541, #3767, .T. ) ;
#4429 = LINE ( 'NONE', #6563, #4807 ) ;
#4430 = PLANE ( 'NONE',  #3467 ) ;
#4431 = LINE ( 'NONE', #5248, #2259 ) ;
#4432 = ORIENTED_EDGE ( 'NONE', *, *, #1707, .T. ) ;
#4433 = PLANE ( 'NONE',  #6839 ) ;
#4434 = CARTESIAN_POINT ( 'NONE',  ( 1.275000000037500136, 0.5950280735000669230, 0.2000000000000000111 ) ) ;
#4435 = ORIENTED_EDGE ( 'NONE', *, *, #6829, .T. ) ;
#4436 = MECHANICAL_DESIGN_GEOMETRIC_PRESENTATION_REPRESENTATION (  '', ( #6142 ), #5415 ) ;
#4437 = DIRECTION ( 'NONE',  ( 1.000000000000000000, 0.000000000000000000, 0.000000000000000000 ) ) ;
#4438 = ADVANCED_FACE ( 'NONE', ( #1561 ), #6716, .T. ) ;
#4439 = EDGE_LOOP ( 'NONE', ( #1766, #2690, #9482, #2496, #6899, #205, #3372, #1612 ) ) ;
#4440 = CARTESIAN_POINT ( 'NONE',  ( -0.2999999999999999889, 1.447467560773514128, 1.500000000062500005 ) ) ;
#4441 = ADVANCED_FACE ( 'NONE', ( #7429 ), #2320, .F. ) ;
#4442 = LINE ( 'NONE', #3627, #6112 ) ;
#4443 = ORIENTED_EDGE ( 'NONE', *, *, #8969, .T. ) ;
#4444 = CARTESIAN_POINT ( 'NONE',  ( -1.324999999999999956, 1.370711800500000077, 1.550000000000000044 ) ) ;
#4445 = ORIENTED_EDGE ( 'NONE', *, *, #8452, .F. ) ;
#4446 = CARTESIAN_POINT ( 'NONE',  ( 1.325000000124999966, 1.363023706000000113, 1.751119625000000068 ) ) ;
#4447 = EDGE_LOOP ( 'NONE', ( #4809, #9295, #4932, #7020, #8377 ) ) ;
#4448 = DIRECTION ( 'NONE',  ( 0.000000000000000000, 0.000000000000000000, -1.000000000000000000 ) ) ;
#4449 = CARTESIAN_POINT ( 'NONE',  ( 1.324999999999999956, 1.363023706000000113, 1.751119625000000068 ) ) ;
#4450 = AXIS2_PLACEMENT_3D ( 'NONE', #7715, #1939, #6368 ) ;
#4451 = DIRECTION ( 'NONE',  ( 0.000000000000000000, 0.000000000000000000, 1.000000000000000000 ) ) ;
#4452 = CARTESIAN_POINT ( 'NONE',  ( 2.350000000096295061, 0.000000000000000000, 1.149999999999999911 ) ) ;
#4453 = EDGE_LOOP ( 'NONE', ( #6458, #7898, #5767, #5805 ) ) ;
#4454 = DIRECTION ( 'NONE',  ( 0.000000000000000000, 0.000000000000000000, 1.000000000000000000 ) ) ;
#4455 = ORIENTED_EDGE ( 'NONE', *, *, #3273, .T. ) ;
#4456 = DIRECTION ( 'NONE',  ( -1.000000000000000000, -1.215290246266205980E-12, 0.000000000000000000 ) ) ;
#4457 = ORIENTED_EDGE ( 'NONE', *, *, #2441, .F. ) ;
#4458 = EDGE_CURVE ( 'NONE', #492, #8696, #7484, .T. ) ;
#4459 = CARTESIAN_POINT ( 'NONE',  ( -1.149999999497689940, 0.000000000000000000, -1.599999999777780069 ) ) ;
#4460 = SURFACE_STYLE_FILL_AREA ( #8892 ) ;
#4461 = DIRECTION ( 'NONE',  ( 0.000000000000000000, 0.000000000000000000, 1.000000000000000000 ) ) ;
#4462 = CARTESIAN_POINT ( 'NONE',  ( 1.324999999999999956, 0.8786771979985170677, 1.599999999967380182 ) ) ;
#4463 = EDGE_CURVE ( 'NONE', #2454, #7022, #3137, .T. ) ;
#4464 = DIRECTION ( 'NONE',  ( -1.000000000000000000, 0.000000000000000000, 0.000000000000000000 ) ) ;
#4465 = ORIENTED_EDGE ( 'NONE', *, *, #2272, .T. ) ;
#4466 = VERTEX_POINT ( 'NONE', #6034 ) ;
#4467 = DIRECTION ( 'NONE',  ( 0.000000000000000000, -1.000000000000000000, 0.000000000000000000 ) ) ;
#4468 = CARTESIAN_POINT ( 'NONE',  ( 1.750000000120085053, 4.947919226321080201E-10, -0.5999999999936839190 ) ) ;
#4469 = CARTESIAN_POINT ( 'NONE',  ( -0.1500000000374999976, 0.03999999998249999938, 0.4799031069999999954 ) ) ;
#4470 = LINE ( 'NONE', #1593, #9415 ) ;
#4471 = DIRECTION ( 'NONE',  ( -1.000000000000000000, 0.000000000000000000, 0.000000000000000000 ) ) ;
#4472 = CARTESIAN_POINT ( 'NONE',  ( 1.699999999600005030, 0.9135077108445079919, -1.771552170608459820 ) ) ;
#4473 = ADVANCED_FACE ( 'NONE', ( #8960 ), #7574, .T. ) ;
#4474 = ORIENTED_EDGE ( 'NONE', *, *, #8907, .F. ) ;
#4475 = PLANE ( 'NONE',  #6530 ) ;
#4476 = ADVANCED_FACE ( 'NONE', ( #3909 ), #6856, .F. ) ;
#4477 = VECTOR ( 'NONE', #6028, 1000.000000000000000 ) ;
#4478 = EDGE_CURVE ( 'NONE', #3041, #36, #5172, .T. ) ;
#4479 = CARTESIAN_POINT ( 'NONE',  ( -0.4999999996666640301, 1.153942174106225904, -1.760623333791125011 ) ) ;
#4480 = ORIENTED_EDGE ( 'NONE', *, *, #7644, .F. ) ;
#4481 = VECTOR ( 'NONE', #2331, 1000.000000000000000 ) ;
#4482 = CARTESIAN_POINT ( 'NONE',  ( 2.149999999610479939, 1.650056147000000140, -0.4000000000357664676 ) ) ;
#4483 = VERTEX_POINT ( 'NONE', #5451 ) ;
#4484 = DIRECTION ( 'NONE',  ( 0.000000000000000000, 0.000000000000000000, -1.000000000000000000 ) ) ;
#4485 = CARTESIAN_POINT ( 'NONE',  ( -1.199999999999999956, 0.2474675600000000031, 1.500000000000000000 ) ) ;
#4486 = VECTOR ( 'NONE', #8585, 1000.000000000000000 ) ;
#4487 = EDGE_CURVE ( 'NONE', #7341, #4800, #367, .T. ) ;
#4488 = ORIENTED_EDGE ( 'NONE', *, *, #9269, .F. ) ;
#4489 = EDGE_CURVE ( 'NONE', #74, #1205, #4777, .T. ) ;
#4490 = DIRECTION ( 'NONE',  ( 0.000000000000000000, 1.000000000000000000, 0.000000000000000000 ) ) ;
#4491 = ORIENTED_EDGE ( 'NONE', *, *, #5555, .T. ) ;
#4492 = DIRECTION ( 'NONE',  ( 1.000000000000000000, 0.000000000000000000, 0.000000000000000000 ) ) ;
#4493 = ORIENTED_EDGE ( 'NONE', *, *, #744, .T. ) ;
#4494 = DIRECTION ( 'NONE',  ( 0.000000000000000000, -1.000000000000000000, 0.000000000000000000 ) ) ;
#4495 = VECTOR ( 'NONE', #1788, 1000.000000000000000 ) ;
#4496 = DIRECTION ( 'NONE',  ( 1.000000000000000000, 0.000000000000000000, 0.000000000000000000 ) ) ;
#4497 = CARTESIAN_POINT ( 'NONE',  ( 2.149999999999999911, 1.650056147000000140, 1.749999999625740044 ) ) ;
#4498 = PLANE ( 'NONE',  #3929 ) ;
#4499 = ORIENTED_EDGE ( 'NONE', *, *, #4850, .T. ) ;
#4500 = PRESENTATION_LAYER_ASSIGNMENT (  '', '', ( #2503 ) ) ;
#4501 = ORIENTED_EDGE ( 'NONE', *, *, #489, .F. ) ;
#4502 = LINE ( 'NONE', #7548, #4979 ) ;
#4503 = ORIENTED_EDGE ( 'NONE', *, *, #7974, .F. ) ;
#4504 = CARTESIAN_POINT ( 'NONE',  ( 1.322527229999999943, 5.787655404495759548, 1.541603168000000190 ) ) ;
#4505 = FILL_AREA_STYLE_COLOUR ( '', #6165 ) ;
#4506 = EDGE_CURVE ( 'NONE', #6447, #5645, #1237, .T. ) ;
#4507 = VECTOR ( 'NONE', #3771, 1000.000000000000000 ) ;
#4508 = DIRECTION ( 'NONE',  ( 0.000000000000000000, 0.000000000000000000, -1.000000000000000000 ) ) ;
#4509 = DIRECTION ( 'NONE',  ( 0.000000000000000000, -1.000000000000000000, 0.000000000000000000 ) ) ;
#4510 = ORIENTED_EDGE ( 'NONE', *, *, #2321, .T. ) ;
#4511 = FILL_AREA_STYLE ('',( #8284 ) ) ;
#4512 = AXIS2_PLACEMENT_3D ( 'NONE', #3454, #1924, #2687 ) ;
#4513 = ORIENTED_EDGE ( 'NONE', *, *, #3986, .T. ) ;
#4514 = VECTOR ( 'NONE', #9237, 1000.000000000000000 ) ;
#4515 = CARTESIAN_POINT ( 'NONE',  ( 1.800000000000000044, 0.04000000009687509905, 0.5000000000284999802 ) ) ;
#4516 = EDGE_CURVE ( 'NONE', #502, #769, #7468, .T. ) ;
#4517 = VECTOR ( 'NONE', #6132, 1000.000000000000000 ) ;
#4518 = FACE_OUTER_BOUND ( 'NONE', #8927, .T. ) ;
#4519 = DIRECTION ( 'NONE',  ( 0.000000000000000000, -0.9989685401863234171, 0.04540766144612187749 ) ) ;
#4520 = VECTOR ( 'NONE', #5569, 1000.000000000000114 ) ;
#4521 = CARTESIAN_POINT ( 'NONE',  ( 2.250000000000000000, 0.8699944347589909643, -1.630794232870810045 ) ) ;
#4522 =( NAMED_UNIT ( * ) SI_UNIT ( $, .STERADIAN. ) SOLID_ANGLE_UNIT ( ) );
#4523 = DIRECTION ( 'NONE',  ( 0.000000000000000000, 0.000000000000000000, -1.000000000000000000 ) ) ;
#4524 = AXIS2_PLACEMENT_3D ( 'NONE', #1251, #6968, #9325 ) ;
#4525 = AXIS2_PLACEMENT_3D ( 'NONE', #396, #1918, #4648 ) ;
#4526 = ORIENTED_EDGE ( 'NONE', *, *, #3677, .F. ) ;
#4527 = DIRECTION ( 'NONE',  ( 0.000000000000000000, 1.000000000000000000, 0.000000000000000000 ) ) ;
#4528 = ORIENTED_EDGE ( 'NONE', *, *, #3434, .T. ) ;
#4529 = ORIENTED_EDGE ( 'NONE', *, *, #5439, .F. ) ;
#4530 = PRESENTATION_LAYER_ASSIGNMENT (  '', '', ( #8690 ) ) ;
#4531 = CARTESIAN_POINT ( 'NONE',  ( -1.324999999999999956, 1.681423601000000101, 1.550000000000000044 ) ) ;
#4532 = ORIENTED_EDGE ( 'NONE', *, *, #5844, .F. ) ;
#4533 = AXIS2_PLACEMENT_3D ( 'NONE', #2222, #4890, #8503 ) ;
#4534 = LINE ( 'NONE', #2365, #1185 ) ;
#4535 = VECTOR ( 'NONE', #4290, 1000.000000000000000 ) ;
#4536 = FACE_OUTER_BOUND ( 'NONE', #8770, .T. ) ;
#4537 = EDGE_CURVE ( 'NONE', #6363, #2850, #3281, .T. ) ;
#4538 = VERTEX_POINT ( 'NONE', #6180 ) ;
#4539 = EDGE_LOOP ( 'NONE', ( #1785, #5995, #2392, #6192 ) ) ;
#4540 = LINE ( 'NONE', #8212, #5768 ) ;
#4541 = ORIENTED_EDGE ( 'NONE', *, *, #657, .F. ) ;
#4542 = DIRECTION ( 'NONE',  ( 1.000000000000000000, 0.000000000000000000, 0.000000000000000000 ) ) ;
#4543 = ORIENTED_EDGE ( 'NONE', *, *, #6057, .F. ) ;
#4544 = CARTESIAN_POINT ( 'NONE',  ( 1.722167269999999917, 1.423370555991660069, -1.605640774225089773 ) ) ;
#4545 = DIRECTION ( 'NONE',  ( 0.8707914478650282675, -0.4916525748179580990, 0.000000000000000000 ) ) ;
#4546 = AXIS2_PLACEMENT_3D ( 'NONE', #3922, #5318, #2380 ) ;
#4547 = CARTESIAN_POINT ( 'NONE',  ( 1.722167269999999917, 1.455783555400681939, -1.600000000377485021 ) ) ;
#4548 = EDGE_CURVE ( 'NONE', #297, #5241, #2608, .T. ) ;
#4549 = VECTOR ( 'NONE', #5004, 1000.000000000000000 ) ;
#4550 = CARTESIAN_POINT ( 'NONE',  ( 0.7500000000000000000, 1.060000000000000053, 0.4700000007735149476 ) ) ;
#4551 = ORIENTED_EDGE ( 'NONE', *, *, #7156, .F. ) ;
#4552 = VERTEX_POINT ( 'NONE', #5510 ) ;
#4553 = CARTESIAN_POINT ( 'NONE',  ( 1.300000000000000044, 1.647467559999999942, 2.250000000025000002 ) ) ;
#4554 = AXIS2_PLACEMENT_3D ( 'NONE', #1744, #6858, #278 ) ;
#4555 = ORIENTED_EDGE ( 'NONE', *, *, #8443, .T. ) ;
#4556 = CARTESIAN_POINT ( 'NONE',  ( 1.322527229999999943, 1.681423601000000101, 1.541603168000000190 ) ) ;
#4557 = CARTESIAN_POINT ( 'NONE',  ( 1.699999999999999956, 0.8401360609999999340, -1.451643989999999995 ) ) ;
#4558 = CYLINDRICAL_SURFACE ( 'NONE', #3574, 0.2000000000000000944 ) ;
#4559 = EDGE_CURVE ( 'NONE', #4080, #1397, #7626, .T. ) ;
#4560 = CARTESIAN_POINT ( 'NONE',  ( 0.4999999996749999731, 0.03000000063083475138, 0.5999999998776038845 ) ) ;
#4561 = VECTOR ( 'NONE', #8004, 1000.000000000000114 ) ;
#4562 = EDGE_LOOP ( 'NONE', ( #4223, #3248, #2763, #5878 ) ) ;
#4563 = ADVANCED_FACE ( 'NONE', ( #4052 ), #1843, .T. ) ;
#4564 = DIRECTION ( 'NONE',  ( -0.000000000000000000, 0.000000000000000000, -1.000000000000000000 ) ) ;
#4565 = VERTEX_POINT ( 'NONE', #4673 ) ;
#4566 = CARTESIAN_POINT ( 'NONE',  ( -2.350000000000000089, 1.240192378864667822, -1.750000000000000000 ) ) ;
#4567 = CARTESIAN_POINT ( 'NONE',  ( -2.350000000096295061, 0.2000000000000000111, -0.5500000000000000444 ) ) ;
#4568 = CARTESIAN_POINT ( 'NONE',  ( -0.7500000000000000000, 1.247467559705230045, -1.613636363738395030 ) ) ;
#4569 = DIRECTION ( 'NONE',  ( -0.000000000000000000, 0.9989685402826004035, 0.04540765932803047383 ) ) ;
#4570 = LINE ( 'NONE', #929, #2567 ) ;
#4571 = ORIENTED_EDGE ( 'NONE', *, *, #4548, .F. ) ;
#4572 = CARTESIAN_POINT ( 'NONE',  ( -2.342588587496474695, 1.590056147773514894, -0.3999999999508210280 ) ) ;
#4573 = ORIENTED_EDGE ( 'NONE', *, *, #6864, .T. ) ;
#4574 = EDGE_LOOP ( 'NONE', ( #4760, #3390, #4758, #2040, #177, #6814, #9186 ) ) ;
#4575 = DIRECTION ( 'NONE',  ( 0.000000000000000000, 0.000000000000000000, -1.000000000000000000 ) ) ;
#4576 = UNCERTAINTY_MEASURE_WITH_UNIT (LENGTH_MEASURE( 1.000000000000000082E-05 ), #2678, 'distance_accuracy_value', 'NONE');
#4577 = DIRECTION ( 'NONE',  ( 0.000000000000000000, -1.000000000000000000, 0.000000000000000000 ) ) ;
#4578 = EDGE_CURVE ( 'NONE', #7795, #1270, #5400, .T. ) ;
#4579 = PLANE ( 'NONE',  #1953 ) ;
#4580 = EDGE_CURVE ( 'NONE', #7379, #3514, #322, .T. ) ;
#4581 = VERTEX_POINT ( 'NONE', #1085 ) ;
#4582 = LINE ( 'NONE', #9166, #2235 ) ;
#4583 = ORIENTED_EDGE ( 'NONE', *, *, #9499, .F. ) ;
#4584 = CARTESIAN_POINT ( 'NONE',  ( -0.5000000000000000000, 1.650056147000000140, 0.2981019982388939948 ) ) ;
#4585 = ORIENTED_EDGE ( 'NONE', *, *, #1824, .F. ) ;
#4586 = CARTESIAN_POINT ( 'NONE',  ( -0.1499999999999999944, 0.05000000000000000278, 0.000000000000000000 ) ) ;
#4587 = ORIENTED_EDGE ( 'NONE', *, *, #9203, .F. ) ;
#4588 = DIRECTION ( 'NONE',  ( 0.000000000000000000, 0.000000000000000000, -1.000000000000000000 ) ) ;
#4589 = DIRECTION ( 'NONE',  ( 0.000000000000000000, 0.000000000000000000, 1.000000000000000000 ) ) ;
#4590 = CARTESIAN_POINT ( 'NONE',  ( -0.1500000000374999976, 0.2000000001008594985, -0.5000000000011000090 ) ) ;
#4591 = LINE ( 'NONE', #6152, #6855 ) ;
#4592 = VERTEX_POINT ( 'NONE', #512 ) ;
#4593 = DIRECTION ( 'NONE',  ( -1.000000000000000000, -1.215288238484403854E-12, 0.000000000000000000 ) ) ;
#4594 = ORIENTED_EDGE ( 'NONE', *, *, #5609, .F. ) ;
#4595 = EDGE_CURVE ( 'NONE', #1970, #4126, #9163, .T. ) ;
#4596 = DIRECTION ( 'NONE',  ( 0.000000000000000000, -0.04540765932803048077, -0.9989685402826005145 ) ) ;
#4597 = EDGE_CURVE ( 'NONE', #3879, #5702, #9106, .T. ) ;
#4598 = ORIENTED_EDGE ( 'NONE', *, *, #4597, .F. ) ;
#4599 = ORIENTED_EDGE ( 'NONE', *, *, #1511, .F. ) ;
#4600 = COLOUR_RGB ( '',0.7764705882352941346, 0.7568627450980391913, 0.7372549019607843590 ) ;
#4601 = FILL_AREA_STYLE ('',( #3113 ) ) ;
#4602 = CARTESIAN_POINT ( 'NONE',  ( 1.611621319323820023, 1.189657002375158035, 1.600000000000000089 ) ) ;
#4603 = FACE_BOUND ( 'NONE', #3590, .T. ) ;
#4604 = DIRECTION ( 'NONE',  ( -1.000000000000000000, 0.000000000000000000, 0.000000000000000000 ) ) ;
#4605 = VERTEX_POINT ( 'NONE', #4108 ) ;
#4606 = ADVANCED_FACE ( 'NONE', ( #6370 ), #3232, .F. ) ;
#4607 = VECTOR ( 'NONE', #1496, 1000.000000000000000 ) ;
#4608 = LINE ( 'NONE', #4652, #844 ) ;
#4609 = EDGE_LOOP ( 'NONE', ( #2516, #5236, #6601, #7570, #1142, #6909, #5909, #5781, #3403 ) ) ;
#4610 = DIRECTION ( 'NONE',  ( 1.000000000000000000, 0.000000000000000000, 0.000000000000000000 ) ) ;
#4611 = EDGE_CURVE ( 'NONE', #482, #8877, #5002, .T. ) ;
#4612 = CARTESIAN_POINT ( 'NONE',  ( 2.149999999999999911, 1.690056146999999953, 1.408884404018738046 ) ) ;
#4613 = PLANE ( 'NONE',  #4923 ) ;
#4614 = DIRECTION ( 'NONE',  ( 0.000000000000000000, -1.000000000000000000, 0.000000000000000000 ) ) ;
#4615 = PLANE ( 'NONE',  #2413 ) ;
#4616 = ORIENTED_EDGE ( 'NONE', *, *, #3954, .T. ) ;
#4617 = CARTESIAN_POINT ( 'NONE',  ( -1.199999999999999956, 1.052467559644999939, 2.150000000083335028 ) ) ;
#4618 = LINE ( 'NONE', #8251, #810 ) ;
#4619 = ORIENTED_EDGE ( 'NONE', *, *, #4478, .T. ) ;
#4620 = DIRECTION ( 'NONE',  ( -1.000000000000000000, 0.000000000000000000, 0.000000000000000000 ) ) ;
#4621 = DIRECTION ( 'NONE',  ( 0.000000000000000000, 0.000000000000000000, 1.000000000000000000 ) ) ;
#4622 = DIRECTION ( 'NONE',  ( 0.000000000000000000, 0.000000000000000000, 1.000000000000000000 ) ) ;
#4624 = ORIENTED_EDGE ( 'NONE', *, *, #6503, .T. ) ;
#4623 = VECTOR ( 'NONE', #7569, 1000.000000000000000 ) ;
#4625 = DIRECTION ( 'NONE',  ( 1.000000000000000000, 0.000000000000000000, 0.000000000000000000 ) ) ;
#4626 = ORIENTED_EDGE ( 'NONE', *, *, #9269, .T. ) ;
#4627 = LINE ( 'NONE', #142, #3283 ) ;
#4628 = ORIENTED_EDGE ( 'NONE', *, *, #8095, .T. ) ;
#4629 = EDGE_CURVE ( 'NONE', #4905, #3260, #8400, .T. ) ;
#4630 = LINE ( 'NONE', #3149, #2557 ) ;
#4631 = ORIENTED_EDGE ( 'NONE', *, *, #4850, .F. ) ;
#4632 = CARTESIAN_POINT ( 'NONE',  ( 2.150000000706850045, 0.6038390272179889884, 1.785628019276130019 ) ) ;
#4633 = CARTESIAN_POINT ( 'NONE',  ( -2.350000000000000089, 1.500000000000000000, -0.4249999999999999889 ) ) ;
#4634 = DIRECTION ( 'NONE',  ( -1.000000000000000000, 0.000000000000000000, 0.000000000000000000 ) ) ;
#4635 = AXIS2_PLACEMENT_3D ( 'NONE', #7116, #7981, #7255 ) ;
#4636 = DIRECTION ( 'NONE',  ( 0.000000000000000000, 1.000000000000000000, -1.214080558237029832E-16 ) ) ;
#4637 = ORIENTED_EDGE ( 'NONE', *, *, #8320, .F. ) ;
#4638 =( NAMED_UNIT ( * ) SI_UNIT ( $, .STERADIAN. ) SOLID_ANGLE_UNIT ( ) );
#4639 = VERTEX_POINT ( 'NONE', #9255 ) ;
#4640 = FACE_OUTER_BOUND ( 'NONE', #8436, .T. ) ;
#4641 = AXIS2_PLACEMENT_3D ( 'NONE', #1940, #8535, #9254 ) ;
#4642 = ORIENTED_EDGE ( 'NONE', *, *, #7989, .F. ) ;
#4643 = EDGE_LOOP ( 'NONE', ( #8526, #5562, #1809, #2541, #7550, #6863 ) ) ;
#4644 = CARTESIAN_POINT ( 'NONE',  ( 0.1499999999625000191, 0.04000000009687500885, -0.5000000000027500224 ) ) ;
#4645 = DIRECTION ( 'NONE',  ( 1.000000000000000000, 0.000000000000000000, 0.000000000000000000 ) ) ;
#4646 = EDGE_CURVE ( 'NONE', #9045, #4166, #5595, .T. ) ;
#4647 = CARTESIAN_POINT ( 'NONE',  ( 1.200000000699999791, 1.547467560100000084, 2.250000000000000000 ) ) ;
#4648 = DIRECTION ( 'NONE',  ( 1.000000000000000000, 0.000000000000000000, 0.000000000000000000 ) ) ;
#4649 = EDGE_CURVE ( 'NONE', #3605, #3293, #4733, .T. ) ;
#4650 = VECTOR ( 'NONE', #5436, 1000.000000000000000 ) ;
#4651 = ORIENTED_EDGE ( 'NONE', *, *, #2688, .T. ) ;
#4652 = CARTESIAN_POINT ( 'NONE',  ( 2.149999999999999911, 1.650056147000000140, 1.749999999625740044 ) ) ;
#4653 = VERTEX_POINT ( 'NONE', #1460 ) ;
#4654 = CARTESIAN_POINT ( 'NONE',  ( -0.5999999999999999778, 1.052467559999999969, 2.250000000000000000 ) ) ;
#4655 = CARTESIAN_POINT ( 'NONE',  ( -1.699999999999999956, 1.400056147000000140, 1.499178201002293820 ) ) ;
#4656 = LINE ( 'NONE', #3408, #8469 ) ;
#4657 = DIRECTION ( 'NONE',  ( 0.000000000000000000, -0.04540765932803111915, 0.9989685402826005145 ) ) ;
#4658 = LINE ( 'NONE', #5498, #6408 ) ;
#4659 = ADVANCED_FACE ( 'NONE', ( #4382 ), #7138, .F. ) ;
#4660 = DIRECTION ( 'NONE',  ( -1.000000000000000000, 0.000000000000000000, 0.000000000000000000 ) ) ;
#4661 = EDGE_CURVE ( 'NONE', #2532, #2216, #8586, .T. ) ;
#4662 = EDGE_CURVE ( 'NONE', #1098, #2294, #4330, .T. ) ;
#4663 = VECTOR ( 'NONE', #8379, 1000.000000000000000 ) ;
#4664 = VECTOR ( 'NONE', #7269, 1000.000000000000000 ) ;
#4665 = ORIENTED_EDGE ( 'NONE', *, *, #4730, .T. ) ;
#4666 = AXIS2_PLACEMENT_3D ( 'NONE', #3665, #2314, #2174 ) ;
#4667 = CARTESIAN_POINT ( 'NONE',  ( -2.575841710426994613, 0.5999999999999999778, -0.5500000000000000444 ) ) ;
#4668 = DIRECTION ( 'NONE',  ( 0.000000000000000000, -0.04540765932803048077, -0.9989685402826005145 ) ) ;
#4669 = EDGE_LOOP ( 'NONE', ( #7595, #1685, #1826, #953, #7135 ) ) ;
#4670 = CARTESIAN_POINT ( 'NONE',  ( -1.275000000000000133, 1.060000000000000053, 1.500000000000000000 ) ) ;
#4671 = CARTESIAN_POINT ( 'NONE',  ( 2.099999999610479673, 1.140056147740384107, 0.4249999999999999889 ) ) ;
#4672 = VECTOR ( 'NONE', #5331, 1000.000000000000000 ) ;
#4673 = CARTESIAN_POINT ( 'NONE',  ( -0.1500000000374999976, 0.03999999998249999938, -0.5000000000027500224 ) ) ;
#4674 = AXIS2_PLACEMENT_3D ( 'NONE', #4175, #7749, #4224 ) ;
#4675 = CIRCLE ( 'NONE', #551, 0.09999999922648554473 ) ;
#4676 = PLANE ( 'NONE',  #3792 ) ;
#4677 = EDGE_CURVE ( 'NONE', #2712, #329, #6512, .T. ) ;
#4678 = VECTOR ( 'NONE', #6779, 1000.000000000000114 ) ;
#4679 = ORIENTED_EDGE ( 'NONE', *, *, #4351, .T. ) ;
#4680 = CARTESIAN_POINT ( 'NONE',  ( 1.849999999675000062, 0.03000000049479194936, 0.6000000000063169248 ) ) ;
#4681 = VECTOR ( 'NONE', #2057, 1000.000000000000000 ) ;
#4682 = ORIENTED_EDGE ( 'NONE', *, *, #9197, .T. ) ;
#4683 = ADVANCED_FACE ( 'NONE', ( #7193 ), #9442, .F. ) ;
#4684 = CARTESIAN_POINT ( 'NONE',  ( 0.5000000000000000000, 0.000000000000000000, -1.750000000000000000 ) ) ;
#4685 = VECTOR ( 'NONE', #2869, 1000.000000000000000 ) ;
#4686 = ORIENTED_EDGE ( 'NONE', *, *, #9447, .F. ) ;
#4687 = AXIS2_PLACEMENT_3D ( 'NONE', #5538, #6840, #2593 ) ;
#4688 = CARTESIAN_POINT ( 'NONE',  ( 2.342588587610479944, 1.690056146978335061, -0.4000000000357664676 ) ) ;
#4689 = AXIS2_PLACEMENT_3D ( 'NONE', #763, #4404, #5757 ) ;
#4690 = ORIENTED_EDGE ( 'NONE', *, *, #5201, .T. ) ;
#4691 = CARTESIAN_POINT ( 'NONE',  ( 1.699999999999999956, 0.8838578739367730641, 1.713974867283015069 ) ) ;
#4692 = CARTESIAN_POINT ( 'NONE',  ( -1.150000000100000142, 1.052467559999999969, 2.149999999999999911 ) ) ;
#4693 =( NAMED_UNIT ( * ) PLANE_ANGLE_UNIT ( ) SI_UNIT ( $, .RADIAN. ) );
#4694 = CARTESIAN_POINT ( 'NONE',  ( 0.7500000000000000000, 1.650056147000000140, 0.5699999999999999512 ) ) ;
#4695 = VECTOR ( 'NONE', #3204, 1000.000000000000000 ) ;
#4696 = VECTOR ( 'NONE', #1520, 1000.000000000000000 ) ;
#4697 = VERTEX_POINT ( 'NONE', #3563 ) ;
#4698 = CARTESIAN_POINT ( 'NONE',  ( -2.149999999911110127, 1.638588553985460106, -1.574026653644445162 ) ) ;
#4699 = EDGE_LOOP ( 'NONE', ( #5375, #3969, #398, #1220 ) ) ;
#4700 = DIRECTION ( 'NONE',  ( 0.000000000000000000, 1.000000000000000000, 0.000000000000000000 ) ) ;
#4701 = ORIENTED_EDGE ( 'NONE', *, *, #623, .F. ) ;
#4702 =( GEOMETRIC_REPRESENTATION_CONTEXT ( 3 ) GLOBAL_UNCERTAINTY_ASSIGNED_CONTEXT ( ( #2094 ) ) GLOBAL_UNIT_ASSIGNED_CONTEXT ( ( #1285, #1143, #9220 ) ) REPRESENTATION_CONTEXT ( 'NONE', 'WORKASPACE' ) );
#4703 = ORIENTED_EDGE ( 'NONE', *, *, #4428, .F. ) ;
#4704 = VECTOR ( 'NONE', #4957, 1000.000000000000114 ) ;
#4705 = PRESENTATION_STYLE_ASSIGNMENT (( #2297 ) ) ;
#4706 =( NAMED_UNIT ( * ) SI_UNIT ( $, .STERADIAN. ) SOLID_ANGLE_UNIT ( ) );
#4707 = MECHANICAL_DESIGN_GEOMETRIC_PRESENTATION_REPRESENTATION (  '', ( #9014 ), #7333 ) ;
#4708 = CARTESIAN_POINT ( 'NONE',  ( 1.849999999675000062, 0.03000000049479194936, -0.5999999999936839190 ) ) ;
#4709 = ADVANCED_FACE ( 'NONE', ( #3612 ), #3661, .T. ) ;
#4710 = DIRECTION ( 'NONE',  ( 1.000000000000000000, 0.000000000000000000, 0.000000000000000000 ) ) ;
#4711 = ADVANCED_FACE ( 'NONE', ( #4925 ), #9355, .T. ) ;
#4712 = VECTOR ( 'NONE', #8308, 1000.000000000000000 ) ;
#4713 = VERTEX_POINT ( 'NONE', #608 ) ;
#4714 = CARTESIAN_POINT ( 'NONE',  ( -1.699999999999999956, 1.411408062336726221, -1.748920337633290023 ) ) ;
#4715 = ORIENTED_EDGE ( 'NONE', *, *, #6785, .T. ) ;
#4716 = DIRECTION ( 'NONE',  ( 0.000000000000000000, 0.9989685402826004035, -0.04540765932803051547 ) ) ;
#4717 = CARTESIAN_POINT ( 'NONE',  ( 0.7500000000000000000, 1.060000000000000053, -0.6800000000000000488 ) ) ;
#4718 = DIRECTION ( 'NONE',  ( 1.000000000000000000, 0.000000000000000000, 0.000000000000000000 ) ) ;
#4719 = VERTEX_POINT ( 'NONE', #8049 ) ;
#4720 = LINE ( 'NONE', #6171, #5734 ) ;
#4721 =( NAMED_UNIT ( * ) PLANE_ANGLE_UNIT ( ) SI_UNIT ( $, .RADIAN. ) );
#4722 = AXIS2_PLACEMENT_3D ( 'NONE', #1733, #6987, #7758 ) ;
#4723 = CARTESIAN_POINT ( 'NONE',  ( 2.149999999999999911, 1.500000000000000000, 1.749999999625740044 ) ) ;
#4724 = ORIENTED_EDGE ( 'NONE', *, *, #9333, .T. ) ;
#4725 = CYLINDRICAL_SURFACE ( 'NONE', #5142, 0.09999999922648554473 ) ;
#4726 = STYLED_ITEM ( 'NONE', ( #9096 ), #4891 ) ;
#4727 = DIRECTION ( 'NONE',  ( 0.000000000000000000, -0.9989685401863234171, 0.04540766144612187749 ) ) ;
#4728 = VERTEX_POINT ( 'NONE', #693 ) ;
#4729 = ADVANCED_FACE ( 'NONE', ( #2846 ), #6564, .F. ) ;
#4730 = EDGE_CURVE ( 'NONE', #2554, #2835, #9494, .T. ) ;
#4731 = CARTESIAN_POINT ( 'NONE',  ( 1.699999999999999956, 0.8401360609790399225, 1.451643989874237928 ) ) ;
#4732 = CARTESIAN_POINT ( 'NONE',  ( -2.350000000096295061, 0.2000000000000000111, 0.5500000000000000444 ) ) ;
#4733 = LINE ( 'NONE', #7673, #2701 ) ;
#4734 = CARTESIAN_POINT ( 'NONE',  ( 2.350000000096295061, 0.2000000000000000111, -0.5500000000000000444 ) ) ;
#4735 = ORIENTED_EDGE ( 'NONE', *, *, #5624, .F. ) ;
#4736 = DIRECTION ( 'NONE',  ( 1.000000000000000000, 0.000000000000000000, 0.000000000000000000 ) ) ;
#4737 = VERTEX_POINT ( 'NONE', #6425 ) ;
#4738 = EDGE_CURVE ( 'NONE', #3238, #7879, #2756, .T. ) ;
#4739 = CARTESIAN_POINT ( 'NONE',  ( -2.149999999999999911, 1.690056146999999953, -0.9000000001087259394 ) ) ;
#4740 = ORIENTED_EDGE ( 'NONE', *, *, #6795, .F. ) ;
#4741 = EDGE_CURVE ( 'NONE', #3879, #8511, #5695, .T. ) ;
#4742 = LINE ( 'NONE', #4062, #8852 ) ;
#4743 = ORIENTED_EDGE ( 'NONE', *, *, #9333, .F. ) ;
#4744 = DIRECTION ( 'NONE',  ( 0.000000000000000000, 0.04540766260351669636, -0.9989685401337147219 ) ) ;
#4745 = CARTESIAN_POINT ( 'NONE',  ( -1.574999999999965095, 0.05000000000000000278, 0.2000000000000000111 ) ) ;
#4746 = DIRECTION ( 'NONE',  ( 0.000000000000000000, 0.000000000000000000, 1.000000000000000000 ) ) ;
#4747 = VERTEX_POINT ( 'NONE', #2031 ) ;
#4748 = CARTESIAN_POINT ( 'NONE',  ( -0.5999999999999999778, 1.060000000201249959, 1.500000000062500005 ) ) ;
#4749 = ORIENTED_EDGE ( 'NONE', *, *, #2308, .T. ) ;
#4750 = DIRECTION ( 'NONE',  ( 0.000000000000000000, 0.000000000000000000, -1.000000000000000000 ) ) ;
#4751 = ORIENTED_EDGE ( 'NONE', *, *, #7794, .T. ) ;
#4752 = ORIENTED_EDGE ( 'NONE', *, *, #5023, .T. ) ;
#4753 = AXIS2_PLACEMENT_3D ( 'NONE', #5758, #7937, #7068 ) ;
#4754 =( LENGTH_UNIT ( ) NAMED_UNIT ( * ) SI_UNIT ( .MILLI., .METRE. ) );
#4755 = DIRECTION ( 'NONE',  ( 0.000000000000000000, -1.000000000000000000, 0.000000000000000000 ) ) ;
#4756 = LINE ( 'NONE', #4804, #8793 ) ;
#4757 = LINE ( 'NONE', #7700, #562 ) ;
#4758 = ORIENTED_EDGE ( 'NONE', *, *, #3791, .T. ) ;
#4759 = DIRECTION ( 'NONE',  ( 0.000000000000000000, 0.000000000000000000, -1.000000000000000000 ) ) ;
#4760 = ORIENTED_EDGE ( 'NONE', *, *, #3378, .T. ) ;
#4761 = CARTESIAN_POINT ( 'NONE',  ( -2.750000000000000000, 0.5016694850364079583, -1.149999999999999911 ) ) ;
#4762 = DIRECTION ( 'NONE',  ( 0.000000000000000000, -0.9989685403160103450, -0.04540765859300991553 ) ) ;
#4763 = EDGE_CURVE ( 'NONE', #2176, #5495, #8002, .T. ) ;
#4764 = DIRECTION ( 'NONE',  ( 0.000000000000000000, 0.000000000000000000, -1.000000000000000000 ) ) ;
#4765 = ORIENTED_EDGE ( 'NONE', *, *, #623, .T. ) ;
#4766 = CARTESIAN_POINT ( 'NONE',  ( 2.350000000096295061, 0.2000000000000000111, 0.5500000000000000444 ) ) ;
#4767 = CARTESIAN_POINT ( 'NONE',  ( -1.699999999999999956, 1.499999999738714118, 1.521793619773354811 ) ) ;
#4768 = DIRECTION ( 'NONE',  ( 1.000000000000000000, 0.000000000000000000, 0.000000000000000000 ) ) ;
#4769 = CIRCLE ( 'NONE', #8156, 0.09999999922648560025 ) ;
#4770 = VECTOR ( 'NONE', #7223, 1000.000000000000114 ) ;
#4771 = ORIENTED_EDGE ( 'NONE', *, *, #9156, .F. ) ;
#4772 = DIRECTION ( 'NONE',  ( 0.000000000000000000, -0.1643989965304784029, -0.9863939222946234153 ) ) ;
#4773 = DIRECTION ( 'NONE',  ( 0.000000000000000000, 0.000000000000000000, 1.000000000000000000 ) ) ;
#4774 = ORIENTED_EDGE ( 'NONE', *, *, #3683, .F. ) ;
#4775 = DIRECTION ( 'NONE',  ( 0.000000000000000000, -1.207942637035733742E-16, -1.000000000000000000 ) ) ;
#4776 = LINE ( 'NONE', #2456, #8680 ) ;
#4777 = LINE ( 'NONE', #7094, #6857 ) ;
#4778 = EDGE_CURVE ( 'NONE', #2992, #9205, #1325, .T. ) ;
#4779 = CARTESIAN_POINT ( 'NONE',  ( -2.149999999911110127, 1.638588553985460106, -1.574026653644445162 ) ) ;
#4780 = EDGE_CURVE ( 'NONE', #2623, #3776, #5832, .T. ) ;
#4781 = ORIENTED_EDGE ( 'NONE', *, *, #252, .T. ) ;
#4782 = EDGE_CURVE ( 'NONE', #9312, #1207, #1413, .T. ) ;
#4783 = LINE ( 'NONE', #7721, #2827 ) ;
#4784 = LINE ( 'NONE', #3286, #414 ) ;
#4785 = VERTEX_POINT ( 'NONE', #649 ) ;
#4786 = CARTESIAN_POINT ( 'NONE',  ( 1.449999999999999956, 1.500000000000000000, -1.475774862966304113 ) ) ;
#4787 = ORIENTED_EDGE ( 'NONE', *, *, #7032, .F. ) ;
#4788 = DIRECTION ( 'NONE',  ( 0.000000000000000000, 0.000000000000000000, 1.000000000000000000 ) ) ;
#4789 = CARTESIAN_POINT ( 'NONE',  ( -0.5999999999999999778, 1.060000000201249959, 1.749999999937500217 ) ) ;
#4790 = CARTESIAN_POINT ( 'NONE',  ( -2.250000000000000000, 0.5973644132555430142, 1.643186507102319949 ) ) ;
#4791 = EDGE_CURVE ( 'NONE', #2734, #858, #6655, .T. ) ;
#4792 = LINE ( 'NONE', #8358, #9308 ) ;
#4793 = EDGE_CURVE ( 'NONE', #9102, #1845, #3706, .T. ) ;
#4794 = ADVANCED_FACE ( 'NONE', ( #9006 ), #8104, .F. ) ;
#4795 = ORIENTED_EDGE ( 'NONE', *, *, #6245, .F. ) ;
#4796 = CARTESIAN_POINT ( 'NONE',  ( -1.699999999999999956, 0.8838578738667650647, 1.713974867342125119 ) ) ;
#4797 = EDGE_LOOP ( 'NONE', ( #3823, #2704, #3106, #6836 ) ) ;
#4798 = CARTESIAN_POINT ( 'NONE',  ( 1.699999999999999956, 0.8401360609999999340, 1.451643989999999995 ) ) ;
#4799 = ORIENTED_EDGE ( 'NONE', *, *, #6781, .T. ) ;
#4800 = VERTEX_POINT ( 'NONE', #5208 ) ;
#4801 = CARTESIAN_POINT ( 'NONE',  ( 1.324999999999999956, 1.411408062361530158, 1.748920336048874979 ) ) ;
#4802 = VECTOR ( 'NONE', #3585, 1000.000000000000000 ) ;
#4803 = LINE ( 'NONE', #2627, #2289 ) ;
#4804 = CARTESIAN_POINT ( 'NONE',  ( 0.5106971450000000745, 1.060000000000000053, -0.6250000000000000000 ) ) ;
#4805 = DIRECTION ( 'NONE',  ( -1.000000000000000000, -1.215290246266205980E-12, 0.000000000000000000 ) ) ;
#4806 = ORIENTED_EDGE ( 'NONE', *, *, #8241, .T. ) ;
#4807 = VECTOR ( 'NONE', #5016, 1000.000000000000114 ) ;
#4808 = CARTESIAN_POINT ( 'NONE',  ( 2.249999999933334660, 0.8699944330148360327, 1.630794233034259966 ) ) ;
#4809 = ORIENTED_EDGE ( 'NONE', *, *, #6197, .T. ) ;
#4810 = CARTESIAN_POINT ( 'NONE',  ( 2.149999999999999911, 1.649031131325479960, 1.521793620081484777 ) ) ;
#4811 = EDGE_CURVE ( 'NONE', #7022, #7602, #1690, .T. ) ;
#4812 = PLANE ( 'NONE',  #583 ) ;
#4813 = ORIENTED_EDGE ( 'NONE', *, *, #6236, .F. ) ;
#4814 = PLANE ( 'NONE',  #9420 ) ;
#4815 = SURFACE_STYLE_FILL_AREA ( #1878 ) ;
#4816 = AXIS2_PLACEMENT_3D ( 'NONE', #156, #822, #2299 ) ;
#4817 = PLANE ( 'NONE',  #7815 ) ;
#4818 = ORIENTED_EDGE ( 'NONE', *, *, #159, .T. ) ;
#4819 = ADVANCED_FACE ( 'NONE', ( #833 ), #4430, .F. ) ;
#4820 = CARTESIAN_POINT ( 'NONE',  ( -2.149999999999999911, 1.500000000000000000, 1.408884403999999924 ) ) ;
#4821 = VECTOR ( 'NONE', #764, 1000.000000000000000 ) ;
#4822 = CARTESIAN_POINT ( 'NONE',  ( -2.150000000773514941, 0.6038390272459159824, 1.785628019890510121 ) ) ;
#4823 = EDGE_LOOP ( 'NONE', ( #8801, #6298, #6392, #8746, #900, #3528, #2767, #5965, #8748, #4701 ) ) ;
#4824 = FACE_OUTER_BOUND ( 'NONE', #3536, .T. ) ;
#4825 = CARTESIAN_POINT ( 'NONE',  ( 2.299999999966665154, 1.690056146999999953, -1.391115596000000121 ) ) ;
#4826 = CARTESIAN_POINT ( 'NONE',  ( 0.4999999996666670277, 1.153942174106225904, -1.760623333791125011 ) ) ;
#4827 = CARTESIAN_POINT ( 'NONE',  ( -2.099999999496474867, 1.140056147914642048, -0.4249999999999999889 ) ) ;
#4828 = VECTOR ( 'NONE', #3096, 1000.000000000000000 ) ;
#4829 = ORIENTED_EDGE ( 'NONE', *, *, #4884, .F. ) ;
#4830 = ADVANCED_FACE ( 'NONE', ( #7519 ), #972, .T. ) ;
#4831 = CARTESIAN_POINT ( 'NONE',  ( 2.250000000000000000, 0.5973644140000000657, -1.643186507000000018 ) ) ;
#4832 = VECTOR ( 'NONE', #5138, 1000.000000000000000 ) ;
#4833 = ORIENTED_EDGE ( 'NONE', *, *, #1475, .T. ) ;
#4834 = VECTOR ( 'NONE', #9434, 1000.000000000000000 ) ;
#4835 = DIRECTION ( 'NONE',  ( 0.000000000000000000, -0.8660254037844387076, 0.4999999999999998890 ) ) ;
#4836 = AXIS2_PLACEMENT_3D ( 'NONE', #7339, #8867, #4388 ) ;
#4837 = ORIENTED_EDGE ( 'NONE', *, *, #975, .F. ) ;
#4838 = CARTESIAN_POINT ( 'NONE',  ( 2.149999999610479939, 1.690056146978335061, -0.4000000000357664676 ) ) ;
#4839 = PLANE ( 'NONE',  #6267 ) ;
#4840 = DIRECTION ( 'NONE',  ( -1.000000000000000000, 0.000000000000000000, 0.000000000000000000 ) ) ;
#4841 = VECTOR ( 'NONE', #661, 1000.000000000000000 ) ;
#4842 = VECTOR ( 'NONE', #2119, 1000.000000000000000 ) ;
#4843 = ORIENTED_EDGE ( 'NONE', *, *, #3669, .T. ) ;
#4844 = CARTESIAN_POINT ( 'NONE',  ( 1.699999999999999956, 0.8800561470000000108, 1.630336881999999932 ) ) ;
#4845 = VECTOR ( 'NONE', #8742, 1000.000000000000000 ) ;
#4846 = ORIENTED_EDGE ( 'NONE', *, *, #3547, .F. ) ;
#4847 = DIRECTION ( 'NONE',  ( -0.8707914478650282675, -0.4916525748179580435, 0.000000000000000000 ) ) ;
#4848 = ORIENTED_EDGE ( 'NONE', *, *, #4372, .T. ) ;
#4849 = ORIENTED_EDGE ( 'NONE', *, *, #6061, .T. ) ;
#4850 = EDGE_CURVE ( 'NONE', #3385, #5234, #7419, .T. ) ;
#4851 = PLANE ( 'NONE',  #1005 ) ;
#4852 = FILL_AREA_STYLE_COLOUR ( '', #9364 ) ;
#4853 = AXIS2_PLACEMENT_3D ( 'NONE', #3388, #7279, #6567 ) ;
#4854 = LINE ( 'NONE', #4708, #8808 ) ;
#4855 = CIRCLE ( 'NONE', #1627, 0.2500000000000000000 ) ;
#4856 = LINE ( 'NONE', #7802, #6846 ) ;
#4857 = ORIENTED_EDGE ( 'NONE', *, *, #3600, .T. ) ;
#4858 = CARTESIAN_POINT ( 'NONE',  ( 1.449999999999999956, 1.500000000000000000, 1.600000000136120093 ) ) ;
#4859 = ORIENTED_EDGE ( 'NONE', *, *, #4109, .F. ) ;
#4860 = DIRECTION ( 'NONE',  ( 0.000000000000000000, 7.172414316654771096E-14, -1.000000000000000000 ) ) ;
#4861 = DIRECTION ( 'NONE',  ( 0.000000000000000000, -1.000000000000000000, 0.000000000000000000 ) ) ;
#4862 = EDGE_CURVE ( 'NONE', #9508, #7143, #126, .T. ) ;
#4863 = DIRECTION ( 'NONE',  ( -1.000000000000000000, 0.000000000000000000, 0.000000000000000000 ) ) ;
#4864 = ORIENTED_EDGE ( 'NONE', *, *, #4170, .T. ) ;
#4865 = LINE ( 'NONE', #8385, #1738 ) ;
#4866 = DIRECTION ( 'NONE',  ( 0.000000000000000000, 0.000000000000000000, 1.000000000000000000 ) ) ;
#4867 = AXIS2_PLACEMENT_3D ( 'NONE', #4147, #3230, #2559 ) ;
#4868 = SURFACE_STYLE_FILL_AREA ( #5586 ) ;
#4869 = VECTOR ( 'NONE', #3028, 1000.000000000000114 ) ;
#4870 = ORIENTED_EDGE ( 'NONE', *, *, #8403, .F. ) ;
#4871 = DIRECTION ( 'NONE',  ( 0.000000000000000000, -1.000000000000000000, 0.000000000000000000 ) ) ;
#4872 = DIRECTION ( 'NONE',  ( -1.000000000000000000, 0.000000000000000000, 0.000000000000000000 ) ) ;
#4873 = ORIENTED_EDGE ( 'NONE', *, *, #4292, .F. ) ;
#4874 = CARTESIAN_POINT ( 'NONE',  ( 1.699999999999999956, 0.8865307614232849076, 1.772778395418294961 ) ) ;
#4875 = VECTOR ( 'NONE', #2807, 1000.000000000000000 ) ;
#4876 = DIRECTION ( 'NONE',  ( 0.000000000000000000, 0.000000000000000000, 1.000000000000000000 ) ) ;
#4877 = DIRECTION ( 'NONE',  ( 0.000000000000000000, 0.000000000000000000, 1.000000000000000000 ) ) ;
#4878 = LINE ( 'NONE', #323, #3637 ) ;
#4879 = VERTEX_POINT ( 'NONE', #1594 ) ;
#4880 = DIRECTION ( 'NONE',  ( 0.000000000000000000, 0.9989685402856599561, 0.04540765926072148906 ) ) ;
#4881 = AXIS2_PLACEMENT_3D ( 'NONE', #2697, #8337, #547 ) ;
#4882 = EDGE_LOOP ( 'NONE', ( #4345, #7189, #1556, #9359 ) ) ;
#4883 = EDGE_CURVE ( 'NONE', #427, #7488, #7377, .T. ) ;
#4884 = EDGE_CURVE ( 'NONE', #4390, #2133, #7472, .T. ) ;
#4885 = DIRECTION ( 'NONE',  ( 0.000000000000000000, 0.04540765494387170864, 0.9989685404818803294 ) ) ;
#4886 = VERTEX_POINT ( 'NONE', #3079 ) ;
#4887 = CARTESIAN_POINT ( 'NONE',  ( 1.200000000299999980, 1.547467560000000075, 2.150000000083335028 ) ) ;
#4888 = ADVANCED_FACE ( 'NONE', ( #6022 ), #8950, .F. ) ;
#4889 = LINE ( 'NONE', #4205, #5793 ) ;
#4890 = DIRECTION ( 'NONE',  ( 0.000000000000000000, 0.000000000000000000, 1.000000000000000000 ) ) ;
#4891 = MANIFOLD_SOLID_BREP ( 'Split1[5]', #6185 ) ;
#4892 = ORIENTED_EDGE ( 'NONE', *, *, #6133, .T. ) ;
#4893 = LINE ( 'NONE', #9181, #3754 ) ;
#4894 = VERTEX_POINT ( 'NONE', #2449 ) ;
#4895 = DIRECTION ( 'NONE',  ( -1.000000000000000000, 0.000000000000000000, 0.000000000000000000 ) ) ;
#4896 = ORIENTED_EDGE ( 'NONE', *, *, #9210, .T. ) ;
#4897 = DIRECTION ( 'NONE',  ( -1.000000000000000000, 0.000000000000000000, 0.000000000000000000 ) ) ;
#4898 = DIRECTION ( 'NONE',  ( 0.000000000000000000, 9.166665094085399879E-12, 1.000000000000000000 ) ) ;
#4899 = DIRECTION ( 'NONE',  ( 0.000000000000000000, 0.1643989885761250325, -0.9863939236203491667 ) ) ;
#4900 = CARTESIAN_POINT ( 'NONE',  ( 1.699999999600005030, 0.9135077108442209992, -1.771552170602165077 ) ) ;
#4901 = EDGE_CURVE ( 'NONE', #1036, #8201, #211, .T. ) ;
#4902 = ORIENTED_EDGE ( 'NONE', *, *, #7443, .T. ) ;
#4903 = EDGE_CURVE ( 'NONE', #4728, #8012, #3178, .T. ) ;
#4904 = PLANE ( 'NONE',  #3290 ) ;
#4905 = VERTEX_POINT ( 'NONE', #1027 ) ;
#4906 = COLOUR_RGB ( '',0.7764705882352941346, 0.7568627450980391913, 0.7372549019607843590 ) ;
#4907 = CARTESIAN_POINT ( 'NONE',  ( 2.149999999999999911, 1.690056146999999953, 1.749999999625740044 ) ) ;
#4908 = LINE ( 'NONE', #1430, #3941 ) ;
#4909 = ORIENTED_EDGE ( 'NONE', *, *, #7884, .T. ) ;
#4910 = CARTESIAN_POINT ( 'NONE',  ( 0.5000000000000000000, 1.690056146999999953, 0.5699999999999999512 ) ) ;
#4911 = CARTESIAN_POINT ( 'NONE',  ( -2.350000000000000089, 0.8500000001534029348, 1.449999999901004033 ) ) ;
#4912 =( NAMED_UNIT ( * ) PLANE_ANGLE_UNIT ( ) SI_UNIT ( $, .RADIAN. ) );
#4913 = LINE ( 'NONE', #1267, #407 ) ;
#4914 = EDGE_CURVE ( 'NONE', #5256, #4592, #6222, .T. ) ;
#4915 = EDGE_CURVE ( 'NONE', #1349, #553, #4658, .T. ) ;
#4916 = VERTEX_POINT ( 'NONE', #3366 ) ;
#4917 = EDGE_CURVE ( 'NONE', #1709, #6739, #6897, .T. ) ;
#4918 = DIRECTION ( 'NONE',  ( 1.000000000000000000, 0.000000000000000000, 0.000000000000000000 ) ) ;
#4919 = EDGE_LOOP ( 'NONE', ( #8925, #6042, #246, #3003, #8277, #3210, #4532, #9236, #5906, #6044, #1662, #3409 ) ) ;
#4920 = SURFACE_SIDE_STYLE ('',( #7231 ) ) ;
#4921 = EDGE_LOOP ( 'NONE', ( #8262, #2955, #7545, #9064 ) ) ;
#4922 = CYLINDRICAL_SURFACE ( 'NONE', #6000, 0.09999999922648550310 ) ;
#4923 = AXIS2_PLACEMENT_3D ( 'NONE', #2350, #2266, #5293 ) ;
#4924 = DIRECTION ( 'NONE',  ( 1.000000000000000000, 0.000000000000000000, 0.000000000000000000 ) ) ;
#4925 = FACE_OUTER_BOUND ( 'NONE', #3317, .T. ) ;
#4926 = DIRECTION ( 'NONE',  ( 0.000000000000000000, 1.000000000000000000, 0.000000000000000000 ) ) ;
#4927 = ORIENTED_EDGE ( 'NONE', *, *, #6738, .F. ) ;
#4928 = DIRECTION ( 'NONE',  ( 0.000000000000000000, -1.000000000000000000, 0.000000000000000000 ) ) ;
#4929 = VECTOR ( 'NONE', #9478, 1000.000000000000000 ) ;
#4930 = ORIENTED_EDGE ( 'NONE', *, *, #3565, .T. ) ;
#4931 = CARTESIAN_POINT ( 'NONE',  ( 1.699999999999999956, 1.649031131325479960, 1.521793620081484777 ) ) ;
#4932 = ORIENTED_EDGE ( 'NONE', *, *, #45, .F. ) ;
#4933 = LINE ( 'NONE', #6292, #5018 ) ;
#4934 = ORIENTED_EDGE ( 'NONE', *, *, #1415, .F. ) ;
#4935 = EDGE_CURVE ( 'NONE', #329, #5850, #7708, .T. ) ;
#4936 = EDGE_LOOP ( 'NONE', ( #1828, #6683, #4585, #5604 ) ) ;
#4937 = DIRECTION ( 'NONE',  ( 1.000000000000000000, 0.000000000000000000, 0.000000000000000000 ) ) ;
#4938 = ORIENTED_EDGE ( 'NONE', *, *, #6276, .F. ) ;
#4939 = CARTESIAN_POINT ( 'NONE',  ( -0.5999999999999999778, 1.060000000201249959, 1.749999999937500217 ) ) ;
#4940 = FACE_OUTER_BOUND ( 'NONE', #1373, .T. ) ;
#4941 = LINE ( 'NONE', #1394, #6539 ) ;
#4942 = ORIENTED_EDGE ( 'NONE', *, *, #3777, .T. ) ;
#4943 = CLOSED_SHELL ( 'NONE', ( #7823, #2860, #2173, #2896, #4975, #9408, #1533 ) ) ;
#4944 = DIRECTION ( 'NONE',  ( -1.000000000000000000, 0.000000000000000000, 0.000000000000000000 ) ) ;
#4945 = ORIENTED_EDGE ( 'NONE', *, *, #4578, .T. ) ;
#4946 = CARTESIAN_POINT ( 'NONE',  ( -2.350000000000000089, 1.140056146948334126, 0.4249999999999999889 ) ) ;
#4947 = CARTESIAN_POINT ( 'NONE',  ( -0.7500000000000000000, 1.253942173968593865, -1.756077876763244783 ) ) ;
#4948 = CARTESIAN_POINT ( 'NONE',  ( 2.149999999610479939, 1.690056146978335061, 0.3999999999642335213 ) ) ;
#4949 = ADVANCED_FACE ( 'NONE', ( #6172 ), #3270, .F. ) ;
#4950 = CARTESIAN_POINT ( 'NONE',  ( 2.350000000096295061, 0.000000000000000000, -1.149999999999999911 ) ) ;
#4951 = PLANE ( 'NONE',  #6887 ) ;
#4952 = VECTOR ( 'NONE', #2030, 1000.000000000000000 ) ;
#4953 = ORIENTED_EDGE ( 'NONE', *, *, #5945, .F. ) ;
#4954 = CARTESIAN_POINT ( 'NONE',  ( -1.959807620844905118, 0.8401360609999999340, 1.451643989999999995 ) ) ;
#4955 = ORIENTED_EDGE ( 'NONE', *, *, #6133, .F. ) ;
#4956 = CARTESIAN_POINT ( 'NONE',  ( -0.5000000000000000000, 5.208344525901209992E-10, -0.5999999994999999364 ) ) ;
#4957 = DIRECTION ( 'NONE',  ( 0.000000000000000000, -0.9863939211294419085, -0.1643990035215669998 ) ) ;
#4958 = ORIENTED_EDGE ( 'NONE', *, *, #5222, .T. ) ;
#4959 = VECTOR ( 'NONE', #639, 1000.000000000000000 ) ;
#4960 = DIRECTION ( 'NONE',  ( 0.000000000000000000, -0.1643990027857260283, -0.9863939212520821398 ) ) ;
#4961 = ADVANCED_FACE ( 'NONE', ( #1931 ), #3996, .F. ) ;
#4962 = EDGE_CURVE ( 'NONE', #4421, #4728, #9150, .T. ) ;
#4963 = CARTESIAN_POINT ( 'NONE',  ( 2.350000000000000089, 0.8901360609999999784, -1.751643990000000040 ) ) ;
#4964 = CARTESIAN_POINT ( 'NONE',  ( 1.324999999999999956, 0.8800561470586180102, 1.630336883289595029 ) ) ;
#4965 = EDGE_CURVE ( 'NONE', #2216, #6095, #6314, .T. ) ;
#4966 = CARTESIAN_POINT ( 'NONE',  ( -1.449999999999999956, 1.500000000000000000, -1.475774862966304113 ) ) ;
#4967 = ORIENTED_EDGE ( 'NONE', *, *, #1102, .F. ) ;
#4968 = FACE_OUTER_BOUND ( 'NONE', #7308, .T. ) ;
#4969 = ORIENTED_EDGE ( 'NONE', *, *, #1037, .T. ) ;
#4970 = LINE ( 'NONE', #2900, #8092 ) ;
#4971 = ORIENTED_EDGE ( 'NONE', *, *, #3251, .F. ) ;
#4972 = AXIS2_PLACEMENT_3D ( 'NONE', #3515, #1850, #604 ) ;
#4973 = UNCERTAINTY_MEASURE_WITH_UNIT (LENGTH_MEASURE( 1.000000000000000082E-05 ), #3298, 'distance_accuracy_value', 'NONE');
#4974 = DIRECTION ( 'NONE',  ( 0.000000000000000000, -0.4999999999999998890, 0.8660254037844387076 ) ) ;
#4975 = ADVANCED_FACE ( 'NONE', ( #3894 ), #412, .T. ) ;
#4976 = PLANE ( 'NONE',  #7487 ) ;
#4977 = MANIFOLD_SOLID_BREP ( 'Split1[1]', #4943 ) ;
#4978 = EDGE_CURVE ( 'NONE', #5671, #3605, #8712, .T. ) ;
#4979 = VECTOR ( 'NONE', #5420, 1000.000000000000000 ) ;
#4980 = VECTOR ( 'NONE', #5629, 1000.000000000000000 ) ;
#4981 = ORIENTED_EDGE ( 'NONE', *, *, #8241, .F. ) ;
#4982 = AXIS2_PLACEMENT_3D ( 'NONE', #1080, #3084, #171 ) ;
#4983 = ORIENTED_EDGE ( 'NONE', *, *, #713, .T. ) ;
#4984 = CIRCLE ( 'NONE', #242, 0.1300000010000001149 ) ;
#4985 = ORIENTED_EDGE ( 'NONE', *, *, #517, .F. ) ;
#4986 = LINE ( 'NONE', #7843, #5986 ) ;
#4987 = VECTOR ( 'NONE', #3441, 1000.000000000000000 ) ;
#4988 = DIRECTION ( 'NONE',  ( 0.8707914478650282675, 0.4916525748179580990, 0.000000000000000000 ) ) ;
#4989 = AXIS2_PLACEMENT_3D ( 'NONE', #6543, #3504, #4312 ) ;
#4990 = DIRECTION ( 'NONE',  ( 1.215290246266205980E-12, -1.000000000000000000, 9.166665094085399879E-12 ) ) ;
#4991 = VECTOR ( 'NONE', #2209, 1000.000000000000000 ) ;
#4992 = VECTOR ( 'NONE', #1146, 1000.000000000000000 ) ;
#4993 = ORIENTED_EDGE ( 'NONE', *, *, #4315, .F. ) ;
#4994 = CARTESIAN_POINT ( 'NONE',  ( 1.959807621866025196, 0.8500000004744669990, 1.449999999791665939 ) ) ;
#4995 = ORIENTED_EDGE ( 'NONE', *, *, #4220, .F. ) ;
#4996 = AXIS2_PLACEMENT_3D ( 'NONE', #7230, #7186, #7009 ) ;
#4997 = CARTESIAN_POINT ( 'NONE',  ( 0.6500000007735150520, 1.060000000000000053, 0.4700000007735149476 ) ) ;
#4998 = VECTOR ( 'NONE', #3285, 1000.000000000000114 ) ;
#4999 = EDGE_CURVE ( 'NONE', #7143, #2749, #3410, .T. ) ;
#5000 = CARTESIAN_POINT ( 'NONE',  ( 1.275000000000000133, -0.8042708029999989794, 1.500000000000000000 ) ) ;
#5001 = DIRECTION ( 'NONE',  ( 1.000000000000000000, 0.000000000000000000, 0.000000000000000000 ) ) ;
#5002 = CIRCLE ( 'NONE', #3157, 0.09999999922648533657 ) ;
#5003 = CARTESIAN_POINT ( 'NONE',  ( 2.249999999933334660, 0.8936048704627429506, 1.772456845045520035 ) ) ;
#5004 = DIRECTION ( 'NONE',  ( 0.000000000000000000, 0.000000000000000000, 1.000000000000000000 ) ) ;
#5005 = EDGE_CURVE ( 'NONE', #1018, #5037, #5819, .T. ) ;
#5006 = DIRECTION ( 'NONE',  ( 1.000000000000000000, 0.000000000000000000, 0.000000000000000000 ) ) ;
#5007 = ORIENTED_EDGE ( 'NONE', *, *, #8301, .F. ) ;
#5008 = CARTESIAN_POINT ( 'NONE',  ( 1.699999999999999956, 0.8401360609999999340, -1.451643989999999995 ) ) ;
#5009 = VECTOR ( 'NONE', #928, 1000.000000000000000 ) ;
#5010 = VERTEX_POINT ( 'NONE', #4140 ) ;
#5011 = CARTESIAN_POINT ( 'NONE',  ( -0.5000000000000000000, 0.03000000010999999758, -0.5999999994999999364 ) ) ;
#5012 =( NAMED_UNIT ( * ) PLANE_ANGLE_UNIT ( ) SI_UNIT ( $, .RADIAN. ) );
#5013 = EDGE_LOOP ( 'NONE', ( #6682, #4955, #4111, #384, #1677, #9292 ) ) ;
#5014 = CARTESIAN_POINT ( 'NONE',  ( -0.1500000000374999976, 0.2000000001100259717, 0.4999999999988999910 ) ) ;
#5015 = CIRCLE ( 'NONE', #2859, 0.09999999922648551698 ) ;
#5016 = DIRECTION ( 'NONE',  ( 0.000000000000000000, 0.9863939211294419085, -0.1643990035215669998 ) ) ;
#5017 = DIRECTION ( 'NONE',  ( 0.000000000000000000, 1.000000000000000000, 0.000000000000000000 ) ) ;
#5018 = VECTOR ( 'NONE', #3387, 1000.000000000000000 ) ;
#5019 = FACE_BOUND ( 'NONE', #6437, .T. ) ;
#5020 = ORIENTED_EDGE ( 'NONE', *, *, #4410, .F. ) ;
#5021 = FILL_AREA_STYLE_COLOUR ( '', #6069 ) ;
#5022 = VECTOR ( 'NONE', #1261, 1000.000000000000000 ) ;
#5023 = EDGE_CURVE ( 'NONE', #5661, #5124, #5169, .T. ) ;
#5024 = EDGE_CURVE ( 'NONE', #6699, #2012, #7895, .T. ) ;
#5025 = AXIS2_PLACEMENT_3D ( 'NONE', #1562, #2368, #3861 ) ;
#5026 = ORIENTED_EDGE ( 'NONE', *, *, #4738, .F. ) ;
#5027 = CARTESIAN_POINT ( 'NONE',  ( -1.300000000000000044, 1.547467560074999859, 2.150000000083335028 ) ) ;
#5028 = ORIENTED_EDGE ( 'NONE', *, *, #3273, .F. ) ;
#5029 = CARTESIAN_POINT ( 'NONE',  ( -2.350000000000000089, 1.500000000000000000, -1.576215873403994827 ) ) ;
#5030 = DIRECTION ( 'NONE',  ( 0.000000000000000000, -0.9989685401925496588, -0.04540766130914829224 ) ) ;
#5031 = VECTOR ( 'NONE', #4523, 1000.000000000000000 ) ;
#5032 = MANIFOLD_SOLID_BREP ( 'Split1[2]', #3092 ) ;
#5033 = EDGE_CURVE ( 'NONE', #5249, #1807, #7640, .T. ) ;
#5034 = VERTEX_POINT ( 'NONE', #2745 ) ;
#5035 = ADVANCED_FACE ( 'NONE', ( #333 ), #114, .T. ) ;
#5036 = CARTESIAN_POINT ( 'NONE',  ( -0.5000000000000000000, 1.650056147000000140, 0.6500000000000000222 ) ) ;
#5037 = VERTEX_POINT ( 'NONE', #2428 ) ;
#5038 = ORIENTED_EDGE ( 'NONE', *, *, #3614, .T. ) ;
#5039 = LINE ( 'NONE', #7979, #4845 ) ;
#5040 = LINE ( 'NONE', #7980, #5356 ) ;
#5041 = CARTESIAN_POINT ( 'NONE',  ( 1.449999999999999956, 0.4974675600041260082, -1.647727273090760169 ) ) ;
#5042 = DIRECTION ( 'NONE',  ( 0.000000000000000000, 0.9989685402826004035, -0.04540765932803047383 ) ) ;
#5043 = EDGE_LOOP ( 'NONE', ( #1089, #6759, #6037, #8424 ) ) ;
#5044 = LINE ( 'NONE', #2917, #2068 ) ;
#5045 = EDGE_LOOP ( 'NONE', ( #4379, #355, #4311, #3129, #5835 ) ) ;
#5046 = CARTESIAN_POINT ( 'NONE',  ( 1.699999999999999956, 0.9000000001730590338, 1.750000000907375064 ) ) ;
#5047 = ORIENTED_EDGE ( 'NONE', *, *, #5373, .F. ) ;
#5048 = FACE_OUTER_BOUND ( 'NONE', #8309, .T. ) ;
#5049 = FACE_OUTER_BOUND ( 'NONE', #4936, .T. ) ;
#5050 = DIRECTION ( 'NONE',  ( 1.000000000000000000, 0.000000000000000000, 0.000000000000000000 ) ) ;
#5051 = CARTESIAN_POINT ( 'NONE',  ( 2.350000000096295061, 0.000000000000000000, -0.5500000000000000444 ) ) ;
#5052 = DIRECTION ( 'NONE',  ( 0.000000000000000000, 0.04540765932803048077, 0.9989685402826005145 ) ) ;
#5053 = ORIENTED_EDGE ( 'NONE', *, *, #2373, .T. ) ;
#5054 = DIRECTION ( 'NONE',  ( 0.000000000000000000, 0.000000000000000000, 1.000000000000000000 ) ) ;
#5055 = ORIENTED_EDGE ( 'NONE', *, *, #2090, .T. ) ;
#5056 = CARTESIAN_POINT ( 'NONE',  ( 0.7500000009999999717, 1.253942173968593865, -1.756077876763244783 ) ) ;
#5057 = EDGE_CURVE ( 'NONE', #7143, #3121, #9030, .T. ) ;
#5058 = EDGE_LOOP ( 'NONE', ( #470, #2728, #1704, #2589 ) ) ;
#5059 = LINE ( 'NONE', #5157, #2301 ) ;
#5060 = CIRCLE ( 'NONE', #1383, 0.2500000000000000000 ) ;
#5061 = CARTESIAN_POINT ( 'NONE',  ( -2.350000000000000089, 0.8699944348251049675, -1.630794232950629974 ) ) ;
#5062 = CARTESIAN_POINT ( 'NONE',  ( 0.1499999999625000191, 0.04000000009687509905, 0.5000000000284999802 ) ) ;
#5063 = LINE ( 'NONE', #7911, #3950 ) ;
#5064 = PLANE ( 'NONE',  #4533 ) ;
#5065 = EDGE_LOOP ( 'NONE', ( #7841, #8042, #8015, #4304 ) ) ;
#5066 = CARTESIAN_POINT ( 'NONE',  ( 0.01010418081077514053, 0.5950280735000669230, 0.2000000000000000111 ) ) ;
#5067 = VERTEX_POINT ( 'NONE', #3201 ) ;
#5068 = FACE_OUTER_BOUND ( 'NONE', #7299, .T. ) ;
#5069 = EDGE_CURVE ( 'NONE', #6410, #5136, #1541, .T. ) ;
#5070 = VERTEX_POINT ( 'NONE', #8089 ) ;
#5071 = LINE ( 'NONE', #5885, #8992 ) ;
#5072 = DIRECTION ( 'NONE',  ( 0.000000000000000000, -1.000000000000000000, 0.000000000000000000 ) ) ;
#5073 = EDGE_CURVE ( 'NONE', #6079, #9045, #7481, .T. ) ;
#5074 = ADVANCED_FACE ( 'NONE', ( #3738 ), #8798, .F. ) ;
#5075 = VECTOR ( 'NONE', #7950, 1000.000000000000000 ) ;
#5076 = EDGE_LOOP ( 'NONE', ( #6135, #7453, #4423, #8347 ) ) ;
#5077 = PLANE ( 'NONE',  #2386 ) ;
#5078 = EDGE_LOOP ( 'NONE', ( #3863, #6402, #4334, #2582, #3063, #160, #9251, #4665 ) ) ;
#5079 = APPLICATION_PROTOCOL_DEFINITION ( 'draft international standard', 'automotive_design', 1998, #5705 ) ;
#5080 = LINE ( 'NONE', #807, #2102 ) ;
#5081 = ORIENTED_EDGE ( 'NONE', *, *, #1073, .F. ) ;
#5082 = FACE_OUTER_BOUND ( 'NONE', #8664, .T. ) ;
#5083 = CARTESIAN_POINT ( 'NONE',  ( -2.149999999911110127, 1.650056147000000140, 0.9000000000000000222 ) ) ;
#5084 = EDGE_CURVE ( 'NONE', #6541, #9083, #7586, .T. ) ;
#5085 = CARTESIAN_POINT ( 'NONE',  ( 1.449999999999999956, 1.500000000000000000, -1.600000000000000089 ) ) ;
#5086 = EDGE_CURVE ( 'NONE', #375, #7514, #6643, .T. ) ;
#5087 = EDGE_CURVE ( 'NONE', #3252, #8071, #6194, .T. ) ;
#5088 = CARTESIAN_POINT ( 'NONE',  ( -2.250000000000000000, 0.8865307614599968744, 1.772778396271349921 ) ) ;
#5089 = ORIENTED_EDGE ( 'NONE', *, *, #7855, .F. ) ;
#5090 = PLANE ( 'NONE',  #4370 ) ;
#5091 = ORIENTED_EDGE ( 'NONE', *, *, #4152, .F. ) ;
#5092 = CARTESIAN_POINT ( 'NONE',  ( 0.4999999996666670277, 1.153942174106225904, -1.760623333791125011 ) ) ;
#5093 = ORIENTED_EDGE ( 'NONE', *, *, #9019, .T. ) ;
#5094 = FACE_OUTER_BOUND ( 'NONE', #3511, .T. ) ;
#5095 = DIRECTION ( 'NONE',  ( 0.000000000000000000, 0.000000000000000000, 1.000000000000000000 ) ) ;
#5096 = DIRECTION ( 'NONE',  ( 0.000000000000000000, 1.000000000000000000, 0.000000000000000000 ) ) ;
#5097 = SURFACE_STYLE_FILL_AREA ( #2696 ) ;
#5098 = DIRECTION ( 'NONE',  ( 0.000000000000000000, 0.000000000000000000, -1.000000000000000000 ) ) ;
#5099 = ORIENTED_EDGE ( 'NONE', *, *, #2655, .F. ) ;
#5100 = EDGE_CURVE ( 'NONE', #553, #3132, #998, .T. ) ;
#5101 = CARTESIAN_POINT ( 'NONE',  ( 2.149999999999999911, 1.140056146978333906, -0.4249999999999999889 ) ) ;
#5102 = ORIENTED_EDGE ( 'NONE', *, *, #335, .T. ) ;
#5103 = DIRECTION ( 'NONE',  ( -1.000000000000000000, 0.000000000000000000, 0.000000000000000000 ) ) ;
#5104 = CYLINDRICAL_SURFACE ( 'NONE', #4247, 0.09999999922648551698 ) ;
#5105 = ORIENTED_EDGE ( 'NONE', *, *, #8179, .F. ) ;
#5106 = CARTESIAN_POINT ( 'NONE',  ( 2.099999999610479673, 1.140056147740384107, 0.4249999999999999889 ) ) ;
#5107 = DIRECTION ( 'NONE',  ( 0.000000000000000000, 0.000000000000000000, -1.000000000000000000 ) ) ;
#5108 = DIRECTION ( 'NONE',  ( 0.000000000000000000, -1.000000000000000000, 0.000000000000000000 ) ) ;
#5109 = VECTOR ( 'NONE', #1621, 1000.000000000000000 ) ;
#5110 = PLANE ( 'NONE',  #1210 ) ;
#5111 = EDGE_CURVE ( 'NONE', #7347, #8556, #2208, .T. ) ;
#5112 = CARTESIAN_POINT ( 'NONE',  ( 2.149999999999999911, 1.638588553849115170, -1.574026654078955145 ) ) ;
#5113 = ORIENTED_EDGE ( 'NONE', *, *, #8318, .F. ) ;
#5114 = DIRECTION ( 'NONE',  ( 1.000000000000000000, 0.000000000000000000, 0.000000000000000000 ) ) ;
#5115 = CIRCLE ( 'NONE', #8039, 0.09999999922648551698 ) ;
#5116 = ORIENTED_EDGE ( 'NONE', *, *, #2588, .T. ) ;
#5117 = LINE ( 'NONE', #8055, #6710 ) ;
#5118 = VERTEX_POINT ( 'NONE', #6149 ) ;
#5119 = CARTESIAN_POINT ( 'NONE',  ( 1.199999999999999956, 0.2474675600000000031, 1.599999999875000078 ) ) ;
#5120 = EDGE_CURVE ( 'NONE', #2188, #2045, #4365, .T. ) ;
#5121 = DIRECTION ( 'NONE',  ( 0.000000000000000000, 0.9989685401991768021, 0.04540766116335116787 ) ) ;
#5122 = VECTOR ( 'NONE', #8939, 1000.000000000000000 ) ;
#5123 = EDGE_CURVE ( 'NONE', #7048, #9286, #2471, .T. ) ;
#5124 = VERTEX_POINT ( 'NONE', #8357 ) ;
#5125 = ORIENTED_EDGE ( 'NONE', *, *, #8559, .T. ) ;
#5126 = LINE ( 'NONE', #6672, #5486 ) ;
#5127 = ORIENTED_EDGE ( 'NONE', *, *, #3512, .F. ) ;
#5128 = CARTESIAN_POINT ( 'NONE',  ( -0.5999999992264859472, 1.690056146760724909, 0.5500000007735150742 ) ) ;
#5129 = DIRECTION ( 'NONE',  ( 0.000000000000000000, -0.9863939211294419085, 0.1643990035215669998 ) ) ;
#5130 = LINE ( 'NONE', #908, #4481 ) ;
#5131 = DIRECTION ( 'NONE',  ( 1.000000000000000000, 0.000000000000000000, 0.000000000000000000 ) ) ;
#5132 = VECTOR ( 'NONE', #2874, 1000.000000000000114 ) ;
#5133 = VECTOR ( 'NONE', #3727, 1000.000000000000114 ) ;
#5134 = VERTEX_POINT ( 'NONE', #1054 ) ;
#5135 = LINE ( 'NONE', #8790, #1315 ) ;
#5136 = VERTEX_POINT ( 'NONE', #5144 ) ;
#5137 = EDGE_CURVE ( 'NONE', #3538, #1427, #1497, .T. ) ;
#5138 = DIRECTION ( 'NONE',  ( 0.000000000000000000, -1.000000000000000000, 7.228014483236690442E-15 ) ) ;
#5139 = ORIENTED_EDGE ( 'NONE', *, *, #6427, .F. ) ;
#5140 = CIRCLE ( 'NONE', #9132, 0.2000000000000000944 ) ;
#5141 = CARTESIAN_POINT ( 'NONE',  ( -1.800000000060054894, 0.000000000000000000, 0.5500000000600330230 ) ) ;
#5142 = AXIS2_PLACEMENT_3D ( 'NONE', #5301, #1737, #1793 ) ;
#5143 = CARTESIAN_POINT ( 'NONE',  ( -1.700000000033335068, 0.9125280665555179915, -1.750000000170039982 ) ) ;
#5144 = CARTESIAN_POINT ( 'NONE',  ( -1.699999999587499921, 1.411408062361530158, 1.748920336048874979 ) ) ;
#5145 = VECTOR ( 'NONE', #3231, 1000.000000000000000 ) ;
#5146 = FACE_OUTER_BOUND ( 'NONE', #4138, .T. ) ;
#5147 = AXIS2_PLACEMENT_3D ( 'NONE', #1921, #7804, #5857 ) ;
#5148 = EDGE_LOOP ( 'NONE', ( #6637, #2410, #8598, #6890 ) ) ;
#5149 = ADVANCED_FACE ( 'NONE', ( #775 ), #57, .T. ) ;
#5150 =( LENGTH_UNIT ( ) NAMED_UNIT ( * ) SI_UNIT ( .MILLI., .METRE. ) );
#5151 = VECTOR ( 'NONE', #9279, 1000.000000000000000 ) ;
#5152 = ORIENTED_EDGE ( 'NONE', *, *, #4029, .T. ) ;
#5153 = ADVANCED_FACE ( 'NONE', ( #8037 ), #733, .F. ) ;
#5154 = VECTOR ( 'NONE', #8059, 1000.000000000000000 ) ;
#5155 = CARTESIAN_POINT ( 'NONE',  ( 1.324999999999999956, 1.363023706000000113, 1.751119625000000068 ) ) ;
#5156 = VERTEX_POINT ( 'NONE', #4745 ) ;
#5157 = CARTESIAN_POINT ( 'NONE',  ( 1.699999999999999956, 0.8651360609886330488, -1.601643989931800016 ) ) ;
#5158 = DIRECTION ( 'NONE',  ( 0.000000000000000000, -1.219727444008075962E-16, -1.000000000000000000 ) ) ;
#5159 = CARTESIAN_POINT ( 'NONE',  ( -2.350000000000000089, 1.500000000000000000, 1.449999999848191834 ) ) ;
#5160 = CARTESIAN_POINT ( 'NONE',  ( 2.249999999958334662, 0.9000000001354190315, 1.750000000079300122 ) ) ;
#5161 = CIRCLE ( 'NONE', #8692, 0.2500000000000000000 ) ;
#5162 = VECTOR ( 'NONE', #5219, 1000.000000000000000 ) ;
#5163 = ORIENTED_EDGE ( 'NONE', *, *, #3501, .T. ) ;
#5164 = LINE ( 'NONE', #172, #1419 ) ;
#5165 = MECHANICAL_DESIGN_GEOMETRIC_PRESENTATION_REPRESENTATION (  '', ( #4098 ), #4702 ) ;
#5166 = ORIENTED_EDGE ( 'NONE', *, *, #6518, .T. ) ;
#5167 = VECTOR ( 'NONE', #207, 1000.000000000000000 ) ;
#5168 = CARTESIAN_POINT ( 'NONE',  ( -0.2999999999999999889, 1.547467560300000100, 2.250000000000000000 ) ) ;
#5169 = CIRCLE ( 'NONE', #1031, 0.09999999922648533657 ) ;
#5170 = ORIENTED_EDGE ( 'NONE', *, *, #7095, .F. ) ;
#5171 = UNCERTAINTY_MEASURE_WITH_UNIT (LENGTH_MEASURE( 1.000000000000000082E-05 ), #958, 'distance_accuracy_value', 'NONE');
#5172 = LINE ( 'NONE', #1136, #259 ) ;
#5173 = CARTESIAN_POINT ( 'NONE',  ( -0.5000000000000000000, 0.03000000011000014677, 0.5999999999999999778 ) ) ;
#5174 = AXIS2_PLACEMENT_3D ( 'NONE', #1974, #7123, #540 ) ;
#5175 = VECTOR ( 'NONE', #6284, 1000.000000000000000 ) ;
#5176 = EDGE_CURVE ( 'NONE', #1207, #803, #6335, .T. ) ;
#5177 = ORIENTED_EDGE ( 'NONE', *, *, #3757, .T. ) ;
#5178 = DIRECTION ( 'NONE',  ( 0.000000000000000000, 1.000000000000000000, 0.000000000000000000 ) ) ;
#5179 = ORIENTED_EDGE ( 'NONE', *, *, #5292, .F. ) ;
#5180 = EDGE_CURVE ( 'NONE', #6978, #7022, #4933, .T. ) ;
#5181 = CARTESIAN_POINT ( 'NONE',  ( 1.304866625858704499, 1.649593012992098373, 1.511273865516493009 ) ) ;
#5182 = VERTEX_POINT ( 'NONE', #4118 ) ;
#5183 = DIRECTION ( 'NONE',  ( -0.000000000000000000, 0.9863939238321437486, 0.1643989873053569584 ) ) ;
#5184 = SURFACE_SIDE_STYLE ('',( #7301 ) ) ;
#5185 = VECTOR ( 'NONE', #3127, 1000.000000000000000 ) ;
#5186 = DIRECTION ( 'NONE',  ( 0.000000000000000000, 1.000000000000000000, 0.000000000000000000 ) ) ;
#5187 = DIRECTION ( 'NONE',  ( -0.000000000000000000, 1.000000000000000000, 0.000000000000000000 ) ) ;
#5188 = ORIENTED_EDGE ( 'NONE', *, *, #3977, .T. ) ;
#5189 = DIRECTION ( 'NONE',  ( -1.000000000000000000, 0.000000000000000000, 0.000000000000000000 ) ) ;
#5190 = VECTOR ( 'NONE', #4042, 1000.000000000000000 ) ;
#5191 = EDGE_LOOP ( 'NONE', ( #1368, #531, #1417, #8456, #9059, #4909 ) ) ;
#5192 = LINE ( 'NONE', #3733, #8977 ) ;
#5193 = EDGE_LOOP ( 'NONE', ( #5490, #5113, #4799, #9377, #9365, #4114, #9160, #7280 ) ) ;
#5194 = DIRECTION ( 'NONE',  ( 0.7071067811865444641, 0.000000000000000000, 0.7071067811865505703 ) ) ;
#5195 = LINE ( 'NONE', #4557, #935 ) ;
#5196 = CARTESIAN_POINT ( 'NONE',  ( -2.299999999999999822, 1.650056147000000140, 0.9000000000000000222 ) ) ;
#5197 = DIRECTION ( 'NONE',  ( 0.000000000000000000, -1.000000000000000000, 0.000000000000000000 ) ) ;
#5198 = CARTESIAN_POINT ( 'NONE',  ( 2.750000000000000000, 0.5016694850364079583, -1.149999999999999911 ) ) ;
#5199 = ADVANCED_FACE ( 'NONE', ( #524 ), #5560, .T. ) ;
#5200 = EDGE_CURVE ( 'NONE', #7502, #5394, #1100, .T. ) ;
#5201 = EDGE_CURVE ( 'NONE', #6248, #3016, #477, .T. ) ;
#5202 = EDGE_LOOP ( 'NONE', ( #3588, #9066, #7249, #7691 ) ) ;
#5203 = VERTEX_POINT ( 'NONE', #5607 ) ;
#5204 = FACE_OUTER_BOUND ( 'NONE', #3620, .T. ) ;
#5205 = CARTESIAN_POINT ( 'NONE',  ( -2.299999999999999822, 1.650056147000000140, -0.9000000001087259394 ) ) ;
#5206 = DIRECTION ( 'NONE',  ( 0.000000000000000000, 0.04540766144612189137, 0.9989685401863237502 ) ) ;
#5207 = CARTESIAN_POINT ( 'NONE',  ( 1.275000000037500136, 0.03999999998249999938, 0.4799031069999999954 ) ) ;
#5208 = CARTESIAN_POINT ( 'NONE',  ( -1.149999999832562070, 1.060000000014543975, -1.750000000000000000 ) ) ;
#5209 = EDGE_CURVE ( 'NONE', #611, #8421, #7018, .T. ) ;
#5210 = DIRECTION ( 'NONE',  ( -1.000000000000000000, 0.000000000000000000, 0.000000000000000000 ) ) ;
#5211 = EDGE_CURVE ( 'NONE', #149, #3981, #573, .T. ) ;
#5212 = EDGE_CURVE ( 'NONE', #5037, #5010, #1952, .T. ) ;
#5213 = ORIENTED_EDGE ( 'NONE', *, *, #5253, .T. ) ;
#5214 = DIRECTION ( 'NONE',  ( 1.000000000000000000, 0.000000000000000000, 0.000000000000000000 ) ) ;
#5215 = CARTESIAN_POINT ( 'NONE',  ( -0.7500000000000000000, 1.247467559705230045, -1.613636363738395030 ) ) ;
#5216 = ORIENTED_EDGE ( 'NONE', *, *, #4978, .F. ) ;
#5217 = DIRECTION ( 'NONE',  ( 0.000000000000000000, 0.1643989869565334883, -0.9863939238902810214 ) ) ;
#5218 = ORIENTED_EDGE ( 'NONE', *, *, #209, .F. ) ;
#5219 = DIRECTION ( 'NONE',  ( 0.000000000000000000, 0.000000000000000000, 1.000000000000000000 ) ) ;
#5220 = FACE_OUTER_BOUND ( 'NONE', #5997, .T. ) ;
#5221 = ORIENTED_EDGE ( 'NONE', *, *, #4763, .T. ) ;
#5222 = EDGE_CURVE ( 'NONE', #1118, #8540, #4889, .T. ) ;
#5223 = LINE ( 'NONE', #7534, #8994 ) ;
#5224 = EDGE_LOOP ( 'NONE', ( #5848, #7064, #1156, #8890 ) ) ;
#5225 = CARTESIAN_POINT ( 'NONE',  ( 2.349999999610480117, 0.8800000001033340125, 0.4249999999642334880 ) ) ;
#5226 = VERTEX_POINT ( 'NONE', #7832 ) ;
#5227 = DIRECTION ( 'NONE',  ( 0.000000000000000000, -0.9989685402826005145, 0.04540765932803104976 ) ) ;
#5228 = PLANE ( 'NONE',  #6038 ) ;
#5229 = VECTOR ( 'NONE', #2934, 1000.000000000000000 ) ;
#5230 = DIRECTION ( 'NONE',  ( -1.000000000000000000, 0.000000000000000000, 0.000000000000000000 ) ) ;
#5231 = CARTESIAN_POINT ( 'NONE',  ( -1.575000000000145173, 0.2000000000991274951, -0.5000000000011000090 ) ) ;
#5232 = ORIENTED_EDGE ( 'NONE', *, *, #7625, .T. ) ;
#5233 = CARTESIAN_POINT ( 'NONE',  ( 1.799999999999854827, 0.2000000001123959925, 0.4999999999988999910 ) ) ;
#5234 = VERTEX_POINT ( 'NONE', #2574 ) ;
#5235 = LINE ( 'NONE', #2337, #8534 ) ;
#5236 = ORIENTED_EDGE ( 'NONE', *, *, #4271, .F. ) ;
#5237 = CARTESIAN_POINT ( 'NONE',  ( 1.317912324000000135, -0.8042708029999989794, 1.525932237999999996 ) ) ;
#5238 = DIRECTION ( 'NONE',  ( -1.000000000000000000, 0.000000000000000000, 0.000000000000000000 ) ) ;
#5239 = LINE ( 'NONE', #6012, #5122 ) ;
#5240 = FACE_OUTER_BOUND ( 'NONE', #3207, .T. ) ;
#5241 = VERTEX_POINT ( 'NONE', #5519 ) ;
#5242 = SURFACE_SIDE_STYLE ('',( #3801 ) ) ;
#5243 = ORIENTED_EDGE ( 'NONE', *, *, #3809, .T. ) ;
#5244 = CARTESIAN_POINT ( 'NONE',  ( 1.699999999799999939, 1.411408062278602049, -1.748920336354594873 ) ) ;
#5245 = ADVANCED_FACE ( 'NONE', ( #1245 ), #4016, .T. ) ;
#5246 = SURFACE_STYLE_FILL_AREA ( #8905 ) ;
#5247 = CARTESIAN_POINT ( 'NONE',  ( -0.5000000000000000000, 1.690056146999999953, 0.2981019982388939948 ) ) ;
#5248 = CARTESIAN_POINT ( 'NONE',  ( 0.2000000000000000111, 1.547467560000000075, 2.250000000000000000 ) ) ;
#5249 = VERTEX_POINT ( 'NONE', #9363 ) ;
#5250 = PLANE ( 'NONE',  #845 ) ;
#5251 = LINE ( 'NONE', #8956, #1719 ) ;
#5252 = ORIENTED_EDGE ( 'NONE', *, *, #8691, .F. ) ;
#5253 = EDGE_CURVE ( 'NONE', #7488, #2465, #1999, .T. ) ;
#5254 = AXIS2_PLACEMENT_3D ( 'NONE', #4947, #2062, #1742 ) ;
#5255 = CARTESIAN_POINT ( 'NONE',  ( 0.4999999996749999731, 0.03000000063083444954, -1.750000000122394983 ) ) ;
#5256 = VERTEX_POINT ( 'NONE', #8415 ) ;
#5257 = UNCERTAINTY_MEASURE_WITH_UNIT (LENGTH_MEASURE( 1.000000000000000082E-05 ), #8274, 'distance_accuracy_value', 'NONE');
#5258 = DIRECTION ( 'NONE',  ( 0.000000000000000000, 1.000000000000000000, 0.000000000000000000 ) ) ;
#5259 = FACE_OUTER_BOUND ( 'NONE', #6157, .T. ) ;
#5260 = ORIENTED_EDGE ( 'NONE', *, *, #3315, .T. ) ;
#5261 = VECTOR ( 'NONE', #4289, 1000.000000000000114 ) ;
#5262 = ORIENTED_EDGE ( 'NONE', *, *, #7536, .F. ) ;
#5263 = CARTESIAN_POINT ( 'NONE',  ( 2.149999999999999911, 1.690056146999999953, 1.749999999625740044 ) ) ;
#5264 = ORIENTED_EDGE ( 'NONE', *, *, #4109, .T. ) ;
#5265 = EDGE_CURVE ( 'NONE', #5558, #1804, #1646, .T. ) ;
#5266 = CARTESIAN_POINT ( 'NONE',  ( 1.449999999999999956, 1.500000000000000000, -1.576215873403994827 ) ) ;
#5267 = ORIENTED_EDGE ( 'NONE', *, *, #847, .T. ) ;
#5268 = CARTESIAN_POINT ( 'NONE',  ( 1.275000000000000133, 1.060000000000000053, 1.500000000000000000 ) ) ;
#5269 =( GEOMETRIC_REPRESENTATION_CONTEXT ( 3 ) GLOBAL_UNCERTAINTY_ASSIGNED_CONTEXT ( ( #9404 ) ) GLOBAL_UNIT_ASSIGNED_CONTEXT ( ( #6360, #8797, #4319 ) ) REPRESENTATION_CONTEXT ( 'NONE', 'WORKASPACE' ) );
#5270 = CARTESIAN_POINT ( 'NONE',  ( 0.6000000003000000026, 1.052467560143413916, 2.249999999986574739 ) ) ;
#5271 = DIRECTION ( 'NONE',  ( 1.000000000000000000, 0.000000000000000000, 0.000000000000000000 ) ) ;
#5272 = EDGE_CURVE ( 'NONE', #3074, #7268, #2720, .T. ) ;
#5273 = SURFACE_STYLE_FILL_AREA ( #8976 ) ;
#5274 = ORIENTED_EDGE ( 'NONE', *, *, #7835, .T. ) ;
#5275 = PRESENTATION_STYLE_ASSIGNMENT (( #2433 ) ) ;
#5276 = ORIENTED_EDGE ( 'NONE', *, *, #3967, .F. ) ;
#5277 = DIRECTION ( 'NONE',  ( 0.000000000000000000, 1.000000000000000000, 0.000000000000000000 ) ) ;
#5278 = ORIENTED_EDGE ( 'NONE', *, *, #772, .T. ) ;
#5279 = CARTESIAN_POINT ( 'NONE',  ( 1.324999999999999956, 1.060000000000000053, 1.550000000000000044 ) ) ;
#5280 = CARTESIAN_POINT ( 'NONE',  ( 2.099999999610479673, 1.140056147740384107, -0.4249999999999999889 ) ) ;
#5281 = VECTOR ( 'NONE', #2514, 999.9999999999998863 ) ;
#5282 = FILL_AREA_STYLE ('',( #3166 ) ) ;
#5283 = CARTESIAN_POINT ( 'NONE',  ( 1.849999999675000062, 4.947919226321080201E-10, -0.5999999999936839190 ) ) ;
#5284 = ORIENTED_EDGE ( 'NONE', *, *, #1381, .F. ) ;
#5285 = VECTOR ( 'NONE', #105, 1000.000000000000000 ) ;
#5286 = ORIENTED_EDGE ( 'NONE', *, *, #519, .T. ) ;
#5287 = EDGE_CURVE ( 'NONE', #1366, #7437, #5466, .T. ) ;
#5288 = AXIS2_PLACEMENT_3D ( 'NONE', #4133, #4759, #4944 ) ;
#5289 = PLANE ( 'NONE',  #5597 ) ;
#5290 = STYLED_ITEM ( 'NONE', ( #1894 ), #7250 ) ;
#5291 = DIRECTION ( 'NONE',  ( 0.2704093089845279740, 0.9627454521390947928, 0.000000000000000000 ) ) ;
#5292 = EDGE_CURVE ( 'NONE', #3982, #7530, #9223, .T. ) ;
#5293 = DIRECTION ( 'NONE',  ( 0.000000000000000000, -1.000000000000000000, 0.000000000000000000 ) ) ;
#5294 = VECTOR ( 'NONE', #4897, 1000.000000000000000 ) ;
#5295 = FACE_OUTER_BOUND ( 'NONE', #3440, .T. ) ;
#5296 = DIRECTION ( 'NONE',  ( 0.000000000000000000, 0.000000000000000000, 1.000000000000000000 ) ) ;
#5297 = B_SPLINE_CURVE_WITH_KNOTS ( 'NONE', 3,
 ( #8135, #4277, #9477, #54 ),
 .UNSPECIFIED., .F., .F.,
 ( 4, 4 ),
 ( 0.000000000000000000, 7.527158800944310272E-05 ),
 .UNSPECIFIED. ) ;
#5298 = DIRECTION ( 'NONE',  ( 0.000000000000000000, -1.000000000000000000, 0.000000000000000000 ) ) ;
#5299 = AXIS2_PLACEMENT_3D ( 'NONE', #3502, #2053, #3542 ) ;
#5300 = ORIENTED_EDGE ( 'NONE', *, *, #6303, .F. ) ;
#5301 = CARTESIAN_POINT ( 'NONE',  ( 0.6500000007735150520, 1.690056146999999953, 0.4700000007735149476 ) ) ;
#5302 = AXIS2_PLACEMENT_3D ( 'NONE', #5748, #33, #8639 ) ;
#5303 = DIRECTION ( 'NONE',  ( 0.000000000000000000, 1.000000000000000000, 0.000000000000000000 ) ) ;
#5304 = ORIENTED_EDGE ( 'NONE', *, *, #7745, .F. ) ;
#5305 = VECTOR ( 'NONE', #7680, 1000.000000000000000 ) ;
#5306 = CARTESIAN_POINT ( 'NONE',  ( -1.302181545999999912, 3.545694403999999800, 1.504589994999999902 ) ) ;
#5307 = AXIS2_PLACEMENT_3D ( 'NONE', #3864, #6141, #7676 ) ;
#5308 = CARTESIAN_POINT ( 'NONE',  ( 2.349999999922594895, -2.032879073410320197E-17, -1.449999999827899844 ) ) ;
#5309 = AXIS2_PLACEMENT_3D ( 'NONE', #8204, #1604, #4621 ) ;
#5310 = PLANE ( 'NONE',  #7034 ) ;
#5311 = ADVANCED_FACE ( 'NONE', ( #6435 ), #1813, .F. ) ;
#5312 = ORIENTED_EDGE ( 'NONE', *, *, #2810, .T. ) ;
#5313 = ADVANCED_FACE ( 'NONE', ( #1899 ), #4839, .F. ) ;
#5314 = CARTESIAN_POINT ( 'NONE',  ( 2.350000000000000089, 1.240192380184893972, -1.749999999273170070 ) ) ;
#5315 = ORIENTED_EDGE ( 'NONE', *, *, #223, .F. ) ;
#5316 = DIRECTION ( 'NONE',  ( 0.000000000000000000, 1.000000000000000000, 0.000000000000000000 ) ) ;
#5317 = EDGE_LOOP ( 'NONE', ( #3865, #6902, #7726 ) ) ;
#5318 = DIRECTION ( 'NONE',  ( -1.204669080577093786E-16, 1.214080558205069872E-16, 1.000000000000000000 ) ) ;
#5319 = VERTEX_POINT ( 'NONE', #3715 ) ;
#5320 = DIRECTION ( 'NONE',  ( 0.000000000000000000, -0.04540765932803041138, -0.9989685402826004035 ) ) ;
#5321 = CARTESIAN_POINT ( 'NONE',  ( -0.5000000000000000000, 1.104938393202461899, -0.5014179090000000505 ) ) ;
#5322 = PRESENTATION_LAYER_ASSIGNMENT (  '', '', ( #4098 ) ) ;
#5323 = CARTESIAN_POINT ( 'NONE',  ( 1.149999999999999911, 1.052467559859999957, 1.750000000000000000 ) ) ;
#5324 = EDGE_CURVE ( 'NONE', #2532, #5070, #7389, .T. ) ;
#5325 = MECHANICAL_DESIGN_GEOMETRIC_PRESENTATION_REPRESENTATION (  '', ( #579 ), #1493 ) ;
#5326 = PRESENTATION_STYLE_ASSIGNMENT (( #5958 ) ) ;
#5327 = ADVANCED_FACE ( 'NONE', ( #2042 ), #8734, .F. ) ;
#5328 = ORIENTED_EDGE ( 'NONE', *, *, #6203, .F. ) ;
#5329 = DIRECTION ( 'NONE',  ( 0.000000000000000000, -1.000000000000000000, 0.000000000000000000 ) ) ;
#5330 = ORIENTED_EDGE ( 'NONE', *, *, #8854, .T. ) ;
#5331 = DIRECTION ( 'NONE',  ( 0.000000000000000000, -1.219727444008075962E-16, -1.000000000000000000 ) ) ;
#5332 = ORIENTED_EDGE ( 'NONE', *, *, #3375, .T. ) ;
#5333 = VECTOR ( 'NONE', #4261, 1000.000000000000000 ) ;
#5334 = ORIENTED_EDGE ( 'NONE', *, *, #5796, .T. ) ;
#5335 = CARTESIAN_POINT ( 'NONE',  ( -2.350000000096295061, 0.2000000000000000111, -1.149999999999999911 ) ) ;
#5336 = CARTESIAN_POINT ( 'NONE',  ( 0.7500000000000000000, 1.060000000000000053, -0.6800000000000000488 ) ) ;
#5337 = ORIENTED_EDGE ( 'NONE', *, *, #6130, .F. ) ;
#5338 = CARTESIAN_POINT ( 'NONE',  ( 2.149999999610479939, 1.140056147740384107, 0.3999999999642335213 ) ) ;
#5339 = ORIENTED_EDGE ( 'NONE', *, *, #2477, .F. ) ;
#5340 = DIRECTION ( 'NONE',  ( 0.000000000000000000, -1.000000000000000000, 0.000000000000000000 ) ) ;
#5341 = CARTESIAN_POINT ( 'NONE',  ( -2.350000000000000089, 1.240192378864667822, -1.750000000000000000 ) ) ;
#5342 = CARTESIAN_POINT ( 'NONE',  ( -1.700000000953369783, 1.638588553873890019, -1.574026654000000081 ) ) ;
#5343 = DIRECTION ( 'NONE',  ( -0.8660254036716619197, 0.000000000000000000, -0.5000000001953349704 ) ) ;
#5344 = DIRECTION ( 'NONE',  ( 1.000000000000000000, 0.000000000000000000, 0.000000000000000000 ) ) ;
#5345 = CARTESIAN_POINT ( 'NONE',  ( -1.700291683999999970, 0.8399268770000000162, -1.605672439000000118 ) ) ;
#5346 = ORIENTED_EDGE ( 'NONE', *, *, #3367, .F. ) ;
#5347 = FACE_OUTER_BOUND ( 'NONE', #7806, .T. ) ;
#5348 = DIRECTION ( 'NONE',  ( 1.000000000000000000, 0.000000000000000000, 0.000000000000000000 ) ) ;
#5349 = ORIENTED_EDGE ( 'NONE', *, *, #7855, .T. ) ;
#5350 = DIRECTION ( 'NONE',  ( -1.000000000000000000, -1.668003329454599989E-15, 0.000000000000000000 ) ) ;
#5351 = UNCERTAINTY_MEASURE_WITH_UNIT (LENGTH_MEASURE( 1.000000000000000082E-05 ), #3844, 'distance_accuracy_value', 'NONE');
#5352 = LINE ( 'NONE', #799, #715 ) ;
#5353 = DIRECTION ( 'NONE',  ( -1.000000000000000000, 0.000000000000000000, 7.228014483437480391E-16 ) ) ;
#5354 = ORIENTED_EDGE ( 'NONE', *, *, #7211, .T. ) ;
#5355 = PLANE ( 'NONE',  #1311 ) ;
#5356 = VECTOR ( 'NONE', #2676, 1000.000000000000000 ) ;
#5357 = VERTEX_POINT ( 'NONE', #7202 ) ;
#5358 = LINE ( 'NONE', #6865, #4081 ) ;
#5359 = EDGE_CURVE ( 'NONE', #5702, #3774, #4442, .T. ) ;
#5360 = VERTEX_POINT ( 'NONE', #4342 ) ;
#5361 = LINE ( 'NONE', #9115, #1035 ) ;
#5362 = ORIENTED_EDGE ( 'NONE', *, *, #8493, .T. ) ;
#5363 = EDGE_CURVE ( 'NONE', #8590, #1410, #3531, .T. ) ;
#5364 = CARTESIAN_POINT ( 'NONE',  ( 1.699999999999999956, 0.8800768928158330118, 1.630793290008494933 ) ) ;
#5365 = DIRECTION ( 'NONE',  ( 0.000000000000000000, 0.1908089942603939382, -0.9816271836646217608 ) ) ;
#5366 = CARTESIAN_POINT ( 'NONE',  ( 2.350000000000000089, 0.000000000000000000, -1.749999999273170070 ) ) ;
#5367 = PLANE ( 'NONE',  #6188 ) ;
#5368 = CARTESIAN_POINT ( 'NONE',  ( 0.1499999999625000191, 0.5950280735000669230, 0.4799031069999999954 ) ) ;
#5369 = ORIENTED_EDGE ( 'NONE', *, *, #564, .T. ) ;
#5370 = DIRECTION ( 'NONE',  ( 0.5000000001953349704, 0.000000000000000000, 0.8660254036716619197 ) ) ;
#5371 = ORIENTED_EDGE ( 'NONE', *, *, #1859, .F. ) ;
#5372 = LINE ( 'NONE', #1578, #7302 ) ;
#5373 = EDGE_CURVE ( 'NONE', #2671, #7099, #6524, .T. ) ;
#5374 = VERTEX_POINT ( 'NONE', #7973 ) ;
#5375 = ORIENTED_EDGE ( 'NONE', *, *, #5879, .F. ) ;
#5376 = VECTOR ( 'NONE', #5976, 1000.000000000000000 ) ;
#5377 = EDGE_CURVE ( 'NONE', #905, #6200, #757, .T. ) ;
#5378 = CARTESIAN_POINT ( 'NONE',  ( 1.322527229999999943, 1.060000000000000053, 1.541603168000000190 ) ) ;
#5379 = ADVANCED_FACE ( 'NONE', ( #8823 ), #4976, .T. ) ;
#5380 = DIRECTION ( 'NONE',  ( 0.000000000000000000, 0.000000000000000000, 1.000000000000000000 ) ) ;
#5381 = FACE_OUTER_BOUND ( 'NONE', #1740, .T. ) ;
#5382 = SURFACE_SIDE_STYLE ('',( #6118 ) ) ;
#5383 = ORIENTED_EDGE ( 'NONE', *, *, #9501, .F. ) ;
#5384 = VECTOR ( 'NONE', #8036, 1000.000000000000000 ) ;
#5385 = CARTESIAN_POINT ( 'NONE',  ( 2.350000000000000089, 1.500000000000000000, 1.599999999661140038 ) ) ;
#5386 = ORIENTED_EDGE ( 'NONE', *, *, #221, .F. ) ;
#5387 = DIRECTION ( 'NONE',  ( 0.000000000000000000, 0.000000000000000000, 1.000000000000000000 ) ) ;
#5388 = CARTESIAN_POINT ( 'NONE',  ( -0.1500000000374999976, 0.2000000001072759770, 0.2000000000000000111 ) ) ;
#5389 = EDGE_CURVE ( 'NONE', #3380, #4426, #6576, .T. ) ;
#5390 = LINE ( 'NONE', #8335, #2198 ) ;
#5391 = DIRECTION ( 'NONE',  ( 0.000000000000000000, -1.000000000000000000, 0.000000000000000000 ) ) ;
#5392 = CARTESIAN_POINT ( 'NONE',  ( 2.249999999933334660, 0.8865307609763849461, 1.772778395480460123 ) ) ;
#5393 = EDGE_CURVE ( 'NONE', #6290, #1385, #7345, .T. ) ;
#5394 = VERTEX_POINT ( 'NONE', #8775 ) ;
#5395 = LINE ( 'NONE', #361, #1753 ) ;
#5396 = LINE ( 'NONE', #1937, #6023 ) ;
#5397 = VERTEX_POINT ( 'NONE', #6479 ) ;
#5398 = LINE ( 'NONE', #6853, #6404 ) ;
#5399 = LINE ( 'NONE', #6949, #5145 ) ;
#5400 = LINE ( 'NONE', #6905, #7783 ) ;
#5401 = PLANE ( 'NONE',  #3480 ) ;
#5403 = ORIENTED_EDGE ( 'NONE', *, *, #7494, .T. ) ;
#5402 = VECTOR ( 'NONE', #6558, 1000.000000000000000 ) ;
#5404 = CYLINDRICAL_SURFACE ( 'NONE', #5307, 0.1300000010000001149 ) ;
#5405 = ORIENTED_EDGE ( 'NONE', *, *, #6305, .T. ) ;
#5406 = LINE ( 'NONE', #1319, #2356 ) ;
#5407 = ORIENTED_EDGE ( 'NONE', *, *, #405, .T. ) ;
#5408 = EDGE_CURVE ( 'NONE', #5850, #5517, #2903, .T. ) ;
#5409 = FACE_OUTER_BOUND ( 'NONE', #1347, .T. ) ;
#5410 = VERTEX_POINT ( 'NONE', #5843 ) ;
#5411 = PLANE ( 'NONE',  #2529 ) ;
#5412 = EDGE_CURVE ( 'NONE', #3632, #2668, #7928, .T. ) ;
#5413 = DIRECTION ( 'NONE',  ( 0.000000000000000000, 0.000000000000000000, -1.000000000000000000 ) ) ;
#5414 = PRESENTATION_STYLE_ASSIGNMENT (( #3927 ) ) ;
#5415 =( GEOMETRIC_REPRESENTATION_CONTEXT ( 3 ) GLOBAL_UNCERTAINTY_ASSIGNED_CONTEXT ( ( #2855 ) ) GLOBAL_UNIT_ASSIGNED_CONTEXT ( ( #5852, #6729, #3057 ) ) REPRESENTATION_CONTEXT ( 'NONE', 'WORKASPACE' ) );
#5416 = DIRECTION ( 'NONE',  ( 0.000000000000000000, 1.000000000000000000, 0.000000000000000000 ) ) ;
#5417 = ORIENTED_EDGE ( 'NONE', *, *, #9348, .T. ) ;
#5418 = FACE_OUTER_BOUND ( 'NONE', #1962, .T. ) ;
#5419 = ORIENTED_EDGE ( 'NONE', *, *, #5609, .T. ) ;
#5420 = DIRECTION ( 'NONE',  ( -1.000000000000000000, 0.000000000000000000, 0.000000000000000000 ) ) ;
#5421 = AXIS2_PLACEMENT_3D ( 'NONE', #2384, #811, #3010 ) ;
#5422 = ORIENTED_EDGE ( 'NONE', *, *, #5563, .T. ) ;
#5423 = ORIENTED_EDGE ( 'NONE', *, *, #7627, .F. ) ;
#5424 = CARTESIAN_POINT ( 'NONE',  ( 1.283280980000000016, 6.887655391691390072, 1.502209738999999988 ) ) ;
#5425 = DIRECTION ( 'NONE',  ( 0.000000000000000000, 0.9989685401991766911, 0.04540766116335259728 ) ) ;
#5426 = FACE_OUTER_BOUND ( 'NONE', #7581, .T. ) ;
#5427 = STYLED_ITEM ( 'NONE', ( #9043 ), #2896 ) ;
#5428 = EDGE_CURVE ( 'NONE', #2988, #582, #8417, .T. ) ;
#5429 = ORIENTED_EDGE ( 'NONE', *, *, #3206, .F. ) ;
#5430 = FACE_OUTER_BOUND ( 'NONE', #3524, .T. ) ;
#5431 = ORIENTED_EDGE ( 'NONE', *, *, #3547, .T. ) ;
#5432 = PLANE ( 'NONE',  #1913 ) ;
#5433 = CARTESIAN_POINT ( 'NONE',  ( 0.6500000007735150520, 1.690056146999999953, -0.5800000007735149898 ) ) ;
#5434 = CARTESIAN_POINT ( 'NONE',  ( 2.350000000000000089, 1.500000000000000000, 1.599999999661140038 ) ) ;
#5435 = ORIENTED_EDGE ( 'NONE', *, *, #5470, .T. ) ;
#5436 = DIRECTION ( 'NONE',  ( 0.000000000000000000, 5.589727472425109811E-18, 1.000000000000000000 ) ) ;
#5437 = DIRECTION ( 'NONE',  ( 0.000000000000000000, 1.000000000000000000, 0.000000000000000000 ) ) ;
#5438 = SURFACE_SIDE_STYLE ('',( #4868 ) ) ;
#5439 = EDGE_CURVE ( 'NONE', #6066, #3534, #5886, .T. ) ;
#5440 = VECTOR ( 'NONE', #5907, 1000.000000000000000 ) ;
#5441 = MECHANICAL_DESIGN_GEOMETRIC_PRESENTATION_REPRESENTATION (  '', ( #1605 ), #5901 ) ;
#5442 = VERTEX_POINT ( 'NONE', #8689 ) ;
#5443 = EDGE_CURVE ( 'NONE', #6517, #8813, #2095, .T. ) ;
#5444 = VECTOR ( 'NONE', #8814, 1000.000000000000000 ) ;
#5445 = LINE ( 'NONE', #6798, #4363 ) ;
#5446 = COLOUR_RGB ( '',0.7764705882352941346, 0.7568627450980391913, 0.7372549019607843590 ) ;
#5447 = CARTESIAN_POINT ( 'NONE',  ( -1.575000000000145173, 0.2000000001018774898, -0.2000000000000000111 ) ) ;
#5448 = ORIENTED_EDGE ( 'NONE', *, *, #4120, .F. ) ;
#5449 = LINE ( 'NONE', #6232, #8252 ) ;
#5450 = FACE_OUTER_BOUND ( 'NONE', #2463, .T. ) ;
#5451 = CARTESIAN_POINT ( 'NONE',  ( -2.750000000000000000, 0.5016694850364079583, -0.5500000000000000444 ) ) ;
#5452 = VECTOR ( 'NONE', #1206, 999.9999999999998863 ) ;
#5453 = CARTESIAN_POINT ( 'NONE',  ( -2.250000000000000000, 0.8901360609999999784, -1.751643990000000040 ) ) ;
#5454 = AXIS2_PLACEMENT_3D ( 'NONE', #6101, #5954, #8972 ) ;
#5455 = VERTEX_POINT ( 'NONE', #7246 ) ;
#5456 = DIRECTION ( 'NONE',  ( 0.000000000000000000, 0.000000000000000000, -1.000000000000000000 ) ) ;
#5457 = AXIS2_PLACEMENT_3D ( 'NONE', #5732, #328, #4058 ) ;
#5458 = VERTEX_POINT ( 'NONE', #3573 ) ;
#5459 = CARTESIAN_POINT ( 'NONE',  ( 2.099999999610479673, 1.140056147740384107, 0.4249999999999999889 ) ) ;
#5460 = VECTOR ( 'NONE', #5920, 1000.000000000000114 ) ;
#5461 = ORIENTED_EDGE ( 'NONE', *, *, #8076, .F. ) ;
#5462 = CARTESIAN_POINT ( 'NONE',  ( 1.699999999999999956, 0.9000000001730590338, 1.750000000907375064 ) ) ;
#5463 = VECTOR ( 'NONE', #5649, 1000.000000000000000 ) ;
#5464 = ORIENTED_EDGE ( 'NONE', *, *, #6357, .T. ) ;
#5465 = CARTESIAN_POINT ( 'NONE',  ( 1.959807621866025196, 0.000000000000000000, 1.449999999791665939 ) ) ;
#5466 = LINE ( 'NONE', #3297, #6416 ) ;
#5467 = LINE ( 'NONE', #9075, #8184 ) ;
#5468 = LINE ( 'NONE', #3874, #8543 ) ;
#5469 = AXIS2_PLACEMENT_3D ( 'NONE', #9496, #5610, #2893 ) ;
#5470 = EDGE_CURVE ( 'NONE', #1779, #7590, #9457, .T. ) ;
#5471 = MECHANICAL_DESIGN_GEOMETRIC_PRESENTATION_REPRESENTATION (  '', ( #112 ), #2545 ) ;
#5472 = VERTEX_POINT ( 'NONE', #2137 ) ;
#5473 = EDGE_CURVE ( 'NONE', #5661, #4087, #8014, .T. ) ;
#5474 = CARTESIAN_POINT ( 'NONE',  ( -2.575841710426994613, 0.5999999999999999778, 1.149999999999999911 ) ) ;
#5475 = ORIENTED_EDGE ( 'NONE', *, *, #2666, .T. ) ;
#5476 =( NAMED_UNIT ( * ) SI_UNIT ( $, .STERADIAN. ) SOLID_ANGLE_UNIT ( ) );
#5477 = ORIENTED_EDGE ( 'NONE', *, *, #7918, .T. ) ;
#5478 = AXIS2_PLACEMENT_3D ( 'NONE', #2177, #7243, #752 ) ;
#5479 = VERTEX_POINT ( 'NONE', #8961 ) ;
#5480 = VECTOR ( 'NONE', #8627, 1000.000000000000000 ) ;
#5481 = FACE_OUTER_BOUND ( 'NONE', #5840, .T. ) ;
#5482 = DIRECTION ( 'NONE',  ( 0.000000000000000000, 0.000000000000000000, -1.000000000000000000 ) ) ;
#5483 = PRESENTATION_LAYER_ASSIGNMENT (  '', '', ( #4250 ) ) ;
#5484 = DIRECTION ( 'NONE',  ( 0.000000000000000000, 0.000000000000000000, 1.000000000000000000 ) ) ;
#5485 = DIRECTION ( 'NONE',  ( 0.000000000000000000, -0.04540766116335259728, 0.9989685401991766911 ) ) ;
#5486 = VECTOR ( 'NONE', #4137, 999.9999999999998863 ) ;
#5487 = VERTEX_POINT ( 'NONE', #6805 ) ;
#5488 = LINE ( 'NONE', #8431, #2061 ) ;
#5489 = VECTOR ( 'NONE', #2619, 1000.000000000000000 ) ;
#5490 = ORIENTED_EDGE ( 'NONE', *, *, #862, .T. ) ;
#5491 = DIRECTION ( 'NONE',  ( 1.000000000000000000, 1.381066571852160014E-16, 3.038346564727210307E-15 ) ) ;
#5492 = DIRECTION ( 'NONE',  ( 0.000000000000000000, -1.000000000000000000, 0.000000000000000000 ) ) ;
#5493 = ADVANCED_FACE ( 'NONE', ( #5220 ), #7629, .F. ) ;
#5494 = LINE ( 'NONE', #7607, #2154 ) ;
#5495 = VERTEX_POINT ( 'NONE', #5991 ) ;
#5496 = ADVANCED_FACE ( 'NONE', ( #5259 ), #4676, .T. ) ;
#5497 = CARTESIAN_POINT ( 'NONE',  ( 1.324999999999999956, 0.5909907439999999568, 1.550000000000000044 ) ) ;
#5498 = CARTESIAN_POINT ( 'NONE',  ( 1.324999999999999956, 0.5909907439999999568, 1.599999999985895149 ) ) ;
#5499 = ADVANCED_FACE ( 'NONE', ( #8162 ), #8874, .T. ) ;
#5500 = CIRCLE ( 'NONE', #4722, 0.09999999999999999167 ) ;
#5501 = FILL_AREA_STYLE_COLOUR ( '', #1045 ) ;
#5502 = ORIENTED_EDGE ( 'NONE', *, *, #5608, .F. ) ;
#5503 = DIRECTION ( 'NONE',  ( 0.000000000000000000, -1.000000000000000000, 0.000000000000000000 ) ) ;
#5504 = CARTESIAN_POINT ( 'NONE',  ( -0.1499999999999999944, 0.5950280735000669230, 0.2000000000000000111 ) ) ;
#5505 = ORIENTED_EDGE ( 'NONE', *, *, #8802, .T. ) ;
#5506 = DIRECTION ( 'NONE',  ( 1.000000000000000000, 0.000000000000000000, 0.000000000000000000 ) ) ;
#5507 = EDGE_CURVE ( 'NONE', #7825, #7566, #2418, .T. ) ;
#5508 = LINE ( 'NONE', #2507, #5570 ) ;
#5509 = EDGE_CURVE ( 'NONE', #6927, #3055, #1656, .T. ) ;
#5510 = CARTESIAN_POINT ( 'NONE',  ( 1.700000000199999750, 1.501738871532995123, -1.574761459630599880 ) ) ;
#5511 = ADVANCED_FACE ( 'NONE', ( #1607 ), #4579, .F. ) ;
#5512 = LINE ( 'NONE', #1891, #2867 ) ;
#5513 = ORIENTED_EDGE ( 'NONE', *, *, #7541, .T. ) ;
#5514 = DIRECTION ( 'NONE',  ( 0.000000000000000000, -1.000000000000000000, 1.214080558205069872E-16 ) ) ;
#5515 = LINE ( 'NONE', #4011, #3308 ) ;
#5516 = ORIENTED_EDGE ( 'NONE', *, *, #7921, .T. ) ;
#5517 = VERTEX_POINT ( 'NONE', #3961 ) ;
#5518 = CARTESIAN_POINT ( 'NONE',  ( -1.324999999999999956, 1.644835935272310090, 1.550000000000000044 ) ) ;
#5519 = CARTESIAN_POINT ( 'NONE',  ( 0.4999999996666670277, 1.253942174080370009, -1.756077879222299964 ) ) ;
#5520 = DIRECTION ( 'NONE',  ( 0.000000000000000000, 0.000000000000000000, -1.000000000000000000 ) ) ;
#5521 = DIRECTION ( 'NONE',  ( 1.000000000000000000, 0.000000000000000000, 0.000000000000000000 ) ) ;
#5522 = EDGE_CURVE ( 'NONE', #7479, #363, #7642, .T. ) ;
#5523 = ORIENTED_EDGE ( 'NONE', *, *, #35, .F. ) ;
#5524 = CARTESIAN_POINT ( 'NONE',  ( -2.350000000000000089, 1.140056146948334126, 0.4249999999999999889 ) ) ;
#5525 = VERTEX_POINT ( 'NONE', #1042 ) ;
#5526 = ORIENTED_EDGE ( 'NONE', *, *, #8672, .F. ) ;
#5527 = EDGE_LOOP ( 'NONE', ( #1294, #7999, #1676, #3711, #8902, #6787, #84 ) ) ;
#5528 = AXIS2_PLACEMENT_3D ( 'NONE', #6346, #626, #9277 ) ;
#5529 = LINE ( 'NONE', #8467, #3598 ) ;
#5530 = CARTESIAN_POINT ( 'NONE',  ( 1.700000000526299848, 0.000000000000000000, -1.599999999750000290 ) ) ;
#5531 = FILL_AREA_STYLE ('',( #4130 ) ) ;
#5532 = ADVANCED_FACE ( 'NONE', ( #4536 ), #5401, .F. ) ;
#5533 = LINE ( 'NONE', #8514, #6238 ) ;
#5534 = ORIENTED_EDGE ( 'NONE', *, *, #1332, .T. ) ;
#5535 = CARTESIAN_POINT ( 'NONE',  ( -0.2999999999999999889, 1.197467560283236088, 2.249999999856419741 ) ) ;
#5536 = ORIENTED_EDGE ( 'NONE', *, *, #7103, .F. ) ;
#5537 = PLANE ( 'NONE',  #7759 ) ;
#5538 = CARTESIAN_POINT ( 'NONE',  ( 2.575841710426994613, 0.5999999999999999778, 0.5500000000000000444 ) ) ;
#5539 = PRESENTATION_STYLE_ASSIGNMENT (( #2594 ) ) ;
#5540 = ORIENTED_EDGE ( 'NONE', *, *, #6020, .F. ) ;
#5541 = FILL_AREA_STYLE_COLOUR ( '', #7424 ) ;
#5542 = FILL_AREA_STYLE_COLOUR ( '', #8706 ) ;
#5543 = VECTOR ( 'NONE', #7509, 1000.000000000000000 ) ;
#5544 = ORIENTED_EDGE ( 'NONE', *, *, #1201, .T. ) ;
#5545 = FACE_OUTER_BOUND ( 'NONE', #7533, .T. ) ;
#5546 = ADVANCED_FACE ( 'NONE', ( #224 ), #2280, .T. ) ;
#5547 = DIRECTION ( 'NONE',  ( 0.4916525748179580435, -0.8707914478650282675, 0.000000000000000000 ) ) ;
#5548 = ORIENTED_EDGE ( 'NONE', *, *, #794, .T. ) ;
#5549 = DIRECTION ( 'NONE',  ( 0.000000000000000000, 0.000000000000000000, -1.000000000000000000 ) ) ;
#5550 = CARTESIAN_POINT ( 'NONE',  ( -0.5000000000000000000, 1.094784841709351975, 0.2981019982388939948 ) ) ;
#5551 = DIRECTION ( 'NONE',  ( 1.000000000000000000, 0.000000000000000000, 0.000000000000000000 ) ) ;
#5552 = LINE ( 'NONE', #9215, #3023 ) ;
#5553 = ORIENTED_EDGE ( 'NONE', *, *, #9032, .T. ) ;
#5554 = DIRECTION ( 'NONE',  ( 0.000000000000000000, -0.9863939211294419085, -0.1643990035215669998 ) ) ;
#5555 = EDGE_CURVE ( 'NONE', #4552, #2614, #6090, .T. ) ;
#5556 = ORIENTED_EDGE ( 'NONE', *, *, #578, .F. ) ;
#5557 = LINE ( 'NONE', #1810, #3935 ) ;
#5558 = VERTEX_POINT ( 'NONE', #179 ) ;
#5559 = FILL_AREA_STYLE_COLOUR ( '', #3303 ) ;
#5560 = CYLINDRICAL_SURFACE ( 'NONE', #7028, 0.2500000000000000000 ) ;
#5561 = DIRECTION ( 'NONE',  ( 0.000000000000000000, 0.000000000000000000, -1.000000000000000000 ) ) ;
#5562 = ORIENTED_EDGE ( 'NONE', *, *, #6216, .F. ) ;
#5563 = EDGE_CURVE ( 'NONE', #1154, #3931, #3768, .T. ) ;
#5564 = LINE ( 'NONE', #1905, #6537 ) ;
#5565 = ORIENTED_EDGE ( 'NONE', *, *, #899, .T. ) ;
#5566 = CARTESIAN_POINT ( 'NONE',  ( 2.249999999958334662, 0.8901360615659589248, 1.751643989999980056 ) ) ;
#5567 = ORIENTED_EDGE ( 'NONE', *, *, #368, .T. ) ;
#5568 = ORIENTED_EDGE ( 'NONE', *, *, #269, .F. ) ;
#5569 = DIRECTION ( 'NONE',  ( 0.8707914478650282675, -0.4916525748179580435, 0.000000000000000000 ) ) ;
#5570 = VECTOR ( 'NONE', #8616, 1000.000000000000000 ) ;
#5571 = CARTESIAN_POINT ( 'NONE',  ( -0.4999999996666640301, 1.147467559843081908, -1.618181820771174895 ) ) ;
#5572 = ADVANCED_FACE ( 'NONE', ( #9016 ), #3090, .F. ) ;
#5573 = FACE_OUTER_BOUND ( 'NONE', #9361, .T. ) ;
#5574 = DIRECTION ( 'NONE',  ( 0.4916525748179580435, -0.8707914478650282675, 0.000000000000000000 ) ) ;
#5575 = EDGE_LOOP ( 'NONE', ( #1563, #5139, #5598, #6272 ) ) ;
#5576 = VECTOR ( 'NONE', #885, 1000.000000000000000 ) ;
#5577 = CARTESIAN_POINT ( 'NONE',  ( 1.699999999600005030, 0.9125280668681019502, -1.750000000127529987 ) ) ;
#5578 = ORIENTED_EDGE ( 'NONE', *, *, #1288, .T. ) ;
#5579 = CARTESIAN_POINT ( 'NONE',  ( -2.150000000773514941, 0.4974675599999999753, 1.647727273000000103 ) ) ;
#5580 = CARTESIAN_POINT ( 'NONE',  ( -1.324999999999999956, 0.8648620625538380180, 1.600000000000000089 ) ) ;
#5581 = CARTESIAN_POINT ( 'NONE',  ( 1.275000000000000133, 1.060000000066666059, 1.500000000000000000 ) ) ;
#5582 = EDGE_LOOP ( 'NONE', ( #8282, #880, #1021, #1792 ) ) ;
#5583 = LINE ( 'NONE', #2641, #673 ) ;
#5584 = CARTESIAN_POINT ( 'NONE',  ( 0.7500000009999999717, 1.247467559705230045, -1.613636363738395030 ) ) ;
#5585 = AXIS2_PLACEMENT_3D ( 'NONE', #9149, #499, #2497 ) ;
#5586 = FILL_AREA_STYLE ('',( #5501 ) ) ;
#5587 = ADVANCED_FACE ( 'NONE', ( #6036 ), #5310, .T. ) ;
#5588 = ORIENTED_EDGE ( 'NONE', *, *, #9431, .T. ) ;
#5589 = LINE ( 'NONE', #1883, #8380 ) ;
#5590 = EDGE_CURVE ( 'NONE', #7657, #5779, #8258, .T. ) ;
#5591 = DIRECTION ( 'NONE',  ( 0.000000000000000000, 0.000000000000000000, -1.000000000000000000 ) ) ;
#5592 = ORIENTED_EDGE ( 'NONE', *, *, #8947, .T. ) ;
#5593 = DIRECTION ( 'NONE',  ( 0.000000000000000000, 0.000000000000000000, 1.000000000000000000 ) ) ;
#5594 = DIRECTION ( 'NONE',  ( 0.000000000000000000, 0.04540766111441242592, -0.9989685402014014670 ) ) ;
#5595 = LINE ( 'NONE', #8536, #8546 ) ;
#5596 = DIRECTION ( 'NONE',  ( -1.000000000000000000, 0.000000000000000000, 0.000000000000000000 ) ) ;
#5597 = AXIS2_PLACEMENT_3D ( 'NONE', #1686, #5387, #4610 ) ;
#5598 = ORIENTED_EDGE ( 'NONE', *, *, #3565, .F. ) ;
#5599 = PLANE ( 'NONE',  #4063 ) ;
#5600 = VECTOR ( 'NONE', #1155, 1000.000000000000000 ) ;
#5601 = ORIENTED_EDGE ( 'NONE', *, *, #964, .T. ) ;
#5602 = CIRCLE ( 'NONE', #5751, 0.09999999992500036017 ) ;
#5603 = DIRECTION ( 'NONE',  ( -0.4916525748179580435, 0.8707914478650282675, 0.000000000000000000 ) ) ;
#5604 = ORIENTED_EDGE ( 'NONE', *, *, #3753, .T. ) ;
#5605 = FACE_OUTER_BOUND ( 'NONE', #4797, .T. ) ;
#5606 = VECTOR ( 'NONE', #5912, 1000.000000000000000 ) ;
#5607 = CARTESIAN_POINT ( 'NONE',  ( 2.149999999999999911, 1.500000000000000000, 0.9000000000000000222 ) ) ;
#5608 = EDGE_CURVE ( 'NONE', #1205, #272, #3379, .T. ) ;
#5609 = EDGE_CURVE ( 'NONE', #8195, #930, #8105, .T. ) ;
#5610 = DIRECTION ( 'NONE',  ( 0.000000000000000000, -0.1643990035215634471, 0.9863939211294425746 ) ) ;
#5611 = AXIS2_PLACEMENT_3D ( 'NONE', #3391, #2528, #7646 ) ;
#5612 = PRESENTATION_LAYER_ASSIGNMENT (  '', '', ( #6698 ) ) ;
#5613 = ORIENTED_EDGE ( 'NONE', *, *, #4315, .T. ) ;
#5614 = DIRECTION ( 'NONE',  ( 0.000000000000000000, 0.000000000000000000, 1.000000000000000000 ) ) ;
#5615 = VECTOR ( 'NONE', #7936, 1000.000000000000000 ) ;
#5616 = ORIENTED_EDGE ( 'NONE', *, *, #6092, .T. ) ;
#5617 = FACE_OUTER_BOUND ( 'NONE', #7410, .T. ) ;
#5618 = EDGE_LOOP ( 'NONE', ( #3645, #6956, #9485, #8741 ) ) ;
#5619 = ORIENTED_EDGE ( 'NONE', *, *, #87, .T. ) ;
#5620 = SURFACE_SIDE_STYLE ('',( #2675 ) ) ;
#5621 = LINE ( 'NONE', #4217, #8899 ) ;
#5622 = EDGE_CURVE ( 'NONE', #8214, #1546, #9304, .T. ) ;
#5623 = CARTESIAN_POINT ( 'NONE',  ( -1.449999999226485814, 0.4974675600041260082, -1.647727273090760169 ) ) ;
#5624 = EDGE_CURVE ( 'NONE', #2183, #4087, #5552, .T. ) ;
#5625 = EDGE_CURVE ( 'NONE', #5010, #827, #7824, .T. ) ;
#5626 = VECTOR ( 'NONE', #8919, 1000.000000000000000 ) ;
#5627 = DIRECTION ( 'NONE',  ( 1.000000000000000000, 0.000000000000000000, 0.000000000000000000 ) ) ;
#5628 = VERTEX_POINT ( 'NONE', #1087 ) ;
#5629 = DIRECTION ( 'NONE',  ( -1.000000000000000000, -1.215290246266205980E-12, 0.000000000000000000 ) ) ;
#5630 = VECTOR ( 'NONE', #7013, 1000.000000000000000 ) ;
#5631 = ORIENTED_EDGE ( 'NONE', *, *, #2518, .F. ) ;
#5632 = PLANE ( 'NONE',  #4512 ) ;
#5633 = AXIS2_PLACEMENT_3D ( 'NONE', #5864, #6597, #7407 ) ;
#5634 = LINE ( 'NONE', #8926, #7179 ) ;
#5635 = CARTESIAN_POINT ( 'NONE',  ( -2.349999999496474867, 0.8800000001333340149, -0.4249999999508209947 ) ) ;
#5636 = ORIENTED_EDGE ( 'NONE', *, *, #9316, .F. ) ;
#5637 = CARTESIAN_POINT ( 'NONE',  ( 2.350000000096295061, 0.2000000000000000111, -0.5500000000000000444 ) ) ;
#5638 = AXIS2_PLACEMENT_3D ( 'NONE', #6582, #4178, #2909 ) ;
#5639 = CARTESIAN_POINT ( 'NONE',  ( -2.149999999999999911, 1.500000000000000000, -0.9000000001087259394 ) ) ;
#5640 = COLOUR_RGB ( '',0.7764705882352941346, 0.7568627450980391913, 0.7372549019607843590 ) ;
#5641 = ORIENTED_EDGE ( 'NONE', *, *, #2491, .F. ) ;
#5642 = PLANE ( 'NONE',  #5916 ) ;
#5643 = ORIENTED_EDGE ( 'NONE', *, *, #8194, .F. ) ;
#5644 = CARTESIAN_POINT ( 'NONE',  ( -2.322588587883234634, 1.650056147000000140, -0.3999999999508210280 ) ) ;
#5645 = VERTEX_POINT ( 'NONE', #4007 ) ;
#5646 = DIRECTION ( 'NONE',  ( -1.000000000000000000, 0.000000000000000000, 0.000000000000000000 ) ) ;
#5647 = AXIS2_PLACEMENT_3D ( 'NONE', #7575, #938, #8920 ) ;
#5648 = CARTESIAN_POINT ( 'NONE',  ( 0.01010418081077514053, 0.5950280735000669230, -0.2000000000000000111 ) ) ;
#5649 = DIRECTION ( 'NONE',  ( 0.000000000000000000, 1.000000000000000000, -1.214080558205069872E-16 ) ) ;
#5650 = DIRECTION ( 'NONE',  ( 0.000000000000000000, -0.04540765932803111915, -0.9989685402826005145 ) ) ;
#5651 = EDGE_CURVE ( 'NONE', #452, #6970, #5512, .T. ) ;
#5652 = ORIENTED_EDGE ( 'NONE', *, *, #9098, .F. ) ;
#5653 = DIRECTION ( 'NONE',  ( 0.000000000000000000, -1.225494476878561957E-16, -1.000000000000000000 ) ) ;
#5654 = VECTOR ( 'NONE', #5098, 1000.000000000000000 ) ;
#5655 = VERTEX_POINT ( 'NONE', #2710 ) ;
#5656 = FACE_OUTER_BOUND ( 'NONE', #5527, .T. ) ;
#5657 = ORIENTED_EDGE ( 'NONE', *, *, #2742, .F. ) ;
#5658 = SURFACE_SIDE_STYLE ('',( #8499 ) ) ;
#5659 = DIRECTION ( 'NONE',  ( -1.000000000000000000, 0.000000000000000000, 0.000000000000000000 ) ) ;
#5660 = FACE_OUTER_BOUND ( 'NONE', #1632, .T. ) ;
#5661 = VERTEX_POINT ( 'NONE', #1803 ) ;
#5662 = CARTESIAN_POINT ( 'NONE',  ( -0.4999999996666640301, 1.147467559843081908, -1.618181820771174895 ) ) ;
#5663 = VERTEX_POINT ( 'NONE', #7052 ) ;
#5664 = EDGE_CURVE ( 'NONE', #7530, #2799, #2609, .T. ) ;
#5665 = PLANE ( 'NONE',  #9290 ) ;
#5666 = VERTEX_POINT ( 'NONE', #7866 ) ;
#5667 = CARTESIAN_POINT ( 'NONE',  ( -0.6500000007735150520, 1.650056147000000140, -0.5500000007735150742 ) ) ;
#5668 = DIRECTION ( 'NONE',  ( 0.000000000000000000, 1.000000000000000000, 0.000000000000000000 ) ) ;
#5669 = LINE ( 'NONE', #1300, #6495 ) ;
#5670 = CARTESIAN_POINT ( 'NONE',  ( -0.5999999999999999778, 1.052467559999999969, 2.250000000000000000 ) ) ;
#5671 = VERTEX_POINT ( 'NONE', #6326 ) ;
#5672 = EDGE_CURVE ( 'NONE', #7437, #6588, #6951, .T. ) ;
#5673 = CARTESIAN_POINT ( 'NONE',  ( -2.250000000000000000, 0.6038390272524369884, -1.785628020033980023 ) ) ;
#5674 = EDGE_LOOP ( 'NONE', ( #4724, #6286, #2261, #450, #3743, #4327 ) ) ;
#5675 = VECTOR ( 'NONE', #5380, 1000.000000000000000 ) ;
#5676 = EDGE_CURVE ( 'NONE', #5691, #6100, #3336, .T. ) ;
#5677 = DIRECTION ( 'NONE',  ( -1.000000000000000000, 0.000000000000000000, 0.000000000000000000 ) ) ;
#5678 = EDGE_CURVE ( 'NONE', #1330, #3470, #6237, .T. ) ;
#5679 = CARTESIAN_POINT ( 'NONE',  ( -0.6500000007735150520, 1.060000000000000053, 0.6500000000000000222 ) ) ;
#5680 = DIRECTION ( 'NONE',  ( 1.668003329454595058E-15, -1.000000000000000000, 0.000000000000000000 ) ) ;
#5681 = LINE ( 'NONE', #8573, #7237 ) ;
#5682 = CARTESIAN_POINT ( 'NONE',  ( -2.250000000000000000, 0.8838579186182939917, 1.713974859956479913 ) ) ;
#5683 = DIRECTION ( 'NONE',  ( 1.000000000000000000, 2.168404361743934701E-15, 0.000000000000000000 ) ) ;
#5684 = LINE ( 'NONE', #5776, #743 ) ;
#5685 = ORIENTED_EDGE ( 'NONE', *, *, #6124, .T. ) ;
#5686 = LINE ( 'NONE', #2789, #8829 ) ;
#5687 = ORIENTED_EDGE ( 'NONE', *, *, #897, .T. ) ;
#5688 = LINE ( 'NONE', #6144, #7436 ) ;
#5689 = ADVANCED_FACE ( 'NONE', ( #468 ), #4053, .T. ) ;
#5690 = FACE_OUTER_BOUND ( 'NONE', #5804, .T. ) ;
#5691 = VERTEX_POINT ( 'NONE', #8537 ) ;
#5692 = LINE ( 'NONE', #4192, #3224 ) ;
#5693 = AXIS2_PLACEMENT_3D ( 'NONE', #8047, #4380, #1458 ) ;
#5694 = CARTESIAN_POINT ( 'NONE',  ( 2.149999999999999911, 1.140056146978333906, -0.4249999999999999889 ) ) ;
#5695 = LINE ( 'NONE', #6467, #4086 ) ;
#5696 = EDGE_CURVE ( 'NONE', #6265, #3293, #8490, .T. ) ;
#5697 = FACE_OUTER_BOUND ( 'NONE', #4008, .T. ) ;
#5698 = ORIENTED_EDGE ( 'NONE', *, *, #1181, .T. ) ;
#5699 =( LENGTH_UNIT ( ) NAMED_UNIT ( * ) SI_UNIT ( .MILLI., .METRE. ) );
#5700 = ORIENTED_EDGE ( 'NONE', *, *, #8636, .T. ) ;
#5701 = CARTESIAN_POINT ( 'NONE',  ( 1.800000000000000044, 0.03999999994104164874, -0.5000000000027500224 ) ) ;
#5702 = VERTEX_POINT ( 'NONE', #4827 ) ;
#5703 = CARTESIAN_POINT ( 'NONE',  ( -1.849999999675000062, 0.000000000000000000, -0.4999999999450860377 ) ) ;
#5704 = DIRECTION ( 'NONE',  ( 1.000000000000000000, 0.000000000000000000, 0.000000000000000000 ) ) ;
#5705 = APPLICATION_CONTEXT ( 'automotive_design' ) ;
#5706 = EDGE_CURVE ( 'NONE', #4421, #4886, #8567, .T. ) ;
#5707 = VERTEX_POINT ( 'NONE', #7719 ) ;
#5708 = ORIENTED_EDGE ( 'NONE', *, *, #138, .T. ) ;
#5709 = DIRECTION ( 'NONE',  ( 0.000000000000000000, 0.000000000000000000, 1.000000000000000000 ) ) ;
#5710 = EDGE_CURVE ( 'NONE', #1440, #8540, #7773, .T. ) ;
#5711 = ORIENTED_EDGE ( 'NONE', *, *, #8737, .T. ) ;
#5712 = DIRECTION ( 'NONE',  ( 0.000000000000000000, -0.9816271833926695223, -0.1908089956594669345 ) ) ;
#5713 = DIRECTION ( 'NONE',  ( 0.000000000000000000, -0.9989685402826005145, -0.04540765932803104976 ) ) ;
#5714 = CARTESIAN_POINT ( 'NONE',  ( -1.575000000000145173, 0.2000000001018774898, -0.2000000000000000111 ) ) ;
#5715 = ORIENTED_EDGE ( 'NONE', *, *, #6329, .F. ) ;
#5716 = VECTOR ( 'NONE', #3330, 1000.000000000000000 ) ;
#5717 = DIRECTION ( 'NONE',  ( 0.000000000000000000, 1.000000000000000000, 0.000000000000000000 ) ) ;
#5718 = ORIENTED_EDGE ( 'NONE', *, *, #3251, .T. ) ;
#5719 = CARTESIAN_POINT ( 'NONE',  ( 1.449999999226485814, 0.6038390272474239984, -1.785628019923684917 ) ) ;
#5720 = ORIENTED_EDGE ( 'NONE', *, *, #21, .F. ) ;
#5721 = DIRECTION ( 'NONE',  ( 0.000000000000000000, -1.000000000000000000, 0.000000000000000000 ) ) ;
#5722 = CARTESIAN_POINT ( 'NONE',  ( -1.799999999887499813, 0.04000000009687500885, -0.5000000000027500224 ) ) ;
#5723 = FACE_OUTER_BOUND ( 'NONE', #2328, .T. ) ;
#5724 =( NAMED_UNIT ( * ) SI_UNIT ( $, .STERADIAN. ) SOLID_ANGLE_UNIT ( ) );
#5725 = CARTESIAN_POINT ( 'NONE',  ( 2.149999999999999911, 1.500000000000000000, 1.749999999625740044 ) ) ;
#5726 = EDGE_CURVE ( 'NONE', #9071, #153, #4878, .T. ) ;
#5727 = EDGE_CURVE ( 'NONE', #6198, #536, #7096, .T. ) ;
#5728 = AXIS2_PLACEMENT_3D ( 'NONE', #4825, #7821, #1189 ) ;
#5729 = ORIENTED_EDGE ( 'NONE', *, *, #1558, .F. ) ;
#5730 = DIRECTION ( 'NONE',  ( 0.000000000000000000, 1.000000000000000000, 0.000000000000000000 ) ) ;
#5731 = ORIENTED_EDGE ( 'NONE', *, *, #6719, .T. ) ;
#5732 = CARTESIAN_POINT ( 'NONE',  ( -2.149999999999999911, 1.690056146999999953, -0.9000000001087259394 ) ) ;
#5733 = EDGE_LOOP ( 'NONE', ( #5858, #6389, #3722, #4993 ) ) ;
#5734 = VECTOR ( 'NONE', #8523, 1000.000000000000000 ) ;
#5735 = DIRECTION ( 'NONE',  ( 0.000000000000000000, 0.04540765932803051547, -0.9989685402826004035 ) ) ;
#5736 = DIRECTION ( 'NONE',  ( 0.000000000000000000, -0.1643989873053569861, 0.9863939238321438596 ) ) ;
#5737 = DIRECTION ( 'NONE',  ( -1.000000000000000000, 0.000000000000000000, 0.000000000000000000 ) ) ;
#5738 = EDGE_CURVE ( 'NONE', #8985, #2637, #1280, .T. ) ;
#5739 = FACE_OUTER_BOUND ( 'NONE', #614, .T. ) ;
#5740 = EDGE_CURVE ( 'NONE', #914, #767, #2847, .T. ) ;
#5741 = EDGE_LOOP ( 'NONE', ( #2610, #8439, #7133, #243 ) ) ;
#5742 = PLANE ( 'NONE',  #80 ) ;
#5743 = VERTEX_POINT ( 'NONE', #2084 ) ;
#5744 = DIRECTION ( 'NONE',  ( 0.000000000000000000, -0.8660254037844387076, -0.4999999999999998890 ) ) ;
#5745 = EDGE_LOOP ( 'NONE', ( #4599, #7031, #4594, #3887 ) ) ;
#5746 = VECTOR ( 'NONE', #6506, 1000.000000000000114 ) ;
#5747 = UNCERTAINTY_MEASURE_WITH_UNIT (LENGTH_MEASURE( 1.000000000000000082E-05 ), #2020, 'distance_accuracy_value', 'NONE');
#5748 = CARTESIAN_POINT ( 'NONE',  ( -1.575000000000145173, 0.2000000001082944956, 0.4999999999988999910 ) ) ;
#5749 = CARTESIAN_POINT ( 'NONE',  ( -0.5000000000000000000, 1.206745428000000064, -0.2778852880000035053 ) ) ;
#5750 = VECTOR ( 'NONE', #5340, 1000.000000000000000 ) ;
#5751 = AXIS2_PLACEMENT_3D ( 'NONE', #3033, #8716, #119 ) ;
#5752 = ORIENTED_EDGE ( 'NONE', *, *, #7867, .T. ) ;
#5753 = PLANE ( 'NONE',  #1180 ) ;
#5754 = ORIENTED_EDGE ( 'NONE', *, *, #6331, .T. ) ;
#5755 = VECTOR ( 'NONE', #6549, 1000.000000000000114 ) ;
#5756 = VERTEX_POINT ( 'NONE', #9398 ) ;
#5757 = DIRECTION ( 'NONE',  ( 0.000000000000000000, 0.000000000000000000, -1.000000000000000000 ) ) ;
#5758 = CARTESIAN_POINT ( 'NONE',  ( 1.350000000000000089, 1.147467559999999942, -1.618181818000000050 ) ) ;
#5759 = STYLED_ITEM ( 'NONE', ( #483 ), #9408 ) ;
#5760 = VECTOR ( 'NONE', #2724, 1000.000000000000114 ) ;
#5761 = CARTESIAN_POINT ( 'NONE',  ( -2.250000000000000000, 1.153942174015331945, -1.760623331326210073 ) ) ;
#5762 = VECTOR ( 'NONE', #9134, 1000.000000000000000 ) ;
#5763 = EDGE_CURVE ( 'NONE', #621, #2712, #6566, .T. ) ;
#5764 = VECTOR ( 'NONE', #3100, 1000.000000000000000 ) ;
#5765 = ORIENTED_EDGE ( 'NONE', *, *, #6322, .T. ) ;
#5766 = LINE ( 'NONE', #8654, #4681 ) ;
#5767 = ORIENTED_EDGE ( 'NONE', *, *, #8429, .T. ) ;
#5768 = VECTOR ( 'NONE', #3822, 1000.000000000000000 ) ;
#5769 = CARTESIAN_POINT ( 'NONE',  ( -2.250000000000000000, 1.411408062278602049, -1.748920336354594873 ) ) ;
#5770 = ORIENTED_EDGE ( 'NONE', *, *, #4369, .F. ) ;
#5771 = AXIS2_PLACEMENT_3D ( 'NONE', #950, #4636, #9224 ) ;
#5772 = LINE ( 'NONE', #6594, #1313 ) ;
#5773 = DIRECTION ( 'NONE',  ( 1.000000000000000000, 0.000000000000000000, 0.000000000000000000 ) ) ;
#5774 = VECTOR ( 'NONE', #3474, 1000.000000000000000 ) ;
#5775 = DIRECTION ( 'NONE',  ( 0.000000000000000000, 1.000000000000000000, 0.000000000000000000 ) ) ;
#5776 = CARTESIAN_POINT ( 'NONE',  ( 2.149999999999999911, 1.690056146999999953, -0.9000000000924819332 ) ) ;
#5777 = EDGE_LOOP ( 'NONE', ( #5218, #2821, #3008, #2178 ) ) ;
#5778 = EDGE_CURVE ( 'NONE', #858, #9312, #4291, .T. ) ;
#5779 = VERTEX_POINT ( 'NONE', #1414 ) ;
#5780 = DIRECTION ( 'NONE',  ( 0.2704092836928889687, -0.9627454592428357216, 0.000000000000000000 ) ) ;
#5781 = ORIENTED_EDGE ( 'NONE', *, *, #5211, .T. ) ;
#5782 = EDGE_CURVE ( 'NONE', #4426, #3234, #3566, .T. ) ;
#5783 = ADVANCED_FACE ( 'NONE', ( #2034 ), #5110, .F. ) ;
#5784 = CARTESIAN_POINT ( 'NONE',  ( 2.524158289669300004, 0.1016694850364084080, 0.5500000000000000444 ) ) ;
#5785 = AXIS2_PLACEMENT_3D ( 'NONE', #6713, #5350, #6086 ) ;
#5786 = DIRECTION ( 'NONE',  ( 0.000000000000000000, 0.000000000000000000, 1.000000000000000000 ) ) ;
#5787 = CARTESIAN_POINT ( 'NONE',  ( 2.350000000000000089, 1.140056146978333906, -0.4249999999999999889 ) ) ;
#5788 = VECTOR ( 'NONE', #1148, 1000.000000000000000 ) ;
#5789 = LINE ( 'NONE', #8811, #8722 ) ;
#5790 = ORIENTED_EDGE ( 'NONE', *, *, #6810, .T. ) ;
#5791 = FACE_OUTER_BOUND ( 'NONE', #1728, .T. ) ;
#5792 = EDGE_CURVE ( 'NONE', #390, #4538, #5789, .T. ) ;
#5793 = VECTOR ( 'NONE', #9175, 1000.000000000000000 ) ;
#5794 = ORIENTED_EDGE ( 'NONE', *, *, #2403, .F. ) ;
#5795 = ADVANCED_FACE ( 'NONE', ( #2128 ), #5833, .F. ) ;
#5796 = EDGE_CURVE ( 'NONE', #8696, #1154, #5063, .T. ) ;
#5797 = FACE_OUTER_BOUND ( 'NONE', #2093, .T. ) ;
#5798 = EDGE_LOOP ( 'NONE', ( #257, #7270, #6625, #9299 ) ) ;
#5799 = CARTESIAN_POINT ( 'NONE',  ( 2.020001432324185053, 0.8340699104773650063, -1.415247086864189985 ) ) ;
#5800 = DIRECTION ( 'NONE',  ( 1.000000000000000000, 0.000000000000000000, 0.000000000000000000 ) ) ;
#5801 = VECTOR ( 'NONE', #3040, 1000.000000000000000 ) ;
#5802 = EDGE_LOOP ( 'NONE', ( #1057, #9125, #1863, #7200, #6145, #2513, #2023, #5588, #2603, #14, #4985, #3353, #6143, #8352, #7071, #5616, #3676, #7633 ) ) ;
#5803 = DIRECTION ( 'NONE',  ( 0.000000000000000000, 1.000000000000000000, 0.000000000000000000 ) ) ;
#5804 = EDGE_LOOP ( 'NONE', ( #1476, #1008, #1431, #4526, #1671, #4493, #4651, #8839, #8085, #5601, #6166, #8412, #5267, #5540, #8236, #6016 ) ) ;
#5805 = ORIENTED_EDGE ( 'NONE', *, *, #7017, .F. ) ;
#5806 = CARTESIAN_POINT ( 'NONE',  ( 2.299999999995834710, 1.500000000000000000, 0.9000000000000000222 ) ) ;
#5807 = PLANE ( 'NONE',  #618 ) ;
#5808 = PLANE ( 'NONE',  #6345 ) ;
#5809 = EDGE_CURVE ( 'NONE', #939, #5985, #2757, .T. ) ;
#5810 = CARTESIAN_POINT ( 'NONE',  ( -2.342588587496474695, 1.690056146948334836, 0.4000000000491790164 ) ) ;
#5811 = ORIENTED_EDGE ( 'NONE', *, *, #6542, .T. ) ;
#5812 = DIRECTION ( 'NONE',  ( 0.000000000000000000, 0.000000000000000000, 1.000000000000000000 ) ) ;
#5813 = ORIENTED_EDGE ( 'NONE', *, *, #1218, .F. ) ;
#5814 = DIRECTION ( 'NONE',  ( 1.000000000000000000, 1.505836350674309769E-16, 0.000000000000000000 ) ) ;
#5815 = EDGE_LOOP ( 'NONE', ( #7066, #1199, #7121, #6888 ) ) ;
#5816 = DIRECTION ( 'NONE',  ( 0.000000000000000000, 0.000000000000000000, -1.000000000000000000 ) ) ;
#5817 = EDGE_CURVE ( 'NONE', #582, #6943, #8106, .T. ) ;
#5818 = LINE ( 'NONE', #2157, #5384 ) ;
#5819 = LINE ( 'NONE', #5051, #4549 ) ;
#5820 = DIRECTION ( 'NONE',  ( 0.000000000000000000, -1.000000000000000000, 0.000000000000000000 ) ) ;
#5821 = VECTOR ( 'NONE', #6485, 1000.000000000000000 ) ;
#5822 = ORIENTED_EDGE ( 'NONE', *, *, #2359, .T. ) ;
#5823 = DIRECTION ( 'NONE',  ( 0.000000000000000000, 0.000000000000000000, -1.000000000000000000 ) ) ;
#5824 = ORIENTED_EDGE ( 'NONE', *, *, #574, .T. ) ;
#5825 = ADVANCED_FACE ( 'NONE', ( #5697 ), #1461, .F. ) ;
#5826 = CARTESIAN_POINT ( 'NONE',  ( -1.199999999999999956, 0.2474675600000000031, 1.500000000000000000 ) ) ;
#5827 =( NAMED_UNIT ( * ) SI_UNIT ( $, .STERADIAN. ) SOLID_ANGLE_UNIT ( ) );
#5828 = VERTEX_POINT ( 'NONE', #694 ) ;
#5829 = EDGE_CURVE ( 'NONE', #9199, #9170, #609, .T. ) ;
#5830 = FACE_OUTER_BOUND ( 'NONE', #8670, .T. ) ;
#5831 = LINE ( 'NONE', #8763, #1579 ) ;
#5832 = LINE ( 'NONE', #2797, #9462 ) ;
#5833 = PLANE ( 'NONE',  #5956 ) ;
#5834 = DIRECTION ( 'NONE',  ( -1.000000000000000000, 0.000000000000000000, 0.000000000000000000 ) ) ;
#5835 = ORIENTED_EDGE ( 'NONE', *, *, #4917, .F. ) ;
#5836 = LINE ( 'NONE', #8769, #3597 ) ;
#5837 = ORIENTED_EDGE ( 'NONE', *, *, #1916, .T. ) ;
#5838 = PRESENTATION_LAYER_ASSIGNMENT (  '', '', ( #9378 ) ) ;
#5839 = DIRECTION ( 'NONE',  ( 0.000000000000000000, 1.000000000000000000, 0.000000000000000000 ) ) ;
#5840 = EDGE_LOOP ( 'NONE', ( #8817, #751, #3347, #5435, #5262 ) ) ;
#5841 = UNCERTAINTY_MEASURE_WITH_UNIT (LENGTH_MEASURE( 1.000000000000000082E-05 ), #1643, 'distance_accuracy_value', 'NONE');
#5842 = DIRECTION ( 'NONE',  ( -0.000000000000000000, 1.000000000000000000, 0.000000000000000000 ) ) ;
#5843 = CARTESIAN_POINT ( 'NONE',  ( -0.6500000007735150520, 1.650056147000000140, 0.6500000000000000222 ) ) ;
#5844 = EDGE_CURVE ( 'NONE', #3293, #2294, #3615, .T. ) ;
#5845 = AXIS2_PLACEMENT_3D ( 'NONE', #2298, #5967, #6741 ) ;
#5846 = VERTEX_POINT ( 'NONE', #3522 ) ;
#5847 = LINE ( 'NONE', #2862, #1903 ) ;
#5848 = ORIENTED_EDGE ( 'NONE', *, *, #2881, .F. ) ;
#5849 = FACE_OUTER_BOUND ( 'NONE', #7232, .T. ) ;
#5850 = VERTEX_POINT ( 'NONE', #6469 ) ;
#5851 = PLANE ( 'NONE',  #8838 ) ;
#5852 =( LENGTH_UNIT ( ) NAMED_UNIT ( * ) SI_UNIT ( .MILLI., .METRE. ) );
#5853 = CARTESIAN_POINT ( 'NONE',  ( 1.699999999999999956, 0.8615921759999999319, -1.630978998000000013 ) ) ;
#5854 = CARTESIAN_POINT ( 'NONE',  ( -0.5000000000000000000, 0.03000000063083444954, -1.750000000122394983 ) ) ;
#5855 = ADVANCED_FACE ( 'NONE', ( #5019, #5739 ), #4195, .T. ) ;
#5856 = ORIENTED_EDGE ( 'NONE', *, *, #3081, .T. ) ;
#5857 = DIRECTION ( 'NONE',  ( -1.000000000000000000, 0.000000000000000000, 0.000000000000000000 ) ) ;
#5858 = ORIENTED_EDGE ( 'NONE', *, *, #7884, .F. ) ;
#5859 = DIRECTION ( 'NONE',  ( 1.000000000000000000, 0.000000000000000000, 0.000000000000000000 ) ) ;
#5860 = ORIENTED_EDGE ( 'NONE', *, *, #9084, .F. ) ;
#5861 = DIRECTION ( 'NONE',  ( 0.000000000000000000, -1.000000000000000000, 0.000000000000000000 ) ) ;
#5862 = CARTESIAN_POINT ( 'NONE',  ( -1.750000000120085053, 0.03000000010999999758, -0.5999999994999999364 ) ) ;
#5863 = FILL_AREA_STYLE_COLOUR ( '', #8046 ) ;
#5864 = CARTESIAN_POINT ( 'NONE',  ( 1.699999999600005030, 0.9125280668681019502, -1.750000000127529987 ) ) ;
#5865 = DIRECTION ( 'NONE',  ( 0.000000000000000000, 0.000000000000000000, 1.000000000000000000 ) ) ;
#5866 = ORIENTED_EDGE ( 'NONE', *, *, #9246, .T. ) ;
#5867 = FILL_AREA_STYLE ('',( #2070 ) ) ;
#5868 = ORIENTED_EDGE ( 'NONE', *, *, #1275, .T. ) ;
#5869 = SURFACE_STYLE_FILL_AREA ( #782 ) ;
#5870 = DIRECTION ( 'NONE',  ( 0.000000000000000000, -1.000000000000000000, 0.000000000000000000 ) ) ;
#5871 = EDGE_LOOP ( 'NONE', ( #6673, #7592, #5232, #8579 ) ) ;
#5872 = CARTESIAN_POINT ( 'NONE',  ( -2.750000000000000000, 0.5016694850364079583, 1.149999999999999911 ) ) ;
#5873 = DIRECTION ( 'NONE',  ( -1.000000000000000000, 0.000000000000000000, 0.000000000000000000 ) ) ;
#5874 = CIRCLE ( 'NONE', #965, 0.09999999922648550310 ) ;
#5875 = DIRECTION ( 'NONE',  ( 1.000000000000000000, 1.505836350674309769E-16, 0.000000000000000000 ) ) ;
#5876 = ADVANCED_FACE ( 'NONE', ( #2169 ), #8050, .T. ) ;
#5877 = CARTESIAN_POINT ( 'NONE',  ( -2.149999999911110127, 1.690056146999999953, -1.574026653644445162 ) ) ;
#5878 = ORIENTED_EDGE ( 'NONE', *, *, #7907, .T. ) ;
#5879 = EDGE_CURVE ( 'NONE', #3556, #9424, #1651, .T. ) ;
#5880 = DIRECTION ( 'NONE',  ( 1.000000000000000000, 0.000000000000000000, 0.000000000000000000 ) ) ;
#5881 = VECTOR ( 'NONE', #6324, 1000.000000000000114 ) ;
#5882 = VERTEX_POINT ( 'NONE', #5392 ) ;
#5883 = CARTESIAN_POINT ( 'NONE',  ( 2.350000000096295061, 0.2000000000000000111, 1.149999999999999911 ) ) ;
#5884 = VERTEX_POINT ( 'NONE', #8952 ) ;
#5885 = CARTESIAN_POINT ( 'NONE',  ( -2.299999999999999822, 1.500000000000000000, -0.9000000001087259394 ) ) ;
#5886 = LINE ( 'NONE', #5749, #5333 ) ;
#5887 = AXIS2_PLACEMENT_3D ( 'NONE', #3987, #1114, #7653 ) ;
#5888 = EDGE_LOOP ( 'NONE', ( #6822, #8338, #8248, #3690, #1138, #3800, #5963 ) ) ;
#5889 = DIRECTION ( 'NONE',  ( 0.000000000000000000, 0.000000000000000000, -1.000000000000000000 ) ) ;
#5890 = VERTEX_POINT ( 'NONE', #6707 ) ;
#5891 = CARTESIAN_POINT ( 'NONE',  ( 1.699999999999999956, 0.8865307614232849076, 1.772778395418294961 ) ) ;
#5892 = ORIENTED_EDGE ( 'NONE', *, *, #2355, .F. ) ;
#5893 = EDGE_CURVE ( 'NONE', #5949, #1970, #2408, .T. ) ;
#5894 = EDGE_CURVE ( 'NONE', #306, #4036, #3851, .T. ) ;
#5895 = FACE_OUTER_BOUND ( 'NONE', #8609, .T. ) ;
#5896 = EDGE_CURVE ( 'NONE', #6588, #963, #8247, .T. ) ;
#5897 = CARTESIAN_POINT ( 'NONE',  ( 1.699999999799999939, 0.5039421739999999650, -1.790168786000000178 ) ) ;
#5898 = CARTESIAN_POINT ( 'NONE',  ( -2.149999999911110127, 1.690056146999999953, -1.574026653644445162 ) ) ;
#5899 = CARTESIAN_POINT ( 'NONE',  ( -2.750000000000000000, 0.5016694850364079583, 0.5500000000000000444 ) ) ;
#5900 = VECTOR ( 'NONE', #8475, 1000.000000000000000 ) ;
#5901 =( GEOMETRIC_REPRESENTATION_CONTEXT ( 3 ) GLOBAL_UNCERTAINTY_ASSIGNED_CONTEXT ( ( #9505 ) ) GLOBAL_UNIT_ASSIGNED_CONTEXT ( ( #5150, #8096, #8142 ) ) REPRESENTATION_CONTEXT ( 'NONE', 'WORKASPACE' ) );
#5902 = VECTOR ( 'NONE', #3227, 1000.000000000000000 ) ;
#5903 = VERTEX_POINT ( 'NONE', #2270 ) ;
#5904 = DIRECTION ( 'NONE',  ( 0.000000000000000000, 0.000000000000000000, 1.000000000000000000 ) ) ;
#5905 = MECHANICAL_DESIGN_GEOMETRIC_PRESENTATION_REPRESENTATION (  '', ( #8982 ), #7450 ) ;
#5906 = ORIENTED_EDGE ( 'NONE', *, *, #685, .F. ) ;
#5907 = DIRECTION ( 'NONE',  ( 0.000000000000000000, -1.000000000000000000, 0.000000000000000000 ) ) ;
#5908 = EDGE_CURVE ( 'NONE', #8322, #3074, #1691, .T. ) ;
#5909 = ORIENTED_EDGE ( 'NONE', *, *, #1088, .T. ) ;
#5910 = EDGE_CURVE ( 'NONE', #529, #1268, #1510, .T. ) ;
#5911 = VECTOR ( 'NONE', #1004, 1000.000000000000000 ) ;
#5912 = DIRECTION ( 'NONE',  ( 1.000000000000000000, 0.000000000000000000, 0.000000000000000000 ) ) ;
#5913 = EDGE_CURVE ( 'NONE', #930, #5495, #8151, .T. ) ;
#5914 = LINE ( 'NONE', #4602, #4607 ) ;
#5915 = B_SPLINE_SURFACE_WITH_KNOTS ( 'NONE', 3, 1, ( 
 ( #3814, #8297, #4531, #2317, #8915 ),
 ( #2363, #9060, #1697, #934, #8871 ),
 ( #982, #5306, #8254, #8157, #6758 ),
 ( #6802, #175, #2455, #4670, #1559 ) ),
 .UNSPECIFIED., .F., .F., .F.,
 ( 4, 4 ),
 ( 2, 1, 1, 1, 2 ),
 ( 0.000000000000000000, 1.000000000000000000 ),
 ( -8.377911270691159373, -3.000000000000000000, 0.000000000000000000, 1.000000000000000000, 4.000000000000000000 ),
 .UNSPECIFIED. ) ;
#5916 = AXIS2_PLACEMENT_3D ( 'NONE', #6993, #1269, #6278 ) ;
#5917 = DIRECTION ( 'NONE',  ( 1.000000000000000000, 0.000000000000000000, 0.000000000000000000 ) ) ;
#5918 = CARTESIAN_POINT ( 'NONE',  ( -0.5999999999999999778, 1.052467559999999969, 2.150000000046874860 ) ) ;
#5919 = PRESENTATION_LAYER_ASSIGNMENT (  '', '', ( #8982 ) ) ;
#5920 = DIRECTION ( 'NONE',  ( 0.000000000000000000, 0.9989685401863236391, -0.04540766144612098931 ) ) ;
#5921 = VECTOR ( 'NONE', #6775, 1000.000000000000000 ) ;
#5922 = ORIENTED_EDGE ( 'NONE', *, *, #3389, .T. ) ;
#5923 = LINE ( 'NONE', #5101, #4664 ) ;
#5924 = VECTOR ( 'NONE', #6348, 1000.000000000000000 ) ;
#5925 = VERTEX_POINT ( 'NONE', #6129 ) ;
#5926 = PRESENTATION_STYLE_ASSIGNMENT (( #2213 ) ) ;
#5927 = AXIS2_PLACEMENT_3D ( 'NONE', #4038, #6217, #1171 ) ;
#5928 = VECTOR ( 'NONE', #906, 1000.000000000000000 ) ;
#5929 = SURFACE_STYLE_USAGE ( .BOTH. , #2980 ) ;
#5930 = FILL_AREA_STYLE_COLOUR ( '', #6159 ) ;
#5931 = CARTESIAN_POINT ( 'NONE',  ( -2.150000000773514941, 0.4974675600041260082, -1.647727273090760169 ) ) ;
#5932 = PRESENTATION_STYLE_ASSIGNMENT (( #1551 ) ) ;
#5933 = CARTESIAN_POINT ( 'NONE',  ( -0.6500000007735150520, 1.060000000000000053, -0.6500000000000000222 ) ) ;
#5934 = ADVANCED_FACE ( 'NONE', ( #6794 ), #1552, .T. ) ;
#5935 = VECTOR ( 'NONE', #7001, 1000.000000000000000 ) ;
#5936 = EDGE_LOOP ( 'NONE', ( #1316, #2813, #8602, #2296 ) ) ;
#5937 = CARTESIAN_POINT ( 'NONE',  ( 1.324999999999999956, 1.060000000092345962, 1.550000000015729906 ) ) ;
#5938 = DIRECTION ( 'NONE',  ( 0.000000000000000000, -0.9989685402554803195, 0.04540765992467461765 ) ) ;
#5939 = CIRCLE ( 'NONE', #116, 0.2500000000000000000 ) ;
#5940 = ORIENTED_EDGE ( 'NONE', *, *, #4152, .T. ) ;
#5941 = DIRECTION ( 'NONE',  ( 0.000000000000000000, -1.000000000000000000, 0.000000000000000000 ) ) ;
#5942 = ORIENTED_EDGE ( 'NONE', *, *, #221, .T. ) ;
#5943 = UNCERTAINTY_MEASURE_WITH_UNIT (LENGTH_MEASURE( 1.000000000000000082E-05 ), #7839, 'distance_accuracy_value', 'NONE');
#5944 = CARTESIAN_POINT ( 'NONE',  ( 1.149999999999999911, 1.052467559859999957, 1.750000000000000000 ) ) ;
#5945 = EDGE_CURVE ( 'NONE', #2992, #5067, #4431, .T. ) ;
#5946 = CARTESIAN_POINT ( 'NONE',  ( 2.322588587997239884, 1.650056147000000140, -1.475774863000000048 ) ) ;
#5947 = AXIS2_PLACEMENT_3D ( 'NONE', #9341, #2954, #2187 ) ;
#5948 = VECTOR ( 'NONE', #1289, 1000.000000000000000 ) ;
#5949 = VERTEX_POINT ( 'NONE', #68 ) ;
#5950 = CARTESIAN_POINT ( 'NONE',  ( 1.574999999999999956, 0.1999999999541665074, 0.2000000000000000111 ) ) ;
#5951 = ORIENTED_EDGE ( 'NONE', *, *, #3437, .F. ) ;
#5952 = LINE ( 'NONE', #5679, #5022 ) ;
#5953 = ORIENTED_EDGE ( 'NONE', *, *, #5086, .F. ) ;
#5954 = DIRECTION ( 'NONE',  ( 0.000000000000000000, 0.000000000000000000, -1.000000000000000000 ) ) ;
#5955 = LINE ( 'NONE', #8884, #2957 ) ;
#5956 = AXIS2_PLACEMENT_3D ( 'NONE', #561, #650, #5875 ) ;
#5957 = PLANE ( 'NONE',  #6030 ) ;
#5958 = SURFACE_STYLE_USAGE ( .BOTH. , #2196 ) ;
#5959 = EDGE_CURVE ( 'NONE', #6617, #6308, #7378, .T. ) ;
#5960 = EDGE_LOOP ( 'NONE', ( #5152, #4902, #4983, #4283 ) ) ;
#5961 = LINE ( 'NONE', #8933, #5921 ) ;
#5962 = PRESENTATION_LAYER_ASSIGNMENT (  '', '', ( #4726 ) ) ;
#5963 = ORIENTED_EDGE ( 'NONE', *, *, #2138, .F. ) ;
#5964 = CARTESIAN_POINT ( 'NONE',  ( -1.449999999999999956, 1.060000000000000053, -1.475774862966304113 ) ) ;
#5965 = ORIENTED_EDGE ( 'NONE', *, *, #3486, .F. ) ;
#5966 = CARTESIAN_POINT ( 'NONE',  ( 1.275000000000000133, 1.681423601000000101, 1.500000000000000000 ) ) ;
#5967 = DIRECTION ( 'NONE',  ( -1.000000000000000000, 0.000000000000000000, 0.000000000000000000 ) ) ;
#5968 = CARTESIAN_POINT ( 'NONE',  ( 1.959807621866025196, 0.000000000000000000, 1.449999999791665939 ) ) ;
#5969 = DIRECTION ( 'NONE',  ( 0.7071067811865480168, -8.584845956361528510E-17, -0.7071067811865470176 ) ) ;
#5970 = PLANE ( 'NONE',  #9154 ) ;
#5971 = ADVANCED_FACE ( 'NONE', ( #834 ), #4615, .F. ) ;
#5972 = ORIENTED_EDGE ( 'NONE', *, *, #108, .F. ) ;
#5973 = LINE ( 'NONE', #4858, #2221 ) ;
#5974 = ORIENTED_EDGE ( 'NONE', *, *, #6236, .T. ) ;
#5975 = PLANE ( 'NONE',  #7289 ) ;
#5976 = DIRECTION ( 'NONE',  ( 0.000000000000000000, 0.000000000000000000, 1.000000000000000000 ) ) ;
#5977 = DIRECTION ( 'NONE',  ( 0.000000000000000000, 1.000000000000000000, 0.000000000000000000 ) ) ;
#5978 = CARTESIAN_POINT ( 'NONE',  ( -2.149999999999999911, 1.500000000000000000, -1.574026654000000081 ) ) ;
#5979 = CARTESIAN_POINT ( 'NONE',  ( 2.575841710426994613, 0.5999999999999999778, 1.149999999999999911 ) ) ;
#5980 = ORIENTED_EDGE ( 'NONE', *, *, #5726, .T. ) ;
#5981 = EDGE_CURVE ( 'NONE', #7955, #7448, #3751, .T. ) ;
#5982 = DIRECTION ( 'NONE',  ( 0.000000000000000000, 0.000000000000000000, 1.000000000000000000 ) ) ;
#5983 = VECTOR ( 'NONE', #2349, 1000.000000000000000 ) ;
#5984 = CARTESIAN_POINT ( 'NONE',  ( -0.5000000000000000000, 1.104938393441734057, -0.5014179090000000505 ) ) ;
#5985 = VERTEX_POINT ( 'NONE', #5979 ) ;
#5986 = VECTOR ( 'NONE', #6535, 1000.000000000000000 ) ;
#5987 = ADVANCED_FACE ( 'NONE', ( #974 ), #6844, .T. ) ;
#5988 = LINE ( 'NONE', #5255, #575 ) ;
#5989 = ORIENTED_EDGE ( 'NONE', *, *, #3105, .F. ) ;
#5990 = CARTESIAN_POINT ( 'NONE',  ( 2.149999999999999911, 1.400056147000000140, 1.499178201002293820 ) ) ;
#5991 = CARTESIAN_POINT ( 'NONE',  ( 1.324999999999999956, 0.8800561470586180102, 1.630336883289595029 ) ) ;
#5992 = ORIENTED_EDGE ( 'NONE', *, *, #589, .T. ) ;
#5993 = ORIENTED_EDGE ( 'NONE', *, *, #5710, .F. ) ;
#5994 = CARTESIAN_POINT ( 'NONE',  ( 2.250000000000000000, 0.8901360608895979576, -1.751643990076424906 ) ) ;
#5995 = ORIENTED_EDGE ( 'NONE', *, *, #5829, .F. ) ;
#5996 = DIRECTION ( 'NONE',  ( 0.000000000000000000, 0.6427876093385629375, 0.7660444434109650036 ) ) ;
#5997 = EDGE_LOOP ( 'NONE', ( #3416, #1224, #1819, #6244 ) ) ;
#5998 = FACE_OUTER_BOUND ( 'NONE', #2910, .T. ) ;
#5999 = PLANE ( 'NONE',  #9266 ) ;
#6000 = AXIS2_PLACEMENT_3D ( 'NONE', #2705, #4049, #3279 ) ;
#6001 = CARTESIAN_POINT ( 'NONE',  ( 1.700000000199999750, 1.638588553873890019, -1.574026654000000081 ) ) ;
#6002 =( GEOMETRIC_REPRESENTATION_CONTEXT ( 3 ) GLOBAL_UNCERTAINTY_ASSIGNED_CONTEXT ( ( #3908 ) ) GLOBAL_UNIT_ASSIGNED_CONTEXT ( ( #8989, #3884, #2255 ) ) REPRESENTATION_CONTEXT ( 'NONE', 'WORKASPACE' ) );
#6003 =( LENGTH_UNIT ( ) NAMED_UNIT ( * ) SI_UNIT ( .MILLI., .METRE. ) );
#6004 = EDGE_CURVE ( 'NONE', #4581, #4719, #8193, .T. ) ;
#6005 = ORIENTED_EDGE ( 'NONE', *, *, #7336, .F. ) ;
#6006 = EDGE_CURVE ( 'NONE', #3046, #2087, #888, .T. ) ;
#6007 = DIRECTION ( 'NONE',  ( 0.4916525748179580435, 0.8707914478650282675, 0.000000000000000000 ) ) ;
#6008 = ORIENTED_EDGE ( 'NONE', *, *, #8802, .F. ) ;
#6009 = CARTESIAN_POINT ( 'NONE',  ( 1.699999999999999956, 0.8838578739367730641, 1.713974867283015069 ) ) ;
#6010 = VERTEX_POINT ( 'NONE', #2354 ) ;
#6011 = CARTESIAN_POINT ( 'NONE',  ( 1.299508861000000071, 6.887655391691390072, 1.506540070000000009 ) ) ;
#6012 = CARTESIAN_POINT ( 'NONE',  ( 0.01010418081077514053, 0.05000000000000000278, 0.2000000000000000111 ) ) ;
#6013 = CARTESIAN_POINT ( 'NONE',  ( -2.149999999999999911, 1.502594357119789947, -1.574026654000000081 ) ) ;
#6014 = ORIENTED_EDGE ( 'NONE', *, *, #3653, .F. ) ;
#6015 = CARTESIAN_POINT ( 'NONE',  ( -1.574999999999999956, 0.05000000000000000278, 0.000000000000000000 ) ) ;
#6016 = ORIENTED_EDGE ( 'NONE', *, *, #9056, .F. ) ;
#6017 = LINE ( 'NONE', #352, #1603 ) ;
#6018 = DIRECTION ( 'NONE',  ( -0.000000000000000000, 0.000000000000000000, 1.000000000000000000 ) ) ;
#6019 = LINE ( 'NONE', #3848, #5376 ) ;
#6020 = EDGE_CURVE ( 'NONE', #1006, #4653, #4570, .T. ) ;
#6021 = CARTESIAN_POINT ( 'NONE',  ( 1.449999999226485814, 0.5973644131878810271, -1.643186505613740023 ) ) ;
#6022 = FACE_OUTER_BOUND ( 'NONE', #3352, .T. ) ;
#6023 = VECTOR ( 'NONE', #7088, 1000.000000000000000 ) ;
#6024 = EDGE_CURVE ( 'NONE', #2647, #1807, #6075, .T. ) ;
#6025 = DIRECTION ( 'NONE',  ( 1.000000000000000000, 0.000000000000000000, 0.000000000000000000 ) ) ;
#6026 = ORIENTED_EDGE ( 'NONE', *, *, #8969, .F. ) ;
#6027 = CARTESIAN_POINT ( 'NONE',  ( 2.149999999999999911, 1.500000000000000000, -1.391115596000000121 ) ) ;
#6028 = DIRECTION ( 'NONE',  ( 0.000000000000000000, 1.000000000000000000, 0.000000000000000000 ) ) ;
#6029 = ORIENTED_EDGE ( 'NONE', *, *, #7609, .F. ) ;
#6030 = AXIS2_PLACEMENT_3D ( 'NONE', #5853, #4407, #7355 ) ;
#6031 = LINE ( 'NONE', #7621, #3781 ) ;
#6032 = EDGE_CURVE ( 'NONE', #2749, #7089, #1029, .T. ) ;
#6033 = UNCERTAINTY_MEASURE_WITH_UNIT (LENGTH_MEASURE( 1.000000000000000082E-05 ), #8471, 'distance_accuracy_value', 'NONE');
#6034 = CARTESIAN_POINT ( 'NONE',  ( -0.1500000000374999976, 0.05000000000000000278, -0.2000000000000000111 ) ) ;
#6035 = EDGE_CURVE ( 'NONE', #1751, #5319, #5500, .T. ) ;
#6036 = FACE_OUTER_BOUND ( 'NONE', #3406, .T. ) ;
#6037 = ORIENTED_EDGE ( 'NONE', *, *, #7983, .T. ) ;
#6038 = AXIS2_PLACEMENT_3D ( 'NONE', #187, #4496, #3681 ) ;
#6039 = CARTESIAN_POINT ( 'NONE',  ( 1.700000000199999750, 1.500000000000000000, -1.600000000035400216 ) ) ;
#6040 = VERTEX_POINT ( 'NONE', #1227 ) ;
#6041 = LINE ( 'NONE', #1660, #3613 ) ;
#6042 = ORIENTED_EDGE ( 'NONE', *, *, #8787, .T. ) ;
#6043 = DIRECTION ( 'NONE',  ( 1.000000000000000000, 0.000000000000000000, 0.000000000000000000 ) ) ;
#6044 = ORIENTED_EDGE ( 'NONE', *, *, #4294, .F. ) ;
#6045 = CARTESIAN_POINT ( 'NONE',  ( 2.149999999999999911, 1.500000000000000000, -1.391115596000000121 ) ) ;
#6046 = AXIS2_PLACEMENT_3D ( 'NONE', #5497, #8437, #1831 ) ;
#6047 = DIRECTION ( 'NONE',  ( 0.000000000000000000, 0.000000000000000000, -1.000000000000000000 ) ) ;
#6048 = CARTESIAN_POINT ( 'NONE',  ( 2.349999999610480117, 0.8800000001033340125, -0.4250000000357664343 ) ) ;
#6049 = FACE_OUTER_BOUND ( 'NONE', #3495, .T. ) ;
#6050 = ORIENTED_EDGE ( 'NONE', *, *, #4914, .T. ) ;
#6051 = CARTESIAN_POINT ( 'NONE',  ( 2.350000000096295061, 0.2000000000000000111, 0.5500000000000000444 ) ) ;
#6052 = ORIENTED_EDGE ( 'NONE', *, *, #8608, .F. ) ;
#6053 = DIRECTION ( 'NONE',  ( 0.000000000000000000, 0.000000000000000000, -1.000000000000000000 ) ) ;
#6054 = EDGE_LOOP ( 'NONE', ( #3664, #8642, #6630, #4967 ) ) ;
#6055 = EDGE_LOOP ( 'NONE', ( #2852, #1702, #2451, #6648, #3713 ) ) ;
#6056 = CARTESIAN_POINT ( 'NONE',  ( 1.317912324000000135, 3.545694403999999800, 1.525932237999999996 ) ) ;
#6057 = EDGE_CURVE ( 'NONE', #1118, #3514, #9289, .T. ) ;
#6058 = CARTESIAN_POINT ( 'NONE',  ( -1.849999999675000062, 0.03000000011000014677, 0.5999999999999999778 ) ) ;
#6059 = AXIS2_PLACEMENT_3D ( 'NONE', #2099, #8016, #581 ) ;
#6060 = CARTESIAN_POINT ( 'NONE',  ( 0.4999999996666670277, 1.247467559817226235, -1.613636366202350070 ) ) ;
#6061 = EDGE_CURVE ( 'NONE', #3380, #2239, #7083, .T. ) ;
#6062 = DIRECTION ( 'NONE',  ( -0.4916525748179580435, -0.8707914478650282675, 0.000000000000000000 ) ) ;
#6063 = ORIENTED_EDGE ( 'NONE', *, *, #7199, .T. ) ;
#6064 = PLANE ( 'NONE',  #8064 ) ;
#6065 =( GEOMETRIC_REPRESENTATION_CONTEXT ( 3 ) GLOBAL_UNCERTAINTY_ASSIGNED_CONTEXT ( ( #3529 ) ) GLOBAL_UNIT_ASSIGNED_CONTEXT ( ( #121, #2886, #3700 ) ) REPRESENTATION_CONTEXT ( 'NONE', 'WORKASPACE' ) );
#6066 = VERTEX_POINT ( 'NONE', #3368 ) ;
#6067 = AXIS2_PLACEMENT_3D ( 'NONE', #256, #8185, #7464 ) ;
#6068 = CARTESIAN_POINT ( 'NONE',  ( -2.342588587496474695, 1.590056147773514894, 0.4000000000491790164 ) ) ;
#6069 = COLOUR_RGB ( '',0.7764705882352941346, 0.7568627450980391913, 0.7372549019607843590 ) ;
#6070 = LINE ( 'NONE', #5205, #1833 ) ;
#6071 = SURFACE_SIDE_STYLE ('',( #831 ) ) ;
#6072 = VECTOR ( 'NONE', #624, 1000.000000000000000 ) ;
#6073 = PLANE ( 'NONE',  #4034 ) ;
#6074 = FILL_AREA_STYLE_COLOUR ( '', #2999 ) ;
#6075 = LINE ( 'NONE', #3180, #8577 ) ;
#6076 = STYLED_ITEM ( 'NONE', ( #2768 ), #8331 ) ;
#6077 = EDGE_CURVE ( 'NONE', #5487, #7583, #1834, .T. ) ;
#6078 = VECTOR ( 'NONE', #6062, 1000.000000000000114 ) ;
#6079 = VERTEX_POINT ( 'NONE', #1791 ) ;
#6080 = LINE ( 'NONE', #6848, #1606 ) ;
#6081 =( GEOMETRIC_REPRESENTATION_CONTEXT ( 3 ) GLOBAL_UNCERTAINTY_ASSIGNED_CONTEXT ( ( #7286 ) ) GLOBAL_UNIT_ASSIGNED_CONTEXT ( ( #9313, #1998, #332 ) ) REPRESENTATION_CONTEXT ( 'NONE', 'WORKASPACE' ) );
#6082 = EDGE_CURVE ( 'NONE', #5846, #482, #7042, .T. ) ;
#6083 = ADVANCED_FACE ( 'NONE', ( #2551 ), #3324, .F. ) ;
#6084 = EDGE_LOOP ( 'NONE', ( #6882, #8010, #1544, #1716 ) ) ;
#6085 = ORIENTED_EDGE ( 'NONE', *, *, #7918, .F. ) ;
#6086 = DIRECTION ( 'NONE',  ( 1.668003329454595058E-15, -1.000000000000000000, 0.000000000000000000 ) ) ;
#6087 = VECTOR ( 'NONE', #5561, 1000.000000000000000 ) ;
#6088 = DIRECTION ( 'NONE',  ( 1.000000000000000000, 0.000000000000000000, 0.000000000000000000 ) ) ;
#6089 = AXIS2_PLACEMENT_3D ( 'NONE', #3335, #1941, #4877 ) ;
#6090 = LINE ( 'NONE', #7485, #8714 ) ;
#6091 = ORIENTED_EDGE ( 'NONE', *, *, #7865, .T. ) ;
#6092 = EDGE_CURVE ( 'NONE', #5525, #7209, #8868, .T. ) ;
#6093 = LINE ( 'NONE', #8405, #9293 ) ;
#6094 = ADVANCED_FACE ( 'NONE', ( #6173 ), #4817, .T. ) ;
#6095 = VERTEX_POINT ( 'NONE', #6315 ) ;
#6096 = EDGE_CURVE ( 'NONE', #2850, #4101, #4141, .T. ) ;
#6097 = LINE ( 'NONE', #2377, #686 ) ;
#6098 = ORIENTED_EDGE ( 'NONE', *, *, #8636, .F. ) ;
#6099 = DIRECTION ( 'NONE',  ( 0.000000000000000000, -1.000000000000000000, 1.214080558205069872E-16 ) ) ;
#6100 = VERTEX_POINT ( 'NONE', #501 ) ;
#6101 = CARTESIAN_POINT ( 'NONE',  ( 1.449999999999999956, 1.060000000000000053, -1.600000000000000089 ) ) ;
#6102 = CARTESIAN_POINT ( 'NONE',  ( 0.7500000009999999717, 1.253942173968593865, -1.756077876763244783 ) ) ;
#6103 = VECTOR ( 'NONE', #4835, 1000.000000000000000 ) ;
#6104 = CARTESIAN_POINT ( 'NONE',  ( 1.849999999675000062, 0.03000000030239599602, 0.5000000004514040253 ) ) ;
#6105 = VECTOR ( 'NONE', #292, 1000.000000000000000 ) ;
#6106 = CARTESIAN_POINT ( 'NONE',  ( -1.199999999999999956, 1.547467560150000088, 1.500000000000000000 ) ) ;
#6107 = EDGE_LOOP ( 'NONE', ( #9419, #1229, #8558, #32, #7797, #70, #5534 ) ) ;
#6108 = CARTESIAN_POINT ( 'NONE',  ( -1.699999999999999956, 0.8802499999999999769, -1.600000000000000089 ) ) ;
#6109 = ORIENTED_EDGE ( 'NONE', *, *, #6321, .T. ) ;
#6110 = FILL_AREA_STYLE ('',( #3160 ) ) ;
#6111 = ORIENTED_EDGE ( 'NONE', *, *, #5443, .T. ) ;
#6112 = VECTOR ( 'NONE', #5072, 1000.000000000000000 ) ;
#6113 = ORIENTED_EDGE ( 'NONE', *, *, #9469, .F. ) ;
#6114 = CARTESIAN_POINT ( 'NONE',  ( 1.283280980000000016, -0.8042708029999989794, 1.502209738999999988 ) ) ;
#6115 = DIRECTION ( 'NONE',  ( 0.000000000000000000, 1.000000000000000000, 0.000000000000000000 ) ) ;
#6116 = ADVANCED_FACE ( 'NONE', ( #9247 ), #3412, .T. ) ;
#6117 = PLANE ( 'NONE',  #4816 ) ;
#6118 = SURFACE_STYLE_FILL_AREA ( #305 ) ;
#6119 = VECTOR ( 'NONE', #7473, 1000.000000000000000 ) ;
#6120 = ORIENTED_EDGE ( 'NONE', *, *, #2962, .T. ) ;
#6121 = DIRECTION ( 'NONE',  ( 1.000000000000000000, 0.000000000000000000, 0.000000000000000000 ) ) ;
#6122 = ORIENTED_EDGE ( 'NONE', *, *, #3020, .F. ) ;
#6123 = DIRECTION ( 'NONE',  ( 0.000000000000000000, -1.000000000000000000, 0.000000000000000000 ) ) ;
#6124 = EDGE_CURVE ( 'NONE', #2964, #2543, #9029, .T. ) ;
#6125 = DIRECTION ( 'NONE',  ( -1.000000000000000000, 0.000000000000000000, 0.000000000000000000 ) ) ;
#6126 = CARTESIAN_POINT ( 'NONE',  ( 2.149999999999999911, 1.690056146999999953, -1.391115596000000121 ) ) ;
#6127 = DIRECTION ( 'NONE',  ( 1.000000000000000000, 8.340016647272999943E-16, 0.000000000000000000 ) ) ;
#6128 = DIRECTION ( 'NONE',  ( 1.000000000000000000, 0.000000000000000000, 0.000000000000000000 ) ) ;
#6129 = CARTESIAN_POINT ( 'NONE',  ( 1.699999999999999956, 0.8651360609886330488, -1.601643989931794909 ) ) ;
#6130 = EDGE_CURVE ( 'NONE', #7748, #7583, #5684, .T. ) ;
#6131 = ORIENTED_EDGE ( 'NONE', *, *, #8999, .T. ) ;
#6132 = DIRECTION ( 'NONE',  ( -1.000000000000000000, 3.473293662752684659E-17, 0.000000000000000000 ) ) ;
#6133 = EDGE_CURVE ( 'NONE', #1956, #3624, #8578, .T. ) ;
#6134 = LINE ( 'NONE', #4479, #1570 ) ;
#6135 = ORIENTED_EDGE ( 'NONE', *, *, #3795, .F. ) ;
#6136 = LINE ( 'NONE', #2994, #428 ) ;
#6137 = DIRECTION ( 'NONE',  ( -0.000000000000000000, 1.000000000000000000, 0.000000000000000000 ) ) ;
#6138 = DIRECTION ( 'NONE',  ( 0.000000000000000000, 1.000000000000000000, 0.000000000000000000 ) ) ;
#6139 = DIRECTION ( 'NONE',  ( 0.000000000000000000, 0.000000000000000000, 1.000000000000000000 ) ) ;
#6140 = ORIENTED_EDGE ( 'NONE', *, *, #1475, .F. ) ;
#6141 = DIRECTION ( 'NONE',  ( -1.000000000000000000, -1.668003329454599989E-15, 0.000000000000000000 ) ) ;
#6142 = STYLED_ITEM ( 'NONE', ( #1484 ), #2173 ) ;
#6143 = ORIENTED_EDGE ( 'NONE', *, *, #6401, .T. ) ;
#6144 = CARTESIAN_POINT ( 'NONE',  ( 1.350000000000000089, 0.5973644131878810271, -1.643186505613740023 ) ) ;
#6145 = ORIENTED_EDGE ( 'NONE', *, *, #1228, .F. ) ;
#6146 = CARTESIAN_POINT ( 'NONE',  ( 0.6500000007735150520, 1.650056147000000140, 0.4700000007735149476 ) ) ;
#6147 = VERTEX_POINT ( 'NONE', #7319 ) ;
#6148 = DIRECTION ( 'NONE',  ( 0.000000000000000000, 0.000000000000000000, 1.000000000000000000 ) ) ;
#6149 = CARTESIAN_POINT ( 'NONE',  ( 2.149999999999999911, 1.140056147740384107, -0.4249999999999999889 ) ) ;
#6150 = DIRECTION ( 'NONE',  ( 1.367410281669171689E-30, -0.04540766116335119562, 0.9989685401991768021 ) ) ;
#6151 = EDGE_CURVE ( 'NONE', #3385, #7530, #8713, .T. ) ;
#6152 = CARTESIAN_POINT ( 'NONE',  ( 1.574999999999999956, 0.03999999994104164874, 0.4999999999972500331 ) ) ;
#6153 = ORIENTED_EDGE ( 'NONE', *, *, #4978, .T. ) ;
#6154 = SURFACE_SIDE_STYLE ('',( #6734 ) ) ;
#6155 = ORIENTED_EDGE ( 'NONE', *, *, #564, .F. ) ;
#6156 = CARTESIAN_POINT ( 'NONE',  ( -0.7500000000000000000, 1.253942173968593865, -1.756077876763244783 ) ) ;
#6157 = EDGE_LOOP ( 'NONE', ( #143, #7904, #852, #4337, #5403, #6306 ) ) ;
#6158 = ORIENTED_EDGE ( 'NONE', *, *, #4355, .F. ) ;
#6159 = COLOUR_RGB ( '',0.7764705882352941346, 0.7568627450980391913, 0.7372549019607843590 ) ;
#6160 = CARTESIAN_POINT ( 'NONE',  ( 1.574999999999999956, 0.03999999994104164874, -0.5000000000027500224 ) ) ;
#6161 = EDGE_CURVE ( 'NONE', #2133, #8132, #4280, .T. ) ;
#6162 = EDGE_CURVE ( 'NONE', #7474, #1967, #2021, .T. ) ;
#6163 = CARTESIAN_POINT ( 'NONE',  ( -1.449999999999999956, 1.060000000000000053, -1.600000000000000089 ) ) ;
#6164 = ORIENTED_EDGE ( 'NONE', *, *, #4791, .T. ) ;
#6165 = COLOUR_RGB ( '',0.7764705882352941346, 0.7568627450980391913, 0.7372549019607843590 ) ;
#6166 = ORIENTED_EDGE ( 'NONE', *, *, #1802, .F. ) ;
#6167 = DIRECTION ( 'NONE',  ( 0.000000000000000000, -1.000000000000000000, 0.000000000000000000 ) ) ;
#6168 = DIRECTION ( 'NONE',  ( 0.000000000000000000, 0.000000000000000000, 1.000000000000000000 ) ) ;
#6169 = DIRECTION ( 'NONE',  ( 0.000000000000000000, -1.000000000000000000, 0.000000000000000000 ) ) ;
#6170 = ORIENTED_EDGE ( 'NONE', *, *, #9056, .T. ) ;
#6171 = CARTESIAN_POINT ( 'NONE',  ( -1.799999999887499813, 0.03999999998249999938, -0.5000000000027500224 ) ) ;
#6172 = FACE_OUTER_BOUND ( 'NONE', #7761, .T. ) ;
#6173 = FACE_OUTER_BOUND ( 'NONE', #7352, .T. ) ;
#6174 = VERTEX_POINT ( 'NONE', #3553 ) ;
#6175 = DIRECTION ( 'NONE',  ( 0.8630339425496726946, 0.08304547988857358121, -0.4982728793314408211 ) ) ;
#6176 = DIRECTION ( 'NONE',  ( 0.000000000000000000, 0.000000000000000000, -1.000000000000000000 ) ) ;
#6177 = ORIENTED_EDGE ( 'NONE', *, *, #612, .F. ) ;
#6178 = DIRECTION ( 'NONE',  ( 0.000000000000000000, -1.000000000000000000, 1.214080558205069872E-16 ) ) ;
#6179 = CARTESIAN_POINT ( 'NONE',  ( -1.149999999999999911, 0.000000000000000000, 1.600000000000000089 ) ) ;
#6180 = CARTESIAN_POINT ( 'NONE',  ( 1.956960147040750053, 0.8401360609852669414, -1.451643989911600041 ) ) ;
#6181 = ADVANCED_FACE ( 'NONE', ( #6415 ), #4951, .T. ) ;
#6182 = CARTESIAN_POINT ( 'NONE',  ( -1.199999999999999956, 1.547467560074999859, 2.150000000083335028 ) ) ;
#6183 = EDGE_CURVE ( 'NONE', #6661, #790, #12, .T. ) ;
#6185 = CLOSED_SHELL ( 'NONE', ( #2906, #4709, #2635, #8910, #801, #7271, #346, #6562, #2360, #5587, #6598, #6623, #7828, #704, #5795, #2052, #4198, #8390, #8859, #7239, #8897, #9259, #6868, #1649, #2776, #1393, #8820, #9412, #1441, #3907, #6988, #6094, #1291, #1216, #336, #9502, #2258, #6667, #1589, #6181, #5493, #3857, #8388, #4888, #1884, #4476, #793, #990, #314, #2022, #7900, #5074, #8283, #2897, #3670, #2959, #7905, #7567, #3904, #2564, #2552, #1015, #3364, #1679, #7431, #3328, #542, #633, #5327, #3191, #3853, #9296, #190, #2904, #3831, #7528, #2260, #3666, #2005, #1120, #625, #5496, #2195, #472, #3256, #3773, #7807, #721, #4019, #399, #7731, #6784, #2765, #1789, #5311, #4659, #4563, #3148, #2774, #507, #8181, #2612, #2033, #6439, #6921, #3464, #4441, #8250, #7654, #9138, #5379, #8080, #8208, #2130, #4819, #5546, #7277, #1105, #2107, #8130, #8113, #3407, #3965, #5783, #5199, #3783, #5855, #1764, #802, #8093, #3241, #9490, #962, #8620, #9234, #6116, #5689, #4201, #5876, #7320, #4606, #6922, #5971, #3877, #3521, #5245, #7146, #4961, #6287, #7290, #1279, #7260, #8032, #7296, #9003, #2480, #7610, #3082, #9119, #432, #8776, #1783, #5572, #2876, #129, #3469, #1345, #4729, #2170, #9330, #4125, #6383, #7357, #1090, #2949, #7385, #520, #670, #9381, #5934, #9315, #266, #7204, #8687, #4473, #8407, #3313, #4683, #6972, #4438, #280, #7712, #5035, #7213, #5313, #283, #5532, #7709, #2293, #8876, #8504, #4794, #878, #7062, #2191, #3172, #4711, #2729, #5987, #6745, #3411, #4317, #6387, #1675, #1900, #5511, #8161, #3963, #3558, #382, #4018, #8923, #6615, #7433, #6959, #425, #2998, #6528, #5149, #5153, #8909, #2078, #9334, #1501, #6910, #5499, #4949, #5825, #170, #8735, #8299, #8128, #6650, #9092, #6407, #1955, #3841, #387, #2944 ) ) ;
#6184 = ORIENTED_EDGE ( 'NONE', *, *, #4738, .T. ) ;
#6186 = DIRECTION ( 'NONE',  ( 0.000000000000000000, -1.000000000000000000, 0.000000000000000000 ) ) ;
#6187 = VERTEX_POINT ( 'NONE', #3462 ) ;
#6188 = AXIS2_PLACEMENT_3D ( 'NONE', #1055, #334, #4017 ) ;
#6189 = CARTESIAN_POINT ( 'NONE',  ( 0.1499999999999999944, 0.5950280735000669230, 0.2000000000000000111 ) ) ;
#6190 = ORIENTED_EDGE ( 'NONE', *, *, #1665, .F. ) ;
#6191 = LINE ( 'NONE', #184, #6257 ) ;
#6192 = ORIENTED_EDGE ( 'NONE', *, *, #9489, .T. ) ;
#6193 = DIRECTION ( 'NONE',  ( 0.8630339424825190786, 0.08304547990743520181, 0.4982728794446110165 ) ) ;
#6194 = LINE ( 'NONE', #8138, #6105 ) ;
#6195 = AXIS2_PLACEMENT_3D ( 'NONE', #6021, #4657, #3806 ) ;
#6196 = CARTESIAN_POINT ( 'NONE',  ( 2.350000000096295061, 0.000000000000000000, 0.5500000000000000444 ) ) ;
#6197 = EDGE_CURVE ( 'NONE', #6965, #1397, #2832, .T. ) ;
#6198 = VERTEX_POINT ( 'NONE', #7897 ) ;
#6199 = DIRECTION ( 'NONE',  ( 1.000000000000000000, 0.000000000000000000, 0.000000000000000000 ) ) ;
#6200 = VERTEX_POINT ( 'NONE', #6599 ) ;
#6201 = EDGE_CURVE ( 'NONE', #4281, #4466, #1314, .T. ) ;
#6202 = CARTESIAN_POINT ( 'NONE',  ( -1.150000000100000142, 1.052467559763334171, 1.600000000000000089 ) ) ;
#6203 = EDGE_CURVE ( 'NONE', #1804, #2163, #7225, .T. ) ;
#6204 = MECHANICAL_DESIGN_GEOMETRIC_PRESENTATION_REPRESENTATION (  '', ( #372 ), #6509 ) ;
#6205 = ORIENTED_EDGE ( 'NONE', *, *, #9379, .T. ) ;
#6206 = ORIENTED_EDGE ( 'NONE', *, *, #8610, .F. ) ;
#6207 = CARTESIAN_POINT ( 'NONE',  ( 0.5999999999999999778, 1.547467560000000075, 2.250000000000000000 ) ) ;
#6208 = DIRECTION ( 'NONE',  ( 0.000000000000000000, 0.000000000000000000, 1.000000000000000000 ) ) ;
#6209 = CARTESIAN_POINT ( 'NONE',  ( 0.5000000000000000000, 1.060000000000000053, 0.4700000007735149476 ) ) ;
#6210 = MECHANICAL_DESIGN_GEOMETRIC_PRESENTATION_REPRESENTATION (  '', ( #2503 ), #3276 ) ;
#6211 = VERTEX_POINT ( 'NONE', #7953 ) ;
#6212 = CARTESIAN_POINT ( 'NONE',  ( -0.04999999981004150246, 0.000000000000000000, -2.299999999810045104 ) ) ;
#6213 = ORIENTED_EDGE ( 'NONE', *, *, #7792, .F. ) ;
#6214 = EDGE_CURVE ( 'NONE', #272, #4747, #6553, .T. ) ;
#6215 = FACE_OUTER_BOUND ( 'NONE', #2423, .T. ) ;
#6216 = EDGE_CURVE ( 'NONE', #8554, #2294, #1403, .T. ) ;
#6217 = DIRECTION ( 'NONE',  ( -2.814814168754134930E-16, 0.000000000000000000, 1.000000000000000000 ) ) ;
#6218 = CIRCLE ( 'NONE', #2083, 0.09999999922648533657 ) ;
#6219 = CARTESIAN_POINT ( 'NONE',  ( -2.585174526507610260, 1.650056147000000140, -1.499178201304244062 ) ) ;
#6220 = ORIENTED_EDGE ( 'NONE', *, *, #8621, .F. ) ;
#6221 = CARTESIAN_POINT ( 'NONE',  ( -0.5000000000000000000, 5.208344461619339889E-10, -1.750000000122394983 ) ) ;
#6222 = LINE ( 'NONE', #5584, #4397 ) ;
#6223 = DIRECTION ( 'NONE',  ( 0.000000000000000000, -1.000000000000000000, 0.000000000000000000 ) ) ;
#6224 = CIRCLE ( 'NONE', #3287, 0.1300000009999998929 ) ;
#6225 = PRESENTATION_LAYER_ASSIGNMENT (  '', '', ( #3138 ) ) ;
#6226 = ORIENTED_EDGE ( 'NONE', *, *, #1609, .T. ) ;
#6227 = AXIS2_PLACEMENT_3D ( 'NONE', #5066, #1598, #5114 ) ;
#6228 = LINE ( 'NONE', #9157, #239 ) ;
#6229 = VECTOR ( 'NONE', #3984, 999.9999999999998863 ) ;
#6230 = FACE_OUTER_BOUND ( 'NONE', #4447, .T. ) ;
#6231 = EDGE_LOOP ( 'NONE', ( #4945, #6296, #1821, #671 ) ) ;
#6232 = CARTESIAN_POINT ( 'NONE',  ( -0.5000000000000000000, 0.03000000011000014677, 0.5999999999999999778 ) ) ;
#6233 = DIRECTION ( 'NONE',  ( 0.000000000000000000, 1.000000000000000000, 0.000000000000000000 ) ) ;
#6234 = CARTESIAN_POINT ( 'NONE',  ( 2.149999999999999911, 1.500000000000000000, 1.749999999625740044 ) ) ;
#6235 = COLOUR_RGB ( '',0.7764705882352941346, 0.7568627450980391913, 0.7372549019607843590 ) ;
#6236 = EDGE_CURVE ( 'NONE', #7479, #7984, #682, .T. ) ;
#6237 = LINE ( 'NONE', #9164, #2716 ) ;
#6238 = VECTOR ( 'NONE', #4805, 1000.000000000000000 ) ;
#6239 = VERTEX_POINT ( 'NONE', #7180 ) ;
#6240 = DIRECTION ( 'NONE',  ( 0.000000000000000000, 5.589727472425109811E-18, 1.000000000000000000 ) ) ;
#6241 = VECTOR ( 'NONE', #6700, 1000.000000000000000 ) ;
#6242 = PLANE ( 'NONE',  #9458 ) ;
#6243 = VECTOR ( 'NONE', #6634, 1000.000000000000000 ) ;
#6244 = ORIENTED_EDGE ( 'NONE', *, *, #317, .T. ) ;
#6245 = EDGE_CURVE ( 'NONE', #5124, #6248, #2882, .T. ) ;
#6246 = DIRECTION ( 'NONE',  ( 1.000000000000000000, 0.000000000000000000, 0.000000000000000000 ) ) ;
#6247 = VECTOR ( 'NONE', #8345, 1000.000000000000000 ) ;
#6248 = VERTEX_POINT ( 'NONE', #600 ) ;
#6249 = CARTESIAN_POINT ( 'NONE',  ( -1.350000000000000089, 1.147467559546839988, -1.618181818315594933 ) ) ;
#6250 = DIRECTION ( 'NONE',  ( 0.000000000000000000, 1.000000000000000000, 0.000000000000000000 ) ) ;
#6251 = DIRECTION ( 'NONE',  ( -1.000000000000000000, 0.000000000000000000, 0.000000000000000000 ) ) ;
#6252 = VECTOR ( 'NONE', #6706, 1000.000000000000000 ) ;
#6253 = VERTEX_POINT ( 'NONE', #2160 ) ;
#6254 = FACE_OUTER_BOUND ( 'NONE', #4301, .T. ) ;
#6255 = ORIENTED_EDGE ( 'NONE', *, *, #5910, .T. ) ;
#6256 = EDGE_LOOP ( 'NONE', ( #5643, #1577, #2436, #9094 ) ) ;
#6257 = VECTOR ( 'NONE', #5996, 1000.000000000000000 ) ;
#6258 = ORIENTED_EDGE ( 'NONE', *, *, #7092, .T. ) ;
#6259 = DIRECTION ( 'NONE',  ( -1.000000000000000000, 0.000000000000000000, 0.000000000000000000 ) ) ;
#6260 =( LENGTH_UNIT ( ) NAMED_UNIT ( * ) SI_UNIT ( .MILLI., .METRE. ) );
#6261 = CARTESIAN_POINT ( 'NONE',  ( 0.2999999999999999889, 1.097467561056749918, 2.150000000798514943 ) ) ;
#6262 = DIRECTION ( 'NONE',  ( 0.000000000000000000, 0.000000000000000000, 1.000000000000000000 ) ) ;
#6263 = EDGE_CURVE ( 'NONE', #4116, #601, #7854, .T. ) ;
#6264 = VECTOR ( 'NONE', #7851, 1000.000000000000000 ) ;
#6265 = VERTEX_POINT ( 'NONE', #5639 ) ;
#6266 = LINE ( 'NONE', #3402, #8369 ) ;
#6267 = AXIS2_PLACEMENT_3D ( 'NONE', #2234, #1473, #710 ) ;
#6268 = VERTEX_POINT ( 'NONE', #3510 ) ;
#6269 = DIRECTION ( 'NONE',  ( 0.000000000000000000, 1.000000000000000000, 0.000000000000000000 ) ) ;
#6270 = DIRECTION ( 'NONE',  ( 0.000000000000000000, 0.9989685401991768021, 0.04540766116335116787 ) ) ;
#6271 = CARTESIAN_POINT ( 'NONE',  ( 2.750000000000000000, 0.5016694850364079583, -1.149999999999999911 ) ) ;
#6272 = ORIENTED_EDGE ( 'NONE', *, *, #3315, .F. ) ;
#6273 = CARTESIAN_POINT ( 'NONE',  ( 2.350000000000000089, 1.500000000000000000, -1.600000000000000089 ) ) ;
#6274 = VECTOR ( 'NONE', #2798, 1000.000000000000000 ) ;
#6275 = CARTESIAN_POINT ( 'NONE',  ( 1.449999999999999956, 1.500000000000000000, -1.600000000035400216 ) ) ;
#6276 = EDGE_CURVE ( 'NONE', #7791, #4639, #4913, .T. ) ;
#6277 = VERTEX_POINT ( 'NONE', #7130 ) ;
#6278 = DIRECTION ( 'NONE',  ( 1.000000000000000000, 0.000000000000000000, 0.000000000000000000 ) ) ;
#6279 = DIRECTION ( 'NONE',  ( 0.000000000000000000, -2.551063935260009998E-16, 1.000000000000000000 ) ) ;
#6280 = ORIENTED_EDGE ( 'NONE', *, *, #7227, .F. ) ;
#6281 = CARTESIAN_POINT ( 'NONE',  ( -1.424999999226485903, 0.4974675599999999753, 1.647727273000000103 ) ) ;
#6282 = DIRECTION ( 'NONE',  ( -1.000000000000000000, 0.000000000000000000, 0.000000000000000000 ) ) ;
#6283 = DIRECTION ( 'NONE',  ( 0.000000000000000000, 0.000000000000000000, -1.000000000000000000 ) ) ;
#6284 = DIRECTION ( 'NONE',  ( 0.000000000000000000, 0.000000000000000000, 1.000000000000000000 ) ) ;
#6285 = EDGE_CURVE ( 'NONE', #8768, #6410, #6457, .T. ) ;
#6286 = ORIENTED_EDGE ( 'NONE', *, *, #7555, .T. ) ;
#6287 = ADVANCED_FACE ( 'NONE', ( #7554 ), #777, .T. ) ;
#6288 = DIRECTION ( 'NONE',  ( 0.000000000000000000, -1.000000000000000000, 0.000000000000000000 ) ) ;
#6289 = ORIENTED_EDGE ( 'NONE', *, *, #2975, .F. ) ;
#6290 = VERTEX_POINT ( 'NONE', #157 ) ;
#6291 = CARTESIAN_POINT ( 'NONE',  ( 1.449999999226485814, 0.5039421737466389661, -1.790168786011515190 ) ) ;
#6292 = CARTESIAN_POINT ( 'NONE',  ( -1.959807621405285305, 0.000000000000000000, 1.449999999766007797 ) ) ;
#6293 = CARTESIAN_POINT ( 'NONE',  ( 1.699999999999999956, 0.8699944348426740248, -1.630794233056044984 ) ) ;
#6294 = ORIENTED_EDGE ( 'NONE', *, *, #8209, .T. ) ;
#6295 = CARTESIAN_POINT ( 'NONE',  ( -1.700000000056169913, 0.8750000001015399986, 1.600000000016930102 ) ) ;
#6296 = ORIENTED_EDGE ( 'NONE', *, *, #8427, .T. ) ;
#6297 = CARTESIAN_POINT ( 'NONE',  ( -2.299999999999999822, 1.690056146999999953, -1.391115596000000121 ) ) ;
#6298 = ORIENTED_EDGE ( 'NONE', *, *, #6796, .F. ) ;
#6299 = ORIENTED_EDGE ( 'NONE', *, *, #2055, .T. ) ;
#6300 =( NAMED_UNIT ( * ) PLANE_ANGLE_UNIT ( ) SI_UNIT ( $, .RADIAN. ) );
#6301 = SURFACE_SIDE_STYLE ('',( #7799 ) ) ;
#6302 = CARTESIAN_POINT ( 'NONE',  ( -2.250000000000000000, 0.5973644132508509896, -1.643186506999074981 ) ) ;
#6303 = EDGE_CURVE ( 'NONE', #655, #2637, #6783, .T. ) ;
#6304 = DIRECTION ( 'NONE',  ( 1.000000000000000000, 0.000000000000000000, 0.000000000000000000 ) ) ;
#6305 = EDGE_CURVE ( 'NONE', #4134, #6652, #2344, .T. ) ;
#6306 = ORIENTED_EDGE ( 'NONE', *, *, #5287, .T. ) ;
#6307 = LINE ( 'NONE', #3316, #4514 ) ;
#6308 = VERTEX_POINT ( 'NONE', #824 ) ;
#6309 = LINE ( 'NONE', #7891, #541 ) ;
#6310 = FACE_OUTER_BOUND ( 'NONE', #2241, .T. ) ;
#6311 = DIRECTION ( 'NONE',  ( 0.000000000000000000, 1.000000000000000000, -1.214080558205069872E-16 ) ) ;
#6312 = ORIENTED_EDGE ( 'NONE', *, *, #1381, .T. ) ;
#6313 = CARTESIAN_POINT ( 'NONE',  ( 2.099999999610479673, 0.8800000008003850960, 0.4249999999999999889 ) ) ;
#6314 = LINE ( 'NONE', #6986, #8097 ) ;
#6315 = CARTESIAN_POINT ( 'NONE',  ( -0.5000000000000000000, 1.060000000000000053, -0.5014179090000000505 ) ) ;
#6316 = AXIS2_PLACEMENT_3D ( 'NONE', #7405, #1582, #6780 ) ;
#6317 = ORIENTED_EDGE ( 'NONE', *, *, #3977, .F. ) ;
#6318 = CARTESIAN_POINT ( 'NONE',  ( -2.249999999977779552, 0.8901360610540539620, -1.751643989990989914 ) ) ;
#6319 = LINE ( 'NONE', #6995, #6336 ) ;
#6320 = ORIENTED_EDGE ( 'NONE', *, *, #2189, .F. ) ;
#6321 = EDGE_CURVE ( 'NONE', #5903, #1122, #3798, .T. ) ;
#6322 = EDGE_CURVE ( 'NONE', #9347, #4605, #3067, .T. ) ;
#6323 = LINE ( 'NONE', #8584, #3628 ) ;
#6324 = DIRECTION ( 'NONE',  ( 0.000000000000000000, 0.04540765932803051547, -0.9989685402826004035 ) ) ;
#6325 = CARTESIAN_POINT ( 'NONE',  ( -1.699999999999999956, 1.649031131353470014, 1.521793619773354811 ) ) ;
#6326 = CARTESIAN_POINT ( 'NONE',  ( -2.149999999496474690, 1.140056147914642048, -0.3999999999508210280 ) ) ;
#6327 = VERTEX_POINT ( 'NONE', #7367 ) ;
#6328 = CARTESIAN_POINT ( 'NONE',  ( -0.5000000000000000000, 0.03000000063083475138, 0.5999999998776038845 ) ) ;
#6329 = EDGE_CURVE ( 'NONE', #5663, #601, #6693, .T. ) ;
#6330 = EDGE_LOOP ( 'NONE', ( #922, #7327, #2151, #181 ) ) ;
#6331 = EDGE_CURVE ( 'NONE', #2434, #7171, #8851, .T. ) ;
#6332 = CARTESIAN_POINT ( 'NONE',  ( -1.699999999999999956, 1.240192379100433895, 1.750000000000000000 ) ) ;
#6333 = ORIENTED_EDGE ( 'NONE', *, *, #3190, .F. ) ;
#6334 = CARTESIAN_POINT ( 'NONE',  ( 0.5000000000000000000, 0.03000000000000000236, 1.750000000000000000 ) ) ;
#6335 = LINE ( 'NONE', #2662, #5788 ) ;
#6336 = VECTOR ( 'NONE', #5547, 1000.000000000000114 ) ;
#6337 = DIRECTION ( 'NONE',  ( 0.000000000000000000, 0.000000000000000000, 1.000000000000000000 ) ) ;
#6338 = ORIENTED_EDGE ( 'NONE', *, *, #3614, .F. ) ;
#6339 = CARTESIAN_POINT ( 'NONE',  ( -2.350000000096295061, 0.2000000000000000111, -1.149999999999999911 ) ) ;
#6340 = ORIENTED_EDGE ( 'NONE', *, *, #1736, .F. ) ;
#6341 = CARTESIAN_POINT ( 'NONE',  ( 0.5999999999999999778, 1.650056147000000140, -0.6800000000000000488 ) ) ;
#6342 = EDGE_LOOP ( 'NONE', ( #7505, #8612, #145, #3169 ) ) ;
#6343 = ORIENTED_EDGE ( 'NONE', *, *, #8491, .T. ) ;
#6344 = FACE_OUTER_BOUND ( 'NONE', #1248, .T. ) ;
#6345 = AXIS2_PLACEMENT_3D ( 'NONE', #5085, #2146, #8025 ) ;
#6346 = CARTESIAN_POINT ( 'NONE',  ( -2.299999999999999822, 1.690056146999999953, 0.9000000000000000222 ) ) ;
#6347 = DIRECTION ( 'NONE',  ( -1.000000000000000000, 0.000000000000000000, 0.000000000000000000 ) ) ;
#6348 = DIRECTION ( 'NONE',  ( 1.000000000000000000, 0.000000000000000000, 0.000000000000000000 ) ) ;
#6349 = ORIENTED_EDGE ( 'NONE', *, *, #8147, .F. ) ;
#6350 = VECTOR ( 'NONE', #745, 1000.000000000000000 ) ;
#6351 = FACE_OUTER_BOUND ( 'NONE', #2229, .T. ) ;
#6352 = ORIENTED_EDGE ( 'NONE', *, *, #4516, .F. ) ;
#6353 = DIRECTION ( 'NONE',  ( 0.000000000000000000, 0.9989685402014012450, 0.04540766111441242592 ) ) ;
#6354 = EDGE_CURVE ( 'NONE', #7295, #8866, #6743, .T. ) ;
#6355 = CARTESIAN_POINT ( 'NONE',  ( 1.275000000000000133, 1.650056147000000140, 1.500000000000000000 ) ) ;
#6356 = VERTEX_POINT ( 'NONE', #8182 ) ;
#6357 = EDGE_CURVE ( 'NONE', #1116, #9449, #58, .T. ) ;
#6358 = FACE_OUTER_BOUND ( 'NONE', #8833, .T. ) ;
#6359 = EDGE_LOOP ( 'NONE', ( #2777, #8679, #7996, #6164 ) ) ;
#6360 =( LENGTH_UNIT ( ) NAMED_UNIT ( * ) SI_UNIT ( .MILLI., .METRE. ) );
#6361 = AXIS2_PLACEMENT_3D ( 'NONE', #1930, #4096, #3221 ) ;
#6362 = DIRECTION ( 'NONE',  ( -0.000000000000000000, 0.9989685404970078952, 0.04540765461106680001 ) ) ;
#6363 = VERTEX_POINT ( 'NONE', #8139 ) ;
#6364 = CARTESIAN_POINT ( 'NONE',  ( 2.149999999999999911, 1.500000000000000000, -0.9000000000924819332 ) ) ;
#6365 = EDGE_LOOP ( 'NONE', ( #40, #8172, #3071, #180, #6765, #4938 ) ) ;
#6366 = CARTESIAN_POINT ( 'NONE',  ( 2.299999999995834710, 1.650056147000000140, 0.9000000000000000222 ) ) ;
#6367 = VERTEX_POINT ( 'NONE', #7408 ) ;
#6368 = DIRECTION ( 'NONE',  ( 0.000000000000000000, -1.000000000000000000, 0.000000000000000000 ) ) ;
#6369 = DIRECTION ( 'NONE',  ( 0.000000000000000000, -1.000000000000000000, 1.214080558205069872E-16 ) ) ;
#6370 = FACE_OUTER_BOUND ( 'NONE', #5888, .T. ) ;
#6371 = EDGE_CURVE ( 'NONE', #1427, #4281, #1584, .T. ) ;
#6372 = DIRECTION ( 'NONE',  ( 0.000000000000000000, 1.000000000000000000, -7.228014483236699908E-15 ) ) ;
#6373 = VECTOR ( 'NONE', #5814, 1000.000000000000000 ) ;
#6374 = AXIS2_PLACEMENT_3D ( 'NONE', #417, #1129, #7763 ) ;
#6375 = EDGE_CURVE ( 'NONE', #8485, #1975, #2973, .T. ) ;
#6376 = ORIENTED_EDGE ( 'NONE', *, *, #4200, .F. ) ;
#6377 = LINE ( 'NONE', #9258, #8223 ) ;
#6378 = VERTEX_POINT ( 'NONE', #115 ) ;
#6379 = VECTOR ( 'NONE', #9388, 1000.000000000000000 ) ;
#6380 = ORIENTED_EDGE ( 'NONE', *, *, #4965, .F. ) ;
#6381 = AXIS2_PLACEMENT_3D ( 'NONE', #9328, #9129, #6259 ) ;
#6382 = DIRECTION ( 'NONE',  ( 0.000000000000000000, -0.04540765932803111915, -0.9989685402826005145 ) ) ;
#6383 = ADVANCED_FACE ( 'NONE', ( #2257 ), #3029, .T. ) ;
#6384 = CARTESIAN_POINT ( 'NONE',  ( 1.750000000120085053, 0.03000000030239595092, -0.5999999999936839190 ) ) ;
#6385 = EDGE_CURVE ( 'NONE', #1628, #3815, #3840, .T. ) ;
#6386 = VECTOR ( 'NONE', #8028, 1000.000000000000000 ) ;
#6387 = ADVANCED_FACE ( 'NONE', ( #5146 ), #8993, .T. ) ;
#6388 = VECTOR ( 'NONE', #2681, 1000.000000000000000 ) ;
#6389 = ORIENTED_EDGE ( 'NONE', *, *, #3939, .F. ) ;
#6390 = CARTESIAN_POINT ( 'NONE',  ( 0.5999999999999999778, 1.547467560000000075, 2.250000000000000000 ) ) ;
#6391 = AXIS2_PLACEMENT_3D ( 'NONE', #3056, #4588, #4494 ) ;
#6392 = ORIENTED_EDGE ( 'NONE', *, *, #5896, .F. ) ;
#6393 = DIRECTION ( 'NONE',  ( 1.000000000000000000, 0.000000000000000000, 0.000000000000000000 ) ) ;
#6394 = EDGE_LOOP ( 'NONE', ( #7219, #7371, #6463, #1241 ) ) ;
#6395 = PLANE ( 'NONE',  #6381 ) ;
#6396 = PLANE ( 'NONE',  #4753 ) ;
#6397 = AXIS2_PLACEMENT_3D ( 'NONE', #3433, #7106, #7059 ) ;
#6398 = CARTESIAN_POINT ( 'NONE',  ( 1.699999999999999956, 0.8786771979662110210, 1.599999999978255039 ) ) ;
#6399 = AXIS2_PLACEMENT_3D ( 'NONE', #5978, #8191, #8246 ) ;
#6400 = CARTESIAN_POINT ( 'NONE',  ( -1.575000000000145173, 0.2000000000991274951, -0.5000000000011000090 ) ) ;
#6401 = EDGE_CURVE ( 'NONE', #7369, #1751, #2398, .T. ) ;
#6402 = ORIENTED_EDGE ( 'NONE', *, *, #8708, .F. ) ;
#6403 = DIRECTION ( 'NONE',  ( 0.000000000000000000, 0.000000000000000000, -1.000000000000000000 ) ) ;
#6404 = VECTOR ( 'NONE', #4575, 1000.000000000000000 ) ;
#6405 = ORIENTED_EDGE ( 'NONE', *, *, #1816, .T. ) ;
#6406 = CARTESIAN_POINT ( 'NONE',  ( 1.574999999999999956, 0.03999999994104164874, -0.5000000000027500224 ) ) ;
#6407 = ADVANCED_FACE ( 'NONE', ( #5240 ), #5970, .T. ) ;
#6408 = VECTOR ( 'NONE', #1077, 1000.000000000000000 ) ;
#6409 = CARTESIAN_POINT ( 'NONE',  ( -0.4999999996666640301, 1.153942174106225904, -1.760623333791125011 ) ) ;
#6410 = VERTEX_POINT ( 'NONE', #4131 ) ;
#6411 = DIRECTION ( 'NONE',  ( -0.4916525748179580435, -0.8707914478650282675, 0.000000000000000000 ) ) ;
#6412 = CARTESIAN_POINT ( 'NONE',  ( 1.449999999999999956, 1.500000000000000000, 1.599999999661140038 ) ) ;
#6413 = DIRECTION ( 'NONE',  ( 0.000000000000000000, -0.9989685401991768021, -0.04540766116335179930 ) ) ;
#6414 = AXIS2_PLACEMENT_3D ( 'NONE', #6146, #1708, #3239 ) ;
#6415 = FACE_OUTER_BOUND ( 'NONE', #9476, .T. ) ;
#6416 = VECTOR ( 'NONE', #1855, 1000.000000000000000 ) ;
#6417 = ORIENTED_EDGE ( 'NONE', *, *, #6478, .F. ) ;
#6418 = LINE ( 'NONE', #4820, #4221 ) ;
#6419 = ORIENTED_EDGE ( 'NONE', *, *, #1086, .T. ) ;
#6420 = DIRECTION ( 'NONE',  ( 0.000000000000000000, -1.214080558205069872E-16, -1.000000000000000000 ) ) ;
#6421 = ORIENTED_EDGE ( 'NONE', *, *, #744, .F. ) ;
#6422 = DIRECTION ( 'NONE',  ( 0.000000000000000000, -1.000000000000000000, 0.000000000000000000 ) ) ;
#6423 = AXIS2_PLACEMENT_3D ( 'NONE', #26, #8675, #2892 ) ;
#6424 = LINE ( 'NONE', #1711, #3569 ) ;
#6425 = CARTESIAN_POINT ( 'NONE',  ( 1.424999999226485903, 0.5039421739999999650, 1.790168786000000178 ) ) ;
#6426 = CARTESIAN_POINT ( 'NONE',  ( 2.350000000096295061, 0.2000000000000000111, 1.149999999999999911 ) ) ;
#6427 = EDGE_CURVE ( 'NONE', #2, #9102, #3167, .T. ) ;
#6428 = ORIENTED_EDGE ( 'NONE', *, *, #9368, .F. ) ;
#6429 = EDGE_CURVE ( 'NONE', #8556, #1096, #5533, .T. ) ;
#6430 = SURFACE_SIDE_STYLE ('',( #3478 ) ) ;
#6431 = EDGE_LOOP ( 'NONE', ( #1553, #9018, #2305, #2658 ) ) ;
#6432 = DIRECTION ( 'NONE',  ( 0.000000000000000000, 0.000000000000000000, -1.000000000000000000 ) ) ;
#6433 = ORIENTED_EDGE ( 'NONE', *, *, #5377, .T. ) ;
#6434 = DIRECTION ( 'NONE',  ( 8.830525290225410494E-16, 0.000000000000000000, 1.000000000000000000 ) ) ;
#6435 = FACE_OUTER_BOUND ( 'NONE', #5815, .T. ) ;
#6436 = ORIENTED_EDGE ( 'NONE', *, *, #6375, .F. ) ;
#6437 = EDGE_LOOP ( 'NONE', ( #2595, #1079, #3836, #5102, #7945, #8789, #706, #7616, #2002, #2725, #8827, #5868, #568, #8119, #8273, #849, #2802, #202 ) ) ;
#6438 = VERTEX_POINT ( 'NONE', #254 ) ;
#6439 = ADVANCED_FACE ( 'NONE', ( #6932 ), #6886, .F. ) ;
#6440 = CARTESIAN_POINT ( 'NONE',  ( 1.699999999999999956, 0.8699944348404420325, 1.630794233042649921 ) ) ;
#6441 = ADVANCED_FACE ( 'NONE', ( #5426 ), #2442, .T. ) ;
#6442 = FACE_OUTER_BOUND ( 'NONE', #889, .T. ) ;
#6443 = LINE ( 'NONE', #3541, #4802 ) ;
#6444 = CARTESIAN_POINT ( 'NONE',  ( -2.149999999999999911, 1.690056146999999953, 0.9000000000000000222 ) ) ;
#6445 = VERTEX_POINT ( 'NONE', #3940 ) ;
#6446 = PLANE ( 'NONE',  #3917 ) ;
#6447 = VERTEX_POINT ( 'NONE', #6209 ) ;
#6448 = VECTOR ( 'NONE', #3310, 1000.000000000000114 ) ;
#6449 = DIRECTION ( 'NONE',  ( -1.000000000000000000, 0.000000000000000000, 0.000000000000000000 ) ) ;
#6450 = EDGE_CURVE ( 'NONE', #2875, #1956, #448, .T. ) ;
#6451 = ORIENTED_EDGE ( 'NONE', *, *, #578, .T. ) ;
#6452 = FACE_OUTER_BOUND ( 'NONE', #2469, .T. ) ;
#6453 = EDGE_CURVE ( 'NONE', #5410, #3442, #250, .T. ) ;
#6454 = DIRECTION ( 'NONE',  ( 0.000000000000000000, 0.000000000000000000, -1.000000000000000000 ) ) ;
#6455 = CARTESIAN_POINT ( 'NONE',  ( -2.524158289669300004, 0.1016694850364084080, 0.5500000000000000444 ) ) ;
#6456 = DIRECTION ( 'NONE',  ( -0.8707914478650282675, 0.4916525748179580990, 0.000000000000000000 ) ) ;
#6457 = LINE ( 'NONE', #875, #5460 ) ;
#6458 = ORIENTED_EDGE ( 'NONE', *, *, #370, .T. ) ;
#6459 = LINE ( 'NONE', #2645, #2987 ) ;
#6460 = ORIENTED_EDGE ( 'NONE', *, *, #4120, .T. ) ;
#6461 = FACE_OUTER_BOUND ( 'NONE', #967, .T. ) ;
#6462 = DIRECTION ( 'NONE',  ( 1.000000000000000000, 0.000000000000000000, 0.000000000000000000 ) ) ;
#6463 = ORIENTED_EDGE ( 'NONE', *, *, #975, .T. ) ;
#6464 = CARTESIAN_POINT ( 'NONE',  ( 2.250000000000000000, 0.5973644132524370542, -1.643186507033979948 ) ) ;
#6465 = VECTOR ( 'NONE', #1797, 1000.000000000000000 ) ;
#6466 = CARTESIAN_POINT ( 'NONE',  ( 0.5000000000000000000, 1.104938393441736055, -0.5014179090000000505 ) ) ;
#6467 = CARTESIAN_POINT ( 'NONE',  ( -2.099999999496474867, 1.140056147914642048, 0.4249999999999999889 ) ) ;
#6468 = VECTOR ( 'NONE', #497, 1000.000000000000114 ) ;
#6469 = CARTESIAN_POINT ( 'NONE',  ( 0.6000000003000000026, 1.052467560143413916, 1.749999999999074962 ) ) ;
#6470 = ORIENTED_EDGE ( 'NONE', *, *, #7030, .F. ) ;
#6471 = CARTESIAN_POINT ( 'NONE',  ( 2.350000000000000089, -0.02594226882224410016, -1.595990392846594830 ) ) ;
#6472 = VERTEX_POINT ( 'NONE', #3357 ) ;
#6473 = EDGE_CURVE ( 'NONE', #9382, #8485, #1066, .T. ) ;
#6474 = EDGE_CURVE ( 'NONE', #6327, #1108, #3312, .T. ) ;
#6475 = DIRECTION ( 'NONE',  ( 0.000000000000000000, -1.000000000000000000, 0.000000000000000000 ) ) ;
#6476 = EDGE_LOOP ( 'NONE', ( #9087, #5720, #6976, #622 ) ) ;
#6477 = LINE ( 'NONE', #9015, #5162 ) ;
#6478 = EDGE_CURVE ( 'NONE', #9268, #3052, #4757, .T. ) ;
#6479 = CARTESIAN_POINT ( 'NONE',  ( 1.700000000665029987, 1.423370555965343787, -1.605640773591199943 ) ) ;
#6480 = ORIENTED_EDGE ( 'NONE', *, *, #7886, .T. ) ;
#6481 = PLANE ( 'NONE',  #4054 ) ;
#6482 = EDGE_LOOP ( 'NONE', ( #956, #4752, #416, #4690, #4859 ) ) ;
#6483 = ORIENTED_EDGE ( 'NONE', *, *, #6487, .F. ) ;
#6484 = PLANE ( 'NONE',  #3141 ) ;
#6485 = DIRECTION ( 'NONE',  ( -1.000000000000000000, 0.000000000000000000, -1.204669080577093786E-16 ) ) ;
#6486 = CARTESIAN_POINT ( 'NONE',  ( 2.149999999999999911, 1.690056146999999953, 0.9000000000000000222 ) ) ;
#6487 = EDGE_CURVE ( 'NONE', #698, #2109, #7004, .T. ) ;
#6488 = LINE ( 'NONE', #5810, #5151 ) ;
#6489 = EDGE_CURVE ( 'NONE', #4483, #7915, #9190, .T. ) ;
#6490 = ORIENTED_EDGE ( 'NONE', *, *, #9210, .F. ) ;
#6491 = EDGE_CURVE ( 'NONE', #8317, #3624, #4856, .T. ) ;
#6492 = CARTESIAN_POINT ( 'NONE',  ( -0.5000000000000000000, 0.03000000063083475138, 0.5999999998776038845 ) ) ;
#6493 = ORIENTED_EDGE ( 'NONE', *, *, #1070, .T. ) ;
#6494 = CARTESIAN_POINT ( 'NONE',  ( 2.299999999995834710, 1.690056146999999953, 0.9000000000000000222 ) ) ;
#6495 = VECTOR ( 'NONE', #8650, 1000.000000000000000 ) ;
#6496 = ORIENTED_EDGE ( 'NONE', *, *, #303, .F. ) ;
#6497 = LINE ( 'NONE', #9425, #2831 ) ;
#6498 = CARTESIAN_POINT ( 'NONE',  ( 1.849999999675000062, 4.947926454335540001E-10, -0.5000000004387700203 ) ) ;
#6499 = CARTESIAN_POINT ( 'NONE',  ( -1.300000000000000044, 1.647467559999999942, 2.750000000000000000 ) ) ;
#6500 = VECTOR ( 'NONE', #166, 1000.000000000000114 ) ;
#6501 = EDGE_CURVE ( 'NONE', #759, #284, #7256, .T. ) ;
#6502 = ORIENTED_EDGE ( 'NONE', *, *, #1499, .F. ) ;
#6503 = EDGE_CURVE ( 'NONE', #6778, #445, #7885, .T. ) ;
#6504 = CARTESIAN_POINT ( 'NONE',  ( 2.149999999999999911, 1.650056147000000140, -0.9000000000924819332 ) ) ;
#6505 = ORIENTED_EDGE ( 'NONE', *, *, #2653, .T. ) ;
#6506 = DIRECTION ( 'NONE',  ( 0.000000000000000000, -0.9989685401824687228, -0.04540766153092699181 ) ) ;
#6507 = FILL_AREA_STYLE_COLOUR ( '', #2028 ) ;
#6508 = VERTEX_POINT ( 'NONE', #7170 ) ;
#6509 =( GEOMETRIC_REPRESENTATION_CONTEXT ( 3 ) GLOBAL_UNCERTAINTY_ASSIGNED_CONTEXT ( ( #8058 ) ) GLOBAL_UNIT_ASSIGNED_CONTEXT ( ( #680, #9479, #3648 ) ) REPRESENTATION_CONTEXT ( 'NONE', 'WORKASPACE' ) );
#6510 = DIRECTION ( 'NONE',  ( -1.000000000000000000, 0.000000000000000000, 0.000000000000000000 ) ) ;
#6511 = CARTESIAN_POINT ( 'NONE',  ( -2.299999999999999822, 1.650056147000000140, 1.408884403999999924 ) ) ;
#6512 = LINE ( 'NONE', #1990, #5774 ) ;
#6513 = DIRECTION ( 'NONE',  ( 1.000000000000000000, 0.000000000000000000, 0.000000000000000000 ) ) ;
#6514 = VERTEX_POINT ( 'NONE', #2817 ) ;
#6515 = VECTOR ( 'NONE', #2194, 1000.000000000000000 ) ;
#6516 = CARTESIAN_POINT ( 'NONE',  ( -1.849999999675000062, 0.03000000011000014677, 0.5999999999999999778 ) ) ;
#6517 = VERTEX_POINT ( 'NONE', #8700 ) ;
#6518 = EDGE_CURVE ( 'NONE', #1297, #8911, #8651, .T. ) ;
#6519 = DIRECTION ( 'NONE',  ( 0.000000000000000000, 0.000000000000000000, 1.000000000000000000 ) ) ;
#6520 = ORIENTED_EDGE ( 'NONE', *, *, #7414, .F. ) ;
#6521 = VECTOR ( 'NONE', #4284, 1000.000000000000000 ) ;
#6522 = UNCERTAINTY_MEASURE_WITH_UNIT (LENGTH_MEASURE( 1.000000000000000082E-05 ), #2642, 'distance_accuracy_value', 'NONE');
#6523 = LINE ( 'NONE', #9506, #90 ) ;
#6524 = LINE ( 'NONE', #6622, #4875 ) ;
#6525 = AXIS2_PLACEMENT_3D ( 'NONE', #6823, #6053, #3209 ) ;
#6526 = PRESENTATION_LAYER_ASSIGNMENT (  '', '', ( #1605 ) ) ;
#6527 = EDGE_LOOP ( 'NONE', ( #4735, #141, #3199, #1858, #2600 ) ) ;
#6528 = ADVANCED_FACE ( 'NONE', ( #2775 ), #4270, .T. ) ;
#6530 = AXIS2_PLACEMENT_3D ( 'NONE', #7241, #4335, #5880 ) ;
#6529 = DIRECTION ( 'NONE',  ( 0.000000000000000000, 0.04540766116335179237, -0.9989685401991768021 ) ) ;
#6531 = VERTEX_POINT ( 'NONE', #3399 ) ;
#6532 = VECTOR ( 'NONE', #1910, 1000.000000000000000 ) ;
#6533 = ORIENTED_EDGE ( 'NONE', *, *, #4662, .F. ) ;
#6534 = CARTESIAN_POINT ( 'NONE',  ( -0.5000000000000000000, 1.650056147000000140, 0.2504318544911490196 ) ) ;
#6535 = DIRECTION ( 'NONE',  ( 1.000000000000000000, 0.000000000000000000, 0.000000000000000000 ) ) ;
#6536 = DIRECTION ( 'NONE',  ( 7.228014483437480391E-16, 0.000000000000000000, 1.000000000000000000 ) ) ;
#6537 = VECTOR ( 'NONE', #385, 1000.000000000000000 ) ;
#6538 = CARTESIAN_POINT ( 'NONE',  ( 0.2999999999999999889, 1.447467560773514128, 2.249999999986574739 ) ) ;
#6539 = VECTOR ( 'NONE', #1436, 1000.000000000000000 ) ;
#6540 = VECTOR ( 'NONE', #290, 1000.000000000000000 ) ;
#6541 = VERTEX_POINT ( 'NONE', #535 ) ;
#6542 = EDGE_CURVE ( 'NONE', #5479, #5458, #669, .T. ) ;
#6543 = CARTESIAN_POINT ( 'NONE',  ( 1.449999999999999956, 1.060000000000000053, -1.475774862966304113 ) ) ;
#6544 = ORIENTED_EDGE ( 'NONE', *, *, #1760, .F. ) ;
#6545 = VECTOR ( 'NONE', #8306, 1000.000000000000000 ) ;
#6546 = CARTESIAN_POINT ( 'NONE',  ( 1.959807621866025196, 0.8500000004744669990, 1.449999999791665939 ) ) ;
#6547 = ORIENTED_EDGE ( 'NONE', *, *, #449, .T. ) ;
#6548 = AXIS2_PLACEMENT_3D ( 'NONE', #6679, #5187, #5131 ) ;
#6549 = DIRECTION ( 'NONE',  ( 0.000000000000000000, -0.9989685402014013560, -0.04540766111441141978 ) ) ;
#6550 = DIRECTION ( 'NONE',  ( 0.000000000000000000, -1.000000000000000000, 0.000000000000000000 ) ) ;
#6551 = VECTOR ( 'NONE', #6760, 1000.000000000000000 ) ;
#6552 = LINE ( 'NONE', #5682, #1438 ) ;
#6553 = LINE ( 'NONE', #7993, #9145 ) ;
#6554 = ORIENTED_EDGE ( 'NONE', *, *, #1509, .F. ) ;
#6555 = DIRECTION ( 'NONE',  ( 0.000000000000000000, 0.000000000000000000, 1.000000000000000000 ) ) ;
#6556 = ORIENTED_EDGE ( 'NONE', *, *, #6624, .F. ) ;
#6557 = PLANE ( 'NONE',  #393 ) ;
#6558 = DIRECTION ( 'NONE',  ( -1.000000000000000000, 0.000000000000000000, 0.000000000000000000 ) ) ;
#6559 = VERTEX_POINT ( 'NONE', #490 ) ;
#6560 = CARTESIAN_POINT ( 'NONE',  ( -1.700000000457515092, 1.423370555856485975, -1.605640773922754949 ) ) ;
#6561 = VECTOR ( 'NONE', #654, 1000.000000000000114 ) ;
#6562 = ADVANCED_FACE ( 'NONE', ( #7982 ), #628, .T. ) ;
#6563 = CARTESIAN_POINT ( 'NONE',  ( -2.350000000000000089, 0.8499999999602040335, 1.450000000006631984 ) ) ;
#6564 = PLANE ( 'NONE',  #2538 ) ;
#6565 = VECTOR ( 'NONE', #7366, 1000.000000000000000 ) ;
#6566 = LINE ( 'NONE', #8632, #3799 ) ;
#6567 = DIRECTION ( 'NONE',  ( 1.000000000000000000, 0.000000000000000000, 0.000000000000000000 ) ) ;
#6568 = ORIENTED_EDGE ( 'NONE', *, *, #1017, .F. ) ;
#6569 = CARTESIAN_POINT ( 'NONE',  ( 1.849999999675000062, 0.03000000049479194936, -0.5999999999936839190 ) ) ;
#6570 = VECTOR ( 'NONE', #5030, 1000.000000000000114 ) ;
#6571 = ORIENTED_EDGE ( 'NONE', *, *, #7496, .F. ) ;
#6572 = CARTESIAN_POINT ( 'NONE',  ( -1.575000000000145173, 0.2000000000991274951, -0.5000000000011000090 ) ) ;
#6573 = ORIENTED_EDGE ( 'NONE', *, *, #4305, .T. ) ;
#6574 = CARTESIAN_POINT ( 'NONE',  ( 0.01010418081077514053, 0.05000000000000000278, -0.2000000000000000111 ) ) ;
#6575 = EDGE_CURVE ( 'NONE', #6100, #492, #4941, .T. ) ;
#6576 = LINE ( 'NONE', #800, #1040 ) ;
#6577 = VECTOR ( 'NONE', #2937, 1000.000000000000000 ) ;
#6578 = EDGE_CURVE ( 'NONE', #8887, #1779, #6488, .T. ) ;
#6579 = ORIENTED_EDGE ( 'NONE', *, *, #2189, .T. ) ;
#6580 = LINE ( 'NONE', #5994, #7155 ) ;
#6581 = ORIENTED_EDGE ( 'NONE', *, *, #2586, .T. ) ;
#6582 = CARTESIAN_POINT ( 'NONE',  ( -1.324999999999999956, 1.060000000000000053, 1.500000000000000000 ) ) ;
#6583 = ORIENTED_EDGE ( 'NONE', *, *, #5908, .F. ) ;
#6584 = LINE ( 'NONE', #2104, #5615 ) ;
#6585 = CARTESIAN_POINT ( 'NONE',  ( 0.01010418081077514053, 0.05000000000000000278, 0.2000000000000000111 ) ) ;
#6586 = PLANE ( 'NONE',  #4635 ) ;
#6587 = DIRECTION ( 'NONE',  ( 0.000000000000000000, 0.000000000000000000, 1.000000000000000000 ) ) ;
#6588 = VERTEX_POINT ( 'NONE', #8745 ) ;
#6589 = CARTESIAN_POINT ( 'NONE',  ( -1.449999999999999956, 1.500000000000000000, -1.475774862966304113 ) ) ;
#6590 = VERTEX_POINT ( 'NONE', #9418 ) ;
#6591 = CARTESIAN_POINT ( 'NONE',  ( -1.575000000000145173, 0.2000000000991274951, -0.5000000000011000090 ) ) ;
#6592 = ORIENTED_EDGE ( 'NONE', *, *, #612, .T. ) ;
#6593 = EDGE_CURVE ( 'NONE', #2058, #8322, #4171, .T. ) ;
#6594 = CARTESIAN_POINT ( 'NONE',  ( -1.849999999675000062, 0.03000000010999999758, -0.4999999999450860377 ) ) ;
#6595 = CARTESIAN_POINT ( 'NONE',  ( -2.342588587496474695, 1.140056147914642048, 0.4000000000491790164 ) ) ;
#6596 = PLANE ( 'NONE',  #1585 ) ;
#6597 = DIRECTION ( 'NONE',  ( -0.000000000000000000, 0.9989685404970078952, 0.04540765461106680001 ) ) ;
#6598 = ADVANCED_FACE ( 'NONE', ( #7070 ), #4310, .T. ) ;
#6599 = CARTESIAN_POINT ( 'NONE',  ( 2.299999999966665154, 1.500000000000000000, -1.391115596000000121 ) ) ;
#6600 = VECTOR ( 'NONE', #9466, 1000.000000000000114 ) ;
#6601 = ORIENTED_EDGE ( 'NONE', *, *, #8158, .F. ) ;
#6602 = FACE_OUTER_BOUND ( 'NONE', #5936, .T. ) ;
#6603 = ORIENTED_EDGE ( 'NONE', *, *, #1849, .T. ) ;
#6604 = CARTESIAN_POINT ( 'NONE',  ( -1.575000000000145173, 0.2000000000991274951, -0.5000000000011000090 ) ) ;
#6605 = CARTESIAN_POINT ( 'NONE',  ( 0.5000000000000000000, 0.000000000000000000, -1.750000000000000000 ) ) ;
#6606 = VERTEX_POINT ( 'NONE', #6538 ) ;
#6607 = CARTESIAN_POINT ( 'NONE',  ( 1.299508861000000071, 1.060000000000000053, 1.506540070000000009 ) ) ;
#6608 = DIRECTION ( 'NONE',  ( 0.000000000000000000, 9.166665094085399879E-12, 1.000000000000000000 ) ) ;
#6609 = CARTESIAN_POINT ( 'NONE',  ( -2.350000000000000089, 1.240192378925983885, -1.750000000000000000 ) ) ;
#6610 = CARTESIAN_POINT ( 'NONE',  ( 0.5999999999999999778, 1.650056147000000140, -0.5799999999999999600 ) ) ;
#6611 = CARTESIAN_POINT ( 'NONE',  ( -1.959807621000000166, 0.000000000000000000, 1.449999999999999956 ) ) ;
#6612 = B_SPLINE_SURFACE_WITH_KNOTS ( 'NONE', 3, 1, ( 
 ( #3735, #109, #3025, #5966, #8891, #5000 ),
 ( #5424, #6930, #8323, #3064, #7596, #6114 ),
 ( #6011, #6883, #1063, #1581, #1633, #1722 ),
 ( #154, #344, #6056, #8937, #2340, #5237 ),
 ( #3938, #4504, #7551, #4556, #5378, #872 ),
 ( #248, #7507, #8988, #8365, #5279, #3164 ) ),
 .UNSPECIFIED., .F., .F., .F.,
 ( 4, 1, 1, 4 ),
 ( 2, 1, 1, 1, 1, 2 ),
 ( 0.000000000000000000, 0.3260053438265140269, 0.6388586853904220098, 1.000000000000000000 ),
 ( -8.377911270691170031, -6.607782190583000315, -3.000000000000000000, 0.000000000000000000, 1.000000000000000000, 4.000000000000000000 ),
 .UNSPECIFIED. ) ;
#6613 = ORIENTED_EDGE ( 'NONE', *, *, #6864, .F. ) ;
#6614 = DIRECTION ( 'NONE',  ( 0.000000000000000000, 0.000000000000000000, -1.000000000000000000 ) ) ;
#6615 = ADVANCED_FACE ( 'NONE', ( #7117 ), #9468, .F. ) ;
#6616 = EDGE_CURVE ( 'NONE', #7347, #806, #8026, .T. ) ;
#6617 = VERTEX_POINT ( 'NONE', #4900 ) ;
#6618 = MECHANICAL_DESIGN_GEOMETRIC_PRESENTATION_REPRESENTATION (  '', ( #9378 ), #8304 ) ;
#6619 = DIRECTION ( 'NONE',  ( 4.995546418259818329E-08, -0.9863939211294407983, -0.1643990035215665002 ) ) ;
#6620 = ORIENTED_EDGE ( 'NONE', *, *, #3190, .T. ) ;
#6621 = LINE ( 'NONE', #3673, #5154 ) ;
#6622 = CARTESIAN_POINT ( 'NONE',  ( -1.575000000000145173, 0.2000000001082944956, 0.4999999999988999910 ) ) ;
#6623 = ADVANCED_FACE ( 'NONE', ( #7845 ), #1256, .T. ) ;
#6624 = EDGE_CURVE ( 'NONE', #8844, #8568, #2733, .T. ) ;
#6625 = ORIENTED_EDGE ( 'NONE', *, *, #4090, .T. ) ;
#6626 = EDGE_CURVE ( 'NONE', #7915, #7502, #8391, .T. ) ;
#6627 = FACE_OUTER_BOUND ( 'NONE', #9221, .T. ) ;
#6628 = ORIENTED_EDGE ( 'NONE', *, *, #723, .T. ) ;
#6629 = CARTESIAN_POINT ( 'NONE',  ( 1.320119222872249365, 1.647852942416203170, 1.531486269808083334 ) ) ;
#6630 = ORIENTED_EDGE ( 'NONE', *, *, #1415, .T. ) ;
#6631 = CARTESIAN_POINT ( 'NONE',  ( -2.149999999999999911, 1.140056146948334126, -0.4249999999999999889 ) ) ;
#6632 = FILL_AREA_STYLE_COLOUR ( '', #4906 ) ;
#6633 = LINE ( 'NONE', #44, #1880 ) ;
#6634 = DIRECTION ( 'NONE',  ( 0.000000000000000000, -1.000000000000000000, 0.000000000000000000 ) ) ;
#6635 = ORIENTED_EDGE ( 'NONE', *, *, #209, .T. ) ;
#6636 = DIRECTION ( 'NONE',  ( 1.000000000000000000, 0.000000000000000000, 0.000000000000000000 ) ) ;
#6637 = ORIENTED_EDGE ( 'NONE', *, *, #6371, .F. ) ;
#6638 = LINE ( 'NONE', #5964, #2823 ) ;
#6639 = ORIENTED_EDGE ( 'NONE', *, *, #8907, .T. ) ;
#6640 = LINE ( 'NONE', #2115, #8373 ) ;
#6641 = DIRECTION ( 'NONE',  ( 1.000000000000000000, 0.000000000000000000, 0.000000000000000000 ) ) ;
#6642 =( NAMED_UNIT ( * ) SI_UNIT ( $, .STERADIAN. ) SOLID_ANGLE_UNIT ( ) );
#6643 = LINE ( 'NONE', #6690, #6714 ) ;
#6644 = DIRECTION ( 'NONE',  ( 0.000000000000000000, 1.000000000000000000, 0.000000000000000000 ) ) ;
#6645 = PRESENTATION_LAYER_ASSIGNMENT (  '', '', ( #1273 ) ) ;
#6646 = ORIENTED_EDGE ( 'NONE', *, *, #5272, .T. ) ;
#6647 = DIRECTION ( 'NONE',  ( 1.000000000000000000, 0.000000000000000000, 0.000000000000000000 ) ) ;
#6648 = ORIENTED_EDGE ( 'NONE', *, *, #1392, .T. ) ;
#6649 = DIRECTION ( 'NONE',  ( 0.000000000000000000, 0.000000000000000000, 1.000000000000000000 ) ) ;
#6650 = ADVANCED_FACE ( 'NONE', ( #8220 ), #3059, .F. ) ;
#6651 = CARTESIAN_POINT ( 'NONE',  ( -1.962096608000000186, 0.8399268770000000162, 1.450320596999999934 ) ) ;
#6652 = VERTEX_POINT ( 'NONE', #7305 ) ;
#6653 =( NAMED_UNIT ( * ) SI_UNIT ( $, .STERADIAN. ) SOLID_ANGLE_UNIT ( ) );
#6654 = CARTESIAN_POINT ( 'NONE',  ( -1.199999999499999914, 1.060000000000000053, 1.500000000000000000 ) ) ;
#6655 = LINE ( 'NONE', #5159, #1329 ) ;
#6656 = VECTOR ( 'NONE', #3519, 1000.000000000000000 ) ;
#6657 = CARTESIAN_POINT ( 'NONE',  ( -2.299999999999999822, 1.500000000000000000, 0.9000000000000000222 ) ) ;
#6658 = VERTEX_POINT ( 'NONE', #4550 ) ;
#6659 = PLANE ( 'NONE',  #2367 ) ;
#6660 = AXIS2_PLACEMENT_3D ( 'NONE', #5003, #2829, #5775 ) ;
#6661 = VERTEX_POINT ( 'NONE', #46 ) ;
#6662 = ORIENTED_EDGE ( 'NONE', *, *, #4170, .F. ) ;
#6663 = CARTESIAN_POINT ( 'NONE',  ( 1.275000000000000133, 0.2000000001117580029, 0.2000000000000000111 ) ) ;
#6664 = ORIENTED_EDGE ( 'NONE', *, *, #6624, .T. ) ;
#6665 = LINE ( 'NONE', #5944, #4696 ) ;
#6666 = CARTESIAN_POINT ( 'NONE',  ( -0.1500000000374999976, 0.04000000009687509905, 0.5000000000284999802 ) ) ;
#6667 = ADVANCED_FACE ( 'NONE', ( #1487 ), #99, .F. ) ;
#6668 = VECTOR ( 'NONE', #9131, 1000.000000000000000 ) ;
#6669 = ORIENTED_EDGE ( 'NONE', *, *, #672, .T. ) ;
#6670 = CARTESIAN_POINT ( 'NONE',  ( -1.350000000000000089, 1.147467560013382126, -1.618181818294389895 ) ) ;
#6671 = ORIENTED_EDGE ( 'NONE', *, *, #6982, .F. ) ;
#6672 = CARTESIAN_POINT ( 'NONE',  ( -1.700000000078294882, 0.8901360609999999784, -1.751643990000000040 ) ) ;
#6673 = ORIENTED_EDGE ( 'NONE', *, *, #7417, .F. ) ;
#6674 = FACE_OUTER_BOUND ( 'NONE', #6935, .T. ) ;
#6675 = PRODUCT_DEFINITION ( 'UNKNOWN', '', #2985, #1699 ) ;
#6676 = CARTESIAN_POINT ( 'NONE',  ( -1.700000000241219889, 0.8749999997173890653, -1.600000000161555080 ) ) ;
#6677 = EDGE_CURVE ( 'NONE', #8201, #6590, #3015, .T. ) ;
#6678 = EDGE_CURVE ( 'NONE', #6559, #1375, #7499, .T. ) ;
#6679 = CARTESIAN_POINT ( 'NONE',  ( -2.099999999496474867, 1.140056147914642048, 0.4249999999999999889 ) ) ;
#6680 = VECTOR ( 'NONE', #2822, 1000.000000000000000 ) ;
#6681 = VECTOR ( 'NONE', #890, 1000.000000000000114 ) ;
#6682 = ORIENTED_EDGE ( 'NONE', *, *, #2653, .F. ) ;
#6683 = ORIENTED_EDGE ( 'NONE', *, *, #8505, .T. ) ;
#6684 = LINE ( 'NONE', #8133, #992 ) ;
#6685 = ORIENTED_EDGE ( 'NONE', *, *, #9391, .T. ) ;
#6686 = STYLED_ITEM ( 'NONE', ( #5275 ), #8140 ) ;
#6687 = LINE ( 'NONE', #5141, #7608 ) ;
#6688 = LINE ( 'NONE', #2207, #7084 ) ;
#6689 =( NAMED_UNIT ( * ) PLANE_ANGLE_UNIT ( ) SI_UNIT ( $, .RADIAN. ) );
#6690 = CARTESIAN_POINT ( 'NONE',  ( 1.728295590301044848, 0.7742584581096459972, -1.600000000000000089 ) ) ;
#6691 = EDGE_CURVE ( 'NONE', #2637, #6187, #1532, .T. ) ;
#6692 = AXIS2_PLACEMENT_3D ( 'NONE', #7396, #809, #9414 ) ;
#6693 = LINE ( 'NONE', #3695, #7306 ) ;
#6694 = VECTOR ( 'NONE', #4467, 1000.000000000000000 ) ;
#6695 = ORIENTED_EDGE ( 'NONE', *, *, #5706, .F. ) ;
#6696 = EDGE_CURVE ( 'NONE', #6661, #9413, #8077, .T. ) ;
#6697 = PLANE ( 'NONE',  #394 ) ;
#6698 = STYLED_ITEM ( 'NONE', ( #3215 ), #6441 ) ;
#6699 = VERTEX_POINT ( 'NONE', #2333 ) ;
#6700 = DIRECTION ( 'NONE',  ( 1.000000000000000000, 1.215290246266205980E-12, 0.000000000000000000 ) ) ;
#6701 = CIRCLE ( 'NONE', #2715, 0.09999999922648547535 ) ;
#6702 = AXIS2_PLACEMENT_3D ( 'NONE', #2127, #1278, #5017 ) ;
#6703 = DIRECTION ( 'NONE',  ( 8.830525290225400633E-16, 0.000000000000000000, 1.000000000000000000 ) ) ;
#6704 = DIRECTION ( 'NONE',  ( -0.8707914478650282675, -0.4916525748179580435, 0.000000000000000000 ) ) ;
#6705 = CYLINDRICAL_SURFACE ( 'NONE', #6195, 0.09999999922648550310 ) ;
#6706 = DIRECTION ( 'NONE',  ( -1.000000000000000000, 0.000000000000000000, 0.000000000000000000 ) ) ;
#6707 = CARTESIAN_POINT ( 'NONE',  ( 0.5000000000000000000, 1.650056147000000140, 0.2504318544911490196 ) ) ;
#6708 = VERTEX_POINT ( 'NONE', #1624 ) ;
#6709 = CARTESIAN_POINT ( 'NONE',  ( 2.250000000000000000, 0.9125280668681019502, -1.750000000127529987 ) ) ;
#6710 = VECTOR ( 'NONE', #2228, 1000.000000000000114 ) ;
#6711 = ORIENTED_EDGE ( 'NONE', *, *, #5778, .T. ) ;
#6712 = AXIS2_PLACEMENT_3D ( 'NONE', #6605, #8806, #8904 ) ;
#6713 = CARTESIAN_POINT ( 'NONE',  ( 1.722167269999999917, 1.417467560000000182, -1.475774863000000048 ) ) ;
#6714 = VECTOR ( 'NONE', #6873, 1000.000000000000114 ) ;
#6715 = EDGE_LOOP ( 'NONE', ( #7073, #977, #8552, #3921, #433, #7055, #7647, #2624, #5711, #5685, #4297, #3634, #8472, #4555, #5099, #2787, #8655, #8216, #3718, #3825, #6050, #6833, #6111, #4121 ) ) ;
#6716 = PLANE ( 'NONE',  #8394 ) ;
#6717 = ADVANCED_FACE ( 'NONE', ( #6049 ), #766, .F. ) ;
#6718 = CARTESIAN_POINT ( 'NONE',  ( -1.200000000012499957, 1.060000000000000053, 1.500000000000000000 ) ) ;
#6719 = EDGE_CURVE ( 'NONE', #1615, #841, #1, .T. ) ;
#6720 = VECTOR ( 'NONE', #717, 1000.000000000000000 ) ;
#6721 = ORIENTED_EDGE ( 'NONE', *, *, #3498, .F. ) ;
#6722 = VECTOR ( 'NONE', #5800, 1000.000000000000000 ) ;
#6723 = ORIENTED_EDGE ( 'NONE', *, *, #4611, .F. ) ;
#6724 = LINE ( 'NONE', #6670, #7285 ) ;
#6725 = EDGE_LOOP ( 'NONE', ( #4628, #2527, #8040, #4806, #6317 ) ) ;
#6726 = DIRECTION ( 'NONE',  ( -1.000000000000000000, 0.000000000000000000, 0.000000000000000000 ) ) ;
#6727 = ORIENTED_EDGE ( 'NONE', *, *, #6503, .F. ) ;
#6728 = LINE ( 'NONE', #4544, #563 ) ;
#6729 =( NAMED_UNIT ( * ) PLANE_ANGLE_UNIT ( ) SI_UNIT ( $, .RADIAN. ) );
#6730 = VECTOR ( 'NONE', #8725, 1000.000000000000000 ) ;
#6731 = LINE ( 'NONE', #6001, #4182 ) ;
#6732 = LINE ( 'NONE', #5854, #6243 ) ;
#6733 = ORIENTED_EDGE ( 'NONE', *, *, #2148, .T. ) ;
#6734 = SURFACE_STYLE_FILL_AREA ( #3878 ) ;
#6735 = ORIENTED_EDGE ( 'NONE', *, *, #317, .F. ) ;
#6736 = EDGE_CURVE ( 'NONE', #9403, #9268, #6732, .T. ) ;
#6737 = DIRECTION ( 'NONE',  ( -1.000000000000000000, 0.000000000000000000, 0.000000000000000000 ) ) ;
#6738 = EDGE_CURVE ( 'NONE', #6559, #2870, #2963, .T. ) ;
#6739 = VERTEX_POINT ( 'NONE', #6773 ) ;
#6740 = PLANE ( 'NONE',  #1756 ) ;
#6741 = DIRECTION ( 'NONE',  ( 0.000000000000000000, 0.000000000000000000, 1.000000000000000000 ) ) ;
#6742 = SURFACE_SIDE_STYLE ('',( #1635 ) ) ;
#6743 = LINE ( 'NONE', #8940, #2837 ) ;
#6744 = VERTEX_POINT ( 'NONE', #1574 ) ;
#6745 = ADVANCED_FACE ( 'NONE', ( #189 ), #4498, .F. ) ;
#6746 = DIRECTION ( 'NONE',  ( 0.000000000000000000, -0.9989685401863236391, 0.04540766144612098931 ) ) ;
#6747 = ORIENTED_EDGE ( 'NONE', *, *, #2844, .F. ) ;
#6748 = LINE ( 'NONE', #2492, #695 ) ;
#6749 = EDGE_CURVE ( 'NONE', #6445, #2633, #6964, .T. ) ;
#6750 = PLANE ( 'NONE',  #7986 ) ;
#6751 = CARTESIAN_POINT ( 'NONE',  ( 1.699999999999999956, 0.8699944349705001079, 1.630794233823000150 ) ) ;
#6752 = DIRECTION ( 'NONE',  ( -1.000000000000000000, 0.000000000000000000, 0.000000000000000000 ) ) ;
#6753 = CARTESIAN_POINT ( 'NONE',  ( 1.959807621391375099, 0.000000000000000000, -1.449999999827899844 ) ) ;
#6754 = VERTEX_POINT ( 'NONE', #7687 ) ;
#6755 = CARTESIAN_POINT ( 'NONE',  ( -1.700000000033335068, 1.400056147000000140, -1.499178201304242064 ) ) ;
#6756 = CARTESIAN_POINT ( 'NONE',  ( -2.149999999999999911, 0.4974675600041260082, -1.647727273090760169 ) ) ;
#6757 = ORIENTED_EDGE ( 'NONE', *, *, #1128, .T. ) ;
#6758 = CARTESIAN_POINT ( 'NONE',  ( -1.302181545999999912, -0.8042708029999989794, 1.504589994999999902 ) ) ;
#6759 = ORIENTED_EDGE ( 'NONE', *, *, #6082, .T. ) ;
#6760 = DIRECTION ( 'NONE',  ( 0.000000000000000000, 1.000000000000000000, 0.000000000000000000 ) ) ;
#6761 = DIRECTION ( 'NONE',  ( 0.000000000000000000, 0.000000000000000000, -1.000000000000000000 ) ) ;
#6762 = ORIENTED_EDGE ( 'NONE', *, *, #8035, .F. ) ;
#6763 = VERTEX_POINT ( 'NONE', #1857 ) ;
#6764 = LINE ( 'NONE', #9068, #2818 ) ;
#6765 = ORIENTED_EDGE ( 'NONE', *, *, #7965, .F. ) ;
#6766 = EDGE_CURVE ( 'NONE', #6588, #2087, #3975, .T. ) ;
#6767 = CARTESIAN_POINT ( 'NONE',  ( -1.324999999999999956, 0.4974675599999999753, 1.647727273000000103 ) ) ;
#6768 = ORIENTED_EDGE ( 'NONE', *, *, #2071, .T. ) ;
#6769 = CARTESIAN_POINT ( 'NONE',  ( 1.799999999999854827, 0.2000000001123959925, 0.4999999999988999910 ) ) ;
#6770 = CARTESIAN_POINT ( 'NONE',  ( -2.349999999496474867, 0.8800000001333340149, 0.4250000000491789276 ) ) ;
#6771 = FACE_OUTER_BOUND ( 'NONE', #3006, .T. ) ;
#6772 = MECHANICAL_DESIGN_GEOMETRIC_PRESENTATION_REPRESENTATION (  '', ( #1399 ), #6002 ) ;
#6773 = CARTESIAN_POINT ( 'NONE',  ( -2.149999999999999911, 1.500000000000000000, -1.391115596000000121 ) ) ;
#6774 = ORIENTED_EDGE ( 'NONE', *, *, #2778, .T. ) ;
#6775 = DIRECTION ( 'NONE',  ( 1.000000000000000000, 0.000000000000000000, 0.000000000000000000 ) ) ;
#6776 = ORIENTED_EDGE ( 'NONE', *, *, #5651, .F. ) ;
#6777 = CARTESIAN_POINT ( 'NONE',  ( -2.150000000773514941, 0.5039421738591409738, -1.790168786006405055 ) ) ;
#6778 = VERTEX_POINT ( 'NONE', #2576 ) ;
#6779 = DIRECTION ( 'NONE',  ( -0.4916525748179580435, 0.8707914478650282675, 0.000000000000000000 ) ) ;
#6780 = DIRECTION ( 'NONE',  ( 1.000000000000000000, 0.000000000000000000, 0.000000000000000000 ) ) ;
#6781 = EDGE_CURVE ( 'NONE', #655, #4800, #8459, .T. ) ;
#6782 =( LENGTH_UNIT ( ) NAMED_UNIT ( * ) SI_UNIT ( .MILLI., .METRE. ) );
#6783 = LINE ( 'NONE', #7461, #4228 ) ;
#6784 = ADVANCED_FACE ( 'NONE', ( #1758, #337 ), #7588, .F. ) ;
#6785 = EDGE_CURVE ( 'NONE', #1928, #5118, #2526, .T. ) ;
#6786 = ORIENTED_EDGE ( 'NONE', *, *, #4580, .T. ) ;
#6787 = ORIENTED_EDGE ( 'NONE', *, *, #3105, .T. ) ;
#6788 = PLANE ( 'NONE',  #3897 ) ;
#6789 = DIRECTION ( 'NONE',  ( -1.000000000000000000, 0.000000000000000000, -0.000000000000000000 ) ) ;
#6790 = FACE_OUTER_BOUND ( 'NONE', #1983, .T. ) ;
#6791 = CARTESIAN_POINT ( 'NONE',  ( -1.699999999999999956, 1.675637658000000085, 1.749999999994665156 ) ) ;
#6792 = DIRECTION ( 'NONE',  ( 1.000000000000000000, 0.000000000000000000, 0.000000000000000000 ) ) ;
#6793 = VECTOR ( 'NONE', #5348, 1000.000000000000000 ) ;
#6794 = FACE_OUTER_BOUND ( 'NONE', #173, .T. ) ;
#6795 = EDGE_CURVE ( 'NONE', #5394, #1852, #4792, .T. ) ;
#6796 = EDGE_CURVE ( 'NONE', #963, #7720, #4020, .T. ) ;
#6797 = EDGE_LOOP ( 'NONE', ( #4969, #4818, #4513, #2100 ) ) ;
#6798 = CARTESIAN_POINT ( 'NONE',  ( 0.2999999999999999889, 1.052467560143413916, 2.249999999986574739 ) ) ;
#6799 = CARTESIAN_POINT ( 'NONE',  ( 1.959807621866025196, 0.8500000004744669990, 1.449999999791665939 ) ) ;
#6800 = VERTEX_POINT ( 'NONE', #8314 ) ;
#6801 = AXIS2_PLACEMENT_3D ( 'NONE', #2050, #4988, #1352 ) ;
#6802 = CARTESIAN_POINT ( 'NONE',  ( -1.275000000000000133, 6.887655391691390072, 1.500000000000000000 ) ) ;
#6803 = UNCERTAINTY_MEASURE_WITH_UNIT (LENGTH_MEASURE( 1.000000000000000082E-05 ), #4754, 'distance_accuracy_value', 'NONE');
#6804 = DIRECTION ( 'NONE',  ( 0.000000000000000000, 0.04540766111441242592, -0.9989685402014014670 ) ) ;
#6805 = CARTESIAN_POINT ( 'NONE',  ( 2.149999999999999911, 1.500000000000000000, -0.4249999999999999889 ) ) ;
#6806 = ORIENTED_EDGE ( 'NONE', *, *, #17, .F. ) ;
#6807 = VECTOR ( 'NONE', #2649, 1000.000000000000000 ) ;
#6808 = LINE ( 'NONE', #2566, #4998 ) ;
#6809 = ORIENTED_EDGE ( 'NONE', *, *, #2477, .T. ) ;
#6810 = EDGE_CURVE ( 'NONE', #7795, #8934, #2431, .T. ) ;
#6811 = CARTESIAN_POINT ( 'NONE',  ( -1.449999999999999956, 1.500000000000000000, -1.574026653954375021 ) ) ;
#6812 = ORIENTED_EDGE ( 'NONE', *, *, #7375, .F. ) ;
#6813 = PLANE ( 'NONE',  #9326 ) ;
#6814 = ORIENTED_EDGE ( 'NONE', *, *, #3295, .T. ) ;
#6815 = CARTESIAN_POINT ( 'NONE',  ( -2.099999999496474867, 1.140056147914642048, -0.4249999999999999889 ) ) ;
#6816 = MECHANICAL_DESIGN_GEOMETRIC_PRESENTATION_REPRESENTATION (  '', ( #5427 ), #3425 ) ;
#6817 = LINE ( 'NONE', #5550, #525 ) ;
#6818 = DIRECTION ( 'NONE',  ( 0.000000000000000000, 0.1643989873053569861, 0.9863939238321438596 ) ) ;
#6819 = LINE ( 'NONE', #4694, #8061 ) ;
#6820 = EDGE_CURVE ( 'NONE', #3306, #8911, #5468, .T. ) ;
#6821 = ORIENTED_EDGE ( 'NONE', *, *, #3500, .F. ) ;
#6822 = ORIENTED_EDGE ( 'NONE', *, *, #5120, .F. ) ;
#6823 = CARTESIAN_POINT ( 'NONE',  ( 1.149999999999999911, 1.060000000000000053, 1.600000000000000089 ) ) ;
#6824 = ORIENTED_EDGE ( 'NONE', *, *, #776, .T. ) ;
#6825 = ORIENTED_EDGE ( 'NONE', *, *, #1609, .F. ) ;
#6826 = DIRECTION ( 'NONE',  ( 0.8707914478650282675, 0.4916525748179580990, 0.000000000000000000 ) ) ;
#6827 = CARTESIAN_POINT ( 'NONE',  ( 1.300000000000000044, 1.647467559999999942, 2.250000000025000002 ) ) ;
#6828 = VECTOR ( 'NONE', #1873, 1000.000000000000000 ) ;
#6829 = EDGE_CURVE ( 'NONE', #4244, #1167, #1000, .T. ) ;
#6830 = VECTOR ( 'NONE', #7356, 1000.000000000000000 ) ;
#6831 = CARTESIAN_POINT ( 'NONE',  ( 1.449999999999999956, 1.500000000000000000, -1.600000000000000089 ) ) ;
#6832 = EDGE_CURVE ( 'NONE', #8780, #6253, #6819, .T. ) ;
#6833 = ORIENTED_EDGE ( 'NONE', *, *, #7730, .T. ) ;
#6834 = CARTESIAN_POINT ( 'NONE',  ( -1.575000000000145173, 0.2000000000991274951, -0.5000000000011000090 ) ) ;
#6835 = VECTOR ( 'NONE', #6393, 1000.000000000000000 ) ;
#6836 = ORIENTED_EDGE ( 'NONE', *, *, #9034, .T. ) ;
#6837 = VECTOR ( 'NONE', #9046, 1000.000000000000000 ) ;
#6838 = FACE_OUTER_BOUND ( 'NONE', #3284, .T. ) ;
#6839 = AXIS2_PLACEMENT_3D ( 'NONE', #6516, #3709, #5982 ) ;
#6840 = DIRECTION ( 'NONE',  ( -0.4916525748179580990, -0.8707914478650282675, 0.000000000000000000 ) ) ;
#6841 = CARTESIAN_POINT ( 'NONE',  ( 0.1499999999999999944, 0.05000000000000000278, -0.2000000000000000111 ) ) ;
#6842 = VECTOR ( 'NONE', #7573, 1000.000000000000114 ) ;
#6843 = PLANE ( 'NONE',  #1132 ) ;
#6844 = PLANE ( 'NONE',  #9338 ) ;
#6845 = MECHANICAL_DESIGN_GEOMETRIC_PRESENTATION_REPRESENTATION (  '', ( #6686 ), #3602 ) ;
#6846 = VECTOR ( 'NONE', #1215, 1000.000000000000000 ) ;
#6847 = ORIENTED_EDGE ( 'NONE', *, *, #8197, .F. ) ;
#6848 = CARTESIAN_POINT ( 'NONE',  ( -1.959807621558415036, 0.8401360609507539934, -1.451643989704526128 ) ) ;
#6849 = VECTOR ( 'NONE', #1666, 1000.000000000000000 ) ;
#6850 = CARTESIAN_POINT ( 'NONE',  ( 2.299999999966665154, 1.500000000000000000, -1.391115596000000121 ) ) ;
#6851 = ORIENTED_EDGE ( 'NONE', *, *, #8455, .F. ) ;
#6852 = EDGE_CURVE ( 'NONE', #1869, #8214, #5161, .T. ) ;
#6853 = CARTESIAN_POINT ( 'NONE',  ( 2.575841710426994613, 0.5999999999999999778, -0.5500000000000000444 ) ) ;
#6854 = CARTESIAN_POINT ( 'NONE',  ( -0.5338562171494329878, 1.060000000000000053, -0.6250000000000000000 ) ) ;
#6855 = VECTOR ( 'NONE', #236, 1000.000000000000000 ) ;
#6856 = PLANE ( 'NONE',  #2389 ) ;
#6857 = VECTOR ( 'NONE', #6283, 1000.000000000000000 ) ;
#6858 = DIRECTION ( 'NONE',  ( -0.000000000000000000, 0.04540765932803047383, 0.9989685402826004035 ) ) ;
#6859 = ORIENTED_EDGE ( 'NONE', *, *, #4646, .T. ) ;
#6860 = CARTESIAN_POINT ( 'NONE',  ( 2.524158289669300004, 0.1016694850364084080, -0.5500000000000000444 ) ) ;
#6861 = VECTOR ( 'NONE', #6043, 1000.000000000000000 ) ;
#6862 = AXIS2_PLACEMENT_3D ( 'NONE', #4285, #6420, #8669 ) ;
#6863 = ORIENTED_EDGE ( 'NONE', *, *, #4649, .T. ) ;
#6864 = EDGE_CURVE ( 'NONE', #7259, #5203, #1103, .T. ) ;
#6865 = CARTESIAN_POINT ( 'NONE',  ( 1.275000000000000133, 0.05000000000000000278, 0.000000000000000000 ) ) ;
#6866 = AXIS2_PLACEMENT_3D ( 'NONE', #5637, #6456, #1266 ) ;
#6867 = ORIENTED_EDGE ( 'NONE', *, *, #269, .T. ) ;
#6868 = ADVANCED_FACE ( 'NONE', ( #2620 ), #381, .F. ) ;
#6869 = LINE ( 'NONE', #8215, #8102 ) ;
#6870 = ORIENTED_EDGE ( 'NONE', *, *, #8023, .T. ) ;
#6871 = CARTESIAN_POINT ( 'NONE',  ( -2.342588587496474695, 1.140056146948334126, -0.3999999999508210280 ) ) ;
#6872 = CIRCLE ( 'NONE', #6414, 0.09999999922648554473 ) ;
#6873 = DIRECTION ( 'NONE',  ( 0.2704093089845279740, -0.9627454521390947928, 0.000000000000000000 ) ) ;
#6874 = VECTOR ( 'NONE', #7194, 1000.000000000000000 ) ;
#6875 = DIRECTION ( 'NONE',  ( 1.000000000000000000, 0.000000000000000000, 0.000000000000000000 ) ) ;
#6876 = ORIENTED_EDGE ( 'NONE', *, *, #9291, .T. ) ;
#6877 = CARTESIAN_POINT ( 'NONE',  ( 0.6000000003000000026, 1.547467559953150218, 1.499999999986574073 ) ) ;
#6878 = EDGE_LOOP ( 'NONE', ( #2357, #5081, #7108, #1302 ) ) ;
#6879 = CARTESIAN_POINT ( 'NONE',  ( 1.149999999999999911, 1.060000000000000053, 1.750000000000000000 ) ) ;
#6880 = ORIENTED_EDGE ( 'NONE', *, *, #6285, .T. ) ;
#6881 = VECTOR ( 'NONE', #8062, 1000.000000000000000 ) ;
#6882 = ORIENTED_EDGE ( 'NONE', *, *, #5809, .T. ) ;
#6883 = CARTESIAN_POINT ( 'NONE',  ( 1.299508861000000071, 5.787655404495759548, 1.506540070000000009 ) ) ;
#6884 = LINE ( 'NONE', #7742, #2754 ) ;
#6885 = CARTESIAN_POINT ( 'NONE',  ( -2.350000000000000089, 1.500000000000000000, -1.576215873403994827 ) ) ;
#6886 = PLANE ( 'NONE',  #7458 ) ;
#6887 = AXIS2_PLACEMENT_3D ( 'NONE', #6499, #9346, #9430 ) ;
#6888 = ORIENTED_EDGE ( 'NONE', *, *, #1611, .T. ) ;
#6889 = DIRECTION ( 'NONE',  ( 0.000000000000000000, 0.04540765932803111915, 0.9989685402826005145 ) ) ;
#6890 = ORIENTED_EDGE ( 'NONE', *, *, #6201, .F. ) ;
#6891 = EDGE_CURVE ( 'NONE', #6652, #6040, #9178, .T. ) ;
#6892 = PLANE ( 'NONE',  #8520 ) ;
#6893 = CARTESIAN_POINT ( 'NONE',  ( 2.350000000000000089, 0.8901360615659589248, 1.751643989999980056 ) ) ;
#6894 = EDGE_CURVE ( 'NONE', #4697, #5156, #3346, .T. ) ;
#6895 = DIRECTION ( 'NONE',  ( 0.000000000000000000, 0.000000000000000000, 1.000000000000000000 ) ) ;
#6896 = LINE ( 'NONE', #6221, #4650 ) ;
#6897 = LINE ( 'NONE', #9202, #2709 ) ;
#6898 =( NAMED_UNIT ( * ) SI_UNIT ( $, .STERADIAN. ) SOLID_ANGLE_UNIT ( ) );
#6899 = ORIENTED_EDGE ( 'NONE', *, *, #4915, .T. ) ;
#6900 = CARTESIAN_POINT ( 'NONE',  ( -1.274999999962500130, 0.2000000000994920091, -0.5000000000011000090 ) ) ;
#6901 = PLANE ( 'NONE',  #42 ) ;
#6902 = ORIENTED_EDGE ( 'NONE', *, *, #3967, .T. ) ;
#6903 = FACE_OUTER_BOUND ( 'NONE', #8921, .T. ) ;
#6904 = PLANE ( 'NONE',  #7917 ) ;
#6905 = CARTESIAN_POINT ( 'NONE',  ( 2.350000000096295061, 0.000000000000000000, -1.750000000000000000 ) ) ;
#6906 = DIRECTION ( 'NONE',  ( 1.000000000000000000, 0.000000000000000000, 0.000000000000000000 ) ) ;
#6907 = EDGE_CURVE ( 'NONE', #7347, #8900, #4591, .T. ) ;
#6908 = EDGE_CURVE ( 'NONE', #6739, #5182, #3155, .T. ) ;
#6909 = ORIENTED_EDGE ( 'NONE', *, *, #6749, .T. ) ;
#6910 = ADVANCED_FACE ( 'NONE', ( #2938 ), #748, .T. ) ;
#6911 = CARTESIAN_POINT ( 'NONE',  ( -0.1500000000374999976, 0.05000000000000000278, 0.2000000000000000111 ) ) ;
#6912 = VERTEX_POINT ( 'NONE', #5112 ) ;
#6913 = CARTESIAN_POINT ( 'NONE',  ( -2.350000000000000089, 0.8901360609779669364, 1.751643989910239840 ) ) ;
#6914 = ORIENTED_EDGE ( 'NONE', *, *, #4458, .T. ) ;
#6915 = PLANE ( 'NONE',  #4546 ) ;
#6916 = ORIENTED_EDGE ( 'NONE', *, *, #2518, .T. ) ;
#6917 = CARTESIAN_POINT ( 'NONE',  ( -2.350000000000000089, 0.8901360609999999784, 1.751643990000000040 ) ) ;
#6918 = FACE_OUTER_BOUND ( 'NONE', #9389, .T. ) ;
#6919 = EDGE_CURVE ( 'NONE', #3856, #3534, #9267, .T. ) ;
#6920 = CARTESIAN_POINT ( 'NONE',  ( -1.449999999999999956, 1.060000000000000053, -1.750000000000000000 ) ) ;
#6921 = ADVANCED_FACE ( 'NONE', ( #1204 ), #8812, .F. ) ;
#6922 = ADVANCED_FACE ( 'NONE', ( #5660 ), #2171, .F. ) ;
#6923 = ORIENTED_EDGE ( 'NONE', *, *, #7794, .F. ) ;
#6924 = DIRECTION ( 'NONE',  ( 0.000000000000000000, 0.000000000000000000, -1.000000000000000000 ) ) ;
#6925 = VERTEX_POINT ( 'NONE', #3663 ) ;
#6926 = FACE_OUTER_BOUND ( 'NONE', #104, .T. ) ;
#6927 = VERTEX_POINT ( 'NONE', #8550 ) ;
#6928 = ORIENTED_EDGE ( 'NONE', *, *, #792, .T. ) ;
#6929 = VECTOR ( 'NONE', #3037, 1000.000000000000000 ) ;
#6930 = CARTESIAN_POINT ( 'NONE',  ( 1.283280980000000016, 5.787655404495759548, 1.502209738999999988 ) ) ;
#6931 = CARTESIAN_POINT ( 'NONE',  ( 1.449999999999999956, 1.500000000000000000, -1.475774862966304113 ) ) ;
#6932 = FACE_OUTER_BOUND ( 'NONE', #8302, .T. ) ;
#6933 = VERTEX_POINT ( 'NONE', #478 ) ;
#6934 = LINE ( 'NONE', #6015, #1001 ) ;
#6935 = EDGE_LOOP ( 'NONE', ( #5631, #3151, #1892, #3161 ) ) ;
#6936 = DIRECTION ( 'NONE',  ( 1.000000000000000000, 0.000000000000000000, 0.000000000000000000 ) ) ;
#6937 = EDGE_CURVE ( 'NONE', #6978, #858, #4333, .T. ) ;
#6938 = FACE_OUTER_BOUND ( 'NONE', #7710, .T. ) ;
#6939 = DIRECTION ( 'NONE',  ( 1.000000000000000000, 0.000000000000000000, -0.000000000000000000 ) ) ;
#6940 = EDGE_LOOP ( 'NONE', ( #2247, #6547, #1836, #8330, #4491, #5371, #6493, #7284, #2901 ) ) ;
#6941 = FACE_OUTER_BOUND ( 'NONE', #1735, .T. ) ;
#6942 = SURFACE_STYLE_FILL_AREA ( #263 ) ;
#6943 = VERTEX_POINT ( 'NONE', #8596 ) ;
#6944 = EDGE_CURVE ( 'NONE', #3306, #6367, #4161, .T. ) ;
#6945 = DIRECTION ( 'NONE',  ( 1.000000000000000000, 0.000000000000000000, 0.000000000000000000 ) ) ;
#6946 = LINE ( 'NONE', #463, #5716 ) ;
#6947 = VERTEX_POINT ( 'NONE', #2129 ) ;
#6948 = LINE ( 'NONE', #4874, #7383 ) ;
#6949 = CARTESIAN_POINT ( 'NONE',  ( 0.5000000000000000000, 1.060000000000000053, 0.4700000007735149476 ) ) ;
#6950 = DIRECTION ( 'NONE',  ( 0.000000000000000000, 0.000000000000000000, 1.000000000000000000 ) ) ;
#6951 = LINE ( 'NONE', #6182, #887 ) ;
#6952 = ORIENTED_EDGE ( 'NONE', *, *, #6276, .T. ) ;
#6953 = DIRECTION ( 'NONE',  ( 0.000000000000000000, 0.9989685401991766911, 0.04540766116335259728 ) ) ;
#6954 = VECTOR ( 'NONE', #8974, 1000.000000000000000 ) ;
#6955 = CARTESIAN_POINT ( 'NONE',  ( -2.750000000000000000, 0.5016694850364079583, 1.149999999999999911 ) ) ;
#6956 = ORIENTED_EDGE ( 'NONE', *, *, #1787, .F. ) ;
#6957 = CARTESIAN_POINT ( 'NONE',  ( -2.350000000096295061, 0.2000000000000000111, 1.149999999999999911 ) ) ;
#6958 = ORIENTED_EDGE ( 'NONE', *, *, #5005, .T. ) ;
#6959 = ADVANCED_FACE ( 'NONE', ( #4119 ), #1462, .F. ) ;
#6960 = CARTESIAN_POINT ( 'NONE',  ( 1.700000000093284891, 0.8648620626666669864, -1.600000000000000089 ) ) ;
#6961 = CARTESIAN_POINT ( 'NONE',  ( -1.149999999999999911, 0.000000000000000000, 1.600000000000000089 ) ) ;
#6962 = CARTESIAN_POINT ( 'NONE',  ( -2.249999999977779552, 0.9000000000042999160, -1.750000000053250071 ) ) ;
#6963 = AXIS2_PLACEMENT_3D ( 'NONE', #2126, #5107, #4329 ) ;
#6964 = LINE ( 'NONE', #6293, #415 ) ;
#6965 = VERTEX_POINT ( 'NONE', #8051 ) ;
#6966 = PLANE ( 'NONE',  #2374 ) ;
#6967 = ORIENTED_EDGE ( 'NONE', *, *, #2476, .T. ) ;
#6968 = DIRECTION ( 'NONE',  ( -0.000000000000000000, 1.000000000000000000, 0.000000000000000000 ) ) ;
#6969 = CIRCLE ( 'NONE', #6361, 0.2000000000000000944 ) ;
#6970 = VERTEX_POINT ( 'NONE', #6384 ) ;
#6971 = EDGE_LOOP ( 'NONE', ( #9192, #4896, #4573, #1906 ) ) ;
#6972 = ADVANCED_FACE ( 'NONE', ( #4385 ), #5064, .F. ) ;
#6973 = CARTESIAN_POINT ( 'NONE',  ( 2.250000000000000000, 0.5973644138156860572, -1.643186507002254881 ) ) ;
#6974 = LINE ( 'NONE', #5571, #6448 ) ;
#6975 = LINE ( 'NONE', #1214, #6668 ) ;
#6976 = ORIENTED_EDGE ( 'NONE', *, *, #3639, .T. ) ;
#6977 = LINE ( 'NONE', #5535, #8222 ) ;
#6978 = VERTEX_POINT ( 'NONE', #9318 ) ;
#6979 = CARTESIAN_POINT ( 'NONE',  ( -1.700000000915029785, 1.417467559999998183, -1.475774863000000048 ) ) ;
#6980 = CARTESIAN_POINT ( 'NONE',  ( 0.5999999992264859472, 1.650056147000000140, 0.5699999999999999512 ) ) ;
#6981 = VECTOR ( 'NONE', #2930, 1000.000000000000341 ) ;
#6982 = EDGE_CURVE ( 'NONE', #4225, #6588, #7833, .T. ) ;
#6983 = DIRECTION ( 'NONE',  ( 0.000000000000000000, 1.000000000000000000, -1.720802467602154949E-16 ) ) ;
#6984 = ORIENTED_EDGE ( 'NONE', *, *, #4578, .F. ) ;
#6985 = FACE_OUTER_BOUND ( 'NONE', #2323, .T. ) ;
#6986 = CARTESIAN_POINT ( 'NONE',  ( -0.5000000000000000000, 1.104938393202461899, -0.5014179090000000505 ) ) ;
#6987 = DIRECTION ( 'NONE',  ( 0.000000000000000000, 1.000000000000000000, 0.000000000000000000 ) ) ;
#6988 = ADVANCED_FACE ( 'NONE', ( #2722 ), #8006, .F. ) ;
#6989 = VECTOR ( 'NONE', #6449, 1000.000000000000000 ) ;
#6990 = AXIS2_PLACEMENT_3D ( 'NONE', #6834, #8375, #1587 ) ;
#6991 = VERTEX_POINT ( 'NONE', #696 ) ;
#6992 = VECTOR ( 'NONE', #7098, 1000.000000000000114 ) ;
#6993 = CARTESIAN_POINT ( 'NONE',  ( -0.5000000000000000000, 1.060000000000000053, 0.6500000000000000222 ) ) ;
#6994 = AXIS2_PLACEMENT_3D ( 'NONE', #5667, #1212, #486 ) ;
#6995 = CARTESIAN_POINT ( 'NONE',  ( -2.750000000000000000, 0.5016694850364079583, -1.149999999999999911 ) ) ;
#6996 = ORIENTED_EDGE ( 'NONE', *, *, #1912, .T. ) ;
#6997 = LINE ( 'NONE', #421, #2000 ) ;
#6998 = CARTESIAN_POINT ( 'NONE',  ( 1.700000000665029987, 1.417467560000000182, -1.475774863000000048 ) ) ;
#6999 = VECTOR ( 'NONE', #954, 1000.000000000000114 ) ;
#7000 = DIRECTION ( 'NONE',  ( -1.000000000000000000, 0.000000000000000000, 0.000000000000000000 ) ) ;
#7001 = DIRECTION ( 'NONE',  ( -0.8660254036716638071, 0.000000000000000000, 0.5000000001953318618 ) ) ;
#7002 =( GEOMETRIC_REPRESENTATION_CONTEXT ( 3 ) GLOBAL_UNCERTAINTY_ASSIGNED_CONTEXT ( ( #2179 ) ) GLOBAL_UNIT_ASSIGNED_CONTEXT ( ( #7348, #8694, #9410 ) ) REPRESENTATION_CONTEXT ( 'NONE', 'WORKASPACE' ) );
#7003 = DIRECTION ( 'NONE',  ( 1.000000000000000000, 0.000000000000000000, 0.000000000000000000 ) ) ;
#7004 = CIRCLE ( 'NONE', #8232, 0.09999999999999999167 ) ;
#7005 = VECTOR ( 'NONE', #6193, 1000.000000000000000 ) ;
#7006 = ORIENTED_EDGE ( 'NONE', *, *, #7227, .T. ) ;
#7007 = DIRECTION ( 'NONE',  ( 0.000000000000000000, 0.000000000000000000, -1.000000000000000000 ) ) ;
#7008 = MECHANICAL_DESIGN_GEOMETRIC_PRESENTATION_REPRESENTATION (  '', ( #8690 ), #6065 ) ;
#7009 = DIRECTION ( 'NONE',  ( 0.000000000000000000, -0.9989685402826005145, 0.04540765932803104976 ) ) ;
#7010 = AXIS2_PLACEMENT_3D ( 'NONE', #5368, #4068, #3299 ) ;
#7011 = ORIENTED_EDGE ( 'NONE', *, *, #9484, .F. ) ;
#7012 = EDGE_CURVE ( 'NONE', #6253, #6174, #1747, .T. ) ;
#7013 = DIRECTION ( 'NONE',  ( -1.000000000000000000, 0.000000000000000000, 0.000000000000000000 ) ) ;
#7014 = VECTOR ( 'NONE', #7331, 1000.000000000000000 ) ;
#7015 = VERTEX_POINT ( 'NONE', #940 ) ;
#7016 = CARTESIAN_POINT ( 'NONE',  ( -1.313238580372802833, 1.650027438953142411, 1.506457134289501232 ) ) ;
#7017 = EDGE_CURVE ( 'NONE', #3121, #1580, #4582, .T. ) ;
#7018 = LINE ( 'NONE', #1202, #3170 ) ;
#7019 = CARTESIAN_POINT ( 'NONE',  ( 2.099999999610479673, 1.140056147740384107, -0.4249999999999999889 ) ) ;
#7020 = ORIENTED_EDGE ( 'NONE', *, *, #9203, .T. ) ;
#7021 = CARTESIAN_POINT ( 'NONE',  ( -1.699941183815750545, 0.8716827802733012609, 1.600033957539826801 ) ) ;
#7022 = VERTEX_POINT ( 'NONE', #8260 ) ;
#7023 = SURFACE_STYLE_USAGE ( .BOTH. , #2004 ) ;
#7024 = ORIENTED_EDGE ( 'NONE', *, *, #899, .F. ) ;
#7025 = VECTOR ( 'NONE', #1198, 1000.000000000000000 ) ;
#7026 = ORIENTED_EDGE ( 'NONE', *, *, #9316, .T. ) ;
#7027 = CARTESIAN_POINT ( 'NONE',  ( -1.449999999999999956, 1.455783556209321761, -1.600000000000000089 ) ) ;
#7028 = AXIS2_PLACEMENT_3D ( 'NONE', #7685, #7786, #8549 ) ;
#7029 = DIRECTION ( 'NONE',  ( 0.000000000000000000, 0.000000000000000000, -1.000000000000000000 ) ) ;
#7030 = EDGE_CURVE ( 'NONE', #5517, #8568, #1140, .T. ) ;
#7031 = ORIENTED_EDGE ( 'NONE', *, *, #2318, .F. ) ;
#7032 = EDGE_CURVE ( 'NONE', #3392, #473, #3916, .T. ) ;
#7033 = CARTESIAN_POINT ( 'NONE',  ( -1.575000000000145173, 0.2000000001055445009, 0.2000000000000000111 ) ) ;
#7034 = AXIS2_PLACEMENT_3D ( 'NONE', #3189, #6139, #139 ) ;
#7035 = ORIENTED_EDGE ( 'NONE', *, *, #442, .T. ) ;
#7036 = CARTESIAN_POINT ( 'NONE',  ( 1.324999999999999956, 1.370711800500000077, 1.550000000000000044 ) ) ;
#7037 = CARTESIAN_POINT ( 'NONE',  ( 2.149999999999999911, 1.650056147000000140, 1.408884404018738046 ) ) ;
#7038 =( LENGTH_UNIT ( ) NAMED_UNIT ( * ) SI_UNIT ( .MILLI., .METRE. ) );
#7039 = ORIENTED_EDGE ( 'NONE', *, *, #5024, .F. ) ;
#7040 = SURFACE_STYLE_USAGE ( .BOTH. , #1177 ) ;
#7041 = AXIS2_PLACEMENT_3D ( 'NONE', #6610, #5298, #128 ) ;
#7042 = LINE ( 'NONE', #4043, #3030 ) ;
#7043 = EDGE_CURVE ( 'NONE', #8132, #3570, #1805, .T. ) ;
#7044 = EDGE_LOOP ( 'NONE', ( #4774, #4846, #2740, #8442 ) ) ;
#7045 = EDGE_CURVE ( 'NONE', #6912, #7959, #3463, .T. ) ;
#7046 = FACE_OUTER_BOUND ( 'NONE', #62, .T. ) ;
#7047 = FACE_OUTER_BOUND ( 'NONE', #5076, .T. ) ;
#7048 = VERTEX_POINT ( 'NONE', #281 ) ;
#7049 = DIRECTION ( 'NONE',  ( 0.000000000000000000, 0.000000000000000000, 1.000000000000000000 ) ) ;
#7050 = DIRECTION ( 'NONE',  ( 0.000000000000000000, 0.000000000000000000, 1.000000000000000000 ) ) ;
#7051 = DIRECTION ( 'NONE',  ( 0.000000000000000000, 1.000000000000000000, 0.000000000000000000 ) ) ;
#7052 = CARTESIAN_POINT ( 'NONE',  ( 1.199999999250000116, 1.060000000000000053, 1.500000000000000000 ) ) ;
#7053 = VERTEX_POINT ( 'NONE', #4009 ) ;
#7054 = DIRECTION ( 'NONE',  ( 0.000000000000000000, 0.000000000000000000, 1.000000000000000000 ) ) ;
#7055 = ORIENTED_EDGE ( 'NONE', *, *, #3999, .T. ) ;
#7056 = CARTESIAN_POINT ( 'NONE',  ( -0.5000000000000000000, 0.000000000000000000, -0.5999999994999999364 ) ) ;
#7057 = ORIENTED_EDGE ( 'NONE', *, *, #8005, .T. ) ;
#7058 = DIRECTION ( 'NONE',  ( 0.000000000000000000, 0.000000000000000000, -1.000000000000000000 ) ) ;
#7059 = DIRECTION ( 'NONE',  ( 0.000000000000000000, -1.000000000000000000, 0.000000000000000000 ) ) ;
#7060 = VECTOR ( 'NONE', #2341, 1000.000000000000000 ) ;
#7061 = ORIENTED_EDGE ( 'NONE', *, *, #6736, .F. ) ;
#7062 = ADVANCED_FACE ( 'NONE', ( #3235 ), #5404, .F. ) ;
#7063 = DIRECTION ( 'NONE',  ( -0.000000000000000000, 1.000000000000000000, 0.000000000000000000 ) ) ;
#7064 = ORIENTED_EDGE ( 'NONE', *, *, #2397, .T. ) ;
#7065 = ORIENTED_EDGE ( 'NONE', *, *, #2638, .T. ) ;
#7066 = ORIENTED_EDGE ( 'NONE', *, *, #4677, .F. ) ;
#7067 = CARTESIAN_POINT ( 'NONE',  ( 2.524158289669300004, 0.1016694850364084080, -1.149999999999999911 ) ) ;
#7068 = DIRECTION ( 'NONE',  ( 0.000000000000000000, 1.000000000000000000, 0.000000000000000000 ) ) ;
#7069 = SURFACE_STYLE_FILL_AREA ( #5531 ) ;
#7070 = FACE_OUTER_BOUND ( 'NONE', #9433, .T. ) ;
#7071 = ORIENTED_EDGE ( 'NONE', *, *, #3068, .T. ) ;
#7072 = CYLINDRICAL_SURFACE ( 'NONE', #5288, 0.09999999922648533657 ) ;
#7073 = ORIENTED_EDGE ( 'NONE', *, *, #3118, .T. ) ;
#7074 = VECTOR ( 'NONE', #7136, 1000.000000000000000 ) ;
#7075 = CARTESIAN_POINT ( 'NONE',  ( 2.750000000000000000, 0.5016694850364079583, -0.5500000000000000444 ) ) ;
#7076 = DIRECTION ( 'NONE',  ( -1.000000000000000000, 0.000000000000000000, -2.814814168754134930E-16 ) ) ;
#7077 = EDGE_CURVE ( 'NONE', #3734, #9403, #2464, .T. ) ;
#7078 = LINE ( 'NONE', #6219, #8313 ) ;
#7079 = EDGE_LOOP ( 'NONE', ( #4528, #4751, #5790, #1853, #7247 ) ) ;
#7080 = EDGE_CURVE ( 'NONE', #6277, #9108, #6808, .T. ) ;
#7081 = SURFACE_STYLE_USAGE ( .BOTH. , #8576 ) ;
#7082 = EDGE_CURVE ( 'NONE', #4605, #3392, #3964, .T. ) ;
#7083 = LINE ( 'NONE', #2643, #3642 ) ;
#7084 = VECTOR ( 'NONE', #8180, 1000.000000000000000 ) ;
#7085 = ORIENTED_EDGE ( 'NONE', *, *, #5473, .F. ) ;
#7086 = CARTESIAN_POINT ( 'NONE',  ( -0.4999999996666640301, 1.253942174080370009, -1.756077879222299964 ) ) ;
#7087 = ORIENTED_EDGE ( 'NONE', *, *, #9086, .T. ) ;
#7088 = DIRECTION ( 'NONE',  ( 0.8630339418819089614, 0.08304547950995430639, -0.4982728805511449921 ) ) ;
#7089 = VERTEX_POINT ( 'NONE', #6039 ) ;
#7090 = CARTESIAN_POINT ( 'NONE',  ( 2.299999999995834710, 1.690056146999999953, 1.408884404018738046 ) ) ;
#7091 = EDGE_CURVE ( 'NONE', #6187, #2668, #3143, .T. ) ;
#7092 = EDGE_CURVE ( 'NONE', #9205, #4116, #7780, .T. ) ;
#7093 = CARTESIAN_POINT ( 'NONE',  ( 1.449999999999999956, 1.500000000000000000, -1.475774862966304113 ) ) ;
#7094 = CARTESIAN_POINT ( 'NONE',  ( 1.149999999610896051, 0.000000000000000000, -1.750000000000000000 ) ) ;
#7095 = EDGE_CURVE ( 'NONE', #603, #7645, #6093, .T. ) ;
#7096 = LINE ( 'NONE', #513, #7340 ) ;
#7097 = ORIENTED_EDGE ( 'NONE', *, *, #2079, .T. ) ;
#7098 = DIRECTION ( 'NONE',  ( 0.000000000000000000, 0.9863939212520821398, -0.1643990027857260006 ) ) ;
#7099 = VERTEX_POINT ( 'NONE', #3093 ) ;
#7100 = SURFACE_STYLE_FILL_AREA ( #9171 ) ;
#7101 = ORIENTED_EDGE ( 'NONE', *, *, #6626, .T. ) ;
#7102 = SURFACE_STYLE_USAGE ( .BOTH. , #5658 ) ;
#7103 = EDGE_CURVE ( 'NONE', #300, #6744, #8964, .T. ) ;
#7104 = DIRECTION ( 'NONE',  ( 1.000000000000000000, 0.000000000000000000, 0.000000000000000000 ) ) ;
#7105 = VECTOR ( 'NONE', #7381, 1000.000000000000000 ) ;
#7106 = DIRECTION ( 'NONE',  ( 0.000000000000000000, 0.000000000000000000, -1.000000000000000000 ) ) ;
#7107 = EDGE_CURVE ( 'NONE', #5628, #806, #9020, .T. ) ;
#7108 = ORIENTED_EDGE ( 'NONE', *, *, #7080, .T. ) ;
#7109 = LINE ( 'NONE', #3491, #4841 ) ;
#7110 = ORIENTED_EDGE ( 'NONE', *, *, #2291, .T. ) ;
#7111 = DIRECTION ( 'NONE',  ( 0.000000000000000000, 0.000000000000000000, 1.000000000000000000 ) ) ;
#7112 = ORIENTED_EDGE ( 'NONE', *, *, #610, .F. ) ;
#7113 = CARTESIAN_POINT ( 'NONE',  ( -2.250000000000000000, 0.5039421738591409738, -1.790168786006405055 ) ) ;
#7114 = VECTOR ( 'NONE', #9514, 1000.000000000000114 ) ;
#7115 = LINE ( 'NONE', #533, #1835 ) ;
#7116 = CARTESIAN_POINT ( 'NONE',  ( 1.199999999999999956, 1.060000000000000053, 1.500000000000000000 ) ) ;
#7117 = FACE_OUTER_BOUND ( 'NONE', #5191, .T. ) ;
#7118 = VERTEX_POINT ( 'NONE', #6860 ) ;
#7119 = VECTOR ( 'NONE', #907, 1000.000000000000227 ) ;
#7120 = LINE ( 'NONE', #4808, #4208 ) ;
#7121 = ORIENTED_EDGE ( 'NONE', *, *, #8477, .F. ) ;
#7122 = LINE ( 'NONE', #2634, #1451 ) ;
#7123 = DIRECTION ( 'NONE',  ( 0.000000000000000000, 0.000000000000000000, 1.000000000000000000 ) ) ;
#7124 = EDGE_CURVE ( 'NONE', #5134, #6965, #3194, .T. ) ;
#7125 = DIRECTION ( 'NONE',  ( 0.000000000000000000, 1.000000000000000000, 0.000000000000000000 ) ) ;
#7126 = DIRECTION ( 'NONE',  ( 0.8707914478650282675, -0.4916525748179580990, 0.000000000000000000 ) ) ;
#7127 = DIRECTION ( 'NONE',  ( 1.000000000000000000, 0.000000000000000000, 0.000000000000000000 ) ) ;
#7128 = STYLED_ITEM ( 'NONE', ( #9245 ), #2786 ) ;
#7129 = EDGE_CURVE ( 'NONE', #7859, #6617, #4783, .T. ) ;
#7130 = CARTESIAN_POINT ( 'NONE',  ( 2.575841710426994613, 0.5999999999999999778, -0.5500000000000000444 ) ) ;
#7131 = VERTEX_POINT ( 'NONE', #6911 ) ;
#7132 = CARTESIAN_POINT ( 'NONE',  ( 2.299999999995834710, 1.690056146999999953, 0.9000000000000000222 ) ) ;
#7133 = ORIENTED_EDGE ( 'NONE', *, *, #3068, .F. ) ;
#7134 = FILL_AREA_STYLE ('',( #6507 ) ) ;
#7135 = ORIENTED_EDGE ( 'NONE', *, *, #4611, .T. ) ;
#7136 = DIRECTION ( 'NONE',  ( 0.000000000000000000, 0.000000000000000000, -1.000000000000000000 ) ) ;
#7137 = CARTESIAN_POINT ( 'NONE',  ( -2.250000000000000000, 0.6038390272555429483, 1.785628020102320024 ) ) ;
#7138 = PLANE ( 'NONE',  #8242 ) ;
#7139 = DIRECTION ( 'NONE',  ( 0.4916525748179580435, 0.8707914478650282675, 0.000000000000000000 ) ) ;
#7140 = VECTOR ( 'NONE', #8858, 1000.000000000000000 ) ;
#7141 = VECTOR ( 'NONE', #1219, 1000.000000000000000 ) ;
#7142 = AXIS2_PLACEMENT_3D ( 'NONE', #8294, #1650, #2358 ) ;
#7143 = VERTEX_POINT ( 'NONE', #5314 ) ;
#7144 = CARTESIAN_POINT ( 'NONE',  ( -1.700000000033335068, 0.9135077105316400381, -1.771552170644719926 ) ) ;
#7145 = VECTOR ( 'NONE', #2730, 1000.000000000000000 ) ;
#7146 = ADVANCED_FACE ( 'NONE', ( #1658 ), #5355, .F. ) ;
#7147 = EDGE_LOOP ( 'NONE', ( #5349, #9008, #4272, #3436, #4313, #2951, #6821, #9511 ) ) ;
#7148 = AXIS2_PLACEMENT_3D ( 'NONE', #6108, #5370, #5329 ) ;
#7149 = DIRECTION ( 'NONE',  ( 0.000000000000000000, 0.8660254037844387076, -0.4999999999999998890 ) ) ;
#7150 = AXIS2_PLACEMENT_3D ( 'NONE', #7132, #552, #462 ) ;
#7151 = ORIENTED_EDGE ( 'NONE', *, *, #7840, .F. ) ;
#7152 = DIRECTION ( 'NONE',  ( 1.000000000000000000, 0.000000000000000000, 0.000000000000000000 ) ) ;
#7153 = STYLED_ITEM ( 'NONE', ( #3431 ), #4190 ) ;
#7154 = CARTESIAN_POINT ( 'NONE',  ( -2.350000000000000089, 0.8901360611621619290, -1.751643989972974991 ) ) ;
#7155 = VECTOR ( 'NONE', #2422, 1000.000000000000114 ) ;
#7156 = EDGE_CURVE ( 'NONE', #475, #9170, #4112, .T. ) ;
#7157 = VECTOR ( 'NONE', #4367, 1000.000000000000000 ) ;
#7158 = ORIENTED_EDGE ( 'NONE', *, *, #6385, .T. ) ;
#7159 = EDGE_CURVE ( 'NONE', #4390, #3957, #3381, .T. ) ;
#7160 = CARTESIAN_POINT ( 'NONE',  ( 1.699999999999999956, 1.387655469911170059, 1.750000000907375064 ) ) ;
#7161 = VECTOR ( 'NONE', #1898, 1000.000000000000000 ) ;
#7162 = ORIENTED_EDGE ( 'NONE', *, *, #4231, .T. ) ;
#7163 = DIRECTION ( 'NONE',  ( 0.000000000000000000, -1.000000000000000000, 0.000000000000000000 ) ) ;
#7164 = ORIENTED_EDGE ( 'NONE', *, *, #5509, .F. ) ;
#7165 = CARTESIAN_POINT ( 'NONE',  ( 0.5000000000000000000, 0.03000000000000000236, 0.5999999992499999157 ) ) ;
#7166 = CARTESIAN_POINT ( 'NONE',  ( -2.350000000000000089, 1.500000000000000000, -1.576215873403994827 ) ) ;
#7167 = VECTOR ( 'NONE', #7578, 1000.000000000000000 ) ;
#7168 = FILL_AREA_STYLE ('',( #7844 ) ) ;
#7169 = AXIS2_PLACEMENT_3D ( 'NONE', #4204, #5842, #7152 ) ;
#7170 = CARTESIAN_POINT ( 'NONE',  ( -0.2999999999999999889, 1.447467560773514128, 1.500000000062500005 ) ) ;
#7171 = VERTEX_POINT ( 'NONE', #8542 ) ;
#7172 = LINE ( 'NONE', #2684, #8677 ) ;
#7173 = VECTOR ( 'NONE', #5839, 1000.000000000000000 ) ;
#7174 = ORIENTED_EDGE ( 'NONE', *, *, #8091, .T. ) ;
#7175 = CARTESIAN_POINT ( 'NONE',  ( 0.6500000007735150520, 1.650056147000000140, 0.5699999999999999512 ) ) ;
#7176 = VECTOR ( 'NONE', #5969, 1000.000000000000000 ) ;
#7177 = PLANE ( 'NONE',  #3748 ) ;
#7178 = DIRECTION ( 'NONE',  ( 0.000000000000000000, -1.000000000000000000, 0.000000000000000000 ) ) ;
#7179 = VECTOR ( 'NONE', #4542, 1000.000000000000000 ) ;
#7180 = CARTESIAN_POINT ( 'NONE',  ( -1.275000000000000133, 1.060000000033334056, 1.500000000000000000 ) ) ;
#7181 = VECTOR ( 'NONE', #5596, 1000.000000000000000 ) ;
#7182 = EDGE_CURVE ( 'NONE', #7791, #6472, #613, .T. ) ;
#7183 = ORIENTED_EDGE ( 'NONE', *, *, #5792, .F. ) ;
#7184 = DIRECTION ( 'NONE',  ( -1.000000000000000000, 0.000000000000000000, 0.000000000000000000 ) ) ;
#7185 = EDGE_LOOP ( 'NONE', ( #6721, #3208, #4295, #7362, #646, #5822, #2285, #7282 ) ) ;
#7186 = DIRECTION ( 'NONE',  ( 0.000000000000000000, -0.04540765932803111915, -0.9989685402826005145 ) ) ;
#7187 = EDGE_CURVE ( 'NONE', #3052, #4800, #3525, .T. ) ;
#7188 = DIRECTION ( 'NONE',  ( 0.000000000000000000, 0.000000000000000000, 1.000000000000000000 ) ) ;
#7189 = ORIENTED_EDGE ( 'NONE', *, *, #5817, .T. ) ;
#7190 = CARTESIAN_POINT ( 'NONE',  ( -1.199999999999999956, 1.052467559644999939, 1.599999999916664972 ) ) ;
#7191 = VECTOR ( 'NONE', #9053, 1000.000000000000000 ) ;
#7192 = PLANE ( 'NONE',  #6963 ) ;
#7193 = FACE_OUTER_BOUND ( 'NONE', #7207, .T. ) ;
#7194 = DIRECTION ( 'NONE',  ( 0.000000000000000000, 0.000000000000000000, -1.000000000000000000 ) ) ;
#7195 = ORIENTED_EDGE ( 'NONE', *, *, #897, .F. ) ;
#7196 = PLANE ( 'NONE',  #8979 ) ;
#7197 = VERTEX_POINT ( 'NONE', #7144 ) ;
#7198 = LINE ( 'NONE', #9402, #4389 ) ;
#7199 = EDGE_CURVE ( 'NONE', #2058, #2047, #566, .T. ) ;
#7200 = ORIENTED_EDGE ( 'NONE', *, *, #7678, .T. ) ;
#7201 = PLANE ( 'NONE',  #7169 ) ;
#7202 = CARTESIAN_POINT ( 'NONE',  ( 1.325000000124999966, 1.411408062361530158, 1.748920336048874979 ) ) ;
#7203 = EDGE_CURVE ( 'NONE', #2647, #9403, #3426, .T. ) ;
#7204 = ADVANCED_FACE ( 'NONE', ( #2657 ), #8589, .T. ) ;
#7205 = ORIENTED_EDGE ( 'NONE', *, *, #5100, .T. ) ;
#7206 = FILL_AREA_STYLE_COLOUR ( '', #6235 ) ;
#7207 = EDGE_LOOP ( 'NONE', ( #816, #5953, #8936 ) ) ;
#7208 = SHAPE_DEFINITION_REPRESENTATION ( #9067, #1457 ) ;
#7209 = VERTEX_POINT ( 'NONE', #9400 ) ;
#7210 = DIRECTION ( 'NONE',  ( 0.000000000000000000, -0.9989685401863234171, 0.04540766144612187749 ) ) ;
#7211 = EDGE_CURVE ( 'NONE', #6010, #390, #9307, .T. ) ;
#7212 = FACE_OUTER_BOUND ( 'NONE', #8635, .T. ) ;
#7213 = ADVANCED_FACE ( 'NONE', ( #4254 ), #7196, .F. ) ;
#7214 = EDGE_CURVE ( 'NONE', #8701, #1404, #6377, .T. ) ;
#7215 = CARTESIAN_POINT ( 'NONE',  ( 1.800000000000000044, 0.03000000011000010167, 0.5000000000284999802 ) ) ;
#7216 = ORIENTED_EDGE ( 'NONE', *, *, #2828, .T. ) ;
#7217 = DIRECTION ( 'NONE',  ( 0.000000000000000000, 1.000000000000000000, 0.000000000000000000 ) ) ;
#7218 = VECTOR ( 'NONE', #19, 1000.000000000000000 ) ;
#7219 = ORIENTED_EDGE ( 'NONE', *, *, #7506, .F. ) ;
#7220 = VECTOR ( 'NONE', #5668, 1000.000000000000000 ) ;
#7221 = CARTESIAN_POINT ( 'NONE',  ( -0.7500000000000000000, 1.253942173968593865, -1.756077876763244783 ) ) ;
#7222 = DIRECTION ( 'NONE',  ( 0.000000000000000000, 0.9989685401991768021, 0.04540766116335189645 ) ) ;
#7223 = DIRECTION ( 'NONE',  ( 0.000000000000000000, -0.9863939211294419085, 0.1643990035215669998 ) ) ;
#7224 = PRESENTATION_STYLE_ASSIGNMENT (( #8660 ) ) ;
#7225 = LINE ( 'NONE', #8663, #2378 ) ;
#7226 = ORIENTED_EDGE ( 'NONE', *, *, #7506, .T. ) ;
#7227 = EDGE_CURVE ( 'NONE', #6970, #473, #2800, .T. ) ;
#7228 = SURFACE_STYLE_USAGE ( .BOTH. , #4422 ) ;
#7229 = ORIENTED_EDGE ( 'NONE', *, *, #8444, .T. ) ;
#7230 = CARTESIAN_POINT ( 'NONE',  ( -2.150000000773514941, 0.5973644132555430142, 1.643186507102319949 ) ) ;
#7231 = SURFACE_STYLE_FILL_AREA ( #7134 ) ;
#7232 = EDGE_LOOP ( 'NONE', ( #8506, #9141, #8112, #5369 ) ) ;
#7233 = DIRECTION ( 'NONE',  ( -0.8630339425589810265, 0.08304547988595900598, 0.4982728793157539804 ) ) ;
#7234 = VECTOR ( 'NONE', #5646, 1000.000000000000000 ) ;
#7235 = CARTESIAN_POINT ( 'NONE',  ( 1.149999999800000117, 1.060000000000000053, -1.600000000000000089 ) ) ;
#7236 = DIRECTION ( 'NONE',  ( 0.000000000000000000, 1.000000000000000000, 0.000000000000000000 ) ) ;
#7237 = VECTOR ( 'NONE', #5773, 1000.000000000000000 ) ;
#7238 = CARTESIAN_POINT ( 'NONE',  ( -2.350000000000000089, 0.000000000000000000, -1.751643990000000040 ) ) ;
#7239 = ADVANCED_FACE ( 'NONE', ( #4968 ), #5599, .T. ) ;
#7240 = ORIENTED_EDGE ( 'NONE', *, *, #5829, .T. ) ;
#7241 = CARTESIAN_POINT ( 'NONE',  ( 2.149999999999999911, 1.500000000000000000, 1.521793620081484777 ) ) ;
#7242 = ORIENTED_EDGE ( 'NONE', *, *, #370, .F. ) ;
#7243 = DIRECTION ( 'NONE',  ( 1.000000000000000000, 0.000000000000000000, -8.830525290225400633E-16 ) ) ;
#7244 = ORIENTED_EDGE ( 'NONE', *, *, #8502, .T. ) ;
#7245 = CARTESIAN_POINT ( 'NONE',  ( 1.449999999999999956, 1.060000000000000053, -1.475774862966304113 ) ) ;
#7246 = CARTESIAN_POINT ( 'NONE',  ( 0.2000000007735139862, 1.547467560000000075, 2.250000000000000000 ) ) ;
#7247 = ORIENTED_EDGE ( 'NONE', *, *, #5678, .T. ) ;
#7248 = DIRECTION ( 'NONE',  ( 0.000000000000000000, 0.1908089938724724932, -0.9816271837400259992 ) ) ;
#7249 = ORIENTED_EDGE ( 'NONE', *, *, #108, .T. ) ;
#7250 = ADVANCED_FACE ( 'NONE', ( #1282 ), #5742, .T. ) ;
#7251 = ORIENTED_EDGE ( 'NONE', *, *, #6473, .T. ) ;
#7252 = FACE_OUTER_BOUND ( 'NONE', #9399, .T. ) ;
#7253 = VECTOR ( 'NONE', #218, 1000.000000000000000 ) ;
#7254 = CARTESIAN_POINT ( 'NONE',  ( -1.799999999887499813, 0.04000000009687500885, -0.5000000000027500224 ) ) ;
#7255 = DIRECTION ( 'NONE',  ( 1.000000000000000000, 0.000000000000000000, 0.000000000000000000 ) ) ;
#7256 = LINE ( 'NONE', #5714, #1013 ) ;
#7257 = ORIENTED_EDGE ( 'NONE', *, *, #8659, .F. ) ;
#7258 = CARTESIAN_POINT ( 'NONE',  ( -2.149999999911110127, 1.690056146999999953, -1.574026653644445162 ) ) ;
#7259 = VERTEX_POINT ( 'NONE', #2273 ) ;
#7260 = ADVANCED_FACE ( 'NONE', ( #8912 ), #5250, .F. ) ;
#7261 = LINE ( 'NONE', #632, #5132 ) ;
#7262 = CARTESIAN_POINT ( 'NONE',  ( -2.149999999999999911, 1.140056147914642048, -0.4249999999999999889 ) ) ;
#7263 = CARTESIAN_POINT ( 'NONE',  ( 2.350000000000000089, 0.8500000004744669990, 1.449999999791665939 ) ) ;
#7264 = LINE ( 'NONE', #10, #8199 ) ;
#7265 =( NAMED_UNIT ( * ) PLANE_ANGLE_UNIT ( ) SI_UNIT ( $, .RADIAN. ) );
#7266 = DIRECTION ( 'NONE',  ( 0.000000000000000000, 1.000000000000000000, 0.000000000000000000 ) ) ;
#7267 = VECTOR ( 'NONE', #2958, 1000.000000000000000 ) ;
#7268 = VERTEX_POINT ( 'NONE', #7380 ) ;
#7269 = DIRECTION ( 'NONE',  ( 0.000000000000000000, 0.000000000000000000, 1.000000000000000000 ) ) ;
#7270 = ORIENTED_EDGE ( 'NONE', *, *, #8443, .F. ) ;
#7271 = ADVANCED_FACE ( 'NONE', ( #8109 ), #8727, .T. ) ;
#7272 = CARTESIAN_POINT ( 'NONE',  ( -0.4999999996666640301, 1.147467559843081908, -1.618181820771174895 ) ) ;
#7273 = ORIENTED_EDGE ( 'NONE', *, *, #1050, .T. ) ;
#7274 = CARTESIAN_POINT ( 'NONE',  ( 0.1499999999625000191, 0.2000000001039740072, -0.2000000000000000111 ) ) ;
#7275 = CARTESIAN_POINT ( 'NONE',  ( 1.349999999921602134, 0.6038390272474239984, -1.785628019923684917 ) ) ;
#7276 = DIRECTION ( 'NONE',  ( 0.000000000000000000, 0.000000000000000000, -1.000000000000000000 ) ) ;
#7277 = ADVANCED_FACE ( 'NONE', ( #3042 ), #3568, .F. ) ;
#7278 = DIRECTION ( 'NONE',  ( 0.000000000000000000, -0.4999999999999998890, -0.8660254037844387076 ) ) ;
#7279 = DIRECTION ( 'NONE',  ( -0.000000000000000000, 1.000000000000000000, 0.000000000000000000 ) ) ;
#7280 = ORIENTED_EDGE ( 'NONE', *, *, #7321, .T. ) ;
#7281 = LINE ( 'NONE', #699, #2064 ) ;
#7282 = ORIENTED_EDGE ( 'NONE', *, *, #1566, .T. ) ;
#7283 = DIRECTION ( 'NONE',  ( 1.000000000000000000, 0.000000000000000000, 1.204669080577093786E-16 ) ) ;
#7284 = ORIENTED_EDGE ( 'NONE', *, *, #8880, .T. ) ;
#7285 = VECTOR ( 'NONE', #1705, 1000.000000000000000 ) ;
#7286 = UNCERTAINTY_MEASURE_WITH_UNIT (LENGTH_MEASURE( 1.000000000000000082E-05 ), #9313, 'distance_accuracy_value', 'NONE');
#7287 = DIRECTION ( 'NONE',  ( 0.000000000000000000, 1.000000000000000000, 0.000000000000000000 ) ) ;
#7288 = CARTESIAN_POINT ( 'NONE',  ( 0.5999999999999999778, 1.060000000000000053, -0.5799999999999999600 ) ) ;
#7289 = AXIS2_PLACEMENT_3D ( 'NONE', #18, #2122, #6649 ) ;
#7290 = ADVANCED_FACE ( 'NONE', ( #5791 ), #4433, .F. ) ;
#7291 = AXIS2_PLACEMENT_3D ( 'NONE', #3943, #6889, #966 ) ;
#7292 = EDGE_LOOP ( 'NONE', ( #2530, #1357, #8622, #389 ) ) ;
#7294 = VECTOR ( 'NONE', #3182, 1000.000000000000000 ) ;
#7293 = FACE_OUTER_BOUND ( 'NONE', #6715, .T. ) ;
#7295 = VERTEX_POINT ( 'NONE', #1514 ) ;
#7296 = ADVANCED_FACE ( 'NONE', ( #9450 ), #4475, .T. ) ;
#7297 = DIRECTION ( 'NONE',  ( -0.4916525748179580435, -0.8707914478650282675, 0.000000000000000000 ) ) ;
#7298 = VECTOR ( 'NONE', #9105, 1000.000000000000000 ) ;
#7299 = EDGE_LOOP ( 'NONE', ( #818, #1318, #219, #7876 ) ) ;
#7300 = FACE_OUTER_BOUND ( 'NONE', #4643, .T. ) ;
#7301 = SURFACE_STYLE_FILL_AREA ( #7354 ) ;
#7302 = VECTOR ( 'NONE', #8319, 1000.000000000000000 ) ;
#7303 = CARTESIAN_POINT ( 'NONE',  ( -2.299999999999999822, 1.500000000000000000, 0.9000000000000000222 ) ) ;
#7304 = MECHANICAL_DESIGN_GEOMETRIC_PRESENTATION_REPRESENTATION (  '', ( #6076 ), #7002 ) ;
#7305 = CARTESIAN_POINT ( 'NONE',  ( -0.4999999996749999731, 0.03000000000000000236, 1.750000000000000000 ) ) ;
#7306 = VECTOR ( 'NONE', #6644, 1000.000000000000000 ) ;
#7307 = AXIS2_PLACEMENT_3D ( 'NONE', #2231, #2041, #4298 ) ;
#7308 = EDGE_LOOP ( 'NONE', ( #2812, #3962, #3083, #3546 ) ) ;
#7309 = CARTESIAN_POINT ( 'NONE',  ( -2.350000000096295061, 0.2000000000000000111, 0.5500000000000000444 ) ) ;
#7310 = EDGE_LOOP ( 'NONE', ( #4771, #1876, #8914, #9047 ) ) ;
#7311 = DIRECTION ( 'NONE',  ( 0.000000000000000000, -0.8660254037844384856, 0.5000000000000003331 ) ) ;
#7312 = ORIENTED_EDGE ( 'NONE', *, *, #637, .F. ) ;
#7313 = VECTOR ( 'NONE', #6587, 1000.000000000000000 ) ;
#7314 = PLANE ( 'NONE',  #4214 ) ;
#7315 = DIRECTION ( 'NONE',  ( -1.000000000000000000, 0.000000000000000000, 0.000000000000000000 ) ) ;
#7316 = AXIS2_PLACEMENT_3D ( 'NONE', #2459, #2562, #2508 ) ;
#7317 = FACE_OUTER_BOUND ( 'NONE', #4132, .T. ) ;
#7318 = CARTESIAN_POINT ( 'NONE',  ( -2.250000000078399953, 0.5039421739999999650, -1.790168786000000178 ) ) ;
#7319 = CARTESIAN_POINT ( 'NONE',  ( 0.4999999996666670277, 1.147467559843081908, -1.618181820771174895 ) ) ;
#7320 = ADVANCED_FACE ( 'NONE', ( #8153 ), #6659, .T. ) ;
#7321 = EDGE_CURVE ( 'NONE', #4244, #5655, #7423, .T. ) ;
#7322 = ORIENTED_EDGE ( 'NONE', *, *, #9034, .F. ) ;
#7323 = LINE ( 'NONE', #8855, #4061 ) ;
#7324 = VERTEX_POINT ( 'NONE', #5937 ) ;
#7325 = CARTESIAN_POINT ( 'NONE',  ( 1.350000000000000089, 0.5973644132508509896, -1.643186506999074981 ) ) ;
#7326 = DIRECTION ( 'NONE',  ( 0.000000000000000000, 0.000000000000000000, -1.000000000000000000 ) ) ;
#7327 = ORIENTED_EDGE ( 'NONE', *, *, #4629, .T. ) ;
#7328 = CARTESIAN_POINT ( 'NONE',  ( -0.5999999999999999778, 1.052467559999999969, 1.749999999937500217 ) ) ;
#7329 = AXIS2_PLACEMENT_3D ( 'NONE', #4786, #3482, #2519 ) ;
#7330 = LINE ( 'NONE', #4963, #1732 ) ;
#7331 = DIRECTION ( 'NONE',  ( -1.000000000000000000, 0.000000000000000000, 0.000000000000000000 ) ) ;
#7332 = EDGE_CURVE ( 'NONE', #790, #6268, #2132, .T. ) ;
#7333 =( GEOMETRIC_REPRESENTATION_CONTEXT ( 3 ) GLOBAL_UNCERTAINTY_ASSIGNED_CONTEXT ( ( #8918 ) ) GLOBAL_UNIT_ASSIGNED_CONTEXT ( ( #3461, #7265, #640 ) ) REPRESENTATION_CONTEXT ( 'NONE', 'WORKASPACE' ) );
#7334 = DIRECTION ( 'NONE',  ( 0.000000000000000000, 0.000000000000000000, -1.000000000000000000 ) ) ;
#7335 = EDGE_CURVE ( 'NONE', #4466, #1504, #7281, .T. ) ;
#7336 = EDGE_CURVE ( 'NONE', #815, #6947, #544, .T. ) ;
#7337 = CARTESIAN_POINT ( 'NONE',  ( -2.299999999999999822, 1.500000000000000000, -1.391115596000000121 ) ) ;
#7338 = ORIENTED_EDGE ( 'NONE', *, *, #5209, .T. ) ;
#7339 = CARTESIAN_POINT ( 'NONE',  ( 1.699999999999999956, 1.400056147000000140, 1.499178201002293820 ) ) ;
#7340 = VECTOR ( 'NONE', #3423, 1000.000000000000000 ) ;
#7341 = VERTEX_POINT ( 'NONE', #2989 ) ;
#7342 = LINE ( 'NONE', #3671, #2550 ) ;
#7343 = ORIENTED_EDGE ( 'NONE', *, *, #3600, .F. ) ;
#7344 = LINE ( 'NONE', #5119, #7776 ) ;
#7345 = LINE ( 'NONE', #6666, #2252 ) ;
#7346 = VECTOR ( 'NONE', #3599, 1000.000000000000000 ) ;
#7347 = VERTEX_POINT ( 'NONE', #1554 ) ;
#7348 =( LENGTH_UNIT ( ) NAMED_UNIT ( * ) SI_UNIT ( .MILLI., .METRE. ) );
#7349 = ORIENTED_EDGE ( 'NONE', *, *, #6096, .T. ) ;
#7350 = DIRECTION ( 'NONE',  ( 0.000000000000000000, -1.000000000000000000, 0.000000000000000000 ) ) ;
#7351 = CARTESIAN_POINT ( 'NONE',  ( 0.5000000000000000000, 0.000000000000000000, 0.5999999992499999157 ) ) ;
#7352 = EDGE_LOOP ( 'NONE', ( #9179, #4864, #360, #3031, #1922 ) ) ;
#7353 = PLANE ( 'NONE',  #2694 ) ;
#7354 = FILL_AREA_STYLE ('',( #6632 ) ) ;
#7355 = DIRECTION ( 'NONE',  ( 0.000000000000000000, 0.000000000000000000, 1.000000000000000000 ) ) ;
#7356 = DIRECTION ( 'NONE',  ( 1.000000000000000000, 1.215290246266205980E-12, 0.000000000000000000 ) ) ;
#7357 = ADVANCED_FACE ( 'NONE', ( #3621 ), #837, .F. ) ;
#7358 = VERTEX_POINT ( 'NONE', #9498 ) ;
#7359 = PLANE ( 'NONE',  #8230 ) ;
#7360 = ORIENTED_EDGE ( 'NONE', *, *, #3500, .T. ) ;
#7361 = DIRECTION ( 'NONE',  ( 0.000000000000000000, 0.000000000000000000, 1.000000000000000000 ) ) ;
#7362 = ORIENTED_EDGE ( 'NONE', *, *, #1800, .T. ) ;
#7363 = CARTESIAN_POINT ( 'NONE',  ( 0.4999999996749999731, 0.03000000049479194936, -0.5999999999936839190 ) ) ;
#7364 = CARTESIAN_POINT ( 'NONE',  ( -1.700000000953369783, 1.417467559999998183, -1.475774863000000048 ) ) ;
#7365 = DIRECTION ( 'NONE',  ( 1.000000000000000000, 0.000000000000000000, 0.000000000000000000 ) ) ;
#7366 = DIRECTION ( 'NONE',  ( 0.000000000000000000, 9.166665094085399879E-12, 1.000000000000000000 ) ) ;
#7367 = CARTESIAN_POINT ( 'NONE',  ( 1.574999999999999956, 0.05000000000000000278, -0.2000000000000000111 ) ) ;
#7368 = AXIS2_PLACEMENT_3D ( 'NONE', #7364, #6641, #8938 ) ;
#7369 = VERTEX_POINT ( 'NONE', #2895 ) ;
#7370 = DIRECTION ( 'NONE',  ( 0.000000000000000000, 0.1643989873053569584, -0.9863939238321437486 ) ) ;
#7371 = ORIENTED_EDGE ( 'NONE', *, *, #5625, .F. ) ;
#7372 = DIRECTION ( 'NONE',  ( 0.5051459345177128357, 0.1418818951592226985, 0.8512914381492709959 ) ) ;
#7373 = SURFACE_STYLE_FILL_AREA ( #1505 ) ;
#7374 = ORIENTED_EDGE ( 'NONE', *, *, #1264, .T. ) ;
#7375 = EDGE_CURVE ( 'NONE', #9037, #815, #5836, .T. ) ;
#7376 = LINE ( 'NONE', #6511, #6350 ) ;
#7377 = LINE ( 'NONE', #3039, #7940 ) ;
#7378 = LINE ( 'NONE', #4472, #7650 ) ;
#7379 = VERTEX_POINT ( 'NONE', #6027 ) ;
#7380 = CARTESIAN_POINT ( 'NONE',  ( -2.299999999999999822, 1.500000000000000000, 1.408884403999999924 ) ) ;
#7381 = DIRECTION ( 'NONE',  ( 0.000000000000000000, -1.000000000000000000, 0.000000000000000000 ) ) ;
#7382 = ORIENTED_EDGE ( 'NONE', *, *, #7613, .T. ) ;
#7383 = VECTOR ( 'NONE', #1133, 1000.000000000000114 ) ;
#7384 = EDGE_CURVE ( 'NONE', #4164, #9199, #2411, .T. ) ;
#7385 = ADVANCED_FACE ( 'NONE', ( #8954 ), #2555, .F. ) ;
#7386 = CARTESIAN_POINT ( 'NONE',  ( -1.275000000000000133, 0.05000000000000000278, -0.2000000000000000111 ) ) ;
#7387 = EDGE_LOOP ( 'NONE', ( #8159, #6436, #1334, #8583 ) ) ;
#7388 = CARTESIAN_POINT ( 'NONE',  ( -1.199999999999999956, 1.052467559999999969, 2.149999999999999911 ) ) ;
#7389 = LINE ( 'NONE', #658, #9021 ) ;
#7390 = ORIENTED_EDGE ( 'NONE', *, *, #3035, .F. ) ;
#7391 = DIRECTION ( 'NONE',  ( 0.000000000000000000, 0.000000000000000000, 1.000000000000000000 ) ) ;
#7392 = ORIENTED_EDGE ( 'NONE', *, *, #3580, .T. ) ;
#7393 = EDGE_CURVE ( 'NONE', #8165, #6708, #978, .T. ) ;
#7394 = DIRECTION ( 'NONE',  ( 0.000000000000000000, -0.9989685401863236391, 0.04540766144612098931 ) ) ;
#7395 = VERTEX_POINT ( 'NONE', #6900 ) ;
#7396 = CARTESIAN_POINT ( 'NONE',  ( -0.5999999999999999778, 1.060000000000000053, -0.5500000000000000444 ) ) ;
#7397 = CARTESIAN_POINT ( 'NONE',  ( 0.5000000000000000000, 0.000000000000000000, 0.5999999992499999157 ) ) ;
#7398 = LINE ( 'NONE', #8930, #813 ) ;
#7399 = EDGE_CURVE ( 'NONE', #118, #6472, #1694, .T. ) ;
#7400 = ORIENTED_EDGE ( 'NONE', *, *, #2663, .T. ) ;
#7401 = ORIENTED_EDGE ( 'NONE', *, *, #1454, .T. ) ;
#7402 = LINE ( 'NONE', #8228, #2515 ) ;
#7403 = ORIENTED_EDGE ( 'NONE', *, *, #7336, .T. ) ;
#7404 = FACE_OUTER_BOUND ( 'NONE', #3810, .T. ) ;
#7405 = CARTESIAN_POINT ( 'NONE',  ( -0.7500000000000000000, 1.060000000000000053, -0.6800000000000000488 ) ) ;
#7406 = DIRECTION ( 'NONE',  ( 1.000000000000000000, 0.000000000000000000, 0.000000000000000000 ) ) ;
#7407 = DIRECTION ( 'NONE',  ( 1.000000000000000000, 0.000000000000000000, 0.000000000000000000 ) ) ;
#7408 = CARTESIAN_POINT ( 'NONE',  ( -1.750000000120085053, 0.000000000000000000, 0.5999999999999999778 ) ) ;
#7409 = VECTOR ( 'NONE', #270, 1000.000000000000000 ) ;
#7410 = EDGE_LOOP ( 'NONE', ( #6502, #8645, #2223, #1196 ) ) ;
#7411 = STYLED_ITEM ( 'NONE', ( #1255 ), #3133 ) ;
#7412 = LINE ( 'NONE', #643, #3594 ) ;
#7413 = ORIENTED_EDGE ( 'NONE', *, *, #9391, .F. ) ;
#7414 = EDGE_CURVE ( 'NONE', #2058, #2929, #316, .T. ) ;
#7415 = CARTESIAN_POINT ( 'NONE',  ( -1.449999999999999956, 1.500000000000000000, -1.475774862966304113 ) ) ;
#7416 = FILL_AREA_STYLE_COLOUR ( '', #4206 ) ;
#7417 = EDGE_CURVE ( 'NONE', #8305, #153, #7523, .T. ) ;
#7418 = CARTESIAN_POINT ( 'NONE',  ( 1.275000000037500136, 0.2000000001025909746, -0.5000000000011000090 ) ) ;
#7419 = LINE ( 'NONE', #3750, #6252 ) ;
#7420 = AXIS2_PLACEMENT_3D ( 'NONE', #5247, #2352, #8906 ) ;
#7421 = DIRECTION ( 'NONE',  ( 1.000000000000000000, 0.000000000000000000, 0.000000000000000000 ) ) ;
#7422 = ORIENTED_EDGE ( 'NONE', *, *, #2655, .T. ) ;
#7423 = LINE ( 'NONE', #72, #5444 ) ;
#7424 = COLOUR_RGB ( '',0.7764705882352941346, 0.7568627450980391913, 0.7372549019607843590 ) ;
#7425 = CARTESIAN_POINT ( 'NONE',  ( -2.249999999966664888, 0.9125280665555179915, -1.750000000000000000 ) ) ;
#7426 = ORIENTED_EDGE ( 'NONE', *, *, #8209, .F. ) ;
#7427 = DIRECTION ( 'NONE',  ( 0.7071067811865445751, -5.110978055611264285E-15, -0.7071067811865504593 ) ) ;
#7428 = ORIENTED_EDGE ( 'NONE', *, *, #8777, .T. ) ;
#7429 = FACE_OUTER_BOUND ( 'NONE', #8327, .T. ) ;
#7430 = CARTESIAN_POINT ( 'NONE',  ( -2.350000000000000089, 1.240192378925983885, -1.750000000000000000 ) ) ;
#7431 = ADVANCED_FACE ( 'NONE', ( #2502 ), #4725, .F. ) ;
#7432 = ORIENTED_EDGE ( 'NONE', *, *, #2857, .F. ) ;
#7433 = ADVANCED_FACE ( 'NONE', ( #5347 ), #8393, .T. ) ;
#7434 = ORIENTED_EDGE ( 'NONE', *, *, #3434, .F. ) ;
#7435 = DIRECTION ( 'NONE',  ( 0.000000000000000000, 0.9989685402014012450, 0.04540766111441242592 ) ) ;
#7436 = VECTOR ( 'NONE', #7958, 1000.000000000000114 ) ;
#7437 = VERTEX_POINT ( 'NONE', #4617 ) ;
#7438 = LINE ( 'NONE', #6767, #7952 ) ;
#7439 = ORIENTED_EDGE ( 'NONE', *, *, #4189, .F. ) ;
#7440 = CARTESIAN_POINT ( 'NONE',  ( -1.324999999999999956, 0.5973644132555430142, 1.643186507102319949 ) ) ;
#7441 = FACE_OUTER_BOUND ( 'NONE', #3050, .T. ) ;
#7442 = PLANE ( 'NONE',  #8342 ) ;
#7443 = EDGE_CURVE ( 'NONE', #3097, #5949, #9100, .T. ) ;
#7444 = CARTESIAN_POINT ( 'NONE',  ( -0.2035668847576639906, 1.647467559999999942, 2.150000000099999919 ) ) ;
#7445 = AXIS2_PLACEMENT_3D ( 'NONE', #206, #7660, #8286 ) ;
#7446 = AXIS2_PLACEMENT_3D ( 'NONE', #1982, #4918, #7858 ) ;
#7447 = EDGE_CURVE ( 'NONE', #9382, #7645, #1033, .T. ) ;
#7448 = VERTEX_POINT ( 'NONE', #8249 ) ;
#7449 = DIRECTION ( 'NONE',  ( 0.4916525748179580990, -0.8707914478650282675, 0.000000000000000000 ) ) ;
#7450 =( GEOMETRIC_REPRESENTATION_CONTEXT ( 3 ) GLOBAL_UNCERTAINTY_ASSIGNED_CONTEXT ( ( #5171 ) ) GLOBAL_UNIT_ASSIGNED_CONTEXT ( ( #958, #1771, #8279 ) ) REPRESENTATION_CONTEXT ( 'NONE', 'WORKASPACE' ) );
#7451 = ORIENTED_EDGE ( 'NONE', *, *, #2246, .F. ) ;
#7452 = FACE_OUTER_BOUND ( 'NONE', #3786, .T. ) ;
#7453 = ORIENTED_EDGE ( 'NONE', *, *, #4903, .F. ) ;
#7454 = AXIS2_PLACEMENT_3D ( 'NONE', #2186, #5709, #2142 ) ;
#7455 = PRESENTATION_LAYER_ASSIGNMENT (  '', '', ( #6686 ) ) ;
#7456 = CARTESIAN_POINT ( 'NONE',  ( 2.249999999933334660, 0.8838578733011011046, 1.713974867308725170 ) ) ;
#7457 = LINE ( 'NONE', #6058, #7060 ) ;
#7458 = AXIS2_PLACEMENT_3D ( 'NONE', #9044, #1165, #4710 ) ;
#7459 = FACE_OUTER_BOUND ( 'NONE', #4823, .T. ) ;
#7460 = AXIS2_PLACEMENT_3D ( 'NONE', #434, #1200, #3344 ) ;
#7461 = CARTESIAN_POINT ( 'NONE',  ( 1.149999999800000117, 0.000000000000000000, -1.750000000000000000 ) ) ;
#7462 = COLOUR_RGB ( '',0.7764705882352941346, 0.7568627450980391913, 0.7372549019607843590 ) ;
#7463 = EDGE_LOOP ( 'NONE', ( #3651, #4686, #9497, #7836, #6505, #7257, #9280, #8857, #2581 ) ) ;
#7464 = DIRECTION ( 'NONE',  ( -0.4916525748179580435, 0.8707914478650281564, 0.000000000000000000 ) ) ;
#7465 = VECTOR ( 'NONE', #2290, 1000.000000000000000 ) ;
#7466 = ORIENTED_EDGE ( 'NONE', *, *, #6004, .F. ) ;
#7467 = DIRECTION ( 'NONE',  ( 0.000000000000000000, -1.000000000000000000, 1.214080558205069872E-16 ) ) ;
#7468 = CIRCLE ( 'NONE', #6089, 0.09999999922648554473 ) ;
#7469 = CARTESIAN_POINT ( 'NONE',  ( -0.5999999999999999778, 1.547467560300000100, 2.250000000000000000 ) ) ;
#7470 = CARTESIAN_POINT ( 'NONE',  ( -2.575841710426994613, 0.5999999999999999778, -0.5500000000000000444 ) ) ;
#7471 = CARTESIAN_POINT ( 'NONE',  ( -1.574999999999949996, 0.04000000009037765064, -0.4999999999996330158 ) ) ;
#7472 = LINE ( 'NONE', #167, #7656 ) ;
#7473 = DIRECTION ( 'NONE',  ( -1.000000000000000000, 0.000000000000000000, 0.000000000000000000 ) ) ;
#7474 = VERTEX_POINT ( 'NONE', #931 ) ;
#7475 = EDGE_CURVE ( 'NONE', #8866, #8317, #216, .T. ) ;
#7476 = CARTESIAN_POINT ( 'NONE',  ( -1.449999999999999956, 1.500000000000000000, -1.600000000000000089 ) ) ;
#7477 = LINE ( 'NONE', #5215, #7409 ) ;
#7478 = AXIS2_PLACEMENT_3D ( 'NONE', #4688, #7637, #3970 ) ;
#7479 = VERTEX_POINT ( 'NONE', #4572 ) ;
#7480 = CARTESIAN_POINT ( 'NONE',  ( -2.149999999911110127, 1.500000000000000000, 1.408884403999999924 ) ) ;
#7481 = CIRCLE ( 'NONE', #1343, 0.09999999922648550310 ) ;
#7482 = ORIENTED_EDGE ( 'NONE', *, *, #753, .F. ) ;
#7483 = UNCERTAINTY_MEASURE_WITH_UNIT (LENGTH_MEASURE( 1.000000000000000082E-05 ), #969, 'distance_accuracy_value', 'NONE');
#7484 = LINE ( 'NONE', #896, #6551 ) ;
#7485 = CARTESIAN_POINT ( 'NONE',  ( 1.699999999999999956, 1.501738871479399995, -1.574761459567645128 ) ) ;
#7486 = ORIENTED_EDGE ( 'NONE', *, *, #4263, .T. ) ;
#7487 = AXIS2_PLACEMENT_3D ( 'NONE', #4299, #5704, #1424 ) ;
#7488 = VERTEX_POINT ( 'NONE', #4667 ) ;
#7489 = LINE ( 'NONE', #228, #4507 ) ;
#7490 = EDGE_CURVE ( 'NONE', #7358, #8479, #6080, .T. ) ;
#7491 = ORIENTED_EDGE ( 'NONE', *, *, #4915, .F. ) ;
#7492 = CARTESIAN_POINT ( 'NONE',  ( -0.6000000000102549969, 1.650056147000000140, -0.6500000000000000222 ) ) ;
#7493 = ORIENTED_EDGE ( 'NONE', *, *, #1611, .F. ) ;
#7494 = EDGE_CURVE ( 'NONE', #1154, #1366, #3854, .T. ) ;
#7495 = LINE ( 'NONE', #6871, #5928 ) ;
#7496 = EDGE_CURVE ( 'NONE', #1257, #3879, #5395, .T. ) ;
#7497 = DIRECTION ( 'NONE',  ( 1.000000000000000000, 0.000000000000000000, 0.000000000000000000 ) ) ;
#7498 = CARTESIAN_POINT ( 'NONE',  ( -0.4999999996749999731, 0.000000000000000000, 0.5999999992499999157 ) ) ;
#7499 = LINE ( 'NONE', #2387, #7313 ) ;
#7500 = ORIENTED_EDGE ( 'NONE', *, *, #3728, .F. ) ;
#7501 = CARTESIAN_POINT ( 'NONE',  ( 1.699999999999999956, 0.8648620626666669864, -1.600000000000000089 ) ) ;
#7502 = VERTEX_POINT ( 'NONE', #7617 ) ;
#7503 = DIRECTION ( 'NONE',  ( 0.000000000000000000, -1.000000000000000000, 0.000000000000000000 ) ) ;
#7504 = EDGE_CURVE ( 'NONE', #5756, #6606, #5445, .T. ) ;
#7505 = ORIENTED_EDGE ( 'NONE', *, *, #2321, .F. ) ;
#7506 = EDGE_CURVE ( 'NONE', #827, #1726, #6228, .T. ) ;
#7507 = CARTESIAN_POINT ( 'NONE',  ( 1.324999999999999956, 5.787655404495759548, 1.550000000000000044 ) ) ;
#7508 = EDGE_CURVE ( 'NONE', #1546, #7830, #1464, .T. ) ;
#7509 = DIRECTION ( 'NONE',  ( 0.000000000000000000, 0.000000000000000000, -1.000000000000000000 ) ) ;
#7510 = FACE_OUTER_BOUND ( 'NONE', #1491, .T. ) ;
#7511 = DIRECTION ( 'NONE',  ( 0.000000000000000000, 0.000000000000000000, 1.000000000000000000 ) ) ;
#7512 = ORIENTED_EDGE ( 'NONE', *, *, #6907, .F. ) ;
#7513 = CARTESIAN_POINT ( 'NONE',  ( 1.699999999600005030, 0.9125280668681019502, -1.750000000127529987 ) ) ;
#7514 = VERTEX_POINT ( 'NONE', #3466 ) ;
#7515 = DIRECTION ( 'NONE',  ( 0.000000000000000000, -0.8660254037844387076, -0.4999999999999998890 ) ) ;
#7516 = LINE ( 'NONE', #3656, #7218 ) ;
#7517 = CARTESIAN_POINT ( 'NONE',  ( -1.799999999887499813, 0.04000000009687509905, 0.5000000000284999802 ) ) ;
#7518 = DIRECTION ( 'NONE',  ( 0.000000000000000000, -0.9989685401991768021, -0.04540766116335189645 ) ) ;
#7519 = FACE_OUTER_BOUND ( 'NONE', #7736, .T. ) ;
#7520 = DIRECTION ( 'NONE',  ( 0.000000000000000000, 0.000000000000000000, 1.000000000000000000 ) ) ;
#7521 = EDGE_CURVE ( 'NONE', #1167, #2875, #7899, .T. ) ;
#7522 = ORIENTED_EDGE ( 'NONE', *, *, #1734, .F. ) ;
#7523 = LINE ( 'NONE', #7667, #3292 ) ;
#7524 = CARTESIAN_POINT ( 'NONE',  ( -1.699999999999999956, 0.9000000000851590132, 1.749999999990424993 ) ) ;
#7525 = ORIENTED_EDGE ( 'NONE', *, *, #5024, .T. ) ;
#7526 = FACE_OUTER_BOUND ( 'NONE', #324, .T. ) ;
#7527 = DIRECTION ( 'NONE',  ( 0.000000000000000000, 0.000000000000000000, -1.000000000000000000 ) ) ;
#7528 = ADVANCED_FACE ( 'NONE', ( #3415 ), #3513, .T. ) ;
#7529 = CARTESIAN_POINT ( 'NONE',  ( 1.149999999999999911, 0.000000000000000000, -1.600000000000000089 ) ) ;
#7530 = VERTEX_POINT ( 'NONE', #6318 ) ;
#7531 = CARTESIAN_POINT ( 'NONE',  ( 0.6000000003000000026, 1.052467560143413916, 1.749999999999074962 ) ) ;
#7532 = AXIS2_PLACEMENT_3D ( 'NONE', #9440, #4960, #2843 ) ;
#7533 = EDGE_LOOP ( 'NONE', ( #2572, #7374, #8693, #6490 ) ) ;
#7534 = CARTESIAN_POINT ( 'NONE',  ( -1.575000000000145173, 0.2000000001018774898, -0.2000000000000000111 ) ) ;
#7535 = ORIENTED_EDGE ( 'NONE', *, *, #2202, .F. ) ;
#7536 = EDGE_CURVE ( 'NONE', #2047, #7590, #8529, .T. ) ;
#7537 = DIRECTION ( 'NONE',  ( 1.000000000000000000, 0.000000000000000000, 0.000000000000000000 ) ) ;
#7538 = ORIENTED_EDGE ( 'NONE', *, *, #8559, .F. ) ;
#7539 = DIRECTION ( 'NONE',  ( 0.000000000000000000, -1.000000000000000000, 0.000000000000000000 ) ) ;
#7540 = LINE ( 'NONE', #8311, #8951 ) ;
#7541 = EDGE_CURVE ( 'NONE', #3856, #5890, #3329, .T. ) ;
#7542 = CARTESIAN_POINT ( 'NONE',  ( 0.5106971450000000745, 1.060000000000000053, -0.6250000000000000000 ) ) ;
#7543 = VECTOR ( 'NONE', #8521, 1000.000000000000000 ) ;
#7544 = DIRECTION ( 'NONE',  ( 0.000000000000000000, -1.207942637035733742E-16, -1.000000000000000000 ) ) ;
#7545 = ORIENTED_EDGE ( 'NONE', *, *, #5123, .T. ) ;
#7546 = SURFACE_SIDE_STYLE ('',( #8360 ) ) ;
#7547 = ORIENTED_EDGE ( 'NONE', *, *, #2540, .T. ) ;
#7548 = CARTESIAN_POINT ( 'NONE',  ( 1.300000000000000044, 1.647467559999999942, 2.750000000000000000 ) ) ;
#7549 = ORIENTED_EDGE ( 'NONE', *, *, #5896, .T. ) ;
#7550 = ORIENTED_EDGE ( 'NONE', *, *, #4055, .T. ) ;
#7551 = CARTESIAN_POINT ( 'NONE',  ( 1.322527229999999943, 3.545694403999999800, 1.541603168000000190 ) ) ;
#7552 = CARTESIAN_POINT ( 'NONE',  ( -0.5000000000000000000, 0.000000000000000000, 0.5999999999999999778 ) ) ;
#7553 = PLANE ( 'NONE',  #2656 ) ;
#7554 = FACE_OUTER_BOUND ( 'NONE', #1534, .T. ) ;
#7555 = EDGE_CURVE ( 'NONE', #9205, #9080, #5686, .T. ) ;
#7556 = VERTEX_POINT ( 'NONE', #4239 ) ;
#7557 = CARTESIAN_POINT ( 'NONE',  ( 2.350000000096295061, 0.000000000000000000, 0.5500000000000000444 ) ) ;
#7558 = ORIENTED_EDGE ( 'NONE', *, *, #3809, .F. ) ;
#7559 = DIRECTION ( 'NONE',  ( 0.000000000000000000, -1.000000000000000000, 0.000000000000000000 ) ) ;
#7560 = DIRECTION ( 'NONE',  ( 1.000000000000000000, 0.000000000000000000, 0.000000000000000000 ) ) ;
#7561 = LINE ( 'NONE', #6126, #2913 ) ;
#7562 = CARTESIAN_POINT ( 'NONE',  ( 1.700000000231114861, 1.500000000070480066, -1.576215873364029907 ) ) ;
#7563 =( NAMED_UNIT ( * ) PLANE_ANGLE_UNIT ( ) SI_UNIT ( $, .RADIAN. ) );
#7564 = AXIS2_PLACEMENT_3D ( 'NONE', #2646, #9159, #2556 ) ;
#7565 = CARTESIAN_POINT ( 'NONE',  ( -1.274999999962500130, 0.03999999998249999938, 0.4799031069999999954 ) ) ;
#7566 = VERTEX_POINT ( 'NONE', #1184 ) ;
#7567 = ADVANCED_FACE ( 'NONE', ( #7046 ), #5642, .F. ) ;
#7568 = CARTESIAN_POINT ( 'NONE',  ( -2.299999999999999822, 1.650056147000000140, 0.9000000000000000222 ) ) ;
#7569 = DIRECTION ( 'NONE',  ( -1.000000000000000000, 0.000000000000000000, 0.000000000000000000 ) ) ;
#7570 = ORIENTED_EDGE ( 'NONE', *, *, #8759, .T. ) ;
#7571 = MECHANICAL_DESIGN_GEOMETRIC_PRESENTATION_REPRESENTATION (  '', ( #2332 ), #3103 ) ;
#7572 = DIRECTION ( 'NONE',  ( 0.000000000000000000, 0.04540766116335259728, -0.9989685401991766911 ) ) ;
#7573 = DIRECTION ( 'NONE',  ( 0.000000000000000000, 0.9989685402014013560, 0.04540766111441141978 ) ) ;
#7574 = PLANE ( 'NONE',  #1478 ) ;
#7575 = CARTESIAN_POINT ( 'NONE',  ( -1.300000000000000044, 0.2474675600000000031, 2.750000000000000000 ) ) ;
#7576 = EDGE_LOOP ( 'NONE', ( #2640, #8968, #331, #3111 ) ) ;
#7577 = VECTOR ( 'NONE', #5786, 1000.000000000000000 ) ;
#7578 = DIRECTION ( 'NONE',  ( 0.000000000000000000, 0.000000000000000000, 1.000000000000000000 ) ) ;
#7579 = VERTEX_POINT ( 'NONE', #9249 ) ;
#7580 = DIRECTION ( 'NONE',  ( 0.000000000000000000, -1.000000000000000000, 1.720802467602154949E-16 ) ) ;
#7581 = EDGE_LOOP ( 'NONE', ( #6923, #5284, #5423, #6984 ) ) ;
#7582 = FACE_OUTER_BOUND ( 'NONE', #6797, .T. ) ;
#7583 = VERTEX_POINT ( 'NONE', #6364 ) ;
#7584 = PLANE ( 'NONE',  #6391 ) ;
#7585 = MECHANICAL_DESIGN_GEOMETRIC_PRESENTATION_REPRESENTATION (  '', ( #7128 ), #5269 ) ;
#7586 = LINE ( 'NONE', #2971, #4869 ) ;
#7587 = DIRECTION ( 'NONE',  ( -1.000000000000000000, 0.000000000000000000, -0.000000000000000000 ) ) ;
#7588 = PLANE ( 'NONE',  #5771 ) ;
#7589 = EDGE_CURVE ( 'NONE', #3234, #492, #8483, .T. ) ;
#7590 = VERTEX_POINT ( 'NONE', #9206 ) ;
#7591 = SURFACE_STYLE_USAGE ( .BOTH. , #6154 ) ;
#7592 = ORIENTED_EDGE ( 'NONE', *, *, #8572, .T. ) ;
#7593 = LINE ( 'NONE', #6009, #6999 ) ;
#7594 = ORIENTED_EDGE ( 'NONE', *, *, #5265, .F. ) ;
#7595 = ORIENTED_EDGE ( 'NONE', *, *, #1050, .F. ) ;
#7596 = CARTESIAN_POINT ( 'NONE',  ( 1.283280980000000016, 1.060000000000000053, 1.502209738999999988 ) ) ;
#7597 = CARTESIAN_POINT ( 'NONE',  ( 0.5000000000000000000, 1.650056147000000140, -0.5014179090000000505 ) ) ;
#7598 = VECTOR ( 'NONE', #4414, 1000.000000000000114 ) ;
#7599 = DIRECTION ( 'NONE',  ( -1.000000000000000000, 0.000000000000000000, 0.000000000000000000 ) ) ;
#7600 = ORIENTED_EDGE ( 'NONE', *, *, #3791, .F. ) ;
#7601 = CARTESIAN_POINT ( 'NONE',  ( -1.699999999999999956, 1.455783555000000007, -1.600000000000000089 ) ) ;
#7602 = VERTEX_POINT ( 'NONE', #4954 ) ;
#7603 = VECTOR ( 'NONE', #537, 1000.000000000000000 ) ;
#7604 = LINE ( 'NONE', #9048, #2060 ) ;
#7605 = CIRCLE ( 'NONE', #86, 0.2000000000000000944 ) ;
#7606 = PLANE ( 'NONE',  #5927 ) ;
#7607 = CARTESIAN_POINT ( 'NONE',  ( -1.199999999999999956, 1.052467559999999969, 2.149999999999999911 ) ) ;
#7608 = VECTOR ( 'NONE', #5194, 1000.000000000000114 ) ;
#7609 = EDGE_CURVE ( 'NONE', #6541, #4156, #4184, .T. ) ;
#7610 = ADVANCED_FACE ( 'NONE', ( #5545 ), #602, .F. ) ;
#7611 = CARTESIAN_POINT ( 'NONE',  ( 0.1499999999625000191, 0.03999999998249999938, 0.5000000000284999802 ) ) ;
#7612 = CARTESIAN_POINT ( 'NONE',  ( 0.6000000003000000026, 1.060000000265914011, 1.749999999999074962 ) ) ;
#7613 = EDGE_CURVE ( 'NONE', #1908, #803, #6459, .T. ) ;
#7614 = COLOUR_RGB ( '',0.7764705882352941346, 0.7568627450980391913, 0.7372549019607843590 ) ;
#7615 = AXIS2_PLACEMENT_3D ( 'NONE', #3448, #2147, #5627 ) ;
#7616 = ORIENTED_EDGE ( 'NONE', *, *, #192, .T. ) ;
#7617 = CARTESIAN_POINT ( 'NONE',  ( -2.350000000096295061, 0.000000000000000000, -0.5500000000000000444 ) ) ;
#7618 = VECTOR ( 'NONE', #7926, 1000.000000000000000 ) ;
#7619 = LINE ( 'NONE', #8531, #8336 ) ;
#7620 = ORIENTED_EDGE ( 'NONE', *, *, #5738, .F. ) ;
#7621 = CARTESIAN_POINT ( 'NONE',  ( 0.5000000000000000000, 1.060000000000000053, -0.5014179090000000505 ) ) ;
#7622 = EDGE_CURVE ( 'NONE', #3603, #7341, #5589, .T. ) ;
#7623 = DIRECTION ( 'NONE',  ( 0.000000000000000000, 1.000000000000000000, 0.000000000000000000 ) ) ;
#7624 = VECTOR ( 'NONE', #720, 1000.000000000000000 ) ;
#7625 = EDGE_CURVE ( 'NONE', #7268, #1116, #6418, .T. ) ;
#7626 = LINE ( 'NONE', #8447, #5935 ) ;
#7627 = EDGE_CURVE ( 'NONE', #1270, #8957, #7605, .T. ) ;
#7628 = CIRCLE ( 'NONE', #866, 0.2000000000000000944 ) ;
#7629 = PLANE ( 'NONE',  #5647 ) ;
#7630 = ORIENTED_EDGE ( 'NONE', *, *, #7508, .T. ) ;
#7631 = DIRECTION ( 'NONE',  ( 1.000000000000000000, 0.000000000000000000, 0.000000000000000000 ) ) ;
#7632 = VECTOR ( 'NONE', #6462, 1000.000000000000000 ) ;
#7633 = ORIENTED_EDGE ( 'NONE', *, *, #4307, .T. ) ;
#7634 = DIRECTION ( 'NONE',  ( 0.000000000000000000, 0.000000000000000000, 1.000000000000000000 ) ) ;
#7635 =( GEOMETRIC_REPRESENTATION_CONTEXT ( 3 ) GLOBAL_UNCERTAINTY_ASSIGNED_CONTEXT ( ( #1337 ) ) GLOBAL_UNIT_ASSIGNED_CONTEXT ( ( #7814, #4912, #5724 ) ) REPRESENTATION_CONTEXT ( 'NONE', 'WORKASPACE' ) );
#7636 = EDGE_LOOP ( 'NONE', ( #20, #4398, #1977, #3216 ) ) ;
#7637 = DIRECTION ( 'NONE',  ( -1.000000000000000000, 0.000000000000000000, 0.000000000000000000 ) ) ;
#7638 = ORIENTED_EDGE ( 'NONE', *, *, #4071, .T. ) ;
#7639 = CARTESIAN_POINT ( 'NONE',  ( 2.249999999933334660, 0.6038390272459159824, 1.785628019890510121 ) ) ;
#7640 = LINE ( 'NONE', #8850, #7176 ) ;
#7641 = DIRECTION ( 'NONE',  ( -0.000000000000000000, 0.000000000000000000, 1.000000000000000000 ) ) ;
#7642 = CIRCLE ( 'NONE', #5025, 0.09999999922648533657 ) ;
#7643 = CARTESIAN_POINT ( 'NONE',  ( -2.149999999911110127, 1.400056147000000140, -1.499178201304242064 ) ) ;
#7644 = EDGE_CURVE ( 'NONE', #619, #1456, #4675, .T. ) ;
#7645 = VERTEX_POINT ( 'NONE', #7086 ) ;
#7646 = DIRECTION ( 'NONE',  ( 1.000000000000000000, 0.000000000000000000, 0.000000000000000000 ) ) ;
#7647 = ORIENTED_EDGE ( 'NONE', *, *, #7214, .F. ) ;
#7648 = PLANE ( 'NONE',  #4218 ) ;
#7649 = ORIENTED_EDGE ( 'NONE', *, *, #6736, .T. ) ;
#7650 = VECTOR ( 'NONE', #7421, 1000.000000000000000 ) ;
#7651 = EDGE_LOOP ( 'NONE', ( #7183, #4127, #9436, #6451 ) ) ;
#7652 = DIRECTION ( 'NONE',  ( 0.000000000000000000, -1.000000000000000000, 0.000000000000000000 ) ) ;
#7653 = DIRECTION ( 'NONE',  ( 0.000000000000000000, -0.9863939211294419085, 0.1643990035215669998 ) ) ;
#7654 = ADVANCED_FACE ( 'NONE', ( #9294 ), #8580, .F. ) ;
#7655 = DIRECTION ( 'NONE',  ( 0.000000000000000000, 0.000000000000000000, 1.000000000000000000 ) ) ;
#7656 = VECTOR ( 'NONE', #6792, 1000.000000000000000 ) ;
#7657 = VERTEX_POINT ( 'NONE', #4323 ) ;
#7658 = LINE ( 'NONE', #8237, #3910 ) ;
#7659 = ORIENTED_EDGE ( 'NONE', *, *, #5111, .F. ) ;
#7660 = DIRECTION ( 'NONE',  ( 1.000000000000000000, 0.000000000000000000, 0.000000000000000000 ) ) ;
#7661 = LINE ( 'NONE', #3993, #8557 ) ;
#7662 = ORIENTED_EDGE ( 'NONE', *, *, #3498, .T. ) ;
#7663 = LINE ( 'NONE', #7813, #2808 ) ;
#7664 =( NAMED_UNIT ( * ) SI_UNIT ( $, .STERADIAN. ) SOLID_ANGLE_UNIT ( ) );
#7665 = DIRECTION ( 'NONE',  ( -3.041483732678591000E-15, 0.04540765932803041138, 0.9989685402826004035 ) ) ;
#7666 = ORIENTED_EDGE ( 'NONE', *, *, #2373, .F. ) ;
#7667 = CARTESIAN_POINT ( 'NONE',  ( -2.149999999999999911, 1.650056147000000140, 1.408884403999999924 ) ) ;
#7668 = EDGE_CURVE ( 'NONE', #8696, #7556, #7995, .T. ) ;
#7669 = LINE ( 'NONE', #1232, #357 ) ;
#7670 = ORIENTED_EDGE ( 'NONE', *, *, #1626, .T. ) ;
#7671 = CARTESIAN_POINT ( 'NONE',  ( -2.099999999496474867, 0.8800000010346420432, 0.4249999999999999889 ) ) ;
#7672 = CARTESIAN_POINT ( 'NONE',  ( -1.149999999865895850, 0.000000000000000000, 1.599999999888890079 ) ) ;
#7673 = CARTESIAN_POINT ( 'NONE',  ( -2.149999999999999911, 1.140056146948334126, -0.4249999999999999889 ) ) ;
#7674 = DIRECTION ( 'NONE',  ( 0.000000000000000000, 0.000000000000000000, -1.000000000000000000 ) ) ;
#7675 = ORIENTED_EDGE ( 'NONE', *, *, #1128, .F. ) ;
#7676 = DIRECTION ( 'NONE',  ( 1.668003329454595058E-15, -1.000000000000000000, 0.000000000000000000 ) ) ;
#7677 = AXIS2_PLACEMENT_3D ( 'NONE', #2584, #5482, #4755 ) ;
#7678 = EDGE_CURVE ( 'NONE', #5034, #4048, #2366, .T. ) ;
#7679 = ORIENTED_EDGE ( 'NONE', *, *, #6691, .F. ) ;
#7680 = DIRECTION ( 'NONE',  ( 0.000000000000000000, 1.000000000000000000, 0.000000000000000000 ) ) ;
#7681 = EDGE_LOOP ( 'NONE', ( #5315, #6603, #2339, #2210, #6421, #9230, #2760, #718 ) ) ;
#7682 = LINE ( 'NONE', #2616, #3011 ) ;
#7683 = ORIENTED_EDGE ( 'NONE', *, *, #6944, .T. ) ;
#7684 = CARTESIAN_POINT ( 'NONE',  ( -1.275000000000000133, 1.650056147000000140, 1.500000000000000000 ) ) ;
#7685 = CARTESIAN_POINT ( 'NONE',  ( -2.250000000000000000, 1.400056147000000140, -1.499178201304242064 ) ) ;
#7686 = DIRECTION ( 'NONE',  ( 2.168404361743931546E-15, 0.9989685401991768021, 0.04540766116335116787 ) ) ;
#7687 = CARTESIAN_POINT ( 'NONE',  ( 2.149999999999999911, 1.650056147000000140, -1.391115596000000121 ) ) ;
#7688 = ORIENTED_EDGE ( 'NONE', *, *, #5727, .F. ) ;
#7689 = EDGE_CURVE ( 'NONE', #5118, #3016, #5923, .T. ) ;
#7690 = FACE_OUTER_BOUND ( 'NONE', #6431, .T. ) ;
#7691 = ORIENTED_EDGE ( 'NONE', *, *, #5377, .F. ) ;
#7692 = LINE ( 'NONE', #4798, #8063 ) ;
#7693 = ORIENTED_EDGE ( 'NONE', *, *, #6575, .T. ) ;
#7694 = ORIENTED_EDGE ( 'NONE', *, *, #7124, .T. ) ;
#7695 = PRESENTATION_LAYER_ASSIGNMENT (  '', '', ( #3532 ) ) ;
#7696 = LINE ( 'NONE', #3496, #2225 ) ;
#7697 = LINE ( 'NONE', #1113, #8451 ) ;
#7698 = EDGE_CURVE ( 'NONE', #3414, #7358, #7323, .T. ) ;
#7699 = FACE_OUTER_BOUND ( 'NONE', #5224, .T. ) ;
#7700 = CARTESIAN_POINT ( 'NONE',  ( 1.149999999999999911, 0.000000000000000000, -1.750000000000000000 ) ) ;
#7701 = ORIENTED_EDGE ( 'NONE', *, *, #2090, .F. ) ;
#7702 = FACE_BOUND ( 'NONE', #2149, .T. ) ;
#7703 = ORIENTED_EDGE ( 'NONE', *, *, #1480, .F. ) ;
#7704 = LINE ( 'NONE', #4177, #3135 ) ;
#7705 = LINE ( 'NONE', #5581, #1698 ) ;
#7706 = VERTEX_POINT ( 'NONE', #8803 ) ;
#7707 = DIRECTION ( 'NONE',  ( -0.000000000000000000, 1.000000000000000000, 0.000000000000000000 ) ) ;
#7708 = LINE ( 'NONE', #7612, #4100 ) ;
#7709 = ADVANCED_FACE ( 'NONE', ( #3741 ), #9483, .F. ) ;
#7710 = EDGE_LOOP ( 'NONE', ( #8515, #6876, #5837, #7558 ) ) ;
#7711 = DIRECTION ( 'NONE',  ( 0.000000000000000000, 0.000000000000000000, -1.000000000000000000 ) ) ;
#7712 = ADVANCED_FACE ( 'NONE', ( #2884 ), #6697, .T. ) ;
#7713 = DIRECTION ( 'NONE',  ( 0.000000000000000000, 0.04540765932803051547, -0.9989685402826004035 ) ) ;
#7714 = ORIENTED_EDGE ( 'NONE', *, *, #7080, .F. ) ;
#7715 = CARTESIAN_POINT ( 'NONE',  ( -1.750000000120085053, 0.03000000010999999758, -0.5999999994999999364 ) ) ;
#7716 = DIRECTION ( 'NONE',  ( 0.000000000000000000, 9.166665094085399879E-12, 1.000000000000000000 ) ) ;
#7717 = LINE ( 'NONE', #7093, #4486 ) ;
#7718 = DIRECTION ( 'NONE',  ( 0.000000000000000000, 0.9989685401991766911, 0.04540766116335259728 ) ) ;
#7719 = CARTESIAN_POINT ( 'NONE',  ( -1.324999999999999956, 1.644835935272310090, 1.550000000000000044 ) ) ;
#7720 = VERTEX_POINT ( 'NONE', #780 ) ;
#7721 = CARTESIAN_POINT ( 'NONE',  ( 1.699999999600005030, 0.9125280668681019502, -1.750000000127529987 ) ) ;
#7722 = AXIS2_PLACEMENT_3D ( 'NONE', #7542, #949, #8270 ) ;
#7723 = LINE ( 'NONE', #2466, #5281 ) ;
#7724 = EDGE_LOOP ( 'NONE', ( #2400, #6120, #2278, #2790 ) ) ;
#7725 = SURFACE_SIDE_STYLE ('',( #7100 ) ) ;
#7726 = ORIENTED_EDGE ( 'NONE', *, *, #1173, .F. ) ;
#7727 = CARTESIAN_POINT ( 'NONE',  ( -1.700000000953369783, 1.500000000000000000, -1.600000000000000089 ) ) ;
#7728 = DIRECTION ( 'NONE',  ( 0.000000000000000000, -1.000000000000000000, 0.000000000000000000 ) ) ;
#7729 = FACE_OUTER_BOUND ( 'NONE', #193, .T. ) ;
#7730 = EDGE_CURVE ( 'NONE', #4592, #6517, #7412, .T. ) ;
#7731 = ADVANCED_FACE ( 'NONE', ( #4282 ), #8756, .T. ) ;
#7732 = VECTOR ( 'NONE', #6127, 1000.000000000000000 ) ;
#7733 = DIRECTION ( 'NONE',  ( 0.000000000000000000, 0.000000000000000000, 1.000000000000000000 ) ) ;
#7734 = VERTEX_POINT ( 'NONE', #2263 ) ;
#7735 = LINE ( 'NONE', #9227, #9142 ) ;
#7736 = EDGE_LOOP ( 'NONE', ( #2069, #4033, #3341, #7994 ) ) ;
#7737 = DIRECTION ( 'NONE',  ( 0.000000000000000000, 0.1643989873053569861, 0.9863939238321438596 ) ) ;
#7738 = VECTOR ( 'NONE', #7518, 1000.000000000000000 ) ;
#7739 = ORIENTED_EDGE ( 'NONE', *, *, #9397, .T. ) ;
#7740 = ORIENTED_EDGE ( 'NONE', *, *, #3753, .F. ) ;
#7741 = PLANE ( 'NONE',  #700 ) ;
#7742 = CARTESIAN_POINT ( 'NONE',  ( 0.4999999996666670277, 1.147467559843081908, -1.618181820771174895 ) ) ;
#7743 = EDGE_CURVE ( 'NONE', #6588, #9080, #5602, .T. ) ;
#7744 = LINE ( 'NONE', #1867, #2351 ) ;
#7745 = EDGE_CURVE ( 'NONE', #461, #6991, #4373, .T. ) ;
#7746 = DIRECTION ( 'NONE',  ( 0.000000000000000000, -0.9863939235519166848, 0.1643989889867194520 ) ) ;
#7747 = VECTOR ( 'NONE', #8126, 1000.000000000000000 ) ;
#7748 = VERTEX_POINT ( 'NONE', #6504 ) ;
#7749 = DIRECTION ( 'NONE',  ( 0.000000000000000000, -0.04540765932803111915, -0.9989685402826005145 ) ) ;
#7750 = ORIENTED_EDGE ( 'NONE', *, *, #8691, .T. ) ;
#7751 = LINE ( 'NONE', #9283, #8676 ) ;
#7752 = CARTESIAN_POINT ( 'NONE',  ( -0.5000000000000000000, 0.000000000000000000, 0.5999999999999999778 ) ) ;
#7753 = VECTOR ( 'NONE', #1048, 1000.000000000000000 ) ;
#7754 =( NAMED_UNIT ( * ) SI_UNIT ( $, .STERADIAN. ) SOLID_ANGLE_UNIT ( ) );
#7755 = VERTEX_POINT ( 'NONE', #7956 ) ;
#7756 = SURFACE_STYLE_FILL_AREA ( #1877 ) ;
#7757 = SURFACE_SIDE_STYLE ('',( #4815 ) ) ;
#7758 = DIRECTION ( 'NONE',  ( 0.000000000000000000, 0.000000000000000000, 1.000000000000000000 ) ) ;
#7759 = AXIS2_PLACEMENT_3D ( 'NONE', #4907, #1305, #3404 ) ;
#7760 = AXIS2_PLACEMENT_3D ( 'NONE', #1406, #61, #6555 ) ;
#7761 = EDGE_LOOP ( 'NONE', ( #8083, #5286, #7432, #5731, #1717, #1111, #8155, #631, #255 ) ) ;
#7762 = VECTOR ( 'NONE', #2224, 1000.000000000000000 ) ;
#7763 = DIRECTION ( 'NONE',  ( 1.000000000000000000, 0.000000000000000000, 0.000000000000000000 ) ) ;
#7764 = PRESENTATION_LAYER_ASSIGNMENT (  '', '', ( #2369 ) ) ;
#7765 = CARTESIAN_POINT ( 'NONE',  ( 1.424999999226485903, 0.4974675599999999753, 1.647727273000000103 ) ) ;
#7766 = ORIENTED_EDGE ( 'NONE', *, *, #7335, .T. ) ;
#7767 = CARTESIAN_POINT ( 'NONE',  ( 1.149999999740597856, 1.445602896647340149E-16, 1.599999999833334963 ) ) ;
#7768 = VECTOR ( 'NONE', #6737, 1000.000000000000000 ) ;
#7769 = DIRECTION ( 'NONE',  ( 0.000000000000000000, -0.8660254037844383745, 0.5000000000000003331 ) ) ;
#7770 = CARTESIAN_POINT ( 'NONE',  ( 1.700000000093284891, -6.776263578034400401E-18, -1.600000000000000089 ) ) ;
#7771 = PRESENTATION_LAYER_ASSIGNMENT (  '', '', ( #1761 ) ) ;
#7772 = EDGE_CURVE ( 'NONE', #272, #8029, #8665, .T. ) ;
#7773 = LINE ( 'NONE', #1137, #2407 ) ;
#7774 = COLOUR_RGB ( '',0.7764705882352941346, 0.7568627450980391913, 0.7372549019607843590 ) ;
#7775 = ADVANCED_FACE ( 'NONE', ( #6602 ), #2836, .T. ) ;
#7776 = VECTOR ( 'NONE', #1471, 1000.000000000000000 ) ;
#7777 = ORIENTED_EDGE ( 'NONE', *, *, #1680, .F. ) ;
#7778 = CARTESIAN_POINT ( 'NONE',  ( -0.4999999996749999731, 0.000000000000000000, 0.5999999992499999157 ) ) ;
#7779 = VECTOR ( 'NONE', #5178, 1000.000000000000000 ) ;
#7780 = CIRCLE ( 'NONE', #3616, 0.09999999992500079038 ) ;
#7781 = ORIENTED_EDGE ( 'NONE', *, *, #5200, .T. ) ;
#7782 = CARTESIAN_POINT ( 'NONE',  ( -2.350000000096295061, 0.000000000000000000, 1.449999999924096006 ) ) ;
#7783 = VECTOR ( 'NONE', #4150, 1000.000000000000000 ) ;
#7784 = ORIENTED_EDGE ( 'NONE', *, *, #8427, .F. ) ;
#7785 = FILL_AREA_STYLE ('',( #5559 ) ) ;
#7786 = DIRECTION ( 'NONE',  ( 1.000000000000000000, 0.000000000000000000, 0.000000000000000000 ) ) ;
#7787 = DIRECTION ( 'NONE',  ( 0.000000000000000000, -0.6427876093385629375, -0.7660444434109650036 ) ) ;
#7788 = EDGE_CURVE ( 'NONE', #8628, #74, #8329, .T. ) ;
#7789 = EDGE_LOOP ( 'NONE', ( #1721, #1630, #5091, #7666, #6184, #6131 ) ) ;
#7790 = FACE_OUTER_BOUND ( 'NONE', #8815, .T. ) ;
#7791 = VERTEX_POINT ( 'NONE', #5338 ) ;
#7792 = EDGE_CURVE ( 'NONE', #2183, #7566, #4608, .T. ) ;
#7793 = LINE ( 'NONE', #1208, #850 ) ;
#7794 = EDGE_CURVE ( 'NONE', #8462, #7795, #5140, .T. ) ;
#7795 = VERTEX_POINT ( 'NONE', #7557 ) ;
#7796 = VECTOR ( 'NONE', #7572, 1000.000000000000114 ) ;
#7797 = ORIENTED_EDGE ( 'NONE', *, *, #2153, .T. ) ;
#7798 = FACE_OUTER_BOUND ( 'NONE', #9454, .T. ) ;
#7799 = SURFACE_STYLE_FILL_AREA ( #1772 ) ;
#7800 = VECTOR ( 'NONE', #458, 1000.000000000000000 ) ;
#7801 = CARTESIAN_POINT ( 'NONE',  ( -1.149999999497689940, 0.000000000000000000, -1.750000000000000000 ) ) ;
#7802 = CARTESIAN_POINT ( 'NONE',  ( 1.449999999999999956, 1.500000000000000000, -1.600000000000000089 ) ) ;
#7803 = ORIENTED_EDGE ( 'NONE', *, *, #5201, .F. ) ;
#7804 = DIRECTION ( 'NONE',  ( 0.000000000000000000, 0.000000000000000000, -1.000000000000000000 ) ) ;
#7805 = VECTOR ( 'NONE', #3048, 1000.000000000000000 ) ;
#7806 = EDGE_LOOP ( 'NONE', ( #7244, #28, #8115, #4238, #8474, #8027, #6914, #4162 ) ) ;
#7807 = ADVANCED_FACE ( 'NONE', ( #307 ), #1684, .T. ) ;
#7808 = CARTESIAN_POINT ( 'NONE',  ( -1.700000000007420020, 0.8901360609726319817, 1.751643989899450027 ) ) ;
#7809 = EDGE_CURVE ( 'NONE', #3263, #712, #2304, .T. ) ;
#7810 = LINE ( 'NONE', #3455, #6264 ) ;
#7811 = LINE ( 'NONE', #408, #3533 ) ;
#7812 = ORIENTED_EDGE ( 'NONE', *, *, #7182, .F. ) ;
#7813 = CARTESIAN_POINT ( 'NONE',  ( 1.699999999999999956, 1.676406465976994831, 1.498151679042531992 ) ) ;
#7814 =( LENGTH_UNIT ( ) NAMED_UNIT ( * ) SI_UNIT ( .MILLI., .METRE. ) );
#7815 = AXIS2_PLACEMENT_3D ( 'NONE', #1179, #3223, #459 ) ;
#7816 = EDGE_LOOP ( 'NONE', ( #6520, #8364, #289, #7934 ) ) ;
#7817 = DIRECTION ( 'NONE',  ( -1.084202180871964984E-15, 0.000000000000000000, 1.000000000000000000 ) ) ;
#7818 = LINE ( 'NONE', #4002, #2941 ) ;
#7819 = ORIENTED_EDGE ( 'NONE', *, *, #9211, .F. ) ;
#7820 = LINE ( 'NONE', #9300, #9011 ) ;
#7821 = DIRECTION ( 'NONE',  ( -1.000000000000000000, 0.000000000000000000, 0.000000000000000000 ) ) ;
#7822 = CARTESIAN_POINT ( 'NONE',  ( -1.750000000120085053, 0.03000000011000014677, 0.5999999999999999778 ) ) ;
#7823 = ADVANCED_FACE ( 'NONE', ( #879 ), #6064, .F. ) ;
#7824 = LINE ( 'NONE', #4734, #1502 ) ;
#7825 = VERTEX_POINT ( 'NONE', #2489 ) ;
#7826 = DIRECTION ( 'NONE',  ( 0.000000000000000000, 0.000000000000000000, 1.000000000000000000 ) ) ;
#7827 = EDGE_LOOP ( 'NONE', ( #6008, #3274, #6258 ) ) ;
#7828 = ADVANCED_FACE ( 'NONE', ( #5430 ), #3990, .T. ) ;
#7829 = PLANE ( 'NONE',  #1028 ) ;
#7830 = VERTEX_POINT ( 'NONE', #4714 ) ;
#7831 = LINE ( 'NONE', #4065, #1929 ) ;
#7832 = CARTESIAN_POINT ( 'NONE',  ( -0.2000000007735149854, 1.547467560000000075, 2.250000000000000000 ) ) ;
#7833 = LINE ( 'NONE', #1902, #8238 ) ;
#7834 = VECTOR ( 'NONE', #487, 1000.000000000000000 ) ;
#7835 = EDGE_CURVE ( 'NONE', #5136, #2623, #7658, .T. ) ;
#7836 = ORIENTED_EDGE ( 'NONE', *, *, #3254, .T. ) ;
#7837 = CARTESIAN_POINT ( 'NONE',  ( -2.299999999999999822, 1.650056147000000140, 1.408884403999999924 ) ) ;
#7838 = ORIENTED_EDGE ( 'NONE', *, *, #2091, .F. ) ;
#7839 =( LENGTH_UNIT ( ) NAMED_UNIT ( * ) SI_UNIT ( .MILLI., .METRE. ) );
#7840 = EDGE_CURVE ( 'NONE', #9071, #1268, #1068, .T. ) ;
#7841 = ORIENTED_EDGE ( 'NONE', *, *, #2376, .T. ) ;
#7842 = DIRECTION ( 'NONE',  ( 0.000000000000000000, -1.000000000000000000, 0.000000000000000000 ) ) ;
#7843 = CARTESIAN_POINT ( 'NONE',  ( -2.350000000000000089, 1.500000000000000000, 0.4249999999999999889 ) ) ;
#7844 = FILL_AREA_STYLE_COLOUR ( '', #659 ) ;
#7845 = FACE_OUTER_BOUND ( 'NONE', #981, .T. ) ;
#7846 = ORIENTED_EDGE ( 'NONE', *, *, #7045, .T. ) ;
#7847 = DIRECTION ( 'NONE',  ( 0.000000000000000000, 1.000000000000000000, 0.000000000000000000 ) ) ;
#7848 = ORIENTED_EDGE ( 'NONE', *, *, #8197, .T. ) ;
#7849 = MECHANICAL_DESIGN_GEOMETRIC_PRESENTATION_REPRESENTATION (  '', ( #3532 ), #2303 ) ;
#7850 = LINE ( 'NONE', #404, #5900 ) ;
#7851 = DIRECTION ( 'NONE',  ( 0.000000000000000000, 1.000000000000000000, 0.000000000000000000 ) ) ;
#7852 = CARTESIAN_POINT ( 'NONE',  ( -0.5999999999999999778, 1.547467560300000100, 2.250000000000000000 ) ) ;
#7853 = LINE ( 'NONE', #4766, #530 ) ;
#7854 = LINE ( 'NONE', #1448, #7157 ) ;
#7855 = EDGE_CURVE ( 'NONE', #1062, #5156, #6934, .T. ) ;
#7856 = VECTOR ( 'NONE', #8796, 1000.000000000000000 ) ;
#7857 = ORIENTED_EDGE ( 'NONE', *, *, #2651, .T. ) ;
#7858 = DIRECTION ( 'NONE',  ( 0.000000000000000000, 1.000000000000000000, 0.000000000000000000 ) ) ;
#7859 = VERTEX_POINT ( 'NONE', #7513 ) ;
#7860 = CARTESIAN_POINT ( 'NONE',  ( -1.799999999887499813, 0.04000000009687500885, -0.5000000000027500224 ) ) ;
#7861 = ORIENTED_EDGE ( 'NONE', *, *, #2588, .F. ) ;
#7862 = CARTESIAN_POINT ( 'NONE',  ( -2.350000000000000089, 0.8500000010991419774, -1.449999999767855874 ) ) ;
#7863 = CARTESIAN_POINT ( 'NONE',  ( -2.250000000000000000, 0.8838579186182939917, 1.713974859956479913 ) ) ;
#7864 = CARTESIAN_POINT ( 'NONE',  ( 0.6000000003000000026, 1.060000000265914011, 1.749999999999074962 ) ) ;
#7865 = EDGE_CURVE ( 'NONE', #8163, #841, #5973, .T. ) ;
#7866 = CARTESIAN_POINT ( 'NONE',  ( -2.250000000000000000, 0.8838579186182939917, 1.713974859956479913 ) ) ;
#7867 = EDGE_CURVE ( 'NONE', #7706, #4267, #8473, .T. ) ;
#7868 = ORIENTED_EDGE ( 'NONE', *, *, #8452, .T. ) ;
#7869 = DIRECTION ( 'NONE',  ( 0.7071067811865505703, 8.584845956361491532E-17, 0.7071067811865444641 ) ) ;
#7870 = ORIENTED_EDGE ( 'NONE', *, *, #4458, .F. ) ;
#7871 = FACE_OUTER_BOUND ( 'NONE', #3314, .T. ) ;
#7872 = VERTEX_POINT ( 'NONE', #493 ) ;
#7873 = CARTESIAN_POINT ( 'NONE',  ( -2.150000000773514941, 0.5039421739999999650, -1.790168786000000178 ) ) ;
#7874 = CARTESIAN_POINT ( 'NONE',  ( 2.350000000096295061, 0.000000000000000000, -0.5500000000000000444 ) ) ;
#7875 = MECHANICAL_DESIGN_GEOMETRIC_PRESENTATION_REPRESENTATION (  '', ( #1273 ), #3012 ) ;
#7876 = ORIENTED_EDGE ( 'NONE', *, *, #491, .F. ) ;
#7877 = CARTESIAN_POINT ( 'NONE',  ( 0.5106971450000000745, 1.650056147000000140, -0.6250000000000000000 ) ) ;
#7878 = ORIENTED_EDGE ( 'NONE', *, *, #5959, .T. ) ;
#7879 = VERTEX_POINT ( 'NONE', #9281 ) ;
#7880 = LINE ( 'NONE', #6973, #1608 ) ;
#7881 = VECTOR ( 'NONE', #3893, 1000.000000000000114 ) ;
#7882 = CYLINDRICAL_SURFACE ( 'NONE', #2599, 0.09999999922648550310 ) ;
#7883 = LINE ( 'NONE', #5041, #1727 ) ;
#7884 = EDGE_CURVE ( 'NONE', #5828, #1233, #9446, .T. ) ;
#7885 = LINE ( 'NONE', #5761, #2691 ) ;
#7886 = EDGE_CURVE ( 'NONE', #2968, #5442, #2013, .T. ) ;
#7887 = ORIENTED_EDGE ( 'NONE', *, *, #8728, .T. ) ;
#7888 = AXIS2_PLACEMENT_3D ( 'NONE', #2256, #3066, #4461 ) ;
#7889 = FACE_OUTER_BOUND ( 'NONE', #8056, .T. ) ;
#7890 = ORIENTED_EDGE ( 'NONE', *, *, #8607, .T. ) ;
#7891 = CARTESIAN_POINT ( 'NONE',  ( 2.350000000000000089, 1.500000000000000000, -0.4249999999999999889 ) ) ;
#7892 = LINE ( 'NONE', #6179, #7298 ) ;
#7893 = LINE ( 'NONE', #5635, #4929 ) ;
#7894 = SURFACE_SIDE_STYLE ('',( #598 ) ) ;
#7895 = LINE ( 'NONE', #4320, #3475 ) ;
#7896 = COLOUR_RGB ( '',0.7764705882352941346, 0.7568627450980391913, 0.7372549019607843590 ) ;
#7897 = CARTESIAN_POINT ( 'NONE',  ( 0.1499999999625000191, 0.2000000001076404910, 0.2000000000000000111 ) ) ;
#7898 = ORIENTED_EDGE ( 'NONE', *, *, #5211, .F. ) ;
#7899 = LINE ( 'NONE', #503, #8067 ) ;
#7900 = ADVANCED_FACE ( 'NONE', ( #7702, #7889 ), #4904, .T. ) ;
#7901 = ORIENTED_EDGE ( 'NONE', *, *, #6371, .T. ) ;
#7902 = LINE ( 'NONE', #4242, #6521 ) ;
#7903 = CARTESIAN_POINT ( 'NONE',  ( 1.275000000000000133, 1.650056147000000140, 1.500000000000000000 ) ) ;
#7904 = ORIENTED_EDGE ( 'NONE', *, *, #6766, .T. ) ;
#7905 = ADVANCED_FACE ( 'NONE', ( #6351 ), #7072, .T. ) ;
#7906 = EDGE_CURVE ( 'NONE', #7099, #2591, #6266, .T. ) ;
#7907 = EDGE_CURVE ( 'NONE', #7859, #4010, #9337, .T. ) ;
#7908 = CARTESIAN_POINT ( 'NONE',  ( 1.324999999999999956, 1.060000000123130004, 1.599999999948930052 ) ) ;
#7909 = LINE ( 'NONE', #5061, #2801 ) ;
#7910 = DIRECTION ( 'NONE',  ( -1.000000000000000000, 0.000000000000000000, 0.000000000000000000 ) ) ;
#7911 = CARTESIAN_POINT ( 'NONE',  ( -1.324999999999999956, 1.060000000000000053, 1.600000000000000089 ) ) ;
#7912 = AXIS2_PLACEMENT_3D ( 'NONE', #2478, #8175, #7503 ) ;
#7913 = VECTOR ( 'NONE', #2542, 1000.000000000000114 ) ;
#7914 = VECTOR ( 'NONE', #471, 1000.000000000000000 ) ;
#7915 = VERTEX_POINT ( 'NONE', #4088 ) ;
#7916 = CARTESIAN_POINT ( 'NONE',  ( 1.959807621866025196, 0.000000000000000000, 1.449999999791665939 ) ) ;
#7917 = AXIS2_PLACEMENT_3D ( 'NONE', #3905, #8398, #8446 ) ;
#7918 = EDGE_CURVE ( 'NONE', #4653, #5479, #7172, .T. ) ;
#7919 = AXIS2_PLACEMENT_3D ( 'NONE', #3305, #8422, #7111 ) ;
#7920 = ORIENTED_EDGE ( 'NONE', *, *, #6057, .T. ) ;
#7921 = EDGE_CURVE ( 'NONE', #8778, #6438, #7120, .T. ) ;
#7922 = AXIS2_PLACEMENT_3D ( 'NONE', #4022, #439, #5614 ) ;
#7923 = EDGE_CURVE ( 'NONE', #5882, #4014, #2735, .T. ) ;
#7924 = LINE ( 'NONE', #5168, #2096 ) ;
#7925 = ORIENTED_EDGE ( 'NONE', *, *, #6020, .T. ) ;
#7926 = DIRECTION ( 'NONE',  ( -1.000000000000000000, 0.000000000000000000, 0.000000000000000000 ) ) ;
#7927 = AXIS2_PLACEMENT_3D ( 'NONE', #4632, #3200, #5227 ) ;
#7928 = LINE ( 'NONE', #2181, #4406 ) ;
#7929 = VECTOR ( 'NONE', #1346, 1000.000000000000114 ) ;
#7930 = VECTOR ( 'NONE', #3885, 1000.000000000000000 ) ;
#7931 = EDGE_LOOP ( 'NONE', ( #7887, #7110, #6685, #5565, #227 ) ) ;
#7932 = CARTESIAN_POINT ( 'NONE',  ( 0.6500000007735150520, 1.650056147000000140, -0.5800000007735149898 ) ) ;
#7933 = VECTOR ( 'NONE', #8298, 1000.000000000000114 ) ;
#7934 = ORIENTED_EDGE ( 'NONE', *, *, #1512, .F. ) ;
#7935 = ORIENTED_EDGE ( 'NONE', *, *, #9397, .F. ) ;
#7936 = DIRECTION ( 'NONE',  ( 0.000000000000000000, -1.000000000000000000, 0.000000000000000000 ) ) ;
#7937 = DIRECTION ( 'NONE',  ( 1.000000000000000000, 0.000000000000000000, 0.000000000000000000 ) ) ;
#7938 = CARTESIAN_POINT ( 'NONE',  ( 1.449999999999999956, 1.500000000000000000, -1.475774862966304113 ) ) ;
#7939 = EDGE_CURVE ( 'NONE', #2188, #2964, #2632, .T. ) ;
#7940 = VECTOR ( 'NONE', #2310, 1000.000000000000114 ) ;
#7941 = DIRECTION ( 'NONE',  ( -1.000000000000000000, 0.000000000000000000, 0.000000000000000000 ) ) ;
#7942 = EDGE_LOOP ( 'NONE', ( #1745, #738, #2617, #1106 ) ) ;
#7943 = FACE_OUTER_BOUND ( 'NONE', #5798, .T. ) ;
#7944 = VECTOR ( 'NONE', #3623, 1000.000000000000000 ) ;
#7945 = ORIENTED_EDGE ( 'NONE', *, *, #6487, .T. ) ;
#7946 = DIRECTION ( 'NONE',  ( 0.000000000000000000, 0.000000000000000000, -1.000000000000000000 ) ) ;
#7947 = AXIS2_PLACEMENT_3D ( 'NONE', #6917, #9120, #2524 ) ;
#7948 = CARTESIAN_POINT ( 'NONE',  ( -2.149999999911110127, 1.690056146999999953, -1.574026653644445162 ) ) ;
#7949 = EDGE_CURVE ( 'NONE', #6590, #4697, #8611, .T. ) ;
#7950 = DIRECTION ( 'NONE',  ( 0.000000000000000000, -1.225494476878561957E-16, -1.000000000000000000 ) ) ;
#7951 = SURFACE_SIDE_STYLE ('',( #5097 ) ) ;
#7952 = VECTOR ( 'NONE', #4492, 1000.000000000000000 ) ;
#7953 = CARTESIAN_POINT ( 'NONE',  ( 2.350000000000000089, 1.500000000000000000, 1.599999999661140038 ) ) ;
#7954 = VECTOR ( 'NONE', #4622, 1000.000000000000000 ) ;
#7955 = VERTEX_POINT ( 'NONE', #8566 ) ;
#7956 = CARTESIAN_POINT ( 'NONE',  ( 1.700000000199999750, 1.638588553873890019, -1.574026654000000081 ) ) ;
#7957 = ORIENTED_EDGE ( 'NONE', *, *, #3266, .T. ) ;
#7958 = DIRECTION ( 'NONE',  ( 0.000000000000000000, -0.04540765932803051547, 0.9989685402826004035 ) ) ;
#7959 = VERTEX_POINT ( 'NONE', #9139 ) ;
#7960 = CARTESIAN_POINT ( 'NONE',  ( 1.700000000505180076, 2.168404344971009854E-16, 1.600000000000000089 ) ) ;
#7961 = MECHANICAL_DESIGN_GEOMETRIC_PRESENTATION_REPRESENTATION (  '', ( #9492 ), #3489 ) ;
#7962 = LINE ( 'NONE', #1324, #4336 ) ;
#7963 = DIRECTION ( 'NONE',  ( 0.5051459334915812116, 0.1418819091882530248, -0.8512914364199932749 ) ) ;
#7964 = DIRECTION ( 'NONE',  ( -0.000000000000000000, 1.000000000000000000, 0.000000000000000000 ) ) ;
#7965 = EDGE_CURVE ( 'NONE', #4639, #461, #1827, .T. ) ;
#7966 = ORIENTED_EDGE ( 'NONE', *, *, #4862, .T. ) ;
#7967 = CARTESIAN_POINT ( 'NONE',  ( -1.149999999497689940, 0.000000000000000000, -1.750000000000000000 ) ) ;
#7968 = ORIENTED_EDGE ( 'NONE', *, *, #9214, .F. ) ;
#7969 = CARTESIAN_POINT ( 'NONE',  ( 2.575841710426994613, 0.5999999999999999778, -1.149999999999999911 ) ) ;
#7970 = EDGE_LOOP ( 'NONE', ( #8100, #6155, #2883, #498 ) ) ;
#7971 = UNCERTAINTY_MEASURE_WITH_UNIT (LENGTH_MEASURE( 1.000000000000000082E-05 ), #8740, 'distance_accuracy_value', 'NONE');
#7972 = CARTESIAN_POINT ( 'NONE',  ( -0.1500000000374999976, 0.2000000001036094932, -0.2000000000000000111 ) ) ;
#7973 = CARTESIAN_POINT ( 'NONE',  ( 1.449999999226485814, 0.4974675600041260082, -1.647727273090760169 ) ) ;
#7974 = EDGE_CURVE ( 'NONE', #4021, #5663, #5488, .T. ) ;
#7975 = ORIENTED_EDGE ( 'NONE', *, *, #5200, .F. ) ;
#7976 = CARTESIAN_POINT ( 'NONE',  ( -2.250000000000000000, 0.4974675599999999753, -1.647727273000000103 ) ) ;
#7977 = ORIENTED_EDGE ( 'NONE', *, *, #6077, .F. ) ;
#7978 = VERTEX_POINT ( 'NONE', #1168 ) ;
#7979 = CARTESIAN_POINT ( 'NONE',  ( -1.300000000000000044, 0.2474675600000000031, 2.150000000124999922 ) ) ;
#7980 = CARTESIAN_POINT ( 'NONE',  ( -2.149999999496474690, 1.690056146948334836, -0.3999999999508210280 ) ) ;
#7981 = DIRECTION ( 'NONE',  ( -0.000000000000000000, 1.000000000000000000, 0.000000000000000000 ) ) ;
#7982 = FACE_OUTER_BOUND ( 'NONE', #2577, .T. ) ;
#7983 = EDGE_CURVE ( 'NONE', #482, #584, #6977, .T. ) ;
#7984 = VERTEX_POINT ( 'NONE', #8516 ) ;
#7985 = CARTESIAN_POINT ( 'NONE',  ( -1.350000000000000089, 1.153942173999999987, -1.760623330999999903 ) ) ;
#7986 = AXIS2_PLACEMENT_3D ( 'NONE', #6651, #9002, #5291 ) ;
#7987 = EDGE_LOOP ( 'NONE', ( #1864, #5700, #3842, #267 ) ) ;
#7988 = LINE ( 'NONE', #8705, #8818 ) ;
#7989 = EDGE_CURVE ( 'NONE', #74, #8029, #6307, .T. ) ;
#7990 = CARTESIAN_POINT ( 'NONE',  ( 0.1499999999625000191, 0.2000000001012239847, -0.5000000000011000090 ) ) ;
#7991 = DIRECTION ( 'NONE',  ( 0.000000000000000000, -1.000000000000000000, 7.228014483236699908E-15 ) ) ;
#7992 = LINE ( 'NONE', #2744, #1290 ) ;
#7993 = CARTESIAN_POINT ( 'NONE',  ( 1.149999999999999911, 1.052467559719999946, 1.600000000000000089 ) ) ;
#7994 = ORIENTED_EDGE ( 'NONE', *, *, #8591, .F. ) ;
#7995 = LINE ( 'NONE', #3604, #3744 ) ;
#7996 = ORIENTED_EDGE ( 'NONE', *, *, #285, .T. ) ;
#7997 = LINE ( 'NONE', #3557, #7140 ) ;
#7998 = DIRECTION ( 'NONE',  ( -1.000000000000000000, 0.000000000000000000, 0.000000000000000000 ) ) ;
#7999 = ORIENTED_EDGE ( 'NONE', *, *, #3254, .F. ) ;
#8000 = FACE_OUTER_BOUND ( 'NONE', #4539, .T. ) ;
#8001 = CARTESIAN_POINT ( 'NONE',  ( 1.700000000199999750, 1.502594440744525084, -1.574026654000000081 ) ) ;
#8002 = LINE ( 'NONE', #4964, #3005 ) ;
#8003 = VECTOR ( 'NONE', #1263, 1000.000000000000000 ) ;
#8004 = DIRECTION ( 'NONE',  ( 0.000000000000000000, 0.04540765932803051547, -0.9989685402826004035 ) ) ;
#8005 = EDGE_CURVE ( 'NONE', #6508, #3869, #2824, .T. ) ;
#8006 = PLANE ( 'NONE',  #4853 ) ;
#8007 = VERTEX_POINT ( 'NONE', #1489 ) ;
#8008 = EDGE_CURVE ( 'NONE', #8911, #6652, #5044, .T. ) ;
#8009 = CARTESIAN_POINT ( 'NONE',  ( 1.275000000037500136, 0.5950280735000669230, -0.2000000000000000111 ) ) ;
#8010 = ORIENTED_EDGE ( 'NONE', *, *, #4305, .F. ) ;
#8011 = DIRECTION ( 'NONE',  ( -1.000000000000000000, 0.000000000000000000, 0.000000000000000000 ) ) ;
#8012 = VERTEX_POINT ( 'NONE', #2871 ) ;
#8013 = CARTESIAN_POINT ( 'NONE',  ( 2.575841710426994613, 0.5999999999999999778, 0.5500000000000000444 ) ) ;
#8014 = LINE ( 'NONE', #5946, #7954 ) ;
#8015 = ORIENTED_EDGE ( 'NONE', *, *, #6385, .F. ) ;
#8016 = DIRECTION ( 'NONE',  ( 1.215290246266205980E-12, -1.000000000000000000, 9.166665094085399879E-12 ) ) ;
#8017 = VERTEX_POINT ( 'NONE', #1396 ) ;
#8018 = CARTESIAN_POINT ( 'NONE',  ( -2.350000000096295061, 0.000000000000000000, 0.5500000000000000444 ) ) ;
#8019 = ORIENTED_EDGE ( 'NONE', *, *, #2788, .F. ) ;
#8020 = EDGE_CURVE ( 'NONE', #8421, #8757, #768, .T. ) ;
#8021 = CYLINDRICAL_SURFACE ( 'NONE', #1775, 0.09999999922648554473 ) ;
#8022 = VECTOR ( 'NONE', #5591, 1000.000000000000000 ) ;
#8023 = EDGE_CURVE ( 'NONE', #4483, #8869, #5135, .T. ) ;
#8024 = LINE ( 'NONE', #2866, #7834 ) ;
#8025 = DIRECTION ( 'NONE',  ( 1.000000000000000000, 0.000000000000000000, 0.000000000000000000 ) ) ;
#8026 = LINE ( 'NONE', #8564, #3457 ) ;
#8027 = ORIENTED_EDGE ( 'NONE', *, *, #7589, .T. ) ;
#8028 = DIRECTION ( 'NONE',  ( 0.000000000000000000, -1.000000000000000000, 0.000000000000000000 ) ) ;
#8029 = VERTEX_POINT ( 'NONE', #1355 ) ;
#8030 = FACE_OUTER_BOUND ( 'NONE', #1043, .T. ) ;
#8031 = AXIS2_PLACEMENT_3D ( 'NONE', #4671, #3187, #7623 ) ;
#8032 = ADVANCED_FACE ( 'NONE', ( #4356 ), #9471, .F. ) ;
#8033 = ORIENTED_EDGE ( 'NONE', *, *, #1333, .T. ) ;
#8034 = DIRECTION ( 'NONE',  ( 1.000000000000000000, 0.000000000000000000, 0.000000000000000000 ) ) ;
#8035 = EDGE_CURVE ( 'NONE', #653, #5882, #3686, .T. ) ;
#8036 = DIRECTION ( 'NONE',  ( -1.000000000000000000, 0.000000000000000000, 0.000000000000000000 ) ) ;
#8037 = FACE_OUTER_BOUND ( 'NONE', #5575, .T. ) ;
#8038 = CARTESIAN_POINT ( 'NONE',  ( -0.1499999999999999944, 0.5950280735000669230, -0.2000000000000000111 ) ) ;
#8039 = AXIS2_PLACEMENT_3D ( 'NONE', #8268, #5594, #558 ) ;
#8040 = ORIENTED_EDGE ( 'NONE', *, *, #9469, .T. ) ;
#8041 = DIRECTION ( 'NONE',  ( 0.000000000000000000, -0.9863939238321437486, -0.1643989873053569584 ) ) ;
#8042 = ORIENTED_EDGE ( 'NONE', *, *, #3658, .T. ) ;
#8043 = DIRECTION ( 'NONE',  ( 0.000000000000000000, 0.000000000000000000, 1.000000000000000000 ) ) ;
#8044 = CARTESIAN_POINT ( 'NONE',  ( 0.6000000003000000026, 1.060000000265914011, 1.749999999999074962 ) ) ;
#8045 = ORIENTED_EDGE ( 'NONE', *, *, #1859, .T. ) ;
#8046 = COLOUR_RGB ( '',0.7764705882352941346, 0.7568627450980391913, 0.7372549019607843590 ) ;
#8047 = CARTESIAN_POINT ( 'NONE',  ( 0.2999999999999999889, 1.097467561056749918, 2.150000000798514943 ) ) ;
#8048 = CARTESIAN_POINT ( 'NONE',  ( 2.349999999610480117, 0.8800000001033340125, -0.4250000000357664343 ) ) ;
#8049 = CARTESIAN_POINT ( 'NONE',  ( 0.1499999999625000191, 0.03999999998249999938, -0.5000000000027500224 ) ) ;
#8050 = PLANE ( 'NONE',  #1806 ) ;
#8051 = CARTESIAN_POINT ( 'NONE',  ( 1.700000000505180076, 0.8648620626666669864, 1.600000000000000089 ) ) ;
#8052 = EDGE_LOOP ( 'NONE', ( #677, #3304, #3394, #7975 ) ) ;
#8053 = PRESENTATION_LAYER_ASSIGNMENT (  '', '', ( #987 ) ) ;
#8054 = ORIENTED_EDGE ( 'NONE', *, *, #9242, .T. ) ;
#8055 = CARTESIAN_POINT ( 'NONE',  ( 2.350000000096295061, 0.2000000000000000111, -0.5500000000000000444 ) ) ;
#8056 = EDGE_LOOP ( 'NONE', ( #1664, #736, #4324, #2916, #6556, #1513, #8167, #2770 ) ) ;
#8057 = AXIS2_PLACEMENT_3D ( 'NONE', #817, #4314, #7311 ) ;
#8058 = UNCERTAINTY_MEASURE_WITH_UNIT (LENGTH_MEASURE( 1.000000000000000082E-05 ), #680, 'distance_accuracy_value', 'NONE');
#8059 = DIRECTION ( 'NONE',  ( 1.000000000000000000, 1.215290246266205980E-12, 0.000000000000000000 ) ) ;
#8060 = EDGE_CURVE ( 'NONE', #6708, #1281, #5766, .T. ) ;
#8061 = VECTOR ( 'NONE', #9122, 1000.000000000000000 ) ;
#8062 = DIRECTION ( 'NONE',  ( 0.000000000000000000, -1.000000000000000000, 0.000000000000000000 ) ) ;
#8063 = VECTOR ( 'NONE', #7737, 999.9999999999998863 ) ;
#8064 = AXIS2_PLACEMENT_3D ( 'NONE', #5385, #9088, #4564 ) ;
#8065 = ORIENTED_EDGE ( 'NONE', *, *, #5292, .T. ) ;
#8067 = VECTOR ( 'NONE', #7711, 1000.000000000000000 ) ;
#8066 = CARTESIAN_POINT ( 'NONE',  ( -2.149999999911110127, 1.650056147000000140, -1.574026653644445162 ) ) ;
#8068 = VERTEX_POINT ( 'NONE', #4994 ) ;
#8069 = FACE_OUTER_BOUND ( 'NONE', #1948, .T. ) ;
#8070 = VECTOR ( 'NONE', #7222, 1000.000000000000000 ) ;
#8071 = VERTEX_POINT ( 'NONE', #8747 ) ;
#8072 = FACE_OUTER_BOUND ( 'NONE', #9411, .T. ) ;
#8073 = CARTESIAN_POINT ( 'NONE',  ( 2.150000000706850045, 0.5039421739999999650, 1.790168786000000178 ) ) ;
#8074 = CARTESIAN_POINT ( 'NONE',  ( -1.699999999999999956, 1.240192379100433895, 1.749999999994665156 ) ) ;
#8075 = MECHANICAL_DESIGN_GEOMETRIC_PRESENTATION_REPRESENTATION (  '', ( #1761 ), #851 ) ;
#8076 = EDGE_CURVE ( 'NONE', #7324, #1349, #8840, .T. ) ;
#8077 = LINE ( 'NONE', #5231, #6830 ) ;
#8078 = VECTOR ( 'NONE', #5865, 1000.000000000000000 ) ;
#8079 = AXIS2_PLACEMENT_3D ( 'NONE', #1854, #2661, #4788 ) ;
#8080 = ADVANCED_FACE ( 'NONE', ( #7943 ), #7359, .F. ) ;
#8081 = ORIENTED_EDGE ( 'NONE', *, *, #8318, .T. ) ;
#8082 = LINE ( 'NONE', #9421, #6386 ) ;
#8083 = ORIENTED_EDGE ( 'NONE', *, *, #7835, .F. ) ;
#8084 = DIRECTION ( 'NONE',  ( 1.000000000000000000, 0.000000000000000000, 0.000000000000000000 ) ) ;
#8085 = ORIENTED_EDGE ( 'NONE', *, *, #8777, .F. ) ;
#8086 = VECTOR ( 'NONE', #7787, 1000.000000000000000 ) ;
#8087 = PLANE ( 'NONE',  #9135 ) ;
#8088 = AXIS2_PLACEMENT_3D ( 'NONE', #8724, #7963, #746 ) ;
#8089 = CARTESIAN_POINT ( 'NONE',  ( 0.5000000000000000000, 1.244907226819559787, -0.4742107241209390089 ) ) ;
#8090 = DIRECTION ( 'NONE',  ( 1.000000000000000000, 0.000000000000000000, 0.000000000000000000 ) ) ;
#8091 = EDGE_CURVE ( 'NONE', #7502, #427, #49, .T. ) ;
#8092 = VECTOR ( 'NONE', #797, 1000.000000000000000 ) ;
#8093 = ADVANCED_FACE ( 'NONE', ( #3545 ), #5090, .F. ) ;
#8094 = ORIENTED_EDGE ( 'NONE', *, *, #7974, .T. ) ;
#8095 = EDGE_CURVE ( 'NONE', #3132, #7872, #8082, .T. ) ;
#8096 =( NAMED_UNIT ( * ) PLANE_ANGLE_UNIT ( ) SI_UNIT ( $, .RADIAN. ) );
#8097 = VECTOR ( 'NONE', #2549, 1000.000000000000000 ) ;
#8098 = ORIENTED_EDGE ( 'NONE', *, *, #7443, .F. ) ;
#8099 = PLANE ( 'NONE',  #4687 ) ;
#8100 = ORIENTED_EDGE ( 'NONE', *, *, #8333, .F. ) ;
#8101 = LINE ( 'NONE', #970, #8754 ) ;
#8102 = VECTOR ( 'NONE', #8265, 1000.000000000000000 ) ;
#8103 = CARTESIAN_POINT ( 'NONE',  ( -2.350000000096295061, 0.000000000000000000, 1.149999999999999911 ) ) ;
#8104 = PLANE ( 'NONE',  #6399 ) ;
#8105 = CIRCLE ( 'NONE', #282, 0.09999999922648550310 ) ;
#8106 = LINE ( 'NONE', #2219, #4561 ) ;
#8107 = ORIENTED_EDGE ( 'NONE', *, *, #9484, .T. ) ;
#8108 = EDGE_CURVE ( 'NONE', #8697, #485, #2820, .T. ) ;
#8109 = FACE_OUTER_BOUND ( 'NONE', #3236, .T. ) ;
#8110 = VECTOR ( 'NONE', #8753, 1000.000000000000000 ) ;
#8111 = CARTESIAN_POINT ( 'NONE',  ( -2.575841710426994613, 0.5999999999999999778, 1.149999999999999911 ) ) ;
#8112 = ORIENTED_EDGE ( 'NONE', *, *, #6401, .F. ) ;
#8113 = ADVANCED_FACE ( 'NONE', ( #2248 ), #591, .T. ) ;
#8114 = CARTESIAN_POINT ( 'NONE',  ( -1.574999999999965095, 0.05000000000000000278, -0.2000000000000000111 ) ) ;
#8115 = ORIENTED_EDGE ( 'NONE', *, *, #6285, .F. ) ;
#8116 = CARTESIAN_POINT ( 'NONE',  ( -2.299999999999999822, 1.650056147000000140, -0.9000000001087259394 ) ) ;
#8117 = CARTESIAN_POINT ( 'NONE',  ( -1.449999999226485814, 0.5973644132472010204, -1.643186506918789869 ) ) ;
#8118 = VECTOR ( 'NONE', #2067, 1000.000000000000000 ) ;
#8119 = ORIENTED_EDGE ( 'NONE', *, *, #1943, .F. ) ;
#8120 = LINE ( 'NONE', #902, #3762 ) ;
#8121 = ORIENTED_EDGE ( 'NONE', *, *, #1145, .T. ) ;
#8122 = CARTESIAN_POINT ( 'NONE',  ( 1.699999999600005030, 1.240192378925983885, -1.750000000127529987 ) ) ;
#8123 = CARTESIAN_POINT ( 'NONE',  ( -0.5999999999999999778, 1.060000000201249959, 1.500000000062500005 ) ) ;
#8124 = ORIENTED_EDGE ( 'NONE', *, *, #5726, .F. ) ;
#8125 = CARTESIAN_POINT ( 'NONE',  ( -0.6500000007735150520, 1.690056146999999953, 0.5500000007735139640 ) ) ;
#8126 = DIRECTION ( 'NONE',  ( -1.000000000000000000, 0.000000000000000000, 0.000000000000000000 ) ) ;
#8127 = DIRECTION ( 'NONE',  ( 0.000000000000000000, 0.000000000000000000, -1.000000000000000000 ) ) ;
#8128 = ADVANCED_FACE ( 'NONE', ( #2199 ), #6446, .T. ) ;
#8129 = EDGE_LOOP ( 'NONE', ( #2038, #1586, #8963, #7401, #1524 ) ) ;
#8130 = ADVANCED_FACE ( 'NONE', ( #724 ), #3641, .F. ) ;
#8131 = CARTESIAN_POINT ( 'NONE',  ( 2.249999999958334662, 0.8865307614232849076, 1.772778395418294961 ) ) ;
#8132 = VERTEX_POINT ( 'NONE', #2391 ) ;
#8133 = CARTESIAN_POINT ( 'NONE',  ( 2.149999999999999911, 1.650056147000000140, -1.391115596000000121 ) ) ;
#8134 = EDGE_LOOP ( 'NONE', ( #7390, #6662, #377, #8152 ) ) ;
#8135 = CARTESIAN_POINT ( 'NONE',  ( -1.275000000000000133, 1.060000000033334056, 1.500000000000000000 ) ) ;
#8136 = LINE ( 'NONE', #199, #7856 ) ;
#8137 = PLANE ( 'NONE',  #3886 ) ;
#8138 = CARTESIAN_POINT ( 'NONE',  ( -2.350000000000000089, 1.240192379100433895, 1.750000000000000000 ) ) ;
#8139 = CARTESIAN_POINT ( 'NONE',  ( -1.750000000120085053, 0.03000000011000014677, 0.5999999999999999778 ) ) ;
#8140 = MANIFOLD_SOLID_BREP ( 'Split1[3]', #2794 ) ;
#8141 = ORIENTED_EDGE ( 'NONE', *, *, #9317, .T. ) ;
#8142 =( NAMED_UNIT ( * ) SI_UNIT ( $, .STERADIAN. ) SOLID_ANGLE_UNIT ( ) );
#8143 = ORIENTED_EDGE ( 'NONE', *, *, #9180, .T. ) ;
#8144 = DIRECTION ( 'NONE',  ( 0.000000000000000000, 0.000000000000000000, 1.000000000000000000 ) ) ;
#8145 = DIRECTION ( 'NONE',  ( 0.000000000000000000, -0.9863939211294371345, -0.1643990035215965317 ) ) ;
#8146 = CARTESIAN_POINT ( 'NONE',  ( -2.299999999999999822, 1.650056147000000140, -1.391115596000000121 ) ) ;
#8147 = EDGE_CURVE ( 'NONE', #2835, #1385, #1629, .T. ) ;
#8148 = DIRECTION ( 'NONE',  ( 0.000000000000000000, 0.000000000000000000, -1.000000000000000000 ) ) ;
#8149 = SURFACE_SIDE_STYLE ('',( #8290 ) ) ;
#8150 = EDGE_CURVE ( 'NONE', #8934, #1330, #952, .T. ) ;
#8151 = LINE ( 'NONE', #168, #1507 ) ;
#8152 = ORIENTED_EDGE ( 'NONE', *, *, #9242, .F. ) ;
#8153 = FACE_OUTER_BOUND ( 'NONE', #8129, .T. ) ;
#8154 = DIRECTION ( 'NONE',  ( 0.000000000000000000, -0.9816271837400259992, -0.1908089938724724932 ) ) ;
#8155 = ORIENTED_EDGE ( 'NONE', *, *, #6427, .T. ) ;
#8156 = AXIS2_PLACEMENT_3D ( 'NONE', #2447, #5206, #4519 ) ;
#8157 = CARTESIAN_POINT ( 'NONE',  ( -1.302181545999999912, 1.060000000000000053, 1.504589994999999902 ) ) ;
#8158 = EDGE_CURVE ( 'NONE', #7514, #4126, #3787, .T. ) ;
#8159 = ORIENTED_EDGE ( 'NONE', *, *, #1158, .F. ) ;
#8160 = CARTESIAN_POINT ( 'NONE',  ( 0.01010418081077514053, 0.05000000000000000278, -0.2000000000000000111 ) ) ;
#8161 = ADVANCED_FACE ( 'NONE', ( #8981 ), #1576, .F. ) ;
#8162 = FACE_OUTER_BOUND ( 'NONE', #6330, .T. ) ;
#8163 = VERTEX_POINT ( 'NONE', #8173 ) ;
#8164 = CARTESIAN_POINT ( 'NONE',  ( -2.149999999999999911, 1.140056147914642048, 0.4249999999999999889 ) ) ;
#8165 = VERTEX_POINT ( 'NONE', #3731 ) ;
#8166 = CARTESIAN_POINT ( 'NONE',  ( -1.275000000000000133, 1.650056147000000140, 1.500000000000000000 ) ) ;
#8167 = ORIENTED_EDGE ( 'NONE', *, *, #2246, .T. ) ;
#8168 = CARTESIAN_POINT ( 'NONE',  ( 2.349999999922594895, 0.8500000004874779247, -1.449999999827899844 ) ) ;
#8169 = DIRECTION ( 'NONE',  ( 0.000000000000000000, -0.9989685402014013560, -0.04540766111441141978 ) ) ;
#8170 = CARTESIAN_POINT ( 'NONE',  ( -2.350000000000000089, 0.8901360609999999784, 1.751643990000000040 ) ) ;
#8171 = DIRECTION ( 'NONE',  ( 0.000000000000000000, 0.000000000000000000, 1.000000000000000000 ) ) ;
#8172 = ORIENTED_EDGE ( 'NONE', *, *, #7792, .T. ) ;
#8173 = CARTESIAN_POINT ( 'NONE',  ( -2.350000000000000089, 1.500000000000000000, 1.600000000136120093 ) ) ;
#8174 = ORIENTED_EDGE ( 'NONE', *, *, #668, .F. ) ;
#8175 = DIRECTION ( 'NONE',  ( 0.000000000000000000, 0.000000000000000000, -1.000000000000000000 ) ) ;
#8176 = VERTEX_POINT ( 'NONE', #6877 ) ;
#8177 = ADVANCED_FACE ( 'NONE', ( #5418 ), #3107, .F. ) ;
#8178 = LINE ( 'NONE', #7456, #6229 ) ;
#8179 = EDGE_CURVE ( 'NONE', #6095, #5645, #5961, .T. ) ;
#8180 = DIRECTION ( 'NONE',  ( 0.000000000000000000, 0.000000000000000000, 1.000000000000000000 ) ) ;
#8181 = ADVANCED_FACE ( 'NONE', ( #868 ), #150, .F. ) ;
#8182 = CARTESIAN_POINT ( 'NONE',  ( -0.2999999999999999889, 1.447467560773514128, 2.250000000000000000 ) ) ;
#8183 = ORIENTED_EDGE ( 'NONE', *, *, #1760, .T. ) ;
#8184 = VECTOR ( 'NONE', #8416, 1000.000000000000000 ) ;
#8185 = DIRECTION ( 'NONE',  ( -0.8707914478650282675, -0.4916525748179580990, 0.000000000000000000 ) ) ;
#8186 = ORIENTED_EDGE ( 'NONE', *, *, #174, .T. ) ;
#8187 = PLANE ( 'NONE',  #9152 ) ;
#8188 = DIRECTION ( 'NONE',  ( 1.000000000000000000, 0.000000000000000000, 0.000000000000000000 ) ) ;
#8189 = LINE ( 'NONE', #4469, #778 ) ;
#8190 = CARTESIAN_POINT ( 'NONE',  ( -1.449999999226485814, 0.5039421739999999650, -1.790168786000000178 ) ) ;
#8191 = DIRECTION ( 'NONE',  ( 0.000000000000000000, 0.000000000000000000, 1.000000000000000000 ) ) ;
#8192 = VECTOR ( 'NONE', #607, 1000.000000000000000 ) ;
#8193 = LINE ( 'NONE', #3707, #6119 ) ;
#8194 = EDGE_CURVE ( 'NONE', #36, #1375, #3978, .T. ) ;
#8195 = VERTEX_POINT ( 'NONE', #4074 ) ;
#8196 = CARTESIAN_POINT ( 'NONE',  ( -1.699999999999999956, 1.459327440000000031, -1.630978998000000013 ) ) ;
#8197 = EDGE_CURVE ( 'NONE', #621, #3046, #8553, .T. ) ;
#8198 = EDGE_CURVE ( 'NONE', #6100, #2454, #3830, .T. ) ;
#8199 = VECTOR ( 'NONE', #4364, 1000.000000000000000 ) ;
#8200 = PLANE ( 'NONE',  #1870 ) ;
#8201 = VERTEX_POINT ( 'NONE', #1107 ) ;
#8202 = LINE ( 'NONE', #894, #2244 ) ;
#8203 = ORIENTED_EDGE ( 'NONE', *, *, #1480, .T. ) ;
#8204 = CARTESIAN_POINT ( 'NONE',  ( 0.4999999996666670277, 1.147467559843081908, -1.618181820771174895 ) ) ;
#8205 = DIRECTION ( 'NONE',  ( 0.000000000000000000, 0.000000000000000000, 1.000000000000000000 ) ) ;
#8206 = VECTOR ( 'NONE', #3829, 1000.000000000000000 ) ;
#8207 = ORIENTED_EDGE ( 'NONE', *, *, #7508, .F. ) ;
#8208 = ADVANCED_FACE ( 'NONE', ( #1058 ), #528, .F. ) ;
#8209 = EDGE_CURVE ( 'NONE', #1981, #363, #4122, .T. ) ;
#8210 = ORIENTED_EDGE ( 'NONE', *, *, #913, .F. ) ;
#8211 = EDGE_CURVE ( 'NONE', #5394, #6763, #3300, .T. ) ;
#8212 = CARTESIAN_POINT ( 'NONE',  ( 2.299999999995834710, 1.650056147000000140, 1.408884404018738046 ) ) ;
#8213 = VECTOR ( 'NONE', #9366, 1000.000000000000000 ) ;
#8214 = VERTEX_POINT ( 'NONE', #4698 ) ;
#8215 = CARTESIAN_POINT ( 'NONE',  ( 1.959807621391375099, -6.776263578034400401E-18, -1.449999999827899844 ) ) ;
#8216 = ORIENTED_EDGE ( 'NONE', *, *, #93, .F. ) ;
#8217 = LINE ( 'NONE', #6045, #5764 ) ;
#8218 = CARTESIAN_POINT ( 'NONE',  ( -2.250000000078399953, 0.6038390272474239984, -1.785628019923684917 ) ) ;
#8219 = DIRECTION ( 'NONE',  ( 1.000000000000000000, 0.000000000000000000, 0.000000000000000000 ) ) ;
#8220 = FACE_OUTER_BOUND ( 'NONE', #8581, .T. ) ;
#8221 = AXIS2_PLACEMENT_3D ( 'NONE', #7221, #727, #5859 ) ;
#8222 = VECTOR ( 'NONE', #400, 1000.000000000000000 ) ;
#8223 = VECTOR ( 'NONE', #4880, 1000.000000000000114 ) ;
#8224 = ORIENTED_EDGE ( 'NONE', *, *, #2371, .F. ) ;
#8225 =( NAMED_UNIT ( * ) SI_UNIT ( $, .STERADIAN. ) SOLID_ANGLE_UNIT ( ) );
#8226 = COLOUR_RGB ( '',0.7764705882352941346, 0.7568627450980391913, 0.7372549019607843590 ) ;
#8227 = ORIENTED_EDGE ( 'NONE', *, *, #1665, .T. ) ;
#8228 = CARTESIAN_POINT ( 'NONE',  ( 2.249999999933334660, 0.5973644132516360283, 1.643186507016354936 ) ) ;
#8229 = ORIENTED_EDGE ( 'NONE', *, *, #4463, .F. ) ;
#8230 = AXIS2_PLACEMENT_3D ( 'NONE', #7985, #8702, #6636 ) ;
#8231 = EDGE_CURVE ( 'NONE', #9111, #8163, #5564, .T. ) ;
#8232 = AXIS2_PLACEMENT_3D ( 'NONE', #1115, #2629, #4032 ) ;
#8233 = CARTESIAN_POINT ( 'NONE',  ( 2.350000000096295061, 0.2000000000000000111, -0.5500000000000000444 ) ) ;
#8234 = AXIS2_PLACEMENT_3D ( 'NONE', #9222, #4159, #2618 ) ;
#8235 = CARTESIAN_POINT ( 'NONE',  ( -2.149999999911110127, 1.500000000000000000, -1.574026653644445162 ) ) ;
#8236 = ORIENTED_EDGE ( 'NONE', *, *, #2761, .F. ) ;
#8237 = CARTESIAN_POINT ( 'NONE',  ( -1.699999999587499921, 1.363023706000000113, 1.751119625000000068 ) ) ;
#8238 = VECTOR ( 'NONE', #526, 1000.000000000000000 ) ;
#8239 = VERTEX_POINT ( 'NONE', #1957 ) ;
#8240 = CARTESIAN_POINT ( 'NONE',  ( 0.01010418081077514053, 0.5950280735000669230, -0.2000000000000000111 ) ) ;
#8241 = EDGE_CURVE ( 'NONE', #1516, #2176, #8599, .T. ) ;
#8242 = AXIS2_PLACEMENT_3D ( 'NONE', #7864, #8674, #1371 ) ;
#8243 = FACE_OUTER_BOUND ( 'NONE', #8275, .T. ) ;
#8244 = DIRECTION ( 'NONE',  ( 0.000000000000000000, -1.000000000000000000, 0.000000000000000000 ) ) ;
#8245 = DIRECTION ( 'NONE',  ( 0.000000000000000000, 9.166665094085399879E-12, 1.000000000000000000 ) ) ;
#8246 = DIRECTION ( 'NONE',  ( 1.000000000000000000, 0.000000000000000000, 0.000000000000000000 ) ) ;
#8247 = LINE ( 'NONE', #265, #8269 ) ;
#8248 = ORIENTED_EDGE ( 'NONE', *, *, #8737, .F. ) ;
#8249 = CARTESIAN_POINT ( 'NONE',  ( -1.274999999962500130, 0.03999999998249999938, -0.5000000000027500224 ) ) ;
#8250 = ADVANCED_FACE ( 'NONE', ( #7690 ), #6966, .F. ) ;
#8251 = CARTESIAN_POINT ( 'NONE',  ( -0.4999999996666640301, 1.147467559843081908, -1.618181820771174895 ) ) ;
#8252 = VECTOR ( 'NONE', #4105, 1000.000000000000000 ) ;
#8253 = ORIENTED_EDGE ( 'NONE', *, *, #7124, .F. ) ;
#8254 = CARTESIAN_POINT ( 'NONE',  ( -1.302181545999999912, 1.681423601000000101, 1.504589994999999902 ) ) ;
#8255 = MECHANICAL_DESIGN_GEOMETRIC_PRESENTATION_REPRESENTATION (  '', ( #4250 ), #7635 ) ;
#8256 = UNCERTAINTY_MEASURE_WITH_UNIT (LENGTH_MEASURE( 1.000000000000000082E-05 ), #6260, 'distance_accuracy_value', 'NONE');
#8257 = LINE ( 'NONE', #8160, #5626 ) ;
#8258 = LINE ( 'NONE', #3233, #7181 ) ;
#8259 = EDGE_LOOP ( 'NONE', ( #3991, #5729, #2894, #989, #3229, #7968, #8207, #185 ) ) ;
#8260 = CARTESIAN_POINT ( 'NONE',  ( -1.959807621159575186, 0.8499999999496948844, 1.449999999942855888 ) ) ;
#8261 = VECTOR ( 'NONE', #6906, 1000.000000000000000 ) ;
#8262 = ORIENTED_EDGE ( 'NONE', *, *, #3512, .T. ) ;
#8263 = CARTESIAN_POINT ( 'NONE',  ( 0.6500000007735150520, 1.690056146999999953, 0.5699999999999999512 ) ) ;
#8264 = ORIENTED_EDGE ( 'NONE', *, *, #4463, .T. ) ;
#8265 = DIRECTION ( 'NONE',  ( 0.000000000000000000, 1.000000000000000000, 0.000000000000000000 ) ) ;
#8266 = ORIENTED_EDGE ( 'NONE', *, *, #4031, .F. ) ;
#8267 = LINE ( 'NONE', #1710, #2990 ) ;
#8268 = CARTESIAN_POINT ( 'NONE',  ( -2.150000000773514941, 0.6038390272474239984, -1.785628019923684917 ) ) ;
#8269 = VECTOR ( 'NONE', #5210, 1000.000000000000000 ) ;
#8270 = DIRECTION ( 'NONE',  ( 0.000000000000000000, -1.000000000000000000, 0.000000000000000000 ) ) ;
#8271 = EDGE_CURVE ( 'NONE', #6211, #6991, #2669, .T. ) ;
#8272 =( NAMED_UNIT ( * ) PLANE_ANGLE_UNIT ( ) SI_UNIT ( $, .RADIAN. ) );
#8273 = ORIENTED_EDGE ( 'NONE', *, *, #7541, .F. ) ;
#8274 =( LENGTH_UNIT ( ) NAMED_UNIT ( * ) SI_UNIT ( .MILLI., .METRE. ) );
#8275 = EDGE_LOOP ( 'NONE', ( #2415, #5856, #7195, #7240 ) ) ;
#8276 = DIRECTION ( 'NONE',  ( 1.000000000000000000, 0.000000000000000000, 0.000000000000000000 ) ) ;
#8277 = ORIENTED_EDGE ( 'NONE', *, *, #1425, .T. ) ;
#8278 = ORIENTED_EDGE ( 'NONE', *, *, #1197, .F. ) ;
#8279 =( NAMED_UNIT ( * ) SI_UNIT ( $, .STERADIAN. ) SOLID_ANGLE_UNIT ( ) );
#8280 = EDGE_CURVE ( 'NONE', #5517, #5884, #4893, .T. ) ;
#8281 = DIRECTION ( 'NONE',  ( -0.000000000000000000, 1.000000000000000000, 0.000000000000000000 ) ) ;
#8282 = ORIENTED_EDGE ( 'NONE', *, *, #7490, .T. ) ;
#8283 = ADVANCED_FACE ( 'NONE', ( #6254 ), #9270, .T. ) ;
#8284 = FILL_AREA_STYLE_COLOUR ( '', #1915 ) ;
#8285 = ORIENTED_EDGE ( 'NONE', *, *, #7092, .F. ) ;
#8286 = DIRECTION ( 'NONE',  ( 0.000000000000000000, 1.000000000000000000, 0.000000000000000000 ) ) ;
#8287 = DIRECTION ( 'NONE',  ( 0.000000000000000000, 0.000000000000000000, -1.000000000000000000 ) ) ;
#8288 = PLANE ( 'NONE',  #3689 ) ;
#8289 = CARTESIAN_POINT ( 'NONE',  ( -0.5000000000000000000, 0.03000000063083460219, -0.5999999994999999364 ) ) ;
#8290 = SURFACE_STYLE_FILL_AREA ( #3807 ) ;
#8291 = DIRECTION ( 'NONE',  ( 1.000000000000000000, 0.000000000000000000, 0.000000000000000000 ) ) ;
#8292 = PRESENTATION_LAYER_ASSIGNMENT (  '', '', ( #1531 ) ) ;
#8293 = EDGE_LOOP ( 'NONE', ( #3119, #565, #2699, #2693, #7649, #2316, #615, #1131 ) ) ;
#8294 = CARTESIAN_POINT ( 'NONE',  ( 1.849999999675000062, 4.947919226321080201E-10, 0.5000000004514040253 ) ) ;
#8295 = CARTESIAN_POINT ( 'NONE',  ( 2.300000000063195049, 0.000000000000000000, 0.05000000006321280582 ) ) ;
#8296 = ORIENTED_EDGE ( 'NONE', *, *, #4372, .F. ) ;
#8297 = CARTESIAN_POINT ( 'NONE',  ( -1.324999999999999956, 3.545694403999999800, 1.550000000000000044 ) ) ;
#8298 = DIRECTION ( 'NONE',  ( 0.000000000000000000, -0.04540765461106680001, 0.9989685404970078952 ) ) ;
#8299 = ADVANCED_FACE ( 'NONE', ( #7790 ), #1153, .F. ) ;
#8300 = DIRECTION ( 'NONE',  ( -1.000000000000000000, 0.000000000000000000, 0.000000000000000000 ) ) ;
#8301 = EDGE_CURVE ( 'NONE', #1845, #2623, #8461, .T. ) ;
#8302 = EDGE_LOOP ( 'NONE', ( #2302, #2873, #8355, #6727 ) ) ;
#8303 = DIRECTION ( 'NONE',  ( 0.000000000000000000, 1.000000000000000000, 0.000000000000000000 ) ) ;
#8304 =( GEOMETRIC_REPRESENTATION_CONTEXT ( 3 ) GLOBAL_UNCERTAINTY_ASSIGNED_CONTEXT ( ( #5841 ) ) GLOBAL_UNIT_ASSIGNED_CONTEXT ( ( #1643, #4427, #6653 ) ) REPRESENTATION_CONTEXT ( 'NONE', 'WORKASPACE' ) );
#8305 = VERTEX_POINT ( 'NONE', #7837 ) ;
#8306 = DIRECTION ( 'NONE',  ( 0.000000000000000000, 0.000000000000000000, -1.000000000000000000 ) ) ;
#8307 = ORIENTED_EDGE ( 'NONE', *, *, #4965, .T. ) ;
#8308 = DIRECTION ( 'NONE',  ( 0.000000000000000000, 0.000000000000000000, -1.000000000000000000 ) ) ;
#8309 = EDGE_LOOP ( 'NONE', ( #409, #4185, #8482, #8264, #8350 ) ) ;
#8310 = DIRECTION ( 'NONE',  ( 1.000000000000000000, 0.000000000000000000, 0.000000000000000000 ) ) ;
#8311 = CARTESIAN_POINT ( 'NONE',  ( 2.099999999610479673, 1.140056147740384107, 0.4249999999999999889 ) ) ;
#8312 = DIRECTION ( 'NONE',  ( 0.000000000000000000, 0.000000000000000000, -1.000000000000000000 ) ) ;
#8313 = VECTOR ( 'NONE', #455, 1000.000000000000000 ) ;
#8314 = CARTESIAN_POINT ( 'NONE',  ( 1.750000000126405109, 0.000000000000000000, 0.5999999999999999778 ) ) ;
#8315 = ORIENTED_EDGE ( 'NONE', *, *, #8570, .F. ) ;
#8316 =( NAMED_UNIT ( * ) PLANE_ANGLE_UNIT ( ) SI_UNIT ( $, .RADIAN. ) );
#8317 = VERTEX_POINT ( 'NONE', #481 ) ;
#8318 = EDGE_CURVE ( 'NONE', #655, #2432, #7735, .T. ) ;
#8319 = DIRECTION ( 'NONE',  ( 0.000000000000000000, 0.000000000000000000, 1.000000000000000000 ) ) ;
#8320 = EDGE_CURVE ( 'NONE', #5663, #5472, #7109, .T. ) ;
#8321 = EDGE_LOOP ( 'NONE', ( #9488, #5053, #1695, #2490 ) ) ;
#8322 = VERTEX_POINT ( 'NONE', #1477 ) ;
#8323 = CARTESIAN_POINT ( 'NONE',  ( 1.283280980000000016, 3.545694403999999800, 1.502209738999999988 ) ) ;
#8324 = PLANE ( 'NONE',  #7677 ) ;
#8325 = DIRECTION ( 'NONE',  ( 1.000000000000000000, 0.000000000000000000, -0.000000000000000000 ) ) ;
#8326 = MECHANICAL_DESIGN_GEOMETRIC_PRESENTATION_REPRESENTATION (  '', ( #987 ), #4230 ) ;
#8327 = EDGE_LOOP ( 'NONE', ( #8404, #3756, #225, #8980 ) ) ;
#8328 = EDGE_CURVE ( 'NONE', #6378, #4916, #1386, .T. ) ;
#8329 = LINE ( 'NONE', #921, #8826 ) ;
#8330 = ORIENTED_EDGE ( 'NONE', *, *, #9098, .T. ) ;
#8331 = ADVANCED_FACE ( 'NONE', ( #6627 ), #6481, .T. ) ;
#8332 = CARTESIAN_POINT ( 'NONE',  ( -1.449999999999999956, 1.500000000000000000, -1.600000000000000089 ) ) ;
#8333 = EDGE_CURVE ( 'NONE', #7579, #6253, #835, .T. ) ;
#8334 = FACE_OUTER_BOUND ( 'NONE', #7970, .T. ) ;
#8335 = CARTESIAN_POINT ( 'NONE',  ( -2.249999999966664888, 1.239999999999999991, -1.750000000000000000 ) ) ;
#8336 = VECTOR ( 'NONE', #6279, 1000.000000000000000 ) ;
#8337 = DIRECTION ( 'NONE',  ( 0.000000000000000000, -0.04540766116335119562, 0.9989685401991768021 ) ) ;
#8338 = ORIENTED_EDGE ( 'NONE', *, *, #7939, .T. ) ;
#8339 = CARTESIAN_POINT ( 'NONE',  ( -0.7500000000000000000, 1.253942173968593865, -1.756077876763244783 ) ) ;
#8340 = FACE_OUTER_BOUND ( 'NONE', #7651, .T. ) ;
#8341 = ORIENTED_EDGE ( 'NONE', *, *, #6489, .T. ) ;
#8342 = AXIS2_PLACEMENT_3D ( 'NONE', #3725, #2385, #3058 ) ;
#8343 = FACE_OUTER_BOUND ( 'NONE', #2945, .T. ) ;
#8344 = FACE_OUTER_BOUND ( 'NONE', #196, .T. ) ;
#8345 = DIRECTION ( 'NONE',  ( 0.000000000000000000, 0.000000000000000000, -1.000000000000000000 ) ) ;
#8346 = DIRECTION ( 'NONE',  ( 0.000000000000000000, -0.4999999999999998890, 0.8660254037844387076 ) ) ;
#8347 = ORIENTED_EDGE ( 'NONE', *, *, #5894, .F. ) ;
#8348 = VECTOR ( 'NONE', #6282, 1000.000000000000000 ) ;
#8349 = DIRECTION ( 'NONE',  ( -1.000000000000000000, 0.000000000000000000, 0.000000000000000000 ) ) ;
#8350 = ORIENTED_EDGE ( 'NONE', *, *, #5180, .F. ) ;
#8351 = CARTESIAN_POINT ( 'NONE',  ( -2.242588588269990080, 1.590056147773514894, 0.4000000000491790164 ) ) ;
#8352 = ORIENTED_EDGE ( 'NONE', *, *, #6035, .T. ) ;
#8353 = EDGE_CURVE ( 'NONE', #2109, #3556, #4344, .T. ) ;
#8354 = PLANE ( 'NONE',  #7478 ) ;
#8355 = ORIENTED_EDGE ( 'NONE', *, *, #3175, .T. ) ;
#8356 = CARTESIAN_POINT ( 'NONE',  ( -1.959807621000000166, 0.8499999999999999778, -1.449999999999999956 ) ) ;
#8357 = CARTESIAN_POINT ( 'NONE',  ( 2.342588587610479944, 1.590056147773514894, -0.4000000000357664676 ) ) ;
#8358 = CARTESIAN_POINT ( 'NONE',  ( -2.350000000096295061, 0.000000000000000000, -1.149999999999999911 ) ) ;
#8359 = ORIENTED_EDGE ( 'NONE', *, *, #5100, .F. ) ;
#8360 = SURFACE_STYLE_FILL_AREA ( #9036 ) ;
#8361 = ORIENTED_EDGE ( 'NONE', *, *, #2276, .T. ) ;
#8362 = CARTESIAN_POINT ( 'NONE',  ( 2.149999999999999911, 1.500000000000000000, 1.521793620081484777 ) ) ;
#8363 = ORIENTED_EDGE ( 'NONE', *, *, #5123, .F. ) ;
#8364 = ORIENTED_EDGE ( 'NONE', *, *, #6593, .T. ) ;
#8365 = CARTESIAN_POINT ( 'NONE',  ( 1.324999999999999956, 1.681423601000000101, 1.550000000000000044 ) ) ;
#8366 = FACE_OUTER_BOUND ( 'NONE', #5733, .T. ) ;
#8367 = VECTOR ( 'NONE', #3021, 1000.000000000000000 ) ;
#8368 = PLANE ( 'NONE',  #8942 ) ;
#8369 = VECTOR ( 'NONE', #1303, 1000.000000000000000 ) ;
#8370 = VECTOR ( 'NONE', #8624, 1000.000000000000000 ) ;
#8371 = CARTESIAN_POINT ( 'NONE',  ( -0.6500000007735150520, 1.650056147000000140, 0.5500000007735139640 ) ) ;
#8372 = EDGE_CURVE ( 'NONE', #6947, #653, #4210, .T. ) ;
#8373 = VECTOR ( 'NONE', #8034, 1000.000000000000000 ) ;
#8374 = ORIENTED_EDGE ( 'NONE', *, *, #7809, .T. ) ;
#8375 = DIRECTION ( 'NONE',  ( 1.215290246266205980E-12, -1.000000000000000000, 9.166665094085399879E-12 ) ) ;
#8376 = VECTOR ( 'NONE', #7163, 1000.000000000000000 ) ;
#8377 = ORIENTED_EDGE ( 'NONE', *, *, #1405, .T. ) ;
#8378 = AXIS2_PLACEMENT_3D ( 'NONE', #6339, #1818, #6199 ) ;
#8379 = DIRECTION ( 'NONE',  ( 0.000000000000000000, 1.000000000000000000, 0.000000000000000000 ) ) ;
#8380 = VECTOR ( 'NONE', #5730, 1000.000000000000000 ) ;
#8381 =( NAMED_UNIT ( * ) SI_UNIT ( $, .STERADIAN. ) SOLID_ANGLE_UNIT ( ) );
#8382 = LINE ( 'NONE', #3362, #4300 ) ;
#8383 = ORIENTED_EDGE ( 'NONE', *, *, #3653, .T. ) ;
#8384 = VECTOR ( 'NONE', #3723, 1000.000000000000000 ) ;
#8385 = CARTESIAN_POINT ( 'NONE',  ( 0.6000000003000000026, 1.547467559953150218, 2.249999999986574739 ) ) ;
#8386 = EDGE_CURVE ( 'NONE', #2212, #1257, #8738, .T. ) ;
#8387 = DIRECTION ( 'NONE',  ( 1.000000000000000000, 0.000000000000000000, 0.000000000000000000 ) ) ;
#8388 = ADVANCED_FACE ( 'NONE', ( #2952 ), #5077, .T. ) ;
#8389 = CIRCLE ( 'NONE', #1596, 0.09999999922648551698 ) ;
#8390 = ADVANCED_FACE ( 'NONE', ( #4265 ), #2184, .T. ) ;
#8391 = CIRCLE ( 'NONE', #100, 0.2000000000000000944 ) ;
#8392 = ORIENTED_EDGE ( 'NONE', *, *, #9086, .F. ) ;
#8393 = PLANE ( 'NONE',  #4982 ) ;
#8394 = AXIS2_PLACEMENT_3D ( 'NONE', #222, #1700, #9062 ) ;
#8395 = CARTESIAN_POINT ( 'NONE',  ( 2.249999999970834885, 0.8901360609471510310, -1.751643990052329958 ) ) ;
#8396 = ORIENTED_EDGE ( 'NONE', *, *, #5782, .F. ) ;
#8397 = LINE ( 'NONE', #9253, #876 ) ;
#8398 = DIRECTION ( 'NONE',  ( 1.000000000000000000, 0.000000000000000000, 0.000000000000000000 ) ) ;
#8399 = AXIS2_PLACEMENT_3D ( 'NONE', #7444, #2915, #8127 ) ;
#8400 = LINE ( 'NONE', #6325, #101 ) ;
#8401 = VECTOR ( 'NONE', #9396, 1000.000000000000000 ) ;
#8402 = CARTESIAN_POINT ( 'NONE',  ( -2.149999999911110127, 1.500000000000000000, -1.574026653644445162 ) ) ;
#8403 = EDGE_CURVE ( 'NONE', #1456, #5410, #3535, .T. ) ;
#8404 = ORIENTED_EDGE ( 'NONE', *, *, #2931, .T. ) ;
#8405 = CARTESIAN_POINT ( 'NONE',  ( -0.4999999996666640301, 1.153942174106225904, -1.760623333791125011 ) ) ;
#8406 = ORIENTED_EDGE ( 'NONE', *, *, #5796, .F. ) ;
#8407 = ADVANCED_FACE ( 'NONE', ( #7293 ), #5753, .F. ) ;
#8408 = CARTESIAN_POINT ( 'NONE',  ( -1.300000000000000044, 0.2474675600000000031, 2.750000000000000000 ) ) ;
#8409 = AXIS2_PLACEMENT_3D ( 'NONE', #5918, #5197, #8312 ) ;
#8410 = ORIENTED_EDGE ( 'NONE', *, *, #1276, .F. ) ;
#8411 = CARTESIAN_POINT ( 'NONE',  ( 1.275000000037500136, 0.2000000001117580029, 0.4999999999988999910 ) ) ;
#8412 = ORIENTED_EDGE ( 'NONE', *, *, #7103, .T. ) ;
#8413 = PLANE ( 'NONE',  #7460 ) ;
#8414 = AXIS2_PLACEMENT_3D ( 'NONE', #4655, #6125, #260 ) ;
#8415 = CARTESIAN_POINT ( 'NONE',  ( 0.7500000009999999717, 1.247467559705230045, -1.613636363738395030 ) ) ;
#8416 = DIRECTION ( 'NONE',  ( -1.000000000000000000, 0.000000000000000000, 0.000000000000000000 ) ) ;
#8417 = CIRCLE ( 'NONE', #2106, 0.09999999922648547535 ) ;
#8418 = CARTESIAN_POINT ( 'NONE',  ( 2.099999999610479673, 1.140056147740384107, -0.4249999999999999889 ) ) ;
#8419 = ORIENTED_EDGE ( 'NONE', *, *, #6575, .F. ) ;
#8420 = CARTESIAN_POINT ( 'NONE',  ( -1.700141615236929971, 0.8650483406168240075, 1.600652775423685004 ) ) ;
#8421 = VERTEX_POINT ( 'NONE', #9461 ) ;
#8422 = DIRECTION ( 'NONE',  ( 0.000000000000000000, 1.000000000000000000, 0.000000000000000000 ) ) ;
#8423 = ORIENTED_EDGE ( 'NONE', *, *, #6474, .T. ) ;
#8424 = ORIENTED_EDGE ( 'NONE', *, *, #9443, .F. ) ;
#8425 = CARTESIAN_POINT ( 'NONE',  ( -1.275000000000000133, 1.060000000000000053, 1.500000000000000000 ) ) ;
#8426 = DIRECTION ( 'NONE',  ( -1.000000000000000000, 0.000000000000000000, 0.000000000000000000 ) ) ;
#8427 = EDGE_CURVE ( 'NONE', #1270, #939, #5847, .T. ) ;
#8428 =( NAMED_UNIT ( * ) PLANE_ANGLE_UNIT ( ) SI_UNIT ( $, .RADIAN. ) );
#8429 = EDGE_CURVE ( 'NONE', #149, #1580, #6580, .T. ) ;
#8430 = ORIENTED_EDGE ( 'NONE', *, *, #5439, .T. ) ;
#8431 = CARTESIAN_POINT ( 'NONE',  ( 1.275000000000000133, 1.060000000000000053, 1.500000000000000000 ) ) ;
#8432 = ORIENTED_EDGE ( 'NONE', *, *, #5324, .T. ) ;
#8433 = DIRECTION ( 'NONE',  ( 0.000000000000000000, 1.000000000000000000, 0.000000000000000000 ) ) ;
#8434 = CARTESIAN_POINT ( 'NONE',  ( -1.699999999999999956, 1.429845170091053941, -1.748082287323829753 ) ) ;
#8435 = DIRECTION ( 'NONE',  ( -1.000000000000000000, 0.000000000000000000, 0.000000000000000000 ) ) ;
#8436 = EDGE_LOOP ( 'NONE', ( #4457, #60, #6646, #4257 ) ) ;
#8437 = DIRECTION ( 'NONE',  ( -1.000000000000000000, 0.000000000000000000, 0.000000000000000000 ) ) ;
#8438 = CARTESIAN_POINT ( 'NONE',  ( -1.700000000033335068, 0.9125280665555179915, -1.750000000170039982 ) ) ;
#8439 = ORIENTED_EDGE ( 'NONE', *, *, #3487, .F. ) ;
#8440 = CARTESIAN_POINT ( 'NONE',  ( 2.342588587610479944, 1.690056146978335061, 0.3999999999642335213 ) ) ;
#8441 = CARTESIAN_POINT ( 'NONE',  ( 1.149999999886966107, 1.052467559813333953, 1.600000000000000089 ) ) ;
#8442 = ORIENTED_EDGE ( 'NONE', *, *, #8035, .T. ) ;
#8443 = EDGE_CURVE ( 'NONE', #1032, #8165, #6724, .T. ) ;
#8444 = EDGE_CURVE ( 'NONE', #8012, #3442, #8966, .T. ) ;
#8445 = DIRECTION ( 'NONE',  ( 0.000000000000000000, 1.000000000000000000, 0.000000000000000000 ) ) ;
#8446 = DIRECTION ( 'NONE',  ( 0.000000000000000000, 1.000000000000000000, 0.000000000000000000 ) ) ;
#8447 = CARTESIAN_POINT ( 'NONE',  ( 1.959807621866025196, 0.000000000000000000, 1.449999999791665939 ) ) ;
#8448 = DIRECTION ( 'NONE',  ( 0.000000000000000000, 0.000000000000000000, 1.000000000000000000 ) ) ;
#8449 = ORIENTED_EDGE ( 'NONE', *, *, #1307, .F. ) ;
#8450 = CARTESIAN_POINT ( 'NONE',  ( 1.275000000037500136, 0.04000000009687509905, 0.5000000000284999802 ) ) ;
#8451 = VECTOR ( 'NONE', #4028, 1000.000000000000000 ) ;
#8452 = EDGE_CURVE ( 'NONE', #6268, #464, #5358, .T. ) ;
#8453 = CARTESIAN_POINT ( 'NONE',  ( 0.5000000000000000000, 0.000000000000000000, 1.750000000000000000 ) ) ;
#8454 = ORIENTED_EDGE ( 'NONE', *, *, #9180, .F. ) ;
#8455 = EDGE_CURVE ( 'NONE', #1956, #8866, #6097, .T. ) ;
#8456 = ORIENTED_EDGE ( 'NONE', *, *, #5782, .T. ) ;
#8457 = CARTESIAN_POINT ( 'NONE',  ( 1.699999999999999956, 0.8901360615926310338, 1.751643990777304927 ) ) ;
#8458 = CARTESIAN_POINT ( 'NONE',  ( -2.575841710426994613, 0.5999999999999999778, -0.5500000000000000444 ) ) ;
#8459 = LINE ( 'NONE', #6920, #1933 ) ;
#8460 = ORIENTED_EDGE ( 'NONE', *, *, #7689, .T. ) ;
#8461 = LINE ( 'NONE', #4796, #5452 ) ;
#8462 = VERTEX_POINT ( 'NONE', #3866 ) ;
#8463 = LINE ( 'NONE', #1862, #9140 ) ;
#8464 = ORIENTED_EDGE ( 'NONE', *, *, #4999, .F. ) ;
#8465 = ORIENTED_EDGE ( 'NONE', *, *, #3022, .T. ) ;
#8466 = VECTOR ( 'NONE', #5735, 1000.000000000000114 ) ;
#8467 = CARTESIAN_POINT ( 'NONE',  ( -2.370276798999999990, 0.000000000000000000, -1.599999999666665174 ) ) ;
#8468 = LINE ( 'NONE', #8425, #1235 ) ;
#8469 = VECTOR ( 'NONE', #6983, 1000.000000000000000 ) ;
#8470 = CARTESIAN_POINT ( 'NONE',  ( -0.1499999999999999944, 0.05000000000000000278, 0.000000000000000000 ) ) ;
#8471 =( LENGTH_UNIT ( ) NAMED_UNIT ( * ) SI_UNIT ( .MILLI., .METRE. ) );
#8472 = ORIENTED_EDGE ( 'NONE', *, *, #9153, .T. ) ;
#8473 = LINE ( 'NONE', #6212, #7603 ) ;
#8474 = ORIENTED_EDGE ( 'NONE', *, *, #8842, .T. ) ;
#8475 = DIRECTION ( 'NONE',  ( 0.000000000000000000, 0.000000000000000000, 1.000000000000000000 ) ) ;
#8476 = LINE ( 'NONE', #1874, #3018 ) ;
#8477 = EDGE_CURVE ( 'NONE', #3813, #621, #7489, .T. ) ;
#8478 = CARTESIAN_POINT ( 'NONE',  ( 0.4999999996666670277, 1.147467559843081908, -1.618181820771174895 ) ) ;
#8479 = VERTEX_POINT ( 'NONE', #8924 ) ;
#8480 = DIRECTION ( 'NONE',  ( 0.000000000000000000, 1.000000000000000000, 0.000000000000000000 ) ) ;
#8481 = CARTESIAN_POINT ( 'NONE',  ( -0.5000000000000000000, 0.000000000000000000, 0.5999999999999999778 ) ) ;
#8482 = ORIENTED_EDGE ( 'NONE', *, *, #8198, .T. ) ;
#8483 = LINE ( 'NONE', #1231, #1762 ) ;
#8484 = LINE ( 'NONE', #1739, #2631 ) ;
#8485 = VERTEX_POINT ( 'NONE', #182 ) ;
#8486 = CARTESIAN_POINT ( 'NONE',  ( -0.5000000000000000000, 1.060000000000000053, -0.5014179090000000505 ) ) ;
#8487 = CARTESIAN_POINT ( 'NONE',  ( 1.959807621391375099, 0.8500000004874779247, -1.449999999827899844 ) ) ;
#8488 = DIRECTION ( 'NONE',  ( 0.000000000000000000, 0.000000000000000000, -1.000000000000000000 ) ) ;
#8489 = EDGE_CURVE ( 'NONE', #1538, #5458, #942, .T. ) ;
#8490 = LINE ( 'NONE', #8402, #5175 ) ;
#8491 = EDGE_CURVE ( 'NONE', #815, #4390, #4627, .T. ) ;
#8492 = ORIENTED_EDGE ( 'NONE', *, *, #5359, .T. ) ;
#8493 = EDGE_CURVE ( 'NONE', #619, #3856, #805, .T. ) ;
#8494 = DIRECTION ( 'NONE',  ( 0.000000000000000000, 0.000000000000000000, 1.000000000000000000 ) ) ;
#8495 = AXIS2_PLACEMENT_3D ( 'NONE', #293, #2525, #9176 ) ;
#8496 = ORIENTED_EDGE ( 'NONE', *, *, #3828, .F. ) ;
#8497 = CARTESIAN_POINT ( 'NONE',  ( -1.274999999962500130, 0.2000000001086589818, 0.4999999999988999910 ) ) ;
#8498 = ORIENTED_EDGE ( 'NONE', *, *, #3081, .F. ) ;
#8499 = SURFACE_STYLE_FILL_AREA ( #7785 ) ;
#8500 = DIRECTION ( 'NONE',  ( 0.000000000000000000, 0.000000000000000000, -1.000000000000000000 ) ) ;
#8501 = CIRCLE ( 'NONE', #5421, 0.09999999992500036017 ) ;
#8502 = EDGE_CURVE ( 'NONE', #7556, #5707, #2325, .T. ) ;
#8503 = DIRECTION ( 'NONE',  ( 1.000000000000000000, 0.000000000000000000, 0.000000000000000000 ) ) ;
#8504 = ADVANCED_FACE ( 'NONE', ( #3051 ), #1613, .T. ) ;
#8505 = EDGE_CURVE ( 'NONE', #8986, #903, #85, .T. ) ;
#8506 = ORIENTED_EDGE ( 'NONE', *, *, #192, .F. ) ;
#8507 = DIRECTION ( 'NONE',  ( 1.000000000000000000, 0.000000000000000000, 0.000000000000000000 ) ) ;
#8508 = ORIENTED_EDGE ( 'NONE', *, *, #5509, .T. ) ;
#8509 = DIRECTION ( 'NONE',  ( 1.000000000000000000, 0.000000000000000000, 0.000000000000000000 ) ) ;
#8510 = ORIENTED_EDGE ( 'NONE', *, *, #6518, .F. ) ;
#8511 = VERTEX_POINT ( 'NONE', #8164 ) ;
#8512 = PLANE ( 'NONE',  #3983 ) ;
#8513 = PRESENTATION_STYLE_ASSIGNMENT (( #3258 ) ) ;
#8514 = CARTESIAN_POINT ( 'NONE',  ( -1.575000000000145173, 0.2000000001055445009, 0.2000000000000000111 ) ) ;
#8515 = ORIENTED_EDGE ( 'NONE', *, *, #5363, .F. ) ;
#8516 = CARTESIAN_POINT ( 'NONE',  ( -2.342588587496474695, 1.140056147914642048, -0.3999999999508210280 ) ) ;
#8517 = ORIENTED_EDGE ( 'NONE', *, *, #7032, .T. ) ;
#8518 = FACE_OUTER_BOUND ( 'NONE', #2394, .T. ) ;
#8519 = EDGE_CURVE ( 'NONE', #6367, #6363, #6041, .T. ) ;
#8520 = AXIS2_PLACEMENT_3D ( 'NONE', #3173, #2544, #8945 ) ;
#8521 = DIRECTION ( 'NONE',  ( -1.000000000000000000, 0.000000000000000000, 0.000000000000000000 ) ) ;
#8522 = ORIENTED_EDGE ( 'NONE', *, *, #961, .T. ) ;
#8523 = DIRECTION ( 'NONE',  ( -1.000000000000000000, 0.000000000000000000, 0.000000000000000000 ) ) ;
#8524 = DIRECTION ( 'NONE',  ( 0.000000000000000000, -0.9989685401991768021, -0.04540766116335189645 ) ) ;
#8525 = MECHANICAL_DESIGN_GEOMETRIC_PRESENTATION_REPRESENTATION (  '', ( #3138 ), #2679 ) ;
#8526 = ORIENTED_EDGE ( 'NONE', *, *, #5844, .T. ) ;
#8527 = EDGE_CURVE ( 'NONE', #3470, #3483, #8120, .T. ) ;
#8528 = VECTOR ( 'NONE', #2420, 1000.000000000000000 ) ;
#8529 = LINE ( 'NONE', #4045, #6379 ) ;
#8530 =( GEOMETRIC_REPRESENTATION_CONTEXT ( 3 ) GLOBAL_UNCERTAINTY_ASSIGNED_CONTEXT ( ( #6803 ) ) GLOBAL_UNIT_ASSIGNED_CONTEXT ( ( #4754, #6300, #3539 ) ) REPRESENTATION_CONTEXT ( 'NONE', 'WORKASPACE' ) );
#8531 = CARTESIAN_POINT ( 'NONE',  ( 2.099999999610479673, 1.140056147740384107, -0.4249999999999999889 ) ) ;
#8532 = ORIENTED_EDGE ( 'NONE', *, *, #5057, .T. ) ;
#8533 = CARTESIAN_POINT ( 'NONE',  ( 2.350000000000000089, -1.807003620809175187E-17, 1.149999999999999911 ) ) ;
#8534 = VECTOR ( 'NONE', #5277, 1000.000000000000000 ) ;
#8535 = DIRECTION ( 'NONE',  ( 3.041483732678591394E-15, -0.04540765932803111915, -0.9989685402826005145 ) ) ;
#8536 = CARTESIAN_POINT ( 'NONE',  ( 0.2999999999999999889, 1.547467559953150218, 1.499999999986574073 ) ) ;
#8537 = CARTESIAN_POINT ( 'NONE',  ( -1.700000000120754917, 0.000000000000000000, 1.599999999930280081 ) ) ;
#8538 = EDGE_CURVE ( 'NONE', #4879, #790, #5223, .T. ) ;
#8539 = CIRCLE ( 'NONE', #3460, 0.09999999922648548922 ) ;
#8540 = VERTEX_POINT ( 'NONE', #6811 ) ;
#8541 = EDGE_CURVE ( 'NONE', #6699, #8540, #3719, .T. ) ;
#8542 = CARTESIAN_POINT ( 'NONE',  ( -1.700000000953369783, 1.502594354178510061, -1.574026654000000081 ) ) ;
#8543 = VECTOR ( 'NONE', #7733, 1000.000000000000000 ) ;
#8544 = ORIENTED_EDGE ( 'NONE', *, *, #6331, .F. ) ;
#8545 = CARTESIAN_POINT ( 'NONE',  ( 0.6500000007735150520, 1.060000000000000053, 0.5699999999999999512 ) ) ;
#8546 = VECTOR ( 'NONE', #3960, 1000.000000000000000 ) ;
#8547 = ORIENTED_EDGE ( 'NONE', *, *, #1566, .F. ) ;
#8548 = PLANE ( 'NONE',  #7307 ) ;
#8549 = DIRECTION ( 'NONE',  ( 0.000000000000000000, 0.000000000000000000, -1.000000000000000000 ) ) ;
#8550 = CARTESIAN_POINT ( 'NONE',  ( 2.349999999931195127, -2.409338161078900043E-17, 1.449999999791665939 ) ) ;
#8551 = AXIS2_PLACEMENT_3D ( 'NONE', #4338, #1376, #8637 ) ;
#8552 = ORIENTED_EDGE ( 'NONE', *, *, #3779, .T. ) ;
#8553 = LINE ( 'NONE', #4748, #549 ) ;
#8554 = VERTEX_POINT ( 'NONE', #286 ) ;
#8555 = PLANE ( 'NONE',  #8825 ) ;
#8556 = VERTEX_POINT ( 'NONE', #5950 ) ;
#8557 = VECTOR ( 'NONE', #353, 1000.000000000000000 ) ;
#8558 = ORIENTED_EDGE ( 'NONE', *, *, #5408, .T. ) ;
#8559 = EDGE_CURVE ( 'NONE', #6943, #6514, #8389, .T. ) ;
#8560 = CARTESIAN_POINT ( 'NONE',  ( 0.5999999992264859472, 1.690056146999999953, 0.5699999999999999512 ) ) ;
#8561 = CARTESIAN_POINT ( 'NONE',  ( -1.424999999226485903, 0.6038390272459159824, 1.785628019890510121 ) ) ;
#8562 = VECTOR ( 'NONE', #7104, 1000.000000000000000 ) ;
#8563 = CARTESIAN_POINT ( 'NONE',  ( -2.350000000000000089, 0.8401360608333329205, -1.451643990383348015 ) ) ;
#8564 = CARTESIAN_POINT ( 'NONE',  ( 1.799999999999854827, 0.2000000001123959925, 0.4999999999988999910 ) ) ;
#8565 = ORIENTED_EDGE ( 'NONE', *, *, #5212, .T. ) ;
#8566 = CARTESIAN_POINT ( 'NONE',  ( -1.274999999962500130, 0.03999999998249999938, 0.5000000000284999802 ) ) ;
#8567 = CIRCLE ( 'NONE', #127, 0.09999999922648554473 ) ;
#8568 = VERTEX_POINT ( 'NONE', #853 ) ;
#8569 = DIRECTION ( 'NONE',  ( -1.000000000000000000, 0.000000000000000000, 0.000000000000000000 ) ) ;
#8570 = EDGE_CURVE ( 'NONE', #529, #1069, #4540, .T. ) ;
#8571 = DIRECTION ( 'NONE',  ( -0.2738613036081180008, -0.9486832884698869206, -0.1581138974411279707 ) ) ;
#8572 = EDGE_CURVE ( 'NONE', #8305, #7268, #6764, .T. ) ;
#8573 = CARTESIAN_POINT ( 'NONE',  ( -2.149999999911110127, 1.499999999738714118, 1.521793619773354811 ) ) ;
#8574 = ORIENTED_EDGE ( 'NONE', *, *, #1276, .T. ) ;
#8575 = CARTESIAN_POINT ( 'NONE',  ( 0.4999999996749999731, 4.947919226321080201E-10, -0.5999999999936839190 ) ) ;
#8576 = SURFACE_SIDE_STYLE ('',( #9288 ) ) ;
#8577 = VECTOR ( 'NONE', #2984, 1000.000000000000000 ) ;
#8578 = LINE ( 'NONE', #9386, #7346 ) ;
#8579 = ORIENTED_EDGE ( 'NONE', *, *, #4368, .F. ) ;
#8580 = PLANE ( 'NONE',  #7446 ) ;
#8581 = EDGE_LOOP ( 'NONE', ( #6153, #4012, #4598, #2275, #6809, #1175, #1993, #8266 ) ) ;
#8582 = FACE_OUTER_BOUND ( 'NONE', #8717, .T. ) ;
#8583 = ORIENTED_EDGE ( 'NONE', *, *, #7447, .T. ) ;
#8584 = CARTESIAN_POINT ( 'NONE',  ( 1.700000000199999750, 1.500000000000000000, -1.574026654000000081 ) ) ;
#8585 = DIRECTION ( 'NONE',  ( 0.000000000000000000, 0.000000000000000000, -1.000000000000000000 ) ) ;
#8586 = LINE ( 'NONE', #559, #7014 ) ;
#8587 = DIRECTION ( 'NONE',  ( 0.8707914478650282675, -0.4916525748179580435, 0.000000000000000000 ) ) ;
#8588 = ORIENTED_EDGE ( 'NONE', *, *, #47, .F. ) ;
#8589 = PLANE ( 'NONE',  #9448 ) ;
#8590 = VERTEX_POINT ( 'NONE', #1808 ) ;
#8591 = EDGE_CURVE ( 'NONE', #2870, #8239, #4784, .T. ) ;
#8592 = DIRECTION ( 'NONE',  ( 0.000000000000000000, 0.000000000000000000, 1.000000000000000000 ) ) ;
#8593 = EDGE_LOOP ( 'NONE', ( #1082, #1560, #191, #4415 ) ) ;
#8594 = EDGE_CURVE ( 'NONE', #4916, #6265, #3340, .T. ) ;
#8595 = CARTESIAN_POINT ( 'NONE',  ( -2.299999999999999822, 1.500000000000000000, 1.408884403999999924 ) ) ;
#8596 = CARTESIAN_POINT ( 'NONE',  ( -1.350000000000000089, 0.6038390272474239984, -1.785628019923684917 ) ) ;
#8597 = VECTOR ( 'NONE', #4349, 1000.000000000000000 ) ;
#8598 = ORIENTED_EDGE ( 'NONE', *, *, #7335, .F. ) ;
#8599 = LINE ( 'NONE', #4844, #4219 ) ;
#8600 = ORIENTED_EDGE ( 'NONE', *, *, #5087, .T. ) ;
#8601 = CARTESIAN_POINT ( 'NONE',  ( -0.2999999999999999889, 1.547467560300000100, 2.250000000000000000 ) ) ;
#8602 = ORIENTED_EDGE ( 'NONE', *, *, #8728, .F. ) ;
#8603 = CARTESIAN_POINT ( 'NONE',  ( -2.250000000000000000, 0.8865307614599968744, 1.772778396271349921 ) ) ;
#8604 = LINE ( 'NONE', #2008, #5821 ) ;
#8605 = SURFACE_SIDE_STYLE ('',( #8744 ) ) ;
#8606 = DIRECTION ( 'NONE',  ( 1.000000000000000000, 0.000000000000000000, 0.000000000000000000 ) ) ;
#8607 = EDGE_CURVE ( 'NONE', #3776, #5666, #7723, .T. ) ;
#8608 = EDGE_CURVE ( 'NONE', #1420, #4639, #9218, .T. ) ;
#8609 = EDGE_LOOP ( 'NONE', ( #726, #7112, #6695, #4357 ) ) ;
#8610 = EDGE_CURVE ( 'NONE', #1981, #8887, #6218, .T. ) ;
#8611 = LINE ( 'NONE', #7033, #4980 ) ;
#8612 = ORIENTED_EDGE ( 'NONE', *, *, #961, .F. ) ;
#8613 = AXIS2_PLACEMENT_3D ( 'NONE', #22, #1411, #8671 ) ;
#8614 = CARTESIAN_POINT ( 'NONE',  ( 1.700000000199999750, 1.417467560000000182, -1.475774863000000048 ) ) ;
#8615 = CARTESIAN_POINT ( 'NONE',  ( -1.350000000000000089, 0.5973644132518820538, -1.643186507021764831 ) ) ;
#8616 = DIRECTION ( 'NONE',  ( 0.000000000000000000, -2.551063935260009998E-16, 1.000000000000000000 ) ) ;
#8617 = CARTESIAN_POINT ( 'NONE',  ( 2.342588587610479944, 1.690056146978335061, 0.3999999999642335213 ) ) ;
#8618 = DIRECTION ( 'NONE',  ( 0.000000000000000000, -0.1643989873053574302, -0.9863939238321436376 ) ) ;
#8619 = CARTESIAN_POINT ( 'NONE',  ( -2.250000000000000000, 0.9000000000801290367, -1.750000000121830102 ) ) ;
#8620 = ADVANCED_FACE ( 'NONE', ( #1094 ), #2569, .F. ) ;
#8621 = EDGE_CURVE ( 'NONE', #8017, #8322, #7902, .T. ) ;
#8622 = ORIENTED_EDGE ( 'NONE', *, *, #685, .T. ) ;
#8623 = EDGE_CURVE ( 'NONE', #1281, #6943, #5406, .T. ) ;
#8624 = DIRECTION ( 'NONE',  ( 1.000000000000000000, 0.000000000000000000, 0.000000000000000000 ) ) ;
#8625 = ORIENTED_EDGE ( 'NONE', *, *, #6161, .F. ) ;
#8626 = DIRECTION ( 'NONE',  ( 0.000000000000000000, 0.000000000000000000, 1.000000000000000000 ) ) ;
#8627 = DIRECTION ( 'NONE',  ( -1.000000000000000000, 0.000000000000000000, 0.000000000000000000 ) ) ;
#8628 = VERTEX_POINT ( 'NONE', #8453 ) ;
#8629 = FACE_OUTER_BOUND ( 'NONE', #7576, .T. ) ;
#8630 = CARTESIAN_POINT ( 'NONE',  ( -2.342588587496474695, 1.140056147914642048, 0.4249999999999999889 ) ) ;
#8631 = DIRECTION ( 'NONE',  ( -1.000000000000000000, 0.000000000000000000, 0.000000000000000000 ) ) ;
#8632 = CARTESIAN_POINT ( 'NONE',  ( -0.5999999999999999778, 1.060000000201249959, 1.500000000062500005 ) ) ;
#8633 = EDGE_LOOP ( 'NONE', ( #279, #6063, #130, #5339, #2124, #9504 ) ) ;
#8634 =( NAMED_UNIT ( * ) PLANE_ANGLE_UNIT ( ) SI_UNIT ( $, .RADIAN. ) );
#8635 = EDGE_LOOP ( 'NONE', ( #9375, #8094, #580, #7035, #5461 ) ) ;
#8636 = EDGE_CURVE ( 'NONE', #2511, #8813, #5688, .T. ) ;
#8637 = DIRECTION ( 'NONE',  ( 0.000000000000000000, 1.000000000000000000, 0.000000000000000000 ) ) ;
#8638 = ORIENTED_EDGE ( 'NONE', *, *, #6450, .T. ) ;
#8639 = DIRECTION ( 'NONE',  ( -1.215288991440558167E-12, 1.000000000000000000, 0.000000000000000000 ) ) ;
#8640 = DIRECTION ( 'NONE',  ( 0.000000000000000000, 0.000000000000000000, 1.000000000000000000 ) ) ;
#8641 =( GEOMETRIC_REPRESENTATION_CONTEXT ( 3 ) GLOBAL_UNCERTAINTY_ASSIGNED_CONTEXT ( ( #4393 ) ) GLOBAL_UNIT_ASSIGNED_CONTEXT ( ( #627, #9332, #2010 ) ) REPRESENTATION_CONTEXT ( 'NONE', 'WORKASPACE' ) );
#8642 = ORIENTED_EDGE ( 'NONE', *, *, #6130, .T. ) ;
#8643 = EDGE_CURVE ( 'NONE', #9089, #3380, #8666, .T. ) ;
#8644 = DIRECTION ( 'NONE',  ( -1.084202180871965576E-15, 0.000000000000000000, 1.000000000000000000 ) ) ;
#8645 = ORIENTED_EDGE ( 'NONE', *, *, #4917, .T. ) ;
#8646 = ORIENTED_EDGE ( 'NONE', *, *, #2961, .F. ) ;
#8647 = CARTESIAN_POINT ( 'NONE',  ( 2.250000000000000000, 0.5973644132521600536, -1.643186507027869947 ) ) ;
#8648 = AXIS2_PLACEMENT_3D ( 'NONE', #1668, #7000, #4589 ) ;
#8649 = DIRECTION ( 'NONE',  ( 0.000000000000000000, -0.9989685402826005145, -0.04540765932803104976 ) ) ;
#8650 = DIRECTION ( 'NONE',  ( -1.000000000000000000, 0.000000000000000000, 0.000000000000000000 ) ) ;
#8651 = LINE ( 'NONE', #2108, #5924 ) ;
#8652 = ORIENTED_EDGE ( 'NONE', *, *, #9136, .F. ) ;
#8653 = VECTOR ( 'NONE', #312, 1000.000000000000000 ) ;
#8654 = CARTESIAN_POINT ( 'NONE',  ( -2.250000000000000000, 1.153942174015331945, -1.760623331326210073 ) ) ;
#8655 = ORIENTED_EDGE ( 'NONE', *, *, #1973, .F. ) ;
#8656 = CARTESIAN_POINT ( 'NONE',  ( -1.199999999999999956, 1.647467559999999942, 2.250000000025000002 ) ) ;
#8657 = CARTESIAN_POINT ( 'NONE',  ( 1.349999999921602134, 0.5039421739999999650, -1.790168786000000178 ) ) ;
#8658 = DIRECTION ( 'NONE',  ( 1.000000000000000000, 0.000000000000000000, 0.000000000000000000 ) ) ;
#8659 = EDGE_CURVE ( 'NONE', #375, #2281, #5515, .T. ) ;
#8660 = SURFACE_STYLE_USAGE ( .BOTH. , #7894 ) ;
#8661 =( NAMED_UNIT ( * ) PLANE_ANGLE_UNIT ( ) SI_UNIT ( $, .RADIAN. ) );
#8662 = AXIS2_PLACEMENT_3D ( 'NONE', #6261, #6347, #3356 ) ;
#8663 = CARTESIAN_POINT ( 'NONE',  ( 2.150000000706850045, 0.5039421739999999650, 1.790168786000000178 ) ) ;
#8664 = EDGE_LOOP ( 'NONE', ( #4480, #2579, #9327, #8761 ) ) ;
#8665 = LINE ( 'NONE', #3652, #4834 ) ;
#8666 = CIRCLE ( 'NONE', #4996, 0.09999999922648550310 ) ;
#8667 = VERTEX_POINT ( 'NONE', #4956 ) ;
#8668 = LINE ( 'NONE', #6955, #2534 ) ;
#8669 = DIRECTION ( 'NONE',  ( 0.000000000000000000, -1.000000000000000000, 1.214080558205069872E-16 ) ) ;
#8670 = EDGE_LOOP ( 'NONE', ( #230, #1127, #6723, #8983 ) ) ;
#8671 = DIRECTION ( 'NONE',  ( -1.000000000000000000, -1.215290246266205980E-12, 0.000000000000000000 ) ) ;
#8672 = EDGE_CURVE ( 'NONE', #5707, #6410, #383, .T. ) ;
#8673 = CARTESIAN_POINT ( 'NONE',  ( 2.750000000000000000, 0.5016694850364079583, -0.5500000000000000444 ) ) ;
#8674 = DIRECTION ( 'NONE',  ( 1.000000000000000000, 0.000000000000000000, 0.000000000000000000 ) ) ;
#8675 = DIRECTION ( 'NONE',  ( -0.000000000000000000, 1.000000000000000000, 0.000000000000000000 ) ) ;
#8676 = VECTOR ( 'NONE', #6269, 1000.000000000000000 ) ;
#8677 = VECTOR ( 'NONE', #4035, 1000.000000000000000 ) ;
#8678 = VECTOR ( 'NONE', #2611, 1000.000000000000000 ) ;
#8679 = ORIENTED_EDGE ( 'NONE', *, *, #5180, .T. ) ;
#8680 = VECTOR ( 'NONE', #7716, 1000.000000000000000 ) ;
#8681 = ORIENTED_EDGE ( 'NONE', *, *, #4092, .F. ) ;
#8682 = VECTOR ( 'NONE', #4411, 999.9999999999998863 ) ;
#8683 = LINE ( 'NONE', #2039, #7173 ) ;
#8684 = ORIENTED_EDGE ( 'NONE', *, *, #6719, .F. ) ;
#8685 = VECTOR ( 'NONE', #4464, 1000.000000000000000 ) ;
#8686 = LINE ( 'NONE', #8013, #3150 ) ;
#8687 = ADVANCED_FACE ( 'NONE', ( #6461 ), #6242, .F. ) ;
#8688 = MECHANICAL_DESIGN_GEOMETRIC_PRESENTATION_REPRESENTATION (  '', ( #7153 ), #6081 ) ;
#8689 = CARTESIAN_POINT ( 'NONE',  ( -2.150000000773514941, 0.5039421739999999650, 1.790168786000000178 ) ) ;
#8690 = STYLED_ITEM ( 'NONE', ( #5926 ), #8788 ) ;
#8691 = EDGE_CURVE ( 'NONE', #5779, #5903, #2791, .T. ) ;
#8692 = AXIS2_PLACEMENT_3D ( 'NONE', #7643, #1815, #4746 ) ;
#8693 = ORIENTED_EDGE ( 'NONE', *, *, #3828, .T. ) ;
#8694 =( NAMED_UNIT ( * ) PLANE_ANGLE_UNIT ( ) SI_UNIT ( $, .RADIAN. ) );
#8695 = VECTOR ( 'NONE', #8488, 1000.000000000000000 ) ;
#8696 = VERTEX_POINT ( 'NONE', #645 ) ;
#8697 = VERTEX_POINT ( 'NONE', #6913 ) ;
#8698 = CARTESIAN_POINT ( 'NONE',  ( -2.350000000096295061, 0.000000000000000000, -0.5500000000000000444 ) ) ;
#8699 = LINE ( 'NONE', #2731, #7220 ) ;
#8700 = CARTESIAN_POINT ( 'NONE',  ( 1.350000000000000089, 1.147467560013382126, -1.618181818294385010 ) ) ;
#8701 = VERTEX_POINT ( 'NONE', #429 ) ;
#8702 = DIRECTION ( 'NONE',  ( -0.000000000000000000, 0.9989685402826004035, 0.04540765932803047383 ) ) ;
#8703 = VECTOR ( 'NONE', #3198, 1000.000000000000000 ) ;
#8704 = EDGE_LOOP ( 'NONE', ( #1429, #2533, #5992, #3952, #2898, #919, #1536, #6762 ) ) ;
#8705 = CARTESIAN_POINT ( 'NONE',  ( 0.2000000007735139862, 1.547467560000000075, 2.250000000000000000 ) ) ;
#8706 = COLOUR_RGB ( '',0.7764705882352941346, 0.7568627450980391913, 0.7372549019607843590 ) ;
#8707 = ORIENTED_EDGE ( 'NONE', *, *, #6263, .F. ) ;
#8708 = EDGE_CURVE ( 'NONE', #183, #6198, #3237, .T. ) ;
#8709 = CARTESIAN_POINT ( 'NONE',  ( 1.449999999999999956, 1.455783556209321761, -1.600000000000000089 ) ) ;
#8710 = LINE ( 'NONE', #6498, #1851 ) ;
#8711 = LINE ( 'NONE', #2118, #3724 ) ;
#8712 = LINE ( 'NONE', #9428, #3629 ) ;
#8713 = LINE ( 'NONE', #8619, #3183 ) ;
#8714 = VECTOR ( 'NONE', #81, 1000.000000000000000 ) ;
#8715 = EDGE_LOOP ( 'NONE', ( #771, #3430, #8296, #2918 ) ) ;
#8716 = DIRECTION ( 'NONE',  ( -1.000000000000000000, 0.000000000000000000, 0.000000000000000000 ) ) ;
#8717 = EDGE_LOOP ( 'NONE', ( #4445, #1822, #8423, #8392 ) ) ;
#8718 = LINE ( 'NONE', #7415, #1622 ) ;
#8719 = CYLINDRICAL_SURFACE ( 'NONE', #576, 0.2000000000000000944 ) ;
#8720 = ORIENTED_EDGE ( 'NONE', *, *, #1382, .F. ) ;
#8721 = LINE ( 'NONE', #606, #1847 ) ;
#8722 = VECTOR ( 'NONE', #4332, 1000.000000000000000 ) ;
#8723 = LINE ( 'NONE', #5694, #4952 ) ;
#8724 = CARTESIAN_POINT ( 'NONE',  ( 1.962096608000000186, 0.8399268770000000162, -1.450320596999999934 ) ) ;
#8725 = DIRECTION ( 'NONE',  ( 1.000000000000000000, 0.000000000000000000, 0.000000000000000000 ) ) ;
#8726 = ORIENTED_EDGE ( 'NONE', *, *, #8020, .F. ) ;
#8727 = PLANE ( 'NONE',  #6227 ) ;
#8728 = EDGE_CURVE ( 'NONE', #1375, #8239, #8668, .T. ) ;
#8729 = EDGE_CURVE ( 'NONE', #2647, #8667, #2074, .T. ) ;
#8730 = ORIENTED_EDGE ( 'NONE', *, *, #3053, .F. ) ;
#8731 = LINE ( 'NONE', #8816, #1790 ) ;
#8732 = ORIENTED_EDGE ( 'NONE', *, *, #1342, .T. ) ;
#8733 = DIRECTION ( 'NONE',  ( 0.8630339425589810265, -0.08304547988595900598, 0.4982728793157539804 ) ) ;
#8734 = CYLINDRICAL_SURFACE ( 'NONE', #4256, 0.09999999999999999167 ) ;
#8735 = ADVANCED_FACE ( 'NONE', ( #1367 ), #4325, .T. ) ;
#8736 = ORIENTED_EDGE ( 'NONE', *, *, #6944, .F. ) ;
#8737 = EDGE_CURVE ( 'NONE', #2799, #2964, #739, .T. ) ;
#8738 = LINE ( 'NONE', #620, #8967 ) ;
#8739 = ORIENTED_EDGE ( 'NONE', *, *, #577, .T. ) ;
#8740 =( LENGTH_UNIT ( ) NAMED_UNIT ( * ) SI_UNIT ( .MILLI., .METRE. ) );
#8741 = ORIENTED_EDGE ( 'NONE', *, *, #4076, .T. ) ;
#8742 = DIRECTION ( 'NONE',  ( -1.000000000000000000, 0.000000000000000000, 0.000000000000000000 ) ) ;
#8743 = FACE_OUTER_BOUND ( 'NONE', #7987, .T. ) ;
#8744 = SURFACE_STYLE_FILL_AREA ( #7168 ) ;
#8745 = CARTESIAN_POINT ( 'NONE',  ( -1.199999999999999956, 1.547467560074999859, 2.150000000083335028 ) ) ;
#8746 = ORIENTED_EDGE ( 'NONE', *, *, #5672, .F. ) ;
#8747 = CARTESIAN_POINT ( 'NONE',  ( -2.350000000000000089, 1.240192379100433895, 1.750000000000000000 ) ) ;
#8748 = ORIENTED_EDGE ( 'NONE', *, *, #1838, .T. ) ;
#8749 = LINE ( 'NONE', #6494, #6680 ) ;
#8750 = ORIENTED_EDGE ( 'NONE', *, *, #9019, .F. ) ;
#8751 = DIRECTION ( 'NONE',  ( 0.5000000001953349704, 0.000000000000000000, -0.8660254036716619197 ) ) ;
#8752 = DIRECTION ( 'NONE',  ( 0.000000000000000000, -1.000000000000000000, 1.720802467602154949E-16 ) ) ;
#8753 = DIRECTION ( 'NONE',  ( 0.000000000000000000, -1.000000000000000000, 0.000000000000000000 ) ) ;
#8754 = VECTOR ( 'NONE', #261, 1000.000000000000000 ) ;
#8755 = ORIENTED_EDGE ( 'NONE', *, *, #8527, .F. ) ;
#8756 = CYLINDRICAL_SURFACE ( 'NONE', #3446, 0.2500000000000000000 ) ;
#8757 = VERTEX_POINT ( 'NONE', #1547 ) ;
#8758 = CARTESIAN_POINT ( 'NONE',  ( 0.7500000000000000000, 1.650056147000000140, 0.4700000007735149476 ) ) ;
#8759 = EDGE_CURVE ( 'NONE', #7514, #5925, #1590, .T. ) ;
#8760 = LINE ( 'NONE', #4243, #4704 ) ;
#8761 = ORIENTED_EDGE ( 'NONE', *, *, #1086, .F. ) ;
#8762 = CYLINDRICAL_SURFACE ( 'NONE', #5693, 0.09999999922648533657 ) ;
#8763 = CARTESIAN_POINT ( 'NONE',  ( -2.149999999999999911, 1.140056146948334126, 0.4249999999999999889 ) ) ;
#8764 = DIRECTION ( 'NONE',  ( 0.000000000000000000, 1.000000000000000000, 0.000000000000000000 ) ) ;
#8765 = VECTOR ( 'NONE', #3948, 1000.000000000000000 ) ;
#8766 = DIRECTION ( 'NONE',  ( 1.000000000000000000, 0.000000000000000000, 0.000000000000000000 ) ) ;
#8767 = CARTESIAN_POINT ( 'NONE',  ( 0.7500000009999999717, 1.247467559705230045, -1.613636363738395030 ) ) ;
#8768 = VERTEX_POINT ( 'NONE', #688 ) ;
#8769 = CARTESIAN_POINT ( 'NONE',  ( 2.149999999999999911, 1.649031131325479960, 1.521793620081484777 ) ) ;
#8770 = EDGE_LOOP ( 'NONE', ( #2114, #2625, #8464, #1657 ) ) ;
#8771 = PLANE ( 'NONE',  #8551 ) ;
#8772 = EDGE_CURVE ( 'NONE', #7566, #5203, #8805, .T. ) ;
#8773 = ORIENTED_EDGE ( 'NONE', *, *, #3487, .T. ) ;
#8774 = CARTESIAN_POINT ( 'NONE',  ( -1.199999999999999956, 1.547467560000000075, 2.250000000025000002 ) ) ;
#8775 = CARTESIAN_POINT ( 'NONE',  ( -2.350000000000000089, 0.000000000000000000, -1.149999999999999911 ) ) ;
#8776 = ADVANCED_FACE ( 'NONE', ( #9437 ), #8187, .F. ) ;
#8777 = EDGE_CURVE ( 'NONE', #1272, #7395, #9486, .T. ) ;
#8778 = VERTEX_POINT ( 'NONE', #3745 ) ;
#8779 = CARTESIAN_POINT ( 'NONE',  ( -0.5000000000000000000, 1.104938393441734057, -0.5014179090000000505 ) ) ;
#8780 = VERTEX_POINT ( 'NONE', #8758 ) ;
#8781 = LINE ( 'NONE', #9369, #2677 ) ;
#8782 = CARTESIAN_POINT ( 'NONE',  ( 1.149999999899999903, 1.060000000000000053, -1.750000000000000000 ) ) ;
#8783 = ORIENTED_EDGE ( 'NONE', *, *, #3911, .F. ) ;
#8784 = CARTESIAN_POINT ( 'NONE',  ( 1.199999999999999956, 0.2474675600000000031, 2.250000000000000000 ) ) ;
#8785 = VECTOR ( 'NONE', #4668, 999.9999999999998863 ) ;
#8786 = CARTESIAN_POINT ( 'NONE',  ( -1.324999999999999956, 0.8699944349705001079, 1.630794233823000150 ) ) ;
#8787 = EDGE_CURVE ( 'NONE', #8540, #7295, #8718, .T. ) ;
#8788 = ADVANCED_FACE ( 'NONE', ( #3606 ), #5975, .T. ) ;
#8789 = ORIENTED_EDGE ( 'NONE', *, *, #8353, .T. ) ;
#8790 = CARTESIAN_POINT ( 'NONE',  ( -2.750000000000000000, 0.5016694850364079583, -0.5500000000000000444 ) ) ;
#8791 = ORIENTED_EDGE ( 'NONE', *, *, #1158, .T. ) ;
#8792 = CARTESIAN_POINT ( 'NONE',  ( 1.199999999999999956, 1.647467559999999942, 2.250000000025000002 ) ) ;
#8793 = VECTOR ( 'NONE', #1162, 1000.000000000000000 ) ;
#8794 = ORIENTED_EDGE ( 'NONE', *, *, #5678, .F. ) ;
#8795 = CARTESIAN_POINT ( 'NONE',  ( -0.5000000000000000000, 1.244907227016081919, -0.4742107240827390102 ) ) ;
#8796 = DIRECTION ( 'NONE',  ( 1.000000000000000000, 0.000000000000000000, 0.000000000000000000 ) ) ;
#8797 =( NAMED_UNIT ( * ) PLANE_ANGLE_UNIT ( ) SI_UNIT ( $, .RADIAN. ) );
#8798 = PLANE ( 'NONE',  #8409 ) ;
#8799 = EDGE_CURVE ( 'NONE', #3086, #5479, #8903, .T. ) ;
#8800 = CARTESIAN_POINT ( 'NONE',  ( -0.7500000000000000000, 1.247467559705230045, -1.613636363738395030 ) ) ;
#8801 = ORIENTED_EDGE ( 'NONE', *, *, #3895, .T. ) ;
#8802 = EDGE_CURVE ( 'NONE', #2992, #4116, #7997, .T. ) ;
#8803 = CARTESIAN_POINT ( 'NONE',  ( -1.750000000120085053, 0.000000000000000000, -0.5999999994999999364 ) ) ;
#8804 = VERTEX_POINT ( 'NONE', #5056 ) ;
#8805 = LINE ( 'NONE', #4424, #6694 ) ;
#8806 = DIRECTION ( 'NONE',  ( -0.000000000000000000, 1.000000000000000000, 0.000000000000000000 ) ) ;
#8807 = EDGE_LOOP ( 'NONE', ( #3343, #1763, #3901, #2274 ) ) ;
#8808 = VECTOR ( 'NONE', #7599, 1000.000000000000000 ) ;
#8809 = LINE ( 'NONE', #1369, #326 ) ;
#8810 = CARTESIAN_POINT ( 'NONE',  ( -1.274999999962500130, 0.2000000000994920091, -0.5000000000011000090 ) ) ;
#8811 = CARTESIAN_POINT ( 'NONE',  ( 1.959807621391375099, 0.8401360609852669414, -1.451643989911600041 ) ) ;
#8812 = PLANE ( 'NONE',  #3899 ) ;
#8813 = VERTEX_POINT ( 'NONE', #7325 ) ;
#8814 = DIRECTION ( 'NONE',  ( 0.000000000000000000, 0.000000000000000000, -1.000000000000000000 ) ) ;
#8815 = EDGE_LOOP ( 'NONE', ( #8019, #2419, #6571, #3225, #4443, #6299 ) ) ;
#8816 = CARTESIAN_POINT ( 'NONE',  ( 1.800000000000000044, 0.03999999998249999938, 0.5000000000284999802 ) ) ;
#8817 = ORIENTED_EDGE ( 'NONE', *, *, #3580, .F. ) ;
#8818 = VECTOR ( 'NONE', #7946, 1000.000000000000000 ) ;
#8819 = CARTESIAN_POINT ( 'NONE',  ( -0.6500000007735150520, 1.060000000000000053, -0.5500000007735150742 ) ) ;
#8820 = ADVANCED_FACE ( 'NONE', ( #5204 ), #6557, .F. ) ;
#8821 = VECTOR ( 'NONE', #451, 1000.000000000000000 ) ;
#8822 =( GEOMETRIC_REPRESENTATION_CONTEXT ( 3 ) GLOBAL_UNCERTAINTY_ASSIGNED_CONTEXT ( ( #2946 ) ) GLOBAL_UNIT_ASSIGNED_CONTEXT ( ( #5699, #8634, #29 ) ) REPRESENTATION_CONTEXT ( 'NONE', 'WORKASPACE' ) );
#8823 = FACE_OUTER_BOUND ( 'NONE', #3769, .T. ) ;
#8824 = EDGE_CURVE ( 'NONE', #3260, #9449, #7604, .T. ) ;
#8825 = AXIS2_PLACEMENT_3D ( 'NONE', #6297, #9229, #8509 ) ;
#8826 = VECTOR ( 'NONE', #6121, 1000.000000000000000 ) ;
#8827 = ORIENTED_EDGE ( 'NONE', *, *, #756, .T. ) ;
#8829 = VECTOR ( 'NONE', #2024, 1000.000000000000000 ) ;
#8828 = DIRECTION ( 'NONE',  ( 0.000000000000000000, -1.000000000000000000, 0.000000000000000000 ) ) ;
#8830 = ORIENTED_EDGE ( 'NONE', *, *, #2972, .F. ) ;
#8831 = DIRECTION ( 'NONE',  ( 0.000000000000000000, 0.000000000000000000, 1.000000000000000000 ) ) ;
#8832 = CIRCLE ( 'NONE', #6994, 0.09999999922648548922 ) ;
#8833 = EDGE_LOOP ( 'NONE', ( #6568, #1422, #7466, #7861 ) ) ;
#8834 = DIRECTION ( 'NONE',  ( 0.000000000000000000, 1.000000000000000000, 0.000000000000000000 ) ) ;
#8835 = LINE ( 'NONE', #1486, #1126 ) ;
#8836 = AXIS2_PLACEMENT_3D ( 'NONE', #6589, #674, #3589 ) ;
#8837 = AXIS2_PLACEMENT_3D ( 'NONE', #6400, #9335, #4222 ) ;
#8838 = AXIS2_PLACEMENT_3D ( 'NONE', #2814, #5712, #1483 ) ;
#8839 = ORIENTED_EDGE ( 'NONE', *, *, #2359, .F. ) ;
#8840 = LINE ( 'NONE', #4273, #1010 ) ;
#8841 = ORIENTED_EDGE ( 'NONE', *, *, #2430, .T. ) ;
#8842 = EDGE_CURVE ( 'NONE', #5828, #3234, #2348, .T. ) ;
#8843 = CARTESIAN_POINT ( 'NONE',  ( -0.5000000000000000000, 5.208344461619339889E-10, -1.750000000122394983 ) ) ;
#8844 = VERTEX_POINT ( 'NONE', #4654 ) ;
#8845 = VECTOR ( 'NONE', #988, 1000.000000000000000 ) ;
#8846 = CARTESIAN_POINT ( 'NONE',  ( -2.250000000000000000, 0.5039421739999999650, 1.790168786000000178 ) ) ;
#8847 = LINE ( 'NONE', #7552, #3212 ) ;
#8848 = VECTOR ( 'NONE', #5258, 1000.000000000000000 ) ;
#8849 = FACE_OUTER_BOUND ( 'NONE', #1354, .T. ) ;
#8850 = CARTESIAN_POINT ( 'NONE',  ( -1.750000000120085053, 0.03000000010999999758, -0.5999999994999999364 ) ) ;
#8851 = LINE ( 'NONE', #6013, #854 ) ;
#8852 = VECTOR ( 'NONE', #6432, 1000.000000000000000 ) ;
#8853 = ORIENTED_EDGE ( 'NONE', *, *, #4353, .F. ) ;
#8854 = EDGE_CURVE ( 'NONE', #7048, #1297, #2445, .T. ) ;
#8855 = CARTESIAN_POINT ( 'NONE',  ( -2.350000000000000089, 0.8401360609999999340, -1.451643989999999995 ) ) ;
#8856 = PRESENTATION_LAYER_ASSIGNMENT (  '', '', ( #9014 ) ) ;
#8857 = ORIENTED_EDGE ( 'NONE', *, *, #8158, .T. ) ;
#8858 = DIRECTION ( 'NONE',  ( 0.000000000000000000, 0.000000000000000000, -1.000000000000000000 ) ) ;
#8859 = ADVANCED_FACE ( 'NONE', ( #3890 ), #6788, .F. ) ;
#8860 = PLANE ( 'NONE',  #6712 ) ;
#8861 = FACE_OUTER_BOUND ( 'NONE', #5871, .T. ) ;
#8862 = CIRCLE ( 'NONE', #5174, 0.09999999922648533657 ) ;
#8863 = FACE_OUTER_BOUND ( 'NONE', #4264, .T. ) ;
#8864 = VECTOR ( 'NONE', #2652, 1000.000000000000000 ) ;
#8865 = DIRECTION ( 'NONE',  ( 0.000000000000000000, 0.9989685402826004035, -0.04540765932803051547 ) ) ;
#8866 = VERTEX_POINT ( 'NONE', #8332 ) ;
#8867 = DIRECTION ( 'NONE',  ( 1.000000000000000000, 0.000000000000000000, 0.000000000000000000 ) ) ;
#8868 = CIRCLE ( 'NONE', #444, 0.09999999999999999167 ) ;
#8869 = VERTEX_POINT ( 'NONE', #4761 ) ;
#8870 = EDGE_LOOP ( 'NONE', ( #6880, #2921, #5274, #2112, #50, #6635, #2143, #6768 ) ) ;
#8871 = CARTESIAN_POINT ( 'NONE',  ( -1.318844507999999971, -0.8042708029999989794, 1.521977133000000038 ) ) ;
#8872 = ORIENTED_EDGE ( 'NONE', *, *, #6489, .F. ) ;
#8873 = DIRECTION ( 'NONE',  ( 0.000000000000000000, 0.9989685402014012450, 0.04540766111441242592 ) ) ;
#8874 = PLANE ( 'NONE',  #9177 ) ;
#8875 = AXIS2_PLACEMENT_3D ( 'NONE', #2353, #5296, #3850 ) ;
#8876 = ADVANCED_FACE ( 'NONE', ( #258 ), #6892, .F. ) ;
#8877 = VERTEX_POINT ( 'NONE', #3075 ) ;
#8878 = CARTESIAN_POINT ( 'NONE',  ( -1.449999999226485814, 0.6038390272474239984, -1.785628019923684917 ) ) ;
#8879 = ORIENTED_EDGE ( 'NONE', *, *, #9136, .T. ) ;
#8880 = EDGE_CURVE ( 'NONE', #9508, #7859, #6017, .T. ) ;
#8881 = LINE ( 'NONE', #1222, #1795 ) ;
#8882 = ORIENTED_EDGE ( 'NONE', *, *, #6024, .T. ) ;
#8883 = FACE_OUTER_BOUND ( 'NONE', #91, .T. ) ;
#8884 = CARTESIAN_POINT ( 'NONE',  ( 1.574999999999999956, 0.1999999999541665074, 0.4999999999972500331 ) ) ;
#8885 = LINE ( 'NONE', #8170, #4821 ) ;
#8886 = DIRECTION ( 'NONE',  ( 1.000000000000000000, 0.000000000000000000, 0.000000000000000000 ) ) ;
#8887 = VERTEX_POINT ( 'NONE', #6068 ) ;
#8888 = ORIENTED_EDGE ( 'NONE', *, *, #35, .T. ) ;
#8889 = PLANE ( 'NONE',  #8057 ) ;
#8890 = ORIENTED_EDGE ( 'NONE', *, *, #4811, .T. ) ;
#8891 = CARTESIAN_POINT ( 'NONE',  ( 1.275000000000000133, 1.060000000000000053, 1.500000000000000000 ) ) ;
#8892 = FILL_AREA_STYLE ('',( #4505 ) ) ;
#8893 = EDGE_CURVE ( 'NONE', #5319, #3556, #1729, .T. ) ;
#8894 = DIRECTION ( 'NONE',  ( 1.000000000000000000, -6.174744296713269654E-17, 0.000000000000000000 ) ) ;
#8895 = CARTESIAN_POINT ( 'NONE',  ( -2.349999999496474867, 0.8800000001333340149, 0.4250000000491789276 ) ) ;
#8896 = EDGE_CURVE ( 'NONE', #284, #1062, #6748, .T. ) ;
#8897 = ADVANCED_FACE ( 'NONE', ( #3803 ), #1022, .T. ) ;
#8898 = AXIS2_PLACEMENT_3D ( 'NONE', #1642, #2404, #7560 ) ;
#8899 = VECTOR ( 'NONE', #4898, 1000.000000000000000 ) ;
#8900 = VERTEX_POINT ( 'NONE', #3264 ) ;
#8901 = DIRECTION ( 'NONE',  ( 0.000000000000000000, 0.000000000000000000, -1.000000000000000000 ) ) ;
#8902 = ORIENTED_EDGE ( 'NONE', *, *, #2343, .T. ) ;
#8903 = LINE ( 'NONE', #4515, #3128 ) ;
#8904 = DIRECTION ( 'NONE',  ( 1.000000000000000000, 0.000000000000000000, 0.000000000000000000 ) ) ;
#8905 = FILL_AREA_STYLE ('',( #5930 ) ) ;
#8906 = DIRECTION ( 'NONE',  ( -1.000000000000000000, 0.000000000000000000, 0.000000000000000000 ) ) ;
#8907 = EDGE_CURVE ( 'NONE', #3514, #6912, #9000, .T. ) ;
#8908 = CARTESIAN_POINT ( 'NONE',  ( 2.149999999999999911, 1.690056146999999953, 1.749999999625740044 ) ) ;
#8909 = ADVANCED_FACE ( 'NONE', ( #6838 ), #5289, .T. ) ;
#8910 = ADVANCED_FACE ( 'NONE', ( #3992 ), #5432, .F. ) ;
#8911 = VERTEX_POINT ( 'NONE', #3946 ) ;
#8912 = FACE_OUTER_BOUND ( 'NONE', #986, .T. ) ;
#8913 = DIRECTION ( 'NONE',  ( 0.000000000000000000, 0.04540766116335259728, -0.9989685401991766911 ) ) ;
#8914 = ORIENTED_EDGE ( 'NONE', *, *, #8008, .F. ) ;
#8915 = CARTESIAN_POINT ( 'NONE',  ( -1.324999999999999956, -0.8042708029999989794, 1.550000000000000044 ) ) ;
#8916 = VECTOR ( 'NONE', #7178, 1000.000000000000000 ) ;
#8917 = ORIENTED_EDGE ( 'NONE', *, *, #3617, .F. ) ;
#8918 = UNCERTAINTY_MEASURE_WITH_UNIT (LENGTH_MEASURE( 1.000000000000000082E-05 ), #3461, 'distance_accuracy_value', 'NONE');
#8919 = DIRECTION ( 'NONE',  ( 1.000000000000000000, 0.000000000000000000, 0.000000000000000000 ) ) ;
#8920 = DIRECTION ( 'NONE',  ( 1.000000000000000000, 0.000000000000000000, 0.000000000000000000 ) ) ;
#8921 = EDGE_LOOP ( 'NONE', ( #16, #7343, #9460, #1995 ) ) ;
#8922 = ORIENTED_EDGE ( 'NONE', *, *, #95, .F. ) ;
#8923 = ADVANCED_FACE ( 'NONE', ( #6215 ), #309, .F. ) ;
#8924 = CARTESIAN_POINT ( 'NONE',  ( -1.700000000047334980, 0.8651360610221501268, -1.601643990030529929 ) ) ;
#8925 = ORIENTED_EDGE ( 'NONE', *, *, #5710, .T. ) ;
#8926 = CARTESIAN_POINT ( 'NONE',  ( -2.149999999999999911, 1.500000000000000000, -0.9000000001087259394 ) ) ;
#8927 = EDGE_LOOP ( 'NONE', ( #5448, #1049, #8229, #4023 ) ) ;
#8928 = CARTESIAN_POINT ( 'NONE',  ( -0.5000000000000000000, 1.060000000000000053, 0.5500000007735150742 ) ) ;
#8929 = CARTESIAN_POINT ( 'NONE',  ( 2.149999999610479939, 1.650056147000000140, 0.3999999999642335213 ) ) ;
#8930 = CARTESIAN_POINT ( 'NONE',  ( -1.149999999999999911, 1.052467559644999939, 1.600000000000000089 ) ) ;
#8931 = DIRECTION ( 'NONE',  ( 0.000000000000000000, 0.000000000000000000, -1.000000000000000000 ) ) ;
#8932 = ORIENTED_EDGE ( 'NONE', *, *, #8060, .T. ) ;
#8933 = CARTESIAN_POINT ( 'NONE',  ( -0.7500000000000000000, 1.060000000000000053, -0.5014179089433330461 ) ) ;
#8934 = VERTEX_POINT ( 'NONE', #1829 ) ;
#8935 = FACE_OUTER_BOUND ( 'NONE', #4146, .T. ) ;
#8936 = ORIENTED_EDGE ( 'NONE', *, *, #1392, .F. ) ;
#8937 = CARTESIAN_POINT ( 'NONE',  ( 1.317912324000000135, 1.681423601000000101, 1.525932237999999996 ) ) ;
#8938 = DIRECTION ( 'NONE',  ( 0.000000000000000000, 0.000000000000000000, 1.000000000000000000 ) ) ;
#8939 = DIRECTION ( 'NONE',  ( 1.000000000000000000, 0.000000000000000000, 0.000000000000000000 ) ) ;
#8940 = CARTESIAN_POINT ( 'NONE',  ( -1.449999999999999956, 1.500000000000000000, -1.475774862966304113 ) ) ;
#8941 = EDGE_LOOP ( 'NONE', ( #4375, #5407, #3331, #1768, #1997, #3855, #7848 ) ) ;
#8942 = AXIS2_PLACEMENT_3D ( 'NONE', #4030, #2484, #6208 ) ;
#8943 = DIRECTION ( 'NONE',  ( -1.000000000000000000, 0.000000000000000000, 0.000000000000000000 ) ) ;
#8944 = ORIENTED_EDGE ( 'NONE', *, *, #7921, .F. ) ;
#8945 = DIRECTION ( 'NONE',  ( 1.000000000000000000, 0.000000000000000000, 0.000000000000000000 ) ) ;
#8946 = CARTESIAN_POINT ( 'NONE',  ( 2.350000000000000089, 0.8401360609852669414, -1.451643989911600041 ) ) ;
#8947 = EDGE_CURVE ( 'NONE', #1098, #7015, #881, .T. ) ;
#8948 = LINE ( 'NONE', #3805, #1543 ) ;
#8949 = CARTESIAN_POINT ( 'NONE',  ( -1.575000000000145173, 0.2000000001082944956, 0.4999999999988999910 ) ) ;
#8950 = PLANE ( 'NONE',  #8875 ) ;
#8951 = VECTOR ( 'NONE', #3473, 1000.000000000000000 ) ;
#8952 = CARTESIAN_POINT ( 'NONE',  ( -0.5999999999999999778, 1.052467559999999969, 2.149999999999999911 ) ) ;
#8953 = EDGE_LOOP ( 'NONE', ( #1897, #2141, #754, #5055 ) ) ;
#8954 = FACE_OUTER_BOUND ( 'NONE', #9155, .T. ) ;
#8955 = AXIS2_PLACEMENT_3D ( 'NONE', #56, #4508, #917 ) ;
#8956 = CARTESIAN_POINT ( 'NONE',  ( 2.250000000000000000, 0.5973644140000000657, -1.750000000109265041 ) ) ;
#8957 = VERTEX_POINT ( 'NONE', #3122 ) ;
#8958 = EDGE_CURVE ( 'NONE', #571, #7324, #968, .T. ) ;
#8959 = DIRECTION ( 'NONE',  ( 0.000000000000000000, 1.000000000000000000, 0.000000000000000000 ) ) ;
#8960 = FACE_OUTER_BOUND ( 'NONE', #5960, .T. ) ;
#8961 = CARTESIAN_POINT ( 'NONE',  ( 1.800000000000000044, 0.03000000011000010167, 0.5000000000284999802 ) ) ;
#8962 = AXIS2_PLACEMENT_3D ( 'NONE', #1134, #6137, #1798 ) ;
#8963 = ORIENTED_EDGE ( 'NONE', *, *, #3892, .T. ) ;
#8964 = LINE ( 'NONE', #1044, #2214 ) ;
#8965 = ORIENTED_EDGE ( 'NONE', *, *, #6151, .T. ) ;
#8966 = LINE ( 'NONE', #3145, #4828 ) ;
#8967 = VECTOR ( 'NONE', #2140, 1000.000000000000000 ) ;
#8968 = ORIENTED_EDGE ( 'NONE', *, *, #8538, .T. ) ;
#8969 = EDGE_CURVE ( 'NONE', #2212, #9111, #495, .T. ) ;
#8970 = FACE_OUTER_BOUND ( 'NONE', #660, .T. ) ;
#8971 = ORIENTED_EDGE ( 'NONE', *, *, #3501, .F. ) ;
#8972 = DIRECTION ( 'NONE',  ( 0.000000000000000000, -1.000000000000000000, 0.000000000000000000 ) ) ;
#8973 = LINE ( 'NONE', #3780, #7119 ) ;
#8974 = DIRECTION ( 'NONE',  ( 0.000000000000000000, 0.000000000000000000, -1.000000000000000000 ) ) ;
#8975 = EDGE_CURVE ( 'NONE', #9108, #1628, #7122, .T. ) ;
#8976 = FILL_AREA_STYLE ('',( #3638 ) ) ;
#8977 = VECTOR ( 'NONE', #8084, 1000.000000000000000 ) ;
#8978 = VECTOR ( 'NONE', #6647, 1000.000000000000000 ) ;
#8979 = AXIS2_PLACEMENT_3D ( 'NONE', #4831, #4154, #8494 ) ;
#8980 = ORIENTED_EDGE ( 'NONE', *, *, #4548, .T. ) ;
#8981 = FACE_OUTER_BOUND ( 'NONE', #295, .T. ) ;
#8982 = STYLED_ITEM ( 'NONE', ( #4705 ), #3703 ) ;
#8983 = ORIENTED_EDGE ( 'NONE', *, *, #6082, .F. ) ;
#8984 = DIRECTION ( 'NONE',  ( 0.000000000000000000, 0.9989685402826004035, -0.04540765932803051547 ) ) ;
#8985 = VERTEX_POINT ( 'NONE', #2592 ) ;
#8986 = VERTEX_POINT ( 'NONE', #7175 ) ;
#8987 = AXIS2_PLACEMENT_3D ( 'NONE', #5524, #3349, #8507 ) ;
#8988 = CARTESIAN_POINT ( 'NONE',  ( 1.324999999999999956, 3.545694403999999800, 1.550000000000000044 ) ) ;
#8989 =( LENGTH_UNIT ( ) NAMED_UNIT ( * ) SI_UNIT ( .MILLI., .METRE. ) );
#8990 = AXIS2_PLACEMENT_3D ( 'NONE', #1498, #2300, #4509 ) ;
#8991 = PLANE ( 'NONE',  #1296 ) ;
#8992 = VECTOR ( 'NONE', #6434, 1000.000000000000000 ) ;
#8993 = PLANE ( 'NONE',  #1926 ) ;
#8994 = VECTOR ( 'NONE', #991, 1000.000000000000000 ) ;
#8995 = EDGE_LOOP ( 'NONE', ( #8285, #4743, #3876, #855 ) ) ;
#8996 = SURFACE_STYLE_USAGE ( .BOTH. , #5242 ) ;
#8997 = VECTOR ( 'NONE', #5834, 1000.000000000000000 ) ;
#8998 = ORIENTED_EDGE ( 'NONE', *, *, #8623, .T. ) ;
#8999 = EDGE_CURVE ( 'NONE', #7879, #5487, #6309, .T. ) ;
#9000 = LINE ( 'NONE', #1071, #4663 ) ;
#9001 = VECTOR ( 'NONE', #7051, 1000.000000000000000 ) ;
#9002 = DIRECTION ( 'NONE',  ( -0.5051459334915812116, 0.1418819091882531913, 0.8512914364199932749 ) ) ;
#9003 = ADVANCED_FACE ( 'NONE', ( #4136 ), #5537, .T. ) ;
#9004 = SURFACE_STYLE_USAGE ( .BOTH. , #6071 ) ;
#9005 = CARTESIAN_POINT ( 'NONE',  ( 1.300000000000000044, 1.097467561056749918, 2.250000000025000002 ) ) ;
#9006 = FACE_OUTER_BOUND ( 'NONE', #3253, .T. ) ;
#9007 = DIRECTION ( 'NONE',  ( -1.000000000000000000, 0.000000000000000000, 0.000000000000000000 ) ) ;
#9008 = ORIENTED_EDGE ( 'NONE', *, *, #6894, .F. ) ;
#9009 = DIRECTION ( 'NONE',  ( -1.000000000000000000, 0.000000000000000000, 0.000000000000000000 ) ) ;
#9010 = CARTESIAN_POINT ( 'NONE',  ( 2.350000000096295061, 0.000000000000000000, -1.149999999999999911 ) ) ;
#9011 = VECTOR ( 'NONE', #6178, 1000.000000000000000 ) ;
#9012 = ORIENTED_EDGE ( 'NONE', *, *, #5212, .F. ) ;
#9013 = DIRECTION ( 'NONE',  ( 0.000000000000000000, -1.000000000000000000, 0.000000000000000000 ) ) ;
#9014 = STYLED_ITEM ( 'NONE', ( #1226 ), #5032 ) ;
#9015 = CARTESIAN_POINT ( 'NONE',  ( -2.524158289669300004, 0.1016694850364084080, -0.5500000000000000444 ) ) ;
#9016 = FACE_OUTER_BOUND ( 'NONE', #3889, .T. ) ;
#9017 = EDGE_CURVE ( 'NONE', #1404, #5743, #6224, .T. ) ;
#9018 = ORIENTED_EDGE ( 'NONE', *, *, #95, .T. ) ;
#9019 = EDGE_CURVE ( 'NONE', #4156, #2511, #2211, .T. ) ;
#9020 = LINE ( 'NONE', #8450, #8528 ) ;
#9021 = VECTOR ( 'NONE', #4395, 1000.000000000000000 ) ;
#9022 = ORIENTED_EDGE ( 'NONE', *, *, #753, .T. ) ;
#9023 = CARTESIAN_POINT ( 'NONE',  ( -1.799999999887499813, 0.04000000009687509905, 0.5000000000284999802 ) ) ;
#9024 = ORIENTED_EDGE ( 'NONE', *, *, #7865, .F. ) ;
#9025 = DIRECTION ( 'NONE',  ( 0.000000000000000000, -0.1908089948250110135, 0.9816271835548712188 ) ) ;
#9026 = ORIENTED_EDGE ( 'NONE', *, *, #5590, .F. ) ;
#9027 = LINE ( 'NONE', #997, #9148 ) ;
#9028 = CARTESIAN_POINT ( 'NONE',  ( -2.350000000096295061, 0.2000000000000000111, 1.149999999999999911 ) ) ;
#9029 = CIRCLE ( 'NONE', #4881, 0.09999999922648547535 ) ;
#9030 = LINE ( 'NONE', #5366, #2097 ) ;
#9031 = FACE_OUTER_BOUND ( 'NONE', #5193, .T. ) ;
#9032 = EDGE_CURVE ( 'NONE', #5124, #118, #7850, .T. ) ;
#9033 = CARTESIAN_POINT ( 'NONE',  ( -1.300000000000000044, 1.547467560074999859, 2.150000000083335028 ) ) ;
#9034 = EDGE_CURVE ( 'NONE', #427, #1852, #1972, .T. ) ;
#9035 = EDGE_LOOP ( 'NONE', ( #245, #6711, #6916, #7535, #7600, #504, #6417, #2660, #2927, #5752, #7739, #9261, #8736, #386, #8510, #5127, #7011, #3024 ) ) ;
#9036 = FILL_AREA_STYLE ('',( #2335 ) ) ;
#9037 = VERTEX_POINT ( 'NONE', #4810 ) ;
#9038 = DIRECTION ( 'NONE',  ( 1.000000000000000000, 0.000000000000000000, 0.000000000000000000 ) ) ;
#9039 = VERTEX_POINT ( 'NONE', #1260 ) ;
#9040 = ORIENTED_EDGE ( 'NONE', *, *, #3537, .F. ) ;
#9041 = DIRECTION ( 'NONE',  ( 0.000000000000000000, 0.000000000000000000, -1.000000000000000000 ) ) ;
#9042 = LINE ( 'NONE', #2483, #1384 ) ;
#9043 = PRESENTATION_STYLE_ASSIGNMENT (( #3737 ) ) ;
#9044 = CARTESIAN_POINT ( 'NONE',  ( -1.350000000000000089, 1.153942173999999987, -1.760623330999999903 ) ) ;
#9045 = VERTEX_POINT ( 'NONE', #3318 ) ;
#9046 = DIRECTION ( 'NONE',  ( 0.000000000000000000, -1.000000000000000000, 0.000000000000000000 ) ) ;
#9047 = ORIENTED_EDGE ( 'NONE', *, *, #6820, .F. ) ;
#9048 = CARTESIAN_POINT ( 'NONE',  ( -2.149999999911110127, 1.690056146999999953, 1.521793619773354811 ) ) ;
#9049 = CARTESIAN_POINT ( 'NONE',  ( 1.849999999675000062, 0.03000000030239595092, -0.5000000004387700203 ) ) ;
#9050 = CARTESIAN_POINT ( 'NONE',  ( 2.350000000096295061, 0.000000000000000000, -0.5500000000000000444 ) ) ;
#9051 = LINE ( 'NONE', #9005, #2338 ) ;
#9052 = DIRECTION ( 'NONE',  ( 1.000000000000000000, 0.000000000000000000, 0.000000000000000000 ) ) ;
#9053 = DIRECTION ( 'NONE',  ( -0.8660254036716638071, 0.000000000000000000, -0.5000000001953318618 ) ) ;
#9054 = VECTOR ( 'NONE', #8169, 1000.000000000000114 ) ;
#9055 = VERTEX_POINT ( 'NONE', #2781 ) ;
#9056 = EDGE_CURVE ( 'NONE', #9413, #3702, #2737, .T. ) ;
#9057 = CARTESIAN_POINT ( 'NONE',  ( 2.349999999922594895, -2.032879073410320197E-17, -1.449999999827899844 ) ) ;
#9058 = CARTESIAN_POINT ( 'NONE',  ( 0.1499999999999999944, 0.05000000000000000278, 0.2000000000000000111 ) ) ;
#9059 = ORIENTED_EDGE ( 'NONE', *, *, #8842, .F. ) ;
#9060 = CARTESIAN_POINT ( 'NONE',  ( -1.318844507999999971, 3.545694403999999800, 1.521977133000000038 ) ) ;
#9061 = LINE ( 'NONE', #6854, #1166 ) ;
#9062 = DIRECTION ( 'NONE',  ( 0.000000000000000000, -1.000000000000000000, 0.000000000000000000 ) ) ;
#9063 = DIRECTION ( 'NONE',  ( 1.000000000000000000, 0.000000000000000000, 0.000000000000000000 ) ) ;
#9064 = ORIENTED_EDGE ( 'NONE', *, *, #3575, .T. ) ;
#9065 = CARTESIAN_POINT ( 'NONE',  ( 2.149999999999999911, 1.400056147000000140, -1.499178201304242064 ) ) ;
#9066 = ORIENTED_EDGE ( 'NONE', *, *, #1102, .T. ) ;
#9067 = PRODUCT_DEFINITION_SHAPE ( 'NONE', 'NONE',  #6675 ) ;
#9068 = CARTESIAN_POINT ( 'NONE',  ( -2.299999999999999822, 1.690056146999999953, 1.408884403999999924 ) ) ;
#9069 = ORIENTED_EDGE ( 'NONE', *, *, #1971, .F. ) ;
#9070 = PLANE ( 'NONE',  #1490 ) ;
#9071 = VERTEX_POINT ( 'NONE', #4091 ) ;
#9072 = EDGE_CURVE ( 'NONE', #584, #6508, #7751, .T. ) ;
#9073 = DIRECTION ( 'NONE',  ( 0.000000000000000000, 0.04540765494387170864, 0.9989685404818803294 ) ) ;
#9074 = DIRECTION ( 'NONE',  ( 0.000000000000000000, 0.9989685402014013560, 0.04540766111441141978 ) ) ;
#9075 = CARTESIAN_POINT ( 'NONE',  ( -2.342588587496474695, 0.8800000001333340149, -0.4249999999508209947 ) ) ;
#9076 = VECTOR ( 'NONE', #2692, 1000.000000000000000 ) ;
#9077 = DIRECTION ( 'NONE',  ( 0.000000000000000000, 1.000000000000000000, 2.551063935260009998E-16 ) ) ;
#9078 = ORIENTED_EDGE ( 'NONE', *, *, #2778, .F. ) ;
#9079 = FILL_AREA_STYLE_COLOUR ( '', #7614 ) ;
#9080 = VERTEX_POINT ( 'NONE', #8656 ) ;
#9081 = CARTESIAN_POINT ( 'NONE',  ( 1.750000000126405109, 0.000000000000000000, 0.5999999999999999778 ) ) ;
#9082 = ORIENTED_EDGE ( 'NONE', *, *, #3437, .T. ) ;
#9083 = VERTEX_POINT ( 'NONE', #2059 ) ;
#9084 = EDGE_CURVE ( 'NONE', #601, #8176, #3506, .T. ) ;
#9085 = SURFACE_SIDE_STYLE ('',( #3213 ) ) ;
#9086 = EDGE_CURVE ( 'NONE', #464, #1108, #7704, .T. ) ;
#9087 = ORIENTED_EDGE ( 'NONE', *, *, #4661, .T. ) ;
#9088 = DIRECTION ( 'NONE',  ( 1.000000000000000000, 0.000000000000000000, -0.000000000000000000 ) ) ;
#9089 = VERTEX_POINT ( 'NONE', #5579 ) ;
#9090 = DIRECTION ( 'NONE',  ( 0.000000000000000000, 1.000000000000000000, 0.000000000000000000 ) ) ;
#9091 = FACE_OUTER_BOUND ( 'NONE', #2747, .T. ) ;
#9092 = ADVANCED_FACE ( 'NONE', ( #8518 ), #5632, .T. ) ;
#9093 = FACE_OUTER_BOUND ( 'NONE', #3211, .T. ) ;
#9094 = ORIENTED_EDGE ( 'NONE', *, *, #6678, .T. ) ;
#9095 = LINE ( 'NONE', #6313, #4495 ) ;
#9096 = PRESENTATION_STYLE_ASSIGNMENT (( #2597 ) ) ;
#9097 = VECTOR ( 'NONE', #2991, 999.9999999999998863 ) ;
#9098 = EDGE_CURVE ( 'NONE', #2434, #4552, #4059, .T. ) ;
#9099 = ORIENTED_EDGE ( 'NONE', *, *, #8095, .F. ) ;
#9100 = LINE ( 'NONE', #9057, #4517 ) ;
#9101 = DIRECTION ( 'NONE',  ( 0.000000000000000000, -0.1643990035215670276, 0.9863939211294420195 ) ) ;
#9102 = VERTEX_POINT ( 'NONE', #7808 ) ;
#9103 = VECTOR ( 'NONE', #4614, 1000.000000000000000 ) ;
#9104 = PLANE ( 'NONE',  #4450 ) ;
#9105 = DIRECTION ( 'NONE',  ( 0.000000000000000000, 0.000000000000000000, 1.000000000000000000 ) ) ;
#9106 = LINE ( 'NONE', #1190, #1936 ) ;
#9107 = CARTESIAN_POINT ( 'NONE',  ( 1.149999999805447981, 0.000000000000000000, -1.750000000000000000 ) ) ;
#9108 = VERTEX_POINT ( 'NONE', #7075 ) ;
#9109 = VECTOR ( 'NONE', #5096, 1000.000000000000000 ) ;
#9110 = CARTESIAN_POINT ( 'NONE',  ( 1.849999999675000062, 4.947919226321080201E-10, 0.5000000004514040253 ) ) ;
#9111 = VERTEX_POINT ( 'NONE', #9340 ) ;
#9112 = DIRECTION ( 'NONE',  ( 0.000000000000000000, -1.000000000000000000, 0.000000000000000000 ) ) ;
#9113 = ORIENTED_EDGE ( 'NONE', *, *, #3427, .T. ) ;
#9114 = EDGE_CURVE ( 'NONE', #3240, #342, #4227, .T. ) ;
#9115 = CARTESIAN_POINT ( 'NONE',  ( -0.1500000000374999976, 0.04000000009687500885, -0.5000000000027500224 ) ) ;
#9116 = EDGE_LOOP ( 'NONE', ( #6639, #7846, #6967, #3142, #6786 ) ) ;
#9117 = CARTESIAN_POINT ( 'NONE',  ( -1.962096608000015285, 0.8399158031081129794, 1.450322442648677823 ) ) ;
#9118 = VECTOR ( 'NONE', #9278, 1000.000000000000000 ) ;
#9119 = ADVANCED_FACE ( 'NONE', ( #2152 ), #8889, .F. ) ;
#9120 = DIRECTION ( 'NONE',  ( 0.000000000000000000, -0.9863939238321437486, 0.1643989873053569584 ) ) ;
#9121 = PLANE ( 'NONE',  #3413 ) ;
#9122 = DIRECTION ( 'NONE',  ( 0.000000000000000000, 0.000000000000000000, -1.000000000000000000 ) ) ;
#9123 = ORIENTED_EDGE ( 'NONE', *, *, #4649, .F. ) ;
#9124 = DIRECTION ( 'NONE',  ( -0.000000000000000000, 0.9989685401991766911, 0.04540766116335259034 ) ) ;
#9125 = ORIENTED_EDGE ( 'NONE', *, *, #5706, .T. ) ;
#9126 = PLANE ( 'NONE',  #4524 ) ;
#9127 = ORIENTED_EDGE ( 'NONE', *, *, #2409, .F. ) ;
#9128 = ORIENTED_EDGE ( 'NONE', *, *, #2615, .T. ) ;
#9129 = DIRECTION ( 'NONE',  ( 0.000000000000000000, 0.04540766111441141978, -0.9989685402014013560 ) ) ;
#9130 = VECTOR ( 'NONE', #3980, 1000.000000000000000 ) ;
#9131 = DIRECTION ( 'NONE',  ( 0.000000000000000000, 1.000000000000000000, 0.000000000000000000 ) ) ;
#9132 = AXIS2_PLACEMENT_3D ( 'NONE', #3120, #8901, #8943 ) ;
#9133 = VECTOR ( 'NONE', #2452, 1000.000000000000000 ) ;
#9134 = DIRECTION ( 'NONE',  ( 0.000000000000000000, 1.000000000000000000, 0.000000000000000000 ) ) ;
#9135 = AXIS2_PLACEMENT_3D ( 'NONE', #3550, #8751, #5861 ) ;
#9136 = EDGE_CURVE ( 'NONE', #1167, #6699, #6638, .T. ) ;
#9137 = ORIENTED_EDGE ( 'NONE', *, *, #4276, .F. ) ;
#9138 = ADVANCED_FACE ( 'NONE', ( #1442 ), #4358, .F. ) ;
#9139 = CARTESIAN_POINT ( 'NONE',  ( 2.149999999999999911, 1.650056147000000140, -1.499178201304242064 ) ) ;
#9140 = VECTOR ( 'NONE', #4024, 1000.000000000000000 ) ;
#9141 = ORIENTED_EDGE ( 'NONE', *, *, #4391, .F. ) ;
#9142 = VECTOR ( 'NONE', #4163, 1000.000000000000000 ) ;
#9143 = CARTESIAN_POINT ( 'NONE',  ( -2.250000000000000000, 0.4974675599999999753, 1.647727273000000103 ) ) ;
#9144 = LINE ( 'NONE', #8434, #4396 ) ;
#9145 = VECTOR ( 'NONE', #5006, 1000.000000000000000 ) ;
#9146 = CARTESIAN_POINT ( 'NONE',  ( 0.2035668847576639906, 1.647467559999999942, 2.150000000099999919 ) ) ;
#9147 = EDGE_LOOP ( 'NONE', ( #8460, #7803, #9082, #7812, #6952, #6052, #5568, #4715 ) ) ;
#9148 = VECTOR ( 'NONE', #7539, 1000.000000000000000 ) ;
#9149 = CARTESIAN_POINT ( 'NONE',  ( 2.350000000000000089, 1.140056146978333906, -0.4249999999999999889 ) ) ;
#9150 = LINE ( 'NONE', #1832, #7800 ) ;
#9151 = CARTESIAN_POINT ( 'NONE',  ( -2.350000000000000089, 1.500000000000000000, -1.600000000000000089 ) ) ;
#9152 = AXIS2_PLACEMENT_3D ( 'NONE', #828, #7372, #5780 ) ;
#9153 = EDGE_CURVE ( 'NONE', #582, #1032, #7261, .T. ) ;
#9154 = AXIS2_PLACEMENT_3D ( 'NONE', #8895, #8281, #6304 ) ;
#9155 = EDGE_LOOP ( 'NONE', ( #4040, #2283, #538, #2425 ) ) ;
#9156 = EDGE_CURVE ( 'NONE', #6040, #3306, #2201, .T. ) ;
#9157 = CARTESIAN_POINT ( 'NONE',  ( 2.350000000096295061, 0.2000000000000000111, -1.149999999999999911 ) ) ;
#9158 = VECTOR ( 'NONE', #3377, 1000.000000000000114 ) ;
#9159 = DIRECTION ( 'NONE',  ( 0.5000000001953319728, 0.000000000000000000, 0.8660254036716638071 ) ) ;
#9160 = ORIENTED_EDGE ( 'NONE', *, *, #6829, .F. ) ;
#9161 = DIRECTION ( 'NONE',  ( -1.000000000000000000, 0.000000000000000000, 0.000000000000000000 ) ) ;
#9162 = LINE ( 'NONE', #4732, #2032 ) ;
#9163 = LINE ( 'NONE', #7770, #9001 ) ;
#9164 = CARTESIAN_POINT ( 'NONE',  ( 2.575841710426994613, 0.5999999999999999778, 0.5500000000000000444 ) ) ;
#9165 = ORIENTED_EDGE ( 'NONE', *, *, #6197, .F. ) ;
#9166 = CARTESIAN_POINT ( 'NONE',  ( 2.350000000000000089, 0.9000000043609869271, -1.750000000000000000 ) ) ;
#9167 = AXIS2_PLACEMENT_3D ( 'NONE', #3571, #8011, #6519 ) ;
#9168 = DIRECTION ( 'NONE',  ( 0.000000000000000000, -1.000000000000000000, 0.000000000000000000 ) ) ;
#9169 = AXIS2_PLACEMENT_3D ( 'NONE', #2925, #3649, #11 ) ;
#9170 = VERTEX_POINT ( 'NONE', #2251 ) ;
#9171 = FILL_AREA_STYLE ('',( #4013 ) ) ;
#9172 = ORIENTED_EDGE ( 'NONE', *, *, #6491, .F. ) ;
#9173 = LINE ( 'NONE', #3972, #2840 ) ;
#9174 = VECTOR ( 'NONE', #1024, 1000.000000000000000 ) ;
#9175 = DIRECTION ( 'NONE',  ( -1.000000000000000000, 0.000000000000000000, 0.000000000000000000 ) ) ;
#9176 = DIRECTION ( 'NONE',  ( 0.000000000000000000, 0.000000000000000000, -1.000000000000000000 ) ) ;
#9177 = AXIS2_PLACEMENT_3D ( 'NONE', #2322, #8205, #9063 ) ;
#9178 = LINE ( 'NONE', #1150, #2848 ) ;
#9179 = ORIENTED_EDGE ( 'NONE', *, *, #4646, .F. ) ;
#9180 = EDGE_CURVE ( 'NONE', #758, #340, #5192, .T. ) ;
#9181 = CARTESIAN_POINT ( 'NONE',  ( -1.199999999999999956, 1.052467559999999969, 2.149999999999999911 ) ) ;
#9182 = ORIENTED_EDGE ( 'NONE', *, *, #8091, .F. ) ;
#9183 = FACE_OUTER_BOUND ( 'NONE', #5674, .T. ) ;
#9184 = ORIENTED_EDGE ( 'NONE', *, *, #460, .T. ) ;
#9185 = VECTOR ( 'NONE', #3808, 1000.000000000000000 ) ;
#9186 = ORIENTED_EDGE ( 'NONE', *, *, #6450, .F. ) ;
#9187 = CARTESIAN_POINT ( 'NONE',  ( 2.575841710426994613, 0.5999999999999999778, 1.149999999999999911 ) ) ;
#9188 = PRESENTATION_STYLE_ASSIGNMENT (( #3214 ) ) ;
#9189 =( NAMED_UNIT ( * ) SI_UNIT ( $, .STERADIAN. ) SOLID_ANGLE_UNIT ( ) );
#9190 = LINE ( 'NONE', #2587, #4072 ) ;
#9191 = B_SPLINE_CURVE_WITH_KNOTS ( 'NONE', 3,
 ( #7684, #7016, #3242, #5518 ),
 .UNSPECIFIED., .F., .F.,
 ( 4, 4 ),
 ( 0.000000000000000000, 1.000000000000000000 ),
 .UNSPECIFIED. ) ;
#9192 = ORIENTED_EDGE ( 'NONE', *, *, #5507, .F. ) ;
#9193 = CARTESIAN_POINT ( 'NONE',  ( 2.249999999933334660, 0.8865307609763849461, 1.772778395480460123 ) ) ;
#9194 = ORIENTED_EDGE ( 'NONE', *, *, #7107, .T. ) ;
#9195 = DIRECTION ( 'NONE',  ( 0.000000000000000000, -1.000000000000000000, 0.000000000000000000 ) ) ;
#9196 = DIRECTION ( 'NONE',  ( 0.000000000000000000, -0.9989685404818804404, 0.04540765494387181966 ) ) ;
#9197 = EDGE_CURVE ( 'NONE', #905, #6754, #6684, .T. ) ;
#9198 = CARTESIAN_POINT ( 'NONE',  ( 2.250000000000000000, 0.9000000028717169975, -1.749999999953700147 ) ) ;
#9199 = VERTEX_POINT ( 'NONE', #5046 ) ;
#9200 = EDGE_CURVE ( 'NONE', #8900, #3086, #3591, .T. ) ;
#9201 = PLANE ( 'NONE',  #979 ) ;
#9202 = CARTESIAN_POINT ( 'NONE',  ( -2.149999999999999911, 1.690056146999999953, -1.391115596000000121 ) ) ;
#9203 = EDGE_CURVE ( 'NONE', #8068, #3019, #1492, .T. ) ;
#9204 = DIRECTION ( 'NONE',  ( 0.000000000000000000, 1.000000000000000000, 0.000000000000000000 ) ) ;
#9205 = VERTEX_POINT ( 'NONE', #8792 ) ;
#9206 = CARTESIAN_POINT ( 'NONE',  ( -2.149999999496474690, 1.140056147914642048, 0.4000000000491790164 ) ) ;
#9207 = PLANE ( 'NONE',  #2479 ) ;
#9208 = ORIENTED_EDGE ( 'NONE', *, *, #8947, .F. ) ;
#9209 = CARTESIAN_POINT ( 'NONE',  ( 0.5000000000000000000, 1.650056147000000140, 0.5699999999999999512 ) ) ;
#9210 = EDGE_CURVE ( 'NONE', #7825, #7259, #8749, .T. ) ;
#9211 = EDGE_CURVE ( 'NONE', #603, #297, #2967, .T. ) ;
#9212 = DIRECTION ( 'NONE',  ( 0.000000000000000000, 0.000000000000000000, -1.000000000000000000 ) ) ;
#9213 = CARTESIAN_POINT ( 'NONE',  ( 1.199999999999999956, 0.2474675600000000031, 2.250000000000000000 ) ) ;
#9214 = EDGE_CURVE ( 'NONE', #7830, #456, #4275, .T. ) ;
#9215 = CARTESIAN_POINT ( 'NONE',  ( 2.342588587610479944, 1.650056147000000140, 0.3999999999642335213 ) ) ;
#9216 = ORIENTED_EDGE ( 'NONE', *, *, #2343, .F. ) ;
#9217 = CARTESIAN_POINT ( 'NONE',  ( -2.149999999911110127, 1.650056147000000140, -1.574026653644445162 ) ) ;
#9218 = LINE ( 'NONE', #5459, #1151 ) ;
#9219 = ORIENTED_EDGE ( 'NONE', *, *, #6907, .T. ) ;
#9220 =( NAMED_UNIT ( * ) SI_UNIT ( $, .STERADIAN. ) SOLID_ANGLE_UNIT ( ) );
#9221 = EDGE_LOOP ( 'NONE', ( #327, #2486, #4927, #4583, #3321 ) ) ;
#9222 = CARTESIAN_POINT ( 'NONE',  ( 2.150000000706850045, 0.6038390272459159824, 1.785628019890510121 ) ) ;
#9223 = LINE ( 'NONE', #7154, #5489 ) ;
#9224 = DIRECTION ( 'NONE',  ( 0.000000000000000000, -1.214080558237029832E-16, -1.000000000000000000 ) ) ;
#9225 = EDGE_CURVE ( 'NONE', #903, #6658, #1161, .T. ) ;
#9226 = ORIENTED_EDGE ( 'NONE', *, *, #1197, .T. ) ;
#9227 = CARTESIAN_POINT ( 'NONE',  ( 1.149999999999999911, 1.060000000000000053, -1.600000000000000089 ) ) ;
#9228 = ORIENTED_EDGE ( 'NONE', *, *, #5023, .F. ) ;
#9229 = DIRECTION ( 'NONE',  ( 0.000000000000000000, 0.000000000000000000, 1.000000000000000000 ) ) ;
#9230 = ORIENTED_EDGE ( 'NONE', *, *, #3203, .T. ) ;
#9231 = ORIENTED_EDGE ( 'NONE', *, *, #3699, .F. ) ;
#9232 = AXIS2_PLACEMENT_3D ( 'NONE', #8617, #6454, #6550 ) ;
#9233 = CARTESIAN_POINT ( 'NONE',  ( -1.424999999226485903, 0.5039421739999999650, 1.790168786000000178 ) ) ;
#9234 = ADVANCED_FACE ( 'NONE', ( #8030 ), #1398, .F. ) ;
#9235 = DIRECTION ( 'NONE',  ( -1.000000000000000000, 0.000000000000000000, 0.000000000000000000 ) ) ;
#9236 = ORIENTED_EDGE ( 'NONE', *, *, #5696, .F. ) ;
#9237 = DIRECTION ( 'NONE',  ( 0.000000000000000000, 1.000000000000000000, 0.000000000000000000 ) ) ;
#9238 = EDGE_LOOP ( 'NONE', ( #9463, #2043, #605, #3640, #5260, #2717, #2475, #651, #6026, #2443, #3672, #6533, #5592, #197, #2685, #6333, #6496, #9473 ) ) ;
#9239 = DIRECTION ( 'NONE',  ( 1.000000000000000000, 1.668003329454599989E-15, -4.173352660607434671E-30 ) ) ;
#9240 = DIRECTION ( 'NONE',  ( 0.000000000000000000, 0.000000000000000000, -1.000000000000000000 ) ) ;
#9241 = ORIENTED_EDGE ( 'NONE', *, *, #7091, .F. ) ;
#9242 = EDGE_CURVE ( 'NONE', #5455, #6079, #7988, .T. ) ;
#9243 = CARTESIAN_POINT ( 'NONE',  ( 0.5000000000000000000, 0.000000000000000000, 1.750000000000000000 ) ) ;
#9244 = EDGE_LOOP ( 'NONE', ( #5657, #8498, #5892, #2161 ) ) ;
#9245 = PRESENTATION_STYLE_ASSIGNMENT (( #7040 ) ) ;
#9246 = EDGE_CURVE ( 'NONE', #3442, #4421, #2113, .T. ) ;
#9247 = FACE_OUTER_BOUND ( 'NONE', #8715, .T. ) ;
#9248 = ORIENTED_EDGE ( 'NONE', *, *, #4487, .T. ) ;
#9249 = CARTESIAN_POINT ( 'NONE',  ( 0.6500000007735150520, 1.650056147000000140, -0.6800000000000000488 ) ) ;
#9250 = DIRECTION ( 'NONE',  ( 0.000000000000000000, -1.000000000000000000, 0.000000000000000000 ) ) ;
#9251 = ORIENTED_EDGE ( 'NONE', *, *, #2262, .F. ) ;
#9252 = VECTOR ( 'NONE', #2226, 1000.000000000000000 ) ;
#9253 = CARTESIAN_POINT ( 'NONE',  ( -1.149999999497689940, 0.000000000000000000, -1.750000000000000000 ) ) ;
#9254 = DIRECTION ( 'NONE',  ( 0.000000000000000000, 0.9989685402826005145, -0.04540765932803104976 ) ) ;
#9255 = CARTESIAN_POINT ( 'NONE',  ( 2.149999999999999911, 1.140056147740384107, 0.4249999999999999889 ) ) ;
#9256 = DIRECTION ( 'NONE',  ( 0.000000000000000000, 1.000000000000000000, 0.000000000000000000 ) ) ;
#9257 = ORIENTED_EDGE ( 'NONE', *, *, #4506, .T. ) ;
#9258 = CARTESIAN_POINT ( 'NONE',  ( -1.699999999999999956, 0.8699944348590930021, -1.630794232944964950 ) ) ;
#9259 = ADVANCED_FACE ( 'NONE', ( #3644 ), #3688, .T. ) ;
#9260 = VECTOR ( 'NONE', #6818, 999.9999999999998863 ) ;
#9261 = ORIENTED_EDGE ( 'NONE', *, *, #3601, .T. ) ;
#9262 = LINE ( 'NONE', #569, #7025 ) ;
#9263 = ORIENTED_EDGE ( 'NONE', *, *, #2586, .F. ) ;
#9264 = LINE ( 'NONE', #6249, #2233 ) ;
#9265 = CARTESIAN_POINT ( 'NONE',  ( -2.350000000096295061, 0.000000000000000000, -1.750000000000000000 ) ) ;
#9266 = AXIS2_PLACEMENT_3D ( 'NONE', #3101, #4545, #6047 ) ;
#9267 = LINE ( 'NONE', #2664, #8086 ) ;
#9268 = VERTEX_POINT ( 'NONE', #8843 ) ;
#9269 = EDGE_CURVE ( 'NONE', #4014, #5558, #7402, .T. ) ;
#9270 = PLANE ( 'NONE',  #247 ) ;
#9271 = ORIENTED_EDGE ( 'NONE', *, *, #4537, .T. ) ;
#9272 = LINE ( 'NONE', #2672, #6835 ) ;
#9273 = VECTOR ( 'NONE', #8894, 1000.000000000000000 ) ;
#9274 = EDGE_LOOP ( 'NONE', ( #2336, #5429, #3034, #3158 ) ) ;
#9275 = ORIENTED_EDGE ( 'NONE', *, *, #4353, .T. ) ;
#9276 = LINE ( 'NONE', #8560, #6532 ) ;
#9277 = DIRECTION ( 'NONE',  ( 1.000000000000000000, 0.000000000000000000, -7.228014483236700500E-16 ) ) ;
#9278 = DIRECTION ( 'NONE',  ( 0.000000000000000000, 0.000000000000000000, 1.000000000000000000 ) ) ;
#9279 = DIRECTION ( 'NONE',  ( 0.000000000000000000, -1.000000000000000000, 0.000000000000000000 ) ) ;
#9280 = ORIENTED_EDGE ( 'NONE', *, *, #5086, .T. ) ;
#9281 = CARTESIAN_POINT ( 'NONE',  ( 2.350000000000000089, 1.500000000000000000, -0.4249999999999999889 ) ) ;
#9282 = ORIENTED_EDGE ( 'NONE', *, *, #5740, .F. ) ;
#9283 = CARTESIAN_POINT ( 'NONE',  ( -0.2999999999999999889, 1.060000000201249959, 1.500000000062500005 ) ) ;
#9284 = CARTESIAN_POINT ( 'NONE',  ( 1.322558498517117043, 1.646557261605589018, 1.541709347096770211 ) ) ;
#9285 = VECTOR ( 'NONE', #539, 1000.000000000000000 ) ;
#9286 = VERTEX_POINT ( 'NONE', #6202 ) ;
#9287 = AXIS2_PLACEMENT_3D ( 'NONE', #4452, #8931, #3104 ) ;
#9288 = SURFACE_STYLE_FILL_AREA ( #3509 ) ;
#9289 = LINE ( 'NONE', #4099, #2111 ) ;
#9290 = AXIS2_PLACEMENT_3D ( 'NONE', #8601, #4937, #3579 ) ;
#9291 = EDGE_CURVE ( 'NONE', #8590, #6800, #194, .T. ) ;
#9292 = ORIENTED_EDGE ( 'NONE', *, *, #3488, .F. ) ;
#9293 = VECTOR ( 'NONE', #6953, 1000.000000000000114 ) ;
#9294 = FACE_OUTER_BOUND ( 'NONE', #4209, .T. ) ;
#9295 = ORIENTED_EDGE ( 'NONE', *, *, #4559, .F. ) ;
#9296 = ADVANCED_FACE ( 'NONE', ( #298 ), #1631, .F. ) ;
#9297 = VECTOR ( 'NONE', #7842, 1000.000000000000000 ) ;
#9298 = DIRECTION ( 'NONE',  ( 0.000000000000000000, 0.000000000000000000, -1.000000000000000000 ) ) ;
#9299 = ORIENTED_EDGE ( 'NONE', *, *, #8060, .F. ) ;
#9300 = CARTESIAN_POINT ( 'NONE',  ( 1.275000000037500136, 0.04000000009687500885, -0.5000000000027500224 ) ) ;
#9301 = DIRECTION ( 'NONE',  ( 1.000000000000000000, 0.000000000000000000, 0.000000000000000000 ) ) ;
#9302 = CARTESIAN_POINT ( 'NONE',  ( -1.574999999999999956, 0.05000000000000000278, 0.000000000000000000 ) ) ;
#9303 = VECTOR ( 'NONE', #4593, 1000.000000000000000 ) ;
#9304 = LINE ( 'NONE', #4779, #8261 ) ;
#9305 = VECTOR ( 'NONE', #1338, 1000.000000000000114 ) ;
#9306 = VERTEX_POINT ( 'NONE', #6777 ) ;
#9307 = LINE ( 'NONE', #6471, #1164 ) ;
#9308 = VECTOR ( 'NONE', #1715, 1000.000000000000000 ) ;
#9309 = ORIENTED_EDGE ( 'NONE', *, *, #303, .T. ) ;
#9310 = CARTESIAN_POINT ( 'NONE',  ( -2.350000000000000089, 1.240192379100433895, 1.750000000000000000 ) ) ;
#9311 = VECTOR ( 'NONE', #1645, 1000.000000000000227 ) ;
#9312 = VERTEX_POINT ( 'NONE', #870 ) ;
#9313 =( LENGTH_UNIT ( ) NAMED_UNIT ( * ) SI_UNIT ( .MILLI., .METRE. ) );
#9314 = DIRECTION ( 'NONE',  ( 0.000000000000000000, -0.9989685402826005145, 0.04540765932803104976 ) ) ;
#9315 = ADVANCED_FACE ( 'NONE', ( #7452 ), #3109, .F. ) ;
#9316 = EDGE_CURVE ( 'NONE', #2133, #9037, #2295, .T. ) ;
#9317 = EDGE_CURVE ( 'NONE', #7474, #5903, #4502, .T. ) ;
#9318 = CARTESIAN_POINT ( 'NONE',  ( -1.959807621405285305, 0.000000000000000000, 1.449999999844003851 ) ) ;
#9319 = VECTOR ( 'NONE', #1996, 1000.000000000000000 ) ;
#9320 = AXIS2_PLACEMENT_3D ( 'NONE', #2307, #6789, #6018 ) ;
#9321 = VECTOR ( 'NONE', #2830, 1000.000000000000000 ) ;
#9322 = ORIENTED_EDGE ( 'NONE', *, *, #6616, .F. ) ;
#9323 = DIRECTION ( 'NONE',  ( 0.000000000000000000, 0.9989685401295445022, -0.04540766269525927518 ) ) ;
#9324 = ORIENTED_EDGE ( 'NONE', *, *, #2462, .T. ) ;
#9325 = DIRECTION ( 'NONE',  ( 1.000000000000000000, 0.000000000000000000, 0.000000000000000000 ) ) ;
#9326 = AXIS2_PLACEMENT_3D ( 'NONE', #2327, #7537, #330 ) ;
#9327 = ORIENTED_EDGE ( 'NONE', *, *, #7678, .F. ) ;
#9328 = CARTESIAN_POINT ( 'NONE',  ( -2.250000000000000000, 0.5039421739999999650, -1.790168786000000178 ) ) ;
#9329 = CARTESIAN_POINT ( 'NONE',  ( -1.199999999666665929, 1.547467559826430028, 1.500000000000000000 ) ) ;
#9330 = ADVANCED_FACE ( 'NONE', ( #6926 ), #1767, .T. ) ;
#9331 = VECTOR ( 'NONE', #426, 1000.000000000000227 ) ;
#9332 =( NAMED_UNIT ( * ) PLANE_ANGLE_UNIT ( ) SI_UNIT ( $, .RADIAN. ) );
#9333 = EDGE_CURVE ( 'NONE', #1967, #9205, #2435, .T. ) ;
#9334 = ADVANCED_FACE ( 'NONE', ( #4640 ), #7648, .F. ) ;
#9335 = DIRECTION ( 'NONE',  ( 1.215290246266205980E-12, -1.000000000000000000, 9.166665094085399879E-12 ) ) ;
#9336 = ORIENTED_EDGE ( 'NONE', *, *, #4883, .T. ) ;
#9337 = LINE ( 'NONE', #5577, #8821 ) ;
#9338 = AXIS2_PLACEMENT_3D ( 'NONE', #8908, #6025, #2312 ) ;
#9339 = ORIENTED_EDGE ( 'NONE', *, *, #6474, .F. ) ;
#9340 = CARTESIAN_POINT ( 'NONE',  ( -2.350000000000000089, 1.500000000000000000, 0.4249999999999999889 ) ) ;
#9341 = CARTESIAN_POINT ( 'NONE',  ( 0.7500000000000000000, 1.690056146999999953, -0.6800000000000000488 ) ) ;
#9342 = PLANE ( 'NONE',  #5254 ) ;
#9343 = PLANE ( 'NONE',  #2613 ) ;
#9344 = LINE ( 'NONE', #5143, #3117 ) ;
#9345 =( GEOMETRIC_REPRESENTATION_CONTEXT ( 3 ) GLOBAL_UNCERTAINTY_ASSIGNED_CONTEXT ( ( #6522 ) ) GLOBAL_UNIT_ASSIGNED_CONTEXT ( ( #2642, #4721, #7664 ) ) REPRESENTATION_CONTEXT ( 'NONE', 'WORKASPACE' ) );
#9346 = DIRECTION ( 'NONE',  ( -1.000000000000000000, 0.000000000000000000, 0.000000000000000000 ) ) ;
#9347 = VERTEX_POINT ( 'NONE', #3880 ) ;
#9348 = EDGE_CURVE ( 'NONE', #2239, #3776, #152, .T. ) ;
#9349 = DIRECTION ( 'NONE',  ( 0.000000000000000000, 0.000000000000000000, 1.000000000000000000 ) ) ;
#9350 = ORIENTED_EDGE ( 'NONE', *, *, #8799, .F. ) ;
#9351 = DIRECTION ( 'NONE',  ( 0.000000000000000000, -1.000000000000000000, 0.000000000000000000 ) ) ;
#9352 = ORIENTED_EDGE ( 'NONE', *, *, #3601, .F. ) ;
#9353 = LINE ( 'NONE', #2753, #3374 ) ;
#9354 = LINE ( 'NONE', #1135, #4191 ) ;
#9355 = PLANE ( 'NONE',  #6702 ) ;
#9356 = DIRECTION ( 'NONE',  ( 1.000000000000000000, 0.000000000000000000, 0.000000000000000000 ) ) ;
#9357 = ORIENTED_EDGE ( 'NONE', *, *, #8147, .T. ) ;
#9358 = SURFACE_STYLE_USAGE ( .BOTH. , #6430 ) ;
#9359 = ORIENTED_EDGE ( 'NONE', *, *, #4090, .F. ) ;
#9360 = LINE ( 'NONE', #7969, #6561 ) ;
#9361 = EDGE_LOOP ( 'NONE', ( #1618, #6312, #7434, #3192 ) ) ;
#9362 = DIRECTION ( 'NONE',  ( 0.000000000000000000, 0.000000000000000000, 1.000000000000000000 ) ) ;
#9363 = CARTESIAN_POINT ( 'NONE',  ( -1.849999999675000062, 0.03000000010999999758, -0.4999999999450860377 ) ) ;
#9364 = COLOUR_RGB ( '',0.7764705882352941346, 0.7568627450980391913, 0.7372549019607843590 ) ;
#9365 = ORIENTED_EDGE ( 'NONE', *, *, #3378, .F. ) ;
#9366 = DIRECTION ( 'NONE',  ( 1.000000000000000000, 0.000000000000000000, 0.000000000000000000 ) ) ;
#9367 = ORIENTED_EDGE ( 'NONE', *, *, #2055, .F. ) ;
#9368 = EDGE_CURVE ( 'NONE', #3989, #4164, #7593, .T. ) ;
#9369 = CARTESIAN_POINT ( 'NONE',  ( -2.350000000000000089, 0.9000000000000000222, 1.750000000000000000 ) ) ;
#9370 = ORIENTED_EDGE ( 'NONE', *, *, #6214, .F. ) ;
#9371 = DIRECTION ( 'NONE',  ( 1.000000000000000000, 0.000000000000000000, 0.000000000000000000 ) ) ;
#9372 = CYLINDRICAL_SURFACE ( 'NONE', #1678, 0.09999999922648550310 ) ;
#9373 = LINE ( 'NONE', #7938, #3873 ) ;
#9374 = DIRECTION ( 'NONE',  ( 0.000000000000000000, 0.000000000000000000, 1.000000000000000000 ) ) ;
#9375 = ORIENTED_EDGE ( 'NONE', *, *, #1377, .T. ) ;
#9376 = DIRECTION ( 'NONE',  ( 0.000000000000000000, 0.000000000000000000, 1.000000000000000000 ) ) ;
#9377 = ORIENTED_EDGE ( 'NONE', *, *, #4487, .F. ) ;
#9378 = STYLED_ITEM ( 'NONE', ( #3176 ), #1533 ) ;
#9379 = EDGE_CURVE ( 'NONE', #5458, #6744, #2393, .T. ) ;
#9380 = CARTESIAN_POINT ( 'NONE',  ( -2.350000000096295061, 0.2000000000000000111, -0.5500000000000000444 ) ) ;
#9381 = ADVANCED_FACE ( 'NONE', ( #8935 ), #1718, .T. ) ;
#9382 = VERTEX_POINT ( 'NONE', #6156 ) ;
#9383 = CARTESIAN_POINT ( 'NONE',  ( -0.7500000000000000000, 1.650056147000000140, 0.5500000007735150742 ) ) ;
#9384 = CARTESIAN_POINT ( 'NONE',  ( -1.275000000000000133, 0.5950280735000669230, -0.2000000000000000111 ) ) ;
#9385 = CARTESIAN_POINT ( 'NONE',  ( -1.449999999999999956, 1.060000000000000053, -1.600000000000000089 ) ) ;
#9386 = CARTESIAN_POINT ( 'NONE',  ( 1.722167269999999917, 1.455783555400681939, -1.600000000377485021 ) ) ;
#9387 = EDGE_LOOP ( 'NONE', ( #2292, #7901, #4392, #7162 ) ) ;
#9388 = DIRECTION ( 'NONE',  ( 0.000000000000000000, -1.000000000000000000, 0.000000000000000000 ) ) ;
#9389 = EDGE_LOOP ( 'NONE', ( #6352, #7740, #1904, #8971 ) ) ;
#9390 = DIRECTION ( 'NONE',  ( 1.000000000000000000, 0.000000000000000000, 0.000000000000000000 ) ) ;
#9391 = EDGE_CURVE ( 'NONE', #2379, #8757, #5235, .T. ) ;
#9392 = PLANE ( 'NONE',  #6862 ) ;
#9393 = ORIENTED_EDGE ( 'NONE', *, *, #829, .F. ) ;
#9394 = CARTESIAN_POINT ( 'NONE',  ( 1.317912324000000135, 1.060000000000000053, 1.525932237999999996 ) ) ;
#9395 = LINE ( 'NONE', #8949, #5576 ) ;
#9396 = DIRECTION ( 'NONE',  ( 0.000000000000000000, 1.000000000000000000, 0.000000000000000000 ) ) ;
#9397 = EDGE_CURVE ( 'NONE', #4267, #4101, #5372, .T. ) ;
#9398 = CARTESIAN_POINT ( 'NONE',  ( 0.2999999999999999889, 1.097467561056749918, 2.249999999986574739 ) ) ;
#9399 = EDGE_LOOP ( 'NONE', ( #2131, #4176, #1211, #4529 ) ) ;
#9400 = CARTESIAN_POINT ( 'NONE',  ( -0.6000000000102549969, 1.060000000000000053, -0.6500000000000000222 ) ) ;
#9401 = ORIENTED_EDGE ( 'NONE', *, *, #8708, .T. ) ;
#9402 = CARTESIAN_POINT ( 'NONE',  ( 1.699999999600005030, 1.240192378925983885, -1.750000000000000000 ) ) ;
#9403 = VERTEX_POINT ( 'NONE', #912 ) ;
#9404 = UNCERTAINTY_MEASURE_WITH_UNIT (LENGTH_MEASURE( 1.000000000000000082E-05 ), #6360, 'distance_accuracy_value', 'NONE');
#9405 = FACE_OUTER_BOUND ( 'NONE', #8321, .T. ) ;
#9406 = CARTESIAN_POINT ( 'NONE',  ( 2.299999999966665154, 1.690056146999999953, -1.391115596000000121 ) ) ;
#9407 = VECTOR ( 'NONE', #6411, 1000.000000000000114 ) ;
#9408 = ADVANCED_FACE ( 'NONE', ( #1674 ), #3835, .T. ) ;
#9409 = ORIENTED_EDGE ( 'NONE', *, *, #8570, .T. ) ;
#9410 =( NAMED_UNIT ( * ) SI_UNIT ( $, .STERADIAN. ) SOLID_ANGLE_UNIT ( ) );
#9411 = EDGE_LOOP ( 'NONE', ( #6483, #7701, #1407, #8773 ) ) ;
#9412 = ADVANCED_FACE ( 'NONE', ( #9183 ), #9126, .T. ) ;
#9413 = VERTEX_POINT ( 'NONE', #441 ) ;
#9414 = DIRECTION ( 'NONE',  ( 0.000000000000000000, 0.000000000000000000, 1.000000000000000000 ) ) ;
#9415 = VECTOR ( 'NONE', #5343, 1000.000000000000000 ) ;
#9416 = DIRECTION ( 'NONE',  ( 0.000000000000000000, -0.04540765932803111915, 0.9989685402826005145 ) ) ;
#9417 = DIRECTION ( 'NONE',  ( 0.000000000000000000, 0.000000000000000000, -1.000000000000000000 ) ) ;
#9418 = CARTESIAN_POINT ( 'NONE',  ( -1.274999999962500130, 0.2000000001059089871, 0.2000000000000000111 ) ) ;
#9419 = ORIENTED_EDGE ( 'NONE', *, *, #4677, .T. ) ;
#9420 = AXIS2_PLACEMENT_3D ( 'NONE', #2596, #7707, #4180 ) ;
#9421 = CARTESIAN_POINT ( 'NONE',  ( 1.699999999999999956, 1.060000000000000053, 1.600000000000000089 ) ) ;
#9422 = ORIENTED_EDGE ( 'NONE', *, *, #7840, .T. ) ;
#9423 = CARTESIAN_POINT ( 'NONE',  ( -1.449999999999999956, 1.060000000000000053, -1.475774862966304113 ) ) ;
#9424 = VERTEX_POINT ( 'NONE', #6341 ) ;
#9425 = CARTESIAN_POINT ( 'NONE',  ( -1.150000000100000142, 0.000000000000000000, 1.600000000000000089 ) ) ;
#9426 = DIRECTION ( 'NONE',  ( 1.000000000000000000, 0.000000000000000000, 0.000000000000000000 ) ) ;
#9427 = DIRECTION ( 'NONE',  ( 1.000000000000000000, 0.000000000000000000, 0.000000000000000000 ) ) ;
#9428 = CARTESIAN_POINT ( 'NONE',  ( -2.149999999999999911, 1.140056146948334126, 0.4249999999999999889 ) ) ;
#9429 = PRESENTATION_LAYER_ASSIGNMENT (  '', '', ( #2332 ) ) ;
#9430 = DIRECTION ( 'NONE',  ( 0.000000000000000000, 0.000000000000000000, 1.000000000000000000 ) ) ;
#9431 = EDGE_CURVE ( 'NONE', #6447, #9039, #2220, .T. ) ;
#9432 = EDGE_CURVE ( 'NONE', #1518, #5182, #1820, .T. ) ;
#9433 = EDGE_LOOP ( 'NONE', ( #7688, #1659, #9357, #4000 ) ) ;
#9434 = DIRECTION ( 'NONE',  ( 0.000000000000000000, 0.000000000000000000, 1.000000000000000000 ) ) ;
#9435 = AXIS2_PLACEMENT_3D ( 'NONE', #5263, #2237, #5316 ) ;
#9436 = ORIENTED_EDGE ( 'NONE', *, *, #2311, .F. ) ;
#9437 = FACE_OUTER_BOUND ( 'NONE', #5317, .T. ) ;
#9438 = CARTESIAN_POINT ( 'NONE',  ( 0.4999999996666670277, 1.153942174106225904, -1.760623333791125011 ) ) ;
#9439 = ORIENTED_EDGE ( 'NONE', *, *, #7698, .F. ) ;
#9440 = CARTESIAN_POINT ( 'NONE',  ( 2.249999999958334662, 0.8901360615659589248, 1.751643989999980056 ) ) ;
#9441 = CARTESIAN_POINT ( 'NONE',  ( -1.700000000056169913, 0.8750000001015399986, 1.600000000016930102 ) ) ;
#9442 = PLANE ( 'NONE',  #8088 ) ;
#9443 = EDGE_CURVE ( 'NONE', #4166, #584, #8463, .T. ) ;
#9444 = DIRECTION ( 'NONE',  ( 0.000000000000000000, 0.000000000000000000, -1.000000000000000000 ) ) ;
#9445 = VECTOR ( 'NONE', #9195, 1000.000000000000000 ) ;
#9446 = CIRCLE ( 'NONE', #4674, 0.09999999922648550310 ) ;
#9447 = EDGE_CURVE ( 'NONE', #2432, #8985, #4124, .T. ) ;
#9448 = AXIS2_PLACEMENT_3D ( 'NONE', #7916, #1331, #1994 ) ;
#9449 = VERTEX_POINT ( 'NONE', #1295 ) ;
#9450 = FACE_OUTER_BOUND ( 'NONE', #2326, .T. ) ;
#9451 = VECTOR ( 'NONE', #5721, 1000.000000000000000 ) ;
#9452 = VERTEX_POINT ( 'NONE', #4213 ) ;
#9453 = CARTESIAN_POINT ( 'NONE',  ( 1.324999999999999956, 0.5973644132555430142, 1.643186507102319949 ) ) ;
#9454 = EDGE_LOOP ( 'NONE', ( #4026, #169, #6733, #7878, #5038, #3802, #2752, #5093, #1575, #4624, #8522, #6, #4571, #7819, #1565, #3061, #6014, #8932, #8998, #5125, #3572, #4465, #2995, #4873 ) ) ;
#9455 = AXIS2_PLACEMENT_3D ( 'NONE', #5088, #5042, #7941 ) ;
#9456 = FACE_OUTER_BOUND ( 'NONE', #7147, .T. ) ;
#9457 = LINE ( 'NONE', #2858, #6722 ) ;
#9458 = AXIS2_PLACEMENT_3D ( 'NONE', #4684, #1141, #9390 ) ;
#9459 = VECTOR ( 'NONE', #6186, 1000.000000000000000 ) ;
#9460 = ORIENTED_EDGE ( 'NONE', *, *, #7867, .F. ) ;
#9461 = CARTESIAN_POINT ( 'NONE',  ( -2.350000000096295061, 0.2000000000000000111, 0.5500000000000000444 ) ) ;
#9462 = VECTOR ( 'NONE', #5737, 1000.000000000000000 ) ;
#9463 = ORIENTED_EDGE ( 'NONE', *, *, #5778, .F. ) ;
#9464 = EDGE_LOOP ( 'NONE', ( #2197, #6928, #4510, #6806 ) ) ;
#9465 = FACE_OUTER_BOUND ( 'NONE', #3793, .T. ) ;
#9466 = DIRECTION ( 'NONE',  ( 0.000000000000000000, -0.04540765461106680001, 0.9989685404970078952 ) ) ;
#9467 = DIRECTION ( 'NONE',  ( 1.000000000000000000, 0.000000000000000000, 0.000000000000000000 ) ) ;
#9468 = PLANE ( 'NONE',  #7615 ) ;
#9469 = EDGE_CURVE ( 'NONE', #1683, #1516, #7692, .T. ) ;
#9470 = ORIENTED_EDGE ( 'NONE', *, *, #3575, .F. ) ;
#9471 = PLANE ( 'NONE',  #3453 ) ;
#9472 = VECTOR ( 'NONE', #5506, 1000.000000000000000 ) ;
#9473 = ORIENTED_EDGE ( 'NONE', *, *, #4782, .F. ) ;
#9474 = DIRECTION ( 'NONE',  ( 0.000000000000000000, 1.000000000000000000, 0.000000000000000000 ) ) ;
#9475 = PRESENTATION_LAYER_ASSIGNMENT (  '', '', ( #579 ) ) ;
#9476 = EDGE_LOOP ( 'NONE', ( #7750, #6109, #1882, #1950, #1817 ) ) ;
#9477 = CARTESIAN_POINT ( 'NONE',  ( -1.318844507999999971, 1.060000000000000053, 1.521977133000000038 ) ) ;
#9478 = DIRECTION ( 'NONE',  ( 0.000000000000000000, 0.000000000000000000, 1.000000000000000000 ) ) ;
#9479 =( NAMED_UNIT ( * ) PLANE_ANGLE_UNIT ( ) SI_UNIT ( $, .RADIAN. ) );
#9480 = DIRECTION ( 'NONE',  ( 0.000000000000000000, -1.000000000000000000, 0.000000000000000000 ) ) ;
#9481 = AXIS2_PLACEMENT_3D ( 'NONE', #1844, #1238, #1942 ) ;
#9482 = ORIENTED_EDGE ( 'NONE', *, *, #8958, .T. ) ;
#9483 = PLANE ( 'NONE',  #79 ) ;
#9484 = EDGE_CURVE ( 'NONE', #5691, #3468, #9272, .T. ) ;
#9485 = ORIENTED_EDGE ( 'NONE', *, *, #9200, .F. ) ;
#9486 = LINE ( 'NONE', #6604, #6241 ) ;
#9487 = CARTESIAN_POINT ( 'NONE',  ( -1.699999999999999956, 1.501738871508445206, -1.574761459597224800 ) ) ;
#9488 = ORIENTED_EDGE ( 'NONE', *, *, #3226, .T. ) ;
#9489 = EDGE_CURVE ( 'NONE', #4164, #475, #2726, .T. ) ;
#9490 = ADVANCED_FACE ( 'NONE', ( #5617 ), #8555, .F. ) ;
#9491 = CARTESIAN_POINT ( 'NONE',  ( -2.149999999911110127, 1.500000000000000000, -1.574026653644445162 ) ) ;
#9492 = STYLED_ITEM ( 'NONE', ( #2598 ), #6083 ) ;
#9493 = LINE ( 'NONE', #8810, #1283 ) ;
#9494 = LINE ( 'NONE', #5062, #5463 ) ;
#9495 = CARTESIAN_POINT ( 'NONE',  ( -2.149999999999999911, 1.500000000000000000, -0.4249999999999999889 ) ) ;
#9496 = CARTESIAN_POINT ( 'NONE',  ( -2.350000000000000089, 0.9000000000000000222, -1.750000000000000000 ) ) ;
#9497 = ORIENTED_EDGE ( 'NONE', *, *, #862, .F. ) ;
#9498 = CARTESIAN_POINT ( 'NONE',  ( -1.959807621046640413, 0.8401360609999999340, -1.451643989999999995 ) ) ;
#9499 = EDGE_CURVE ( 'NONE', #3041, #6559, #1907, .T. ) ;
#9500 = ORIENTED_EDGE ( 'NONE', *, *, #2088, .F. ) ;
#9501 = EDGE_CURVE ( 'NONE', #6079, #3869, #7793, .T. ) ;
#9502 = ADVANCED_FACE ( 'NONE', ( #4165 ), #5665, .F. ) ;
#9503 = CARTESIAN_POINT ( 'NONE',  ( -1.350000000000000089, 1.147467559702352036, -1.618181818308524811 ) ) ;
#9504 = ORIENTED_EDGE ( 'NONE', *, *, #8621, .T. ) ;
#9505 = UNCERTAINTY_MEASURE_WITH_UNIT (LENGTH_MEASURE( 1.000000000000000082E-05 ), #5150, 'distance_accuracy_value', 'NONE');
#9506 = CARTESIAN_POINT ( 'NONE',  ( -1.700000000033335068, 0.9125280665555179915, -1.750000000170039982 ) ) ;
#9507 = DIRECTION ( 'NONE',  ( 0.000000000000000000, 1.000000000000000000, 0.000000000000000000 ) ) ;
#9508 = VERTEX_POINT ( 'NONE', #8122 ) ;
#9509 = ORIENTED_EDGE ( 'NONE', *, *, #5809, .F. ) ;
#9510 = FACE_OUTER_BOUND ( 'NONE', #2056, .T. ) ;
#9511 = ORIENTED_EDGE ( 'NONE', *, *, #8896, .T. ) ;
#9512 = DIRECTION ( 'NONE',  ( 0.000000000000000000, 0.000000000000000000, 1.000000000000000000 ) ) ;
#9513 = DIRECTION ( 'NONE',  ( -0.000000000000000000, 0.04540766144612098931, 0.9989685401863236391 ) ) ;
#9514 = DIRECTION ( 'NONE',  ( 0.000000000000000000, 0.04540766116335259728, -0.9989685401991766911 ) ) ;
#9515 = AXIS2_PLACEMENT_3D ( 'NONE', #1064, #1160, #4083 ) ;
#9516 = EDGE_CURVE ( 'NONE', #8071, #4713, #8781, .T. ) ;
ENDSEC;
END-ISO-10303-21;
